sample_index,time_s,q_raw,q_ref,q_cmd,qdot_cmd,q_model,qdot_model,q_cmd_minus_model,q_raw_minus_model,qdot_cmd_minus_model,tau_model
0,0.0,-0.1778383255004882,-0.050411597059375264,-0.017777777777777778,-0.5333333333333333,-0.012663465014685665,0.8852071639839276,-0.005114312763092113,-0.16517486048580254,-1.4185404973172608,6.609429567337955
1,0.03333333333333333,0.0862903296947479,-0.01166088104034612,-0.017777777777777778,0.0,-0.01328672771070433,1.0075829656288402,-0.004491050067073447,0.09957705740545222,-1.0075829656288402,9.607246431628917
2,0.06666666666666667,0.0716520473361015,0.011955725578785253,0.0,0.5333333333333333,-0.0004944323036339127,0.20307332947444018,0.0004944323036339127,0.07214647963973542,0.33026000385889315,3.8884640512646076
3,0.1,0.1374940574169159,0.04754191197769289,0.035555555555555556,1.0666666666666667,0.031269480899901586,0.0512921443902532,0.0042860746556539694,0.10622457651701431,1.0153745222764134,5.294066017548241
4,0.13333333333333333,0.1732757687568664,0.08318352357538808,0.08318352357538808,1.4288390405949758,0.07961516413541508,1.0687275718521272,0.0035683594399729957,0.09366060462145132,0.3601114687428486,17.82600904047923
5,0.16666666666666666,0.1532170921564102,0.10303584747689107,0.11303371381744283,0.8955057072616425,0.108012939080897,-0.17292413635575588,0.00502077473654583,0.04520415307551319,1.0684298436173982,2.6265217318635337
6,0.2,0.1170045211911201,0.10699552910768594,0.1251061262817198,0.36217237392830914,0.11926830280501188,-0.9750966660822815,0.005837823476707915,-0.002263781613891777,1.3372690400105907,-7.687717774401689
7,0.23333333333333334,0.1738024950027465,0.12593321217450032,0.12593321217450032,0.02481257678341564,0.12067265950676588,-1.160075530121461,0.005260552667734439,0.05312983549598062,1.1848881069048764,-10.957469366104409
8,0.26666666666666666,0.114235870540142,0.12261738207163812,0.12261738207163812,-0.0994749030858659,0.11821898823511487,-1.0918371034155547,0.004398393836523254,-0.003983117694972865,0.9923622003296888,-10.883471117667959
9,0.3,0.1018489971756935,0.11673019522368559,0.11673019522368559,-0.1766156054385759,0.11359079940494098,-0.8655194530993384,0.003139395818744617,-0.011741802229247478,0.6889038476607625,-9.033005017475684
10,0.3333333333333333,0.1307291388511657,0.12069845742711878,0.12069845742711878,0.11904786610299561,0.1158540945846138,-1.1007847775316235,0.004844362842504973,0.014875044266551882,1.2198326436346192,-10.256789046507386
11,0.36666666666666664,0.1328376084566116,0.12413952666019595,0.12413952666019595,0.10323207699231521,0.11812535144367352,-1.3575518420094603,0.0060141752165224355,0.014712257012938088,1.4607839190017755,-12.72784769857517
12,0.4,0.1013219505548477,0.11767145826573007,0.11767145826573007,-0.19404205183397652,0.11332126753478491,-1.1425947450277996,0.004350190730945155,-0.01199931697993721,0.9485526931938231,-11.727384538297336
13,0.43333333333333335,0.1284535080194473,0.1207278317787445,0.1207278317787445,0.09169120539043271,0.11488433056323971,-1.353579586775208,0.005843501215504782,0.013569177456207587,1.4452707921656407,-12.796624312076553
14,0.4666666666666667,0.1080175787210464,0.11712487300220333,0.11712487300220333,-0.10808876329623504,0.11202523915371722,-1.2742285786856293,0.005099633848486107,-0.004007660432670812,1.1661398153893943,-12.700880952438915
15,0.5,0.0518446937203407,0.09861998613566565,0.09861998613566565,-0.5551466059961302,0.09831548979630954,-0.4293255916702152,0.000304496339356114,-0.04647079607596884,-0.12582101432591497,-6.205563293130408
16,0.5333333333333333,0.1300069242715835,0.10751720035415584,0.09789287704690576,-0.021813272662796868,0.09672871099016969,-0.356627868708581,0.0011641660567360684,0.03327821328141381,0.3348145960457841,-3.673559926988694
17,0.5666666666666667,0.1422003358602523,0.11734878332126067,0.11494354573592364,0.5115200606705365,0.1085605773388924,-1.2154541155555103,0.00638296839703123,0.03363975852135989,1.7269741762260469,-9.914859075293194
18,0.6,0.0431277826428413,0.09630945353104724,0.11421643664716374,-0.021813272662796868,0.10849555098005888,-1.3191180521872656,0.005720885667104866,-0.06536776833721758,1.2973047795244688,-12.710853060354456
19,0.6333333333333333,0.0270599108189344,0.07667937641508021,0.09571154978062607,-0.5551466059961302,0.0950454523596803,-0.4963617061245529,0.0006660974209457687,-0.0679855415407459,-0.05878489987157731,-6.811776584441093
20,0.6666666666666666,-0.0877032652497291,0.030082044417938297,0.05942888513631062,-1.0884799393294635,0.06361916881541897,-0.028802852308778437,-0.004190283679108349,-0.15132243406514806,-1.059677087020685,-5.026506577255009
21,0.7,-0.136779174208641,-0.01721788654219856,0.0053684427142174015,-1.6218132726627967,0.012089821575310002,-0.8527921002360875,-0.0067213788610926,-0.148868995783951,-0.7690211724267092,-17.357595171281364
22,0.7333333333333333,-0.0232875179499387,-0.018938437002650823,-0.030914221930098046,-1.0884799393294635,-0.02670319580858257,-0.5194962036041499,-0.004211026121515474,0.00341567785864387,-0.5689837357253136,-10.864379906151289
23,0.7666666666666666,-0.2006791830062866,-0.0704562480876433,-0.0704562480876433,-1.1862607847263575,-0.06666705933619815,-0.5974855039673446,-0.003789188751445141,-0.13401212367008844,-0.588775280759013,-11.792233636648472
24,0.8,-0.3798363208770752,-0.15815581185584923,-0.12777605202296632,-1.7195941180596908,-0.1196531622863326,-0.7539860607734892,-0.00812288973663372,-0.2601831585907426,-0.9656080572862016,-17.143262070293265
25,0.8333333333333334,-0.2708660066127777,-0.1901056230485687,-0.1901056230485687,-1.8698871307680716,-0.17839094340373107,-1.048533734087818,-0.011714679644837633,-0.09247506320904664,-0.8213533966802535,-22.86976553041189
26,0.8666666666666667,-0.3551959693431854,-0.236903567149623,-0.236903567149623,-1.4039383230316285,-0.22961620404786706,-0.8734171041368636,-0.007287363101755928,-0.12557976529531836,-0.5305212188947649,-17.40233556435844
27,0.9,-0.1470971852540969,-0.21144626977158842,-0.2659237334728995,-0.8706049896982951,-0.2607868870959764,-0.011777469448485567,-0.0051368463769230766,0.11368970184187951,-0.8588275202498096,-4.823952317548883
28,0.9333333333333333,-0.3648898601531982,-0.25494272323791567,-0.27716612201839824,-0.3372716563649618,-0.27206652548626953,0.7756483058866024,-0.005099596532128714,-0.09282333466692866,-1.1129199622515642,5.763676237420157
29,0.9666666666666667,-0.1679327934980392,-0.23027813248748621,-0.2706307327861192,0.1960616769683715,-0.2683469472891413,0.5846951067502197,-0.002283785496977886,0.10041415379110213,-0.3886334297818482,6.191799095477631
30,1.0,0.0103955091908574,-0.1620546907014927,-0.2463175657760624,0.7293950103017048,-0.25075031440233786,-0.5932983213171832,0.004432748626275462,0.26114582359319527,1.322693331618888,-3.0533011437669453
31,1.0333333333333332,-0.1793107837438583,-0.16694625278082884,-0.2042266209882278,1.2627283436350383,-0.2076920549534087,0.8036012043467275,0.0034654339651808974,0.02838127120955039,0.4591271392883107,14.244431830765166
32,1.0666666666666667,-0.0813670828938484,-0.14268723765078345,-0.14435789842261543,1.7960616769683715,-0.15357120037705038,0.6770202982991749,0.009213301954434955,0.07220411748320198,1.1190413786691966,16.976305570156676
33,1.1,-0.3052718341350555,-0.18877488013706936,-0.10226695363478082,1.2627283436350383,-0.10581649661993162,1.108811397343249,0.003549542985150797,-0.19945533751512387,0.1539169462917893,17.912960108083055
34,1.1333333333333333,-0.3663838803768158,-0.23912147066532982,-0.07795378662472399,0.729395010301705,-0.0830050435595076,-0.38704968956326535,0.005051256934783602,-0.2833788368173082,1.1164446998649704,-0.2793817797224034
35,1.1666666666666667,-0.0052393074147403,-0.17282320036851814,-0.07141839739244493,0.19606167696837162,-0.07630338464578375,-0.8899702880402975,0.0048849872533388156,0.07106407723104345,1.0860319650086692,-7.556246773743501
36,1.2,-0.3456526398658752,-0.22181493507710054,-0.08266078593794365,-0.3372716563649617,-0.0838467907374027,-0.441900027040513,0.001186004799459045,-0.2618058491284725,0.10462837067555131,-5.39476951700577
37,1.2333333333333334,-0.0322795026004314,-0.16808757443310907,-0.11168095226122016,-0.870604989698295,-0.10656789727650942,0.5510433280023261,-0.005113054984710735,0.07428839467607802,-1.4216483177006212,1.8720351330909843
38,1.2666666666666666,0.0807692185044288,-0.09754446548429531,-0.12292334080671888,-0.3372716563649617,-0.11617981819333262,1.2719983796336947,-0.00674352261338626,0.19694903669776143,-1.6092700359986565,10.794772170506668
39,1.3,-0.1604568809270858,-0.11537816543850044,-0.11638795157443982,0.19606167696837162,-0.11203859149590169,1.095759969396256,-0.004349360078538131,-0.048418289431184106,-0.8996982924278845,11.176267684080177
40,1.3333333333333333,0.026163637638092,-0.07525549602135598,-0.09207478456438299,0.729395010301705,-0.09424279307496189,-0.05065653841999629,0.0021680085105788977,0.12040643071305389,0.7800515487217012,2.2015814673964456
41,1.3666666666666667,0.0187454298138618,-0.04860917676999636,-0.04998383977654838,1.2627283436350383,-0.05344291483922678,0.6531719001083954,0.003459075062678396,0.07218834465308857,0.6095564435266428,12.45474541912116
42,1.4,0.0549612045288085,-0.019250216519851225,-0.019250216519851225,0.9220086977009148,-0.02415825804796086,-0.11384951324807968,0.004908041528109634,0.07911946257676936,1.0358582109489944,3.329343903275657
43,1.4333333333333333,0.0535343848168849,0.001381939031482586,0.001381939031482586,0.6189646665400144,-0.004815691392169786,-0.7760856729436525,0.006197630423652372,0.058350076209054684,1.3950503394836669,-4.549407263642694
44,1.4666666666666666,0.0628962442278862,0.018819318506471065,0.018819318506471065,0.5231213842496544,0.01221149754683269,-0.9303114772279706,0.006607820959638374,0.05068474668105351,1.453432861477625,-6.384261367702138
45,1.5,0.1247468441724777,0.04884645538117527,0.04884645538117527,0.9008141062411261,0.043839664855140716,0.042250198569513175,0.005006790526034553,0.08090717931733699,0.858563907671613,5.186492246253243
46,1.5333333333333332,0.1303680539131164,0.07195527607695433,0.07195527607695433,0.6932646208733718,0.06607255068879297,-0.5835633917573702,0.005882725388161356,0.06429550322432342,1.2768280126307419,-2.2589325963404967
47,1.5666666666666667,0.1779558509588241,0.10200312011714287,0.10200312011714287,0.9014353212056562,0.09700100071303842,-0.004357514774063542,0.005002119404104444,0.08095485024578568,0.9057928359797197,4.631991301964869
48,1.6,0.1385012418031692,0.11234919483799911,0.11427318637955362,0.36810198787232284,0.10888039855214371,-0.8351444070949432,0.0053927878274099145,0.029620843251025486,1.203246394967266,-6.245893426458032
49,1.6333333333333333,0.0663553029298782,0.09931136657719328,0.10876547486418661,-0.16523134546101048,0.1059028934611177,-0.7013607506491122,0.0028625814030689145,-0.039547590531239504,0.5361294051881017,-7.20296218329064
50,1.6666666666666667,0.1675899177789688,0.11866619800228101,0.11866619800228101,0.2970216941428319,0.11269962260454126,-1.2389094729335735,0.005966575397739746,0.05489029517442755,1.5359311670764053,-10.901613605425052
51,1.7,0.123136006295681,0.11993324870119751,0.11993324870119751,0.038011520967494994,0.11372381783095134,-1.4208008446332652,0.006209430870246169,0.00941218846472966,1.45881236560076,-13.52529339484542
52,1.7333333333333334,0.1216041296720504,0.12040689114019237,0.12040689114019237,0.014209273169845937,0.11380175803373715,-1.5527401001979488,0.006605133106455219,0.007802371638313252,1.5669493733677948,-14.938659598465266
53,1.7666666666666666,0.1870926469564438,0.1393102149448215,0.13865831135696502,0.5475426065031792,0.1321529416652527,-0.8421210516052275,0.006505369691712309,0.05493970529119108,1.3896636581084068,-5.335042884818899
54,1.8,0.0804089084267616,0.12261353878065553,0.13913195379595988,0.014209273169845882,0.13411665738181197,-1.0543619264801116,0.005015296414147913,-0.05370774895505037,1.0685711996499574,-9.855083049027295
55,1.8333333333333333,0.1074805334210395,0.11832380558428535,0.12182781845717697,-0.5191240601634874,0.12185472318654234,-0.2910904725568382,-2.690472936536792e-05,-0.014374189765502837,-0.22803358760664927,-4.655781438380707
56,1.8666666666666667,0.1340963244438171,0.12279482083434701,0.12230146089617183,0.014209273169845882,0.121320366177892,-0.2796528112417954,0.0009810947182798263,0.012775958265925105,0.2938620844116413,-2.7733681959030285
57,1.9,0.1395629793405532,0.12754806875019226,0.12754806875019226,0.15739823562061273,0.12485464402816517,-0.5516044014966827,0.0026934247220270907,0.014708335312388035,0.7090026371172954,-4.776975707400961
58,1.9333333333333333,0.0284280069172382,0.0994506347265598,0.1150168988264349,-0.3759350977127206,0.1160058588331676,0.017839085311375846,-0.0009889600067326948,-0.0875778519159294,-0.39377418302409645,-1.1654775885019824
59,1.9666666666666666,0.0985030829906463,0.09918203347781687,0.09918203347781687,-0.4750459604585408,0.10415558104737423,0.8477906518542508,-0.0049735475695573544,-0.00565249805672792,-1.3228366123127917,6.372057476574515
60,2.0,0.1004328057169914,0.09953658824522636,0.09953658824522636,0.010636643022284675,0.10376370126435094,0.9506611052931337,-0.0042271130191245815,-0.003330895547359547,-0.9400244622708491,9.094145584170777
61,2.033333333333333,0.0947938784956932,0.09819217852819728,0.09819217852819728,-0.04033229151087239,0.10293404497834818,1.0932915563653773,-0.0047418664501509,-0.008140166482654976,-1.1336238478762497,10.401294506191338
62,2.0666666666666664,0.0433809384703636,0.08265490814317775,0.08265490814317775,-0.466118111550586,0.08950045096783761,1.169678498902262,-0.006845542824659864,-0.04611951249747401,-1.6357966104528479,9.232056936891592
63,2.1,-0.0958868414163589,0.03204391238767315,0.049339859980380436,-0.9994514448839193,0.05392889587180417,-0.30491669516620434,-0.004589035891423732,-0.14981573728816308,-0.694534749717715,-8.311486157070298
64,2.1333333333333333,-0.0854835733771324,-0.0012714499736339174,-0.0012714499736339174,-1.5183392986204307,0.00395252207472754,-0.9581242120243675,-0.0052239720483614575,-0.08943609545185995,-0.5602150865960632,-17.586084829160548
65,2.1666666666666665,-0.256254494190216,-0.07355115934361398,-0.06793811664030058,-2.0,-0.05617684659814827,-1.2155242407450975,-0.011761270042152314,-0.20007764759206775,-0.7844757592549025,-25.174234522282344
66,2.2,-0.3075406849384308,-0.1398798635034375,-0.13460478330696724,-2.0,-0.12084600554448995,-1.7602990735610018,-0.01375877776247729,-0.18669467939394085,-0.2397009264389982,-32.692127215141824
67,2.2333333333333334,-0.3389959037303924,-0.19632302647030908,-0.19632302647030908,-1.8515472949002554,-0.18301769065269846,-1.46060221298502,-0.01330533581761062,-0.15597821307769394,-0.39094508191523536,-28.556310539193277
68,2.2666666666666666,-0.2961584627628326,-0.22462324675444467,-0.24026349185587315,-1.3182139615669222,-0.2335155331905658,-0.922755027866389,-0.006747958665307335,-0.06264292957226678,-0.3954589337005332,-17.50936090660248
69,2.3,-0.3594942986965179,-0.26285496708999856,-0.26642617946365943,-0.7848806282335888,-0.26092720269036834,0.23860797893846564,-0.005498976773291087,-0.09856709600614955,-1.0234886071720544,-1.845068403138463
70,2.3333333333333335,-0.2136500924825668,-0.24890692577164886,-0.27481108929366793,-0.2515472949002555,-0.2696643330213768,0.8705975384938953,-0.005146756272291109,0.05601424053881002,-1.1221448333941508,7.062114683955074
71,2.3666666666666667,-0.0981472954154014,-0.20617129093618342,-0.26541822134589865,0.2817860384330778,-0.2636602137259877,0.5284024708041032,-0.0017580076199109618,0.1655129183105863,-0.24661643237102537,5.995032601986203
72,2.4,-0.1515413969755172,-0.19068542649166048,-0.23824757562035162,0.8151193717664111,-0.24359439595083932,-0.7279103861325136,0.005346820330487695,0.09205299897532213,1.5430297578989247,-3.9762565958290095
73,2.433333333333333,-0.2637470960617065,-0.2113961222119723,-0.2113961222119723,0.8055436022513799,-0.21680351202775067,-0.2799581025759965,0.005407389815778374,-0.04694358403395582,1.0855017048273763,1.3531180164196681
74,2.466666666666667,-0.5281577110290527,-0.30118811465451434,-0.20232244658137075,0.27221026891804656,-0.20775489654278229,-0.9374025543436943,0.00543244996141154,-0.32040281448627045,1.209612823261741,-7.65826957621217
75,2.5,-0.0681991353631019,-0.2351430340440271,-0.21102654872854698,-0.26112306441528677,-0.21328454355798085,-0.6343217753736677,0.002257994829433868,0.14508540819487895,0.373198710958381,-6.943165574579193
76,2.533333333333333,-0.1186522245407104,-0.20212153694392354,-0.20212153694392354,0.2671503535387032,-0.20738118680134032,-1.1034532384289348,0.005259649857416782,0.08872896226062993,1.370603591967638,-9.732391311165806
77,2.5666666666666664,-0.1677699536085128,-0.19238393863611938,-0.19238393863611938,0.2921279492341247,-0.1999690059914932,-1.570760917147421,0.007585067355373815,0.0321990523829804,1.8628888663815457,-14.003811732389526
78,2.6,0.0103919832035899,-0.13490331382502524,-0.16486856255053745,0.8254612825674581,-0.17019774557399484,-0.08143716208860963,0.00532918302345739,0.18058972877758472,0.9068984446560677,3.714959889025565
79,2.6333333333333333,-0.1436159908771515,-0.13737308497038528,-0.13737308497038528,0.8248643274045651,-0.142698466255501,-0.2327723458782942,0.005325381285115727,-0.000917524621650484,1.0576366732828593,1.914496053847956
80,2.6666666666666665,0.011103494092822,-0.09528462369285076,-0.09528462369285076,1.2626538383260355,-0.09875288003171832,0.8627054638904363,0.003468256338867562,0.10985637412454033,0.39994837443559916,14.947606592566004
81,2.7,0.109927624464035,-0.03711337665361202,-0.03711337665361202,1.7451374111771623,-0.0454821305689966,0.7346796016588735,0.00836875391538458,0.15540975503303162,1.0104578095182888,17.10138190513694
82,2.7333333333333334,0.0625172778964042,-0.008871205581643386,0.003280092607848943,1.211804077843829,-0.0004124148468954529,0.9375829988778389,0.003692507454744396,0.06292969274329965,0.27422107896599013,15.838439050928233
83,2.7666666666666666,0.0659094601869583,0.012326771738201632,0.025895784091532134,0.6784707445104957,0.020777165715312036,-0.460149355594377,0.005118618376220099,0.04513229447164627,1.1386201001048728,-1.228315729002414
84,2.8,0.1396144032478332,0.04840882982240334,0.04840882982240334,0.6753913719261362,0.04244997166780498,-0.6208699484841345,0.005958858154598359,0.09716443158002822,1.2962613204102706,-2.7027758885579094
85,2.8333333333333335,0.160184845328331,0.08009383044715246,0.08009383044715246,0.9505500187424736,0.07529984307832889,0.12362711448067887,0.0047939873688235685,0.0848850022500021,0.8269229042617947,6.154649091524345
86,2.8666666666666667,0.1345761269330978,0.09553785562895363,0.09553785562895363,0.46332075545403517,0.08968479242191268,-0.8709097391150851,0.0058530632070409455,0.04489133451118513,1.3342304945691201,-6.211614983019622
87,2.9,0.109826311469078,0.09958818547987797,0.09958818547987797,0.12150989552773006,0.09370067834217556,-1.2291653273583132,0.005887507137702405,0.016125633126902433,1.3506752228860432,-11.228037470946823
88,2.933333333333333,0.1012248396873474,0.10005212570311323,0.10005212570311323,0.013918206697057789,0.09413159250146584,-1.3687174003164897,0.005920533201647385,0.007093247185881557,1.3826356070135475,-13.11346937825885
89,2.966666666666667,0.167362242937088,0.11913243642055266,0.11829384370412627,0.5472515400303911,0.11178916151010718,-0.8883222706549261,0.00650468219401909,0.055573081426980836,1.4355738106853173,-5.884707688184808
90,3.0,0.0735044628381729,0.10619833454798171,0.11875778392736153,0.013918206697057789,0.11360986284366921,-1.0946792922336472,0.005147921083692317,-0.04010540000549631,1.108597498930705,-10.264888206701508
91,3.033333333333333,0.108488842844963,0.10684762193304685,0.10684762193304685,-0.35730485982944027,0.10515534178265191,-0.6011446987799778,0.001692280150394937,0.0033335010623110894,0.2438398389505375,-7.065733399100359
92,3.0666666666666664,0.0244443099945783,0.08348886309346995,0.08348886309346995,-0.7007627651873071,0.08781752377315814,0.5572924624850129,-0.004328660679688193,-0.06337321377857985,-1.2580552276723198,2.7457339537674197
93,3.1,0.0555692017078399,0.07557451327126181,0.07557451327126181,-0.2374304946662441,0.08108885141776404,1.0772577386364448,-0.005514338146502221,-0.025519649709924132,-1.314688233302689,9.355447207655951
94,3.1333333333333333,0.2407299280166626,0.12239090224078286,0.08543794122683146,0.2959028386670892,0.08780339453555015,0.7038008513704452,-0.002365453308718693,0.15292653348111246,-0.407898012703356,7.7912025155563835
95,3.1666666666666665,0.1567939966917038,0.13214310233699156,0.11307914696017887,0.8292361720004225,0.1080689489469427,-0.650152971043797,0.0050101980132361695,0.048725047744761094,1.4793891430442194,-3.197390877238613
96,3.2,0.1029292419552803,0.12386188762150757,0.12386188762150757,0.3234822198398609,0.11699760443357567,-1.3321696310784417,0.006864283187931905,-0.014068362478295363,1.6556518509183027,-11.477382367496912
97,3.2333333333333334,0.0847562402486801,0.11277666101156864,0.11686685050505849,-0.2098511134934724,0.11242836300331778,-1.1313688702456517,0.004438487501740709,-0.02767212275463768,0.9215177567521793,-11.583807372205735
98,3.2666666666666666,0.0670114159584045,0.09980364697507882,0.09980364697507882,-0.5118961058993902,0.0997484539832999,-0.34573572771196903,5.5192991778918454e-05,-0.0327370380248954,-0.16616037818742113,-5.2450939484921335
99,3.3,0.0512281507253646,0.08603401471494451,0.08603401471494451,-0.4130889678040292,0.0889595949920861,0.37765173495798343,-0.0029255802771415845,-0.037731444266721495,-0.7907407027620126,2.005764237139262
100,3.3333333333333335,-0.2560707032680511,-0.010941961338218675,0.05448660467703243,-0.9464223011373625,0.059289585138197785,0.08818139629876653,-0.004802980461165354,-0.31536028840624886,-1.034603697436129,-3.6347224353992447
101,3.3666666666666667,0.0055078668519854,-0.00627895009985519,0.005161416861342569,-1.479755634470696,0.009863335771915513,-0.9954369995043331,-0.0047019189105729445,-0.004355468919930113,-0.48431863496636285,-17.66702487584786
102,3.4,-0.2461213618516922,-0.07426676422797003,-0.0615052498053241,-2.0,-0.04990349599971827,-1.1720198125960548,-0.011601753805605824,-0.19621786585197393,-0.8279801874039452,-24.573873413825556
103,3.433333333333333,-0.0336574800312519,-0.0627553036581898,-0.110394138694213,-1.4666666666666668,-0.10212735367667387,-0.8056861749543146,-0.008266785017539122,0.06846987364542198,-0.6609804917123522,-17.255411548747045
104,3.466666666666667,-0.3666870892047882,-0.14891044858205219,-0.14891044858205219,-1.1554892966351757,-0.14497933869573523,-0.7898613986904065,-0.0039311098863169525,-0.22170775050905298,-0.36562789794476924,-14.080966715997445
105,3.5,-0.5041006207466125,-0.24959574118261027,-0.20520453624766916,-1.688822629968509,-0.19751396716843322,-0.7846078079387439,-0.007690569079235932,-0.3065866535781793,-0.9042148220297651,-17.209687706451735
106,3.533333333333333,-0.4906125664710998,-0.3179164647768044,-0.2718712029143358,-2.0,-0.25935625044608296,-1.42107399331797,-0.012514952468252849,-0.23125631602501684,-0.5789260066820301,-28.010821107787983
107,3.5666666666666664,-0.4690168797969818,-0.36074870139433063,-0.33853786958100246,-2.0,-0.32454879996610553,-1.8231059424027127,-0.013989069614896932,-0.14446807983087628,-0.17689405759728727,-33.55886200515744
108,3.6,-0.5688895583152771,-0.41975011732175976,-0.4052045362476691,-2.0,-0.3907650419490754,-1.9459490379563866,-0.014439494298593702,-0.1781245163662017,-0.05405096204361337,-35.254096723798135
109,3.6333333333333333,0.0412668250501155,-0.28906624886432536,-0.454093425136558,-1.4666666666666668,-0.44424792800833657,-0.7202912064153297,-0.009845497128221414,0.48551475305845204,-0.746375460251337,-17.0701701554548
110,3.6666666666666665,0.0339807271957397,-0.19749254593747825,-0.48520453624766907,-0.9333333333333335,-0.4803266024150057,-0.33869558272472067,-0.004877933832663384,0.5143073296107454,-0.5946377506086128,-8.713360089613035
111,3.6999999999999997,0.1335892379283905,-0.10364122657212849,-0.49853786958100244,-0.40000000000000013,-0.4938925105832059,0.5794411766712573,-0.004645358997796556,0.6274817485115964,-0.9794411766712574,3.5290070208671214
112,3.7333333333333334,0.0628230199217796,-0.05645382478217867,-0.494093425136558,0.1333333333333332,-0.4919522887969097,0.49540141425841033,-0.0021411363396482974,0.5547753087186893,-0.36206808092507714,5.063143042090229
113,3.7666666666666666,0.0732596218585968,-0.01968412406196133,-0.4718712029143358,0.6666666666666665,-0.4760174014479187,-0.5743815761579412,0.00414619853358289,0.5492770233065155,1.2410482428246077,-3.1222878563097503
114,3.8,0.1094240844249725,0.01691401059199578,-0.43187120291433584,1.1999999999999997,-0.43560192754224614,0.6275669776180377,0.003730724627910298,0.5450260119672187,0.572433022381962,12.150118723649719
115,3.8333333333333335,-0.1928629428148269,-0.04255118746205952,-0.3740934251365581,1.733333333333333,-0.3824120698648254,0.740166174922768,0.008318644728267321,0.1895491270499985,0.9931671584105649,17.113283548678645
116,3.8666666666666667,0.1614181101322174,0.01526772201017492,-0.3074267584698914,2.0,-0.320133622942015,1.4734136307372525,0.012706864472123547,0.4815517330742324,0.5265863692627475,28.733108104174082
117,3.9,0.1672284305095672,0.05834382489277609,-0.24076009180322477,2.0,-0.2548078011970822,1.8390986093919377,0.01404770939385741,0.4220362317066494,0.1609013906080623,33.77956080960874
118,3.933333333333333,0.1533487141132354,0.08527473632918203,-0.17409342513655812,2.0,-0.18855083714538975,1.9508356862030933,0.014457412008831633,0.34189955125862515,0.04916431379690667,35.32153246960269
119,3.966666666666667,0.0313758961856365,0.06999610275209835,-0.10742675846989146,2.0,-0.1220093573888541,1.9849775707842794,0.014582598918962644,0.1533852535744906,0.015022429215720612,35.792690476823054
120,4.0,0.1495031416416168,0.09253385886626891,-0.04076009180322479,2.0,-0.0553809422780608,1.995409813295197,0.014620850474836009,0.2048840839196776,0.004590186704803045,35.93665542347372
121,4.033333333333333,0.1261451542377472,0.10206160871513913,0.025906574863441875,2.0,0.011274036413200114,1.99859744295131,0.014632538450241761,0.11487111782454708,0.0014025570486899674,35.98064471272808
122,4.066666666666666,0.049674142152071,0.08721140222614676,0.08721140222614676,1.8391448208811465,0.0737279583874117,1.4944706369053895,0.013483443838735065,-0.024053816235340697,0.344674183975757,29.023694789294375
123,4.1,-0.0291562173515558,0.05422482561280756,0.13073845181107385,1.305811487547813,0.124097476729085,0.9314587559560705,0.0066409750819888536,-0.1532536940806408,0.37435273159174254,17.528241301381623
124,4.133333333333333,0.1200471296906471,0.07288338788476625,0.15648772361822316,0.7724781542144797,0.15093643562066153,-0.27675586018279175,0.0055512879975616325,-0.030889305930014432,1.0492340143972716,1.3912157110605228
125,4.166666666666667,0.0728928372263908,0.0728860664772525,0.16445921764759472,0.2391448208811464,0.15930002304793606,-0.8860300867638948,0.005159194599658662,-0.08640718582154526,1.1251749076450412,-7.2671560678369715
126,4.2,0.1699610948562622,0.10040379754786259,0.1546529338991885,-0.2941885124521869,0.15296393945251544,-0.5220038316892043,0.0016889944466730589,0.016997155403746772,0.22781531923701737,-5.983590673490289
127,4.233333333333333,0.0307546202093362,0.08066043652809678,0.1270688723730045,-0.8275218457855202,0.13236327486648755,0.6922845878108457,-0.005294402493483064,-0.10160865465715135,-1.519806433596366,3.5524096101430107
128,4.266666666666667,0.1124744638800621,0.089678717166928,0.089678717166928,-1.1217046561822945,0.09374479654978754,-0.5078702698216735,-0.004066079382859536,0.018729667330274563,-0.613834386360621,-10.72606393228887
129,4.3,0.1057206317782402,0.09422609767768385,0.0700663397386293,-0.5883713228489612,0.07572099119278979,0.7068231191499263,-0.005654651454160484,0.02999964058545042,-1.2951944419988877,4.081811028663713
130,4.333333333333333,0.0699502825736999,0.0873446641854045,0.06823174008810837,-0.05503798951562788,0.07292659792833511,0.965085082335045,-0.004694857840226746,-0.0029763153546352172,-1.0201230718506729,8.86995479315003
131,4.366666666666666,0.1167843863368034,0.09568990364073333,0.08417491821536521,0.47829534381770544,0.08415885103726284,0.2658427156174067,1.606717810237468e-05,0.032625535299540556,0.21245262820029875,4.2570786273486885
132,4.4,0.0596781745553016,0.08548170599291424,0.08548170599291424,0.039203633326470866,0.08588047472263192,0.16916445390902335,-0.00039876872971768285,-0.026202300167330328,-0.12996082058255248,1.888960861400032
133,4.433333333333334,-0.2552351653575897,-0.011100858994211968,0.06901071599268549,-0.49412970000686246,0.07439333704204389,0.9872038328555419,-0.0053826210493583965,-0.3296285023996336,-1.4813335328624044,7.769264714230738
134,4.466666666666667,-0.2037651985883712,-0.06571516683813469,0.03476194821467896,-1.0274630333401957,0.03922805066410988,-0.27785540000467546,-0.004466102449430916,-0.24299324925248106,-0.7496076333355203,-7.98953271537024
135,4.5,-0.2056827992200851,-0.10539160815153582,-0.017264597341105345,-1.5607963666735292,-0.01140358271013079,-0.9136805189645453,-0.005861014630974555,-0.1942792165099543,-0.6471158477089839,-17.489676202676932
136,4.533333333333333,-0.2764106392860412,-0.1538701487741744,-0.08393126400777201,-2.0,-0.07197534206537681,-1.2686111226295225,-0.011955921942395198,-0.2044352972206644,-0.7313888773704775,-25.906833492287408
137,4.566666666666666,-0.3429161012172699,-0.20745875715454845,-0.15059793067443866,-2.0,-0.1367796759424427,-1.776520065247909,-0.013818254731995966,-0.2061364252748272,-0.22347993475209105,-32.91597690042114
138,4.6,-0.500207781791687,-0.29044393949923963,-0.21726459734110531,-2.0,-0.20287729647895358,-1.9317144643813062,-0.01438730086215173,-0.29733048531273343,-0.06828553561869377,-35.057659608462025
139,4.633333333333333,-0.4792442321777344,-0.34396291102809756,-0.28393126400777197,-2.0,-0.2693700879391837,-1.9791349752276195,-0.014561176068588255,-0.20987414423855066,-0.020865024772380503,-35.71206265814115
140,4.666666666666667,-0.5270070433616638,-0.3958501913278515,-0.3505979306744386,-2.0,-0.3359836260705503,-1.9936245757639968,-0.014614304603888295,-0.1910234172911135,-0.006375424236003235,-35.912019145543155
141,4.7,-0.301300436258316,-0.36904829617272106,-0.3994868195633275,-1.4666666666666668,-0.3895440707143365,-0.7150307111171099,-0.00994274884899099,0.08824363445602051,-0.7516359555495569,-17.058758927192475
142,4.733333333333333,-0.1639959663152694,-0.3109223809642382,-0.4305979306744386,-0.9333333333333335,-0.4257197237798877,-0.3451552681384895,-0.004878206894550874,0.2617237574646183,-0.588178065194844,-8.790212211392463
143,4.766666666666667,-0.3769492208957672,-0.3296389227465829,-0.44393126400777194,-0.40000000000000013,-0.4393047729078507,0.5737443983254178,-0.004626491099921248,0.06235555201208348,-0.9737443983254179,3.471263424394811
144,4.8,-0.2203750163316726,-0.29866602639356016,-0.4394868195633275,0.1333333333333332,-0.43736939052457496,0.4895357492835609,-0.0021174290387525607,0.21699437419290235,-0.3562024159502277,5.005934603484157
145,4.833333333333333,-0.2933846414089203,-0.29716891911360904,-0.4172645973411053,0.6666666666666665,-0.4214367890660514,-0.5806096601693329,0.004172191724946095,0.12805214765713113,1.2472763268359994,-3.1825999284793376
146,4.866666666666666,-0.449033111333847,-0.34021766265305003,-0.37726459734110535,1.1999999999999997,-0.380995394952299,0.6292935058252273,0.003730797611193659,-0.06803771638154799,0.5707064941747725,12.170659562333856
147,4.9,-0.0474752821028232,-0.2572343636989682,-0.3194868195633276,1.733333333333333,-0.3278055048941777,0.7401639786665529,0.008318685330850117,0.2803302227913545,0.99316935466678,17.11327878449205
148,4.933333333333334,0.0097789214923977,-0.18154445768638466,-0.25282015289666093,2.0,-0.2655270297751292,1.4734170142858187,0.012706876878468276,0.2753059512675269,0.5265829857141813,28.733154797144298
149,4.966666666666667,0.0152665385976433,-0.12575470250508441,-0.18615348622999428,2.0,-0.20020119941467923,1.8390996432539988,0.014047713184684951,0.21546773801232252,0.16090035674600123,33.77957507690518
150,5.0,0.0851096957921981,-0.06598124787310725,-0.11948681956332761,2.0,-0.13394423273046765,1.9508360021053894,0.01445741316714004,0.21905392852266575,0.04916399789461057,35.321536829054374
151,5.033333333333333,0.1109046414494514,-0.015839636648851782,-0.05282015289666095,2.0,-0.06740275216955116,1.9849776673099802,0.014582599272890212,0.17830739361900255,0.015022332690019846,35.79269180887773
152,5.066666666666666,0.0974601432681083,0.016277303476487003,0.013846513770005717,2.0,-0.0007743368129748303,1.9954098427891607,0.014620850582980547,0.09823448008108313,0.00459015721083933,35.936655830490416
153,5.1,0.1297896802425384,0.04845450815201384,0.0627354026588946,1.4666666666666668,0.052789012103942545,0.7148337256351688,0.009946390554952056,0.07700066813859585,0.751832941031498,17.05833162022398
154,5.133333333333333,0.1809699088335037,0.08601847511198496,0.09384651377000572,0.9333333333333335,0.08896829665032882,0.3453971587157679,0.0048782171196768975,0.09200161218317487,0.5879361746175655,8.793090030188813
155,5.166666666666667,0.2032726109027862,0.11925635131440634,0.11925635131440634,0.7622951263320188,0.11366681609755883,-0.41932913988251985,0.005589535216847519,0.08960579480522737,1.1816242662145386,-0.30500606324123636
156,5.2,0.1933816224336624,0.1402685447719444,0.1402685447719444,0.6303658037261415,0.13411736477552902,-0.7022837108429938,0.0061511799964153735,0.05926425765813337,1.3326495145691353,-3.671371103115423
157,5.233333333333333,0.2327929437160492,0.16649631488057764,0.16649631488057764,0.7868331032589976,0.16100729618212295,-0.2733606140992024,0.005489018698454695,0.07178564753392624,1.0601937173582,1.4316096077866618
158,5.266666666666667,0.2475318610668182,0.18946735495492842,0.18946735495492842,0.6891312022305233,0.18356574150660146,-0.5618780857483314,0.005901613448326959,0.06396611956021675,1.2510092879788548,-2.000938333233151
159,5.3,0.198566734790802,0.1920467442315948,0.1946606172515014,0.15579786889718994,0.18933382673392254,-1.0151042220445716,0.005326790517578867,0.009232908056879457,1.1709020909417616,-8.902172044741587
160,5.333333333333333,0.2185834944248199,0.19956908203049906,0.19956908203049906,0.14725394336992936,0.19320593173173084,-1.3761465174266405,0.0063631502987682165,0.02537756269308905,1.5234004607965699,-12.664962855982768
161,5.366666666666666,0.212222158908844,0.20315583315041258,0.20315583315041258,0.10760253359740568,0.19572939194776068,-1.6750581156475537,0.007426441202651901,0.016492766961083316,1.7826606492449595,-15.746819013058808
162,5.4,0.2453671991825103,0.21512143375842138,0.21512143375842138,0.3589680182402641,0.20781381979717495,-1.2595455796811414,0.007307613961246434,0.037553379385335345,1.6185135979214056,-10.301222909162917
163,5.433333333333334,0.2546380758285522,0.22632316449656603,0.22632316449656603,0.3360519221443395,0.2189186735124752,-1.324794375847059,0.007404490984090822,0.03571940231607698,1.6608462979913985,-11.077500406858853
164,5.466666666666667,0.2146669626235962,0.22301899622794794,0.22301899622794794,-0.09912504805854289,0.21734056958600637,-1.332424835062596,0.00567842664194157,-0.0026736069624101744,1.2332997870040532,-13.06763462600437
165,5.5,0.2203213721513748,0.22225430426639714,0.22225430426639714,-0.022940758846523857,0.21646133485423297,-1.389587284027264,0.005792969412164173,0.0038600372971418218,1.3666465251807403,-13.5124048320655
166,5.533333333333333,0.1400712579488754,0.19895798383371568,0.20371183452706856,-0.5562740921798572,0.20282295405546838,-0.5599432875255189,0.0008888804716001841,-0.06275169610659298,0.00366919534566168,-7.4524203717512
167,5.566666666666666,0.1879938691854477,0.19585000062365243,0.19585000062365243,-0.23585501710248397,0.19613864675187845,-0.14254449128184127,-0.00028864612822601665,-0.008144777566430755,-0.0933105258206427,-2.3826197642418387
168,5.6,0.1653287708759308,0.1871981876273895,0.1871981876273895,-0.25955438988788826,0.18937532123832604,0.31753804730619783,-0.002177133610936549,-0.024046550362395253,-0.5770924371940861,2.0353080586666206
169,5.633333333333333,0.116983063519001,0.16729439841848587,0.16729439841848587,-0.5971136762671087,0.1735770534989236,1.0121691193034246,-0.006282655080437738,-0.05659398997992261,-1.6092827955705333,7.358137504758211
170,5.666666666666667,0.0469302721321582,0.13317493728616964,0.13317493728616964,-1.023583833969487,0.13766002250000048,-0.3279286204333749,-0.004485085213830842,-0.09072975036784228,-0.695655213536112,-8.585263465055267
171,5.7,0.0280401669442653,0.10337252172422437,0.10337252172422437,-0.8940724668583581,0.10840195027166152,0.11562029369967819,-0.005029428547437154,-0.08036178332739623,-1.0096927605580364,-3.308276587114903
172,5.733333333333333,0.1028166115283966,0.10321493858957441,0.09134788394005688,-0.36073913352502474,0.09700689139095761,0.9224562104068643,-0.005659007450900727,0.005809720137438995,-1.283195343931889,7.159762303812377
173,5.766666666666667,0.0704252794384956,0.09392009688328594,0.09392009688328594,0.07716638829687161,0.09798202117350366,0.9364166778437186,-0.004061924290217719,-0.027556741735008064,-0.859250289546847,9.163578465968369
174,5.8,0.0981994047760963,0.09513314668331213,0.09513314668331213,0.03639149400078576,0.09903635562034481,0.9460834179775786,-0.003903208937032679,-0.0008369508442485074,-0.9096919239767928,9.268623437195552
175,5.833333333333333,0.0965824723243713,0.09554398512333498,0.09554398512333498,0.012325153200685446,0.09964765654237571,0.9875798950715415,-0.004103671419040736,-0.0030651842180044186,-0.9752547418708561,9.6012172608493
176,5.866666666666666,0.1849806457757949,0.12089647810514453,0.11373260134113561,0.5456584865340188,0.11291795981913166,0.14787550701332067,0.0008146415220039449,0.07206268595666324,0.3977829795206982,3.4292332510542107
177,5.9,0.2955392599105835,0.17040223858128,0.14969899533671402,1.078991819867352,0.14546430521678447,0.10340944411232778,0.004234690119929552,0.15007495469379903,0.9755823757550243,5.914115572363685
178,5.933333333333334,0.2925402522087097,0.20502454123336816,0.20344316711007018,1.6123251532006853,0.1968547309922276,0.8622145995786372,0.006588436117842572,0.0956855212164821,0.750110553622048,17.37803474677827
179,5.966666666666667,0.2573648393154144,0.21986137693486302,0.2394095611056486,1.078991819867352,0.2351586594139586,0.48691830583437695,0.0042509016916899844,0.022206179901455764,0.5920735140329751,10.47679438048725
180,6.0,0.2962021827697754,0.24150160511462646,0.2575981773234492,0.5456584865340187,0.2522232277046428,-0.6625873783346936,0.005374949618806413,0.04397895506513261,1.2082458648687124,-3.8008517616321544
181,6.033333333333333,0.2931818962097168,0.25615134950051677,0.258009015763472,0.01232515320068539,0.2539570976900577,-0.8427779524266183,0.004051918073414318,0.0392247985196591,0.8551031056273037,-7.85259769465245
182,6.066666666666666,0.3072977066040039,0.2706497403175672,0.2706497403175672,0.3792217366228562,0.2634375180804979,-1.4329968234288128,0.007212222237069299,0.04386018852350598,1.8122185600516691,-12.364805770160135
183,6.1,0.4041626751422882,0.30849647697377797,0.3010682426494402,0.9125550699561895,0.29610956056233423,0.11178204516304746,0.004958682087105981,0.10805311457995398,0.800773024793142,6.013726019985313
184,6.133333333333333,0.2214771211147308,0.28382921421370083,0.3137089672035354,0.3792217366228562,0.3085666589061279,-0.7490478530898361,0.005142308297407527,-0.08708953779139708,1.1282695897126924,-5.329616565707196
185,6.166666666666667,0.3007252812385559,0.2886187201896939,0.30857191397985284,-0.15411159671047714,0.3059481695632472,-0.6326952719187451,0.0026237444166056223,-0.0052228883246913105,0.47858367520826794,-6.487567006069309
186,6.2,0.2384162843227386,0.2743879014884847,0.2856570829783925,-0.6874449300438105,0.28942086457405336,0.46627616355449075,-0.0037637815956608756,-0.05100458025131477,-1.153721093598301,1.991876329387626
187,6.233333333333333,0.1471921950578689,0.238331901285957,0.24496447419915435,-1.2207782633771438,0.24860598315943602,-0.6541712520988526,-0.0036415089602816753,-0.10141378810156712,-0.5666070112782912,-12.466634902269584
188,6.266666666666667,0.2224469780921936,0.23382902292658486,0.222049643197694,-0.6874449300438105,0.2279532224461892,0.6888144986490712,-0.0059035792484952165,-0.005506244353995604,-1.3762594286928818,3.511125290897728
189,6.3,0.2018781453371048,0.22477194953027765,0.21691258997401142,-0.15411159671047714,0.22259668670451963,1.1245732135763404,-0.005684096730508209,-0.020718541367414828,-1.2786848102868176,10.018379656950056
190,6.333333333333333,0.2306853383779525,0.22644821011699562,0.22644821011699562,0.2860686042895261,0.22910969806641127,0.7694162904275534,-0.0026614879494156474,0.0015756403115412265,-0.48334768613802737,8.392519959088343
191,6.366666666666666,0.1310493350028991,0.19940561601566792,0.21820605248220204,-0.24726472904380725,0.22382095839605987,1.20761170981779,-0.005614905913857826,-0.09277162339316078,-1.4548764388615973,10.828154828667424
192,6.4,-0.4341101348400116,0.019823736389746632,0.19218611706963068,-0.7805980623771406,0.19770007922841004,0.32458668370667554,-0.005513962158779362,-0.6318102140684216,-1.105184746083816,-0.8221631893336858
193,6.433333333333334,-0.3816729485988617,-0.09398800271294236,0.14838840387928154,-1.313931395710474,0.1516396690062956,-1.0035725153859771,-0.003251265127014069,-0.5333126176051572,-0.31035888032449677,-16.623529041229997
194,6.466666666666667,0.0475517362356185,-0.05386591841146582,0.08681291291115464,-1.8472647290438071,0.09675781722338751,-0.625404835594058,-0.009944904312232869,-0.04920608098776901,-1.221859893449749,-16.864339720288644
195,6.5,0.1008932590484619,-0.009996537200221735,0.020146246244487978,-2.0,0.03335002336726767,-1.6089352627343825,-0.013203777122779689,0.06754323568119423,-0.3910647372656175,-30.60330662573448
196,6.533333333333333,-0.0536321960389614,-0.022365880223488517,-0.028742642644400913,-1.4666666666666668,-0.01958460854377356,-0.7574771399467684,-0.009158034100627353,-0.03404758749518784,-0.7091895267198984,-17.150835026653755
197,6.566666666666666,-0.3241969347000122,-0.10792553366407989,-0.09540930931106759,-2.0,-0.08244596475294513,-1.5433627451005891,-0.012963344558122453,-0.24175096994706707,-0.45663725489941087,-29.69840588238813
198,6.6,-0.8190962672233582,-0.3095201694644054,-0.16207597597773427,-2.0,-0.14794989766871053,-1.860471949891849,-0.014126078309023737,-0.6711463695546476,-0.13952805010815106,-34.074512908507515
199,6.633333333333333,-0.4537926316261291,-0.3504168952336818,-0.22874264264440092,-2.0,-0.21426128457815735,-1.9573664291336201,-0.014481358066243566,-0.23953134704797174,-0.042633570866379866,-35.41165672204396
200,6.666666666666667,-0.5118935108184814,-0.396190459826485,-0.29540930931106757,-2.0,-0.28081939354122903,-1.986973075568606,-0.014589915769838535,-0.2310741172772524,-0.013026924431394082,-35.82022844284676
201,6.7,-0.61708003282547,-0.45880573759242255,-0.3620759759777342,-2.0,-0.3474528897984639,-1.9960195508681868,-0.014623086179270328,-0.2696271430270061,-0.0039804491318131685,-35.94506980198098
202,6.733333333333333,-0.4873854219913482,-0.46690718327320074,-0.4287426426444009,-2.0,-0.41410942106224863,-1.9987837516541698,-0.014633221582152245,-0.07327600092909958,-0.0012162483458302287,-35.98321577282754
203,6.766666666666667,-0.622205376625061,-0.5109293586129109,-0.4954093093110675,-2.0,-0.4807729908002569,-1.9996283685609961,-0.014636318510810598,-0.1414323858248041,-0.0003716314390038722,-35.99487148614175
204,6.8,-0.3965756893157959,-0.4785136738461794,-0.5442981981999564,-1.4666666666666668,-0.5343432024166359,-0.7143682555847247,-0.009954995783320486,0.13776751310084,-0.7522984110819421,-17.057321908268367
205,6.833333333333333,-0.4848130643367767,-0.4802993538127329,-0.5754093093110675,-0.9333333333333335,-0.5705310680297626,-0.3459687379920332,-0.004878241281304874,0.08571800369298593,-0.5873645953413003,-8.799890218949146
206,6.866666666666666,-0.6905569434165955,-0.5399007971796539,-0.5887426426444008,-0.40000000000000013,-0.5841185275837351,0.5730270015560925,-0.004624115060665734,-0.1064384158328604,-0.9730270015560927,3.4639917583682287
207,6.8999999999999995,-0.5756798386573792,-0.5500430351762707,-0.5842981981999563,0.1333333333333332,-0.5821837546277323,0.4887970845773897,-0.002114443572224012,0.006503915970353158,-0.3554637512440565,4.998730330025875
208,6.933333333333334,-0.5994940996170044,-0.5640608636040166,-0.5640608636040166,0.6071200378781905,-0.5676653160014961,-0.4825606474084625,0.0036044523974794185,-0.03182878361550834,1.089680685286653,-2.4522527015333475
209,6.966666666666667,-0.5470765233039856,-0.559246334918398,-0.559246334918398,0.14443586056855806,-0.5633816023844895,-0.8249641069847511,0.004135267466091497,0.016305079080503937,0.9693999675533091,-7.295742799448111
210,7.0,-0.3498779535293579,-0.4998969542387598,-0.5366540284550017,0.6777691939018914,-0.5426000387905513,-0.6802350225123153,0.005946010335549645,0.1927220852611934,1.3580042164142068,-3.409053610524537
211,7.033333333333333,-0.4963868260383606,-0.49890194279807465,-0.49890194279807465,1.13256256970781,-0.5029237922093001,0.5783275261751182,0.004021849411225409,0.006536966170939462,0.5542350435326919,11.564307484208083
212,7.066666666666666,-0.4932692945003509,-0.4973052633671201,-0.4789276349189254,0.5992292363744768,-0.4844631491287903,-0.6606292196583561,0.005535514209864867,-0.008806145371560603,1.2598584560328328,-3.5710211576265376
213,7.1,-0.4039552807807922,-0.4708434661454141,-0.4708434661454141,0.2425250632053394,-0.4771564866223751,-1.2301972843182591,0.006313020476960973,0.0732012058415829,1.4727223475235984,-10.74066718268872
214,7.133333333333333,-0.5108526945114136,-0.482184829675278,-0.4805370751496806,-0.29080827012799393,-0.48369589897306053,-0.8825983663299486,0.0031588238233799526,-0.02715679553835304,0.5917900962019547,-9.486274579055385
215,7.166666666666667,-0.4269316792488098,-0.46652229153721775,-0.47245290637616927,0.2425250632053394,-0.47853867176198045,-1.321677116134863,0.0060857653858111815,0.051606992513170635,1.5642021793402026,-11.946299108364531
216,7.2,-0.4573515951633453,-0.4639226862549904,-0.4639226862549904,0.2559066036353663,-0.4716637250367607,-1.6065457302212582,0.007741038781770293,0.014312129873415402,1.8624523338566246,-14.429550547215127
217,7.233333333333333,-0.3795514106750488,-0.4400060713411267,-0.4400060713411267,0.7174984474159113,-0.4457936733992205,-0.3412941424022107,0.00578760205809381,0.06624226272417172,1.0587925898181219,0.6233913346614908
218,7.266666666666667,-0.600620687007904,-0.4855352859468826,-0.43386723420504075,0.18416511408257796,-0.43877613254049364,-0.862222136656646,0.004908898335452883,-0.16184455446741042,1.046387250739224,-7.241339355844248
219,7.3,-0.627723217010498,-0.52584111241771,-0.4455061748467326,-0.34916821925075536,-0.44650546094225135,-0.39868508946564885,0.0009992860955187477,-0.1812177560682467,0.04951687021489348,-5.006774650764388
220,7.333333333333333,-0.5215296149253845,-0.5246189378740961,-0.47492289326620224,-0.8825015525840887,-0.4698597795387839,0.5088654845641225,-0.005063113727418356,-0.05166983538660064,-1.3913670371482112,1.3702372044493232
221,7.366666666666666,-0.5012932419776917,-0.5180068334283879,-0.5180068334283879,-1.292518204865571,-0.5146659988849343,-0.9200316765979577,-0.0033408345434536857,0.0133727569072426,-0.3724865282676133,-15.629627588628848
222,7.3999999999999995,-0.7944530844688416,-0.5963706899076145,-0.5788685513683514,-1.8258515381989042,-0.5692296021694987,-0.64699038591651,-0.009638949198852664,-0.22522348229934286,-1.1788611522823942,-16.911163760218933
223,7.433333333333334,0.0103532718494534,-0.4243834436248601,-0.621952491530537,-1.292518204865571,-0.6176711841356208,-1.0622231362108505,-0.004281307394916167,0.6280244559850743,-0.2302950686547205,-17.811899418549704
224,7.466666666666667,-0.3491320312023163,-0.40305202436797033,-0.647258653914945,-0.7591848715322377,-0.6416576009118597,0.46676183579658037,-0.005601053003085221,0.29252556970954346,-1.2259467073288182,0.869321984097599
225,7.5,-0.2778168618679046,-0.36755177698399816,-0.6547870385215752,-0.22585153819890436,-0.6491789576479144,1.0340779282793577,-0.005608080873660715,0.37136209578000984,-1.259929466478262,8.819902254626252
226,7.533333333333333,-0.2505452334880829,-0.33438408544492015,-0.6445376453504276,0.30748179513442897,-0.6423753515573888,0.6505511097100992,-0.002162293793038783,0.3918301180693059,-0.34306931457567025,7.29195080579067
227,7.566666666666666,-0.2358244657516479,-0.30644551922012253,-0.6165104744015022,0.8408151284677623,-0.6217471575281496,-0.6904508694978542,0.005236683126647379,0.3859226917765017,1.5312659979656165,-3.5305935101207586
228,7.6,-0.1454249173402786,-0.26080122023462354,-0.570705525674799,1.3741484618010955,-0.5738940380809947,1.1021362461929796,0.003188512406195665,0.4284691207407161,0.27201221560811595,17.898480164818597
229,7.633333333333333,-0.1640419214963913,-0.23337298863149764,-0.5071227991703181,1.9074817951344287,-0.5175991505671358,0.7553865016630474,0.010476351396817685,0.3535572290707445,1.1520952934713813,18.824333722950055
230,7.666666666666667,-0.3830567002296448,-0.2758036341866753,-0.44045613250365145,2.0,-0.4538222962356098,1.6532225197831114,0.01336616373195837,0.07076559600596505,0.3467774802168886,31.214470773006937
231,7.7,-0.4871583878993988,-0.3357160892256206,-0.3737894658369848,2.0,-0.3880386277824584,1.894040214378173,0.014249161945473598,-0.0991197601169404,0.10595978562182706,34.53775495841879
232,7.733333333333333,-0.0835663676261901,-0.2642395381046461,-0.30712279917031815,2.0,-0.32164176612547696,1.9676233988377754,0.014518966955158807,0.23807539849928686,0.03237660116222463,35.5532029039613
233,7.766666666666667,-0.0326575897634029,-0.19859330671358547,-0.2404561325036515,2.0,-0.2550575398784363,1.9901071496448763,0.014601407374784825,0.22239995011503344,0.009892850355123661,35.863478665099294
234,7.8,-0.2951607406139374,-0.22596715064257045,-0.1915672436147626,1.4666666666666668,-0.20150281738490824,0.7154188221780958,0.009935573770145645,-0.09365792322902913,0.751247844488571,17.059600829647874
235,7.833333333333333,-0.2140841037034988,-0.22259867890036167,-0.16045613250365148,0.9333333333333335,-0.1653343192521262,0.34467868271878754,0.0048781867484747055,-0.048749784451372624,0.5886546506145459,8.784542182843513
236,7.866666666666666,-0.0978076159954071,-0.18722431984659038,-0.14712279917031815,0.40000000000000013,-0.15175068231403901,-0.5741646976627643,0.004627883143720868,0.05394306631863191,0.9741646976627645,-3.4755236560310045
237,7.8999999999999995,-0.3860450685024261,-0.24358377689879818,-0.1515672436147626,-0.1333333333333332,-0.15368642174085043,-0.48996850881050014,0.002119178126087834,-0.23235864676157567,0.35663517547716694,-5.0101553520155315
238,7.933333333333334,0.0123548926785588,-0.1710331776602168,-0.1710331776602168,-0.5839780213636264,-0.16765583291082353,0.44290657218201046,-0.003377344749393274,0.18001072558938233,-1.026884593545637,2.153416241595536
239,7.966666666666667,-0.1597283035516739,-0.16782859981253984,-0.17272133392789324,-0.050644688030293095,-0.16968590644038345,0.6242447573255374,-0.0030354274875097897,0.00995760288870956,-0.6748894453558305,5.703705057011584
240,8.0,0.0897197052836418,-0.09482171930298336,-0.1566317124177919,0.48268864530304023,-0.15830456251921823,-0.1157637510581323,0.001672850101426343,0.24802426780286002,0.5984523963611725,0.6053410584948019
241,8.033333333333333,-0.4590322077274322,-0.19806398913194195,-0.15831986868546832,-0.050644688030293095,-0.15879289900474478,-0.09193405103190605,0.0004730303192764518,-0.30023930872268745,0.041289363001612955,-0.9589779436702887
242,8.066666666666666,0.0037077078595757,-0.14086803062245395,-0.14223024717536698,0.48268864530304023,-0.14730383587116624,-0.903232356235659,0.005073588695799269,0.15101154373074194,1.3859210015386991,-6.960460865942549
243,8.1,-0.2415317296981811,-0.16940303747224478,-0.1439184034430434,-0.050644688030293095,-0.14796167297149826,-0.9376608967552671,0.0040432695284548514,-0.09357005672668284,0.887016208724974,-9.127608651816534
244,8.133333333333333,-0.0230951067060232,-0.12792932008528318,-0.12792932008528318,0.47967250073280676,-0.13471540333560386,-1.1821560536993707,0.006786083250320679,0.11162029662958066,1.6618285544321774,-9.380504810023748
245,8.166666666666666,-0.2238125801086425,-0.15510922214201744,-0.12971801450530074,-0.053660832600526565,-0.13518482373004778,-1.2545873990331868,0.0054668092247470434,-0.08862775637859471,1.2009265664326603,-12.150637203636794
246,8.2,0.0125506212934851,-0.10758290605395185,-0.11372893114754051,0.47967250073280676,-0.12051901139074987,-1.0876012371953947,0.006790080243209359,0.13306963268423497,1.5672737379282013,-8.255567942772476
247,8.233333333333333,0.1004112064838409,-0.04862308756449595,-0.0799620700120025,1.01300583406614,-0.08449345211180678,0.3351576186017111,0.004531382099804276,0.1849046585956477,0.677848215464429,8.671268248878322
248,8.266666666666666,0.0514919236302375,-0.020243616549234445,-0.028417431098686725,1.5463391673994735,-0.034074552934047486,0.9281094470737172,0.005657121835360761,0.08556647656428498,0.6182297203257563,17.520975877498373
249,8.3,0.0868942737579345,0.010126620804027861,0.010126620804027861,1.1563215570814376,0.006206368759941296,0.6186045422820257,0.003920252044086565,0.0806879049979932,0.5377170147994119,12.043490903908653
250,8.333333333333334,0.0386689640581607,0.018217481439429944,0.03089289492896467,0.6229882237481043,0.025285399341034805,-0.6599932198386942,0.005607495587929865,0.013383564717125894,1.2829814435867983,-3.471445965104992
251,8.366666666666667,0.0177518166601657,0.018085480054739964,0.033881391276123704,0.08965489041477093,0.02900953811904777,-0.9790774955944832,0.0048718531570759345,-0.01125772145888207,1.0687323860092541,-8.864175320251125
252,8.4,0.0016951346769928,0.013439330331267024,0.019092109845504957,-0.4436784429185624,0.018669669721168135,-0.3434607183104972,0.0004224401243368217,-0.016974535044175336,-0.10021772460806522,-4.869559236539651
253,8.433333333333334,-0.2449360638856887,-0.059802004047393956,-0.013474949362891567,-0.9770117762518957,-0.008811130755636935,0.23400320950845943,-0.004663818607254632,-0.23612493313005176,-1.2110149857603552,-1.8998522321228786
254,8.466666666666667,-0.0832157284021377,-0.06643906180481972,-0.06381978634906586,-1.510345109585229,-0.05868703590495641,-0.9649386072635485,-0.005132750444109456,-0.024528692497181294,-0.5454065023216804,-17.60086682498708
255,8.5,-0.2776353359222412,-0.12630659284058393,-0.12630659284058393,-1.874604194745542,-0.11547176504124829,-0.8141674963550265,-0.010834827799335645,-0.16216357088099292,-1.0604366983905156,-19.635511449699365
256,8.533333333333333,-0.217980071902275,-0.15229315380534267,-0.17101562155432423,-1.3412708614122089,-0.1652589779902317,-0.970954252155907,-0.005756643564092528,-0.0527210939120433,-0.37031660925630183,-17.613916146984362
257,8.566666666666666,-0.3879965841770172,-0.21910769630606336,-0.21910769630606336,-1.4427622425521738,-0.21448988228908739,-1.0086864910341347,-0.004617814016975974,-0.17350670188792983,-0.4340757515180391,-17.695766080550957
258,8.6,-0.1515106558799743,-0.1999460518473893,-0.2494219932800247,-0.9094289092188405,-0.24445733447887477,0.06836895569798895,-0.004964658801149935,0.09294667859890046,-0.9777978649168294,-3.870434857950493
259,8.633333333333333,-0.2235420942306518,-0.20663479105741805,-0.26195851247620827,-0.3760955758855071,-0.2563149571426361,0.9033325200146936,-0.005643555333572192,0.03277286291198428,-1.2794280959002007,6.905728093136501
260,8.666666666666666,-0.1668113023042678,-0.1953460788921831,-0.2567172538946141,0.1572377574478262,-0.2534850329930027,0.7859357828809346,-0.0032322209016114045,0.08667373068873488,-0.6286980254331084,7.99498372080038
261,8.7,0.1499499976634979,-0.0974654526069317,-0.23369821753524211,0.6905710907811595,-0.23681692776707466,-0.30923523853196444,0.00311871023183255,0.38676692543057256,0.999806329313124,-0.45854200907190124
262,8.733333333333333,0.1717721372842788,-0.02114502585619865,-0.19290140339809236,1.223904424114493,-0.19652783988332415,0.619148486872496,0.003626436485231782,0.36829997716760293,0.6047559372419969,12.049962317488484
263,8.766666666666666,0.186263620853424,0.03764883140224203,-0.13432681148316483,1.7572377574478262,-0.1429846153022713,0.716198680589459,0.008657803819106469,0.3292482361556953,1.0410390768583673,17.06129252250945
264,8.8,0.165303885936737,0.07383504240976678,-0.06766014481649817,2.0,-0.08047064123304479,1.5016768883071825,0.012810496416546621,0.2457745271697818,0.4983231116928175,29.123141058639117
265,8.833333333333334,0.1888094097375869,0.10642667563379168,-0.0009934781498315004,2.0,-0.015072852860040393,1.8477346047605283,0.014079374710208892,0.2038822625976273,0.1522653952394717,33.89873754569529
266,8.866666666666667,0.1597213447093963,0.12153404563005693,0.06567318851683517,2.0,0.05120610099467392,1.9534744625657172,0.014467087522161248,0.10851524371472239,0.04652553743428278,35.3579475834069
267,8.9,0.0367320477962493,0.09749533444338312,0.11456207740572405,1.4666666666666668,0.10470122941778644,0.7194608547801932,0.009860847987937613,-0.06796918162153714,0.7472058118864736,17.06836893113856
268,8.933333333333334,0.1462448686361313,0.11131430101113969,0.14567318851683517,0.9333333333333335,0.14079521158226369,0.3397152225193999,0.004877976934571482,0.0054496570538676015,0.5936181108139336,8.725490940676593
269,8.966666666666667,0.0594843588769435,0.09662213524132275,0.1590065218501685,0.40000000000000013,0.154364141087113,-0.5785419592123835,0.004642380763055509,-0.09487978221016949,0.9785419592123836,-3.519892386782044
270,9.0,0.1517663747072219,0.1122538005321263,0.15456207740572406,-0.1333333333333332,0.15242468318444058,-0.494475538608509,0.0021373942212834784,-0.0006583084772186776,0.3611422052751758,-5.054112880889178
271,9.033333333333333,0.0614710226655006,0.09785847304485153,0.13233985518350183,-0.6666666666666665,0.1364901566556347,0.5753646584438208,-0.004150301472132856,-0.07501913399013409,-1.2420313251104873,3.1318079157158416
272,9.066666666666666,0.0432287119328975,0.08237264625877895,0.09233985518350184,-1.1999999999999997,0.09607059133157997,-0.6278395043362828,-0.0037307361480781315,-0.05284187939868247,-0.572160495663717,-12.153361026516986
273,9.1,-0.0483162738382816,0.045326429356338425,0.045326429356338425,-1.4104027748149024,0.04827951617252559,-1.1063444674728329,-0.002953086816187167,-0.09659579001080719,-0.3040583073420695,-17.907608767902605
274,9.133333333333333,-0.0372735820710659,0.021911912370422088,0.01609078130695279,-0.8770694414815691,0.021188035600161085,0.2599355552120881,-0.005097254293208293,-0.058461617671226984,-1.137004996693657,-1.5913301196074325
275,9.166666666666666,-0.1880015879869461,-0.037591992468749495,-0.03092264452021062,-1.4104027748149024,-0.0272093265445799,-1.0652223936610459,-0.0037133179756307193,-0.1607922614423662,-0.3451803811538565,-17.818405500095498
276,9.2,0.0393733829259872,-0.015774718374407158,-0.060158292569596254,-0.8770694414815691,-0.05505890371101829,0.20943923398618747,-0.005099388858577962,0.0944322866370055,-1.0865086754677566,-2.1920945809840746
277,9.233333333333333,-0.0860285311937332,-0.03568947462149584,-0.07161616284120412,-0.34373610814823574,-0.06581882709757356,0.980230138655956,-0.005797335743630561,-0.020209704096159645,-1.3239662468041917,7.812016601664634
278,9.266666666666666,-0.2956420183181762,-0.1093778814962036,-0.10085181089058975,-0.8770694414815691,-0.09574657055894063,0.07101392827992248,-0.005105240331649122,-0.19989544775923557,-0.9480833697614915,-3.8389671096083307
279,9.3,-0.3218968510627746,-0.16962035527744826,-0.14786523671775317,-1.4104027748149024,-0.14414747589203308,-1.064982073059816,-0.00371776082572009,-0.17774937517074152,-0.3454207017550863,-17.81788418925282
280,9.333333333333334,-0.1820376962423324,-0.17314028264692236,-0.1771008847671388,-0.8770694414815691,-0.17200148343399463,0.20914412955316863,-0.005099401333144182,-0.010036212808337774,-1.0862135710347376,-2.1956054952734396
281,9.366666666666667,-0.1241719722747802,-0.1592592998823153,-0.18855875503874667,-0.34373610814823574,-0.18276228125664334,0.9799698868888633,-0.005796473782103323,0.05859030898186314,-1.323705995037099,7.809378641732215
282,9.4,-0.086163192987442,-0.13853884225866736,-0.18223884753257674,0.18959722518509758,-0.17903532640173345,0.8066913812186658,-0.0032035211308432954,0.09287213341429144,-0.6170941560335682,8.33038783315796
283,9.433333333333334,-0.1526488661766052,-0.14253859224645768,-0.15814116224862904,0.7229305585184309,-0.16151984460333346,-0.34586550504158753,0.0033786823547044265,0.008870978426728265,1.0687960635600184,-0.683177056922179
284,9.466666666666667,0.0001928750280058,-0.10207869027828542,-0.11626569918690356,1.2562638918517641,-0.11975559593035118,0.7174079879112767,0.0034898967434476152,0.11994847095835698,0.5388559039404874,13.218974530331085
285,9.5,-0.1661666482686996,-0.12024561973783018,-0.09216801390295587,0.7229305585184308,-0.09792063651589616,-0.6100690118130869,0.005752622612940295,-0.06824601175280343,1.3329995703315176,-2.574275064259902
286,9.533333333333333,-0.309451699256897,-0.17387961913057146,-0.08584810639678596,0.18959722518509747,-0.09158541581871846,-1.1072296453100854,0.005737309421932499,-0.21786628343817852,1.2968268704951829,-9.70348831666368
287,9.566666666666666,-0.2323456108570099,-0.19045289718126865,-0.09730597666839381,-0.34373610814823585,-0.09938322387881207,-0.6607182288645305,0.0020772472104182566,-0.13296238697819782,0.3169821207162946,-7.54008921176551
288,9.6,0.0334400460124015,-0.12698625800238192,-0.12654162471777947,-0.8770694414815692,-0.12145849451916747,0.594062037303354,-0.005083130198611993,0.15489854053156898,-1.4711314787849232,2.3838370048894078
289,9.633333333333333,0.036132875829935,-0.08074709091459636,-0.13799949498938732,-0.34373610814823585,-0.13107872624419867,1.3194279040121184,-0.006920768745188655,0.16721160207413366,-1.6631640121603541,11.250187739451064
290,9.666666666666666,0.085828348994255,-0.03352816927303975,-0.1316795874832174,0.18959722518509747,-0.12706340241060562,1.1562129670330974,-0.004616185072611773,0.2128917514048606,-0.9666157418479999,11.739308095275879
291,9.7,0.0136556765064597,-0.020153026347836594,-0.1075819021992697,0.7229305585184308,-0.10941170961743975,0.02525180383659531,0.001829807418170043,0.12306738612389945,0.6976787546818355,2.910681644325695
292,9.733333333333333,0.1367246061563491,0.024316870538411636,-0.06570643913754423,1.2562638918517641,-0.0691919869737412,0.614528113333086,0.0034855478361969644,0.2059165931300903,0.6417357785186781,11.994992843408479
293,9.766666666666666,0.1250342279672622,0.05286708785123914,-0.00605319829804099,1.7895972251850973,-0.015170281815698225,0.6837452153675194,0.009117083517657235,0.14020450978296045,1.105852009817578,16.990893467181845
294,9.8,0.0877532884478569,0.06275623341342226,0.060613468368625675,2.0,0.04766263648863299,1.5399501965197453,0.012950831879992686,0.040090651959223914,0.4600498034802547,29.651312711972484
295,9.833333333333334,0.2398803681135177,0.11296537974260994,0.11296537974260994,1.570557341219528,0.1022218988786167,0.6472848118098007,0.010743480863993238,0.137658469234901,0.9232725294097273,16.911802437925882
296,9.866666666666667,0.154861107468605,0.12484150677365512,0.14753951333881643,1.0372240078861945,0.14309976505255156,0.6583666259650542,0.004439748286264866,0.01176134241605345,0.37885738192114027,12.516548073364302
297,9.9,0.0935514420270919,0.11597175312788556,0.16433586915724513,0.5038906745528612,0.15979505505825256,-0.4500619037717768,0.004540814098992568,-0.06624361303116066,0.953952578324638,-1.810372469926346
298,9.933333333333334,0.1727832555770874,0.13207603527149478,0.16335444719789605,-0.029442658780472142,0.16063565916019426,-0.5488902927235639,0.002718788037701786,0.012147596416893142,0.5194476339430918,-5.157914575254306
299,9.966666666666667,0.1040407940745353,0.12412892219164497,0.14459524746076918,-0.5627759921138055,0.1473744765045003,0.3292321956046057,-0.002779229043731124,-0.043333682429965006,-0.8920081877184112,1.165939701542594
300,10.0,0.0721800774335861,0.10940305125087235,0.10940305125087235,-1.055765886296905,0.1137417825120794,-0.17577041767893253,-0.0043387312612070544,-0.0415617050784933,-0.8799954686179725,-6.77500801470527
301,10.033333333333333,0.1172729581594467,0.1116339234481522,0.0919886328187533,-0.5224325529635717,0.09808703392871965,0.9028862936350228,-0.006098401109966345,0.019185924230727056,-1.4253188465985946,6.327605065897153
302,10.066666666666666,0.0516397431492805,0.09462745178563126,0.09235199216441202,0.010900780369761609,0.09715441142028912,1.0484610398818406,-0.0048024192558770995,-0.04551466827100862,-1.037560259512079,9.954086955322795
303,10.1,0.0569041445851326,0.08393407533268356,0.08393407533268356,-0.25253750495185384,0.09121082792589227,1.5572744369753355,-0.007276752593208716,-0.034306683340759675,-1.8098119419271894,14.095894522866125
304,10.133333333333333,0.0814430713653564,0.08322795370270984,0.08322795370270984,-0.021183648899211482,0.09069549296158774,1.7319386254606481,-0.0074675392588779005,-0.009252421596231339,-1.7531222743598596,16.59795908525132
305,10.166666666666666,0.0412215813994407,0.07132046239835266,0.07132046239835266,-0.35722473913071556,0.07863558678853753,1.2611789526000505,-0.007315124390184877,-0.03741400538909683,-1.618403691730766,10.320655461436694
306,10.2,-0.1479518115520477,0.009163638274127618,0.04163519331621769,-0.8905580724640489,0.046687476154835254,-0.06356141545069027,-0.0050522828386175625,-0.19463928770688296,-0.8269966570133587,-5.440035898940845
307,10.233333333333333,-0.0125429397448897,0.0030105030511489847,0.0030105030511489855,-1.1587407079520613,0.006918794737895807,-0.5844845504802871,-0.003908291686746821,-0.019461734482785507,-0.5742561574717742,-11.637558788473022
308,10.266666666666666,-0.1777898222208023,-0.04824072820152365,-0.04824072820152365,-1.537536937580179,-0.043076499527111886,-0.9568409107212171,-0.005164228674411762,-0.1347133226936904,-0.5806960268589619,-17.58330105248756
309,10.3,-0.1451077759265899,-0.0756995032687344,-0.0817141816764185,-1.0042036042468458,-0.0771500253342632,-0.20513393823453974,-0.004564156342155304,-0.06795775059232671,-0.7990696660123061,-7.1243514754257955
310,10.333333333333334,-0.1060080528259277,-0.08429102809012134,-0.09740985737353558,-0.4708702709135125,-0.09180875227791892,0.801284250160246,-0.0056011050956166625,-0.01419930054800879,-1.2721545210737584,5.499857720542895
311,10.366666666666667,-0.1094739064574241,-0.09142958561688033,-0.09532775529287489,0.0624630624198208,-0.09150207426832202,0.8511834345583478,-0.003825681024552871,-0.017971832189102074,-0.788720372138527,8.241899476926669
312,10.4,-0.1756741851568222,-0.11531029183970361,-0.11102343098999198,-0.4708702709135125,-0.10420061939792255,1.2186396269396655,-0.006822811592069433,-0.07147356575889965,-1.6895098978531782,9.814556909160801
313,10.433333333333334,-0.3398266434669494,-0.17895364779023326,-0.14449688446488684,-1.0042036042468458,-0.139928071179097,-0.315300872001283,-0.004568813285789841,-0.1998985722878524,-0.6889027322455629,-8.435028709314002
314,10.466666666666667,-0.3957879245281219,-0.24041937603980285,-0.19574811571755948,-1.537536937580179,-0.19021642093750726,-0.9369641033426073,-0.005531694780052221,-0.20557150359061463,-0.6005728342375718,-17.540183670327806
315,10.5,-0.2975099980831146,-0.2566027798489476,-0.2566027798489476,-1.825639923941643,-0.24599692357510664,-0.6936603165119273,-0.010605856273840947,-0.05151307450800799,-1.1319796074297157,-17.972512367864596
316,10.533333333333333,-0.3264878690242767,-0.276413014487912,-0.2996796662025579,-1.2923065906083098,-0.29486395815893274,-1.0333663499665806,-0.004815708043625189,-0.03162391086534394,-0.25894024064172916,-17.749302389927518
317,10.566666666666666,-0.3688992261886596,-0.302629959708718,-0.3249787747783905,-0.7589732572749764,-0.3193753236202973,0.4317953451957297,-0.005603451158093187,-0.04952390256836231,-1.190768602470706,0.4533189093770482
318,10.6,-0.5198948383331299,-0.36421775011072477,-0.36421775011072477,-1.1771692599700285,-0.3603860852497456,-0.667218705849763,-0.0038316648609791892,-0.1595087530833843,-0.5099505541202656,-12.621862973042035
319,10.633333333333333,-0.1316372603178024,-0.29828846348301885,-0.38567894766528127,-0.6438359266366952,-0.3800470579691366,0.6477302131439897,-0.005631889696144643,0.24840979765133422,-1.2915661397806848,3.265428705894731
320,10.666666666666666,0.0593339242041111,-0.19691371393587587,-0.38936236744206,-0.11050259330336187,-0.3843175863533647,1.0039167073297361,-0.0050447810886952715,0.4436515105574758,-1.114419300633098,9.020766647609227
321,10.7,0.0041026594117283,-0.13993186602982063,-0.3752680094410609,0.42283074002997145,-0.37450875222072083,0.4076319085700795,-0.0007592572203400927,0.37861141163244916,0.015198831459891926,5.407175997572598
322,10.733333333333333,0.1497469991445541,-0.05781697776436863,-0.3433958736622841,0.9561640733633048,-0.3481471830470756,-0.30855447890109167,0.004751309384791513,0.49789418219162973,1.2647185522643964,1.0129014183943565
323,10.766666666666666,0.1437273323535919,-0.0006854763139205744,-0.29374596010572945,1.4894974066966382,-0.2985809947435656,0.9859454889793198,0.004835034637836133,0.4423083270971575,0.5035519177173184,17.646435599170506
324,10.8,0.1359566152095794,0.03804827829070231,-0.2270792934390628,2.0,-0.23872172149466572,1.1831127898679865,0.011642428055602921,0.3746783367042451,0.8168872101320135,24.726956500178215
325,10.833333333333334,0.151781752705574,0.07028815722697546,-0.16041262677239615,2.0,-0.17413509170565003,1.7503955746818858,0.01372246493325388,0.32591684441122404,0.24960442531811422,32.55545893061002
326,10.866666666666667,0.0731937810778617,0.07111181061195172,-0.09374596010572948,2.0,-0.10810399186271004,1.9237319811528,0.014358031756980555,0.18129777294057176,0.07626801884720003,34.94750133990864
327,10.9,0.1219954416155815,0.08553572680579756,-0.027079293439062818,2.0,-0.041631526169959854,1.9766958831300232,0.014552232730897036,0.16362696778554137,0.0233041168699768,35.67840318719432
328,10.933333333333334,0.1338057965040207,0.09921878020166472,0.03958737322760385,2.0,0.024975801310232332,1.9928792976230625,0.014611571917371516,0.10882999519378836,0.0071207023769375155,35.90173430719826
329,10.966666666666667,0.1951223462820053,0.12640443838975887,0.10625403989427051,2.0,0.09162433655880957,1.9978242298292697,0.014629703335460945,0.10349800972319574,0.00217577017073034,35.96997437164392
330,11.0,0.0994733795523643,0.11877032643626247,0.1551429287831594,1.4666666666666668,0.14519161320155738,0.7145673233614527,0.009951315581602033,-0.045718233649193085,0.7520993433052141,17.05775373221484
331,11.033333333333333,0.0539652407169342,0.10040011371925123,0.18625403989427053,0.9333333333333335,0.18137580894617947,0.34572429043705144,0.004878230948091061,-0.12741056822924526,0.587609042896282,8.79698197929649
332,11.066666666666666,0.1844699084758758,0.12423126825924212,0.19958737322760386,0.40000000000000013,0.1949625441675391,-0.5732425791653311,0.004624829060064756,-0.01049263569166331,0.9732425791653312,-3.46617689279344
333,11.1,0.0559608303010463,0.10487873668467892,0.19514292878315942,-0.1333333333333332,0.19302758807874276,-0.48901905319809913,0.0021153407044166572,-0.13706675777769645,0.35568571986476594,-5.000895212995637
334,11.133333333333333,0.1594498306512832,0.12034793317194684,0.1729207065609372,-0.6666666666666665,0.17709518798028007,0.5811582811087175,-0.004174481419342874,-0.017645357328996858,-1.247824947775384,3.187912712576237
335,11.166666666666666,0.0553342886269092,0.1019186005579435,0.13292070656093719,-1.1999999999999997,0.13665151060109962,-0.6294455926508394,-0.003730804040162433,-0.08131722197419042,-0.5705544073491603,-12.172468968596597
336,11.2,0.034547921270132,0.082821122394474,0.082821122394474,-1.5029875249938953,0.08731256356049175,-1.0013583746370316,-0.00449144116601774,-0.052764642290359744,-0.5016291503568637,-17.679869704981872
337,11.233333333333333,0.0676419287919998,0.07851829627743392,0.05049931600578861,-0.969654191660562,0.05520814279493814,-0.07397313170232445,-0.00470882678914953,0.012433785997061665,-0.8956810599582375,-5.563906092928582
338,11.266666666666666,0.0442948825657367,0.06881703004488811,0.035955287394880985,-0.43632085832722867,0.041663750234241674,0.8662273421215603,-0.0057084628393606895,0.002631132331495027,-1.302548200448789,6.293556911717015
339,11.3,0.0341992825269699,0.05900398252509638,0.03918903656175114,0.09701247500610466,0.042913825829634586,0.8559624818758524,-0.0037247892678834438,-0.008714543302664683,-0.7589500068697478,8.430481625672614
340,11.333333333333334,-0.1886206567287445,-0.011189849433828114,0.02464500795084352,-0.43632085832722867,0.03161409575001255,1.3118137879258747,-0.006969087799169028,-0.22023475247875707,-1.7481346462531033,10.923067851743866
341,11.366666666666667,-0.0419839844107627,-0.0199190225177536,-0.007676798437841879,-0.969654191660562,-0.0029610149505411394,-0.2385441818595564,-0.00471578348730074,-0.03902296946022156,-0.7311100098010056,-7.5218395800751
342,11.4,-0.2330518066883087,-0.08033549352034028,-0.05777638260430506,-1.5029875249938953,-0.05273697061931608,-0.9717177894222211,-0.00503941198498898,-0.18031483606899262,-0.5312697355716742,-17.615572435515894
343,11.433333333333334,-0.1848867982625961,-0.1099725148534279,-0.1099725148534279,-1.5658839674736855,-0.10370802091764311,-0.8906591971569481,-0.006264493935784793,-0.08117877734495299,-0.6752247703167374,-17.43973764306353
344,11.466666666666667,-0.4544833600521087,-0.20763055263501412,-0.17663918152009456,-2.0,-0.1645599742345629,-1.3022343980303748,-0.012079207285531662,-0.28992338581754584,-0.6977656019696252,-26.370834692819173
345,11.5,-0.5427636504173279,-0.3026302926467127,-0.2433058481867612,-2.0,-0.22944992293325134,-1.786793843842614,-0.013855925253509871,-0.31331372748407654,-0.21320615615738592,-33.057755045028074
346,11.533333333333333,-0.3152073621749878,-0.3061954980627152,-0.3061954980627152,-1.8866894962786191,-0.2926086541411478,-1.5790477449475742,-0.013586843921567393,-0.02259870803384001,-0.307641751331045,-30.190858880276522
347,11.566666666666666,-0.2626437842845917,-0.29384995083576504,-0.35130737016089136,-1.353356162945286,-0.34381890526155606,-0.8744351413983951,-0.007488464899335301,0.08117512097696439,-0.47892102154689087,-17.404543922110356
348,11.6,-0.5067101716995239,-0.3541891586749885,-0.37864146448128977,-0.8200228296119526,-0.37328948264057144,0.10146546378143584,-0.005351981840718334,-0.1334206890589525,-0.9214882933933884,-3.4766793254781283
349,11.633333333333333,0.0070267068222165,-0.2517957706825414,-0.3881977810239104,-0.2866894962786193,-0.3831711231181638,0.801249558056641,-0.005026657905746579,0.3901978299403803,-1.0879390543352603,6.221443164247928
350,11.666666666666666,-0.0532231144607067,-0.1955066400674564,-0.37997631978875324,0.24664383705471404,-0.3781293833209992,0.5201532587244131,-0.0018469364677540234,0.3249062688602925,-0.27350942166969905,5.770169668971655
351,11.7,-0.3050442636013031,-0.2265571266534576,-0.35397708077581835,0.7799771703880474,-0.3592459839043292,-0.7535343267157093,0.00526890312851086,0.05420172030302611,1.5335114971037567,-4.4016633157429155
352,11.733333333333333,0.0609237365424633,-0.1450653031281941,-0.3102000639851057,1.3133105037213806,-0.31345327487879404,0.9857411127379587,0.003253210893688352,0.37437701142125734,0.32756939098342186,16.411385408835397
353,11.766666666666666,0.0986799523234367,-0.07597115501146337,-0.24864526941661524,1.8466438370547138,-0.2585809399507671,0.6260503266207804,0.009935670534151841,0.35726089227420377,1.2205935104339334,16.865739939285078
354,11.8,0.0309762582182884,-0.045654911945702245,-0.1819786027499486,2.0,-0.19517955844053686,1.6081657812276289,0.013200955690588267,0.22615581665882525,0.3918342187723711,30.59268778094128
355,11.833333333333334,0.0772525072097778,-0.010814506916940365,-0.11531193608328193,2.0,-0.12951061779389245,1.8802728775973323,0.01419868171061052,0.20676312500367025,0.1197271224026677,34.347765710843184
356,11.866666666666667,0.146582618355751,0.03380264990356257,-0.04864526941661526,2.0,-0.0631488118555659,1.9634167125991866,0.014503542438950634,0.2097314302113169,0.0365832874008134,35.495150633868775
357,11.9,0.2075859308242797,0.08306476879034527,0.018021397250051405,2.0,0.003424702921885729,1.9888217732941955,0.014596694328165676,0.20416122790239397,0.011178226705804484,35.8457404714599
358,11.933333333333334,0.2347541153430938,0.12606394905757118,0.08468806391671807,2.0,0.07006290651129224,1.9965844307287826,0.014625157405425832,0.16469120883180155,0.0034155692712174446,35.9528651440572
359,11.966666666666667,0.0157736763358116,0.09480010999267463,0.13357695280560697,1.4666666666666668,0.12362816624835317,0.7147041221819534,0.0099487865572538,-0.10785448991254157,0.7519625444847133,17.058050480425464
360,12.0,0.2098900973796844,0.1274245178833494,0.16468806391671809,0.9333333333333335,0.15980984006958274,0.34555630675960025,0.004878223847135349,0.050080257310101656,0.5877770265737332,8.794983445125007
361,12.033333333333333,0.1817664206027984,0.14282874582815824,0.17802139725005142,0.40000000000000013,0.17339607753159267,-0.5733907234966491,0.0046253197184587536,0.008370343071205738,0.9733907234966492,-3.467678511071001
362,12.066666666666666,0.1333517879247665,0.14014232499153642,0.17357695280560698,-0.1333333333333332,0.17146099559445172,-0.4891715894146581,0.0021159572111552616,-0.0381092076696852,0.3558382560813249,-5.002382914529502
363,12.1,0.0603037662804126,0.11751059338801657,0.15135473058338475,-0.6666666666666665,0.1555285360515637,0.5809963202098944,-0.004173805468178943,-0.0952247697711511,-1.247662986876561,3.1863443012637664
364,12.133333333333333,0.0750560387969017,0.10547605643789973,0.11135473058338476,-1.1999999999999997,0.11508553272562189,-0.6294006944028733,-0.00373080214223713,-0.04002949392872018,-0.5705993055971265,-12.171934805491222
365,12.166666666666666,-0.0463164672255516,0.0624476286903241,0.0624476286903241,-1.4672130567918196,0.0663446679141951,-1.0419239519206176,-0.003897039223871003,-0.11266113513974671,-0.425289104871202,-17.767865803397026
366,12.2,0.0811649560928344,0.067753404958675,0.03131830457504123,-0.9338797234584862,0.03617721861814263,0.055047278485402806,-0.004858914043101403,0.04498773747469177,-0.988927001943889,-4.028925418073665
367,12.233333333333333,0.0413943119347095,0.06028142740470793,0.01796675823753613,-0.4005463901251529,0.023766549585625126,0.9274841338986812,-0.005799791348088997,0.017627762349084374,-1.3280305240238341,7.054692959188355
368,12.266666666666666,0.155495598912239,0.08727166381675022,0.02239298967780881,0.1327869432081804,0.025988386134567557,0.8547443763611304,-0.003595396456758746,0.12950721277767144,-0.72195743315295,8.565606960726146
369,12.3,-0.0250248312950134,0.05543912352026171,0.04459699889585927,0.6661202765415137,0.042049140546337696,-0.19184544745685772,0.0025478583495215715,-0.0670739718413511,0.8579657239983715,0.5799528805325298
370,12.333333333333334,0.0890902355313301,0.06497816013977388,0.06497816013977388,0.6114348373174384,0.05875521487456826,-0.951700712666598,0.006222945265205622,0.030335020656761837,1.5631355499840365,-6.638733222197442
371,12.366666666666667,0.0142635647207498,0.05060216024156261,0.06758154360591072,0.07810150398410509,0.0617362424866867,-1.244809833231963,0.005845301119224017,-0.0474726777659369,1.3229113372160681,-11.535058509899324
372,12.4,-0.0686568692326545,0.01679595945426445,0.052407149294269775,-0.45523182934922823,0.05095512423834534,-0.6020062288093744,0.0014520250559244344,-0.11961199347099985,0.14677439946014614,-7.425626944961189
373,12.433333333333334,-0.1313455402851104,-0.025197517326489477,0.019454977204851058,-0.9885651626825616,0.024066895199428045,0.27347400770328445,-0.004611917994576987,-0.15541243548453842,-1.262039170385846,-1.4302605422344359
374,12.466666666666667,-0.2017907947301864,-0.07525618223359472,-0.031274972662345434,-1.5218984960158948,-0.025979133808205303,-0.953399771656173,-0.005295838854140131,-0.1758116609219811,-0.5684987243597218,-17.57583642774647
375,12.5,-0.136672705411911,-0.09266584356806654,-0.09266584356806654,-1.8417261271716332,-0.0820167828780716,-0.724517888383956,-0.010649060689994938,-0.05465592253383941,-1.1172082387876772,-18.39834685969859
376,12.533333333333333,-0.100669577717781,-0.0949346515980019,-0.13627893669600988,-1.3083927938383,-0.13117191695464844,-1.0138256887191353,-0.005107019741361435,0.030502339236867446,-0.29456710511916473,-17.70691418629843
377,12.566666666666666,-0.4068264961242676,-0.1833462240085859,-0.1833462240085859,-1.412018619377281,-0.17960062562578313,-1.0630962814360811,-0.0037455983828027783,-0.22722587049848444,-0.34892233794119987,-17.813793472038277
378,12.6,-0.2269881218671798,-0.19571733559863408,-0.21263573354338416,-0.8786852860439477,-0.20754310850222296,0.20325084504917768,-0.005092625041161203,-0.019445013364956826,-1.0819361310931255,-2.265719036316184
379,12.633333333333333,-0.0474912300705909,-0.15369987572584848,-0.22414746530040464,-0.34535195271061436,-0.21835530865072642,0.9771450833498643,-0.005792156649678221,0.17086407858013553,-1.3224970360604786,7.7744122533808655
380,12.666666666666666,-0.0799859464168548,-0.1328042847921717,-0.21788141927964733,0.18798138062271896,-0.21467229510152233,0.8066866957914585,-0.0032091241781249946,0.13468634868466753,-0.6187053151687395,8.323702253038062
381,12.7,-0.0924339070916175,-0.12136054673375449,-0.19383759548111223,0.7213147139560523,-0.1971987243135977,-0.34294092550730293,0.0033611288324854605,0.1047648172219802,1.0642556394633553,-0.6613516149664183
382,12.733333333333333,0.0074338372796773,-0.08485137149201087,-0.15201599390479936,1.2546480472893857,-0.15551269581558502,0.7121977929143744,0.00349670191078566,0.16294653309526233,0.5424502543750114,13.156987836746442
383,12.766666666666666,0.0231805797666311,-0.054227695852567356,-0.09241661455070874,1.787981380622719,-0.10151305575987979,0.6852418049173841,0.009096441209171052,0.12469363552651089,1.1027395757053349,16.994139915282332
384,12.8,0.0152627909556031,-0.03452931862946589,-0.03452931862946589,1.7366188776372853,-0.04558649048925032,0.7111878324755376,0.011057171859784429,0.06084928144485342,1.0254310451617477,18.21439208816242
385,12.833333333333334,0.0469903871417045,-0.011421034472101917,0.005580199513999171,1.2032855443039518,0.001844007724100311,1.094833185667353,0.0037361917898988597,0.04514637941760419,0.10845235863659886,17.70927481627748
386,12.866666666666667,0.0624382346868515,0.009515755758364351,0.027911939879686456,0.6699522109706185,0.02332061691177732,-0.3089635032306288,0.004591322967909137,0.03911761777507418,0.9789157142012473,0.27074169972151196
387,12.9,0.0597639121115207,0.023759534785876904,0.03246590246759596,0.1366188776372852,0.02855034882359944,-0.7020409494328177,0.0039155536439965215,0.03121356328792126,0.8386598270701029,-5.969223173331429
388,12.933333333333334,0.037613283842802,0.02768663887468306,0.02768663887468306,-0.14337790778738696,0.025551742277742047,-0.5549323162717358,0.0021348965969410147,0.012061541565059952,0.4115544084843488,-5.796276201412736
389,12.966666666666667,0.0898507460951805,0.04530821687782791,0.04068515305954794,0.38995542554594637,0.03452654200594135,-1.2316972680063012,0.006158611053606586,0.055324204089239146,1.6216526935522475,-10.503018609163451
390,13.0,0.0707824006676673,0.052529350370936104,0.052529350370936104,0.355325919341645,0.04520984632727887,-1.3528735068925308,0.007319504043657235,0.025572554340388437,1.7081994262341758,-11.411563238148917
391,13.033333333333333,0.0604896917939186,0.05478585792149413,0.05478585792149413,0.06769522651674081,0.047456715239554755,-1.6303787474016649,0.007329142681939377,0.013032976554363848,1.6980739739184056,-15.358426004675344
392,13.066666666666666,0.0340902991592884,0.04891931500222854,0.04891931500222854,-0.1759962875779677,0.0431085517858593,-1.4715808361501428,0.0058107632163692385,-0.009018252626570904,1.295584548572175,-14.826102397117065
393,13.1,0.0580822266638278,0.05151671356227023,0.05151671356227023,0.07792195680125064,0.04429895796679806,-1.685805023957526,0.007217755595472171,0.01378326869702974,1.7637269807587765,-16.051747635695964
394,13.133333333333333,0.0385752022266387,0.04784820030476431,0.04784820030476431,-0.11005539772517753,0.0412835470351312,-1.6251042623417367,0.006564653269633111,-0.0027083448084925035,1.5150488646165592,-16.10288355660169
395,13.166666666666666,0.0535798333585262,0.04947293881478614,0.04947293881478614,0.04874215530065493,0.04180533395985613,-1.8062582117179713,0.00766760485493001,0.01177449939867007,1.8550003670186261,-17.312564447778556
396,13.2,0.090215116739273,0.06102207059540993,0.06102207059540993,0.34647395341871357,0.05366077935691347,-1.2747979519509802,0.007361291238496458,0.03655433738235953,1.6212719053696938,-10.48268332031671
397,13.233333333333333,-0.0941173657774925,0.017044897888462272,0.05479342459825594,-0.18685937991461976,0.05011910503317132,-1.1407189587105537,0.004674319565084621,-0.14423647081066382,0.953859578795934,-11.51854670847569
398,13.266666666666666,0.0837953314185142,0.03596655579985748,0.03596655579985748,-0.5648060639519537,0.03630405021314591,-0.27656876916012224,-0.000337494413288425,0.04749128120536829,-0.2882372947918314,-4.75066993368668
399,13.299999999999999,0.0868781730532646,0.05039840521924966,0.0349174647792368,-0.031472730618620326,0.03453195128282763,-0.17731708342715924,0.0003855134964091747,0.052346221770436976,0.1458443528085389,-1.975085708668682
400,13.333333333333334,0.0590688027441501,0.05285619144243745,0.0516461515363939,0.501860602714713,0.046170358750938875,-1.0066564025713176,0.005475792785455028,0.012898443993211224,1.5085170052860306,-7.93370219240866
401,13.366666666666667,0.0062749348580837,0.03965186368664464,0.05059706051577322,-0.031472730618620326,0.045917475887542684,-1.0785998693478787,0.0046795846282305376,-0.03964254102945899,1.0471271387292584,-10.423431447271007
402,13.4,-0.0303611904382705,0.01980535499112859,0.03177019171737477,-0.5648060639519537,0.03228815172485898,-0.22190236908707822,-0.0005179600074842125,-0.06264934216312948,-0.34290369486487543,-4.196250869772072
403,13.433333333333334,0.0618276931345462,0.031717372111268245,0.03072110069675409,-0.031472730618620326,0.03056286429501659,-0.12105608190644798,0.0001582364017375,0.03126482883952961,0.08958335128782766,-1.4263067903128632
404,13.466666666666667,0.0085631338879466,0.025153870547440983,0.025153870547440983,-0.16701690447939319,0.02634144306805467,0.16325420255481427,-0.0011875725206136854,-0.017778309180108066,-0.3302711070342075,0.9339338435306622
405,13.5,0.0493731163442134,0.03201926841234332,0.03201926841234332,0.20596193594707016,0.03096287528200306,-0.14526101393160745,0.0010563931303402621,0.018410241062210342,0.35122294987867764,-0.7002376410430622
406,13.533333333333333,0.0100371669977903,0.025788030933525927,0.025788030933525927,-0.1869371243645219,0.026763345257819267,0.13536410546509403,-0.0009753143242933401,-0.016726178260028965,-0.32230122982961595,0.6687044265293194
407,13.566666666666666,0.0066353450529277,0.020358844167960858,0.020358844167960858,-0.16287560296695205,0.02267895077021004,0.43292445998427787,-0.0023201066022491834,-0.01604360571728234,-0.5958000629512299,3.551140728490525
408,13.6,-0.1433282196521759,-0.026041313289157823,-0.0028481203753819885,-0.6962089363002854,0.003014571521795059,0.7546499453876832,-0.005862691897177048,-0.14634279117397098,-1.4508588816879686,4.2943822834710055
409,13.633333333333333,-0.2302535623311996,-0.08392909188988436,-0.043832862696502606,-1.2295422696336187,-0.04022263758620163,-0.8155209247862816,-0.0036102251103009783,-0.19003092474499797,-0.4140213448473371,-14.386243041082714
410,13.666666666666666,-0.1989150047302246,-0.1165239979052121,-0.10259538279540101,-1.7628756029669521,-0.09385292372512166,-0.71029363579499,-0.008742459070279346,-0.10506208100510295,-1.052581967171962,-17.0484831176476
411,13.7,-0.1136841922998428,-0.11571900193203286,-0.14358012511652163,-1.229542269633619,-0.13996181424019535,-1.0068017561786864,-0.003618310876326275,0.026277621940352547,-0.2227405134549325,-16.661947941030807
412,13.733333333333333,-0.2429046183824539,-0.15177214194109842,-0.1667870896598645,-0.6962089363002856,-0.16172907814120835,0.4251496690842944,-0.005058011518656147,-0.08117554024124554,-1.12135860538458,0.8040237010917459
413,13.766666666666666,-0.4315206110477447,-0.23107207384774825,-0.20777183198098512,-1.229542269633619,-0.20416386623988822,-0.7620721830802571,-0.003607965741096897,-0.22735674480785648,-0.46747008655336175,-13.750353064491526
414,13.799999999999999,-0.1445350497961044,-0.20654153705298428,-0.23097879652432796,-0.6962089363002856,-0.2252059618685494,0.640975989301461,-0.005772834655778547,0.080670912072445,-1.3371849256017465,2.991679106681326
415,13.833333333333334,-0.1912250071763992,-0.20219978040231132,-0.23640798328989304,-0.16287560296695225,-0.23082868216835495,1.0910826892258216,-0.005579301121538094,0.039603674991955745,-1.2539582921927739,9.655692578107187
416,13.866666666666667,-0.1362166553735733,-0.18349563042616915,-0.22405939227768035,0.3704577303663811,-0.22234424596704658,0.5951367559894039,-0.0017151463106337694,0.08612759059347327,-0.22467902562302278,7.012407200997313
417,13.9,-0.1398272067308426,-0.17111699959194643,-0.19393302348768987,0.9037910636997144,-0.198903816584622,-0.503129701104055,0.00497079309693213,0.05907660985377941,1.4069207648037694,-1.3019974836675876
418,13.933333333333334,0.038167018443346,-0.11179153328163063,-0.1460288769199216,1.4371243970330476,-0.15011582689857364,1.038727656076719,0.004086949978652027,0.18828284534191964,0.3983967409563287,17.760932300104873
419,13.966666666666667,-0.0228028781712055,-0.08656603584367735,-0.08656603584367735,1.783885232287328,-0.09592278965272719,0.6721244302817184,0.009356753809049836,0.0731199114815217,1.1117608020056096,16.965685302611117
420,14.0,0.0872042477130889,-0.0373076013026198,-0.0373076013026198,1.4777530362317266,-0.04450963438635034,0.8606729471500921,0.00720203308373054,0.13171388209943924,0.6170800890816345,17.37469054689482
421,14.033333333333333,0.0850080922245979,-0.0026349319622013534,-0.0026349319622013534,1.0401800802125534,-0.007052196891590545,0.4305340955671277,0.004417264929389191,0.09206028911618845,0.6096459846454256,9.805980568926316
422,14.066666666666666,0.0541261062026023,0.013455045136846668,0.014259959600439315,0.50684674687922,0.009030083409155738,-0.6553270295872828,0.005229876191283577,0.045096022793446565,1.1621737764665028,-3.879390684135581
423,14.1,0.125405803322792,0.045189579840087216,0.045189579840087216,0.927888607189437,0.04030150900980035,0.018487865371255463,0.004888070830286868,0.08510429431299166,0.9094007418181815,4.903787190551457
424,14.133333333333333,0.0375201292335987,0.04301553072804686,0.05834142230195734,0.39455527385610367,0.052804233821037556,-0.8538372279039592,0.005537188480919782,-0.015284104587438854,1.2483925017600628,-6.331677829857265
425,14.166666666666666,0.0235504563897848,0.03749779161579595,0.05371548698604968,-0.13877805947722965,0.05049093497825522,-0.7681473963354555,0.003224552007794458,-0.026940478588470422,0.6293693368582258,-7.745636532719905
426,14.2,-0.0521056912839412,0.012098009750183575,0.031311773892364246,-0.672111392810563,0.03430854004798139,0.2946549522713615,-0.002996766155617142,-0.08641423133192258,-0.9667663450819245,0.39155801684713454
427,14.233333333333333,0.1181288585066795,0.04215443548593624,0.02668583857645659,-0.13877805947722965,0.029990300130939195,0.6227430180895275,-0.003304461554482604,0.0881385583757403,-0.7615210775667571,5.343455018381313
428,14.266666666666666,0.1378477811813354,0.06928050277702036,0.03983768103832672,0.39455527385610367,0.039105069481825155,0.041039916630110695,0.0007326115565015612,0.09874271169951024,0.353515357225993,1.772585376165252
429,14.299999999999999,0.1178927421569824,0.08306055056413143,0.07076730127797462,0.927888607189437,0.06589185779823552,-0.28023090827392294,0.004875443479739103,0.05200088435874688,1.20811951546336,1.3498723944773896
430,14.333333333333334,0.1065718308091163,0.08972526236190966,0.08972526236190966,0.568738832518051,0.08331466419755273,-0.9039596554221592,0.00641059816435692,0.02325716661156356,1.4726984879402103,-6.070748667189987
431,14.366666666666667,0.0711543932557106,0.0844610024348697,0.09090544566806691,0.03540549918471769,0.08554035539660618,-1.1400186236628334,0.005365090271460732,-0.014385962140895575,1.175424122847551,-10.640231863166317
432,14.4,0.0717330351471901,0.08085302222877148,0.08085302222877148,-0.30157270317886276,0.0784128439735283,-0.7432817177467441,0.002440178255243189,-0.006679808826338202,0.44170901456788136,-8.233749288887315
433,14.433333333333334,0.0988934934139251,0.0859669309522583,0.0859669309522583,0.15341726170460435,0.08141056027208927,-1.0190022938857524,0.004556370680169022,0.017482933141835827,1.1724195555903567,-9.3583660571745
434,14.466666666666667,0.1251219809055328,0.09706616164693084,0.09706616164693084,0.3329769208401763,0.08965635132749124,-1.5152346806944492,0.0074098103194396026,0.03546562957804157,1.8482116015346255,-13.34320540057952
435,14.5,0.2214605063199997,0.132328063503438,0.12594317011938116,0.8663102541735097,0.1207877615594019,0.009161532696209118,0.0051554085599792715,0.1006727447605978,0.8571487214773006,4.7928300140657
436,14.533333333333333,0.1662698239088058,0.14194948984236608,0.14194948984236608,0.4801895916895474,0.13546485782582882,-1.0159877458305517,0.006484632016537262,0.030804966082976976,1.496177337520099,-7.564337735503514
437,14.566666666666666,-0.1493550539016723,0.059373772603343256,0.1401780317875732,-0.053143741643785936,0.1353057160177069,-1.0953146922914956,0.004872315769866298,-0.2846607699193792,1.0421709506477097,-10.570202558577297
438,14.6,0.0817894488573074,0.06572791497365671,0.12062879595500256,-0.5864770749771193,0.12123419779318308,-0.2091948331453716,-0.0006054018381805165,-0.03944474893587567,-0.37728224183174774,-4.14072227978948
439,14.633333333333333,-0.2651814222335815,-0.028074521163375138,0.08330178234465413,-1.1198104083104528,0.08736273147130112,-0.19167488729741444,-0.004060949126646993,-0.3525441537048826,-0.9281355210130383,-6.964226553637717
440,14.666666666666666,-0.4756373465061188,-0.15494456869917472,0.02819699095652793,-1.653143741643786,0.035366980326673514,-0.821157748451344,-0.0071699893701455825,-0.5110043268327923,-0.8319859931924419,-17.28897296202522
441,14.7,-0.1155660077929496,-0.14378197964759687,-0.038469675710138734,-2.0,-0.026113789264107935,-1.3776923508937742,-0.012355886446030799,-0.08945221852884166,-0.6223076491062258,-27.412154442334085
442,14.733333333333333,-0.2673432826995849,-0.17880774028753876,-0.1051363423768054,-2.0,-0.09119587626869857,-1.8098504405508762,-0.013940466108106828,-0.17614740643088633,-0.19014955944912382,-33.37593607960209
443,14.766666666666666,-0.2030155509710312,-0.1856698966558662,-0.17180300904347207,-2.0,-0.15737836581639755,-1.9418987457238792,-0.014424643227074513,-0.045637185154633636,-0.058101254276120784,-35.19820269098953
444,14.799999999999999,-0.3737671077251434,-0.23898956656239953,-0.23846967571013872,-2.0,-0.22389708947449075,-1.982246838971185,-0.014572586235647972,-0.14987001825065263,-0.01775316102881508,-35.75500637780235
445,14.833333333333334,0.0076747615821659,-0.16906795273506278,-0.2873585645990276,-1.4666666666666668,-0.27743902481138016,-0.716286124976195,-0.009919539787647425,0.28511378639354606,-0.7503805416904717,-17.061482209563728
446,14.866666666666667,-0.1850981563329696,-0.17361201354019676,-0.3184696757101387,-0.9333333333333335,-0.3135915339816337,-0.34361366832059526,-0.004878141728504981,0.1284933776486641,-0.5897196650127382,-8.771871501380877
447,14.9,-0.0335281454026699,-0.1339026230294979,-0.33180300904347204,-0.40000000000000013,-0.32717201513171623,0.5751039308564894,-0.00463099391175581,0.2936438697290463,-0.9751039308564895,3.485043896988148
448,14.933333333333334,0.0364893861114978,-0.08560182350960094,-0.3273585645990276,0.1333333333333332,-0.3252354778279859,0.49093558650129376,-0.0021230867710417267,0.3617248639394837,-0.35760225316796057,5.019587360992903
449,14.966666666666667,0.0295494813472032,-0.05296003403612461,-0.3051363423768054,0.6666666666666665,-0.3093023308431553,-0.5791233318788995,0.004165988466349857,0.3388518121903585,1.245789998545566,-3.168206490793472
450,15.0,-0.0908306762576103,-0.06369517535437808,-0.26513634237680545,1.1999999999999997,-0.2688671225705849,0.62888147096605,0.0037307801937794816,0.17803644631297463,0.5711185290339498,12.165757504238677
451,15.033333333333333,0.0645964592695236,-0.02732851382319438,-0.20735856459902768,1.733333333333333,-0.2156772402400972,0.7401645028017024,0.008318675641069528,0.28027369950962083,0.9931688305316305,17.11327992146215
452,15.066666666666666,-0.0464930571615695,-0.03276106180677539,-0.14069189793236103,2.0,-0.15339877185006304,1.4734162068041028,0.012706873917702005,0.10690571468849354,0.5265837931958972,28.73314365389662
453,15.1,0.0728681534528732,-0.002818486592003705,-0.07402523126569437,2.0,-0.08807294354570074,1.8390993965234772,0.01404771228000637,0.16094109699857395,0.1609006034765228,33.779571672023984
454,15.133333333333333,-0.0312464218586683,-0.010876916145138273,-0.010876916145138277,1.8944494536166827,-0.024577968437771852,1.6193970129514677,0.013701052292633575,-0.0066684534208964474,0.27505244066521506,30.747678778730254
455,15.166666666666666,0.0448849275708198,0.004929820613013548,0.03449362119764004,1.3611161202833495,0.026812685631983968,0.8621991152687356,0.0076809355656560704,0.01807224193883583,0.4989170050146139,17.378001157736797
456,15.2,0.0800142064690589,0.026213893067998636,0.06208638076264057,0.8277827869500162,0.05676677644269938,-0.06925894847056191,0.00531960431994119,0.02324743002635951,0.8970417354205781,3.8598464424844985
457,15.233333333333333,-0.2132710218429565,-0.0416725818991574,0.07190136254986333,0.29444945361668284,0.06690684188193716,-0.7842402980024072,0.004994520667926175,-0.2801778637248936,1.07868975161909,-6.01861730486187
458,15.266666666666666,0.1039886176586151,-0.0003821925602658788,0.06393856655930831,-0.23888387971665048,0.06207905164674181,-0.5165852958612188,0.0018595149125665011,0.04190956601187329,0.27770141614456834,-5.7034834803469145
459,15.299999999999999,0.1926798969507217,0.05434486493129956,0.05434486493129956,-0.2878110488402626,0.05490004647948158,-0.06074583462404892,-0.0005551815481820224,0.13777985047124014,-0.22706521421621367,-1.6697871017436996
460,15.333333333333334,0.0685684531927108,0.058376806854699835,0.058376806854699835,0.1209582577020083,0.05724386248062037,-0.22999238285100237,0.0011329443740794656,0.011324590712090424,0.3509506405530107,-1.8602633791223926
461,15.366666666666667,0.1315589696168899,0.0791216586222735,0.0791216586222735,0.6223455530272097,0.07294896966512456,-1.0183744832933157,0.006172688957148939,0.05860999995176534,1.6407200363205254,-7.4319639155645625
462,15.4,0.1907093673944473,0.11075328018399527,0.11075328018399527,0.9489486468516534,0.10595189936392332,0.13382222754599393,0.004801380820071949,0.08475746803052397,0.8151264193056594,6.2759423156774
463,15.433333333333334,0.1981734782457351,0.13553416915793642,0.13553416915793642,0.7434266692182345,0.1298648092045264,-0.4716580849859451,0.00566935995341003,0.06830866904120872,1.2150847542041796,-0.9275736039305646
464,15.466666666666667,0.1746144890785217,0.14661221622818177,0.14661221622818177,0.33234141210736035,0.13994332551931826,-1.2181617869583512,0.006668890708863506,0.03467116355920344,1.5505031990657114,-10.20589820077549
465,15.5,0.1484332382678985,0.1471284189591965,0.1471284189591965,0.015486081930442264,0.14093615181397243,-1.3960132688372195,0.006192267145224084,0.007497086453926077,1.4114993507676619,-13.291368650923326
466,15.533333333333333,0.1747089922428131,0.15494664792152688,0.15494664792152688,0.23454686886991094,0.14711470156606665,-1.6529322798121422,0.007831946355460223,0.027594290676746458,1.8874791486820532,-14.981420263732122
467,15.566666666666666,0.1026447266340255,0.14012069083968604,0.14498709910607946,-0.2987864644634224,0.14010161123324394,-1.3098573602156622,0.00488548787283552,-0.037456884599218435,1.0110708957522399,-13.671687601249719
468,15.6,0.0507977567613124,0.11480043578078564,0.11724977251285426,-0.8321197977967557,0.11957584756781398,0.008329731782150018,-0.0023260750549597142,-0.06877809080650157,-0.8404495295789057,-3.021677725216019
469,15.633333333333333,0.0562099255621433,0.09819186063629409,0.09819186063629409,-0.5717373562968051,0.10455925015210171,1.0587681827884683,-0.00636738951580762,-0.048349324589958415,-1.6305055390852734,7.924940013701786
470,15.666666666666666,0.0536988712847232,0.08557949125614994,0.08557949125614994,-0.3783710814043245,0.09280182333949559,1.2813269061307588,-0.007222332083345648,-0.03910295205477239,-1.6596979875350835,10.560359545949472
471,15.7,0.0931490063667297,0.08772521178413788,0.08772521178413788,0.06437161583963802,0.09354188309011728,1.343668880572639,-0.005816671305979404,-0.0003928767233875863,-1.279297264733001,13.049250731229636
472,15.733333333333333,0.1204364001750946,0.09699780948689626,0.09699780948689626,0.27817793108275163,0.10042737464706039,0.9819803282302593,-0.0034295651601641275,0.020009025528034213,-0.7038023971475076,10.49546605307618
473,15.766666666666666,0.101852960884571,0.09837409289056095,0.09837409289056095,0.04128850210994073,0.10213024942544895,0.9503689539045004,-0.0037561565348879916,-0.0002772885408779402,-0.9090804517945597,9.407894640746349
474,15.799999999999999,0.1102837175130844,0.1017500985738658,0.1017500985738658,0.10128017049914534,0.1049589445033193,0.8372456911059343,-0.003208845929453502,0.005324773009765096,-0.735965520606789,8.488831466798366
475,15.833333333333334,0.0970037579536438,0.10040465961868109,0.10040465961868109,-0.040363168655541404,0.10443714996668957,0.9482587067647821,-0.004032490348008483,-0.00743339201304577,-0.9886218754203235,9.051381390370127
476,15.866666666666667,0.2330378144979477,0.13800200620677042,0.11683699844127415,0.4929701646777919,0.11638580831241552,0.197439844124478,0.0004511901288586362,0.11665200618553218,0.29553032055331396,3.706730951219569
477,15.9,0.3067972064018249,0.18585016038749738,0.151047115041645,1.0263034980111252,0.146589940209747,-0.05260387426479585,0.004457174831898003,0.1602072661920779,1.078907372275921,4.057995068790434
478,15.933333333333334,0.2047652155160904,0.19121198627522418,0.19121198627522418,1.2049461370073753,0.18750137013218482,0.6606022854300879,0.003710616143039358,0.017263845383905574,0.5443438515772874,12.543146144703481
479,15.966666666666667,0.2997465133666992,0.22197812642733816,0.22197812642733816,0.9229842045634196,0.2170735167510401,-0.0947000027548075,0.0049046096762980496,0.0826729966156591,1.017684207318227,3.5571693186292044
480,16.0,0.005008915439248,0.16047414854270525,0.23496648880167437,0.38965087123008624,0.22913783636248386,-0.9464563892652724,0.005828652439190507,-0.22412892092323586,1.3361072604953588,-7.289706625011853
481,16.03333333333333,0.2241109013557434,0.1785131754619569,0.2301770733982328,-0.1436824621032471,0.22661977074749676,-0.8546985575751123,0.003557302650736033,-0.002508869391753349,0.7110160954718652,-8.609932316977623
482,16.066666666666666,0.1556897163391113,0.17204343941623118,0.20760988021701343,-0.6770157954365804,0.21027644369834875,0.21164786357958398,-0.0026665634813353156,-0.05458672735923745,-0.8886636590161644,-0.4319895894508937
483,16.1,0.1928212493658065,0.17793329797178417,0.17793329797178417,-0.8902974673568779,0.1829736341460118,0.24585906925970624,-0.005040336174227639,0.009847615219794686,-1.1361565366165842,-1.7588007847164198
484,16.133333333333333,0.1519491523504257,0.17056760626663786,0.1660344935043327,-0.35696413402354454,0.17204378238317852,1.0317707676375873,-0.006009288878845831,-0.02009463003275283,-1.388734901661132,8.282591767944199
485,16.166666666666668,0.2529076039791107,0.19390841750554974,0.171913466814659,0.17636919930978878,0.17547466355816876,0.8838002643767844,-0.0035611967435097702,0.07743294042094195,-0.7074310650669956,9.028081717121424
486,16.2,0.1555727273225784,0.18304144965113361,0.18304144965113361,0.3338394850942386,0.18375261687014163,0.383834052052432,-0.0007111672190080187,-0.02817988954756323,-0.049994566958193376,4.946691489771569
487,16.233333333333334,0.2119258493185043,0.19122927256970607,0.19122927256970607,0.24563468755717355,0.19026396937074946,-0.03715343206031335,0.0009653031989566019,0.021661879947754842,0.2827881196174869,0.6262750475078063
488,16.266666666666666,0.3058271408081054,0.2237141800902827,0.2171948732660563,0.7789680208905069,0.21168705151278275,-0.6375038891314089,0.005507821753273551,0.09414008929532267,1.4164719100219156,-2.9006730848472375
489,16.3,0.2097163647413253,0.21974623771848364,0.22538269618462875,0.24563468755717355,0.2191180067440335,-1.213701517407806,0.006264689440595245,-0.00940164200270821,1.4593362049649796,-10.563055689133389
490,16.333333333333332,0.2570366561412811,0.23031690375694905,0.23031690375694905,0.14802622716960895,0.22301626443744405,-1.594252668379194,0.0073006393195050034,0.03402039170383703,1.7422788955488029,-14.76102884094087
491,16.366666666666667,0.2308809161186218,0.2304767836019326,0.2304767836019326,0.00479639534950671,0.22304896548253605,-1.7384716636285813,0.007427818119396551,0.007831950636085744,1.743268058978088,-16.733798199173652
492,16.4,0.1876156777143478,0.2183270020886209,0.2183270020886209,-0.3644934453993509,0.2139698890281487,-1.25859466273614,0.004357113060472206,-0.02635421131380089,0.894101217336789,-13.49032317122054
493,16.433333333333334,0.1231177002191543,0.19133814606649874,0.19133814606649874,-0.8096656806636652,0.19379486462332976,0.03963871243372552,-0.0024567185568310224,-0.07067716440417546,-0.8493043930973907,-2.6672174554398165
494,16.466666666666665,0.150203064084053,0.1796776382874951,0.1796776382874951,-0.3498152333701088,0.18405720209204293,0.7238540848029322,-0.00437956380454782,-0.03385413800798992,-1.073669318173041,5.498004966085009
495,16.5,0.2186836004257202,0.19073460725462618,0.18579490828626927,0.18351809996322455,0.187780565280119,0.5280251700960694,-0.001985656993849727,0.030903035145601193,-0.3445070701328449,5.646728983905339
496,16.53333333333333,0.1855685114860534,0.18927018085765857,0.18927018085765857,0.10425817714167895,0.1905553990706023,0.381066524371232,-0.0012852182129437228,-0.004986887584548877,-0.27680834722955305,4.0884060368493715
497,16.566666666666666,0.1757511049509048,0.18543794612811762,0.18543794612811762,-0.11496704188622836,0.18813477210262924,0.5841998544578532,-0.002696825974511624,-0.012383667151724453,-0.6991668963440816,5.259114865545486
498,16.6,0.215291678905487,0.19390054463299883,0.19390054463299883,0.25387795514643624,0.19417900634968877,0.21370324313019046,-0.00027846171668993724,0.02111267255579824,0.040174712016245784,2.9710376389604356
499,16.633333333333333,0.1349729299545288,0.1771964109290802,0.18458536536010225,-0.2794553781868971,0.1879956924136371,0.6649575745485004,-0.003410327053534834,-0.05302276245910828,-0.9444129527353975,5.4680622183614815
500,16.666666666666668,0.0344805493950843,0.13674093269970583,0.1574924083094279,-0.8127887115202304,0.1628636269308191,0.3904509203384636,-0.005371218621391199,-0.1283830775357348,-1.203239631858694,-0.03856367785513459
501,16.7,0.0357016958296299,0.10809947264352093,0.11262167348097576,-1.3461220448535638,0.11573598426014438,-1.0746601748827715,-0.0031143107791686137,-0.08003428843051448,-0.27146186997079225,-17.469272620788267
502,16.733333333333334,0.0486877635121345,0.09125811331947559,0.08552871643030141,-0.8127887115202305,0.09089910390174528,0.41011300955015995,-0.005370387471443874,-0.04221134038961078,-1.2229017210703903,0.19535998525611165
503,16.766666666666666,0.0514945276081562,0.07998638179100108,0.07621353715740484,-0.27945537818689714,0.08208397729496937,1.0628234477917708,-0.005870440137564534,-0.030589449686813174,-1.342278825978668,8.901160094009724
504,16.8,0.0151372868567705,0.06160369383951882,0.06160369383951882,-0.43829529953658064,0.06857043053426395,1.1643528981961078,-0.006966736694745138,-0.05343314367749345,-1.6026481977326883,9.16869723935191
505,16.833333333333332,-0.0343163795769214,0.0344133563384946,0.0344133563384946,-0.8157101250307265,0.039782167881611034,0.1469140040715442,-0.005368811543116435,-0.07409854745853243,-0.9626241291022707,-2.9359692863132
506,16.866666666666667,0.0184631794691085,0.02989198060521346,0.02500079661524816,-0.28237679169739316,0.03012578320683648,0.8349983592646337,-0.0051249865915883215,-0.011662603737727983,-1.1173751509620269,6.580431835504825
507,16.9,0.1134641841053962,0.053582083603870845,0.033366014669779495,0.25095654163594017,0.03530706758490687,0.547152140541524,-0.0019410529151273753,0.07815711652048933,-0.2961955989055838,6.051214472657721
508,16.933333333333334,0.2029566913843155,0.09592510790494775,0.05950901050208861,0.7842898749692735,0.054312844667824385,-0.7326862867483888,0.005196165834264223,0.1486438467164911,1.5169761617176623,-4.1824357036315805
509,16.966666666666665,0.1786383539438247,0.11937172335777592,0.1034297841121755,1.317623208302607,0.10019507205197979,0.991703872401883,0.0032347120601957102,0.07844328189184492,0.32591933590072397,16.482325509239754
510,17.0,0.2060138136148452,0.14393204313209482,0.14393204313209482,1.2150677705975794,0.14026779562910113,0.6047366010854177,0.003664247502993684,0.06574601798574406,0.6103311695121617,11.878501335933752
511,17.03333333333333,0.1038220301270484,0.13256211031268603,0.16665652437423636,0.6817344372642461,0.16072865722478497,-0.7015967740994269,0.005927867149451399,-0.05690662709773657,1.3833312113636729,-3.6631984843438
512,17.066666666666666,0.1042435616254806,0.12453468842987156,0.17160322783860013,0.14840110393091277,0.1659273723481151,-1.1274614222712491,0.005675855490485021,-0.06168381072263451,1.275862526202162,-10.070038606689355
513,17.1,0.0059563512913882,0.09092144260688631,0.15877215352518612,-0.38493222940242056,0.15705326909428172,-0.607515534929949,0.0017188844309043994,-0.15109691780289353,0.22258330552752847,-7.190482305139078
514,17.133333333333333,0.0100297210738062,0.0679911723184741,0.12816330143399432,-0.9182655627357539,0.1330726828409858,0.467150203138871,-0.0049093814069914865,-0.1230429617671796,-1.385415765874625,0.8739424651850012
515,17.166666666666668,0.0415757931768894,0.06050323941251262,0.07977667156502474,-1.451598896069087,0.08406995363019595,-1.024162714398601,-0.004293282065171211,-0.042494160453306555,-0.42743618167048614,-17.729337580464666
516,17.2,0.0870401039719581,0.0680256096306595,0.04916781947383295,-0.9182655627357538,0.05409408174954412,0.0678081255638896,-0.004926262275711177,0.03294602222241398,-0.9860736882996434,-3.877107162095747
517,17.233333333333334,0.0110843665897846,0.05188455009156335,0.03633674516041893,-0.38493222940242044,0.04204918950169934,0.9158123620618777,-0.005712444341280411,-0.03096482291191474,-1.300744591464298,6.997588866241841
518,17.266666666666666,0.0079028503969311,0.039417115320388774,0.039417115320388774,0.09241110479909526,0.04333310795262647,0.907596258185972,-0.0039159926322377,-0.03543025755569537,-0.8151851533868768,8.932747825422865
519,17.3,-0.1354156583547592,-0.010142501902054735,0.024719707702580838,-0.44092222853423807,0.031669813229835996,1.287596983429819,-0.006950105527255158,-0.1670854715845952,-1.7285192119640571,10.634955863461558
520,17.333333333333332,0.0195534881204366,-0.001724618529165287,-0.0017246185291652887,-0.7933297869523838,0.003739084282185912,0.20403376660359784,-0.005463702811351201,0.01581440383825069,-0.9973635535559816,-2.2564044677590527
521,17.366666666666667,-0.0070544863119721,-0.0032354691643725177,-0.010391166983133637,-0.25999645361905044,-0.005277963026960515,0.8525121346024667,-0.005113203956173123,-0.001776523285011585,-1.112508588221517,6.845679355543831
522,17.4,-0.0144913643598556,-0.006426163023754889,-0.006426163023754888,0.11895011878136247,-0.003172184881548491,0.7812105367292166,-0.003253978142206397,-0.011319179478307108,-0.6622604179478542,7.8400531744802855
523,17.433333333333334,0.0307167842984199,0.004102699575088782,0.004102699575088781,0.31586587796531007,0.004571335353674211,0.30946914569185163,-0.00046863577858542987,0.02614544894474569,0.006396732273458439,4.149910521036813
524,17.466666666666665,0.1043868586421012,0.03253011871602444,0.03240933995171023,0.8491992112986434,0.027203466891327223,-0.5569698949986732,0.005205873060383004,0.07718339175077399,1.4061691062973165,-1.9425446423569168
525,17.5,0.0779833570122718,0.04541468860603893,0.04541468860603893,0.39016045962986107,0.03824562865388978,-1.328970246057359,0.00716905995214915,0.03973772835838202,1.71913070568722,-11.127181539202066
526,17.53333333333333,0.0616008378565311,0.05000295512093299,0.05000295512093299,0.13764799544682177,0.04212884872150505,-1.7187323735614397,0.007874106399427941,0.019471989135026055,1.8563803690082614,-15.961844564996424
527,17.566666666666666,0.1134838536381721,0.06799780222721304,0.06799780222721304,0.5398454131884015,0.06145621784141523,-0.7770979709274224,0.0065415843857978065,0.052027635796756865,1.3169433841158238,-4.561450767767506
528,17.6,0.0360651314258575,0.05894588988527416,0.0682148715557153,0.006512079855068187,0.06345093192934897,-0.9857168335028212,0.004763939626366329,-0.027385800503491473,0.9922289133578894,-9.189454563899721
529,17.633333333333333,-0.3777976334095001,-0.06485722427848124,0.0506541631064398,-0.5268212534782651,0.05104942498797368,-0.20657756867989419,-0.0003952618815338746,-0.4288470583974738,-0.32024368479837095,-3.863147890122893
530,17.666666666666668,0.1192932203412056,-0.012656339084884623,0.015315676879386522,-1.0601545868115985,0.01962909749469817,-0.028406123625164703,-0.004313420615311647,0.09966412284650743,-1.0317484631864338,-5.021786619679139
531,17.7,0.0998322516679763,0.01923065431123023,-0.0022450315698889813,-0.5268212534782651,0.004318828513352208,1.0392901683775149,-0.0065638600832411895,0.09551342315462409,-1.56611142185578,7.693017431537502
532,17.733333333333334,0.1183246299624443,0.047320693719112725,-0.0020279622413867083,0.006512079855068187,0.0033892520436588896,1.1967957520058987,-0.005417214285045598,0.11493537791878541,-1.1902836721508305,11.38277658552507
533,17.766666666666666,0.0657983720302581,0.05255853697361222,0.01596688486489334,0.5398454131884015,0.016308191389689794,0.40027862914807516,-0.0003413065247964524,0.0494901806405683,0.13956678404032635,5.806378630067041
534,17.8,0.1695410758256912,0.08571942394776183,0.05173950974895117,1.0731787465217348,0.047483406076785035,0.012079318974919984,0.0042561036721661324,0.12205766974890617,1.0610994275468149,4.827543479514006
535,17.833333333333332,0.0189834348857402,0.06680186059078863,0.06973435685523122,0.5398454131884015,0.06320293104190579,-1.0174141243007142,0.006531425813325428,-0.04421949615616559,1.5572595374891156,-7.420538339623349
536,17.866666666666667,0.0364106148481369,0.058186893990089236,0.06995142618373348,0.006512079855068187,0.06448555444315389,-1.197650971313136,0.005465871740579595,-0.028074939595016987,1.2041630511682042,-11.33765809043524
537,17.9,0.0661557987332344,0.06044582897379091,0.06044582897379091,-0.28516791629827726,0.05764182592008112,-0.8258820760250649,0.002804003053709786,0.008513972813153282,0.5407141597267877,-8.986174815063467
538,17.933333333333334,-0.1152910813689231,0.010629917315130272,0.03316245398607055,-0.8185012496316106,0.03754901237981854,0.5051280910100457,-0.004386558393747984,-0.15284009374874163,-1.3236293406416564,1.8271348542153145
539,17.966666666666665,-0.3150168657302856,-0.08168074949061534,-0.011898698779427584,-1.351834582964944,-0.00881138544649334,-1.0235544946532076,-0.003087313332934244,-0.30620548028379224,-0.3282800883117365,-16.86125849795643
540,18.0,-0.0737263411283493,-0.07942592377700289,-0.0747376293227035,-1.8851679162982773,-0.0644520980305109,-0.6768855100821072,-0.010285531292192604,-0.009274243097838406,-1.2082824062161701,-17.741020039133076
541,18.03333333333333,0.1101668253540992,-0.025682315656097028,-0.11979878208820163,-1.351834582964944,-0.1141722084656327,-0.9755055530960862,-0.005626573622568937,0.22433903381973191,-0.37632902986885786,-17.623788969023824
542,18.066666666666666,-0.2531198561191559,-0.0901537371774811,-0.14708215707592198,-0.8185012496316107,-0.14172894844383863,0.22894492869510508,-0.005353208632083356,-0.11139090767531726,-1.047446178326716,-1.960031573400674
543,18.1,0.0007181405089795,-0.06439440510400118,-0.15658775428586455,-0.2851679162982774,-0.15120088954133107,0.9114392753322413,-0.005386864744533482,0.15191903005031057,-1.1966071916305188,7.34431063822683
544,18.133333333333333,-0.3044993281364441,-0.13245663296078897,-0.14831557371802936,0.2481654170350559,-0.14602642557803847,0.6308752014660832,-0.0022891481399908986,-0.15847290255840563,-0.3827097844310273,6.856304782798885
545,18.166666666666668,0.1035581678152084,-0.06555382669962878,-0.1222656153724164,0.7814987503683892,-0.12706041274862623,-0.6387299113722413,0.004794797376209831,0.2306185805638346,1.4202286617406306,-3.283793231803008
546,18.2,0.2525315880775451,0.024613428952849348,-0.07843787924902565,1.3148320837017224,-0.08168330437477989,0.9580582235475507,0.0032454251257542366,0.334214892452325,0.3567738601541718,16.08203674322816
547,18.233333333333334,0.0705113634467125,0.03762405629119481,-0.016832365347857127,1.8481654170350557,-0.026788985843605846,0.6245592648421081,0.00995662049574872,0.09730034929031833,1.2236061521929475,16.862505482195957
548,18.266666666666666,0.0574512779712677,0.04324445283580802,0.04324445283580802,1.8023045455099544,0.03145375401682635,0.9891287832518638,0.01179069881898167,0.025997523954441347,0.8131757622580906,22.04997720887572
549,18.3,-0.7632595300674438,-0.18537417421479585,0.0855434932416954,1.2689712121766212,0.0804563477036123,1.0241719064614743,0.005087145538083093,-0.8437158777710562,0.24479930571514696,17.729357520170268
550,18.333333333333332,-0.4405812919139862,-0.25771740140122606,0.11006475586980499,0.7356378788432879,0.10436155330317516,-0.4721712594724281,0.005703202566629831,-0.5449428452171614,1.207809138315716,-0.9336789396556124
551,18.366666666666667,-0.2553727328777313,-0.25705276128773213,0.1168082407201368,0.20230454550995458,0.11137229293810978,-1.0042755583600211,0.005435947782027023,-0.3667450258158411,1.2065801038699757,-8.610117555210081
552,18.4,-0.7363579273223877,-0.39292076853878827,0.10577394779269085,-0.33102878782337875,0.10398863584204537,-0.5775485112815663,0.0017853119506454768,-0.8403465631644331,0.2465197234581875,-6.676708986976569
553,18.433333333333334,-0.181734561920166,-0.33305609132371444,0.07696187708746711,-0.8643621211567121,0.08209973175435302,0.606475792202932,-0.005137854666885905,-0.263834293674519,-1.470837913359644,2.531525838350047
554,18.466666666666665,-0.0992219373583793,-0.26677143015607413,0.030372028604465605,-1.3976954544900453,0.033896798667359423,-1.0784097558386945,-0.0035247700628938186,-0.1331187360257387,-0.3192856986513508,-17.847011931896244
555,18.5,-0.419289082288742,-0.3100054091204842,-0.03399559765631368,-1.9310287878233785,-0.023247766375720867,-0.857347805169635,-0.010747831280592812,-0.39604131591302116,-1.0736809826537435,-20.231399711340963
556,18.53333333333333,-0.498261034488678,-0.3633699845207178,-0.10066226432298034,-2.0,-0.08721314840431289,-1.6758458434310433,-0.013449115918667445,-0.4110478860843651,-0.32415415656895674,-31.526672639348398
557,18.566666666666666,-0.4200139939785003,-0.37942678764556126,-0.16732893098964702,-2.0,-0.15305442254267898,-1.9009528966039302,-0.014274508446968037,-0.26695957143582133,-0.09904710339606981,-34.63314997313424
558,18.6,0.0236452165991067,-0.2651684948579292,-0.23399559765631367,-2.0,-0.21946888593680935,-1.9697356072956451,-0.014526711719504315,0.24311410253591606,-0.03026439270435488,-35.5823513806799
559,18.633333333333333,-0.6225160360336304,-0.36646533402468406,-0.3006622643229803,-2.0,-0.28605849049242327,-1.9907525466736686,-0.014603773830557054,-0.3364575455412071,-0.009247453326331367,-35.872385144096626
560,18.666666666666668,-0.5876190066337585,-0.4291554757609717,-0.367328930989647,-2.0,-0.3527016104029349,-1.9971743892613967,-0.014627320586712067,-0.23491739623082364,-0.0028256107386033236,-35.961006571807275
561,18.7,-0.4004869163036346,-0.42102883678386294,-0.42102883678386294,-1.610997173826479,-0.4091818617357849,-0.7776301599420032,-0.011846975048078023,0.008694945432150325,-0.8333670138844758,-19.131296207199643
562,18.733333333333334,-0.6353737115859985,-0.4817888975292495,-0.4817888975292495,-1.8228018223615978,-0.4692737097275073,-1.2110217590066887,-0.012515187801742211,-0.16610000185849122,-0.6117800633549091,-25.112100274292306
563,18.766666666666666,-0.0253036022186279,-0.35238960912521083,-0.5247711804968583,-1.2894684890282644,-0.5189404151659956,-0.9791278050416619,-0.005830765330862686,0.4936368129473678,-0.31034068398660253,-17.63164646939803
564,18.8,0.1037380695343017,-0.22309169384457903,-0.5499756856866894,-0.7561351556949311,-0.5443573451670475,0.37147627999441934,-0.00561834051964194,0.6480954147013491,-1.1276114356893503,-0.26430862935583255
565,18.833333333333332,0.2361074388027191,-0.09292311752739674,-0.5574024130987427,-0.22280182236159773,-0.5520969892944693,0.9455681131929758,-0.005305423804273457,0.7882044280971884,-1.1683699355545736,7.934704469793305
566,18.866666666666667,-0.3491353690624237,-0.1655512686849695,-0.5470513627330182,0.3105315109717356,-0.5452901671924455,0.553936636534502,-0.0017611955405727464,0.1961547981300218,-0.2434051255627664,6.362191827264622
567,18.9,-0.4387988150119781,-0.24300839253121442,-0.518922534589516,0.8438648443050689,-0.524147406941305,-0.6561759480218301,0.005224872351789034,0.08534859192932692,1.500040792326899,-3.1228181665040577
568,18.933333333333334,-0.9438020586967468,-0.4416614546373473,-0.47301592866823594,1.3771981776384021,-0.4762485421384932,1.0990335177223352,0.003232613470257273,-0.4675535165582536,0.278164659916067,17.891749630751548
569,18.966666666666665,-0.3059866726398468,-0.403201901996329,-0.4093315449691781,1.9105315109717353,-0.41984322553247205,0.76863799272254,0.010511680563293935,0.11385655289262525,1.1418935182491954,19.00720429957105
570,19.0,0.1138067543506622,-0.25664613575964124,-0.34266487830251147,2.0,-0.3560418370575598,1.65616661698947,0.013376958755048352,0.469848591408222,0.34383338301053,31.255099314454686
571,19.03333333333333,-0.3449308276176452,-0.2816720816570265,-0.2816720816570265,1.8297838993645488,-0.294704797077224,1.3604447976402945,0.013032715420197516,-0.050226030540421185,0.4693391017242543,27.174138207436062
572,19.066666666666666,-0.3072325885295868,-0.2889176850412608,-0.23845706278931933,1.2964505660312153,-0.24469175158034395,0.9556369141246552,0.006234688791024623,-0.06254083694924284,0.3408136519065601,17.580689306024244
573,19.1,-0.138312429189682,-0.2462258105443146,-0.21301982169938993,0.763117232697882,-0.2186096782003831,-0.32717151199357986,0.005589856500993168,0.0802972490107011,1.090288744691462,0.7914109892558541
574,19.133333333333333,-0.1192259714007377,-0.21022533258494527,-0.20536035838723832,0.22978389936454868,-0.2105920991165203,-0.9167473136508513,0.005231740729281981,0.0913661277157826,1.1465312130154,-7.6152037399204335
575,19.166666666666668,-0.1853084415197372,-0.2031621741301151,-0.2031621741301151,0.06594552771369694,-0.20842164902288995,-1.15008325309179,0.005259474892774868,0.023113207503152766,1.2160287808054868,-10.745486476759545
576,19.2,0.0800821632146835,-0.1228712730355895,-0.18318621209521407,0.5992788610470303,-0.18946833695708476,-0.8020136680939229,0.006282124861870686,0.2695505001717683,1.4012925291409533,-4.857877616786737
577,19.233333333333334,0.1963096261024475,-0.032393481867050586,-0.14543247228253528,1.1326121943803638,-0.14945505492183708,0.6007772386293928,0.004022582639301803,0.3457646810242846,0.531834955750971,11.8313960380518
578,19.266666666666666,0.0096703441813588,-0.020469704224855872,-0.0899009546920787,1.665945527713697,-0.09726230431633659,0.8077960458877923,0.007361349624257885,0.10693264849769539,0.8581494818259047,17.259988345695056
579,19.3,0.2070246040821075,0.044017809202841346,-0.02323428802541204,2.0,-0.035648645660199374,1.3936390387364672,0.012414357634787335,0.24267324974230686,0.6063609612635328,27.632218734563246
580,19.333333333333332,0.350401759147644,0.1308680659549203,0.043432378641254626,2.0,0.029474046336583296,1.8147230396139205,0.01395833230467133,0.3209277128110607,0.18527696038607955,33.4431779466721
581,19.366666666666667,0.0215916689485311,0.09989162891030084,0.09989162891030084,1.6937775080713866,0.08765587453714617,0.9818193840675447,0.012235754373154675,-0.06606420558861507,0.711958124003842,21.949107500132115
582,19.4,0.0288805123418569,0.07976220076195216,0.13857310140156928,1.1604441747380534,0.1346518662233667,1.0658909884061785,0.003921235178202587,-0.1057713538815098,0.09455318633187493,17.364943919955714
583,19.433333333333334,-0.0423448495566844,0.04514867523842789,0.15947679611505994,0.6271108414047201,0.15514286240399838,-0.2715856073647931,0.004333933711061555,-0.19748771196068277,0.8986964487695132,0.4816847705785601
584,19.466666666666665,0.0542995259165763,0.04774265488729757,0.16260271305077284,0.09377750807138674,0.1593029408569749,-0.5865639827426219,0.0032997721937979285,-0.10500341494039861,0.6803414908140086,-5.019009537944388
585,19.5,-0.4300690591335296,-0.08770200547867771,0.14795085220870796,-0.4395558252619466,0.14922296355138598,0.0658304613111988,-0.0012721113426780173,-0.5792920226849156,-0.5053862865731453,-0.8894556758029631
586,19.53333333333333,0.1793211996555328,-0.012009287472896826,0.1155212135888653,-0.9728891585952799,0.12020727838094747,0.13176553802925373,-0.004686064792082167,0.05911392127458534,-1.1046546966245336,-3.1161935050610614
587,19.566666666666666,0.0176453161984682,-0.0036031358347212855,0.06531379719124486,-1.5062224919286131,0.07039042556672381,-0.9689438960787432,-0.005076628375478953,-0.05274510936825561,-0.5372785958498699,-17.609555220724662
588,19.6,0.0167082510888576,0.002154506396934295,0.0021545063969342915,-1.894778723829317,0.013116753667928804,-0.872840627855402,-0.010962247270994513,0.0035914974209287943,-1.021938095973915,-20.445200664404545
589,19.633333333333333,0.1465653777122497,0.043090466827583926,-0.0432270066195985,-1.3614453904959838,-0.037064271775668026,-0.9442434916516926,-0.006162734843930477,0.1836296494879177,-0.41720189884429115,-17.555974343429053
590,19.666666666666668,-0.0448866747319698,0.018151701810233015,-0.07083074185835352,-0.8281120571626505,-0.0655167970917144,0.1692772497704944,-0.005313944766639114,0.020630122359744603,-0.9973893069331449,-2.669909444114787
591,19.7,0.049110323190689,0.02692750163939314,-0.08065669931933075,-0.29477872382931714,-0.07536741027707033,0.8729296075376474,-0.00528928904226042,0.12447773346775934,-1.1677083313669645,6.916297864016797
592,19.733333333333334,0.175916701555252,0.06916127487820135,-0.07270487900253021,0.2385546095040162,-0.07047274381792733,0.6084956248977109,-0.0022321351846028847,0.2463894453731793,-0.3699410153936947,6.59854139978558
593,19.766666666666666,-0.1190165057778358,0.015818766016501548,-0.046975280907951895,0.7718879428373495,-0.05176472217579732,-0.6450676819582872,0.004789441267845425,-0.06725178360203848,1.4169556247956367,-3.3838039272462077
594,19.8,0.1150548383593559,0.04394908538733511,-0.0034679050355958044,1.3052212761706827,-0.006754084413235533,0.9336478544047064,0.0032861793776397287,0.12180892277259144,0.3715734217659763,15.791621879054174
595,19.833333333333332,0.0966315269470214,0.05888290805203232,0.05781724861453806,1.838554609504016,0.04799764116397372,0.6342307869371115,0.009819607450564344,0.048633885783047684,1.2043238225669044,16.883485245509732
596,19.866666666666667,-0.243627056479454,-0.026869195132077597,0.10132462448689415,1.3052212761706827,0.09673174759486823,1.0423823464262845,0.004592876892025921,-0.34035880407432223,0.26283892974439826,17.768860166863167
597,19.9,-0.27454873919487,-0.09707859088523878,0.12705422258147248,0.7718879428373494,0.12150618151082664,-0.41427252647920154,0.00554804107064584,-0.39605492070569664,1.186160469316551,-0.24484655946184963
598,19.933333333333334,-0.381688117980957,-0.17775648052927562,0.135006042898273,0.23855460950401608,0.12944989066356702,-1.0064390676906736,0.0055561522347059855,-0.511138008644524,1.2449936771946897,-8.489957179564335
599,19.966666666666665,-0.2687205076217651,-0.20354193407411392,0.12518008543729575,-0.29477872382931725,0.1229963461491553,-0.6449217768848908,0.002183739288140446,-0.39171685377092036,0.3501430530555736,-7.184847452540393
600,20.0,-0.1771505773067474,-0.196060810759089,0.09757635019854073,-0.8281120571626506,0.10281587808512552,0.7083261875456146,-0.0052395278865847855,-0.2799664553918729,-1.5364382447082652,3.770365553993285
601,20.03333333333333,-0.3258406817913055,-0.23284934071449404,0.05219483718200794,-1.3614453904959838,0.055243776178895296,-1.1042653155810314,-0.0030489389968873584,-0.3810844579702008,-0.25718007491495243,-17.821490682892314
602,20.066666666666666,-0.3695253133773803,-0.271592699561295,-0.010964453612302631,-1.894778723829317,-0.0006217780958777735,-0.7038665129727688,-0.010342675516424857,-0.36890353528150255,-1.1909122108565482,-18.113357879024207
603,20.1,-0.0842529907822609,-0.2184877578362142,-0.07763112027896929,-2.0,-0.06430580195490872,-1.6420828630837137,-0.013325318324060573,-0.019947188827352177,-0.35791713691628635,-31.06074351055525
604,20.133333333333333,-0.3904117047786712,-0.2672228137569739,-0.14429778694563594,-2.0,-0.13006110554146444,-1.8906364303866896,-0.014236681404171503,-0.26035059923720677,-0.1093635696133104,-34.49078273933632
605,20.166666666666668,-0.3198688924312591,-0.2821463286822027,-0.2109644536123026,-2.0,-0.196449300155875,-1.9665833537292676,-0.014515153456427593,-0.1234195922753841,-0.033416646270732375,-35.538850281463894
606,20.2,-0.3708524405956268,-0.3072917339703958,-0.27763112027896925,-2.0,-0.26303087813990783,-1.9897893580839419,-0.014600242139061415,-0.10782156245571894,-0.010210641916058139,-35.8590931415584
607,20.233333333333334,-0.4311191737651825,-0.342392936044027,-0.342392936044027,-1.9428544729517323,-0.32817619151822647,-1.8174376053982393,-0.014216744525800518,-0.10294298224695603,-0.12541686755349302,-33.4806389544957
608,20.266666666666666,-0.4246271252632141,-0.365703753888017,-0.38937697403130694,-1.4095211396183989,-0.380604884517764,-0.7917929965531085,-0.008772089513542969,-0.044022240745450136,-0.6177281430652903,-17.225274038676744
609,20.3,-0.4724736213684082,-0.3959696682928937,-0.4185832342408091,-0.8761878062850655,-0.41346590152223656,-0.12436951524686601,-0.005117332718572565,-0.05900771984617165,-0.7518182910381995,-6.163481576457828
610,20.333333333333332,-0.5604828596115112,-0.4426040070293057,-0.4426040070293057,-0.7206231836548971,-0.43683702698361354,0.5077459902244532,-0.005766980045692149,-0.12364583262789769,-1.2283691738793503,1.3569183646277723
611,20.366666666666667,-0.4524019658565521,-0.4453814215771172,-0.4488470020400245,-0.18728985032156376,-0.4434269804329195,1.0136034528146534,-0.0054200216071049745,-0.00897498542363262,-1.2008933031362172,8.763520217492502
612,20.4,-0.4337167739868164,-0.442074859212076,-0.442074859212076,0.20316428483845406,-0.4390419107482677,0.7973154404011544,-0.003032948463808305,0.005325136761451299,-0.5941511555627004,8.339567474482548
613,20.433333333333334,-0.3731111586093902,-0.4225258093842511,-0.4225258093842511,0.5864714948347471,-0.42468656221857304,-0.13517512570311485,0.002160752834321933,0.051575403609182835,0.721646620537862,0.867875554156437
614,20.466666666666665,0.134623035788536,-0.26459155642779436,-0.3851989817786484,1.1198048281680806,-0.38926432166703295,0.2949709504400333,0.004065339888384534,0.5238873574555689,0.8248338777280473,8.193159716087038
615,20.5,-0.643505334854126,-0.37200174860384017,-0.3656499319508235,0.5864714948347473,-0.3719112716142724,-0.8917890016073751,0.006261339663448884,-0.2715940632398536,1.4782604964421222,-5.964106136914996
616,20.53333333333333,-0.2252916395664215,-0.3304140262694266,-0.3304140262694266,1.0570771704419069,-0.334756972046545,0.410342275344164,0.004342945777118357,0.10946533248012347,0.6467348950977428,9.565754593925169
617,20.566666666666666,-0.5032649040222168,-0.3794118380521802,-0.3129558983658075,0.5237438371085735,-0.3183796113235156,-0.697943329925778,0.0054237129577081045,-0.1848852926987012,1.2216871670343514,-4.245125503193587
618,20.6,-0.1449913382530212,-0.31296096619947533,-0.31296096619947533,-0.00015203501003480113,-0.31701509536726913,-0.8554628237282935,0.004054129167793796,0.17202375711424792,0.8553107887182587,-8.030550255117696
619,20.633333333333333,-0.2423494160175323,-0.29294480261104683,-0.2951882562553654,0.5331812983232985,-0.3017473843130161,-1.0475091551396032,0.006559128057650743,0.05939796829548383,1.5806904534629016,-7.778584719104259
620,20.666666666666668,-0.2860625386238098,-0.2909938962582995,-0.2909938962582995,0.12583079991197565,-0.2977025757952126,-1.4235087948851461,0.006708679536913065,0.011640037171402773,1.5493395947971218,-13.09488770432181
621,20.7,-0.1624979823827743,-0.2545693279553811,-0.2690217584834559,0.659164133245309,-0.27505391754773567,-0.5558690616027733,0.006032159064279785,0.11255593516496137,1.2150331948480821,-1.9294478153782775
622,20.733333333333334,-0.5334152579307556,-0.3336134182773335,-0.26482739848639003,0.12583079991197565,-0.26989746418909744,-0.9658056636215777,0.005070065702707405,-0.2635177937416582,1.0916364635335534,-8.519935283524903
623,20.766666666666666,-0.2150376886129379,-0.30000091159161063,-0.27841081626710196,-0.40750253342135767,-0.2792144996065471,-0.4005058477392705,0.0008036833394451381,0.0641768109936092,-0.006996685682087167,-5.264242014983028
624,20.8,-0.3705255687236786,-0.31999244372107083,-0.30977201182559166,-0.940835866754691,-0.30495580453637294,0.3498698768934885,-0.004816207289218721,-0.06556976418730565,-1.2907057436481795,-0.5213641693653464
625,20.833333333333332,-0.4503600597381592,-0.35694758097705437,-0.35694758097705437,-1.4152670745438811,-0.3533097956421483,-1.068164081521323,-0.003637785334906052,-0.09705026409601086,-0.3471029930225582,-17.824786699915474
626,20.866666666666667,-0.7737194895744324,-0.4750893676968136,-0.42190092790629485,-1.9486004078772146,-0.4109926483855991,-0.9219423292141016,-0.01090827952069573,-0.36272684118883325,-1.026658078663113,-21.122804143154603
627,20.9,-0.4441073536872864,-0.46630693678974844,-0.46907649705775756,-1.4152670745438813,-0.4620495264767906,-0.8848378338148407,-0.0070269705809669625,0.017942172789504218,-0.5304292407290406,-17.427109762582973
628,20.933333333333334,-0.8652524948120117,-0.5793955112747278,-0.534029843986998,-1.9486004078772146,-0.5220859800855615,-1.204374433052511,-0.011943863901436536,-0.3431665147264502,-0.7442259748247035,-25.02036717612465
629,20.966666666666665,-0.4667073786258697,-0.547451953998869,-0.5812054131384607,-1.4152670745438813,-0.5736023188395045,-0.85367441494996,-0.007603094298956226,0.10689494021363483,-0.5615926595939214,-17.359509115506864
630,21.0,-0.4371351897716522,-0.5161806054216396,-0.6106032045121457,-0.881933741210548,-0.6055135284828891,-0.06110346447820736,-0.005089676029256585,0.16837833871123686,-0.8208302767323407,-5.410793182714688
631,21.03333333333333,-0.3158909976482391,-0.45940477280042397,-0.6222232181080528,-0.3486004078772147,-0.617177279311053,0.7487813150938707,-0.0050459387969997715,0.30128628166281396,-1.0973817229710854,5.4469419259864225
632,21.066666666666666,-0.4383319914340973,-0.45343129908394625,-0.6160654539261822,0.18473292545611864,-0.6137717746920782,0.5773907126978451,-0.0022936792341039514,0.17543978325798093,-0.3926577872417265,6.074006097401737
633,21.1,-0.1092269420623779,-0.35586014110425074,-0.5921299119665338,0.718066258789452,-0.5964718153644983,-0.5805148038047034,0.004341903397964586,0.4872448733021204,1.2985810625941554,-2.975049724882238
634,21.133333333333333,-0.3239684998989105,-0.346819859368122,-0.5504165922291075,1.2513995921227852,-0.5539298279733234,0.7692126582536511,0.0035132357442158035,0.22996132807441283,0.482186933869134,13.835304673190446
635,21.166666666666668,-0.2903595864772796,-0.3308151398071087,-0.4909254947139036,1.7847329254561184,-0.4999771603258387,0.6884277595619199,0.0090516656119351,0.2096175738485591,1.0963051658941985,17.001050986126614
636,21.2,-0.2086630314588546,-0.2961888417429806,-0.42425882804723697,2.0,-0.43718967112270346,1.534498704376234,0.012930843075466492,0.22852663966384887,0.4655012956237661,29.576082120392027
637,21.233333333333334,-0.1141828894615173,-0.24459585298198475,-0.3575921613805703,2.0,-0.37170830868100474,1.85776349300385,0.014116147300434423,0.25752541921948746,0.14223650699614998,34.03713620345313
638,21.266666666666666,-0.5266621708869934,-0.32455282244979444,-0.30870327249168145,1.4666666666666668,-0.3183688829025627,0.7300215558969747,0.009665610410881265,-0.2082932879844307,0.7366451107696921,17.091277528945756
639,21.3,-0.326870709657669,-0.32520987089884845,-0.27759216138057036,0.9333333333333335,-0.2824695901300725,0.32674708870386415,0.004877428749502144,-0.04440111952759651,0.6065862446294693,8.571206554455712
640,21.333333333333332,-0.466318815946579,-0.36520983861784384,-0.264258828047237,0.40000000000000013,-0.2689390870363658,-0.5899785198456382,0.004680258989128827,-0.19737972891021316,0.9899785198456383,-3.635815475613456
641,21.366666666666667,-0.4406071305274963,-0.38658261014175843,-0.2687032724916814,-0.1333333333333332,-0.27088826027685053,-0.5062511473941654,0.0021849877851691235,-0.16971887025064575,0.37291781406083224,-5.1689616141788814
642,21.4,-0.2262694090604782,-0.34113883713352733,-0.2909254947139036,-0.6666666666666665,-0.28682737584236195,0.5628614757498174,-0.004098118871541656,0.06055796678188374,-1.229528142416484,3.0107284865349144
643,21.433333333333334,-0.7587295770645142,-0.45951273689828576,-0.3309254947139036,-1.1999999999999997,-0.3271949050833297,-0.6243734146750978,-0.0037305896305738773,-0.43153467198118445,-0.575626585324902,-12.112124290100684
644,21.466666666666665,-0.7061567902565002,-0.5294286034585072,-0.38870327249168135,-1.733333333333333,-0.3803847028660989,-0.7401702373426102,-0.008318569625582473,-0.32577208739040137,-0.9931630959907227,-17.113292361004717
645,21.5,-0.0902076214551925,-0.4049232073215343,-0.42870327249168133,-1.1999999999999997,-0.42496083274432117,-0.9047055667406951,-0.00374243974736016,0.33475321128912866,-0.2952944332593046,-15.44728990719244
646,21.53333333333333,-0.3087059259414673,-0.37764862066857374,-0.45092549471390353,-0.6666666666666664,-0.4458050563832503,0.4718125062039178,-0.005120438330653232,0.137099130441783,-1.1384791728705843,1.3928042571438026
647,21.566666666666666,0.0550595037639141,-0.2549894157316227,-0.45536993915834795,-0.13333333333333308,-0.4508119805186674,0.8638132636931075,-0.004557958639680559,0.5058714842825814,-0.9971465970264406,7.560506394436403
648,21.6,0.1672676801681518,-0.13529275015599584,-0.4420366058250146,0.40000000000000024,-0.4416498927887964,0.300264491521092,-0.0003867130362181781,0.6089175729569483,0.09973550847890822,4.2756599710592935
649,21.633333333333333,0.1565288007259369,-0.0525704775811701,-0.4109254947139035,0.9333333333333336,-0.41577469870406986,-0.3409516073386867,0.004849203990166362,0.5723034994300067,1.2742849406720202,0.6274665402991411
650,21.666666666666668,0.1083639040589332,-0.006950619334032383,-0.3620366058250146,1.4666666666666668,-0.3665467639776372,1.00888790551152,0.004510158152622568,0.4749106680365704,0.4577787611551467,17.69620299503266
651,21.7,-0.0145128145813941,-0.009094264909987129,-0.29536993915834797,2.0,-0.3069130993990245,1.156039749433523,0.011543160240676531,0.2924002848176304,0.8439602505664769,24.353348542182616
652,21.733333333333334,0.0957043841481208,0.02061287079215212,-0.22870327249168132,2.0,-0.24239540559259656,1.7421232567713532,0.013692133100915244,0.33809978974071736,0.25787674322864684,32.44130094344467
653,21.766666666666666,-0.2744005620479584,-0.06301420037816144,-0.16203660582501467,2.0,-0.17638536952211398,1.9212043284579126,0.01434876369709931,-0.0980151925258444,0.07879567154208744,34.91261973271919
654,21.8,0.1067451834678649,-0.014892730321527305,-0.095369939158348,2.0,-0.1099193399820591,1.9759235448065857,0.014549400823711103,0.21666452344992398,0.02407645519341428,35.66774491833088
655,21.833333333333332,0.0421427749097347,0.0012750495971403202,-0.028703272491681336,2.0,-0.04331397910407938,1.9926433053575685,0.014610706612398043,0.08545675401381408,0.007356694642431494,35.898477613934446
656,21.866666666666667,-0.2104151993989944,-0.0587325078501022,0.020185616397207555,1.4666666666666668,0.0102448692086058,0.7151389840091794,0.009940747188601756,-0.22066006860760018,0.7515276826574874,17.05899379608145
657,21.9,-0.6165246367454529,-0.21684911160032327,0.051296727508318665,0.9333333333333335,0.046418526233999106,0.34502231320137244,0.004878201274319559,-0.662943162979452,0.588311020131961,8.788630420892762
658,21.933333333333334,-0.4845790565013885,-0.29274216820157983,0.064630060841652,0.40000000000000013,0.06000318139771479,-0.5738616509094372,0.004626879443937214,-0.5445822378991033,0.9738616509094373,-3.472451918221659
659,21.966666666666665,-0.1247241497039794,-0.2451143206980762,0.06018561639720756,-0.1333333333333332,0.05806769940857855,-0.4896564779364132,0.0021179169886290095,-0.18279184911255794,0.35632314460308,-5.007112082551633
660,22.0,0.0367221198976039,-0.16522251424987067,0.03796339417498534,-0.6666666666666665,0.042135050901258665,0.580481472112943,-0.004171656726273322,-0.005412931003654767,-1.2471481387796095,3.1813585696129247
661,22.03333333333333,-0.7270411849021912,-0.3244805165148599,-0.0020366058250146507,-1.1999999999999997,0.0016941902840179723,-0.6292579699694549,-0.003730796109032623,-0.7287353751862091,-0.5707420300305448,-12.170236785412012
662,22.066666666666666,-0.3422908186912536,-0.329529179531087,-0.05981438360279241,-1.733333333333333,-0.051495699107635295,-0.7401640238704744,-0.008318684495157116,-0.2907951195836183,-0.9931693094628585,-17.113278882549803
663,22.1,-0.1337357312440872,-0.27402786734693263,-0.12648105026945908,-2.0,-0.11377417364634142,-1.4734169446447365,-0.01270687662311766,-0.019961557597745774,-0.5265830553552635,-28.73315383609736
664,22.133333333333333,-0.107495367527008,-0.22682111787610792,-0.19314771693612576,-2.0,-0.1791000038294646,-1.8390996219747817,-0.01404771310666117,0.07160463630245659,-0.16090037802521828,-33.77957478325199
665,22.166666666666668,0.019263170659542,-0.15706392711652575,-0.24203660582501466,-1.4666666666666668,-0.23240906721483595,-0.7320809182095952,-0.009627538610178704,0.251672237874378,-0.7345857484570716,-17.095744761039285
666,22.2,0.1747098416090011,-0.06301645170990591,-0.2731477169361258,-0.9333333333333335,-0.2682703950840407,-0.32421827118034596,-0.004877321852085059,0.4429802366930418,-0.6091150621529875,-8.541120725219969
667,22.233333333333334,0.0789954885840416,-0.022760513111907327,-0.28648105026945914,-0.40000000000000013,-0.2817934049344446,0.5922086768867045,-0.004687645335014534,0.3607888935184862,-0.9922086768867047,3.6584207588861206
668,22.266666666666666,0.0922650471329689,0.009845631701223385,-0.2820366058250147,0.1333333333333332,-0.27984233717954043,0.5085474196466682,-0.0021942686454742844,0.37210738431250934,-0.37521408631333497,5.19135739551715
669,22.3,0.1157019734382629,0.03985259016087507,-0.2598143836027925,0.6666666666666665,-0.2639023267407495,-0.5604233248218442,0.004087943137956962,0.37960430017901237,1.2270899914885107,-2.987117704397201
670,22.333333333333332,0.1649117171764373,0.07530293699676252,-0.21981438360279254,1.1999999999999997,-0.223544944662098,0.6236975187907772,0.0037305610593054706,0.38845666183853533,0.5763024812092226,12.104083026558461
671,22.366666666666667,0.1174942702054977,0.08726285892658725,-0.16203660582501478,1.733333333333333,-0.1703551595556246,0.7401710971261515,0.008318553730609829,0.2878494297611223,0.9931622362071815,17.113294226073645
672,22.4,0.1386736929416656,0.10183622066714997,-0.09536993915834811,2.0,-0.10807677582563188,1.473406047599129,0.012706836667283769,0.24675046876729748,0.5265939524008709,28.73300345686798
673,22.433333333333334,0.1358945518732071,0.1114906911781748,-0.028703272491681447,2.0,-0.04275097338961558,1.8390962923219574,0.014047700897934133,0.17864552526282268,0.16090370767804263,33.77952883404301
674,22.466666666666665,0.0251362640410661,0.0870119148914674,0.03796339417498522,2.0,0.02350598476213014,1.9508349782094867,0.014457409412855077,0.0016302792789359595,0.0491650217905133,35.32152269929092
675,22.5,0.1965808570384979,0.11807127932370244,0.10463006084165188,2.0,0.09004746271590429,1.9849773544528992,0.014582598125747595,0.10653339432259361,0.015022645547100755,35.79268749145001
676,22.53333333333333,0.1209082752466201,0.11887547883987941,0.15351894973054078,1.4666666666666668,0.14359384005650305,0.715984841246344,0.00992510967403773,-0.022685564809882958,0.7506818254203228,17.060828655626672
677,22.566666666666666,0.0729964971542358,0.10587022402924089,0.1846300608416519,0.9333333333333335,0.17975190347410547,0.3439836331252011,0.004878157367546432,-0.10675540631986967,0.5893497002081324,8.776273043932331
678,22.6,-0.0909251198172569,0.05008490582389366,0.19796339417498524,0.40000000000000013,0.19333348088213015,-0.5747776599388537,0.004629913292855087,-0.284258600699387,0.9747776599388538,-3.481736754764101
679,22.633333333333333,0.0048264944925904,0.03725556327829676,0.1935189497305408,-0.1333333333333332,0.19139722074496102,-0.4905996429595738,0.002121728985579774,-0.18657072625237062,0.3572663096262406,-5.01631086880251
680,22.666666666666668,-0.352194219827652,-0.07314125633606855,0.17129672750831856,-0.6666666666666665,0.17546420467966686,0.5794800322035674,-0.004167477171348299,-0.5276584245073188,-1.2461466988702339,3.1716607370247214
681,22.7,-0.2206464260816574,-0.11495435348744137,0.13129672750831856,-1.1999999999999997,0.13502751188206108,-0.6289803542134408,-0.003730784373742524,-0.3556739379637185,-0.571019645786559,-12.166933937282037
682,22.733333333333334,-0.5741497874259949,-0.24512188133650326,0.0735189497305408,-1.733333333333333,0.0818376276970373,-0.7401643770157781,-0.008318677966496504,-0.6559874151230322,-0.9931689563175549,-17.11327964860346
683,22.766666666666666,-0.8867567181587219,-0.4270052676206981,0.006852283063874129,-2.0,0.019559157692123266,-1.4734164005896853,-0.012706874628249137,-0.9063158758508452,-0.5265835994103147,-28.733146328137657
684,22.8,-0.6455828547477722,-0.4889651697815532,-0.05981438360279254,-2.0,-0.04576667110567455,-1.8390994557357372,-0.01404771249711799,-0.5998161836420977,-0.1609005442642628,-33.779572489153175
685,22.833333333333332,-0.6367049217224121,-0.5308447636403819,-0.12648105026945922,-2.0,-0.11202363731240907,-1.9508359448081438,-0.01445741295705015,-0.5246812844100031,-0.04916405519185618,-35.321536038352384
686,22.866666666666667,-0.3594226241111755,-0.4822519544094007,-0.19314771693612587,-2.0,-0.17856511772742978,-1.9849776498024867,-0.01458259920869609,-0.1808575063837457,-0.015022350197513301,-35.79269156727432
687,22.9,-0.4912071824073791,-0.48479048115350054,-0.2598143836027925,-2.0,-0.24519353303942684,-1.9954098374396496,-0.014620850563365678,-0.24601364936795225,-0.004590162560350386,-35.936655756667164
688,22.933333333333334,0.0389170907437801,-0.3363357821051953,-0.32648105026945917,-2.0,-0.31184851179216666,-1.9985974503287796,-0.014632538477292512,0.35076560253594674,-0.0014025496712204433,-35.98064481453716
689,22.966666666666665,0.0940594971179962,-0.2143321963685692,-0.37536993915834804,-1.4666666666666668,-0.3654170463103413,-0.7144820065933726,-0.009952892848006767,0.4594765434283375,-0.7521846600732942,-17.057568660456376
690,23.0,0.0929159671068191,-0.12723696213959074,-0.40648105026945913,-0.9333333333333335,-0.4016028148927437,-0.345829056138962,-0.004878235376715445,0.4945187819995628,-0.5875042771943715,-8.798228397034478
691,23.03333333333333,0.1749336123466491,-0.04158106540681114,-0.4198143836027925,-0.40000000000000013,-0.4151898605496674,0.5731501865883231,-0.004624523053125107,0.5901234728963165,-0.9731501865883232,3.4652403845847846
692,23.066666666666666,0.1991646587848663,0.026662809514767655,-0.4153699391583481,0.1333333333333332,-0.4132549829482,0.48892392155175546,-0.002114956210148067,0.6124196417330663,-0.35559058821842227,4.999967384186329
693,23.1,0.255415678024292,0.09150708535364883,-0.3931477169361259,0.6666666666666665,-0.3973226199232021,-0.5812592906085912,0.004174902987076234,0.652738297947494,1.2479259572752577,-3.1888908773272253
694,23.133333333333333,0.2587957978248596,0.13892819743366114,-0.3531477169361259,1.1999999999999997,-0.35687852215995974,0.6294735941598734,0.003730805223833844,0.6156743199848194,0.5705264058401264,12.17280210794387
695,23.166666666666668,0.328627198934555,0.1927019247745803,-0.29536993915834814,1.733333333333333,-0.30368862872431673,0.7401637495824724,0.008318689565968596,0.6323158276588717,0.9931695837508605,17.113278287555804
696,23.2,0.284997284412384,0.21886476941122932,-0.2287032724916815,2.0,-0.24141015066421376,1.4734173672123585,0.012706878172532271,0.5264074350765977,0.5265826327876415,28.733159667530547
697,23.233333333333334,0.1578790098428726,0.20157721607272525,-0.16203660582501483,2.0,-0.17608431940510821,1.839099751092665,0.01404771358009338,0.3339633292479808,0.160900248907335,33.77957656507878
698,23.266666666666666,0.0816546827554702,0.16758293272061187,-0.09536993915834817,2.0,-0.10982735244630747,1.9508360350560916,0.014457413287959298,0.19148203520177767,0.0491639649439084,35.32153728377406
699,23.3,0.0837765336036682,0.1438264425974019,-0.028703272491681503,2.0,-0.04328587180148871,1.9849776773782513,0.01458259930980721,0.1270624054051569,0.01502232262174874,35.79269194781987
700,23.333333333333332,0.1344528049230575,0.14116930981069933,0.03796339417498516,2.0,0.023342543580724424,1.9954098458655765,0.014620850594260739,0.11111026134233308,0.004590154134423541,35.936655872944954
701,23.366666666666667,0.1092953234910965,0.13213403268189255,0.10463006084165183,2.0,0.08999752235491917,1.998597452903371,0.014632538486732655,0.019297801136177323,0.0014025470966290143,35.98064485006652
702,23.4,0.0576328411698341,0.11101527756327821,0.15351894973054073,1.4666666666666668,0.14356605687728213,0.7144820063092936,0.009952892853258594,-0.08593321570744802,0.7521846603573732,17.057568659840147
703,23.433333333333334,0.0457712188363075,0.0925206297430971,0.18463006084165184,0.9333333333333335,0.17975182546492166,0.3458290564877988,0.004878235376730183,-0.13398060662861416,0.5875042768455346,8.798228401184657
704,23.466666666666665,0.0316339842975139,0.07526117215507927,0.19796339417498518,0.40000000000000013,0.19333887112287898,-0.5731501862806856,0.0046245230521062,-0.16170488682536507,0.9731501862806857,-3.465240381466514
705,23.5,0.1085049733519554,0.08468474891190324,0.19351894973054073,-0.1333333333333332,0.19140399352167295,-0.4889239212349976,0.0021149562088677853,-0.08289902016971755,0.3555905879016644,-4.999967381096969
706,23.53333333333333,0.1549174040555954,0.10459350762040867,0.1712967275083185,-0.6666666666666665,0.17547163049679843,0.5812592909449235,-0.004174902988479917,-0.020554226441203027,-1.24792595761159,3.18889088058423
707,23.566666666666666,0.0802868828177452,0.09770334054322302,0.1312967275083185,-1.1999999999999997,0.13502753273215626,-0.6294735942531133,-0.0037308052238377576,-0.05474064991441106,-0.5705264057468864,-12.172802109053158
708,23.6,-0.3113908171653747,-0.018262044194352733,0.07351894973054074,-1.733333333333333,0.08183763929651151,-0.7401637495823565,-0.008318689565970774,-0.3932284564618862,-0.9931695837509764,-17.113278287555577
709,23.633333333333333,0.107812762260437,0.017476215961049688,0.017476215961049694,-1.6812820130847315,0.02748242572865989,-0.661124644963107,-0.010006209767610196,0.08033033653177711,-1.0201573681216245,-16.941824229843046
710,23.666666666666668,-0.0240260120481252,0.005711633779021109,-0.020788740030663583,-1.1479486797513982,-0.016820758725101696,-0.8865248494832277,-0.003967981305561887,-0.0072052533230235055,-0.2614238302681705,-15.230990411596293
711,23.7,-0.201976403594017,-0.053161421984615875,-0.053161421984615875,-0.9711804586185688,-0.048460539421385875,-0.04302375879171749,-0.004700882563230001,-0.15351586417263113,-0.9281566998268513,-5.195695441237607
712,23.733333333333334,-0.1998684704303741,-0.09474827673712256,-0.09474827673712256,-1.2476056425752007,-0.09121793902597071,-0.7835611257304325,-0.003530337711151854,-0.10865053140440338,-0.4640445168447682,-14.00601115489048
713,23.766666666666666,0.0254751294851303,-0.0606687053369456,-0.11855735371185147,-0.7142723092418674,-0.11276788903511098,0.6290533029913867,-0.005789464676740491,0.1382430185202413,-1.343325612233254,2.8001348335949166
714,23.8,-0.5959709882736206,-0.2124101419278635,-0.16014420846435817,-1.2476056425752007,-0.15661081424907244,-0.8558672807752079,-0.003533394215285729,-0.4393601740245482,-0.3917383617999928,-14.866251410717476
715,23.833333333333332,-0.1796856075525283,-0.20313376105640424,-0.20313376105640424,-1.289686577761382,-0.1997852098014941,-0.8113369546900538,-0.003348551254910126,0.020099602248965814,-0.4783496230713281,-14.33646554283623
716,23.866666666666667,-0.3710273206233978,-0.25072632834996134,-0.25072632834996134,-1.427777018806713,-0.24769718437380797,-1.0981443333561025,-0.0030291439761533645,-0.12333013624958986,-0.3296326854506104,-17.889820784664774
717,23.9,-0.5634629130363464,-0.33937735814664005,-0.3160966734212962,-1.9611103521400461,-0.3052847231209769,-0.9105046496602676,-0.01081195030031934,-0.25817818991536956,-1.0506057024797786,-20.96496416531169
718,23.933333333333334,-0.3970136344432831,-0.35571543785185644,-0.3636892407148533,-1.427777018806713,-0.3565080051401351,-0.8735513065266569,-0.0071812355747182255,-0.040505629303147994,-0.554225712280056,-17.40262668031165
719,23.966666666666665,-0.4405147731304168,-0.3797533942874838,-0.39350403023063263,-0.8944436854733796,-0.3884686061924679,-0.0643933941145487,-0.005035424038164704,-0.05204616693794889,-0.8300502913588309,-5.449934109379456
720,24.0,-0.1585445255041122,-0.31704760616400685,-0.40554104196863416,-0.3611103521400463,-0.40040486823079957,0.7642476894536059,-0.005136173737834593,0.24186034272668738,-1.1253580415936522,5.55467647001351
721,24.03333333333333,-0.1901734620332718,-0.28108275880519523,-0.3998002759288579,0.17222298119328705,-0.397307842277654,0.6157974402009263,-0.0024924336512039402,0.2071343802443822,-0.44357445900763925,6.397184609966862
722,24.066666666666666,-0.3422199189662933,-0.29841322947130206,-0.3762817321113039,0.7055563145266204,-0.38031737845005975,-0.5170543104110696,0.0040356463387558605,0.03809745948376647,1.22261062493769,-2.4107966294738694
723,24.1,0.0028671363834291,-0.21300967901261214,-0.3349854105159721,1.2388896478599536,-0.3385508538589694,0.7175595853366801,0.0035654433429972987,0.3414179902423985,0.5213300625232735,13.220778114105258
724,24.133333333333333,0.1536630243062973,-0.10906944835443509,-0.2759113111428625,1.7722229811932868,-0.2847841657045882,0.7010420208332759,0.008872854561725707,0.4384471900108855,1.0711809603600109,17.028414229807563
725,24.166666666666668,0.1362062990665435,-0.03954145368497601,-0.20924464447619584,2.0,-0.2221208508418761,1.5195977835254513,0.012876206365680265,0.35832714990841963,0.4804022164745487,29.370449412651226
726,24.2,0.1108612269163131,0.0030929970712603796,-0.1425779778095292,2.0,-0.15667743055975114,1.8532104338549975,0.014099452750221952,0.26753865747606426,0.1467895661450025,33.974303987198965
727,24.233333333333334,-0.0217884667217731,-0.003960118861156534,-0.07591131114286252,2.0,-0.09038453362169444,1.955147632566806,0.014473222478831912,0.06859606689992134,0.044852367433193985,35.38103732942192
728,24.266666666666666,0.0776193588972091,0.01916510878308208,-0.009244644476195857,2.0,-0.023832074372103038,1.9862951099509691,0.01458742989590718,0.10145143326931214,0.01370489004903086,35.810872517323375
729,24.3,0.197116419672966,0.06960873366271365,0.05742202219047081,2.0,0.04279969558379063,1.9958123947072406,0.014622326606680176,0.15431672408917538,0.004187605292759411,35.94221104695992
730,24.333333333333332,0.0973759368062019,0.07747986634682963,0.1063109110793597,1.4666666666666668,0.09636369937233401,0.7147893082553184,0.009947211707025685,0.0010122374338678852,0.7518773584113484,17.058235268676913
731,24.366666666666667,0.1499109715223312,0.0980118168046211,0.1374220221904708,0.9333333333333335,0.13254380276517574,0.34545170154576144,0.004878219425295066,0.017367168757155466,0.587881631787572,8.793738936744527
732,24.4,0.1149963438510894,0.1028263984270075,0.15075535552380415,0.40000000000000013,0.14612973026717047,-0.5734829745396774,0.004625625256633681,-0.03113338641608107,0.9734829745396776,-3.4686135846651247
733,24.433333333333334,0.0327500812709331,0.0829619566429596,0.1463109110793597,-0.1333333333333332,0.14419456996293337,-0.4892665753311055,0.0021163411164263346,-0.11144448869200027,0.3559332419977723,-5.003309322020009
734,24.466666666666665,0.0386458039283752,0.07039971491254456,0.12408868885713749,-0.6666666666666665,0.12826207340337262,0.5808954654440535,-0.004173384546235129,-0.08961626947499741,-1.24756213211072,3.185367634939916
735,24.5,0.1324481219053268,0.08798849552377266,0.08798849552377266,-1.0830058000009448,0.09221558886465446,-0.33655143654997477,-0.004227093340881796,0.04023253304067233,-0.74645436345097,-8.687850769517793
736,24.53333333333333,0.0494745261967182,0.07707099111403126,0.0696660799681856,-0.5496724666676115,0.0755122679714076,0.801089031654735,-0.005846188003221994,-0.0260377417746894,-1.3507614983223464,5.188996397032363
737,24.566666666666666,0.0656377673149108,0.07383003014777803,0.06912144219037633,-0.016339133334278166,0.0737928597451818,0.9925992173720191,-0.004671417554805463,-0.008155092430270988,-1.0089383507062972,9.297325642191616
738,24.6,-0.4350756108760834,-0.07042878495486163,0.05079902663478928,-0.5496724666676115,0.05728993194854163,0.9652321710523828,-0.006490905313752349,-0.492365542824625,-1.5149046377199942,6.799719589350997
739,24.633333333333333,0.1286878883838653,-0.013985442520625793,0.014698833301424456,-1.0830058000009448,0.018932433741512034,-0.4904865544026808,-0.004233600440087578,0.10975545464235327,-0.592519245598264,-10.519246521101708
740,24.666666666666668,0.0168468877673149,-0.005245442261947182,-0.005245442261947182,-0.5983282669011492,0.0006176981937742699,0.7460912034238834,-0.005863140455721452,0.01622918957354063,-1.3444194703250325,4.415934996521795
741,24.7,-0.0641937106847763,-0.021955430655711036,-0.021955430655711036,-0.5012996518129156,-0.015255980526274084,1.00714604291392,-0.006699450129436952,-0.048937730158502224,-1.5084456947268357,7.298376997292834
742,24.733333333333334,-0.0616951063275337,-0.033220384436625276,-0.033220384436625276,-0.3379486134274272,-0.02582564685839859,1.3604428594679447,-0.007394737578226687,-0.03586945946913511,-1.698391472895372,11.501617283919792
743,24.766666666666666,-0.1143311783671379,-0.05621275489042714,-0.05621275489042714,-0.6897711136140559,-0.050308505114318905,0.4336941916153241,-0.0059042497761082335,-0.06402267325281899,-1.12346530522938,0.4759098510300226
744,24.8,-0.059665746986866,-0.05719157003460373,-0.061427347566451226,-0.15643778028072253,-0.05646985820888341,0.90299875871122,-0.004957489357567818,-0.003195888777982589,-1.0594365389919425,7.763342109375335
745,24.833333333333332,-0.2761448323726654,-0.11925796435516738,-0.08441971802025308,-0.6897711136140559,-0.07852231151225411,0.5955818852843457,-0.00589740650799897,-0.1976225208604113,-1.2853529988984016,2.4019189291070195
746,24.866666666666667,-0.2875575423240661,-0.16696562515299546,-0.1251898662518327,-1.223104446947389,-0.1215522342623398,-0.8017137152609475,-0.0036376319894929066,-0.1660053080617263,-0.4213907316864416,-14.221976009500477
747,24.9,-0.2600702941417694,-0.1933578836507044,-0.1837377922611901,-1.7564377802807223,-0.175087051880684,-0.7167688919731775,-0.008650740380506117,-0.08498324226108542,-1.0396688883075447,-17.062529442587977
748,24.933333333333334,-0.3501332700252533,-0.2377987969605856,-0.2377987969605856,-1.6218301409818645,-0.22859566461735945,-0.7185462665559254,-0.009203132343226145,-0.12153760540789385,-0.9032838744259392,-17.06638497822133
749,24.966666666666665,-0.3228987455368042,-0.26192196785372424,-0.2740820238822033,-1.0884968076485313,-0.2698641010872289,-0.6843822594331102,-0.004217922794974405,-0.053034644449575286,-0.40411454821542114,-12.826061076457922
750,25.0,-0.3323296904563904,-0.2818803527053862,-0.29258747302604327,-0.555163474315198,-0.2877134286093572,0.5024001944934613,-0.004874044416686041,-0.044616261847033156,-1.0575636688086592,2.139908016869341
751,25.03333333333333,-0.4667789041996002,-0.3342933027742558,-0.328870699947661,-1.0884968076485313,-0.3246649322992567,-0.39683417377750485,-0.004205767648404302,-0.14211397190034353,-0.6916626338710264,-9.405046107348287
752,25.066666666666666,-0.6536974310874939,-0.42483437242453065,-0.3829317046470565,-1.6218301409818645,-0.37620143136235307,-0.8523070200682462,-0.006730273284703436,-0.27749599972514083,-0.7695231209136183,-17.35654292045573
753,25.1,-0.2399854212999344,-0.37243548250743164,-0.41921493156867423,-1.0884968076485313,-0.4150039520293725,-0.520129211114312,-0.004210979539301718,0.17501853072943813,-0.5683675965342193,-10.871910918444021
754,25.133333333333333,-0.1521757245063781,-0.3099987375735387,-0.4377203807125142,-0.555163474315198,-0.4323665745825433,0.6472544945041965,-0.005353806129970884,0.2801908500761652,-1.2024179688193946,3.608177930022288
755,25.166666666666668,-0.2544756829738617,-0.29425969005322833,-0.43844805207857634,-0.021830140981864643,-0.4343578329226687,0.8440720880057038,-0.004090219155907626,0.17988214994880702,-0.8659022289875684,7.826161318583719
756,25.2,-0.1772137582302093,-0.2610808331566875,-0.42139794566686073,0.5115031923514687,-0.42231144750824035,0.07714633898166423,0.0009135018413796159,0.24509768927803105,0.43435685336980445,2.563262876846869
757,25.233333333333334,-0.4355950951576233,-0.31055016229227517,-0.38657006147736733,1.044836525684802,-0.3909499168048855,0.02448970767751879,0.004379855327518167,-0.04464517835273779,1.0203468180072832,4.975192264680713
758,25.266666666666666,-0.2727566957473755,-0.29983689786191914,-0.33396439951009615,1.5781698590181352,-0.3400660970322138,0.8965757023753083,0.006101697522117644,0.06730940128483831,0.681594156642827,17.4525719082295
759,25.3,-0.1704914420843124,-0.26317151102940506,-0.2672977328434295,2.0,-0.2793271967803406,1.288668030224779,0.012029463936911122,0.10883575469602821,0.711331969775221,26.18361881710195
760,25.333333333333332,0.0210285186767578,-0.1826097010737089,-0.20063106617676285,2.0,-0.21447179207374978,1.7826485647909025,0.013840725896986927,0.2355003107505076,0.2173514352090975,33.00055019411445
761,25.366666666666667,-0.1220634207129478,-0.16544672633021204,-0.15174217728787395,1.4666666666666668,-0.16125456329143606,0.7383096999821992,0.009512386003562107,0.039191142578488256,0.7283569666844676,17.109256426115238
762,25.4,-0.021699545904994,-0.12469890148636242,-0.12063106617676284,0.9333333333333335,-0.12550806470512818,0.31656956730721264,0.004876998528365345,0.10380851880013418,0.6167637660261208,8.450122621773655
763,25.433333333333334,-0.0962402448058128,-0.11663176337429654,-0.1072977328434295,0.40000000000000013,-0.11200771904403004,-0.5989540472580424,0.0047099862006005355,0.01576747423821724,0.9989540472580425,-3.7267930776131033
764,25.466666666666665,0.0584546402096748,-0.06700025001399958,-0.07618662173231838,0.9333333333333335,-0.0810501361562987,-0.0024169936791089697,0.004863514423980322,0.1395047763659735,0.9357503270124424,4.655078055258941
765,25.5,0.1575351506471634,-0.0033514942587905827,-0.02729773284342949,1.4666666666666668,-0.03181585227906121,1.0084572674569345,0.004518119435631719,0.1893510029262246,0.45820939920973225,17.695268841714274
766,25.53333333333333,0.2468313425779342,0.06756750661624732,0.039368933823237175,2.0,0.02782334096830784,1.1567031896842859,0.011545592854929336,0.21900800160962636,0.8432968103157141,24.362504017643143
767,25.566666666666666,0.1736463606357574,0.09763754034099216,0.09763754034099216,1.7480581955326495,0.08575004402159903,0.9512043663949441,0.011887496319393134,0.08789631661415837,0.7968538291377054,21.52662025625023
768,25.6,0.2170223295688629,0.13147939008084109,0.13812836908096937,1.2147248621993163,0.13388868784719282,1.0827702448727676,0.004239681233776549,0.08313364172167007,0.13195461732654867,17.85647083887785
769,25.633333333333333,0.2275672852993011,0.158717299808141,0.16084142004316881,0.681391528865983,0.15591875265778662,-0.360788284532239,0.00492266738538219,0.07164853264151447,1.042179813398222,-0.1446102725614704
770,25.666666666666668,0.1575821936130523,0.15839553274265963,0.16577669322759048,0.14805819553264965,0.16147670576866333,-0.7814230511433562,0.004299987458927151,-0.003894512155611013,0.9294812466760058,-6.683946391805213
771,25.7,0.2251185327768325,0.17730941411693163,0.17730941411693163,0.3459816266802346,0.17010658754429334,-1.454241409854036,0.007202826572638293,0.05501194523253916,1.8002230365342706,-12.69789212178539
772,25.733333333333334,0.1028842404484748,0.15621220767681604,0.171064357228495,-0.18735170665309875,0.16592643368322718,-1.2915066265685644,0.00513792354526782,-0.06304219323475238,1.1041549199154657,-13.06688196398774
773,25.766666666666666,-0.0324696116149425,0.10272681964362812,0.1470415225622806,-0.7206850399864321,0.14825953064998185,-0.1715271531114571,-0.0012180080877012556,-0.18072914226492434,-0.5491578868749749,-4.3213811283411765
774,25.8,0.139870211482048,0.11325580824890921,0.11325580824890921,-1.0135714294011413,0.11776914590028445,0.033536757886894364,-0.004513337651375238,0.022101065581763557,-1.0471081872880357,-4.284840225480779
775,25.833333333333332,0.2279367595911026,0.14576426722803182,0.09724787171331561,-0.480238096067808,0.10362086926491595,1.0255215943828042,-0.00637299755160034,0.12431589032618665,-1.505759690450612,7.7360495646377965
776,25.866666666666667,0.1534968912601471,0.14795622402824116,0.0990177129554998,0.05309523726552534,0.10387719970507583,1.0989035972422543,-0.004859486749576036,0.04961969155507126,-1.045808359976729,10.619445324004353
777,25.9,0.1228838488459587,0.14084899069451728,0.11856533197546175,0.5864285705988587,0.11796618901708626,0.21188197936549347,0.000599142958375487,0.004917659828872434,0.3745465912333652,4.169235512740193
778,25.933333333333334,0.0278766434639692,0.10882486748367101,0.12033517321764593,0.05309523726552534,0.12022661200164754,0.07273631345210473,0.00010856121599839286,-0.09234996853767834,-0.019641076186579384,1.0419340109229058
779,25.966666666666665,0.1445726752281189,0.1189582516948498,0.1189582516948498,-0.04130764568388387,0.11952780149134831,0.128060444425052,-0.0005695497964985086,0.025044873736770584,-0.16936809010893586,1.1274149431508262
780,26.0,-0.2231906205415725,0.021969759293335153,0.0998035523942759,-0.5746409790172172,0.10590068801288675,1.0920299560376385,-0.0060971356186108605,-0.3290913085544592,-1.6666709350548556,8.455179032593477
781,26.03333333333333,0.0597973428666591,0.032692694833025754,0.0628710753159242,-1.1079743123505505,0.06699765306926628,-0.5268244017255204,-0.0041265777533420755,-0.0072003102026071755,-0.5811499106250302,-10.95156489092575
782,26.066666666666666,0.0336380153894424,0.032960663612240836,0.032960663612240836,-0.897312351110501,0.03797534187630282,0.13132418297702864,-0.005014678264061982,-0.0043373264868604156,-1.0286365340875296,-3.121444391141255
783,26.099999999999998,0.0548622831702232,0.03916908700465356,0.020828029686335247,-0.3639790177771677,0.02655876431952596,0.9410623934638909,-0.005730734633190713,0.02830351885069724,-1.3050414112410587,7.335658568945479
784,26.133333333333333,-0.1000580936670303,-0.00029745943285492543,-0.00029745943285492543,-0.6337646735757052,0.005839698928517384,0.6843979871738723,-0.006137158361372309,-0.10589779259554769,-1.3181626607495776,3.458581203068205
785,26.166666666666668,-0.258785218000412,-0.07357064558671911,-0.039200726329822876,-1.1670980069090384,-0.03532484042159129,-0.6774617398385119,-0.0038758859082315827,-0.2234603775788207,-0.48963626707052654,-12.743726321652803
786,26.2,-0.3511723577976227,-0.15226203912961606,-0.0958817710045686,-1.7004313402423716,-0.088029043175566,-0.7731062479912814,-0.007852727829002606,-0.2631433146220567,-0.9273250922510903,-17.18473816871955
787,26.233333333333334,-0.4235477149486542,-0.22916303411414266,-0.16254843767123528,-2.0,-0.14998393669610927,-1.4345872224651939,-0.012564500975126014,-0.2735637782525449,-0.5654127775348061,-28.197303670019675
788,26.266666666666666,-0.4766287803649902,-0.2993118248817496,-0.22921510433790193,-2.0,-0.21521089490146045,-1.8272349846421432,-0.014004209436441484,-0.26141788546352973,-0.17276501535785682,-33.61584278806158
789,26.3,-0.4512813985347748,-0.34239044075783265,-0.2958817710045686,-2.0,-0.2814376506493918,-1.9472106897517658,-0.014444120355176782,-0.16984374788538298,-0.05278931024823419,-35.27150751857437
790,26.333333333333332,-0.2227655500173568,-0.3084805297568763,-0.34477065989345745,-1.4666666666666668,-0.3349225891643129,-0.7201519963792646,-0.009848070729144565,0.1121570391469561,-0.7465146702874021,-17.06986817676118
791,26.366666666666667,-0.0434076152741909,-0.23334065808608342,-0.37588177100456854,-0.9333333333333335,-0.371003829945788,-0.3388665272819228,-0.004877941058780533,0.3275962146715971,-0.5944668060514107,-8.715393849941316
792,26.4,-0.2337800711393356,-0.23346521792840558,-0.3892151043379019,-0.40000000000000013,-0.3845702446468426,0.5792904211484331,-0.004644859691059322,0.15079017350750698,-0.9792904211484332,3.5274789350706275
793,26.433333333333334,-0.261963814496994,-0.24154367774818966,-0.3847706598934575,0.1333333333333332,-0.38263015092709357,0.495246189438992,-0.0021405089663639187,0.12066633643009955,-0.3619128561056588,5.061629118333937
794,26.466666666666665,-0.1593905836343765,-0.2182558478274389,-0.3625484376712353,0.6666666666666665,-0.3666953240702951,-0.5745463917790392,0.0041468863990598015,0.2073047404359186,1.2412130584457057,-3.1238839124349105
795,26.5,0.1312510818243026,-0.11918157653368092,-0.3225484376712353,1.1999999999999997,-0.3262791642305237,0.6276126672423732,0.003730726559288411,0.4575302460548263,0.5723873327576265,12.15066230191222
796,26.53333333333333,0.0130668533965945,-0.08169328742267168,-0.26477065989345755,1.733333333333333,-0.27308930569620293,0.7401661168025896,0.008318645802745384,0.28615615909279746,0.9931672165307434,17.11328342260252
797,26.566666666666666,0.1950635313987732,-0.003241394701589448,-0.1981039932267909,2.0,-0.21081085802722718,1.473413720277091,0.012706864800436285,0.4058743894260004,0.5265862797229091,28.733109339823855
798,26.599999999999998,0.1750789284706115,0.0473068336060927,-0.13143732656012425,2.0,-0.1454850360542994,1.8390986367513327,0.014047709494175165,0.32056396452491087,0.16090136324866733,33.77956118716839
799,26.633333333333333,0.1239096075296402,0.06902132153661303,-0.06477065989345758,2.0,-0.07922807193294186,1.950835694562907,0.01445741203948428,0.20313767946258204,0.04916430543709294,35.32153258496812
800,26.666666666666668,0.0948847606778144,0.07635279673402394,0.0018960067732090857,2.0,-0.012686592155119646,1.9849775733386665,0.014582598928328732,0.10757135283293405,0.015022426661333466,35.7926905120736
801,26.7,0.1780326515436172,0.10517585191794673,0.06856267343987575,2.0,0.05394182296217788,1.9954098140757033,0.014620850477697872,0.12409082858143931,0.004590185924296719,35.936655434244706
802,26.733333333333334,0.1453550159931183,0.1165653869005763,0.11745156232876464,1.4666666666666668,0.1075051718323842,0.7148337288033978,0.009946390496380436,0.037849844160734086,0.751832937863269,17.058331627096603
803,26.766666666666666,0.1709840595722198,0.13199137672312103,0.14856267343987575,0.9333333333333335,0.1436844563203633,0.3453971548253034,0.004878217119512446,0.027299603251856486,0.58793617850803,8.7930899839032
804,26.8,0.0851107090711593,0.11870217530439368,0.1618960067732091,0.40000000000000013,0.15727022219272524,-0.5735310791385919,0.004625784580483849,-0.07215951312156595,0.973531079138592,-3.4691011817558937
805,26.833333333333332,0.064163252711296,0.10324209839421072,0.15745156232876464,-0.1333333333333332,0.15533502102371735,-0.4893161060384371,0.0021165413050472925,-0.09117176831242135,0.3559827727051039,-5.003792400143571
806,26.866666666666667,0.0632162913680076,0.09189603533326651,0.13522934010654242,-0.6666666666666665,0.1394025051616952,0.580842874406597,-0.004173165055152778,-0.07618621379368759,-1.2475095410732635,3.1848583491883464
807,26.9,0.0813578590750694,0.08890879232041297,0.09522934010654242,-1.1999999999999997,0.0989601404506377,-0.6293581566806483,-0.0037308003440952725,-0.017602281375568296,-0.5706418433193514,-12.171428726015327
808,26.933333333333334,0.0710964202880859,0.08385954256483713,0.07300711788432021,-0.6666666666666664,0.07893181005714599,0.7146406104750969,-0.005924692172825777,-0.007835389769060092,-1.3813072771417634,3.8541547282234596
809,26.966666666666665,0.1253344267606735,0.09561637363193473,0.06856267343987578,-0.13333333333333308,0.07413116796219348,1.1138402473078717,-0.005568494522317696,0.05120325879848002,-1.2471735806412048,9.999045486477236
810,27.0,0.2439455091953277,0.1376630392938125,0.08189600677320912,0.40000000000000024,0.08339069294784114,0.5657397727968637,-0.0014946861746320261,0.16055481624748658,-0.16573977279686347,6.846493038541811
811,27.03333333333333,0.0259662270545959,0.10600049031527622,0.10600049031527622,0.7231345062620133,0.10128024850613815,-0.6344172214421371,0.004720241809138076,-0.07531402145154226,1.3575517277041502,-3.4049444427080755
812,27.066666666666666,0.0008779866620898,0.07620155197550542,0.11232719607956555,0.18980117292867993,0.10689827987303116,-1.083612239566364,0.005428916206534393,-0.10602029321094136,1.273413412495044,-9.584472528648039
813,27.099999999999998,0.0428068377077579,0.06673519608826425,0.1008761240660771,-0.3435321604046534,0.09898033941234319,-0.6266006644347344,0.0018957846537339118,-0.05617350170458529,0.283068504030081,-7.229745443528004
814,27.133333333333333,-0.7144470810890198,-0.15470552022616335,0.07164727427481088,-0.8768654937379867,0.07673177913273188,0.5825193271033751,-0.005084504857921002,-0.7911788602217517,-1.4593848208413618,2.2465111580203896
815,27.166666666666668,0.0484871082007885,-0.0971067721449083,0.024640646705766878,-1.4101988270713202,0.02834348318634569,-1.0658373184190228,-0.003702836480578814,0.020143625014442806,-0.3443615086522973,-17.819739413801265
816,27.2,-0.2719956338405609,-0.14668228856501678,-0.040143758641054905,-1.9435321604046534,-0.029251920740909113,-0.9114484712705766,-0.010891837900145793,-0.24274371309965181,-1.0320836891340768,-20.977988903533955
817,27.233333333333334,-0.2225704193115234,-0.16819419753073395,-0.10681042530772157,-2.0,-0.09331730736641293,-1.6878463950604594,-0.013493117941308641,-0.12925311194511047,-0.3121536049395406,-31.69228025183434
818,27.266666666666666,-0.4789710938930511,-0.25628971704650527,-0.17347709197438824,-2.0,-0.1591891384649465,-1.9046197318240292,-0.014287953509441731,-0.3197819554281046,-0.09538026817597078,-34.6837522991716
819,27.3,-0.2371688932180404,-0.25086956217510087,-0.24014375864105492,-2.0,-0.22561293870801696,-1.9708560291684554,-0.014530819933037953,-0.011555954510023447,-0.02914397083154463,-35.597813202524684
820,27.333333333333332,-0.2761411070823669,-0.2580332538897392,-0.2890326475299438,-1.4666666666666668,-0.2791363434708317,-0.7175429813047389,-0.009896304059112071,0.002995236388464828,-0.7491236853619279,-17.064208620984136
821,27.366666666666667,-0.192903071641922,-0.2395708864858602,-0.3201437586410549,-0.9333333333333335,-0.3152656821534715,-0.34207029720581605,-0.0048780764875833715,0.12236261051154951,-0.5912630361275174,-8.753509717909044
822,27.4,-0.4002067148685455,-0.2851061142323937,-0.33347709197438824,-0.40000000000000013,-0.3288415900770709,0.5764650254892936,-0.004635501897317318,-0.07136512479147455,-0.9764650254892937,3.4988402033328936
823,27.433333333333334,-0.4397174417972564,-0.3289335846276519,-0.3290326475299438,0.1333333333333332,-0.32690389652588325,0.49233703213080837,-0.0021287510040605695,-0.11281354527137316,-0.3590036987974752,5.033255805508512
824,27.466666666666665,-0.3959810435771942,-0.3479394399454363,-0.3423659808632772,-0.40000000000000013,-0.3362971334173077,1.192779032169336,-0.006068847445969472,-0.0596839101598865,-1.592779032169336,10.065062619616022
825,27.5,-0.1826811879873275,-0.30109389984600465,-0.33792153641883277,0.1333333333333332,-0.33345282380108343,1.1001455572375154,-0.0044687126177493375,0.15077163581375594,-0.9668122239041822,11.022502193964051
826,27.53333333333333,0.0270548816770315,-0.20807399481086164,-0.31569931419661057,0.6666666666666665,-0.317208776192446,0.06259066497426075,0.0015094619958354039,0.3442636578694775,0.6040760016924058,3.0574708248177034
827,27.566666666666666,-0.1846699118614196,-0.20143967008996097,-0.2756993141966106,1.1999999999999997,-0.2794226354361798,0.45242880609713026,0.0037233212395691995,0.0947527235747602,0.7475711939028695,10.066466157959846
828,27.599999999999998,0.0822232067584991,-0.12103012615085938,-0.21792153641883283,1.733333333333333,-0.2262360624410863,0.740388962071919,0.008314526022253466,0.3084592691995854,0.992944371261414,17.113766825417542
829,27.633333333333333,0.0519289076328277,-0.07200165551977389,-0.15125486975216618,2.0,-0.16396047573078548,1.473070405236098,0.012705605978619305,0.21588938336361319,0.5269295947639021,28.72837159225815
830,27.666666666666668,0.1430195569992065,-0.011049874208183784,-0.08458820308549951,2.0,-0.09863552793967506,1.838993734933252,0.01404732485417555,0.24165508493888155,0.1610062650667481,33.77811354207888
831,27.7,0.1557027250528335,0.0362192665627509,-0.017921536418832845,2.0,-0.03237883092942836,1.9508036412296057,0.014457294510595513,0.18808155598226187,0.0491963587703943,35.32109024896856
832,27.733333333333334,0.1236035823822021,0.06098998404449683,0.04874513024783382,2.0,0.03416256723110999,1.9849677792646019,0.01458256301672383,0.08944101515109212,0.015032220735398116,35.792555353851505
833,27.766666666666666,0.1383804678916931,0.08292776307472188,0.0976340191367227,1.4666666666666668,0.08770892899478847,0.7159858977678946,0.00992509014193424,0.05067153889690462,0.7506807688987722,17.060830947465742
834,27.8,0.1669121980667114,0.10673472079410194,0.12874513024783382,0.9333333333333335,0.12386697293512934,0.34398233575747195,0.004878157312704481,0.04304522513158206,0.5893509975758615,8.776257608898526
835,27.833333333333332,0.058711789548397,0.09312172341147694,0.14207846358116716,0.40000000000000013,0.13744854649887028,-0.5747788040837927,0.004629917082296875,-0.07873675695047327,0.9747788040837928,-3.4817483520283123
836,27.866666666666667,0.1038218885660171,0.09615488520447844,0.1376340191367227,-0.1333333333333332,0.13551228538975207,-0.49060082102381897,0.0021217337469706388,-0.03169039682373498,0.3572674876904858,-5.016322358585221
837,27.9,-0.0297217518091201,0.06047279988085481,0.1154117969145005,-0.6666666666666665,0.11957926886535812,0.5794787813508282,-0.004167471950857621,-0.14930102067447823,-1.2461454480174947,3.1716486239060546
838,27.933333333333334,0.1406339704990387,0.08319598185886226,0.08319598185886226,-0.9664744516691471,0.08791738755037423,-0.04449586663374716,-0.004721405691511971,0.052716582948664464,-0.9219785850354,-5.213209391825195
839,27.966666666666665,0.1733457446098327,0.10875061695796368,0.0687579445810018,-0.4331411183358138,0.07452712851568394,0.8875545985888118,-0.005769183934682134,0.09881861609414877,-1.3206957169246256,6.522197609376187
840,28.0,0.1600365489721298,0.12328857289202108,0.07209768508091913,0.10019221499751951,0.07587706930081065,0.8722076402290619,-0.0037793842198915184,0.08415947967131915,-0.7720154252315424,8.601988633467052
841,28.03333333333333,0.0984328091144561,0.11624274210930725,0.09321520335861422,0.6335255483308528,0.09109923948791128,-0.11420837682697504,0.002115963870702939,0.007333569626544814,0.7477339251578279,1.2007474828365263
842,28.066666666666666,-0.1156495809555053,0.05050852920212538,0.09655494385853154,0.10019221499751951,0.09447616022630034,-0.36043113463470866,0.0020787836322311987,-0.21012574118180566,0.4606233496322282,-2.9600586956757953
843,28.099999999999998,0.0513715520501136,0.05075316915778948,0.08211690658067108,-0.4331411183358138,0.08444315335322457,0.3088121145253795,-0.0023262467725534836,-0.033071601303110966,-0.7419532328611933,1.457172621240466
844,28.133333333333333,-0.2001669853925705,-0.02037483820322332,0.049901091525032845,-0.9664744516691471,0.05461732745277686,0.07780259074717955,-0.004716235927744013,-0.25478431284534736,-1.0442770424163266,-3.7582010844485105
845,28.166666666666668,-0.1536871939897537,-0.05816471698235181,-9.2501308383168e-05,-1.4998077850024805,0.004894330281861309,-0.9753097571031193,-0.004986831590244477,-0.158581524271615,-0.5244980278993612,-17.62336424233138
846,28.2,-0.2130194753408432,-0.10206119238564591,-0.06675916797504983,-2.0,-0.05507035751732215,-1.1957625359020154,-0.011688810457727676,-0.15794911782352106,-0.8042374640979846,-24.90152299544781
847,28.233333333333334,0.1127535477280616,-0.04116793953618118,-0.11564805686393873,-1.4666666666666668,-0.10733283986632255,-0.803066414589537,-0.00831521699761617,0.22008638759438415,-0.6636002520771298,-17.24972868395576
848,28.266666666666666,-0.4024268090724945,-0.14357351782723438,-0.14675916797504984,-0.9333333333333335,-0.14188553083942668,-0.23705081839118147,-0.004873637135623166,-0.26054127823306783,-0.696282514942152,-7.504072747206141
849,28.3,-0.5257704854011536,-0.25191439132808524,-0.19564805686393874,-1.4666666666666668,-0.19112430588888224,-1.0081526488195354,-0.004523750975056501,-0.3346461795122713,-0.4585140178471314,-17.69460805359316
850,28.333333333333332,-0.6072985529899597,-0.3526546738772094,-0.2623147235306054,-2.0,-0.2507674099275185,-1.157172484636353,-0.011547313603086917,-0.3565311430624412,-0.8428275153636471,-24.36898028798167
851,28.366666666666667,-0.1973422020673751,-0.30862845104173037,-0.3112036124194943,-1.4666666666666668,-0.30296711396523923,-0.8073244217893774,-0.008236498454255059,0.10562491189786413,-0.6593422448772894,-17.258965284189284
852,28.4,-0.3139643371105194,-0.3101410076725776,-0.3423147235306054,-0.9333333333333335,-0.33744130741969885,-0.23182214971242032,-0.0048734161109065255,0.023476970309179446,-0.7015111836209131,-7.4418662686695995
853,28.433333333333334,-0.4752560555934906,-0.35694595391126477,-0.35694595391126477,-0.43893691141978164,-0.3516150524232362,0.7383186175393115,-0.005330901488028561,-0.1236410031702544,-1.1772555289590931,4.9668890912148225
854,28.466666666666665,-0.3310126364231109,-0.34959467039042397,-0.3537994065141464,0.09439642191355169,-0.3505647845212441,0.7306333467653039,-0.0032346219929022535,0.019552148098133215,-0.6362369248517522,7.193564540062635
855,28.5,-0.0604665577411651,-0.26763590322146474,-0.3328750813392502,0.627729755246885,-0.3355526926236191,-0.25370175918771887,0.002677611284368886,0.275086134882454,0.8814315144346039,-0.17410106821434623
856,28.53333333333333,0.0034280086401849,-0.19079777137530102,-0.29417297838657624,1.1610630885802182,-0.298064750909156,0.4325659618080856,0.003891772522579773,0.3014927595493409,0.7284971267721326,9.830154073019369
857,28.566666666666666,0.0960488691926002,-0.10948573010720673,-0.23769309765612454,1.6943964219135514,-0.24545439210621597,0.7794713159745008,0.007761294450091438,0.34150326129881614,0.9149251059390506,17.198545470036997
858,28.599999999999998,0.1492149084806442,-0.03615219913298483,-0.17102643098945786,2.0,-0.18356299398769435,1.4269677742225977,0.012536562998236495,0.33277790246833855,0.5730322257774023,28.092155284271847
859,28.633333333333333,0.1366960257291793,0.012844860638339804,-0.10435976432279119,2.0,-0.1183554371551831,1.8249068199013512,0.013995672832391906,0.2550514628843624,0.17509318009864883,33.583714114638646
860,28.666666666666668,0.1219509467482566,0.04377301987634121,-0.037693097656124525,2.0,-0.052134609604508365,1.946499306080969,0.01444151194838384,0.17408555635276496,0.053500693919031006,35.26169042391737
861,28.7,0.1267255544662475,0.06728746614112435,0.02897356901054214,2.0,0.01439582844338299,1.9836525657469624,0.014577740567159152,0.1123297260228645,0.01634743425303764,35.77440540730808
862,28.733333333333334,0.1614404916763305,0.0939769008951018,0.0939769008951018,1.9500999565367898,0.07971511171763454,1.838313992910187,0.01426178917746726,0.08172537995869597,0.11178596362660276,33.76873310216058
863,28.766666666666666,0.1652212440967559,0.11417244149150585,0.14120245500188366,1.4167666232034564,0.13228492057549351,0.7822216600756532,0.00891753442639015,0.032936323521262384,0.6345449631278032,17.204511601087194
864,28.8,0.2707961797714233,0.15857036731474788,0.17065023133088777,0.883433289870123,0.16556322576049784,0.15216480963629142,0.005087005570389935,0.10523295401092544,0.7312684802338316,6.494167548371828
865,28.833333333333332,0.3006075024604797,0.19883344786436205,0.19883344786436205,0.8454964960042283,0.19359626874683153,-0.19721869501025058,0.0052371791175305216,0.10701123371364815,1.0427151910144787,2.3374846873794985
866,28.866666666666667,0.3274771571159363,0.23529991152883228,0.23529991152883228,1.093993909934107,0.231116443124501,0.4347129585469673,0.004183468404331286,0.09636071399143528,0.6592809513871396,9.855697306825283
867,28.9,0.1430708765983581,0.20915586787004656,0.2539885974155247,0.5606605766007736,0.24834142807628548,-0.7306539796070717,0.0056471693392392275,-0.10527055147792738,1.2913145562078454,-4.43198339727509
868,28.933333333333334,0.2055018246173858,0.20812006101810812,0.2548995055244394,0.027327243267440293,0.2504031633391611,-0.9398229709209251,0.004496342185278335,-0.044901338721775264,0.9671502141883654,-8.73744072930441
869,28.966666666666665,0.1279601454734802,0.1853972348141567,0.2380326358555763,-0.506006090065893,0.23846203816123482,-0.18877967851181343,-0.00042940230565852167,-0.11050189268775462,-0.3172264115540796,-3.6222087940358683
870,29.0,0.1905080378055572,0.18684598744004458,0.2033879884089354,-1.0393394233992264,0.2077898033373216,0.021423842680128757,-0.004401814928386205,-0.017281765531764415,-1.0607632660793551,-4.428949911161425
871,29.03333333333333,0.2008016109466552,0.1908019697455891,0.1865211187400723,-0.506006090065893,0.1930643956203319,1.0526731642368408,-0.006543276880259602,0.0077372153263232935,-1.5586792543027337,7.91025956193883
872,29.066666666666666,0.2244293987751007,0.2003342929813577,0.18743202684898697,0.027327243267440293,0.19268132363042165,1.1731682098773237,-0.005249296781434681,0.03174807514467906,-1.1458409666098834,11.237869085150475
873,29.099999999999998,0.2168925255537033,0.2050280334678549,0.2050280334678549,0.5278801985660379,0.2053525882865043,0.3918606407498664,-0.00032455481864940294,0.011539937267199013,0.13601955781617148,5.687897760623164
874,29.133333333333333,0.1816513389348983,0.19840147250548082,0.20484626230894504,-0.0054531347672954755,0.2061692981683446,0.36965718893596944,-0.0013230358593995517,-0.024517959233446296,-0.3751103237032649,3.6826379195914827
875,29.166666666666668,0.0986329615116119,0.1701202234480443,0.1868867133722574,-0.5387864681006288,0.19341439583491263,1.2148857102352362,-0.0065276824626552266,-0.09478143432330073,-1.753672178335865,9.769895838963222
876,29.2,0.224524587392807,0.1855421571945328,0.1855421571945328,-0.04033668533173829,0.1919108761078735,1.4281442490446858,-0.006368718913340704,0.03261371128493351,-1.4684809343764242,13.523562659209759
877,29.233333333333334,0.3081756830215454,0.22030492204043142,0.20197537879458596,0.49299664800159504,0.20379722362770986,0.7244043112213091,-0.0018218448331238923,0.10437845939383555,-0.23140766321971407,8.771151094018819
878,29.266666666666666,0.1670500487089157,0.2052088328915878,0.2052088328915878,0.09700362291005543,0.20707969636072124,0.5594437027587568,-0.001870863469133427,-0.04002964765180553,-0.46244007984870134,5.882611962129443
879,29.3,0.1036977022886276,0.17643360573739378,0.19066450921081188,-0.4363297104232779,0.19718340843293167,1.3010245721614742,-0.0065188992221197894,-0.09348570614430407,-1.737354282584752,11.031274711621052
880,29.333333333333332,0.150280624628067,0.16902005445774446,0.16902005445774446,-0.6493336425920226,0.1750933818518642,0.5930791536866624,-0.006073327394119754,-0.02481275722379722,-1.242412796278685,2.3721434491561966
881,29.366666666666667,0.0816211029887199,0.14424518822759508,0.14424518822759508,-0.7432459869044814,0.14991888599203765,0.38762466051364863,-0.00567369776444257,-0.06829778300331775,-1.13087064741813,-0.0721882354495218
882,29.4,0.0643928572535514,0.1216095526187549,0.1216095526187549,-0.6790690682652052,0.12755436843505624,0.5747954882517912,-0.005944815816301338,-0.06316151118150484,-1.2538645565169964,2.1546191592612436
883,29.433333333333334,0.0623146034777164,0.1048012910961509,0.1048012910961509,-0.5042478456781202,0.1114884642388363,0.994342028928842,-0.006687173142685396,-0.049173860761119896,-1.4985898746069624,7.146045176311411
884,29.466666666666665,0.0172046367079019,0.07997038227859322,0.07997038227859322,-0.7449272645267302,0.08563867156714079,0.34264357894498887,-0.005668289288547568,-0.0684340348592389,-1.087570843471719,-0.6073368281528309
885,29.5,0.0211412459611892,0.06329416410662281,0.06329416410662281,-0.5002865451591125,0.06999736476021236,1.0226241849613924,-0.00670320065358955,-0.04885611879902316,-1.522910730120505,7.482523434984046
886,29.53333333333333,0.0540334731340408,0.060669048173443846,0.060669048173443846,-0.07875347799536886,0.06690650085819963,1.3297253049714026,-0.006237452684755784,-0.012873027724158832,-1.4084787829667715,12.336061963353544
887,29.566666666666666,0.1215670630335807,0.07793172863450475,0.07582171001804267,0.45457985533796447,0.07767438717334016,0.6954064988846079,-0.001852677155297494,0.04389267586024054,-0.24082664354664346,8.322924598386281
888,29.599999999999998,0.2236446291208267,0.1192367735678543,0.10875214964041927,0.9879131886712977,0.10413859090026614,-0.301718058038825,0.004613558740153123,0.11950603822056055,1.2896312467101227,1.0942356343799096
889,29.633333333333333,0.24623703956604,0.15523737252714015,0.15523737252714015,1.3945566866016266,0.15205643386731085,1.0977463031047914,0.0031809386598292966,0.09418060569872916,0.2968103834968352,17.888957365196532
890,29.666666666666668,0.2064543068408966,0.16975576977348902,0.18394481763608325,0.8612233532682932,0.17877970407359078,-0.2844618082909929,0.005165113562492468,0.027674602767305823,1.1456851615592862,1.2995365619219346
891,29.7,0.2294107675552368,0.18666609381240457,0.19487448496724857,0.3278900199349599,0.18898448891278405,-1.023126280377213,0.005889996054464525,0.04042627864245274,1.351016300312173,-8.308932040164418
892,29.733333333333334,0.2758126258850097,0.2119363444259176,0.2119363444259176,0.511855783760071,0.20528159827271242,-0.9789416033010641,0.006654746153205188,0.07053102761229729,1.490797387061135,-6.962823345836807
893,29.766666666666666,0.2778725922107696,0.2306272061711715,0.2306272061711715,0.5607258523576167,0.2241776208418811,-0.8058296842159316,0.006449585329290408,0.05369497136888851,1.3665555365735482,-4.903277495718252
894,29.8,0.353288322687149,0.2653977921135114,0.2653977921135114,1.043117578270197,0.2609951008370526,0.3879069426122791,0.004402691276458814,0.09229322185009642,0.6552106356579178,9.29883711840889
895,29.833333333333332,0.3467618227005005,0.28846194723043933,0.28846194723043933,0.6919246535078383,0.28257523384712746,-0.6270428329237607,0.00588671338331187,0.06418658885337303,1.318967486431599,-2.7762158838978106
896,29.866666666666667,0.2401879876852035,0.27477779118473744,0.2937483245695895,0.15859132017450495,0.28820890123208126,-1.0766743199423272,0.005539423337508231,-0.048020913546877764,1.235265640116832,-9.51530837063803
897,29.9,0.323149561882019,0.28848967362952105,0.28848967362952105,-0.1577595282020533,0.284791952571774,-0.9336754065714037,0.003697721057747072,0.03835760931024501,0.7759158783693504,-9.506195168614187
898,29.933333333333334,0.2595386505126953,0.28028296504904654,0.28028296504904654,-0.24620125741423526,0.27853445043506103,-0.5793839546793581,0.001748514613985508,-0.01899579992236572,0.33318269726512284,-6.524195420529226
899,29.966666666666665,0.3098650872707367,0.288668570465675,0.288668570465675,0.25156816249885416,0.2839081105211215,-1.0065973216586181,0.004760459944553486,0.025956976749615168,1.2581654841574723,-8.879870048536384
900,30.0,0.3928874433040619,0.31821135776264947,0.31483195366008127,0.7849014958321875,0.30933864587604887,-0.37057003621881224,0.005493307784032397,0.08354879742801302,1.1554715320509996,0.2750903861355569
901,30.03333333333333,0.1952960342168808,0.28336871208673176,0.32321755907670974,0.25156816249885416,0.31768519231231057,-0.987005143488602,0.005532366764399166,-0.12238915809542977,1.2385733059874562,-8.241961852348453
902,30.066666666666666,0.3696577548980713,0.3078289539643044,0.31382538671556043,-0.28176517083447916,0.3115827214482866,-0.6482985959153186,0.0022426652672738467,0.05807503344978471,0.3665334250808394,-7.164306190254327
903,30.099999999999998,0.2728989422321319,0.2979273893169433,0.2979273893169433,-0.4769399219585141,0.29976769840746587,0.11988367825869184,-0.0018403090905225739,-0.026868756175333963,-0.5968236002172059,-0.631210806368549
904,30.133333333333333,0.3315482139587402,0.3074578404155819,0.29980716969610394,0.056393411374819236,0.30029910995696496,0.09340971479331961,-0.0004919402608610235,0.03124910400177522,-0.037016303418500374,0.9796958174002967
905,30.166666666666668,-0.4796063899993896,0.08434977452560075,0.2839091722974868,-0.4769399219585141,0.2889389620806089,0.8958279037271595,-0.005029789783122074,-0.7685453520799985,-1.3727678256856737,6.908649507454768
906,30.2,-0.4806779325008392,-0.07581788907468112,0.2502333971210919,-1.0102732552918474,0.2547714283732455,-0.21139574334484945,-0.004538031252153629,-0.7354493608740846,-0.798877511946998,-7.1988493771147475
907,30.233333333333334,-0.1643320173025131,-0.10090887299912821,0.19877984416691918,-1.5436065886251806,0.20439526269150637,-0.9310078928907376,-0.00561541852458719,-0.36872727999401944,-0.612598695734443,-17.527263275347615
908,30.266666666666666,0.2073103189468383,-0.013538382602199403,0.13211317750025253,-2.0,0.14399405618791827,-1.2481447804305748,-0.011880878687665741,0.06331626275892002,-0.7518552195694252,-25.62439796994193
909,30.3,0.0861683264374733,0.014725347536277137,0.06544651083358587,-2.0,0.07924183568219227,-1.7702664606871217,-0.013795324848606405,0.006926490755281026,-0.22973353931287832,-32.82967715748228
910,30.333333333333332,0.0080803511664271,0.012841699124073819,0.012841699124073819,-1.5781443512853615,0.02418105425282125,-0.6132687378339652,-0.011339355128747432,-0.01610070308639415,-0.9648756134513963,-16.838013723609063
911,30.366666666666667,-0.937175452709198,-0.2564584178385252,-0.05382496754259285,-2.0,-0.04019510822587816,-1.7251394974439285,-0.01362985931671469,-0.8969803444833199,-0.27486050255607153,-32.206925064726214
912,30.4,-0.4399351775646209,-0.3084683344582493,-0.12049163420925951,-2.0,-0.10616189861288815,-1.9160148464412006,-0.014329735596371365,-0.33377327895173275,-0.08398515355879943,-34.84100488088857
913,30.433333333333334,-0.6191913485527039,-0.39654858003816634,-0.18715830087592616,-2.0,-0.17261471419410415,-1.9743378697459213,-0.014543586681822013,-0.44657663435859973,-0.025662130254078708,-35.645862602493715
914,30.466666666666665,-0.6861398816108704,-0.4786386467642113,-0.2538249675425928,-2.0,-0.23921603747354978,-1.9921587935334766,-0.014608930069043041,-0.44692384413732056,-0.00784120646652342,-35.89179135076198
915,30.5,-0.7638496160507202,-0.5594870264378372,-0.32049163420925947,-2.0,-0.30586273810523223,-1.9976040758018931,-0.014628896104027234,-0.457986877945488,-0.002395924198106858,-35.966936246066126
916,30.53333333333333,-0.7615577578544617,-0.6167677518439035,-0.3871583008759261,-2.0,-0.37252330403898704,-1.9992679120505783,-0.014634996836939085,-0.38903445381547463,-0.0007320879494217003,-35.98989718629798
917,30.566666666666666,-0.7050955891609192,-0.6418059281280095,-0.45382496754259277,-2.0,-0.43918810659281954,-1.9997763064598995,-0.014636860949773234,-0.26590748256809965,-0.00022369354010054465,-35.99691302914661
918,30.599999999999998,-0.8687446713447571,-0.7061359562476923,-0.5204916342092595,-2.0,-0.5058542036694536,-1.9999316491960828,-0.014637430539805929,-0.36289046767530353,-6.835080391720538e-05,-35.999056758905944
919,30.633333333333333,-0.6751939058303833,-0.697364853767738,-0.5871583008759261,-2.0,-0.5725206962947214,-1.9999791150321224,-0.014637604581204777,-0.10267320953566195,-2.0884967877554672e-05,-35.99971178744329
920,30.666666666666668,-0.7539263963699341,-0.7133982801211074,-0.6538249675425928,-2.0,-0.6391873097820717,-1.9999936184820262,-0.014637657760521061,-0.11473908658786236,-6.381517973830242e-06,-35.99991193505196
921,30.7,-0.6447057723999023,-0.6939261049839776,-0.7027138564314817,-1.4666666666666668,-0.6927581155871726,-0.7143279540888126,-0.009955740844309058,0.04805234318727025,-0.7523387125778542,-17.0572344850234
922,30.733333333333334,-0.7001249194145203,-0.6956832747865997,-0.7338249675425927,-0.9333333333333335,-0.728946724169317,-0.3460182266752342,-0.0048782433732756925,0.028821804754796787,-0.5873151066580993,-8.800478995346854
923,30.766666666666666,-0.551081120967865,-0.6546930917553957,-0.747158300875926,-0.40000000000000013,-0.742534330365244,0.5729833576259693,-0.004623970510682085,0.19145320939737898,-0.9729833576259694,3.46354937543943
924,30.8,-0.6402905583381653,-0.6506104244831962,-0.7427138564314816,0.1333333333333332,-0.7405995944846818,0.48875214677979506,-0.002114261946799756,0.10030903614651654,-0.35541881344646187,4.998292047027137
925,30.833333333333332,-0.5535162687301636,-0.6230872714009397,-0.7204916342092593,0.6666666666666665,-0.724667298401508,-0.581441678746242,0.004175664192248685,0.17115102967134443,1.2481083454129085,-3.190657103746272
926,30.866666666666667,-0.4349261820316314,-0.5697494939964137,-0.6804916342092593,1.1999999999999997,-0.6842224415703934,0.6295241551773086,0.0037308073611340697,0.24929625953876194,0.5704758448226911,12.173403642108521
927,30.9,-0.6711443662643433,-0.5984917655527418,-0.6227138564314816,1.733333333333333,-0.6310325471864883,0.74016368526557,0.008318690755006686,-0.04011181907785499,0.993169648067763,17.113278148037573
928,30.933333333333334,-0.320293664932251,-0.5196313145689901,-0.5560471897648149,2.0,-0.5687540683006643,1.473417466298852,0.012706878535849397,0.24846040336841335,0.526582533701148,28.73316103492416
929,30.966666666666665,-0.3680248856544494,-0.4766556388559973,-0.4893805230981483,2.0,-0.5034282367892552,1.839099781369078,0.014047713691106911,0.13540335113480578,0.16090021863092208,33.779576982893275
930,31.0,-0.4481966495513916,-0.4685884064554262,-0.4404916342092594,1.4666666666666668,-0.45011917314458116,0.7320809006221095,0.009627538935321756,0.0019225235931895623,0.7345857660445573,17.095744722887986
931,31.03333333333333,-0.4216375052928924,-0.4552792960355032,-0.4093805230981483,0.9333333333333335,-0.4142578449511463,0.32421829277709935,0.004877321852997996,-0.007379660341746086,0.6091150405562341,8.541120982160695
932,31.066666666666666,-0.7818648219108582,-0.5478560670409599,-0.39604718976481496,0.40000000000000013,-0.40073483503674817,-0.5922086578405898,0.004687645271933216,-0.38112998687411,0.99220865784059,-3.658420565831187
933,31.099999999999998,-0.4355934560298919,-0.516033131826088,-0.4004916342092594,-0.1333333333333332,-0.4026859027754727,-0.5085474000359057,0.002194268566213353,-0.032907553254419186,0.3752140667025725,-5.191357204251318
934,31.133333333333333,-0.3080358505249023,-0.457072415091426,-0.42271385643148157,-0.6666666666666665,-0.41862591320662124,0.5604233456442882,-0.004087943224860335,0.11059006268171895,-1.2270900123109547,2.9871179060394524
935,31.166666666666668,-0.4895665645599365,-0.46628348905528405,-0.46271385643148155,-1.1999999999999997,-0.45898329537193205,-0.6236975245631016,-0.0037305610595494976,-0.03058326918800447,-0.5763024754368982,-12.104083095232921
936,31.2,-0.4082516729831695,-0.4498332862082988,-0.48493607865370375,-0.6666666666666664,-0.4789948525133761,0.7196327059728549,-0.00594122614032766,0.07074317953020659,-1.3862993726395212,3.9047555293208482
937,31.233333333333334,-0.4482154846191406,-0.4493746901120685,-0.48938052309814817,-0.13333333333333308,-0.48379125383212784,1.1189803384145722,-0.005589269266020325,0.03557576921298722,-1.2523136717479053,10.04917732792541
938,31.266666666666666,-0.2227968424558639,-0.38514696458395253,-0.4760471897648148,0.40000000000000024,-0.4745297257171993,0.5711974522545182,-0.001517464047615491,0.2517328832613354,-0.171197452254518,6.899344598785137
939,31.3,-0.3585122525691986,-0.3775968576758857,-0.44493607865370366,0.9333333333333336,-0.44978210773855254,-0.41605871862812593,0.00484602908484888,0.09126985516935393,1.3493920519614595,-0.2660972315546428
940,31.333333333333332,-0.1594400405883789,-0.31575623064669656,-0.3960471897648148,1.4666666666666668,-0.4005555816313772,1.008983446643762,0.004508391866562433,0.24111554104299832,0.45768322002290485,17.69641024579648
941,31.366666666666667,-0.2247274369001388,-0.289952417783311,-0.32938052309814814,2.0,-0.3409231436403063,1.1558925589285116,0.011542620542158155,0.11619570674016749,0.8441074410714884,24.35131731321346
942,31.4,0.0037250444293022,-0.206704052455886,-0.2627138564314815,2.0,-0.2764058246245161,1.742078281894822,0.013691968193034643,0.28013086905381834,0.25792171810517805,32.44068029014854
943,31.433333333333334,-0.147115096449852,-0.18981244919257942,-0.19604718976481483,2.0,-0.21039590307339506,1.9211905861345289,0.01434871330858023,0.06328080662354307,0.07880941386547113,34.9124300886565
944,31.466666666666665,-0.4737820327281952,-0.2703089348743273,-0.14715830087592593,1.4666666666666668,-0.15695329407374634,0.7230230417629544,0.0097949931978204,-0.3168287386544488,0.7436436249037124,17.076096136747317
945,31.5,-0.6095353364944458,-0.3664689983603517,-0.11604718976481482,0.9333333333333335,-0.12092498179331836,0.3353409942406519,0.004877792028503539,-0.48861035470112746,0.5979923390926816,8.673449904180796
946,31.53333333333333,-0.1730443090200424,-0.31163915517038226,-0.10271385643148148,0.40000000000000013,-0.1073690137443471,-0.5823995787932099,0.004655157312865615,-0.0656752952756953,0.98239957879321,-3.558993930654047
947,31.566666666666666,-0.5816956758499146,-0.38819172315841166,-0.10715830087592593,-0.1333333333333332,-0.109311748687957,-0.4984475211375563,0.00215344781203107,-0.47238392716195754,0.3651141878042231,-5.0928520382791245
948,31.599999999999998,0.0007266601896844,-0.27794553873696626,-0.12938052309814815,-0.6666666666666665,-0.12524782312600066,0.5711472609298553,-0.004132699972147491,0.12597448331568506,-1.2378139275965219,3.090967107729815
949,31.633333333333333,-0.4401190280914306,-0.3239166452239518,-0.16938052309814816,-1.1999999999999997,-0.16564983637129127,-0.6266703717819572,-0.003730686726856891,-0.27446919172013934,-0.5733296282180426,-12.139451631293214
950,31.666666666666668,-0.4013313353061676,-0.3458612859638938,-0.22715830087592592,-1.733333333333333,-0.21883967723304404,-0.7401673154637255,-0.008318623642881884,-0.18249165807312356,-0.9931660178696075,-17.113286022775164
951,31.7,-0.5637133717536926,-0.4076155312114945,-0.2938249675425926,-2.0,-0.2811181095132257,-1.4734118736217994,-0.012706858029366885,-0.28259526224046694,-0.5265881263782006,-28.73308385598083
952,31.733333333333334,-0.6654035449028015,-0.4806903616023554,-0.3604916342092592,-2.0,-0.3464439267840219,-1.8390980724955492,-0.01404770742523731,-0.3189596181187796,-0.16090192750445076,-33.77955340043858
953,31.766666666666666,-0.2956474125385284,-0.42823647934367126,-0.4271583008759259,-2.0,-0.41270088946861705,-1.950835522151418,-0.014457411407308829,0.11705347693008866,-0.04916447784858202,-35.32153020568957
954,31.8,-0.2851535975933075,-0.38767696237457017,-0.47604718976481475,-1.4666666666666668,-0.4661917248623776,-0.7197520341623264,-0.009855464902437161,0.1810381272690701,-0.7469146325043404,-17.06900056641365
955,31.833333333333332,0.0510197393596172,-0.2633201832783788,-0.5071583008759258,-0.9333333333333335,-0.5022803390558991,-0.33935766546422785,-0.004877961820026755,0.5533000784155163,-0.5939756678691056,-8.72123701551042
956,31.866666666666667,0.0109459124505519,-0.18557433256805517,-0.5204916342092591,-0.40000000000000013,-0.5158482090687193,0.578857287770796,-0.004643425140539836,0.5267941215192712,-0.9788572877707962,3.523088615233947
957,31.9,0.0191735867410898,-0.1275347082187483,-0.5160471897648147,0.1333333333333332,-0.5139084832950003,0.4948002153939469,-0.0021387064698144,0.5330820700360901,-0.3614668820606137,5.0572794872375155
958,31.933333333333334,-0.0222221221774816,-0.09768188747354536,-0.4938249675425925,0.6666666666666665,-0.4979738302373913,-0.5750199210091167,0.004148862694798805,0.4757517080599097,1.2416865876757832,-3.128469516779115
959,31.966666666666665,0.0707888081669807,-0.0499257201736034,-0.4538249675425925,1.1999999999999997,-0.4575556996508937,0.6277439374004512,0.0037307321083012157,0.5283445078178745,0.5722560625995485,12.152224048271114
960,32.0,0.0842451006174087,-0.01189249344473621,-0.39604718976481473,1.733333333333333,-0.40436583865462666,0.7401659498184102,0.00831864888981193,0.48861093927203536,0.9931673835149227,17.113283060375327
961,32.03333333333333,0.1451556831598281,0.03262574735413573,-0.3293805230981481,2.0,-0.3420873888418547,1.4734139775326365,0.012706865743706608,0.4872430720016828,0.5265860224673635,28.733112889950384
962,32.06666666666666,0.0694057047367096,0.04305171367052583,-0.26271385643148143,2.0,-0.2767615662138781,1.8390987153571925,0.014047709782396667,0.3461672709505877,0.1609012846428075,33.77956227192926
963,32.1,0.0713480338454246,0.05107283446608883,-0.19604718976481478,2.0,-0.21050460189236675,1.9508357185813647,0.014457412127551972,0.28185263573779135,0.04916428141863527,35.32153291642283
964,32.13333333333333,0.065558522939682,0.055179073593134655,-0.12938052309814813,2.0,-0.14396312205338643,1.98497758067764,0.014582598955238307,0.20952164499306844,0.015022419322360037,35.79269061335143
965,32.166666666666664,0.0187914799898862,0.044864330123048246,-0.06271385643148146,2.0,-0.0773347069174017,1.995409816318169,0.01462085048592024,0.0961261869072879,0.0045901836818309505,35.93665546519073
966,32.2,-0.1841350197792053,-0.020049815473197827,-0.013824967542592569,1.4666666666666668,-0.023771358043547346,0.7148337285559649,0.009946390500954777,-0.16036366173565794,0.7518329381107018,17.058331626559863
967,32.233333333333334,0.0206309240311384,-0.008518099561014559,0.017286143568518545,0.9333333333333335,0.012407926448993257,0.34539715512914193,0.004878217119525288,0.008222997582145142,0.5879361782041915,8.793089987518032
968,32.266666666666666,-0.4437645375728607,-0.13189683692165907,0.030619476901851884,0.40000000000000013,0.025993692322255513,-0.5735310788706374,0.004625784579596372,-0.46975822989511623,0.9735310788706375,-3.4691011790398543
969,32.3,-0.0687233507633209,-0.11398913159387009,0.026175032457407446,-0.1333333333333332,0.02405849115347526,-0.4893161057625386,0.0021165413039321845,-0.09278184191679616,0.3559827724292054,-5.003792397452706
970,32.333333333333336,-0.3135783672332763,-0.17056643064415172,0.00395281023518523,-0.6666666666666665,0.008125975291560623,0.580842874699542,-0.0041731650563753935,-0.32170434252483693,-1.2475095413662085,3.184858352025198
971,32.36666666666667,0.0114752892404794,-0.11896330288756196,-0.03604718976481476,-1.1999999999999997,-0.03231638942071605,-0.6293581567618578,-0.0037308003440987073,0.04379167866119545,-0.5706418432381419,-12.171428726981489
972,32.4,-0.1239218115806579,-0.12036888484830234,-0.09382496754259252,-1.733333333333333,-0.08550628069135312,-0.7401638964263559,-0.008318686851239404,-0.038415530889304786,-0.993169436906977,-17.113278606094095
973,32.43333333333333,-0.1279198825359344,-0.12250935626667575,-0.13382496754259252,-1.1999999999999997,-0.13008252746608798,-0.9047133531413928,-0.0037424400765045385,0.0021626449301535844,-0.29528664685860695,-15.447382543501536
974,32.46666666666667,0.0360105708241462,-0.07757392028630197,-0.15604718976481474,-0.6666666666666664,-0.15092677417722156,0.4718056393991017,-0.005120415587593186,0.18693734500136777,-1.138472306065768,1.3927346539431245
975,32.5,0.0246906597167253,-0.04858511381812196,-0.1604916342092592,-0.13333333333333308,-0.15593370414597707,0.8638061933150771,-0.004557930063282117,0.18062436386270236,-0.9971395266484102,7.5604374363064775
976,32.53333333333333,0.0174454562366008,-0.0298675146626441,-0.14715830087592585,0.40000000000000024,-0.14677161917148163,0.30025698428899184,-0.000386681704444225,0.16421707540808242,0.09974301571100841,4.2755872718594325
977,32.56666666666666,0.1674795895814895,0.02607421033949824,-0.11604718976481473,0.9333333333333336,-0.12089639384295398,-0.34094952620941,0.004849204078139241,0.2883759834244435,1.2742828595427436,0.627491299895051
978,32.6,0.1130071952939033,0.05071698965243193,-0.06715830087592584,1.4666666666666668,-0.07166845907749012,1.0088879028641893,0.004510158201564279,0.1846756543713934,0.4577787638024775,17.696202989290015
979,32.63333333333333,0.0457754395902156,0.049316214932561456,-0.0004916342092591702,2.0,-0.012034794464890126,1.1560397535119997,0.011543160255630956,0.05781023405510573,0.8439602464880003,24.353348598465594
980,32.666666666666664,0.1498671174049377,0.07781924747702867,0.0661750324574075,2.0,0.05248289935192284,1.7421232580175556,0.013692133105484658,0.09738421805301485,0.25787674198244437,32.441300960642266
981,32.7,0.1235175803303718,0.0907732939999286,0.1150639213462964,1.4666666666666668,0.10563420154850062,0.7427812423190726,0.009429719797795777,0.017883378781871184,0.7238854243475942,17.118956233338295
982,32.733333333333334,0.0829699859023094,0.08856130048030755,0.1461750324574075,0.9333333333333335,0.14129826603794468,0.3110786857127815,0.00487676641946283,-0.05832828013563528,0.6222546476205519,8.38479654566596
983,32.766666666666666,0.1339995115995407,0.10144161063614805,0.15950836579074085,0.40000000000000013,0.15478234144175798,-0.6037964402482727,0.004726024348982866,-0.02078282984221727,1.0037964402482729,-3.7758764664713613
984,32.8,0.0647334605455398,0.09103599943870269,0.1550639213462964,-0.1333333333333332,0.15282142990259406,-0.5204787137150756,0.002242491443702338,-0.08808796935705426,0.3871453803817424,-5.307724543509747
985,32.833333333333336,0.0868865326046943,0.08985975551344881,0.13284169912407418,-0.6666666666666665,0.13687676975545932,0.5477548375929835,-0.00403507063138514,-0.04999023715076502,-1.21442150425965,2.864437484504702
986,32.86666666666667,0.0811443254351615,0.08738920397137093,0.09284169912407418,-1.1999999999999997,0.09657211172876802,-0.6201856039702601,-0.003730412604693839,-0.015427786293606527,-0.5798143960297396,-12.06230109939371
987,32.9,-0.1508911103010177,0.019844195568511303,0.03506392134629642,-1.733333333333333,0.04338239248757371,-0.7401755645102985,-0.00831847114127729,-0.1942735027885914,-0.9931577688230344,-17.113303916860804
988,32.93333333333333,0.0442559495568275,0.02676416347817437,-0.004936078653703574,-1.1999999999999997,-0.001193639182866137,-0.9046990251841607,-0.003742439470837437,0.04544958873969363,-0.29530097481583906,-15.44721208103417
989,32.96666666666667,0.0138400616124272,0.023100585260280172,-0.027158300875925787,-0.6666666666666664,-0.02203784343823982,0.47181827518417174,-0.005120457437685966,0.03587790505066702,-1.1384849418508383,1.3928627325921261
990,33.0,-0.0188615713268518,0.011205627727028437,-0.031602745320370225,-0.13333333333333308,-0.027044762672918513,0.8638192037004917,-0.004557982647451712,0.008183191346066713,-0.9971525370338248,7.560564327944236
991,33.03333333333333,-0.0071188756264746,0.006011204777024727,-0.018269411987036882,0.40000000000000024,-0.017882672628185325,0.30027079854086786,-0.00038673935885155664,0.010763797001710726,0.09972920145913239,4.275721047536608
992,33.06666666666666,-0.2181635200977325,-0.057535310685704055,-0.022713856431481317,-0.13333333333333308,-0.02041048806331324,0.5037037833804392,-0.002303368368168076,-0.19775303203441924,-0.6370371167137723,4.467866208267521
993,33.1,-0.2178287357091903,-0.10297347780075028,-0.044936078653703526,-0.6666666666666664,-0.03894811469257871,0.8297022047481211,-0.0059879639611248175,-0.17888062101661162,-1.4963688714147874,5.187293471358624
994,33.13333333333333,-0.582690417766571,-0.2389582100684137,-0.08493607865370352,-1.1999999999999997,-0.08120018274512175,-0.7499013196094759,-0.0037358959085817683,-0.5014902350214493,-0.4500986803905238,-13.605553957150565
995,33.166666666666664,-0.3208498060703277,-0.262171913462097,-0.14271385643148127,-1.733333333333333,-0.1343923347793219,-0.7400105576803386,-0.00832152165215938,-0.18645747129100582,-0.9933227756529943,-17.112945978968128
996,33.2,-0.397348403930664,-0.30049021605645637,-0.20938052309814792,-2.0,-0.19667277956594625,-1.473653374394924,-0.012707743532201665,-0.20067562436471775,-0.526346625605076,-28.73641656664995
997,33.233333333333334,-0.0665220022201538,-0.23416755311288825,-0.2582694119870368,-1.4666666666666668,-0.24938733484536527,-0.7724040767002756,-0.008882077141671524,0.18286533262521149,-0.6942625899663912,-17.18321499714984
998,33.266666666666666,-0.1522424519062042,-0.21094435204271986,-0.2893805230981479,-0.9333333333333335,-0.2845052943413212,-0.2747029871674871,-0.004875228756826666,0.13226284243511702,-0.6586303461658464,-7.952027852556608
999,33.3,0.1147261708974838,-0.11862695572011163,-0.30271385643148124,-0.40000000000000013,-0.2978815834153677,0.6358760661919798,-0.004832273016113553,0.41260775431285146,-1.03587606619198,4.10104147430928
1000,33.333333333333336,0.0230394415557384,-0.07846896774859351,-0.2982694119870368,0.1333333333333332,-0.29589342029131466,0.5535093719013211,-0.0023759916957221683,0.31893286184705305,-0.4201760385679879,5.62987597716102
1001,33.36666666666667,0.0293922256678342,-0.04789369661089171,-0.2760471897648146,0.6666666666666665,-0.2799358878667816,-0.5126833299263183,0.0038886981019669586,0.30932811353461576,1.1793499965929848,-2.5248089089076027
1002,33.4,0.0842464715242385,-0.010436096329067217,-0.23604718976481465,1.1999999999999997,-0.23977719138696918,0.6104632002351146,0.003730001622154533,0.32402366291120765,0.5895367997648852,11.946631789205721
1003,33.43333333333333,0.1799098402261734,0.0435210168438515,-0.17826941198703689,1.733333333333333,-0.18658765448756506,0.7401879320404173,0.008318242500528178,0.3664974947137385,0.9931454012929156,17.113330744887687
1004,33.46666666666667,0.1570571362972259,0.07570495182783725,-0.11160274532037022,2.0,-0.12430948688957348,1.4733801117589915,0.012706741569203261,0.2813666231867994,0.5266198882410085,28.73264554227408
1005,33.5,0.2057511359453201,0.11256897320449982,-0.044936078653703554,2.0,-0.05898375049389087,1.839088367481915,0.014047671840187313,0.26473488643921095,0.16091163251808505,33.77941947125043
1006,33.53333333333333,0.1598442792892456,0.12597004226256567,0.021730588012963112,2.0,0.007273187478864008,1.9508325567305846,0.014457400534099104,0.1525710918103816,0.049167443269415356,35.32148928288207
1007,33.56666666666666,0.1334352642297744,0.12808619894988607,0.08839725467962978,2.0,0.0738146592668354,1.9849766145565682,0.014582595412794372,0.059620604962938986,0.015023385443431847,35.79267728088064
1008,33.6,0.0921206697821617,0.11789109753219108,0.13728614356851868,1.4666666666666668,0.1273610354037705,0.7159849228861412,0.009925108164748175,-0.0352403656216088,0.7506817437805255,17.060828832722244
1009,33.63333333333333,0.1444768011569976,0.12542731209618865,0.1683972546796298,0.9333333333333335,0.16351909731632114,0.34398353287467764,0.004878157363308655,-0.01904229615932354,0.5893498004586558,8.776271851232542
1010,33.666666666666664,0.0545379631221294,0.10533240124823479,0.18173058801296313,0.40000000000000013,0.17710067442728936,-0.5747777483495053,0.004629913585673773,-0.12256271130515996,0.9747777483495055,-3.4817376509107807
1011,33.7,0.1027955561876297,0.1046132851036277,0.17728614356851868,-0.1333333333333332,0.17516441421501552,-0.4905997339912448,0.00212172935350316,-0.07236885802738582,0.3572664006579116,-5.01631175664383
1012,33.733333333333334,0.0479095019400119,0.0885395380047295,0.15506392134629646,-0.6666666666666665,0.15923139811424572,0.579479935547365,-0.004167476767949263,-0.11132189617423383,-1.2461466022140315,3.1716598010168076
1013,33.766666666666666,0.1462545394897461,0.10489993383591896,0.11506392134629646,-1.1999999999999997,0.11879470571890632,-0.6289803274187389,-0.0037307843726098605,0.02745983377083977,-0.5710196725812609,-12.166933618500307
1014,33.8,0.2456675916910171,0.14480315732170088,0.09284169912407425,-0.6666666666666664,0.09876749488685393,0.7149738170354489,-0.005925795762779684,0.14690009680416316,-1.3816404837021152,3.857532171401847
1015,33.833333333333336,0.2209163308143615,0.1663788588597352,0.08839725467962982,-0.13333333333333308,0.09396713585027874,1.1141833321062953,-0.005569881170648924,0.12694919496408275,-1.2475166654396284,10.002391628084617
1016,33.86666666666667,0.1824229806661605,0.17092686504119706,0.10173058801296316,0.40000000000000024,0.10322679453846034,0.5661040556116468,-0.0014962065254971874,0.07919618612770016,-0.16610405561164654,6.8500207127631505
1017,33.9,0.2662424147129059,0.19794583898857526,0.1328416991240743,0.9333333333333336,0.1279956103526814,-0.4146467445831048,0.004846088771392892,0.1382468043602245,1.3479800779164384,-0.2492987043344097
1018,33.93333333333333,0.2177419960498809,0.203557429686419,0.18173058801296318,1.4666666666666668,0.17722216294115517,1.0089816505209073,0.004508425071808014,0.04051983310872573,0.4576850161457595,17.6964063495915
1019,33.96666666666667,0.0991500616073608,0.17396120989060837,0.2128416991240743,0.9333333333333335,0.20797875064033472,-0.015805152503870712,0.004862948483739582,-0.10882868903297392,0.9491384858372042,4.495796550588514
1020,34.0,-0.1030570417642593,0.0954352091468628,0.22617503245740764,0.40000000000000013,0.2204942230869404,-0.8920743751441462,0.005680809370467249,-0.32355126485119967,1.2920743751441464,-6.697914807080559
1021,34.03333333333333,0.0439514406025409,0.0808411727508815,0.2217305880129632,-0.1333333333333332,0.21828841995744874,-0.8173029331399178,0.0034421680555144496,-0.17433697935490783,0.6839695998065846,-8.202681927978388
1022,34.06666666666666,-0.0524347200989723,0.043061630072625354,0.19950836579074097,-0.6666666666666665,0.20222808534601944,0.23259088207894552,-0.0027197195552784714,-0.25466280544499176,-0.899257548745612,-0.18757517226849507
1023,34.1,0.0732886716723442,0.05163004994012921,0.15950836579074096,-1.1999999999999997,0.1632350851728917,-0.5328169271686796,-0.003726719382150745,-0.08994641350054751,-0.6671830728313202,-11.02285912053982
1024,34.13333333333333,-0.2238267213106155,-0.026453319999894934,0.1017305880129632,-1.733333333333333,0.11004700451423001,-0.7402867031516412,-0.008316416501266813,-0.33387372582484554,-0.9930466301816917,-17.11354500222125
1025,34.166666666666664,0.0548476353287696,-0.0034070447437794943,0.03506392134629653,-2.0,0.047770104971281035,-1.473227945153878,-0.012706183624984504,0.007077530357488565,-0.5267720548461221,-28.730545643123513
1026,34.2,-0.2598664164543152,-0.07610524673363446,-0.031602745320370135,-2.0,-0.01755524396313856,-1.8390418721303514,-0.014047501357231575,-0.24231117249117662,-0.16095812786964858,-33.77877783539885
1027,34.233333333333334,-0.0964409038424491,-0.08186976880289096,-0.08186976880289096,-1.5080107044756248,-0.0715554074487713,-0.6852063027136062,-0.010314361354119658,-0.024885496393677806,-0.8228044017620186,-16.994062902809517
1028,34.266666666666666,-0.3868763148784637,-0.16832957468534873,-0.14853643546955764,-2.0,-0.1352197686950903,-1.6397233495582828,-0.013316666774467328,-0.2516565461833734,-0.3602766504417172,-31.028182223904302
1029,34.3,-0.3229898810386657,-0.21217092903357976,-0.21217092903357976,-1.9090348069206637,-0.19858873513462302,-1.6042759727439275,-0.013582193898956735,-0.12440114590404269,-0.3047588341767362,-30.5390084238662
1030,34.333333333333336,-0.5318639278411865,-0.3027938844243072,-0.2788375957002464,-2.0,-0.26452242453707886,-1.9120427282947037,-0.01431517116316755,-0.26734150330410766,-0.08795727170529632,-34.78618965046691
1031,34.36666666666667,-0.7510507106781006,-0.4298606594888227,-0.34550426236691306,-2.0,-0.33096512592856997,-1.973124166978938,-0.014539136438343092,-0.4200855847495306,-0.02687583302106189,-35.629113504309345
1032,34.4,-0.1298045367002487,-0.34480414360763545,-0.39439315125580193,-1.4666666666666668,-0.38449222049890824,-0.7172927160987975,-0.009900930756893689,0.2546876837986596,-0.7493739505678693,-17.063665737998942
1033,34.43333333333333,0.005615119356662,-0.24547125438544737,-0.425504262366913,-0.9333333333333335,-0.4206261728885587,-0.34237761323001925,-0.0048780894783543305,0.42624129224522067,-0.5909557201033142,-8.757165915851203
1034,34.46666666666667,-0.1704540848731994,-0.22420623565934655,-0.4388375957002464,-0.40000000000000013,-0.43420299143292007,0.5761940043543821,-0.004634604267326314,0.26374890655972066,-0.9761940043543822,3.4960930831011137
1035,34.5,-0.2253786623477935,-0.22453858191616893,-0.43439315125580197,0.1333333333333332,-0.432265528113702,0.4920579763062721,-0.002127623142099966,0.2068868657659085,-0.35872464297293893,5.030534145121468
1036,34.53333333333333,0.0775535628199577,-0.13890491756186596,-0.41217092903357977,0.6666666666666665,-0.4163319437257523,-0.577931593511823,0.004161014692172504,0.49388550654570995,1.2445982601784895,-3.156665829127549
1037,34.56666666666666,0.1296596825122833,-0.06277526235257244,-0.3721709290335798,1.1999999999999997,-0.37590169526207257,0.6285511013206552,0.0037307662284927767,0.5055613777743558,0.5714488986793446,12.161827032924098
1038,34.6,0.0768813118338584,-0.023186996298190515,-0.31439315125580203,1.733333333333333,-0.32271181912760327,0.7401649230533868,0.008318667871801244,0.39959313096146165,0.9931684102799462,17.11328083308505
1039,34.63333333333333,0.1075877323746681,0.013883544648773019,-0.24772648458913538,2.0,-0.2604333561328943,1.4734155593650793,0.012706871543758935,0.36802108850756243,0.5265844406349207,28.733134719238095
1040,34.666666666666664,0.0985949039459228,0.03789656264824892,-0.18105981792246872,2.0,-0.1951075294771036,1.8390991986948868,0.014047711554634884,0.2937024334230264,0.1609008013051132,33.77956894198944
1041,34.7,0.1419716626405716,0.06739859484497446,-0.11439315125580206,2.0,-0.12885056392487126,1.950835866267884,0.014457412669069206,0.27082222656544286,0.04916413373211603,35.3215349544968
1042,34.733333333333334,0.1589980721473693,0.09336417862801026,-0.04772648458913539,2.0,-0.0623090837098373,1.9849776258040774,0.014582599120701908,0.22130715585720662,0.015022374195922561,35.79269123609627
1043,34.766666666666666,0.1254311203956604,0.10245415258479267,0.018940182077531273,2.0,0.004319331541052709,1.9954098301068017,0.014620850536478564,0.12111178885460769,0.00459016989319827,35.936655655473864
1044,34.8,0.0627870857715606,0.09120978114186383,0.08560684874419794,2.0,0.07097431027512095,1.99859744808819,0.014632538469076986,-0.008187224503560353,0.001402551911809935,35.980644783617024
1045,34.833333333333336,0.1153969168663024,0.09806607680664431,0.13449573763308684,1.4666666666666668,0.12454284478965057,0.7144820068406003,0.00995289284343627,-0.009145927923348174,0.7521846598260665,17.057568660992693
1046,34.86666666666667,0.1602073609828949,0.11568118519134779,0.16560684874419795,0.9333333333333335,0.16072861336749533,0.3458290558353786,0.004878235376702622,-0.0005212523846004347,0.5875042774979549,8.798228393422692
1047,34.9,0.1353718340396881,0.12126286761433855,0.1789401820775313,0.40000000000000013,0.17431565902351945,-0.5731501868560502,0.004624523054011842,-0.03894382498383134,0.9731501868560504,-3.465240387298518
1048,34.93333333333333,0.1027539372444152,0.11601616537969539,0.17449573763308684,-0.1333333333333332,0.17238078142182467,-0.4889239218274217,0.0021149562112621756,-0.06962684417740947,0.35559058849408853,-4.999967386874944
1049,34.96666666666667,0.0971835181117057,0.11067769954021224,0.15227351541086462,-0.6666666666666665,0.15644841839671927,0.581259290315896,-0.004174902985854656,-0.05926490028501358,-1.2479259569825625,3.1888908744927935
1050,35.0,0.0160834249109029,0.08386318448381887,0.11227351541086462,-1.1999999999999997,0.11600432063469503,-0.6294735940787343,-0.0037308052238304024,-0.09992089572379212,-0.5705264059212655,-12.172802106978539
1051,35.03333333333333,0.0522124096751213,0.07489118082947324,0.07489118082947324,-1.1214700374417415,0.07895386522662312,-0.4034252833877454,-0.004062684397149879,-0.02674145555150182,-0.718044754053996,-9.48346180811105
1052,35.06666666666666,0.0589381791651248,0.07036900435526623,0.05528662402585964,-0.5881367041084081,0.061244473111984374,0.798588378584719,-0.0059578490861247335,-0.002306293946859571,-1.3867250826931272,5.012880270447993
1053,35.1,0.0863196700811386,0.07489051866405486,0.05345984500002381,-0.0548033707750748,0.05853406606892931,1.059149176258971,-0.005074221068905496,0.027785604012209288,-1.113952547034046,9.788335756217664
1054,35.13333333333333,-0.0582746230065822,0.037142370477423685,0.037142370477423685,-0.48952423567800385,0.04388955710672028,1.0890202412920846,-0.006747186629296596,-0.10216418011330247,-1.5785444769700885,8.2724501078717
1055,35.166666666666664,-0.3250518441200256,-0.06552834885227099,0.0030471181770457753,-1.0228575690113373,0.007536588529899588,-0.35696613905571906,-0.004489470352853813,-0.33258843264992516,-0.6658914299556182,-8.930728417973837
1056,35.2,-0.0983845517039299,-0.07484205361415247,-0.04882591190110991,-1.5561909023446705,-0.04302841790299044,-0.9181995636822421,-0.00579749399811947,-0.05535613380093946,-0.6379913386624284,-17.499479053526095
1057,35.233333333333334,-0.1419286876916885,-0.09385901385412737,-0.09385901385412737,-1.3509930585905239,-0.09074323939351002,-1.1115164554256283,-0.0031157744606173515,-0.05118544829817849,-0.2394766031648956,-17.9188280033079
1058,35.266666666666666,-0.4703380763530731,-0.200579040297112,-0.15666989358492261,-1.884326391923857,-0.14638169608417656,-0.6766148028799832,-0.010288197500746055,-0.32395638026889656,-1.2077115890438739,-17.73728427974377
1059,35.3,-0.5073403120040894,-0.28753625595460663,-0.22333656025158927,-2.0,-0.210027887987875,-1.6375430284438135,-0.013308672263714266,-0.2973124240162144,-0.3624569715561865,-30.998093792524624
1060,35.333333333333336,-0.4223374426364898,-0.325748171676418,-0.2900032269182559,-2.0,-0.27577163181030134,-1.889249258691162,-0.014231595107954575,-0.14656581082618847,-0.110750741308838,-34.47163976993804
1061,35.36666666666667,-0.2164665758609771,-0.2947702609322101,-0.3388921158071448,-1.4666666666666668,-0.3291622786453206,-0.7265474320595634,-0.009729837161824184,0.11269570278434352,-0.7401192346071034,-17.083741352621534
1062,35.4,-0.3433900475502014,-0.3085524481249941,-0.3700032269182559,-0.9333333333333335,-0.3651256178338692,-0.3310131788352968,-0.004877609084386669,0.021735570283667793,-0.6023201544980367,-8.62196105058086
1063,35.43333333333333,-0.437711238861084,-0.3451649212628277,-0.38333656025158924,-0.40000000000000013,-0.37866876195485816,0.5862162669919055,-0.004667798296731085,-0.05904247690622583,-0.9862162669919057,3.5976805864841825
1064,35.46666666666667,0.0874436497688293,-0.22253393659793813,-0.3788921158071448,0.1333333333333332,-0.3767227847414467,0.5023773588331661,-0.00216933106569811,0.464166434510276,-0.36904402549983295,5.1311801527392955
1065,35.5,0.0670561119914054,-0.14044422505344423,-0.3566698935849226,0.6666666666666665,-0.3607851788183003,-0.5669746122319936,0.004115285233377675,0.4278412908097057,1.2336412788986602,-3.0505596422968733
1066,35.53333333333333,0.0038878337945789,-0.09953060548960838,-0.31666989358492265,1.1999999999999997,-0.32040053141494357,0.6255136443418046,0.003730637830020922,0.3242883652095225,0.5744863556581952,12.125689822102519
1067,35.56666666666666,-0.0511709339916706,-0.08582215278900587,-0.2588921158071449,1.733333333333333,-0.26721071224738885,0.7401687868962897,0.008318596440243964,0.21603977825571824,0.9931645464370432,17.113289214651964
1068,35.6,0.1645558476448059,-0.014847829144878033,-0.19222544914047823,2.0,-0.204932298857928,1.4734096067353057,0.012706849717449759,0.36948814650273387,0.5265903932646943,28.73305257294722
1069,35.63333333333333,0.089577130973339,0.014753377443217273,-0.12555878247381158,2.0,-0.13960648735929643,1.8390973798357886,0.014047704885484846,0.22918361833263542,0.16090262016421142,33.77954384173388
1070,35.666666666666664,0.2058394253253936,0.06892028900401195,-0.058892115807144915,2.0,-0.07334952643841827,1.9508353105053806,0.014457410631273357,0.27918895176381187,0.049164689494619385,35.32152728497425
1071,35.7,0.2153800874948501,0.11043705613583676,0.0077745508595217505,2.0,-0.006808047638520314,1.984977455987756,0.014582598498042065,0.2221881351333704,0.01502254401224401,35.792688892631034
1072,35.733333333333334,0.1921885013580322,0.13361103117167117,0.07444121752618842,2.0,0.05982036717996703,1.9954097782184814,0.01462085034622139,0.13236813417806517,0.0045902217815185775,35.93665493941504
1073,35.766666666666666,0.1233051195740699,0.13068962791775676,0.13068962791775676,1.6874523117470503,0.11829676295725775,1.0171674932748884,0.012392864960499017,0.0050083566168121485,0.6702848184721619,22.43691140719346
1074,35.8,0.0700659751892089,0.11350472053056558,0.16916026053154734,1.1541189784137171,0.16521175257651025,1.0604954933920157,0.003948507955037095,-0.09514577738730134,0.09362348502170148,17.30075267636902
1075,35.833333333333336,-0.0286894869059324,0.07319711490454275,0.18985311536756014,0.6207856450803838,0.1855539047912805,-0.2670568953553435,0.004299210576279633,-0.2142433916972129,0.8878425404357273,0.5027956317986269
1076,35.86666666666667,0.1069283783435821,0.0827588719442975,0.19276819242579515,0.08745231174705048,0.18955521632631897,-0.5705338928860925,0.0032129760994761836,-0.08262683798273687,0.657986204633143,-4.888658118548644
1077,35.9,0.1188500076532363,0.0929895788836139,0.1779054917062524,-0.44588102158628284,0.1793174332613332,0.09431868624668377,-0.0014119415550808145,-0.0604674256080969,-0.5401997078329666,-0.6390068143371765
1078,35.93333333333333,0.308883786201477,0.15418882688671917,0.15418882688671917,-0.7114999445859965,0.15998410400486204,0.7767009701063039,-0.005795277118142872,0.14889968219661495,-1.4882009146923005,4.556727572519316
1079,35.96666666666667,0.2322482019662857,0.1763162156379529,0.14824993984496374,-0.1781666112526632,0.1543827294235432,1.2373988744955573,-0.006132789578579462,0.07786547254274251,-1.4155654857482205,11.067712449760315
1080,36.0,0.220301479101181,0.18878466062594076,0.16008883058098608,0.3551667220806701,0.16258498490279796,0.774204299630918,-0.002496154321811883,0.05771649419838304,-0.41903757755024784,8.693901687393526
1081,36.03333333333333,0.1684292405843734,0.18301453638403764,0.18301453638403764,0.6877711740915469,0.1796159763689798,-0.34737778754027115,0.0033985600150578388,-0.01118673578460641,1.0351489616318181,-0.770954756535095
1082,36.06666666666666,0.0026156906969845,0.13187711202312746,0.18816246440931142,0.15443784075821354,0.184404403261969,-0.7130268805885797,0.003758061147342423,-0.1817887125649845,0.8674647213467932,-6.141690946382168
1083,36.1,0.1077134683728218,0.12502747562581334,0.17553261465680742,-0.3788954925751198,0.17568216706294346,-0.1668005970037949,-0.0001495524061360387,-0.06796869869012166,-0.21209489557132488,-2.9241422487368602
1084,36.13333333333333,-0.0719626173377037,0.06918695214349775,0.14512498712652566,-0.9122288259084531,0.1500652226933596,0.35815345295345646,-0.004940235566833928,-0.2220278400310633,-1.2703822788619097,-0.42281286920871786
1085,36.166666666666664,-0.138110339641571,0.010424660519581519,0.09693958181846611,-1.4455621592417864,0.10114972714204667,-1.0300794321718187,-0.004210145323580564,-0.23926006678361766,-0.4154827270699677,-17.742172306711176
1086,36.2,0.0641998648643493,0.025668247218819516,0.03097639873262878,-1.9788954925751199,0.04227665640913232,-1.0647684879497241,-0.011300257676503542,0.021923208455216975,-0.9141270046253958,-23.09380513370619
1087,36.233333333333334,-0.1860588639974594,-0.03434975951365664,-0.03434975951365664,-1.9597847473885626,-0.021020023571634655,-1.5956015976920375,-0.013329735942021984,-0.16503884042582476,-0.3641831496965251,-30.419302048150115
1088,36.266666666666666,-0.1126334890723228,-0.05654074573504765,-0.08189813998216428,-1.4264514140552293,-0.07333821709364541,-0.7992877437244876,-0.008559922888518867,-0.039295271978677396,-0.6271636703307417,-17.2415318748485
1089,36.3,-0.3068195283412933,-0.1274869442316276,-0.1274869442316276,-1.3676641274838996,-0.1225573619673976,-1.0094840868237638,-0.004929582264230001,-0.1842621663738957,-0.35818004066013587,-17.697496249879237
1090,36.333333333333336,0.0217157788574695,-0.08519264385873941,-0.15529797070331314,-0.8343307941505663,-0.1500138684044624,0.2356214196998656,-0.005284102298850735,0.1717296472619319,-1.0699522138504318,-1.8806000737392004
1091,36.36666666666667,-0.1775839179754257,-0.11138267724701426,-0.1653312193972209,-0.300997460817233,-0.15979851469695186,0.9405690185457054,-0.005532704700269037,-0.017785403278473833,-1.2415664793629384,7.577527706158362
1092,36.4,-0.2622986137866974,-0.15416261999144742,-0.15758669031335087,0.23233587251610033,-0.15500626577378926,0.6893160729358125,-0.0025804245395616154,-0.10729234801290813,-0.4569802004197122,7.361237365760108
1093,36.43333333333333,-0.4729926288127899,-0.2445409447417806,-0.16761993900725863,-0.300997460817233,-0.16175496949537085,1.2224353873623144,-0.00586496951188778,-0.3112376593174191,-1.5234328481795474,10.750251809755763
1094,36.46666666666667,-0.5655884146690369,-0.33554785028566075,-0.19543096547894417,-0.8343307941505663,-0.1901442368141503,0.17349082383884862,-0.005286728664793877,-0.3754441778548866,-1.007821617989415,-2.6197797417089186
1095,36.5,-0.5994893908500671,-0.4103670128745881,-0.2410197697284075,-1.3676641274838996,-0.23791115431240722,-1.107982987074748,-0.003108615416000271,-0.3615782365376599,-0.2596811404091517,-17.911163095039072
1096,36.53333333333333,-0.399750143289566,-0.4073574627675129,-0.3043863517556486,-1.900997460817233,-0.29398087916978266,-0.728366982885055,-0.010405472585865938,-0.10576926411978332,-1.1726304779321781,-18.451464363813756
1097,36.56666666666666,-0.0280937943607568,-0.2998480877372728,-0.3499751560051119,-1.3676641274838999,-0.3440188443182066,-0.9539467116721146,-0.005956311686905302,0.3159250499574498,-0.4137174158117852,-17.577022866857952
1098,36.6,0.0447643399238586,-0.202161254508187,-0.37778618247679746,-0.8343307941505665,-0.3724991973428479,0.16742366419423105,-0.00528698513394954,0.4172635372667065,-1.0017544583447977,-2.691961908795492
1099,36.63333333333333,-0.2837826013565063,-0.22529835072848226,-0.3878194311707052,-0.3009974608172332,-0.3824859232120398,0.8804256103278048,-0.00533350795866544,0.09870332185553349,-1.181423071145038,6.967903022912683
1100,36.666666666666664,-0.0578615553677082,-0.177835261785839,-0.3800749020868352,0.2323358725161001,-0.3777447660066375,0.6273896538906797,-0.00233013608019772,0.31988321063892927,-0.3950537813745796,6.757262580765195
1101,36.7,-0.1006339341402053,-0.15595110261616774,-0.3545525952251874,0.7656692058494334,-0.35919067285537587,-0.6137315776878596,0.004638077630188475,0.2585567387151706,1.379400783537293,-3.1053485419293816
1102,36.733333333333334,0.0822212845087051,-0.08843668818036793,-0.31125251058576187,1.2990025391827666,-0.31456464500782594,0.9080292380345494,0.0033121344220640725,0.396785929516531,0.39097330114821727,15.486832264856737
1103,36.766666666666666,-0.0167891662567853,-0.06812685904005426,-0.25017464816855856,1.8323358725160999,-0.2599053693927007,0.6405013061045464,0.009730721224142147,0.2431162031359154,1.1918345664115535,16.897087448626767
1104,36.8,0.0793265625834465,-0.026328430861030018,-0.1835079815018919,2.0,-0.19664631379219943,1.5910866720601544,0.01313833229030753,0.27597287637564594,0.4089133279398456,30.356996074430132
1105,36.833333333333336,0.1382954567670822,0.02033728681315873,-0.11684131483522524,2.0,-0.1310208616179722,1.8750542609072711,0.014179546782746952,0.2693163183850544,0.12494573909272888,34.27574880052034
1106,36.86666666666667,0.1060270592570304,0.04462765430505326,-0.05017464816855857,2.0,-0.06467234382399535,1.9618221352772225,0.01449769565543678,0.17069940308102577,0.03817786472277751,35.47314546682567
1107,36.9,0.1995148062705993,0.08853331228168493,0.016492018498108094,2.0,0.0018971106871272063,1.988334541334708,0.014594907810980887,0.1976176955834721,0.011665458665292006,35.83901667041897
1108,36.93333333333333,0.2879600822925567,0.1450645574131691,0.08315868516477476,2.0,0.06853407363959985,1.996435554296717,0.014624611525174913,0.21942600865295686,0.00356444570328307,35.950810649294695
1109,36.96666666666667,0.174354538321495,0.15336734991457096,0.1498253518314414,2.0,0.13519166417137388,1.9989108638128852,0.014633687660067535,0.039162874150121124,0.0010891361871148142,35.984969920617814
1110,37.0,0.0622622668743133,0.12754191142508303,0.1987142407203303,1.4666666666666668,0.1887607085507334,0.7144474247043104,0.009953532169596907,-0.1264984416764201,0.7522192419623563,17.057493644358587
1111,37.03333333333333,0.0884077921509742,0.11644861392260239,0.22982535183144143,0.9333333333333335,0.22494711465964864,0.34587152136546684,0.004878237171792782,-0.13653932250867445,0.5874618119678666,8.798733614014827
1112,37.06666666666666,0.0611723698675632,0.10077952946391705,0.24315868516477476,0.40000000000000013,0.23853428614703306,-0.573112736624847,0.004624399017741698,-0.17736191627946987,0.9731127366248471,-3.46486078484479
1113,37.1,0.1066766902804374,0.10245118991191168,0.23871424072033032,-0.1333333333333332,0.2365994403592427,-0.4888853613470715,0.0021148003610876043,-0.12992275007880533,0.3555520280137383,-4.999591302512442
1114,37.13333333333333,0.0790462717413902,0.09581662843198625,0.2164920184981081,-0.6666666666666665,0.2206670923614249,0.5813002333142043,-0.004175073863316808,-0.1416208206200347,-1.2479668999808708,3.1892873619300772
1115,37.166666666666664,0.0927332714200019,0.09494259326076593,0.17649201849810808,-1.1999999999999997,0.18022282420172558,-0.6294849441570805,-0.0037308057036175013,-0.08748955278172368,-0.5705150558429193,-12.172937141047132
1116,37.2,0.0867577940225601,0.09262245894749507,0.11871424072033032,-1.733333333333333,0.1270329305532156,-0.7401637351445409,-0.008318689832885279,-0.040275136530655495,-0.993169598188792,-17.11327825623663
1117,37.233333333333334,0.1939021646976471,0.12133208440196293,0.07871424072033033,-1.1999999999999997,0.0824566808052067,-0.9047135511892437,-0.0037424400848763695,0.1114454838924404,-0.29528644881075605,-15.447384899714972
1118,37.266666666666666,0.149784967303276,0.12939758582839558,0.056492018498108115,-0.6666666666666664,0.061612433507229385,0.4718054647412613,-0.005120415009121269,0.08817253379604661,-1.1384721314079278,1.3927328835790298
1119,37.3,0.0085368258878588,0.09513734460499576,0.05204757405366368,-0.13333333333333308,0.05660550339010235,0.8638060134793306,-0.004557929336438671,-0.04806867750224355,-0.9971393468126637,7.560435682349793
1120,37.333333333333336,0.097228430211544,0.095730101901362,0.06538090738699702,0.40000000000000024,0.06576758829451454,0.30025679334181965,-0.0003866809075175198,0.031460841917029456,0.0997432066581806,4.2755854227482795
1121,37.36666666666667,0.1196429952979087,0.10250865845286979,0.09649201849810814,0.9333333333333336,0.0916428144177313,-0.34094947327568437,0.00484920408037684,0.028000180880177403,1.274282806609018,0.6274919296577817
1122,37.4,0.1114876642823219,0.10505392546769489,0.10982535183144147,0.40000000000000024,0.10319483834287742,-1.1788182345120009,0.006630513488564055,0.008292825939444484,1.578818234512001,-9.604403475073017
1123,37.43333333333333,0.0621937476098537,0.09290440702175835,0.10538090738699704,-0.13333333333333308,0.10074544681747657,-1.1125475978502897,0.0046354605695204665,-0.03855169920762287,0.9792142645169566,-11.082233751560906
1124,37.46666666666667,-0.0307145603001117,0.05786230036680628,0.08315868516477483,-0.6666666666666664,0.08457005330521912,-0.08089592352890168,-0.0014113681404442913,-0.11528461360533082,-0.5857707431377648,-3.2233464960737406
1125,37.5,-0.0511676669120788,0.026955718434078083,0.043158685164774835,-1.1999999999999997,0.04688173097792389,-0.44591318414374864,-0.0037230458131490562,-0.09804939789000269,-0.754086815856251,-9.988948548392877
1126,37.53333333333333,-0.084804430603981,-0.004724784543818514,-0.004724784543818514,-1.4365040912578004,-0.0013422967894215687,-1.0769789862148296,-0.003382487754396945,-0.08346213381455944,-0.35952510504297086,-17.843908262404476
1127,37.56666666666666,-0.2538508474826813,-0.07534422310700963,-0.07038603203018964,-1.9698374245911339,-0.05940357858280258,-0.9673538152057217,-0.010982453447387061,-0.19444726889987868,-1.0024836093854121,-21.74948264983896
1128,37.6,-0.0844828113913536,-0.07793472675117834,-0.118269501738783,-1.4365040912578007,-0.11084840834836321,-0.8585245898141489,-0.007421093390419797,0.026365596957009615,-0.5779795014436517,-17.37003026405839
1129,37.63333333333333,0.0440849177539348,-0.04334597803906178,-0.1483751936695986,-0.9031707579244673,-0.14337611662627817,-0.10216803768422278,-0.004999077043320421,0.18746103438021297,-0.8010027202402445,-5.899346320940521
1130,37.666666666666664,-0.2153617590665817,-0.09210706604755889,-0.1607031078226364,-0.369837424591134,-0.15560761635706896,0.743747881751043,-0.0050954914655674255,-0.059754142709512736,-1.113585306342177,5.31267895502141
1131,37.7,-0.1732111722230911,-0.11509754073222125,-0.1552532441978964,0.16349590874219933,-0.152752368677857,0.6103734682462387,-0.002500875520039414,-0.020458803545234105,-0.4468775595040394,6.308422470401889
1132,37.733333333333334,-0.6947885751724243,-0.27942179853711,-0.1675811583509342,-0.369837424591134,-0.16131729744674178,1.2634232522584283,-0.006263860904192425,-0.5334712777256825,-1.6332606768495623,10.870430024518487
1133,37.766666666666666,-0.1018665060400962,-0.229090432472294,-0.1976868502817498,-0.9031707579244673,-0.19269102249802506,-0.025301965264412418,-0.004995827783724732,0.09082451645792886,-0.8778687926600549,-4.984855849667541
1134,37.8,-0.1184956952929496,-0.197740287266629,-0.2100147644347876,-0.369837424591134,-0.2046947572054334,0.8115358542051985,-0.00532000722935419,0.0861990619124838,-1.1813732787963325,5.999790351926459
1135,37.833333333333336,-0.3010530769824981,-0.22702622836835212,-0.22702622836835212,-0.5103439180069361,-0.2203666692479259,1.0205855901196283,-0.006659559120426234,-0.08068640773457222,-1.5309295081265644,7.4582698794309845
1136,37.86666666666667,-0.0841652601957321,-0.18652961695029993,-0.22625991452413888,0.0229894153263972,-0.22102023674691382,1.1571322408876874,-0.00523967777722506,0.13685497655118173,-1.1341428255612902,11.042590366830119
1137,37.9,-0.0294916424900293,-0.14201426813990026,-0.20771582290214785,0.5563227486597305,-0.2077146607502247,0.3300571081933139,-1.1621519231397315e-06,0.1782230182601954,0.22626564046641662,5.188685173715776
1138,37.93333333333333,-0.3884606063365936,-0.2118740886424056,-0.2069495090579346,0.0229894153263972,-0.20620031825491483,0.2535851867940019,-0.0007491908030197725,-0.18226028808167874,-0.23059577146760468,2.670474760925382
1139,37.96666666666667,-0.3959519565105438,-0.2640544005993579,-0.22396097299149914,-0.5103439180069361,-0.21804535557525112,1.104158433796346,-0.00591561741624802,-0.1779066009352927,-1.614502351803282,8.841266792785573
1140,38.0,-0.2716445028781891,-0.2662059569449491,-0.25875021470284143,-1.0436772513402695,-0.2543513968407237,-0.35384034135840126,-0.00439881786211771,-0.017293106037465367,-0.6898369099818682,-8.893540200606466
1141,38.03333333333333,-0.1835551559925079,-0.24277704271893397,-0.275761678636406,-0.5103439180069361,-0.27027987837010903,0.72809776453414,-0.005481800266296966,0.08672472237760112,-1.238441682541076,4.603300349021181
1142,38.06666666666666,-0.3196041584014892,-0.26455512451386376,-0.2749953647921928,0.0229894153263972,-0.2710501975112066,0.8467660370075576,-0.0039451672809861504,-0.04855396089028258,-0.8237766216811604,8.036609706279023
1143,38.1,-0.3664763867855072,-0.29344661115467163,-0.29200682872575734,-0.5103439180069361,-0.28535112985981576,1.1119056561345544,-0.006655698865941584,-0.08112525692569145,-1.6222495741414904,8.544722296962684
1144,38.13333333333333,-0.7285932898521423,-0.4167970698732121,-0.3267960704370997,-1.0436772513402695,-0.3223951745856578,-0.40299827201256133,-0.004400895851441877,-0.4061981152664845,-0.6406789793277081,-9.478381571519813
1145,38.166666666666664,0.0189546048641204,-0.293275113720144,-0.34380753437066425,-0.5103439180069361,-0.3384693180029529,0.6847455241479274,-0.005338216367711368,0.35742392286707325,-1.1950894421548637,4.163874041192337
1146,38.2,-0.2530088722705841,-0.2818608950283179,-0.34304122052645103,0.0229894153263972,-0.339276464794756,0.8021285765733999,-0.0037647557316950464,0.08626759252417188,-0.7791391612470027,7.601255927001217
1147,38.233333333333334,-0.1918297260999679,-0.25633987756468873,-0.32449712890446003,0.5563227486597305,-0.3260839672952907,-0.04864735575239287,0.0015868383908306805,0.1342542411953228,0.6049701044121234,1.5252699493062676
1148,38.266666666666666,-0.0799225196242332,-0.2063310803172731,-0.28817525950469125,1.0896560819930639,-0.29236687971518066,0.18139181968320328,0.004191620210489411,0.21244436009094747,0.9082642623098606,6.8418869172726335
1149,38.3,0.0266644824296236,-0.14028413350328783,-0.2340756123271447,1.6229894153263973,-0.24081727661350627,0.8514182244081713,0.006741664286361582,0.2674817590431299,0.771571190918226,17.354614917562337
1150,38.333333333333336,0.0789376869797706,-0.07814161135732722,-0.16740894566047804,2.0,-0.17963395499757484,1.341998593911774,0.012225009337096804,0.25857164197734545,0.658001406088226,26.91958059598248
1151,38.36666666666667,0.0097737880423665,-0.053220348309114165,-0.10074227899381137,2.0,-0.11464275487418837,1.798944014806377,0.013900475880377003,0.12441654291655488,0.2010559851936231,33.225427404328
1152,38.4,0.1213996708393096,-0.0037210403335306633,-0.034075612327144705,2.0,-0.048488036317968435,1.938566226746394,0.01441242399082373,0.16988770715727802,0.061433773253606105,35.152213929100235
1153,38.43333333333333,0.1146088019013404,0.029821764964798513,0.02982176496479852,1.9169213187582967,0.015848242709189466,1.7203534832589478,0.013973522255609053,0.09876055919215093,0.19656783549934898,32.14087806897348
1154,38.46666666666667,0.2094059884548187,0.08072826943913826,0.08072826943913826,1.5271951342301922,0.07013631102603311,0.6656788445966924,0.010591958413105146,0.1392696774287856,0.8615162896334998,16.95170333981745
1155,38.5,0.1616828441619873,0.10367635663888053,0.11385699613570022,0.9938618008968588,0.10923372970378026,0.5397721758697125,0.004623266431919959,0.05244911445820705,0.45408962502714634,11.105607054214515
1156,38.53333333333333,0.0440203882753849,0.08676575747042893,0.1292079450544844,0.4605284675635255,0.12466681459345161,-0.4909833560742858,0.0045411304610328,-0.0806464263180667,0.9515118236378113,-2.395127576684046
1157,38.56666666666666,0.1992683708667755,0.11865672584691495,0.12678111619549082,-0.07280486576980782,0.12435785990565514,-0.513097929886831,0.002423256289835682,0.07491051096112038,0.4402930641170232,-4.987013384934341
1158,38.6,0.2412510961294174,0.15340839132192752,0.142132065114275,0.4605284675635255,0.13531289643799904,-1.3245618441100377,0.006819168676275966,0.10593819969141835,1.7850903116735632,-11.097902059105941
1159,38.63333333333333,0.197858989238739,0.16600874405761754,0.16600874405761754,0.7163003683002759,0.16021864813007552,-0.40552553479322895,0.0057900959275420105,0.03764034110866349,1.1218259030935047,-0.14078191432897347
1160,38.666666666666664,-0.0494234450161457,0.10494046376065824,0.17210764522318228,0.18296703496694255,0.1670206974868187,-0.9171085380537176,0.0050869477363635895,-0.2164441425029644,1.1000755730206602,-7.802374182763769
1161,38.7,0.1105083674192428,0.10651879011360861,0.16042876861096925,-0.35036629836639077,0.15921394184907137,-0.45304556382496997,0.0012148267618978803,-0.04870557442982856,0.1026792654585792,-5.541881179739718
1162,38.733333333333334,0.2288835048675537,0.14120535543692153,0.14120535543692153,-0.5767023952214315,0.14495584936393216,0.5032962224763364,-0.0037504939270106286,0.08392765550362155,-1.0799986176977678,2.6912474280900374
1163,38.766666666666666,0.154878094792366,0.14508114894287555,0.1397597200406516,-0.04336906188809819,0.1430407305872942,0.6819751585952332,-0.003281010546642593,0.01183736420507181,-0.7253442204833314,6.276929873542977
1164,38.8,0.1455292254686355,0.14520816460839536,0.14520816460839536,0.16345333703231296,0.14685692887884477,0.475928446527062,-0.0016487642704494099,-0.0013277034102092689,-0.31247510949474905,5.159149068966239
1165,38.833333333333336,0.1779161244630813,0.1544798471222083,0.1544798471222083,0.2781504754143882,0.15381996452085864,0.03156618548622142,0.000659882601349665,0.024096159942222667,0.24658428992816678,1.3561955122381224
1166,38.86666666666667,0.1213820874691009,0.14509766857039824,0.14597375185824346,-0.2551828579189451,0.1482694090414069,0.4223738574963476,-0.0022956571831634354,-0.026887321572306,-0.6775567154152927,3.227986926141167
1167,38.9,0.0680870115756988,0.12326755856025934,0.12326755856025934,-0.6811857989395237,0.12919391034060437,0.7938748957810413,-0.005926351780345035,-0.061106898764905576,-1.4750606947205651,4.7610490747045935
1168,38.93333333333333,0.1426960080862045,0.1287749156849623,0.118339143040053,-0.14785246560619036,0.12428015208494302,1.2080356980331375,-0.005941009044890019,0.018415856001261485,-1.3558881636393278,10.888904841909945
1169,38.96666666666667,0.1865352541208267,0.14514816312219117,0.13118850529762444,0.38548086772714296,0.13323680794811077,0.6894925473752265,-0.0020483026504863333,0.053298446172715924,-0.3040116796480835,7.9922670892570125
1170,39.0,0.2358791679143905,0.17086756214095916,0.16181564533297366,0.9188142010604763,0.15690951619916538,-0.48765775668956013,0.004906129133808279,0.07896965171522513,1.4064719577500364,-1.1179247804098378
1171,39.03333333333333,-0.149403303861618,0.08008079949381107,0.1746650075905451,0.38548086772714296,0.16772185848857374,-1.2868821069636789,0.006943149101971358,-0.3171251623501917,1.672362974690822,-10.7566697609772
1172,39.06666666666666,0.0647115111351013,0.0757240874653541,0.16973659207033875,-0.14785246560619036,0.16480739549289092,-1.1977225469958503,0.004929196577447836,-0.10009588435778961,1.04987008138966,-11.972616366081912
1173,39.1,0.0873007997870445,0.07900572293504794,0.14703039877235463,-0.6811857989395237,0.14822223474511742,-0.14501009572683587,-0.0011918359727627892,-0.06092143495807292,-0.5361757032126878,-3.9025894004707675
1174,39.13333333333333,0.1076925620436668,0.0871375436209487,0.10654642769659273,-1.214519132272857,0.11020726658126115,-0.46767085093585353,-0.0036608388846684214,-0.0025147045375943505,-0.7468482813370034,-10.24780370167614
1175,39.166666666666664,0.0738080665469169,0.08335905422403618,0.08335905422403618,-0.6956212041766964,0.08922800378337667,0.6670664070791188,-0.005868949559340489,-0.015419937236459763,-1.362687611255815,3.2523840558770156
1176,39.2,0.0371647849678993,0.07026442525899756,0.07026442525899756,-0.3928388689511585,0.07742398510649565,1.278223452344883,-0.0071595598474980815,-0.040259200138596345,-1.6710623212960414,10.523437158400919
1177,39.233333333333334,-0.0355487205088138,0.04026971150413148,0.04026971150413148,-0.8998414126459826,0.04528217738517928,-0.07646345251712972,-0.005012465881047798,-0.08083089789399309,-0.8233779601288529,-5.593533919404666
1178,39.266666666666666,0.058740459382534,0.0455055901979442,0.028052775527043168,-0.3665080793126493,0.03319677455234808,0.7615283641526933,-0.005143999025304914,0.025543684830185917,-1.1280364434653425,5.505955307162322
1179,39.3,-0.0384548045694828,0.021705447129514388,0.021705447129514388,-0.19041985192586341,0.027670293946378297,1.2156402099386858,-0.005964846816863909,-0.0661250985158611,-1.4060600618645491,10.869528904337564
1180,39.333333333333336,-0.1872746646404266,-0.03753387127005382,-0.0024196590457921698,-0.7237531852591967,0.0033364230903237205,0.44361814545055056,-0.00575608213611589,-0.19061108773075033,-1.1673713307097473,0.5939770415858461
1181,39.36666666666667,-0.1033859252929687,-0.05620086671995353,-0.0443225429988765,-1.25708651859253,-0.04082946063246448,-0.8773793370643881,-0.0034930823664120203,-0.06255646466050421,-0.37970718152814187,-15.122184488532348
1182,39.4,-0.3614640235900879,-0.1427334137280383,-0.1040032047297386,-1.7904198519258632,-0.09486826141879211,-0.6825856857969081,-0.009134943310946497,-0.26659576217129577,-1.107834166128955,-16.988378179959447
1183,39.43333333333333,-0.134475365281105,-0.14039251555756796,-0.14590608868282293,-1.25708651859253,-0.14240351920191538,-1.1018111524964866,-0.003502569480907547,0.007928153920810366,-0.1552753660960433,-17.79229303189867
1184,39.46666666666667,-0.2641115486621856,-0.17546298772881191,-0.17546298772881191,-0.8867069713796697,-0.17040507325426654,0.19931615242909873,-0.005057914474545372,-0.09370647540791907,-1.0860231238087685,-2.312530832407414
1185,39.5,-0.5344788432121277,-0.2772327417658973,-0.22279766455257868,-1.420040304713003,-0.21894610264596817,-1.0554780064758889,-0.0038515619066105122,-0.31553274056615954,-0.36456229823711417,-17.79726767558616
1186,39.53333333333333,-0.3962138593196869,-0.31096016322533593,-0.28791011915412323,-1.9533736380463362,-0.27690231470793075,-0.9547454474355059,-0.011007804446192482,-0.11931154461175614,-0.9986281906108303,-21.575487174609982
1187,39.56666666666666,-0.3525144159793854,-0.32273949279361186,-0.33524479597789003,-1.420040304713003,-0.32808314867810234,-0.8764303915883611,-0.007161647299787688,-0.024431267301283033,-0.5436099131246419,-17.408872080214778
1188,39.6,-0.057395052164793,-0.2475226519620296,-0.36480169502387905,-0.8867069713796697,-0.35973350664685005,-0.04372830403330008,-0.005068188377028993,0.30233845448205704,-0.8429786673463696,-5.204077551702282
1189,39.63333333333333,-0.1903873234987259,-0.23132657528260084,-0.3765808162920903,-0.35337363804633637,-0.37144603080393,0.771112726098468,-0.005134785488160265,0.18105870730520413,-1.1244863641448044,5.654587502116371
1190,39.666666666666664,-0.1471432596445083,-0.20746324112711773,-0.37058215978252373,0.17995969528699696,-0.36814427034748604,0.6089622149540586,-0.002437889435037699,0.22100101070297773,-0.4290025196670616,6.362311914513679
1191,39.7,-0.2122360914945602,-0.20881619476560404,-0.3468057254951794,0.7132930286203303,-0.3509558077738537,-0.5383386584424168,0.004150082278674305,0.13871971627929353,1.251631687062747,-2.5858095030228485
1192,39.733333333333334,-0.0422727353870868,-0.1616063386030684,-0.3052515134300573,1.2466263619536635,-0.30878445874600696,0.7445246778570069,0.003532945315949665,0.26651172335892015,0.5021016840966566,13.541587014450194
1193,39.766666666666666,-0.0715968832373619,-0.13609147625458456,-0.2459195235871574,1.7799596952869967,-0.25490284586954914,0.6932471266402536,0.008983322282391737,0.18330596263218724,1.0867125686467431,17.011505305481172
1194,39.8,0.0091344444081187,-0.09492447485361322,-0.17925285692049076,2.0,-0.1921628173119301,1.528803426914287,0.012909960391439351,0.2012972617200488,0.47119657308571306,29.49748729141716
1195,39.833333333333336,0.026496835052967,-0.06050533526598115,-0.11258619025382409,2.0,-0.12669595673413908,1.8560232693349228,0.014109766480314992,0.15319279178710607,0.1439767306650772,34.013121116821935
1196,39.86666666666667,0.0248762872070074,-0.036302318642479584,-0.045919523587157424,2.0,-0.060395897483517764,1.9560071100745595,0.01447637389636034,0.08527218469052517,0.04399288992544048,35.39289811902892
1197,39.9,0.0535719655454158,-0.010825773090618062,0.002969365301731468,1.4666666666666668,-0.006896648948395612,0.7191814037047584,0.00986601425012708,0.06046861449381141,0.7474852629619084,17.067762737267245
