sample_index,time_s,q_raw,q_ref,q_cmd,qdot_cmd,q_model,qdot_model,q_cmd_minus_model,q_raw_minus_model,qdot_cmd_minus_model,tau_model
0,0.0,-0.1778383255004882,-0.050411597059375264,-0.017777777777777778,-0.5333333333333333,-0.013431937937773397,0.6764472206240917,-0.004345839840004381,-0.1644063875627148,-1.2097805539574251,4.5633270321360975
1,0.03333333333333333,0.0862903296947479,-0.01166088104034612,-0.017777777777777778,0.0,-0.013912844335539975,0.8518076278846511,-0.003864933442237803,0.10020317403028788,-0.8518076278846511,8.159932841991061
2,0.06666666666666667,0.0716520473361015,0.011955725578785253,0.0,0.5333333333333333,-0.0012591412466263492,-0.020252249699638514,0.0012591412466263492,0.07291118858272785,0.5535855830329719,1.6628339311235791
3,0.1,0.1374940574169159,0.04754191197769289,0.035555555555555556,1.0666666666666667,0.034173372220694664,0.8380632468066652,0.0013821833348608911,0.10332068519622123,0.22860341986000143,13.303393956873776
4,0.13333333333333333,0.1732757687568664,0.08318352357538808,0.08318352357538808,1.4288390405949758,0.07599485581284864,0.5185780310584774,0.007188667762539444,0.09728091294401776,0.9102610095364984,13.456376828606988
5,0.16666666666666666,0.1532170921564102,0.10303584747689107,0.11303371381744283,0.8955057072616425,0.11092661053932065,0.8041665407573049,0.002107103278122177,0.04229048161708954,0.0913391665043376,12.900859391118598
6,0.2,0.1170045211911201,0.10699552910768594,0.1251061262817198,0.36217237392830914,0.1231523745994281,-0.042179671766663374,0.001953751682291699,-0.006147853408307993,0.4043520456949725,1.3881070396896755
7,0.23333333333333334,0.1738024950027465,0.12593321217450032,0.12593321217450032,0.02481257678341564,0.12478595531948346,-0.18528854343071732,0.0011472568550168621,0.04901653968326304,0.21010112021413296,-1.5504119194644441
8,0.26666666666666666,0.114235870540142,0.12261738207163812,0.12261738207163812,-0.0994749030858659,0.12260214103538812,-0.04246651312499239,1.5241036250002171e-05,-0.008366270495246117,-0.05700838996087351,-0.7310805542366661
9,0.3,0.1018489971756935,0.11673019522368559,0.11673019522368559,-0.1766156054385759,0.1184100625171627,0.29454009978522966,-0.0016798672934771053,-0.0165610653414692,-0.47115570522380557,2.2302708916115
10,0.3333333333333333,0.1307291388511657,0.12069845742711878,0.12069845742711878,0.11904786610299561,0.12107048687594339,0.13435426666196004,-0.0003720294488246123,0.009658651975222296,-0.015306400558964428,1.6889456919091748
11,0.36666666666666664,0.1328376084566116,0.12413952666019595,0.12413952666019595,0.10323207699231521,0.12365188189270455,-0.05145732851011836,0.0004876447674913992,0.009185726563907051,0.15468940550243357,-0.1180608934378087
12,0.4,0.1013219505548477,0.11767145826573007,0.11767145826573007,-0.19404205183397652,0.11931962706093661,0.2952992345288322,-0.001648168795206545,-0.01799767650608891,-0.4893412863628087,2.2170175235158616
13,0.43333333333333335,0.1284535080194473,0.1207278317787445,0.1207278317787445,0.09169120539043271,0.1213724360705735,0.18534768682464553,-0.0006446042918290124,0.007081071948873793,-0.09365648143421282,2.092424230425709
14,0.4666666666666667,0.1080175787210464,0.11712487300220333,0.11712487300220333,-0.10808876329623504,0.11908852250529003,0.4107846791849048,-0.001963649503086709,-0.011070943784243628,-0.5188734424811399,3.633743680950707
15,0.5,0.0518446937203407,0.09861998613566565,0.09861998613566565,-0.5551466059961302,0.10277721401796841,0.4781555002026241,-0.004157227882302758,-0.05093252029762771,-1.0333021061987542,2.2244297032354994
16,0.5333333333333333,0.1300069242715835,0.10751720035415584,0.09789287704690576,-0.021813272662796868,0.10126932651133742,0.6983783832137105,-0.0033764494644316634,0.028737597760246078,-0.7201916558765074,6.526588751094296
17,0.5666666666666667,0.1422003358602523,0.11734878332126067,0.11494354573592364,0.5115200606705365,0.11322503201698828,-0.1469338941515963,0.0017185137189353605,0.028975303843264022,0.6584539548221328,0.33625740942263727
18,0.6,0.0431277826428413,0.09630945353104724,0.11421643664716374,-0.021813272662796868,0.11330282167635591,-0.18282640888844065,0.00091361497080783,-0.07017503903351462,0.16101313622564378,-1.7551294195287184
19,0.6333333333333333,0.0270599108189344,0.07667937641508021,0.09571154978062607,-0.5551466059961302,0.09996986015775612,0.6832633646741066,-0.004258310377130051,-0.07290994933882172,-1.238409970670237,4.643725049149094
20,0.6666666666666666,-0.0877032652497291,0.030082044417938297,0.05942888513631062,-1.0884799393294635,0.06285365620602994,-0.7081785522954087,-0.0034247710697193137,-0.15055692145575905,-0.3803013870340548,-12.90508089370592
21,0.7,-0.136779174208641,-0.01721788654219856,0.00942888513631062,-1.5,0.017618314851160867,-0.9282409625842888,-0.008189429714850247,-0.15439748905980186,-0.5717590374157112,-19.109725283663185
22,0.7333333333333333,-0.0232875179499387,-0.018938437002650823,-0.0227933370859116,-0.9666666666666667,-0.019216972357657767,-0.7298492724625625,-0.0035763647282538343,-0.004070545592280934,-0.2368173942041042,-12.971537768885192
23,0.7666666666666666,-0.2006791830062866,-0.0704562480876433,-0.0704562480876433,-1.4298873300519508,-0.06265692859331139,-0.7127947482784337,-0.007799319494331908,-0.13802225441297522,-0.7170925817735171,-16.136567526242384
24,0.8,-0.3798363208770752,-0.15815581185584923,-0.1204562480876433,-1.5,-0.11106223257471132,-1.308636477767993,-0.00939401551293198,-0.2687740883023639,-0.19136352223200692,-24.359183393198304
25,0.8333333333333334,-0.2708660066127777,-0.1901056230485687,-0.17045624808764331,-1.5,-0.1606231133811838,-1.4473056967766948,-0.009833134706459523,-0.11024289323159392,-0.05269430322330515,-26.27281861551839
26,0.8666666666666667,-0.3551959693431854,-0.236903567149623,-0.2204562480876433,-1.5,-0.21050219650180663,-1.4854899744747372,-0.009954051585836676,-0.1446937728413788,-0.014510025525262815,-26.799761647751374
27,0.9,-0.1470971852540969,-0.21144626977158842,-0.2526784703098655,-0.9666666666666667,-0.24811582984149513,-0.6698054280811742,-0.004562640468370377,0.10101864458739823,-0.2968612385854925,-12.78740331278228
28,0.9333333333333333,-0.3648898601531982,-0.25494272323791567,-0.26712291475430994,-0.43333333333333335,-0.26305176402101393,0.4268815278727145,-0.004071150733296003,-0.10183809613218425,-0.8602148612060478,1.9310054237021
29,0.9666666666666667,-0.1679327934980392,-0.23027813248748621,-0.2637895814209766,0.09999999999999998,-0.2618694028467282,0.41507625975086604,-0.0019201785742483657,0.09393660934868903,-0.31507625975086606,4.184322262840703
30,1.0,0.0103955091908574,-0.1620546907014927,-0.24267847030986547,0.6333333333333333,-0.2465433591893951,-0.5460070861125521,0.0038648888795296266,0.2569388683802525,1.1793404194458854,-3.0247550658330433
31,1.0333333333333332,-0.1793107837438583,-0.16694625278082884,-0.20378958142097658,1.1666666666666665,-0.20830742836666621,0.6217996222466295,0.00451784694568963,0.028996644622807904,0.544867044420037,12.640185508222995
32,1.0666666666666667,-0.0813670828938484,-0.14268723765078345,-0.1537895814209766,1.5,-0.16228000304370271,1.023291038755616,0.008490421622726119,0.08091292014985431,0.476708961244384,20.4214163348275
33,1.1,-0.3052718341350555,-0.18877488013706936,-0.12156735919875437,0.9666666666666667,-0.1253119531786061,0.7196075818354066,0.003744593979851732,-0.17995988095644938,0.24705908483126005,12.940129917628576
34,1.1333333333333333,-0.3663838803768158,-0.23912147066532982,-0.10712291475430993,0.43333333333333335,-0.11071707518201065,-0.33897592705294366,0.003594160427700721,-0.2556668051948051,0.772309260386277,-1.1317129725288182
35,1.1666666666666667,-0.0052393074147403,-0.17282320036851814,-0.11045624808764326,-0.09999999999999998,-0.11190807792607098,-0.30882102121344923,0.0014518298384277178,0.10666877051133068,0.20882102121344925,-3.15890336619752
36,1.2,-0.3456526398658752,-0.22181493507710054,-0.13156735919875437,-0.6333333333333333,-0.1277189240929725,0.5126205101117487,-0.0038484351057818666,-0.2179337157729027,-1.145953843445082,2.6309525749199514
37,1.2333333333333334,-0.0322795026004314,-0.16808757443310907,-0.16808757443310907,-1.095606457030641,-0.1647722158832067,-0.7130317761819356,-0.003315358549902364,0.1324927132827753,-0.3825746808487054,-12.919964113624596
38,1.2666666666666666,0.0807692185044288,-0.09754446548429531,-0.18683001188968598,-0.5622731236973076,-0.18275935402597265,0.3627472400314864,-0.004070657863713328,0.26352857253040146,-0.925020363728794,0.8631622187756975
39,1.3,-0.1604568809270858,-0.11537816543850044,-0.18779467156848512,-0.028939790363974316,-0.18475104331591977,0.5996914137604268,-0.00304362825256535,0.024294162388833973,-0.6286312041244011,5.501970101829839
40,1.3333333333333333,0.026163637638092,-0.07525549602135598,-0.1709815534695065,0.504393542969359,-0.17307399600618234,-0.242453331907014,0.0020924425366758426,0.19923763364427433,0.746846874876373,-0.6276244624430138
41,1.3666666666666667,0.0187454298138618,-0.04860917676999636,-0.1363906575927501,1.0377268763026923,-0.1378968441006059,0.8210661471100986,0.0015061865078558057,0.1566422739144677,0.21666072919259372,13.100194209909866
42,1.4,0.0549612045288085,-0.019250216519851225,-0.0863906575927501,1.5,-0.09405178141375387,0.7614075224222439,0.007661123821003771,0.14901298594256235,0.7385924775777561,16.807423809426965
43,1.4333333333333333,0.0535343848168849,0.001381939031482586,-0.03639065759275009,1.5,-0.0457466192246207,1.296619462695981,0.009355961631870607,0.0992810040415056,0.20338053730401895,24.19334858520454
44,1.4666666666666666,0.0628962442278862,0.018819318506471065,0.01360934240724991,1.5,0.0037866863057203215,1.4439966636409227,0.00982265610152959,0.05910955792216588,0.05600333635907728,26.227153958244735
45,1.5,0.1247468441724777,0.04884645538117527,0.04884645538117527,1.0571133892177607,0.042838410148213664,0.5588670178647998,0.006008045232961605,0.08190843402426404,0.4982463713529609,12.44719218811872
46,1.5333333333333332,0.1303680539131164,0.07195527607695433,0.07195527607695433,0.6932646208733718,0.06869758620965558,0.17937122484001378,0.0032576898672987548,0.061670467703460824,0.513893396033358,5.531252165953047
47,1.5666666666666667,0.1779558509588241,0.10200312011714287,0.10200312011714287,0.9014353212056562,0.09979043442986968,0.5397950878428889,0.0022126856872731887,0.07816541652895442,0.3616402333627673,9.782536126058291
48,1.6,0.1385012418031692,0.11234919483799911,0.11427318637955362,0.36810198787232284,0.11136314332784697,-0.3057672781621925,0.002910043051706654,0.027138098475322225,0.6738692660345154,-1.2547183858785926
49,1.6333333333333333,0.0663553029298782,0.09931136657719328,0.10876547486418661,-0.16523134546101048,0.1083585721167152,-0.11946816929299861,0.00040690274747141875,-0.042003269186837,-0.04576317616801187,-1.5956559998856634
50,1.6666666666666667,0.1675899177789688,0.11866619800228101,0.11866619800228101,0.2970216941428319,0.11505715138461814,-0.6955606768923117,0.00360904661766287,0.05253276639435067,0.9925823710351436,-5.736976587502859
51,1.7,0.123136006295681,0.11993324870119751,0.11993324870119751,0.038011520967494994,0.11589887198578032,-0.9044956868903611,0.00403437671541719,0.007237134309900681,0.942507207857856,-8.616034854218483
52,1.7333333333333334,0.1216041296720504,0.12040689114019237,0.12040689114019237,0.014209273169845937,0.1157787093177278,-1.0760693012029345,0.004628181822464578,0.005825420354322611,1.0902785743727805,-10.415137099101901
53,1.7666666666666666,0.1870926469564438,0.1393102149448215,0.13865831135696502,0.5475426065031792,0.13455299131314288,-0.30853952133912554,0.004105320043822136,0.0525396556433009,0.8560821278423048,-0.22376946861005997
54,1.8,0.0804089084267616,0.12261353878065553,0.13913195379595988,0.014209273169845882,0.13640214612862836,-0.5228592319025626,0.002729807667331524,-0.05599323770186676,0.5370685050724084,-4.780516234920309
55,1.8333333333333333,0.1074805334210395,0.11832380558428535,0.12182781845717697,-0.5191240601634874,0.12444182974905335,0.35804922753618096,-0.0026140112918763836,-0.016961296328013853,-0.8771732876996684,1.70296109587238
56,1.8666666666666667,0.1340963244438171,0.12279482083434701,0.12230146089617183,0.014209273169845882,0.12432174698670677,0.43978584992278835,-0.002020286090534937,0.009774577457110342,-0.42557657675294247,4.231780671923935
57,1.9,0.1395629793405532,0.12754806875019226,0.12754806875019226,0.15739823562061273,0.1281251283787411,0.21453522782374385,-0.0005770596285488427,0.011437850961812102,-0.05713699220313112,2.6315644248459016
58,1.9333333333333333,0.0284280069172382,0.0994506347265598,0.1150168988264349,-0.3759350977127206,0.11981341308155044,0.942662795129676,-0.0047965142551155415,-0.09138540616431223,-1.3185978928423965,7.887663191483107
59,1.9666666666666666,0.0985030829906463,0.09918203347781687,0.09918203347781687,-0.4750459604585408,0.10367901834815106,0.49033890349434883,-0.004496984870334189,-0.0051759353575047545,-0.9653848639528897,2.368135801278158
60,2.0,0.1004328057169914,0.09953658824522636,0.09953658824522636,0.010636643022284675,0.10274873512307076,0.6653979165474959,-0.0032121468778443935,-0.002315929406079359,-0.6547612735252113,6.292751953902638
61,2.033333333333333,0.0947938784956932,0.09819217852819728,0.09819217852819728,-0.04033229151087239,0.10199969582501385,0.8606419286040923,-0.0038075172968165677,-0.0072058173293206434,-0.9009742201149646,8.205911823627222
62,2.0666666666666664,0.0433809384703636,0.08265490814317775,0.08265490814317775,-0.466118111550586,0.08723559910160109,0.5847063165155715,-0.004580690958423339,-0.04385466063123748,-1.0508244280661576,3.481221560892658
63,2.1,-0.0958868414163589,0.03204391238767315,0.049339859980380436,-0.9994514448839193,0.05144978681483409,-0.8108087664494031,-0.002109926834453657,-0.147336628231193,-0.1886426784345162,-13.219813550444837
64,2.1333333333333333,-0.0854835733771324,-0.0012714499736339174,-0.0006601400196195664,-1.5,0.007167231137693757,-0.8139066812568397,-0.007827371157313323,-0.09265080451482616,-0.6860933187431603,-17.531912201344387
65,2.1666666666666665,-0.256254494190216,-0.07355115934361398,-0.05066014001961957,-1.5,-0.0412584001357217,-1.3110757528098542,-0.00940173988389787,-0.21499609405449432,-0.18892424719014578,-24.39284538877599
66,2.2,-0.3075406849384308,-0.1398798635034375,-0.10066014001961957,-1.5,-0.09082487831245928,-1.4479773812085108,-0.009835261707160287,-0.2167158066259715,-0.05202261879148917,-26.28208786067745
67,2.2333333333333334,-0.3389959037303924,-0.19632302647030908,-0.15066014001961958,-1.5,-0.14070550273793775,-1.4856749310574173,-0.009954637281681833,-0.19829040099245465,-0.014325068942582675,-26.802314048592358
68,2.2666666666666666,-0.2961584627628326,-0.22462324675444467,-0.20066014001961957,-1.5,-0.19067263120292458,-1.4960554157984163,-0.009987508816694995,-0.10548583155990801,-0.003944584201583723,-26.945564738018145
69,2.3,-0.3594942986965179,-0.26285496708999856,-0.25066014001961956,-1.5,-0.2406635796208195,-1.498913810147387,-0.009996560398800064,-0.1188307190756984,-0.0010861898526131064,-26.98501058003394
70,2.3333333333333335,-0.2136500924825668,-0.24890692577164886,-0.28288236224184177,-0.9666666666666667,-0.2782959629095152,-0.6683590034434764,-0.004586399332326574,0.06464587042694839,-0.29830766322319024,-12.782967610559993
71,2.3666666666666667,-0.0981472954154014,-0.20617129093618342,-0.2973268066862862,-0.43333333333333335,-0.29324180252541837,0.42943460675048306,-0.004085004160867822,0.19509450711001697,-0.8627679400838164,1.9542196063619235
72,2.4,-0.1515413969755172,-0.19068542649166048,-0.29399347335295284,0.09999999999999998,-0.2920596923318331,0.4181622747787175,-0.0019337810211197404,0.1405182953563159,-0.3181622747787175,4.214103929781962
73,2.433333333333333,-0.2637470960617065,-0.2113961222119723,-0.2728823622418417,0.6333333333333333,-0.27674772899515665,-0.5469767463070492,0.003865366753314947,0.013000632933450162,1.1803100796403825,-3.0361924351494696
74,2.466666666666667,-0.5281577110290527,-0.30118811465451434,-0.26954902890850835,0.09999999999999998,-0.2738421299352972,-0.8962126268309327,0.00429310102678887,-0.2543155810937555,0.9962126268309327,-8.232866565567122
75,2.5,-0.0681991353631019,-0.2351430340440271,-0.24843791779739724,0.6333333333333333,-0.2520845251081553,-0.10308898737830074,0.003646607310758082,0.18388538974505342,0.736422320711634,2.1995677442640567
76,2.533333333333333,-0.1186522245407104,-0.20212153694392354,-0.20954902890850835,1.1666666666666665,-0.21394487475054305,0.629226972412769,0.004395845842034701,0.09529265020983266,0.5374396942538975,12.662962715399155
77,2.5666666666666664,-0.1677699536085128,-0.19238393863611938,-0.18843791779739724,0.6333333333333332,-0.19208091553303638,-0.09576474943222713,0.003642997735639142,0.02431096192452359,0.7290980827655603,2.285958847896095
78,2.6,0.0103919832035899,-0.13490331382502524,-0.14954902890850835,1.1666666666666665,-0.15394285730055535,0.6293497934943214,0.0043938283920469945,0.16433484050414524,0.5373168731723451,12.66333936671592
79,2.6333333333333333,-0.1436159908771515,-0.13737308497038528,-0.12843791779739724,0.6333333333333332,-0.13208098640899507,-0.09590856480353349,0.0036430686115978272,-0.011535004468156418,0.7292418981368667,2.284262511876169
80,2.6666666666666665,0.011103494092822,-0.09528462369285076,-0.09528462369285076,0.9945988231363945,-0.09697285284444661,0.8163131063508186,0.0016882291515958464,0.10807634693726861,0.17828571678557592,13.044130979874804
81,2.7,0.109927624464035,-0.03711337665361202,-0.04528462369285076,1.5,-0.052995875198362664,0.7772373175300745,0.0077112515055119055,0.16292349966239766,0.7227626824699255,17.025874981915027
82,2.7333333333333334,0.0625172778964042,-0.008871205581643386,-0.008871205581643386,1.0924025433362212,-0.014291752440685195,0.5856819586934532,0.005420546859041808,0.07680903033708938,0.506720584642768,12.529424673326593
83,2.7666666666666666,0.0659094601869583,0.012326771738201632,0.012326771738201632,0.6359393195953505,0.008734064722564909,-0.01575184140864294,0.0035927070156367234,0.05717539546439339,0.6516911610039935,3.2297298558643557
84,2.8,0.1396144032478332,0.04840882982240334,0.04840882982240334,1.0824617425260512,0.04545713696721176,0.7385058554129572,0.002951692855191583,0.09415726628062143,0.343955887113094,12.998084623266402
85,2.8333333333333335,0.160184845328331,0.08009383044715246,0.08009383044715246,0.9505500187424736,0.07813974437114765,0.6492759893703008,0.0019540860760048073,0.08204510095718334,0.30127402937217274,11.073889025734736
86,2.8666666666666667,0.1345761269330978,0.09553785562895363,0.09553785562895363,0.46332075545403517,0.09209867845913096,-0.371001919142006,0.0034391771698226714,0.04247744847396685,0.8343226745960411,-1.5345678504697486
87,2.9,0.109826311469078,0.09958818547987797,0.09958818547987797,0.12150989552773006,0.09580637458721274,-0.7510421338648883,0.00378181089266523,0.014019936881865258,0.8725520293926183,-6.712352408031249
88,2.933333333333333,0.1012248396873474,0.10005212570311323,0.10005212570311323,0.013918206697057789,0.09602040161721842,-0.9193720387779953,0.004031724085894806,0.005204438070128978,0.9332902454750531,-8.851970062044506
89,2.966666666666667,0.167362242937088,0.11913243642055266,0.11829384370412627,0.5472515400303911,0.1141659729940561,-0.3518365225620189,0.004127870710070161,0.05319626994303191,0.89908806259241,-0.7344677483687301
90,3.0,0.0735044628381729,0.10619833454798171,0.11875778392736153,0.013918206697057789,0.11588235722597616,-0.563899879481563,0.002875426701385367,-0.04237789438780326,0.5778180861786207,-5.19657105509055
91,3.033333333333333,0.108488842844963,0.10684762193304685,0.10684762193304685,-0.35730485982944027,0.1076024946613001,0.00541716069366055,-0.000754872728253253,0.0008863481836628995,-0.3627220205231008,-1.1637669315019947
92,3.0666666666666664,0.0244443099945783,0.08348886309346995,0.08348886309346995,-0.7007627651873071,0.08688998402212307,0.17506080238715527,-0.00340112092865312,-0.06244567402754477,-0.8758235675744623,-1.3506433135185771
93,3.1,0.0555692017078399,0.07557451327126181,0.07557451327126181,-0.2374304946662441,0.07990495704511115,0.7859175194326873,-0.004330443773849335,-0.024335755337271246,-1.0233480140989313,6.567974744438752
94,3.1333333333333333,0.2407299280166626,0.12239090224078286,0.08543794122683146,0.2959028386670892,0.08659643425649358,0.3920668395944666,-0.0011584930296621165,0.15413349376016902,-0.09616400092737737,4.771149341032345
95,3.1666666666666665,0.1567939966917038,0.13214310233699156,0.11307914696017887,0.8292361720004225,0.1103153672418647,0.03198051066437635,0.002763779718314166,0.04647862944983909,0.7972556613360462,3.7927441387019605
96,3.2,0.1029292419552803,0.12386188762150757,0.12386188762150757,0.3234822198398609,0.11955851799267442,-0.723458635582553,0.0043033696288331535,-0.016629276037394114,1.046940855422414,-5.632804239533389
97,3.2333333333333334,0.0847562402486801,0.11277666101156864,0.11686685050505849,-0.2098511134934724,0.1150324438157649,-0.4955569852202556,0.0018344066892935912,-0.030276203567084797,0.2857058717267832,-5.453074894431698
98,3.2666666666666666,0.0670114159584045,0.09980364697507882,0.09980364697507882,-0.5118961058993902,0.10277722331106855,0.41513651480120883,-0.0029735763359897277,-0.03576580735266405,-0.927032620700599,2.2112511071368237
99,3.3,0.0512281507253646,0.08603401471494451,0.08603401471494451,-0.4130889678040292,0.09093482016726027,0.7859126692495151,-0.004900805452315762,-0.03970666944189567,-1.1990016370535443,5.8544976612108846
100,3.3333333333333335,-0.2560707032680511,-0.010941961338218675,0.05448660467703243,-0.9464223011373625,0.05639485238745522,-0.7771856064328035,-0.0019082477104227918,-0.3124655556555063,-0.16923669470455893,-12.58261294548442
101,3.3666666666666667,0.0055078668519854,-0.00627895009985519,0.005161416861342569,-1.479755634470696,0.012808559631604578,-0.730355130702077,-0.0076471427702620096,-0.007300692779619178,-0.7494005037686189,-16.378900803688662
102,3.4,-0.2461213618516922,-0.07426676422797003,-0.044838583138657434,-1.5,-0.03548647136133891,-1.2954037191532184,-0.009352111777318525,-0.21063489049035328,-0.2045962808467816,-24.176571324314413
103,3.433333333333333,-0.0336574800312519,-0.0627553036581898,-0.07706080536087966,-0.9666666666666667,-0.0728345987993496,-0.6902873119248898,-0.004226206561530055,0.0391771187680977,-0.2763793547417769,-12.850214423236332
104,3.466666666666667,-0.3666870892047882,-0.14891044858205219,-0.12706080536087966,-1.5,-0.11865069051060326,-0.9979310053504405,-0.008410114850276401,-0.24803639869418495,-0.5020689946495595,-20.071447873836078
105,3.5,-0.5041006207466125,-0.24959574118261027,-0.17706080536087965,-1.5,-0.16749859982239776,-1.3617491174153356,-0.009562205538481888,-0.33660202092421476,-0.13825088258466445,-25.09213782033163
106,3.533333333333333,-0.4906125664710998,-0.3179164647768044,-0.22706080536087964,-1.5,-0.21718135745897885,-1.4619309163897254,-0.00987944790190079,-0.2734312090121209,-0.03806908361027461,-26.47464664617821
107,3.5666666666666664,-0.4690168797969818,-0.36074870139433063,-0.2770608053608796,-1.5,-0.2670940008661533,-1.4895172088609367,-0.009966804494726311,-0.2019228789308285,-0.010482791139063252,-26.855337482280927
108,3.6,-0.5688895583152771,-0.41975011732175976,-0.3270608053608796,-1.5,-0.31706994615218687,-1.497113434324023,-0.009990859208692748,-0.25181961216309023,-0.002886565675976893,-26.96016539367152
109,3.6333333333333333,0.0412668250501155,-0.28906624886432536,-0.3592830275831018,-0.9666666666666667,-0.35469981473825174,-0.6685529947892845,-0.004583212844850082,0.3959666397883672,-0.29811367187738214,-12.783562517353813
110,3.6666666666666665,0.0339807271957397,-0.19749254593747825,-0.37372747202754625,-0.43333333333333335,-0.3696443258584387,0.4290921933301506,-0.004083146169107543,0.4036250530541784,-0.8624255266634839,1.9511061703635502
111,3.6999999999999997,0.1335892379283905,-0.10364122657212849,-0.3703941386942129,0.09999999999999998,-0.3684621820038644,0.41774838511393564,-0.001931956690348513,0.5020514199322549,-0.31774838511393566,4.210109676988075
112,3.7333333333333334,0.0628230199217796,-0.05645382478217867,-0.3492830275831018,0.6333333333333333,-0.3531483302450177,-0.5468466975777884,0.0038653026619158704,0.4159713501667973,1.1801800309111217,-3.0346584798998446
113,3.7666666666666666,0.0732596218585968,-0.01968412406196133,-0.31039413869421295,1.1666666666666665,-0.31491221690957905,0.6217855426947363,0.004518078215366095,0.38817183876817585,0.5448811239719302,12.64014233093053
114,3.8,0.1094240844249725,0.01691401059199578,-0.26039413869421296,1.5,-0.2688846239998935,1.0233111491622653,0.008490485305680529,0.37830870842486597,0.4766888508377347,20.421693858439262
115,3.8333333333333335,-0.1928629428148269,-0.04255118746205952,-0.21039413869421297,1.5,-0.21997847522766123,1.3687378526678684,0.009584336533448257,0.02711553241283432,0.1312621473321316,25.188582366816583
116,3.8666666666666667,0.1614181101322174,0.01526772201017492,-0.16039413869421298,1.5,-0.17027968063820598,1.4638553507346272,0.009885541943992993,0.3316977907704234,0.03614464926537275,26.501203840137855
117,3.9,0.1672284305095672,0.05834382489277609,-0.11039413869421298,1.5,-0.1203626212585009,1.4900471255646053,0.009968482564287923,0.2875910517680681,0.00995287443539472,26.862650332791553
118,3.933333333333333,0.1533487141132354,0.08527473632918203,-0.06039413869421298,1.5,-0.0703854599800314,1.497259353416342,0.009991321285818422,0.2237341740932668,0.002740646583657913,26.96217907714552
119,3.966666666666667,0.0313758961856365,0.06999610275209835,-0.010394138694212976,1.5,-0.020391748903351388,1.4992453292016028,0.009997610209138412,0.05176764508898789,0.0007546707983971945,26.98958554298212
120,4.0,0.1495031416416168,0.09253385886626891,0.03960586130578703,1.5,0.029606519364140216,1.4997921920989925,0.009999341941646811,0.11989662227747658,0.00020780790100749513,26.997132250966096
121,4.033333333333333,0.1261451542377472,0.10206160871513913,0.08960586130578703,1.5,0.0796060425102611,1.4999427775345062,0.00999981879552593,0.04653911172748609,5.7222465493778074e-05,26.999210329976187
122,4.066666666666666,0.049674142152071,0.08721140222614676,0.12182808352800925,0.9666666666666667,0.11723986302498583,0.6682481317212344,0.0045882205030234186,-0.06756572087291483,0.29841853494543225,12.782627603945116
123,4.1,-0.0291562173515558,0.05422482561280756,0.1362725279724537,0.43333333333333335,0.13218646191500733,-0.42963030602497554,0.00408606605744638,-0.16134267926656312,0.8629636393583089,-1.9559990260046267
124,4.133333333333333,0.1200471296906471,0.07288338788476625,0.13293919463912038,-0.09999999999999998,0.13100437095966078,-0.4183988248153362,0.0019348236794596019,-0.010957241269013679,0.3183988248153362,-4.216386761959344
125,4.166666666666667,0.0728928372263908,0.0728860664772525,0.11182808352800927,-0.6333333333333333,0.11569348691143147,0.5470510729556426,-0.0038654033834222,-0.04280064968504067,-1.180384406288976,3.037069135394397
126,4.2,0.1699610948562622,0.10040379754786259,0.10040379754786259,-0.3427285794044004,0.1056591349636151,0.9104265434084287,-0.0052553374157525146,0.0643019598926471,-1.253155122812829,7.323167997331574
127,4.233333333333333,0.0307546202093362,0.08066043652809678,0.08066043652809678,-0.5923008305929744,0.08449826526949887,0.14418395383968874,-0.003837828741402094,-0.05374364506016267,-0.7364847844326632,-1.7148429807514753
128,4.266666666666667,0.1124744638800621,0.089678717166928,0.07869485328610874,-0.05896749725964112,0.08125219537212103,0.44066645270033467,-0.0025573420860122847,0.031222268507941076,-0.4996339499599758,3.781158118889431
129,4.3,0.1057206317782402,0.09422609767768385,0.09422609767768385,0.46593733174725316,0.09182883402993389,-0.342685162554077,0.0023972636477499615,0.013891797748306317,0.8086224943013302,-1.7577348143641762
130,4.333333333333333,0.0699502825736999,0.0873446641854045,0.09197956429148117,-0.06739600158608017,0.09064164841817174,-0.31358909976220906,0.0013379158733094337,-0.020691365844471843,0.2461930981761289,-3.2044141418949272
131,4.366666666666666,0.1167843863368034,0.09568990364073333,0.09568990364073333,0.11131018047756486,0.09301073541226754,-0.571776748641418,0.0026791682284657975,0.023773650924535858,0.6830869291189829,-5.176814938880538
132,4.4,0.0596781745553016,0.08548170599291424,0.08548170599291424,-0.3062459294345728,0.0857599335448761,-0.08885922680330328,-0.0002782275519618571,-0.026081758989574502,-0.21738670263126952,-1.9235658212152695
133,4.433333333333334,-0.2552351653575897,-0.011100858994211968,0.05749573056731737,-0.8395792627679062,0.06015231369137703,-0.16204746869354847,-0.0026565831240596624,-0.31538747904896675,-0.6775317940743577,-5.32691440090985
134,4.466666666666667,-0.2037651985883712,-0.06571516683813469,0.01173197736394272,-1.3729125961012394,0.01892709233061171,-0.4470265632918382,-0.00719511496666899,-0.2226922909189829,-0.9258860328094012,-12.468966573427366
135,4.5,-0.2056827992200851,-0.10539160815153582,-0.03826802263605728,-1.5,-0.029040382282916548,-1.2560969536233906,-0.009227640353140734,-0.17664241693716853,-0.24390304637660942,-23.63413796000279
136,4.533333333333333,-0.2764106392860412,-0.1538701487741744,-0.08826802263605729,-1.5,-0.07848070137939535,-1.4328382915774562,-0.009787321256661943,-0.19792993790664587,-0.06716170842254376,-26.073168423768895
137,4.566666666666666,-0.3429161012172699,-0.20745875715454845,-0.1382680226360573,-1.5,-0.12832658634799096,-1.4815061962314755,-0.009941436288066346,-0.21458951486927894,-0.018493803768524497,-26.74478550799436
138,4.6,-0.500207781791687,-0.29044393949923963,-0.1882680226360573,-1.5,-0.17828414887557528,-1.4949075033101131,-0.009983873760482015,-0.3219236329161117,-0.005092496689886872,-26.92972354567956
139,4.633333333333333,-0.4792442321777344,-0.34396291102809756,-0.2382680226360573,-1.5,-0.22827246319476516,-1.49859771830278,-0.009995559441292129,-0.25097176898296925,-0.0014022816972198981,-26.980648512578366
140,4.666666666666667,-0.5270070433616638,-0.3958501913278515,-0.2882680226360573,-1.5,-0.27826924539860004,-1.4996138644601837,-0.009998777237457235,-0.24873779796306378,-0.0003861355398162569,-26.994671329550535
141,4.7,-0.301300436258316,-0.36904829617272106,-0.33826802263605726,-1.5,-0.32826835933878645,-1.4998936728223644,-0.009999663297270811,0.02696792308047047,-0.00010632717763559008,-26.99853268494863
142,4.733333333333333,-0.1639959663152694,-0.3109223809642382,-0.37049024485827947,-0.9666666666666667,-0.365902111265749,-0.6682534227771764,-0.004588133592530463,0.20190614495047962,-0.2984132438894903,-12.782643829850013
143,4.766666666666667,-0.3769492208957672,-0.3296389227465829,-0.3849346893027239,-0.43333333333333335,-0.3808486739214471,0.42962096680133555,-0.004086015381276786,0.0038994530256799,-0.8629543001346689,1.9559141079688445
144,4.8,-0.2203750163316726,-0.29866602639356016,-0.38160135596939054,0.09999999999999998,-0.3796665820480072,0.4183875360985023,-0.0019347739213833592,0.15929156571633457,-0.31838753609850234,4.216277819908858
145,4.833333333333333,-0.2933846414089203,-0.29716891911360904,-0.3604902448582794,0.6333333333333333,-0.3643556464936279,-0.5470475259154406,0.0038654016353484866,0.0709710050847076,1.180380859248774,-3.0370272972236547
146,4.866666666666666,-0.449033111333847,-0.34021766265305003,-0.34021766265305003,0.6081774661568812,-0.34401725286560086,-0.2008248728682953,0.0037995902125508296,-0.10501585846824613,0.8090023390251765,1.0467500621923813
147,4.9,-0.0474752821028232,-0.2572343636989682,-0.3021673026700429,1.1415107994902145,-0.3062262184387554,0.6561202013576363,0.004058915768712534,0.2587509363359322,0.48539059813257823,12.745435284163397
148,4.933333333333334,0.0097789214923977,-0.18154445768638466,-0.2521673026700429,1.5,-0.26053135193968835,0.9833839798880426,0.008364049269645457,0.270310273432086,0.5166160201119574,19.870698922454988
149,4.966666666666667,0.0152665385976433,-0.12575470250508441,-0.2021673026700429,1.5,-0.21171682348342352,1.3577434147517748,0.009549520813380619,0.22698336208106681,0.14225658524822515,25.036859123574494
150,5.0,0.0851096957921981,-0.06598124787310725,-0.15216730267004291,1.5,-0.16204325767662597,1.460827896815702,0.00987595500658306,0.24715295346882407,0.03917210318429798,26.459424976056688
151,5.033333333333333,0.1109046414494514,-0.015839636648851782,-0.10216730267004291,1.5,-0.11213314535301505,1.489213478833308,0.00996584268297214,0.22303778680246644,0.010786521166691987,26.85114600789965
152,5.066666666666666,0.0974601432681083,0.016277303476487003,-0.05216730267004291,1.5,-0.06215789703202075,1.4970297985193175,0.009990594361977842,0.15961804030012905,0.0029702014806824995,26.95901121956658
153,5.1,0.1297896802425384,0.04845450815201384,-0.002167302670042906,1.5,-0.01216471271174695,1.4991821184328566,0.009997410041704045,0.14195439295428536,0.0008178815671433526,26.98871323437342
154,5.133333333333333,0.1809699088335037,0.08601847511198496,0.0478326973299571,1.5,0.037833410506879175,1.4997747862351345,0.009999286823077921,0.1431364983266245,0.00022521376486550615,26.996892050044856
155,5.166666666666667,0.2032726109027862,0.11925635131440634,0.0978326973299571,1.5,0.0878328937120081,1.4999379846154726,0.009999803617948999,0.1154397171907781,6.201538452743627e-05,26.99914418769352
156,5.2,0.1933816224336624,0.1402685447719444,0.1402685447719444,1.2730754232596189,0.13166632269040282,0.7600114774073665,0.008602222081541572,0.061715299743259566,0.5130639458522523,16.788158388221657
157,5.233333333333333,0.2327929437160492,0.16649631488057764,0.16649631488057764,0.7868331032589976,0.1638429007976968,0.6144276021661831,0.002653414082880834,0.06895004291835238,0.1724055010928145,10.662844128978774
158,5.266666666666667,0.2475318610668182,0.18946735495492842,0.18946735495492842,0.6891312022305233,0.18606914393967156,-0.07081558035946312,0.0033982110152568634,0.061462717127146654,0.7599467825899864,2.580240146069039
159,5.3,0.198566734790802,0.1920467442315948,0.1946606172515014,0.15579786889718994,0.19151074955850422,-0.5335418812266924,0.003149867692997188,0.007055985232297779,0.6893397501238824,-4.356093521371305
160,5.333333333333333,0.2185834944248199,0.19956908203049906,0.19956908203049906,0.14725394336992936,0.1951080897931784,-0.9370981363282627,0.00446099223732066,0.023475404631641494,1.084352079698192,-8.526321678866584
161,5.366666666666666,0.212222158908844,0.20315583315041258,0.20315583315041258,0.10760253359740568,0.1972934906311818,-1.3052464320408332,0.00586234251923079,0.014928668277662205,1.412848965638239,-12.290923310224324
162,5.4,0.2453671991825103,0.21512143375842138,0.21512143375842138,0.3589680182402641,0.21002531037207778,-0.7246618006401941,0.005096123386343604,0.035341888810432515,1.0836298188804583,-5.132029306613499
163,5.433333333333334,0.2546380758285522,0.22632316449656603,0.22632316449656603,0.3360519221443395,0.22107444863684522,-0.8405419206460103,0.0052487158597208095,0.03356362719170697,1.1765938427903497,-6.498862488443825
164,5.466666666666667,0.2146669626235962,0.22301899622794794,0.22301899622794794,-0.09912504805854289,0.21929811526912013,-0.8627759600226674,0.0037208809588278047,-0.004631152645523939,0.7636509119641246,-8.5974475586145
165,5.5,0.2203213721513748,0.22225430426639714,0.22225430426639714,-0.022940758846523857,0.21826551138871306,-0.9507720524807315,0.003988792877684083,0.002055860762661732,0.9278312936342077,-9.338471484522874
166,5.533333333333333,0.1400712579488754,0.19895798383371568,0.20371183452706856,-0.5562740921798572,0.2048401151219619,-0.034962489558698295,-0.0011282805948933383,-0.0647688571730865,-0.5213116026211589,-2.309687660332065
167,5.566666666666666,0.1879938691854477,0.19585000062365243,0.19585000062365243,-0.23585501710248397,0.19860737980132886,0.47174844024661533,-0.0027573791776764334,-0.010613510615881172,-0.7076034573490992,3.6428185274709763
168,5.6,0.1653287708759308,0.1871981876273895,0.1871981876273895,-0.25955438988788826,0.19246699597238878,1.0725138133326704,-0.005268808344999293,-0.027138225096457996,-1.3320682032205586,9.461260547117858
169,5.633333333333333,0.116983063519001,0.16729439841848587,0.16729439841848587,-0.5971136762671087,0.17110535979722874,0.1303579004561184,-0.003810961378742872,-0.05412229627822775,-0.727471576723227,-1.8779245217222011
170,5.666666666666667,0.0469302721321582,0.13317493728616964,0.13317493728616964,-1.023583833969487,0.1352598975371033,-0.8062071970760396,-0.0020849602509336596,-0.0883296254049451,-0.21737663689344733,-13.205702071033187
171,5.7,0.0280401669442653,0.10337252172422437,0.10337252172422437,-0.8940724668583581,0.10566678571475013,-0.43651372638102176,-0.0022942639905257634,-0.07762661877048484,-0.4575587404773363,-8.564308254844434
172,5.733333333333333,0.1028166115283966,0.10321493858957441,0.09134788394005688,-0.36073913352502474,0.09454719312365752,0.39242342367441985,-0.003199309183600632,0.00826941840473909,-0.7531625571994446,2.1585826020095524
173,5.766666666666667,0.0704252794384956,0.09392009688328594,0.09392009688328594,0.07716638829687161,0.09562776697461067,0.38209418578613474,-0.001707670091324734,-0.02520248753611508,-0.30492779748926313,3.8506838604585445
174,5.8,0.0981994047760963,0.09513314668331213,0.09513314668331213,0.03639149400078576,0.09665200059051336,0.37433626804168196,-0.0015188539072012314,0.0015474041855829401,-0.3379447740408962,3.767448199385762
175,5.833333333333333,0.0965824723243713,0.09554398512333498,0.09554398512333498,0.012325153200685446,0.09721322618364912,0.4031846886309197,-0.0016692410603141444,-0.0006307538592778272,-0.3908595354302343,3.9781906207894764
176,5.866666666666666,0.1849806457757949,0.12089647810514453,0.11373260134113561,0.5456584865340188,0.11004823143827144,-0.57383044385096,0.003684369902864165,0.07493241433752346,1.1194889303849789,-3.6594702978050853
177,5.9,0.2955392599105835,0.17040223858128,0.14969899533671402,1.078991819867352,0.14675433994710757,0.739814486461213,0.0029446553896064487,0.14878491996347593,0.3391773334061391,13.002097758481042
178,5.933333333333334,0.2925402522087097,0.20502454123336816,0.19969899533671404,1.5,0.19164177138885138,0.886491773009255,0.008057223947862652,0.10089848081985833,0.613508226990745,18.53358646752772
179,5.966666666666667,0.2573648393154144,0.21986137693486302,0.23192121755893624,0.9666666666666667,0.22841874477480215,0.7343477673695145,0.0035024727841340975,0.028946094540612227,0.23231889929715221,12.985333153266517
180,6.0,0.2962021827697754,0.24150160511462646,0.2463656620033807,0.43333333333333335,0.2429126787150692,-0.31295807907060635,0.0034529832883115064,0.0532895040547062,0.7462914124039397,-0.8951425004073243
181,6.033333333333333,0.2931818962097168,0.25615134950051677,0.25615134950051677,0.2935706249140821,0.2507757998873865,-1.0238583551395974,0.005375549613130248,0.04240609632233028,1.3174289800536796,-8.738100461643832
182,6.066666666666666,0.3072977066040039,0.2706497403175672,0.2706497403175672,0.43495172451151365,0.26595321715129766,-0.5562424423282688,0.004696523166269562,0.041344489452706246,0.9911941668397825,-3.1454834919236534
183,6.1,0.4041626751422882,0.30849647697377797,0.30292590891239546,0.968285057844847,0.3011303819312435,0.82106703372084,0.0017955269811519847,0.10303229321104473,0.14721802412400697,13.100204667691402
184,6.133333333333333,0.2214771211147308,0.28382921421370083,0.3174242997294459,0.43495172451151365,0.3148943300066703,-0.1486712550831223,0.002529969722775638,-0.09341720889193947,0.5836229795946359,0.5850569894896146
185,6.166666666666667,0.3007252812385559,0.2886187201896939,0.3141449127687186,-0.09838160882181968,0.31370249077066503,-0.08026470146336934,0.00044242199805355487,-0.012977209532109124,-0.01811690735845034,-0.9506074758154524
186,6.2,0.2384162843227386,0.2743879014884847,0.2930877480302135,-0.631714942155153,0.29690959658037913,0.44499045390937986,-0.003821848550165652,-0.05849331225764054,-1.0767053960645327,1.8332402071573988
187,6.233333333333333,0.1471921950578689,0.238331901285957,0.2542528055139306,-1.1650482754884863,0.25871941938019716,-0.6253291874145357,-0.004466613866266567,-0.11152722432232826,-0.5397190880739506,-12.651009508071226
188,6.266666666666667,0.2224469780921936,0.23382902292658486,0.23319564077542548,-0.631714942155153,0.2368450277403374,0.09504630665421177,-0.003649386964911905,-0.014398049648143785,-0.7267612488093648,-2.294433048890951
189,6.3,0.2018781453371048,0.22477194953027765,0.22477194953027765,-0.2527107373544349,0.22909747144664494,0.7526994995702281,-0.0043255219163672864,-0.027219326109540143,-1.005410236924663,6.135009620582722
190,6.333333333333333,0.2306853383779525,0.22644821011699562,0.22644821011699562,0.05028781760153894,0.23003263809062047,0.8266410158300062,-0.0035844279736248486,0.0006527002873320253,-0.7763531982284673,8.124747819531926
191,6.366666666666666,0.1310493350028991,0.19940561601566792,0.2103466929259358,-0.4830455157317944,0.2148423898223736,0.5553588179802835,-0.004495696896437806,-0.08379305481947452,-1.0384043337120779,3.1350609355866585
192,6.4,-0.4341101348400116,0.019823736389746632,0.1764673979570982,-1.0163788490651278,0.1788140768951738,-0.7921015741874449,-0.002346678938075608,-0.6129242117351854,-0.2242772748776829,-13.162444827508162
193,6.433333333333334,-0.3816729485988617,-0.09398800271294236,0.12646739795709822,-1.5,0.13435996172265524,-0.8344938207022231,-0.007892563765557026,-0.5160329103215169,-0.6655061792977769,-17.81601472569068
194,6.466666666666667,0.0475517362356185,-0.05386591841146582,0.07646739795709821,-1.5,0.08588708942877334,-1.3167446752658292,-0.009419691471675123,-0.038335353193154835,-0.18325532473417083,-24.471076518668443
195,6.5,0.1008932590484619,-0.009996537200221735,0.02646739795709821,-1.5,0.03630760285509571,-1.449538388841316,-0.009840204897997501,0.06458565619336619,-0.05046161115868397,-26.30362976601016
196,6.533333333333333,-0.0536321960389614,-0.022365880223488517,-0.022365880223488517,-1.4649983454176019,-0.012625471674728614,-1.3719689435789189,-0.009740408548759903,-0.041006724364232784,-0.09302940183868302,-25.23317142138908
197,6.566666666666666,-0.3241969347000122,-0.10792553366407989,-0.07236588022348853,-1.5,-0.06243736192745319,-1.477426830326949,-0.00992851829603534,-0.261759572772559,-0.022573169673050897,-26.688490258511898
198,6.6,-0.8190962672233582,-0.3095201694644054,-0.12236588022348853,-1.5,-0.1123855635912469,-1.4937841996552472,-0.009980316632241623,-0.7067107036321112,-0.006215800344752775,-26.91422195524241
199,6.633333333333333,-0.4537926316261291,-0.3504168952336818,-0.17236588022348853,-1.5,-0.16237130028127708,-1.498288402803619,-0.009994579942211451,-0.29142133134485204,-0.0017115971963810317,-26.976379958689943
200,6.666666666666667,-0.5118935108184814,-0.396190459826485,-0.22236588022348852,-1.5,-0.21236737270316944,-1.4995286906270788,-0.009998507520319083,-0.29952613811531204,-0.00047130937292116926,-26.993495930653687
201,6.7,-0.61708003282547,-0.45880573759242255,-0.2723658802234885,-1.5,-0.2623662911961543,-1.4998702191581772,-0.009999589027334221,-0.3547137416293157,-0.00012978084182280192,-26.998209024382845
202,6.733333333333333,-0.4873854219913482,-0.46690718327320074,-0.3223658802234885,-1.5,-0.31236599338987475,-1.49996426324645,-0.009999886833613747,-0.17501942860147346,-3.573675354995309e-05,-26.99950683280101
203,6.766666666666667,-0.622205376625061,-0.5109293586129109,-0.3723658802234885,-1.5,-0.36236591138524704,-1.4999901594446698,-0.009999968838241446,-0.259839465239814,-9.840555330153933e-06,-26.999864200336443
204,6.8,-0.3965756893157959,-0.4785136738461794,-0.4223658802234885,-1.5,-0.41236588880426256,-1.499997290281861,-0.009999991419225918,0.01579019948846666,-2.7097181389823533e-06,-26.99996260588968
205,6.833333333333333,-0.4848130643367767,-0.4802993538127329,-0.47236588022348847,-1.5,-0.46236588258631034,-1.499999253845728,-0.009999997637178126,-0.02244718175046634,-7.461542719244818e-07,-26.999989703071048
206,6.866666666666666,-0.6905569434165955,-0.5399007971796539,-0.5223658802234885,-1.5,-0.5123658808741206,-1.4999997945372294,-0.009999999349367905,-0.17819106254247485,-2.054627705749823e-07,-26.999997164613767
207,6.8999999999999995,-0.5756798386573792,-0.5500430351762707,-0.5545881024457108,-0.9666666666666667,-0.5499997810282211,-0.668241988112245,-0.00458832141748966,-0.025680057629158037,-0.2984246785544217,-12.782608763544262
208,6.933333333333334,-0.5994940996170044,-0.5640608636040166,-0.5690325468901553,-0.43333333333333335,-0.5649464219910382,0.4296411500869026,-0.004086124899117083,-0.03454767762596622,-0.862974483420236,1.9560976269669625
209,6.966666666666667,-0.5470765233039856,-0.559246334918398,-0.565699213556822,0.09999999999999998,-0.5637643321017184,0.4184119324942156,-0.0019348814551035654,0.016687808797732795,-0.3184119324942156,4.216513257949563
210,7.0,-0.3498779535293579,-0.4998969542387598,-0.5445881024457109,0.6333333333333333,-0.5484535078588757,-0.5470551915339148,0.003865405413164824,0.1985755543295178,1.180388524867248,-3.0371177149906403
211,7.033333333333333,-0.4963868260383606,-0.49890194279807465,-0.505699213556822,1.1666666666666665,-0.5102173492015252,0.6217820464329509,0.004518135644703158,0.013830523163164576,0.5448846202337156,12.640131609061026
212,7.066666666666666,-0.4932692945003509,-0.4973052633671201,-0.48458810244571093,0.6333333333333332,-0.4882268039623345,-0.08704723302053163,0.0036387015166235437,-0.00504249053801642,0.7203805663538648,2.3887839976634377
213,7.1,-0.4039552807807922,-0.4708434661454141,-0.4708434661454141,0.4123390890089046,-0.4757250171882027,-0.7405033298732027,0.00488155104278859,0.07176973640741052,1.1528424188821074,-5.3188838577265365
214,7.133333333333333,-0.5108526945114136,-0.482184829675278,-0.4748766076228951,-0.12099424432442873,-0.4779066365567161,-0.7092604246007657,0.0030300289338210384,-0.03294605795469746,0.5882661802763369,-7.173634829895651
215,7.166666666666667,-0.4269316792488098,-0.46652229153721775,-0.46652229153721775,0.2506294825703198,-0.47231205719360203,-1.216177445889116,0.0057897656563842825,0.045380377944792216,1.4668069284594356,-10.929571570819387
216,7.2,-0.4573515951633453,-0.4639226862549904,-0.4639226862549904,0.07798815846682072,-0.4704966791143926,-1.452965204311393,0.006573992859402189,0.013145083951047298,1.5309533627782137,-13.75091981949723
217,7.233333333333333,-0.3795514106750488,-0.4400060713411267,-0.44354530319498525,0.611321491800154,-0.4472324945103519,0.0006636525729316611,0.003687191315366656,0.06768108383530314,0.6106578392272224,3.423354455744185
218,7.266666666666667,-0.600620687007904,-0.4855352859468826,-0.4409456979127579,0.07798815846682072,-0.44317310342093197,-0.333793676464858,0.002227405508174074,-0.15744758358697208,0.41178183493167875,-2.629045978108559
219,7.3,-0.627723217010498,-0.52584111241771,-0.4561238704083083,-0.4553451748665126,-0.4533631121534969,0.43913336472141784,-0.002760758254811424,-0.17436010485700115,-0.8944785395879304,2.7464492616990266
220,7.333333333333333,-0.5215296149253845,-0.5246189378740961,-0.4890798206816365,-0.9886785081998459,-0.4873281271037708,-0.7375907075592238,-0.0017516935778656983,-0.034201487821613696,-0.2510878006406221,-12.115581830838458
221,7.366666666666666,-0.5012932419776917,-0.5180068334283879,-0.5180068334283879,-0.8678103824025424,-0.515556837492992,-0.3425523890450853,-0.0024499959353959655,0.01426359551530032,-0.525257993357457,-7.456012253136233
222,7.3999999999999995,-0.7944530844688416,-0.5963706899076145,-0.5647116239529171,-1.4011437157358757,-0.5573995079824784,-0.5211204587383814,-0.007312115970438682,-0.23705357648636316,-0.8800232569974943,-13.491462330589663
223,7.433333333333334,0.0103532718494534,-0.4243834436248601,-0.5936386366996684,-0.8678103824025424,-0.5913839865077154,-0.7389310927922388,-0.0022546501919530337,0.6017372583571688,-0.1288792896103036,-12.131391988895128
224,7.466666666666667,-0.3491320312023163,-0.40305202436797033,-0.6047878716686421,-0.33447704906920905,-0.6028521753848218,0.058061716505513394,-0.0019356962838202874,0.25372014418250555,-0.39253876557472245,-1.1233779096517027
225,7.5,-0.2778168618679046,-0.36755177698399816,-0.598159328859838,0.19885628426412427,-0.5992763813124322,-0.22501936440503123,0.0011170524525941916,0.3214595194445276,0.4238756486691555,-1.649045991123617
226,7.533333333333333,-0.2505452334880829,-0.33438408544492015,-0.5737530082732561,0.7321896175974576,-0.5769690574144409,-0.06523184518994063,0.0032160491411847847,0.32642382392635805,0.7974214627873982,2.6461016114168023
227,7.566666666666666,-0.2358244657516479,-0.30644551922012253,-0.5315689099088965,1.2655229509307908,-0.5373841728140865,0.5177374736869322,0.005815262905189966,0.30155970706243856,0.7477854772438586,12.321061585973219
228,7.6,-0.1454249173402786,-0.26080122023462354,-0.4815689099088965,1.5,-0.4904165909987314,1.1361098178426117,0.008847681089834913,0.34499167365845285,0.36389018215738833,21.97831548622804
229,7.633333333333333,-0.1640419214963913,-0.23337298863149764,-0.4315689099088965,1.5,-0.44125160470174957,1.3997983556378149,0.009682694792853053,0.27720968320535827,0.10020164436218515,25.617217307801845
230,7.666666666666667,-0.3830567002296448,-0.2758036341866753,-0.3815689099088965,1.5,-0.39148153601127633,1.4724082428567833,0.009912626102379807,0.008424835781631557,0.02759175714321671,26.61923375142361
231,7.7,-0.4871583878993988,-0.3357160892256206,-0.3357160892256206,1.3755846204982787,-0.3449257031336928,1.086699945310019,0.009209613908072234,-0.142232684765706,0.28888467518825967,21.296459245278264
232,7.733333333333333,-0.0835663676261901,-0.2642395381046461,-0.2857160892256206,1.5,-0.295498446678568,1.431270774614973,0.009782357452947421,0.2119320790523779,0.0687292253850269,26.05153668968663
233,7.766666666666667,-0.0326575897634029,-0.19859330671358547,-0.2357160892256206,1.5,-0.2456561586691858,1.481074561125859,0.009940069443565208,0.2129985689057829,0.01892543887414111,26.738828943536852
234,7.8,-0.2951607406139374,-0.22596715064257045,-0.2034938670033984,0.9666666666666667,-0.20804869262602535,0.6702811909561937,0.004554825622626962,-0.08711204798791203,0.296385475710473,12.788862318932319
235,7.833333333333333,-0.2140841037034988,-0.22259867890036167,-0.18904942255895393,0.43333333333333335,-0.1931160165760833,-0.42604176054894505,0.00406659401712936,-0.02096808712741552,0.8593750938822784,-1.9233697363696667
236,7.866666666666666,-0.0978076159954071,-0.18722431984659038,-0.18722431984659038,0.054753081370906564,-0.19073734751624796,-0.7075816848485699,0.0035130276696575813,0.09292973152084086,0.7623347662194764,-6.487618788513916
237,7.8999999999999995,-0.3860450685024261,-0.24358377689879818,-0.2031769949120046,-0.47858025196242676,-0.20188098558435963,0.06895035040969705,-0.0012960093276449813,-0.18416408291806646,-0.5475306023721238,-0.9704981964201426
238,7.933333333333334,0.0123548926785588,-0.1710331776602168,-0.20135189219964106,0.054753081370906564,-0.20119350919175172,0.026120114109659656,-0.00015838300788934,0.21354840187031052,0.02863296726124691,0.353358371217278
239,7.966666666666667,-0.1597283035516739,-0.16782859981253984,-0.18174901170949972,0.58808641470424,-0.18580014460303768,-0.541370939748552,0.004051132893537951,0.026071841051363787,1.129457354452792,-2.970070632594448
240,8.0,0.0897197052836418,-0.09482171930298336,-0.1443683534415806,1.1214197480375732,-0.14823047767710013,0.6731971228562473,0.003862124235519515,0.23795018296074194,0.44822262518132583,12.797804510092483
241,8.033333333333333,-0.4590322077274322,-0.19806398913194195,-0.12476547295143928,0.5880864147042398,-0.12867535956528267,-0.25476619337585393,0.003909886613843394,-0.3303568481621495,0.8428526080800938,0.41049954106956
242,8.066666666666666,0.0037077078595757,-0.14086803062245395,-0.12294037023907572,0.05475308137090651,-0.1258393897622721,-0.5396338835451674,0.002899019523196378,0.1295470976218478,0.5943869649160739,-4.797661735632044
243,8.1,-0.2415317296981811,-0.16940303747224478,-0.13889304530448995,-0.4785802519624268,-0.1368170994845882,0.2569187268279425,-0.0020759458199017533,-0.1047146302135929,-0.7354989787903693,0.8701115711288954
244,8.133333333333333,-0.0230951067060232,-0.12792932008528318,-0.1370679425921264,0.05475308137090651,-0.13600082051356538,0.24118603807615208,-0.0010671220785610225,0.11290571380754218,-0.18643295670524557,2.450344528184165
245,8.166666666666666,-0.2238125801086425,-0.15510922214201744,-0.15302061765754063,-0.4785802519624268,-0.14841199619918752,0.7467433841908573,-0.004608621458353113,-0.07540058390945498,-1.2253236361532842,5.392486761290716
246,8.2,0.0125506212934851,-0.10758290605395185,-0.15119551494517708,0.05475308137090651,-0.14756704528550424,0.8269257906602283,-0.0036284696596728394,0.16011766657898935,-0.7721727092893218,8.114248955143836
247,8.233333333333333,0.1004112064838409,-0.04862308756449595,-0.13159263445503575,0.5880864147042398,-0.13358868681815392,-0.15930951966166995,0.0019960523631181726,0.23399989330199483,0.7473959343659098,0.5137567322238323
248,8.266666666666666,0.0514919236302375,-0.020243616549234445,-0.09421197618711663,1.1214197480375732,-0.09692548263405246,0.7431242486550295,0.002713506446935826,0.14841740626428995,0.3782954993825437,13.01224769587542
249,8.3,0.0868942737579345,0.010126620804027861,-0.04421197618711663,1.5,-0.05220555042612794,0.8663918649509426,0.007993574239011314,0.13909982418406244,0.6336081350490574,18.256207736323006
250,8.333333333333334,0.0386689640581607,0.018217481439429944,0.005788023812883375,1.5,-0.0036594821369893074,1.3255281946966364,0.009447505949872682,0.042328446195150006,0.1744718053033636,24.592289086813583
251,8.366666666666667,0.0177518166601657,0.018085480054739964,0.038010246035105597,0.9666666666666667,0.03373072212571446,0.6870413854485664,0.004279523909391139,-0.015978905465548757,0.27962528121810026,12.840260248708935
252,8.4,0.0016951346769928,0.013439330331267024,0.052454690479550044,0.43333333333333335,0.048548620650434825,-0.39645840208659944,0.003906069829115219,-0.04685348597344202,0.8297917354199328,-1.654379423138242
253,8.433333333333334,-0.2449360638856887,-0.059802004047393956,0.04912135714621671,-0.09999999999999998,0.0473632687274165,-0.3783025336479623,0.0017580884188002077,-0.2922993326131052,0.2783025336479623,-3.829436478714215
254,8.466666666666667,-0.0832157284021377,-0.06643906180481972,0.0280102460351056,-0.6333333333333333,0.03186944045121406,0.5344523729683606,-0.0038591944161084565,-0.11508516885335177,-1.1677857063016939,2.8884645154675463
255,8.5,-0.2776353359222412,-0.12630659284058393,-0.010878642853783281,-1.1666666666666665,-0.006363978635916322,-0.6219933847070849,-0.004514664217866959,-0.2712713572863249,-0.5446732819595816,-12.640779713101727
256,8.533333333333333,-0.217980071902275,-0.15229315380534267,-0.060878642853783284,-1.5,-0.05238909763437064,-1.023014279814519,-0.008489545219412642,-0.16559097426790437,-0.476985720185481,-20.41759706144036
257,8.566666666666666,-0.3879965841770172,-0.21910769630606336,-0.1108786428537833,-1.5,-0.10129456518466967,-1.3686561060358828,-0.009584077669113622,-0.28670201899234754,-0.13134389396411716,-25.187454263295184
258,8.6,-0.1515106558799743,-0.1999460518473893,-0.16087864285378328,-1.5,-0.15099317219127373,-1.4638328407924874,-0.009885470662509555,-0.0005174836887005818,-0.03616715920751257,-26.500893202936325
259,8.633333333333333,-0.2235420942306518,-0.20663479105741805,-0.20663479105741805,-1.3726844461090433,-0.1974505181272148,-1.0748815123129252,-0.009184272930203241,-0.026091576103436986,-0.2978029337961181,-21.133364869918367
260,8.666666666666666,-0.1668113023042678,-0.1953460788921831,-0.23461316148327505,-0.83935111277571,-0.2322682095181428,-0.7963114159469251,-0.002344951965132236,0.06545690721387501,-0.043039696828784835,-12.808206352463596
261,8.7,0.1499499976634979,-0.0974654526069317,-0.24481375413135426,-0.3060177794423766,-0.24332233845650977,-0.04495978426637137,-0.0014914156748444818,0.39327233612000767,-0.26105799517600525,-2.058004828594928
262,8.733333333333333,0.1717721372842788,-0.02114502585619865,-0.2372365690016557,0.2273155538909567,-0.2391519279208129,-0.39772163871355437,0.0019153589191572007,0.4109240652050917,0.6250371926045111,-3.230441990537194
263,8.766666666666666,0.186263620853424,0.03764883140224203,-0.2118816060941794,0.76064888722429,-0.21491353618958897,0.06775373492663495,0.003031930095409585,0.40117715704301293,0.6928951522976551,4.214697705372924
264,8.8,0.165303885936737,0.07383504240976678,-0.16874886540892528,1.2939822205576235,-0.17493912890765806,0.48768858110819047,0.006190263498732779,0.34024301484439506,0.806293639449433,12.228911648731794
265,8.833333333333334,0.1888094097375869,0.10642667563379168,-0.11874886540892528,1.5,-0.12769980753176474,1.1687185651071954,0.008950942122839464,0.31650921726935166,0.3312814348928046,22.428316198479298
266,8.866666666666667,0.1597213447093963,0.12153404563005693,-0.06874886540892527,1.5,-0.07845999439927237,1.4087775758990848,0.009711128990347095,0.23818133910866868,0.09122242410091519,25.74113054740737
267,8.9,0.0367320477962493,0.09749533444338312,-0.018748865408925272,1.5,-0.02866932121786143,1.4748807817693137,0.00992045580893616,0.06540136901411073,0.025119218230686302,26.65335478841653
268,8.933333333333334,0.1462448686361313,0.11131430101113969,0.03125113459107473,1.5,0.021273038063976367,1.4930831138205356,0.009978096527098364,0.12497183057215491,0.006916886179464399,26.90454697072339
269,8.966666666666667,0.0594843588769435,0.09662213524132275,0.08125113459107473,1.5,0.07125716598216358,1.4980953501824668,0.00999396860891115,-0.011772807105220086,0.0019046498175332438,26.973715832518042
270,9.0,0.1517663747072219,0.1122538005321263,0.11347335681329696,0.9666666666666667,0.10888840607431091,0.6684471928914915,0.004584950738986043,0.04287796863291099,0.2982194737751752,12.783238058200569
271,9.033333333333333,0.0614710226655006,0.09785847304485153,0.1279178012577414,0.43333333333333335,0.1238336417493351,-0.42927894387590526,0.004084159508406307,-0.0623626190838345,0.8626122772092386,-1.9528042225932287
272,9.066666666666666,0.0432287119328975,0.08237264625877895,0.12458446792440808,-0.09999999999999998,0.12265151625329378,-0.41797411844151877,0.0019329516711143052,-0.07942280432039628,0.3179741184415188,-4.2122881222383155
273,9.1,-0.0483162738382816,0.045326429356338425,0.10347335681329697,-0.6333333333333333,0.10733869443033739,0.5469176254962718,-0.0038653376170404152,-0.155654968268619,-1.180250958829605,3.0354950913263554
274,9.133333333333333,-0.0372735820710659,0.021911912370422088,0.06458446792440808,-1.1666666666666665,0.06910256567675939,-0.6217843532954113,-0.004518097752351305,-0.10637614774782529,-0.5448823133712553,-12.640138683439265
275,9.166666666666666,-0.1880015879869461,-0.037591992468749495,0.014584467924408082,-1.5,0.023074958609838152,-1.0233128480305493,-0.00849049068543007,-0.21107654659678426,-0.47668715196945066,-20.42171730282158
276,9.2,0.0393733829259872,-0.015774718374407158,-0.01763775429781414,-0.9666666666666667,-0.013893121717698742,-0.7196052318757254,-0.003744632580115398,0.053266504643685944,-0.24706143479094123,-12.940122711085557
277,9.233333333333333,-0.0860285311937332,-0.03568947462149584,-0.03568947462149584,-0.541551609710451,-0.03152025900144043,0.3875391827358826,-0.004169215620055407,-0.05450827219229277,-0.9290907924463336,1.1555889950743736
278,9.266666666666666,-0.2956420183181762,-0.1093778814962036,-0.07151897272295532,-1.0748849430437843,-0.0683722947222584,-0.7285572443940417,-0.0031466780006969147,-0.2272697235959178,-0.34632769864974267,-12.967575549475058
279,9.3,-0.3218968510627746,-0.16962035527744826,-0.12151897272295532,-1.5,-0.11340611936044458,-0.9040589565823414,-0.008112853362510747,-0.20849073170233,-0.5959410434176586,-18.77601360083631
280,9.333333333333334,-0.1820376962423324,-0.17314028264692236,-0.17151897272295533,-1.5,-0.16203862179704656,-1.3359002923922374,-0.009480350925908765,-0.01999907444528584,-0.1640997076077626,-24.735424035012876
281,9.366666666666667,-0.1241719722747802,-0.1592592998823153,-0.20374119494517756,-0.9666666666666667,-0.19944331344678579,-0.6859237870201182,-0.004297881498391776,0.07527134117200558,-0.2807428796465484,-12.8368329468617
282,9.4,-0.086163192987442,-0.13853884225866736,-0.21818563938962202,-0.43333333333333335,-0.2142688655331559,0.3984310710159965,-0.003916773856466105,0.12810567254571392,-0.8317644043493299,1.6723161571941731
283,9.433333333333334,-0.1526488661766052,-0.14253859224645768,-0.2148523060562887,0.09999999999999998,-0.21308370753357406,0.3806869824850526,-0.0017685985227146317,0.06043484135696886,-0.28068698248505264,3.8524476631912092
284,9.466666666666667,0.0001928750280058,-0.10207869027828542,-0.19374119494517758,0.6333333333333333,-0.19760075859655593,-0.5352015932742535,0.0038595636513783504,0.19779363362456173,1.1685349266075868,-2.8973017446190577
285,9.5,-0.1661666482686996,-0.12024561973783018,-0.1548523060562887,1.1666666666666665,-0.15936717664572742,0.6219808209360883,0.004514870589438724,-0.006799471622972175,0.5446858457305782,12.640741184204016
286,9.533333333333333,-0.309451699256897,-0.17387961913057146,-0.13374119494517758,0.6333333333333332,-0.13738001116795165,-0.08727998483001775,0.003638816222774066,-0.17207168808894532,0.720613318163351,2.3860386355053613
287,9.566666666666666,-0.2323456108570099,-0.19045289718126865,-0.13040786161184426,0.09999999999999987,-0.1331279605186508,-0.4552620472887785,0.0027200989068065506,-0.09921765033835908,0.5552620472887784,-3.774433560733629
288,9.6,0.0334400460124015,-0.12698625800238192,-0.12698625800238192,0.10264810828387011,-0.1305678403268933,-0.7576206193653097,0.00358158232451139,0.1640078863392948,0.8602687276491798,-6.944467778266378
289,9.633333333333333,0.036132875829935,-0.08074709091459636,-0.1057868766151418,0.6359814416172034,-0.10944395813409959,-0.14673114779931273,0.003657081518957786,0.1455768339640346,0.7827125894165161,1.6847982308461718
290,9.666666666666666,0.085828348994255,-0.03352816927303975,-0.06680971745012391,1.1693147749505366,-0.0712558863598576,0.6254916059870469,0.0044461689097336915,0.1570842353541126,0.5438231689634897,12.651507591693614
291,9.7,0.0136556765064597,-0.020153026347836594,-0.020153026347836597,1.3997007330686195,-0.02800592520057723,0.6899953391136464,0.007852898852740632,0.04166160170703693,0.7097053939549731,15.82193567976832
292,9.733333333333333,0.1367246061563491,0.024316870538411636,0.02431687053841164,1.334096906587447,0.015929968168821248,0.7723072043278171,0.008386902369590391,0.12079463798752785,0.56178970225963,16.957839419723875
293,9.766666666666666,0.1250342279672622,0.05286708785123914,0.05286708785123914,0.8565065193848251,0.050588204998434985,0.7853303634050715,0.0022788828528041566,0.07444602296882723,0.07117615597975369,12.678682263388827
294,9.8,0.0877532884478569,0.06275623341342226,0.06363952738628886,0.3231731860514918,0.061961079770655215,0.0055032485975269885,0.0016784476156336478,0.025792208677201688,0.3176699374539648,1.7235732048043924
295,9.833333333333334,0.2398803681135177,0.11296537974260994,0.09218974469911637,0.8565065193848251,0.08967518405265841,0.30711334826040604,0.0025145606464579556,0.1502051840608593,0.5493931711244191,7.03800045892766
296,9.866666666666667,0.154861107468605,0.12484150677365512,0.12484150677365512,0.9795528622361626,0.12303111799345087,0.6956455257329163,0.0018103887802042445,0.03182998947515414,0.2839073365032463,11.620828577776358
297,9.9,0.0935514420270919,0.11597175312788556,0.1397154910704161,0.44621952890282923,0.1366581865094351,-0.2879751807323828,0.0030573045609809946,-0.043106744482343196,0.734194709635212,-0.7810673877164027
298,9.933333333333334,0.1727832555770874,0.13207603527149478,0.1368116975893993,-0.0871138044305041,0.13559908285328004,-0.25845911827875045,0.0012126147361192496,0.03718417272380736,0.17134531384824636,-2.652910190428353
299,9.966666666666667,0.1040407940745353,0.12412892219164497,0.12412892219164497,-0.3804832619326297,0.12675248407763476,0.4188540689254495,-0.002623561885989792,-0.022711690003099458,-0.7993373308580792,2.7478153526903477
300,10.0,0.0721800774335861,0.10940305125087235,0.10940305125087235,-0.44177612822317847,0.11415883006993094,0.7341767694385881,-0.004755778819058587,-0.04197875263634483,-1.1759528976617666,5.244260594232743
301,10.033333333333333,0.1172729581594467,0.1116339234481522,0.1116339234481522,0.06692616591839562,0.11515299294002398,0.7995391940995844,-0.003519069491871779,0.0021199652194227175,-0.7326130281811888,7.871542368511568
302,10.066666666666666,0.0516397431492805,0.09462745178563126,0.09608701786765428,-0.4664071674149377,0.10067625720769897,0.6044958171457515,-0.004589239340044696,-0.049036514058418475,-1.0709029845606892,3.7146433601782056
303,10.1,0.0569041445851326,0.08393407533268356,0.08393407533268356,-0.36458827604912164,0.08904410265416743,0.8003917208216391,-0.00511002732148387,-0.03213995806903483,-1.1649799968707608,6.025281468901264
304,10.133333333333333,0.0814430713653564,0.08322795370270984,0.08322795370270984,-0.021183648899211482,0.0880073059504141,1.0464389316205833,-0.0047793522477042605,-0.006564234585057699,-1.0676225805197948,9.958905375496938
305,10.166666666666666,0.0412215813994407,0.07132046239835266,0.07132046239835266,-0.35722473913071556,0.07646419312204615,0.8065236988245241,-0.005143730723693493,-0.03524261172260545,-1.1637484379552396,6.097609586995864
306,10.2,-0.1479518115520477,0.009163638274127618,0.04163519331621769,-0.8905580724640489,0.04384127151900189,-0.6451656465228364,-0.0022060782027841994,-0.19179308307104959,-0.24539242594121258,-11.02540656824046
307,10.233333333333333,-0.0125429397448897,0.0030105030511489847,0.0030105030511489855,-1.1587407079520613,0.006468115674206333,-0.6883565491157718,-0.0034576126230573476,-0.019011055419096035,-0.4703841588362895,-12.844293417288368
308,10.266666666666666,-0.1777898222208023,-0.04824072820152365,-0.04698949694885102,-1.5,-0.03879102390771928,-0.9310967498310738,-0.008198473041131735,-0.13899879831308304,-0.5689032501689262,-19.14913514766882
309,10.3,-0.1451077759265899,-0.0756995032687344,-0.07921171917107324,-0.9666666666666667,-0.07563029998131235,-0.7295415600371054,-0.00358141918976089,-0.06947747594527756,-0.23712510662956132,-12.970594117447126
310,10.333333333333334,-0.1060080528259277,-0.08429102809012134,-0.09365616361551768,-0.43333333333333335,-0.09015714789424047,0.3214414981874738,-0.0034990157212772127,-0.01585090493168724,-0.7547748315208072,0.9722790286491778
311,10.366666666666667,-0.1094739064574241,-0.09142958561688033,-0.09142958561688033,0.0667973399591204,-0.0897284670672131,0.3506019648222358,-0.0017011185496672299,-0.019745439390210992,-0.2838046248631154,3.4506439939224833
312,10.4,-0.1756741851568222,-0.11531029183970361,-0.10698078539602077,-0.4665359933742129,-0.10232838528352722,0.7337453762986494,-0.004652400112493543,-0.07334579987329498,-1.2002813696728625,5.239172211013494
313,10.433333333333334,-0.3398266434669494,-0.17895364779023326,-0.14030976295293898,-0.9998693267075462,-0.13815273935083572,-0.8078355433790586,-0.002157023602103264,-0.2016739041161137,-0.19203378332848764,-13.210695666362442
314,10.466666666666667,-0.3957879245281219,-0.24041937603980285,-0.190309762952939,-1.5,-0.1824694231204758,-0.8180020523568041,-0.007840339832463211,-0.2133185014076461,-0.6819979476431959,-17.588428322523896
315,10.5,-0.2975099980831146,-0.2566027798489476,-0.240309762952939,-1.5,-0.23090445198457957,-1.3122034636924493,-0.00940531096835942,-0.06660554609853506,-0.18779653630755067,-24.4084077989558
316,10.533333333333333,-0.3264878690242767,-0.276413014487912,-0.276413014487912,-1.0830975460491905,-0.27020188630193487,-0.5399122098040192,-0.006211128185977133,-0.05628598272234181,-0.5431853362451713,-12.389064110065647
317,10.566666666666666,-0.3688992261886596,-0.302629959708718,-0.302629959708718,-0.7865083566241793,-0.2998907620702349,-0.4431086391473325,-0.0027391976384830707,-0.0690084641184247,-0.3433997174768468,-8.642096797001763
318,10.6,-0.5198948383331299,-0.36421775011072477,-0.34662468270730173,-1.3198416899575127,-0.34016378205027453,-0.46465274439694315,-0.006460900657027202,-0.17973105628285535,-0.8551889455605696,-12.158268416150602
319,10.633333333333333,-0.1316372603178024,-0.29828846348301885,-0.3728416279281077,-0.7865083566241794,-0.3701112051605974,-0.4609138491325997,-0.0027304227675102877,0.23847394484279502,-0.3255945074915797,-8.852113422943294
320,10.666666666666666,0.0593339242041111,-0.19691371393587587,-0.3812807953711359,-0.25317502329084607,-0.37910207010717833,0.18766981876395977,-0.0021787252639575705,0.43843599431128943,-0.44084484205480584,0.49281511558104807
321,10.7,0.0041026594117283,-0.13993186602982063,-0.3719421850363863,0.28015831004248726,-0.3733857028508296,-0.24584091157491939,0.0014435178144432959,0.37748836226255794,0.5259992216174066,-1.5358355314271317
322,10.733333333333333,0.1497469991445541,-0.05781697776436863,-0.34482579692385895,0.8134916433758206,-0.34758450872015284,0.17537822129742042,0.002758711796293889,0.4973315078647069,0.6381134220784002,5.48415375306817
323,10.766666666666666,0.1437273323535919,-0.0006854763139205744,-0.2999316310335538,1.3468249767091538,-0.3068565604554893,0.4295582767259565,0.006924929421935511,0.4505838928090812,0.9172666999831973,12.050645381959596
324,10.8,0.1359566152095794,0.03804827829070231,-0.2499316310335538,1.5,-0.25908487246857953,1.2326025584291709,0.009153241435025716,0.39504148767815894,0.2673974415708291,23.30991530632256
325,10.833333333333334,0.151781752705574,0.07028815722697546,-0.19993163103355382,1.5,-0.20969846563160438,1.4263688204370149,0.009766834598050556,0.36148021833717836,0.07363117956298515,25.983889722030806
326,10.866666666666667,0.0731937810778617,0.07111181061195172,-0.14993163103355384,1.5,-0.15986742606779963,1.479724747656566,0.009935795034245798,0.23306120714566134,0.02027525234343397,26.720201517660612
327,10.9,0.1219954416155815,0.08553572680579756,-0.09993163103355383,1.5,-0.10991395140530268,1.494416959499633,0.009982320371748843,0.23190939302088417,0.005583040500366954,26.922954041094936
328,10.933333333333334,0.1338057965040207,0.09921878020166472,-0.04993163103355383,1.5,-0.05992676273012235,1.4984626410216395,0.009995131696568522,0.19373255923414304,0.0015373589783604924,26.978784446098626
329,10.966666666666667,0.1951223462820053,0.12640443838975887,6.83689664461723e-05,1.5,-0.009930290486232117,1.4995766692668282,0.009998659452678289,0.20505263676823743,0.0004233307331718006,26.99415803588223
330,11.0,0.0994733795523643,0.11877032643626247,0.050068368966446175,1.5,0.040068738102665195,1.4998834306676772,0.00999963086378098,0.0594046414496991,0.00011656933232284672,26.998391343213946
331,11.033333333333333,0.0539652407169342,0.10040011371925123,0.10006836896644618,1.5,0.09006847061265141,1.4999679011983464,0.009999898353794764,-0.036103229895717216,3.2098801653557274e-05,26.99955703653718
332,11.066666666666666,0.1844699084758758,0.12423126825924212,0.1322905911886684,0.9666666666666667,0.12770232621924016,0.6682454246345824,0.004588264969428241,0.05676758225663564,0.2984212420320843,12.78261930221272
333,11.1,0.0559608303010463,0.10487873668467892,0.14673503563311285,0.43333333333333335,0.14264894364799083,-0.42963508429379726,0.004086091985122026,-0.08668811334694453,0.8629684176271306,-1.956042472999615
334,11.133333333333333,0.1594498306512832,0.12034793317194684,0.14340170229977953,-0.09999999999999998,0.14146685316237254,-0.4184046005120907,0.001934849137406991,0.017982977488910673,0.31840460051209074,-4.216442500468572
335,11.166666666666666,0.0553342886269092,0.1019186005579435,0.12229059118866842,-0.6333333333333333,0.12615599546646541,0.5470528877437058,-0.0038654042777969966,-0.07082170683955621,-1.180386221077039,3.0370905412450524
336,11.2,0.034547921270132,0.082821122394474,0.08340170229977953,-1.1666666666666665,0.0879198373099072,-0.6217820850655092,-0.004518135010127669,-0.053371916039775195,-0.5448845816011573,-12.640131727534236
337,11.233333333333333,0.0676419287919998,0.07851829627743392,0.06229059118866842,-0.6333333333333332,0.06592929272758552,0.08704727825669967,-0.0036387015389170996,0.001712636064414283,-0.7203806115900329,-2.3887834640922283
338,11.266666666666666,0.0442948825657367,0.06881703004488811,0.05895725785533509,-0.09999999999999987,0.061676560480845286,0.4550388303619558,-0.002719302625510192,-0.017381677915108584,-0.5550388303619557,3.772176623652796
339,11.3,0.0341992825269699,0.05900398252509638,0.05900398252509638,0.0014017400928385826,0.06151055893964148,0.5600202329087213,-0.002506576414545103,-0.02731127641267158,-0.5586184928158827,5.386797528859823
340,11.333333333333334,-0.1886206567287445,-0.011189849433828114,0.041272929417079884,-0.5319315932404948,0.04553839685178484,0.5015112725380768,-0.0042654674347049545,-0.23415905358052935,-1.0334428657785715,2.4999165133438246
341,11.366666666666667,-0.0419839844107627,-0.0199190225177536,0.005764098531285615,-1.065264926573828,0.008803027269644664,-0.7375572036634723,-0.003038928738359049,-0.05078701168040736,-0.32770772291035577,-12.99517542456798
342,11.4,-0.2330518066883087,-0.08033549352034028,-0.04423590146871439,-1.5,-0.036152718192934356,-0.8946894555094828,-0.008083183275780031,-0.19689908849537432,-0.6053105444905172,-18.646714486030863
343,11.433333333333334,-0.1848867982625961,-0.1099725148534279,-0.09423590146871438,-1.5,-0.084763720566688,-1.3333202848504373,-0.00947218090202638,-0.1001230776959081,-0.1666797151495627,-24.699819930936034
344,11.466666666666667,-0.4544833600521087,-0.20763055263501412,-0.1442359014687144,-1.5,-0.13438124295946074,-1.454102687132731,-0.009854658509253655,-0.32010211709264796,-0.04589731286726906,-26.366617082431688
345,11.5,-0.5427636504173279,-0.3026302926467127,-0.1942359014687144,-1.5,-0.18427592303863005,-1.4873616095003142,-0.009959978430084337,-0.35848772737869783,-0.012638390499685848,-26.825590211104334
346,11.533333333333333,-0.3152073621749878,-0.3061954980627152,-0.24423590146871438,-1.5,-0.23424692190101,-1.4965198634855907,-0.009988979567704365,-0.08096044027397778,-0.00348013651440926,-26.95197411610115
347,11.566666666666666,-0.2626437842845917,-0.29384995083576504,-0.29384995083576504,-1.48842148101152,-0.28392430241234073,-1.4612856613596827,-0.009925648423424305,0.02128051812774906,-0.0271358196518372,-26.465742126763622
348,11.6,-0.5067101716995239,-0.3541891586749885,-0.34384995083576503,-1.5,-0.3338704244583004,-1.4935346455151532,-0.009979526377464631,-0.17283974724122353,-0.006465354484846753,-26.910778108109113
349,11.633333333333333,0.0070267068222165,-0.2517957706825414,-0.37607217305798724,-0.9666666666666667,-0.3714952943160353,-0.6689386109747412,-0.004576878741951951,0.3785220011382518,-0.2977280556919255,-12.78474507365589
350,11.666666666666666,-0.0532231144607067,-0.1955066400674564,-0.39051661750243166,-0.43333333333333335,-0.3864371646511483,0.42841154360091194,-0.0040794528512833605,0.3332140501904416,-0.8617448769342453,1.9449172792644598
351,11.7,-0.3050442636013031,-0.2265571266534576,-0.3871832841690983,0.09999999999999998,-0.38525495388522735,0.41692565483661026,-0.0019283302838709604,0.08021069028392425,-0.3169256548366103,4.202169897408046
352,11.733333333333333,0.0609237365424633,-0.1450653031281941,-0.3660721730579872,0.6333333333333333,-0.3699373483189577,-0.5465881865875564,0.003865175260970466,0.430861084861421,1.1799215199208897,-3.0316092821660403
353,11.766666666666666,0.0986799523234367,-0.07597115501146337,-0.32718328416909837,1.1666666666666665,-0.33170129117801295,0.621789877698548,0.004518007008914582,0.43038124350144963,0.5448767889681185,12.640155624942201
354,11.8,0.0309762582182884,-0.045654911945702245,-0.2771832841690984,1.5,-0.2856737498672053,1.0233049572969164,0.008490465698106908,0.3166500080854937,0.4766950427030836,20.421608410697445
355,11.833333333333334,0.0772525072097778,-0.010814506916940365,-0.2271832841690984,1.5,-0.23676761530335969,1.3687361476614666,0.009584331134261298,0.3140201225131375,0.13126385233853344,25.188558837728237
356,11.866666666666667,0.146582618355751,0.03380264990356257,-0.1771832841690984,1.5,-0.18706882462635874,1.463854881240109,0.009885540457260339,0.33365144298210975,0.036145118759890904,26.501197361113505
357,11.9,0.2075859308242797,0.08306476879034527,-0.1271832841690984,1.5,-0.13715176632399617,1.490046996283504,0.009968482154897762,0.34473769714827585,0.0099530037164961,26.862648548712354
358,11.933333333333334,0.2347541153430938,0.12606394905757118,-0.0771832841690984,1.5,-0.0871746053421862,1.4972593178171978,0.009991321173087792,0.32192872068528,0.002740682182802212,26.96217858587733
359,11.966666666666667,0.0157736763358116,0.09480010999267463,-0.027183284169098404,1.5,-0.03718089434719504,1.4992453193989392,0.009997610178096639,0.052954570683006644,0.0007546806010607643,26.989585407705363
360,12.0,0.2098900973796844,0.1274245178833494,0.0228167158309016,1.5,0.012817373897802525,1.499792189399708,0.009999341933099074,0.19707272348188187,0.00020781060029206877,26.997132213715968
361,12.033333333333333,0.1817664206027984,0.14282874582815824,0.0728167158309016,1.5,0.06281689703772939,1.499942776791224,0.009999818793172216,0.11894952356506902,5.722320877610265e-05,26.99921031971889
362,12.066666666666666,0.1333517879247665,0.14014232499153642,0.1228167158309016,1.5,0.11281676572843388,1.4999842428845414,0.009999950102467722,0.02053502219633263,1.5757115458647775e-05,26.99978255180667
363,12.1,0.0603037662804126,0.11751059338801657,0.15503893805312383,0.9666666666666667,0.15045064416052426,0.6682436638101724,0.004588293892599571,-0.09014687788011166,0.29842300285649426,12.78261390235119
364,12.133333333333333,0.0750560387969017,0.10547605643789973,0.16948338249756828,0.43333333333333335,0.1653972736477906,-0.42963819231857125,0.00408610884977767,-0.09034123485088891,0.8629715256519046,-1.9560707330958627
365,12.166666666666666,-0.0463164672255516,0.0624476286903241,0.16615004916423495,-0.09999999999999998,0.16421518346770703,-0.4184083573138263,0.0019348656965279265,-0.21053165069325863,0.31840835731382633,-4.216478755579785
366,12.2,0.0811649560928344,0.067753404958675,0.14503893805312384,-0.6333333333333333,0.1489043429126669,0.5470540681725344,-0.0038654048595430646,-0.0677393868198325,-1.1803874015058677,3.0371044646798184
367,12.233333333333333,0.0413943119347095,0.06028142740470793,0.10615004916423496,-1.1666666666666665,0.11066818449950991,-0.6217820652707462,-0.004518135335274953,-0.06927387256480041,-0.5448846013959203,-12.640131666830284
368,12.266666666666666,0.155495598912239,0.08727166381675022,0.08503893805312385,-0.6333333333333332,0.08867763958061804,0.08704725507834266,-0.0036387015274941953,0.06681795933162095,-0.7203805884116758,-2.3887837374863814
369,12.3,-0.0250248312950134,0.05543912352026171,0.05543912352026171,-0.8879944359858641,0.05771213482180887,-0.531025409327432,-0.0022730113015471606,-0.08273696611682227,-0.3569690266584321,-9.679095712048454
370,12.333333333333334,0.0890902355313301,0.06497816013977388,0.04361708676517735,-0.3546611026525308,0.046440042080959344,0.2915185743255905,-0.002822955315781993,0.04265019345037075,-0.6461796769781213,1.1611938916191473
371,12.366666666666667,0.0142635647207498,0.05060216024156261,0.04957282778787077,0.1786722306808025,0.049761306466382466,0.07625754928617617,-0.00018847867851169708,-0.035497741745632666,0.10241468139462634,1.2246491603655927
372,12.4,-0.0686568692326545,0.01679595945426445,0.037750791032786404,-0.3546611026525308,0.04173075600280471,0.753466426724452,-0.003979964970018304,-0.11038762523545921,-1.1081275293769828,6.100855082806392
373,12.433333333333334,-0.1313455402851104,-0.025197517326489477,0.008150976499924266,-0.8879944359858641,0.010411998719314867,-0.5553526189229968,-0.002261022219390601,-0.14175753900442525,-0.33264181706286733,-9.966040852378741
374,12.466666666666667,-0.2017907947301864,-0.07525618223359472,-0.03922661581071565,-1.4213277693191975,-0.03184221401174347,-0.5705055277270001,-0.007384401798972179,-0.16994858071844293,-0.8508222415921973,-14.1729762826326
375,12.5,-0.136672705411911,-0.09266584356806654,-0.08922661581071564,-1.5,-0.07994685299650592,-1.2725566781714934,-0.009279762814209724,-0.05672585241540509,-0.22744332182850657,-23.86128215876661
376,12.533333333333333,-0.100669577717781,-0.0949346515980019,-0.12144883803293786,-0.9666666666666667,-0.11726306847851399,-0.692749091387949,-0.004185769554423874,0.016593490760732993,-0.27391757527871763,-12.85776388025638
377,12.566666666666666,-0.4068264961242676,-0.1833462240085859,-0.17144883803293787,-1.5,-0.1630498580107052,-0.9944147438629442,-0.00839898002223266,-0.24377663811356237,-0.5055852561370558,-20.02292346530863
378,12.6,-0.2269881218671798,-0.19571733559863408,-0.20367106025516007,-0.9666666666666667,-0.19997757446663644,-0.7227190162567344,-0.0036934857885236316,-0.027010547400543344,-0.24394765040993227,-12.94967164985398
379,12.633333333333333,-0.0474912300705909,-0.15369987572584848,-0.21811550469960453,-0.43333333333333335,-0.21455114467095468,0.33348394544974136,-0.003564360028649849,0.1670599146003638,-0.7668172787830747,1.0817764565789179
380,12.666666666666666,-0.0799859464168548,-0.1328042847921717,-0.2147821713662712,0.09999999999999998,-0.21335960203703772,0.3021826294631006,-0.0014225693292334862,0.1333736556201829,-0.20218262946310062,3.0948393968551455
381,12.7,-0.0924339070916175,-0.12136054673375449,-0.1936710602551601,0.6333333333333333,-0.19751846739660425,-0.5105346536989557,0.003847407141444159,0.10508456030498675,1.143867987032289,-2.606349409533203
382,12.733333333333333,0.0074338372796773,-0.08485137149201087,-0.1547821713662712,1.1666666666666665,-0.15929024748544424,0.6223944639962308,0.004508076119173032,0.16672408476512154,0.5442722026704357,12.64200968958845
383,12.766666666666666,0.0231805797666311,-0.054227695852567356,-0.1047821713662712,1.5,-0.11326990247155072,1.0224414016672188,0.00848773110527952,0.13645048223818182,0.47755859833278125,20.40969134300762
384,12.8,0.0152627909556031,-0.03452931862946589,-0.0547821713662712,1.5,-0.06436574949671049,1.368498356980829,0.009583578130439294,0.07962854045231359,0.1315016430191711,25.185277326335438
385,12.833333333333334,0.0469903871417045,-0.011421034472101917,-0.011421034472101917,1.3008341068250784,-0.02007962113701503,0.8143354031634559,0.008658586664913114,0.06707000827871953,0.4864987036616225,17.53782856365569
386,12.866666666666667,0.0624382346868515,0.009515755758364351,0.014162324644289584,0.7675007734917451,0.011404870372726713,0.566766129025532,0.0027574542715628706,0.051033364314124786,0.20073464446621303,10.100665879764954
387,12.9,0.0597639121115207,0.023759534785876904,0.023759534785876904,0.2879163042476196,0.021553827722766462,-0.15603374272003867,0.0022057070631104417,0.038210084388754235,0.4439500469676583,-0.017036897244311566
388,12.933333333333334,0.037613283842802,0.02768663887468306,0.02768663887468306,0.11781312266418473,0.02511419817107627,-0.48079963067709053,0.002572440703606793,0.01249908567172573,0.5986127533412753,-4.122780682938145
389,12.966666666666667,0.0898507460951805,0.04530821687782791,0.04530821687782791,0.5286473400943456,0.041027052190987665,-0.5055956022988235,0.004281164686840248,0.04882369390419283,1.0342429423931692,-2.5480921403818777
390,13.0,0.0707824006676673,0.052529350370936104,0.052529350370936104,0.21663400479324574,0.04700545479767466,-1.0998009552586305,0.005523895573261446,0.023776945869992648,1.3164349600518763,-9.748712852588275
391,13.033333333333333,0.0604896917939186,0.05478585792149413,0.05478585792149413,0.06769522651674081,0.04839900685674721,-1.4353267260849671,0.006386851064746922,0.012090684937171393,1.503021952601708,-13.66412363828862
392,13.066666666666666,0.0340902991592884,0.04891931500222854,0.04891931500222854,-0.1759962875779677,0.04363015404868318,-1.330243442924933,0.005289160953545362,-0.00953985488939478,1.1542471553469653,-13.553866630210466
393,13.1,0.0580822266638278,0.05151671356227023,0.05151671356227023,0.07792195680125064,0.04498059115597282,-1.4650114022202234,0.006536122406297411,0.01310163550785498,1.542933359021474,-13.917157350639087
394,13.133333333333333,0.0385752022266387,0.04784820030476431,0.04784820030476431,-0.11005539772517753,0.041724817931964836,-1.4905978338025854,0.0061233823727994754,-0.003149615705326139,1.380542436077408,-14.88105171145721
395,13.166666666666666,0.0535798333585262,0.04947293881478614,0.04947293881478614,0.04874215530065493,0.0428349498506638,-1.4712374911973445,0.006637988964122342,0.010744883507862402,1.5199796464979993,-14.003077378523358
396,13.2,0.090215116739273,0.06102207059540993,0.06102207059540993,0.34647395341871357,0.0558846781442602,-0.7027686011485348,0.005137392451149726,0.0343304385950128,1.0492425545672484,-4.8737938860760615
397,13.233333333333333,-0.0941173657774925,0.017044897888462272,0.05479342459825594,-0.18685937991461976,0.052466329747689694,-0.5620186858011501,0.002327094850566244,-0.1465836955251822,0.37515930588653035,-5.932561201660958
398,13.266666666666666,0.0837953314185142,0.03596655579985748,0.03596655579985748,-0.5648060639519537,0.03908113620020608,0.42847663314085804,-0.0031145804003486002,0.04471419521830811,-0.9932826970928117,2.1741840997703523
399,13.299999999999999,0.0868781730532646,0.05039840521924966,0.0349174647792368,-0.031472730618620326,0.03783024851358497,0.6175490510854831,-0.0029127837343481677,0.049047924539679634,-0.6490217817041034,5.783324707215524
400,13.333333333333334,0.0590688027441501,0.05285619144243745,0.0516461515363939,0.501860602714713,0.049587006070896784,-0.22758276328542348,0.0020591454654971184,0.009481796673253315,0.7294433660001365,-0.47223053495299483
401,13.366666666666667,0.0062749348580837,0.03965186368664464,0.05059706051577322,-0.031472730618620326,0.049390932099873476,-0.2570837709364519,0.001206128415899746,-0.04311599724178978,0.22561104031783158,-2.5128629022611375
402,13.4,-0.0303611904382705,0.01980535499112859,0.03177019171737477,-0.5648060639519537,0.035985805120306365,0.6782935932730405,-0.004215613402931598,-0.06634699555857687,-1.2430996572249942,4.585105430384915
403,13.433333333333334,0.0618276931345462,0.031717372111268245,0.03072110069675409,-0.031472730618620326,0.03486654031770858,0.9066403890169483,-0.0041454396209544934,0.026961152816837614,-0.9381131196355686,8.59599349437822
404,13.466666666666667,0.0085631338879466,0.025153870547440983,0.025153870547440983,-0.16701690447939319,0.03136298963290622,1.360178944459045,-0.006209119085465238,-0.022799855744959623,-1.5271958489384383,12.628103005450212
405,13.5,0.0493731163442134,0.03201926841234332,0.03201926841234332,0.20596193594707016,0.036687629240585426,1.194207955467484,-0.004668360828242103,0.012685487103627976,-0.9882460195204139,12.321059254069457
406,13.533333333333333,0.0100371669977903,0.025788030933525927,0.025788030933525927,-0.1869371243645219,0.031869534630089014,1.26965111134067,-0.006081503696563087,-0.021832367632298712,-1.456588235705192,11.5603059909219
407,13.566666666666666,0.0066353450529277,0.020358844167960858,0.020358844167960858,-0.16287560296695205,0.02652265779688055,1.2332358133213472,-0.006163813628919691,-0.019887312743952848,-1.3961114162882993,11.13077901376177
408,13.6,-0.1433282196521759,-0.026041313289157823,-0.0028481203753819885,-0.6962089363002854,0.0003879502117052796,-0.1983460733116731,-0.0032360705870872683,-0.1437161698638812,-0.49786286298861226,-5.755064952045819
409,13.633333333333333,-0.2302535623311996,-0.08392909188988436,-0.043832862696502606,-1.2295422696336187,-0.03861062192997309,-0.5629672919276683,-0.0052222407665295165,-0.1916429404012265,-0.6665749777059504,-12.459766361911514
410,13.666666666666666,-0.1989150047302246,-0.1165239979052121,-0.09383286269650261,-1.5,-0.08514847755789304,-1.084542675350393,-0.008684385138609571,-0.11376652717233157,-0.41545732464960694,-21.266688919835424
411,13.7,-0.1136841922998428,-0.11571900193203286,-0.12605508491872483,-0.9666666666666667,-0.12220208158878572,-0.7130076890454208,-0.0038530033299391114,0.008517889288942912,-0.2536589776212459,-12.919890246405956
412,13.733333333333333,-0.2429046183824539,-0.15177214194109842,-0.15177214194109842,-0.7715117106712077,-0.1488678568882789,-0.23491876478027052,-0.002904285052819533,-0.094036761494175,-0.5365929458909372,-6.186448421838674
413,13.766666666666666,-0.4315206110477447,-0.23107207384774825,-0.1952669767412498,-1.3048450440045412,-0.18896564009060585,-0.47817101010620733,-0.006301336650643946,-0.24255497095713885,-0.8266740338983338,-12.199724430992372
414,13.799999999999999,-0.1445350497961044,-0.20654153705298428,-0.22098403376362338,-0.7715117106712078,-0.21816576222901568,-0.4094499639384849,-0.0028182715346077025,0.07363071243291128,-0.36206174673272296,-8.245084832140215
415,13.833333333333334,-0.1912250071763992,-0.20219978040231132,-0.2289233130082192,-0.2381783773378745,-0.22669913703126884,0.21175132896772153,-0.002224175976950349,0.03547412985486964,-0.44992970630559603,0.7926961595099946
416,13.866666666666667,-0.1362166553735733,-0.18349563042616915,-0.21908481447503722,0.2951549559954588,-0.22058774630724845,-0.2494870304303477,0.0015029318322112295,0.08437109093367515,0.5446419864258065,-1.5130467247303652
417,13.9,-0.1398272067308426,-0.17111699959194643,-0.1914685381640775,0.8284882893287921,-0.19414291960835126,0.21970284262541867,0.00267438144427376,0.054315712877508665,0.6087854467033735,6.006973052876725
418,13.933333333333334,0.038167018443346,-0.11179153328163063,-0.14607448407534,1.3618216226621254,-0.15320411393357342,0.4132921336599975,0.007129629858233427,0.1913711323769194,0.9485294890021279,12.000762543224
419,13.966666666666667,-0.0228028781712055,-0.08656603584367735,-0.09607448407533999,1.5,-0.10528409229717238,1.2504025963681227,0.009209608221832394,0.08248121412596687,0.24959740363187732,23.555555829880092
420,14.0,0.0872042477130889,-0.0373076013026198,-0.04607448407533998,1.5,-0.05585683996251122,1.4312702801593398,0.009782355887171239,0.14306108767560013,0.06872971984066023,26.051529866198887
421,14.033333333333333,0.0850080922245979,-0.0026349319622013534,-0.0026349319622013534,1.3031865633941588,-0.0113627442998647,0.8392914795175819,0.008727812337663347,0.0963708365244626,0.46389508387657696,17.88222241734263
422,14.066666666666666,0.0541261062026023,0.013455045136846668,0.023026842373159495,0.7698532300608255,0.020284721198810557,0.5779895516776273,0.002742121174348938,0.033841385003791746,0.19186367838319818,10.233048781110067
423,14.1,0.125405803322792,0.045189579840087216,0.045189579840087216,0.6648821240078316,0.041661500953458754,-0.12931501751403762,0.003528078886628462,0.08374430236933325,0.7941971415218693,1.8902255705123632
424,14.133333333333333,0.0375201292335987,0.04301553072804686,0.04957453952923716,0.13154879067449832,0.04643575323045586,-0.5487728309434315,0.003138786298781303,-0.008915623996857157,0.6803216216179299,-4.601280074423765
425,14.166666666666666,0.0235504563897848,0.03749779161579595,0.03749779161579595,-0.3623024374032363,0.03825137887491528,0.01570879587975399,-0.0007535872591193302,-0.014700922485130483,-0.3780112332829903,-1.050299416171379
426,14.2,-0.0521056912839412,0.012098009750183575,0.012098009750183575,-0.7619934559683713,0.01516338083288233,0.011469671670849446,-0.003065371082698755,-0.06726907211682354,-0.7734631276392208,-3.2802390518123072
427,14.233333333333333,0.1181288585066795,0.04215443548593624,0.004476005662348975,-0.228660122635038,0.008057572834609873,0.5994587207891076,-0.003581567172260898,0.11007128567206961,-0.8281188434241455,4.748582270006546
428,14.266666666666666,0.1378477811813354,0.06928050277702036,0.014631779352292151,0.30467321069829534,0.014807885998506534,0.16334749203990595,-0.00017610664621438288,0.12303989518282886,0.1413257186583894,2.569796906975356
429,14.299999999999999,0.1178927421569824,0.08306055056413143,0.04256533082001311,0.8380065440316287,0.03988416133229686,0.12545571464990968,0.0026811694877162534,0.07800858082468554,0.712550829381719,4.895306083575447
430,14.333333333333334,0.1065718308091163,0.08972526236190966,0.08827666006551184,1.3713398773649619,0.08108446197642898,0.4440360772958549,0.007192198089082863,0.025487368832687318,0.927303800069107,12.427697866682797
431,14.366666666666667,0.0711543932557106,0.0844610024348697,0.11621021153323279,0.8380065440316286,0.11378790133080267,0.6507106096183602,0.0024223102024301113,-0.04263350807509207,0.1872959344132683,11.090810707885863
432,14.4,0.0717330351471901,0.08085302222877148,0.12636598522317596,0.3046732106982952,0.12438806277855269,-0.09243661539510772,0.0019779224446232757,-0.052655027631362594,0.39710982609340295,0.6637393735552738
433,14.433333333333334,0.0988934934139251,0.0859669309522583,0.11874398113534136,-0.2286601226350381,0.12004126739175744,0.24729635761154445,-0.0012972862564160775,-0.021147773977832338,-0.47595648024658255,1.7510554768704978
434,14.466666666666667,0.1251219809055328,0.09706616164693084,0.09706616164693084,-0.6503345846523156,0.1007247797973307,0.27119980448085335,-0.0036586181503998616,0.024397201108202107,-0.921534389133169,-0.21666124547164944
435,14.5,0.2214605063199997,0.132328063503438,0.0931661199362981,-0.11700125131898231,0.096663674084348,0.6603451026965518,-0.0034975541480499056,0.12479683223565169,-0.7773463540155341,5.784087740809468
436,14.533333333333333,0.1662698239088058,0.14194948984236608,0.10704385600344313,0.416332082014351,0.10623173750765867,0.004200393499878219,0.0008121184957844557,0.06003808640114712,0.4121316885144728,1.4459015890806002
437,14.566666666666666,-0.1493550539016723,0.059373772603343256,0.10314381429281039,-0.11700125131898231,0.10405127728441188,0.18476500129786538,-0.0009074629916014931,-0.2534063311860842,-0.3017662526168477,1.4650299335535766
438,14.6,0.0817894488573074,0.06572791497365671,0.08146599480439987,-0.6503345846523156,0.08513830801429345,0.2989886358840359,-0.003672313209893585,-0.003348859156986045,-0.9493232205363515,0.11111453560496476
439,14.633333333333333,-0.2651814222335815,-0.028074521163375138,0.042010397538211564,-1.183667917985649,0.046706107576959616,-0.606658823405676,-0.004695710038748052,-0.31188752981054113,-0.5770090945799731,-12.593753725110744
440,14.666666666666666,-0.4756373465061188,-0.15494456869917472,-0.00798960246178844,-1.5,0.0005497959546784184,-1.0387573946737438,-0.008539398416466858,-0.4761871424607972,-0.46124260532625616,-20.634852046497667
441,14.7,-0.1155660077929496,-0.14378197964759687,-0.05798960246178844,-1.5,-0.048391797100732346,-1.3729911666492922,-0.009597805361056096,-0.06717421069221724,-0.12700883335070778,-25.247278099760234
442,14.733333333333333,-0.2673432826995849,-0.17880774028753876,-0.10798960246178844,-1.5,-0.09810035171019328,-1.465026553135313,-0.009889250751595163,-0.16924293098939164,-0.03497344686468695,-26.51736643326732
443,14.766666666666666,-0.2030155509710312,-0.1856698966558662,-0.15798960246178845,-1.5,-0.14802009863163906,-1.4903696305734935,-0.009969503830149384,-0.054995452339392126,-0.009630369426506524,-26.86710090191421
444,14.799999999999999,-0.3737671077251434,-0.23898956656239953,-0.20798960246178844,-1.5,-0.19799799995783426,-1.497348159143421,-0.009991602503954172,-0.1757691077673091,-0.002651840856578991,-26.96340459617921
445,14.833333333333334,0.0076747615821659,-0.16906795273506278,-0.24021182468401064,-0.9666666666666667,-0.23562819639940197,-0.6685277030790656,-0.004583628284608676,0.24330295798156787,-0.29813896358760106,-12.783484956109138
446,14.866666666666667,-0.1850981563329696,-0.17361201354019676,-0.25465626912845507,-0.43333333333333335,-0.250572880722824,0.42913683563605254,-0.00408338840563105,0.06547472438985441,-0.8624701689693859,1.9515120860023307
447,14.9,-0.0335281454026699,-0.1339026230294979,-0.2513229357951217,0.09999999999999998,-0.24939074125681654,0.4178023461678202,-0.0019321945383051764,0.21586259585414663,-0.3178023461678202,4.210630429518469
448,14.933333333333334,0.0364893861114978,-0.08560182350960094,-0.2302118246840106,0.6333333333333333,-0.23407713570187186,-0.5468636527402004,0.0038653110178612504,0.27056652181336965,1.1801969860735337,-3.034858470015386
449,14.966666666666667,0.0295494813472032,-0.05296003403612461,-0.19132293579512172,1.1666666666666665,-0.195841018680761,0.6217852583714509,0.004518082885639291,0.2253905000279642,0.5448814082952156,12.640141459005775
450,15.0,-0.0908306762576103,-0.06369517535437808,-0.14132293579512173,1.5,-0.1498134223868195,1.023311555272978,0.008490486591697766,0.0589827461292092,0.4766884447270221,20.421699462767094
451,15.033333333333333,0.0645964592695236,-0.02732851382319438,-0.09132293579512173,1.5,-0.10090727268269067,1.3687379644954576,0.009584336887568948,0.1655037319522143,0.1312620355045424,25.188583910037316
452,15.066666666666666,-0.0464930571615695,-0.03276106180677539,-0.041322935795121724,1.5,-0.05120847783662622,1.4638553815277355,0.009885542041504498,0.004715420675056724,0.03614461847226447,26.50120426508275
453,15.1,0.0728681534528732,-0.002818486592003705,-0.002818486592003705,1.1551334760935406,-0.01050770078778653,0.43165434194665253,0.0076892141957828255,0.08337585424065973,0.723479134146888,12.057073315303068
454,15.133333333333333,-0.0312464218586683,-0.010876916145138273,0.017908184833336536,0.6218001427602072,0.014317638800280365,0.1081746874675803,0.0035905460330561707,-0.04556406065894866,0.5136254552926269,4.691472316681399
455,15.166666666666666,0.0448849275708198,0.004929820613013548,0.020857078480899,0.0884668094268739,0.018906267708451573,-0.2483334415868177,0.0019508107724474262,0.025978659862368227,0.3368002510136916,-1.7255568179388465
456,15.2,0.0800142064690589,0.026213893067998636,0.026213893067998636,0.16070443761298914,0.022998961011751546,-0.6354944057471412,0.0032149320562470905,0.05701524545730735,0.7961988433601304,-5.539329161366801
457,15.233333333333333,-0.2132710218429565,-0.0416725818991574,0.013792929877320496,-0.3726288957203442,0.014343451100942782,-0.04957979473125676,-0.0005505212236222856,-0.22761447294389928,-0.32304910098908746,-1.750346846994897
458,15.266666666666666,0.1039886176586151,-0.0003821925602658788,-0.0003821925602658788,-0.42525367312759127,0.004059656460923279,0.7881020691017866,-0.0044418490211891575,0.09992896119769182,-1.213355742229378,6.104574289981038
459,15.299999999999999,0.1926798969507217,0.05434486493129956,0.003220462779925523,0.10807966020574206,0.0063677219691700366,0.755987195019149,-0.0031472591892445136,0.18631217498155167,-0.6479075348134069,7.643702738875413
460,15.333333333333334,0.0685684531927108,0.058376806854699835,0.0246008958978947,0.6414129935390753,0.02163926796050271,-0.35107066867168735,0.002961627937391992,0.046929185232208084,0.9924836622107627,-1.1491920167153358
461,15.366666666666667,0.1315589696168899,0.0791216586222735,0.06375910679364165,1.1747463268724085,0.0596104277819111,0.6422248137770667,0.004148679011730549,0.0719485418349788,0.5325215130953418,12.70282276224967
462,15.4,0.1907093673944473,0.11075328018399527,0.11075328018399527,1.4098252017106088,0.10291993798182296,0.6971412239894248,0.007833342202172314,0.08778942941262434,0.712683977721184,15.920548891054063
463,15.433333333333334,0.1981734782457351,0.13553416915793642,0.13996967579657113,0.8764918683772754,0.1377809471472101,0.7992945526688324,0.002188728649361038,0.06039253109852502,0.07719731570844302,12.8433931494503
464,15.466666666666667,0.1746144890785217,0.14661221622818177,0.1514082936313692,0.3431585350439421,0.1496035180816776,-0.01479646080645658,0.0018047755496916063,0.0250109709968441,0.3579549958503987,1.593477267049113
465,15.5,0.1484332382678985,0.1471284189591965,0.1471284189591965,-0.12839624016518086,0.1477085905581032,0.13842192769376077,-0.0005801715989066925,0.0007246477097953008,-0.26681816785894164,1.0591791382661906
466,15.533333333333333,0.1747089922428131,0.15494664792152688,0.15494664792152688,0.23454686886991094,0.15319716583337403,-0.28619440893466397,0.0017494820881528428,0.021511826409439078,0.5207412778045749,-1.959207110998824
467,15.566666666666666,0.1026447266340255,0.14012069083968604,0.14498709910607946,-0.2987864644634224,0.14647035947204218,0.21083260424674,-0.0014832603659627186,-0.04382563283801667,-0.5096190687101624,1.049159899261329
468,15.6,0.0507977567613124,0.11480043578078564,0.11724977251285426,-0.8321197977967557,0.11990492950216272,-0.22800834887409716,-0.0026551569893084603,-0.06910717274085032,-0.6041114489226586,-6.104938446181662
469,15.633333333333333,0.0562099255621433,0.09819186063629409,0.09819186063629409,-0.5717373562968051,0.10223380957990286,0.3845102592575167,-0.004041948943608764,-0.04602388401775956,-0.9562476155543218,1.1198621325612221
470,15.666666666666666,0.0536988712847232,0.08557949125614994,0.08557949125614994,-0.3783710814043245,0.09063315945477102,0.8025613155996549,-0.005053668198621075,-0.03693428817004782,-1.1809323970039793,6.050872347937027
471,15.7,0.0931490063667297,0.08772521178413788,0.08772521178413788,0.06437161583963802,0.09160671970053387,0.8833425521915375,-0.003881507916395993,0.0015422866661958246,-0.8189709363518994,8.678263839919264
472,15.733333333333333,0.1204364001750946,0.09699780948689626,0.09699780948689626,0.27817793108275163,0.09848062578040032,0.4940027337686852,-0.0014828162935040523,0.02195577439469429,-0.21582480268593357,5.782896291500155
473,15.766666666666666,0.101852960884571,0.09837409289056095,0.09837409289056095,0.04128850210994073,0.10011715037738847,0.4582307742154472,-0.001743057486827515,0.0017358105071825364,-0.4169422721055065,4.668007037892686
474,15.799999999999999,0.1102837175130844,0.1017500985738658,0.1017500985738658,0.10128017049914534,0.1028588888817099,0.3241855917629553,-0.0011087903078440958,0.007424828631374503,-0.22290542126380997,3.535128382025637
475,15.833333333333334,0.0970037579536438,0.10040465961868109,0.10040465961868109,-0.040363168655541404,0.1022972474629823,0.43552276659931694,-0.0018925878443012134,-0.0052934895093385,-0.47588593525485834,4.1257345451608405
476,15.866666666666667,0.2330378144979477,0.13800200620677042,0.11683699844127415,0.4929701646777919,0.11388725409188412,-0.4323865272529568,0.002949744349390035,0.11915056040606357,0.9253566919307488,-2.475632559339001
477,15.9,0.3067972064018249,0.18585016038749738,0.151047115041645,1.0263034980111252,0.14939783245821373,0.8320410974545736,0.0016492825834312774,0.15739937394361117,0.19426240055655164,13.284926032194019
478,15.933333333333334,0.2047652155160904,0.19121198627522418,0.19121198627522418,1.2049461370073753,0.18728966226592986,0.6483445576904718,0.00392232400929432,0.017475553250160536,0.5566015793169035,12.721589976917457
479,15.966666666666667,0.2997465133666992,0.22197812642733816,0.22197812642733816,0.9229842045634196,0.21990696645828894,0.6447787959907783,0.002071159969049219,0.07983954690841027,0.2782054085726413,11.02084357552351
480,16.0,0.005008915439248,0.16047414854270525,0.23496648880167437,0.38965087123008624,0.23222794932911955,-0.24139524707342896,0.002738539472554813,-0.22721903388987155,0.6310461183035152,-0.5228223030046313
481,16.03333333333333,0.2241109013557434,0.1785131754619569,0.2301770733982328,-0.1436824621032471,0.22982202309580718,-0.09152314405908264,0.000355050302425608,-0.005711121740063774,-0.052159318044164446,-1.2377116489675317
482,16.066666666666666,0.1556897163391113,0.17204343941623118,0.20760988021701343,-0.6770157954365804,0.2111802250291088,0.3176632050406035,-0.0035703448120953662,-0.0554905086899975,-0.9946790004771839,0.33138545678023545
483,16.1,0.1928212493658065,0.17793329797178417,0.17793329797178417,-0.8902974673568779,0.18019608069849832,-0.5323090484759174,-0.002262782726714152,0.012625168667308173,-0.35798841888096045,-9.694236536734852
484,16.133333333333333,0.1519491523504257,0.17056760626663786,0.1660344935043327,-0.35696413402354454,0.1688731202780721,0.2941700940210188,-0.0028386267737394166,-0.016923967927646416,-0.6511342280445633,1.179342900238261
485,16.166666666666668,0.2529076039791107,0.19390841750554974,0.171913466814659,0.17636919930978878,0.17214033977746976,0.08389565497155044,-0.00022687296281076463,0.08076726420164096,0.09247354433823834,1.2905142559544978
486,16.2,0.1555727273225784,0.18304144965113361,0.18304144965113361,0.3338394850942386,0.1799543966791221,-0.543335883068663,0.003087052972011506,-0.024381669356543706,0.8771753681629015,-4.102272484207015
487,16.233333333333334,0.2119258493185043,0.19122927256970607,0.19122927256970607,0.24563468755717355,0.18574543892486992,-1.1296704853275121,0.00548383364483615,0.02618041039363439,1.3753051728846857,-10.064844985073805
488,16.266666666666666,0.3058271408081054,0.2237141800902827,0.2171948732660563,0.7789680208905069,0.21438877278275406,0.37110599113051224,0.0028061004833022374,0.09143836802535135,0.40786202975999464,7.792808683698994
489,16.3,0.2097163647413253,0.21974623771848364,0.22538269618462875,0.24563468755717355,0.22296235497239997,-0.26110267684785304,0.0024203412122287826,-0.013245990231074672,0.5067373644050266,-1.2636466284541237
490,16.333333333333332,0.2570366561412811,0.23031690375694905,0.23031690375694905,0.14802622716960895,0.22701016354196393,-0.6471260876483318,0.0033067402149851155,0.03002649259931714,0.7951523148179407,-5.658312421182394
491,16.366666666666667,0.2308809161186218,0.2304767836019326,0.2304767836019326,0.00479639534950671,0.2270585561290259,-0.7809540705570062,0.0034182274729067097,0.0038223599895959026,0.7857504659065129,-7.538838159351977
492,16.4,0.1876156777143478,0.2183270020886209,0.2183270020886209,-0.3644934453993509,0.21824496538107319,-0.21119483988316073,8.203670754772241e-05,-0.030629287666725374,-0.15329860551619018,-3.3351657146061626
493,16.433333333333334,0.1231177002191543,0.19133814606649874,0.19133814606649874,-0.8096656806636652,0.19417143476483018,-0.05640035280452438,-0.0028332886983314376,-0.07105373454567587,-0.7532653278591408,-4.0807819016119184
494,16.466666666666665,0.150203064084053,0.1796776382874951,0.1796776382874951,-0.3498152333701088,0.18420075542525485,0.754104878911454,-0.004523117137759741,-0.03399769134120184,-1.1039201122815627,5.82206644392282
495,16.5,0.2186836004257202,0.19073460725462618,0.18579490828626927,0.18351809996322455,0.18808504988248465,0.5852500165877204,-0.002290141596215378,0.030598550543235542,-0.4017319166244958,6.2254693799499154
496,16.53333333333333,0.1855685114860534,0.18927018085765857,0.18927018085765857,0.10425817714167895,0.1909700554807099,0.46488133605091564,-0.0016998746230513229,-0.005401543994656477,-0.3606231589092367,4.91563933928785
497,16.566666666666666,0.1757511049509048,0.18543794612811762,0.18543794612811762,-0.11496704188622836,0.18878359370272113,0.7383715702871403,-0.003345647574603511,-0.01303248875181634,-0.8533386121733686,6.813355722419577
498,16.6,0.215291678905487,0.19390054463299883,0.19390054463299883,0.25387795514643624,0.19495868354729806,0.3775438930798969,-0.0010581389142992337,0.020332995358188943,-0.12366593793346065,4.554977071942993
499,16.633333333333333,0.1349729299545288,0.1771964109290802,0.18458536536010225,-0.2794553781868971,0.18909865763454028,0.9362999119957751,-0.00451329227443803,-0.054125727680011476,-1.2157552901826723,8.186275459395493
500,16.666666666666668,0.0344805493950843,0.13674093269970583,0.1574924083094279,-0.8127887115202304,0.16014712940048978,-0.3923302108072172,-0.002654721091061879,-0.12566658000540548,-0.42045850071301316,-8.043153330486723
501,16.7,0.0357016958296299,0.10809947264352093,0.11262167348097576,-1.3461220448535638,0.11947667669655192,-0.4339936485533671,-0.0068550032155761526,-0.08377498086692202,-0.9121283963001967,-12.064247188896998
502,16.733333333333334,0.0486877635121345,0.09125811331947559,0.08552871643030141,-0.8127887115202305,0.0881011698027569,-0.5592607570618787,-0.0025724533724554854,-0.03941340629062239,-0.25352795445835175,-10.012138257931413
503,16.766666666666666,0.0514945276081562,0.07998638179100108,0.07621353715740484,-0.27945537818689714,0.07828468906168518,0.13764100219123399,-0.0020711519042803384,-0.026790161453528978,-0.4170963803781311,-0.11184970611638645
504,16.8,0.0151372868567705,0.06160369383951882,0.06160369383951882,-0.43829529953658064,0.06639796882623177,0.782860713207328,-0.004794274986712949,-0.051260681969461264,-1.2211560127439087,5.818499124207818
505,16.833333333333332,-0.0343163795769214,0.0344133563384946,0.0344133563384946,-0.8157101250307265,0.0370421847842179,-0.4201698300128832,-0.0026288284457232983,-0.0713585643611393,-0.39554029501784327,-8.371528165600077
506,16.866666666666667,0.0184631794691085,0.02989198060521346,0.02500079661524816,-0.28237679169739316,0.027573344555211366,0.27598525615916336,-0.002572547939963206,-0.009110165086102868,-0.5583620478565565,1.2759575207181868
507,16.9,0.1134641841053962,0.053582083603870845,0.033366014669779495,0.25095654163594017,0.03266145094875825,-0.08802222337254328,0.000704563721021248,0.08080273315663795,0.33897876500848345,-0.10319328978809494
508,16.933333333333334,0.2029566913843155,0.09592510790494775,0.05950901050208861,0.7842898749692735,0.05656419286056912,0.04463875927301031,0.0029448176415194857,0.14639249852374636,0.7396511156962632,3.942051148577945
509,16.966666666666665,0.1786383539438247,0.11937172335777592,0.1034297841121755,1.317623208302607,0.09689121338168259,0.46048698837124635,0.00653857073049291,0.08174714056214212,0.8571362199313606,12.145493431005146
510,17.0,0.2060138136148452,0.14393204313209482,0.14393204313209482,1.2150677705975794,0.13710704733853923,0.46906423761391636,0.006824995793555583,0.06890676627630596,0.7460035329836631,12.17179699534935
511,17.03333333333333,0.1038220301270484,0.13256211031268603,0.16665652437423636,0.6817344372642461,0.16336430253333628,0.20678547905236644,0.0032922218409000836,-0.059542272406287886,0.47494895821187966,5.854609721249805
512,17.066666666666666,0.1042435616254806,0.12453468842987156,0.17160322783860013,0.14840110393091277,0.16946770263686678,-0.25479061033659034,0.0021355252017333515,-0.06522414101138618,0.4031917142675031,-1.565466037834378
513,17.1,0.0059563512913882,0.09092144260688631,0.15877215352518612,-0.38493222940242056,0.1610969173048866,0.38404026836999705,-0.0023247637797004783,-0.1551405660134984,-0.7689724977724176,2.4813134262965657
514,17.133333333333333,0.0100297210738062,0.0679911723184741,0.12816330143399432,-0.9182655627357539,0.13031646350880144,-0.5182816262217955,-0.002153162074807119,-0.12028674243499524,-0.39998393651395836,-9.528779802728048
515,17.166666666666668,0.0415757931768894,0.06050323941251262,0.07977667156502474,-1.451598896069087,0.08731782533677399,-0.6598365806432956,-0.007541153771749243,-0.04574203215988459,-0.7917623154257915,-15.40574481287748
516,17.2,0.0870401039719581,0.0680256096306595,0.04916781947383295,-0.9182655627357538,0.05156906751570404,-0.8136672538031748,-0.0024012480418710916,0.03547103645625407,-0.10459830893257893,-13.228579578329732
517,17.233333333333334,0.0110843665897846,0.05188455009156335,0.03633674516041893,-0.38493222940242044,0.038608362846721124,0.09134934296548125,-0.0022716176863021922,-0.027523996256936523,-0.4762815723679017,-1.020951400787549
518,17.266666666666666,0.0079028503969311,0.039417115320388774,0.039417115320388774,0.09241110479909526,0.03963611596903949,0.024966332303073685,-0.00021900064865071345,-0.031733265572108385,0.06744477249602157,0.3921883496981063
519,17.3,-0.1354156583547592,-0.010142501902054735,0.024719707702580838,-0.44092222853423807,0.02943608783154874,0.8707007655388459,-0.0047163801289679015,-0.16485174618630793,-1.311622994073084,6.91498503539073
520,17.333333333333332,0.0195534881204366,-0.001724618529165287,-0.0017246185291652887,-0.7933297869523838,0.001029682406281963,-0.35478959637964214,-0.0027543009354472517,0.018523805714154636,-0.43854019057274163,-7.600352982477662
521,17.366666666666667,-0.0070544863119721,-0.0032354691643725177,-0.010391166983133637,-0.25999645361905044,-0.00778987521965894,0.3009670234892724,-0.002601291763474697,0.0007353889076868406,-0.5609634771083228,1.6127069123257285
522,17.4,-0.0144913643598556,-0.006426163023754889,-0.006426163023754888,0.11895011878136247,-0.0056763569598094745,0.18714877234517663,-0.0007498060639454136,-0.008815007400046124,-0.06819865356381416,2.118743876351993
523,17.433333333333334,0.0307167842984199,0.004102699575088782,0.004102699575088781,0.31586587796531007,0.0017368591002505048,-0.38632724587117084,0.002365840474838276,0.028979925198169394,0.7021931238364809,-2.644054876222124
524,17.466666666666665,0.1043868586421012,0.03253011871602444,0.03240933995171023,0.8491992112986434,0.029878854436900776,0.3365806404754478,0.002530485514809451,0.07450800420520043,0.5126185708231956,7.385574078770199
525,17.5,0.0779833570122718,0.04541468860603893,0.04541468860603893,0.39016045962986107,0.04149750807438404,-0.5535415823895802,0.003917180531654886,0.036485848937887755,0.9437020420194413,-3.64208218624736
526,17.53333333333333,0.0616008378565311,0.05000295512093299,0.05000295512093299,0.13764799544682177,0.045280028347773726,-0.9763738190657363,0.004722926773159261,0.016320809508757375,1.114021814512558,-8.878623377738132
527,17.566666666666666,0.1134838536381721,0.06799780222721304,0.06799780222721304,0.5398454131884015,0.0638535985620286,-0.3223618077417417,0.004144203665184434,0.04963025507614349,0.8622072209301432,-0.38680657715731814
528,17.6,0.0360651314258575,0.05894588988527416,0.0682148715557153,0.006512079855068187,0.06550482384203733,-0.5231407131458434,0.002710047713677971,-0.02943969241617983,0.5296527930009116,-4.812307065792955
529,17.633333333333333,-0.3777976334095001,-0.06485722427848124,0.0506541631064398,-0.5268212534782651,0.05335434776558936,0.3733849568654578,-0.0027001846591495557,-0.43115198117508946,-0.900206210343723,1.823212305098747
530,17.666666666666668,0.1192932203412056,-0.012656339084884623,0.015315676879386522,-1.0601545868115985,0.017393927371632742,-0.7973389981804897,-0.0020782504922462197,0.10189929296957285,-0.26281558863110877,-13.178506261086834
531,17.7,0.0998322516679763,0.01923065431123023,-0.0022450315698889813,-0.5268212534782651,0.0014191005110988173,0.35938913539596185,-0.0036641320809877986,0.09841315115687747,-0.886210388874227,1.126274132361925
532,17.733333333333334,0.1183246299624443,0.047320693719112725,-0.0020279622413867083,0.006512079855068187,0.00048182463928845946,0.5087507671527437,-0.0025097868806751677,0.11784280532315584,-0.5022386872976755,4.778126407859579
533,17.766666666666666,0.0657983720302581,0.05255853697361222,0.01596688486489334,0.5398454131884015,0.013008395743763975,-0.421661285003162,0.002958489121129367,0.05278997628649412,0.9615066981915635,-2.2344417160763665
534,17.8,0.1695410758256912,0.08571942394776183,0.05173950974895117,1.0731787465217348,0.049298178025418735,0.7719310811294907,0.0024413317235324333,0.12024289780027246,0.3012476653922441,13.100588648797107
535,17.833333333333332,0.0189834348857402,0.06680186059078863,0.06973435685523122,0.5398454131884015,0.06571340969353905,-0.426194735776966,0.0040209471616921705,-0.04672997480779885,0.9660401489653675,-1.7070965542780687
536,17.866666666666667,0.0364106148481369,0.058186893990089236,0.06995142618373348,0.006512079855068187,0.06695347196685295,-0.6139170423546025,0.0029979542168805384,-0.030542857118716044,0.6204291222096707,-5.7498205186224505
537,17.9,0.0661557987332344,0.06044582897379091,0.06044582897379091,-0.28516791629827726,0.06024715605816503,-0.1843331505329093,0.00019867291562587763,0.005908642675069374,-0.10083476576536796,-2.7661080931154722
538,17.933333333333334,-0.1152910813689231,0.010629917315130272,0.03316245398607055,-0.8185012496316106,0.03595138517308269,-0.07170522742790253,-0.0027889311870121364,-0.1512424665420058,-0.7467960222037081,-4.261306485793712
539,17.966666666666665,-0.3150168657302856,-0.08168074949061534,-0.011898698779427584,-1.351834582964944,-0.004872754482707027,-0.4221377979819363,-0.007025944296720557,-0.31014411124757857,-0.9296967849830078,-12.027889247144604
540,18.0,-0.0737263411283493,-0.07942592377700289,-0.06189869877942759,-1.5,-0.05271764165424367,-1.2413864605843967,-0.009181057125183918,-0.021008699474105635,-0.2586135394156033,-23.431133156064675
541,18.03333333333333,0.1101668253540992,-0.025682315656097028,-0.09412092100164982,-0.9666666666666667,-0.08999031965526998,-0.6961076970636847,-0.004130601346379839,0.20015714500936918,-0.270558969602982,-12.868063604328633
542,18.066666666666666,-0.2531198561191559,-0.0901537371774811,-0.10856536544609426,-0.43333333333333335,-0.10474613006934547,0.38045548836364473,-0.003819235376748789,-0.14837372604981042,-0.8137888216969781,1.5088709684294217
543,18.1,0.0007181405089795,-0.06439440510400118,-0.10523203211276093,0.09999999999999998,-0.1035592049781303,0.3589591311904501,-0.0016728271346306278,0.1042773454871098,-0.2589591311904501,3.6427624786523487
544,18.133333333333333,-0.3044993281364441,-0.13245663296078897,-0.11967647655720537,-0.43333333333333335,-0.11484099594011657,0.8245199801564642,-0.0048354806170888,-0.18965833219632752,-1.2578533134897976,6.309879944265212
545,18.166666666666668,0.1035581678152084,-0.06555382669962878,-0.11634314322387204,0.09999999999999998,-0.11284272359149652,0.8252463231600833,-0.0035004196323755177,0.21640089140670493,-0.7252463231600833,8.267415969956156
546,18.2,0.2525315880775451,0.024613428952849348,-0.09523203211276093,0.6333333333333333,-0.09775001224568144,-0.25317516638352533,0.002517980132920511,0.3502816003232265,0.8865084997168586,-0.229546043331732
547,18.233333333333334,0.0705113634467125,0.03762405629119481,-0.05634314322387205,1.1666666666666665,-0.06010818105913806,0.6676301656095097,0.003765037835266008,0.13061954450585056,0.4990365010571568,12.780732507869159
548,18.266666666666666,0.0574512779712677,0.04324445283580802,-0.006343143223872048,1.5,-0.014626269584307617,0.9578293769796529,0.008283126360435569,0.07207754755557531,0.5421706230203471,19.51804540231921
549,18.3,-0.7632595300674438,-0.18537417421479585,0.025879078998350173,0.9666666666666667,0.02225034569754802,0.7266611068282793,0.0036287333008021526,-0.7855098757649919,0.24000555983838734,12.961760727606723
550,18.333333333333332,-0.4405812919139862,-0.25771740140122606,0.04032352344279462,0.43333333333333335,0.036796919592234655,-0.3265257756909056,0.003526603850559966,-0.47737821150622084,0.7598591090242389,-1.0185084450943793
551,18.366666666666667,-0.2553727328777313,-0.25705276128773213,0.036990190109461286,-0.09999999999999998,0.035604692934672846,-0.2937719937286968,0.00138549717478844,-0.29097742581240416,0.1937719937286968,-3.013672341625174
552,18.4,-0.7363579273223877,-0.39292076853878827,0.015879078998350178,-0.6333333333333333,0.019725183740972856,0.5078919385441365,-0.003846104742622678,-0.7560831110633606,-1.1412252718774698,2.5751779647370494
553,18.433333333333334,-0.181734561920166,-0.33305609132371444,-0.023009809890538704,-1.1666666666666665,-0.018502461703158127,-0.6224387800241815,-0.004507348187380578,-0.16323210021700785,-0.544227886642485,-12.642145592074158
554,18.466666666666665,-0.0992219373583793,-0.26677143015607413,-0.07300980989053871,-1.5,-0.0645222792302455,-1.0223781032504848,-0.008487530660293202,-0.03469965812813379,-0.47762189674951516,-20.40881782485669
555,18.5,-0.419289082288742,-0.3100054091204842,-0.12300980989053871,-1.5,-0.11342628695509566,-1.3684809269820186,-0.009583522935443053,-0.30586279533364635,-0.13151907301798138,-25.185036792351855
556,18.53333333333333,-0.498261034488678,-0.3633699845207178,-0.1730098098905387,-1.5,-0.16312449198077905,-1.463784603082002,-0.009885317909759661,-0.3351365425078989,-0.03621539691799791,-26.500227522531627
557,18.566666666666666,-0.4200139939785003,-0.37942678764556126,-0.2230098098905387,-1.5,-0.21304138901683678,-1.4900276443269231,-0.009968420873701922,-0.20697260496166353,-0.00997235567307686,-26.862381491711538
558,18.6,0.0236452165991067,-0.2651684948579292,-0.2651684948579292,-1.264760549021715,-0.25662612920670363,-0.730168822784018,-0.00854236565122557,0.2802713458058103,-0.5345917262376971,-16.376329754419448
559,18.633333333333333,-0.6225160360336304,-0.36646533402468406,-0.3151684948579292,-1.5,-0.30556987243222944,-1.3732491870630892,-0.009598622425699754,-0.31694616360140093,-0.12675081293691082,-25.25083878147063
560,18.666666666666668,-0.5876190066337585,-0.4291554757609717,-0.3651684948579292,-1.5,-0.35527901911751913,-1.4650976022347575,-0.009889475740410048,-0.2323399875162394,-0.03490239776524251,-26.518346910839654
561,18.7,-0.4004869163036346,-0.42102883678386294,-0.41516849485792917,-1.5,-0.405198929074338,-1.4903891948182613,-0.00996956578359115,0.004712012770703433,-0.009610805181738735,-26.867370888492005
562,18.733333333333334,-0.6353737115859985,-0.4817888975292495,-0.46516849485792916,-1.5,-0.4551768752943316,-1.4973535463992265,-0.009991619563597565,-0.18019683629166694,-0.002646453600773535,-26.963478940309326
563,18.766666666666666,-0.0253036022186279,-0.35238960912521083,-0.49739071708015137,-0.9666666666666667,-0.4928070792606317,-0.6685271225997038,-0.004583637819519648,0.46750347704200385,-0.29813954406696286,-12.783483175972401
564,18.8,0.1037380695343017,-0.22309169384457903,-0.5118351615245958,-0.43333333333333335,-0.5077517675593051,0.42913786023807243,-0.0040833939652907825,0.6114898370936068,-0.8624711935714058,1.9515214023218186
565,18.833333333333332,0.2361074388027191,-0.09292311752739674,-0.5085018281912626,0.09999999999999998,-0.5065696281940212,0.4178035846478628,-0.0019321999972413684,0.7426770669967403,-0.31780358464786285,4.210642381501777
566,18.866666666666667,-0.3491353690624237,-0.1655512686849695,-0.48739071708015147,0.6333333333333333,-0.4912560282897931,-0.5468640418843882,0.0038653112096416198,0.14212065922736938,1.1801973752177215,-3.0348630600623148
567,18.9,-0.4387988150119781,-0.24300839253121442,-0.4485018281912626,1.1666666666666665,-0.453019911184091,0.6217852518458423,0.004518082992828409,0.014221096172112924,0.5448814148208242,12.640141438993892
568,18.933333333333334,-0.9438020586967468,-0.4416614546373473,-0.4273907170801515,0.6333333333333332,-0.4310294204465122,-0.08705098634723807,0.003638703366360685,-0.5127726382502347,0.7203843196805713,2.388739726295031
569,18.966666666666665,-0.3059866726398468,-0.403201901996329,-0.403201901996329,0.725664452514676,-0.4063651464992489,0.09708268577271972,0.003163244502919882,0.10037847385940207,0.6285817667419563,4.560639556336546
570,19.0,0.1138067543506622,-0.25664613575964124,-0.3612353091347287,1.2589977858480093,-0.36691148359404774,0.5278602901702016,0.005676174459319061,0.4807182379447099,0.7311374956778076,12.352104889855296
571,19.03333333333333,-0.3449308276176452,-0.2816720816570265,-0.3112353091347287,1.5,-0.32004469050758466,1.1240151703755668,0.008809381372855973,-0.024886137110060547,0.37598482962443325,21.81140935118282
572,19.066666666666666,-0.3072325885295868,-0.2889176850412608,-0.2790130869125065,0.9666666666666667,-0.28293595266196453,0.7087545090521618,0.003922865749458049,-0.024296635867622263,0.2579121576145049,12.906847161093303
573,19.1,-0.138312429189682,-0.2462258105443146,-0.2462258105443146,0.9836182910457562,-0.24796442831032633,0.8069053294123301,0.0017386177660117241,0.10965199912064433,0.1767129616334261,12.933164045372667
574,19.133333333333333,-0.1192259714007377,-0.21022533258494527,-0.21022533258494527,1.08001433878108,-0.21209964643936755,0.8047168270974666,0.0018743138544222715,0.09287367503862985,0.2752975116836135,13.20113160309889
575,19.166666666666668,-0.1853084415197372,-0.2031621741301151,-0.19200263240335372,0.5466810054477468,-0.19576911858122084,-0.3798492518109968,0.0037664861778671233,0.010460677061483653,0.9265302572587436,-1.2717255978443092
576,19.2,0.0800821632146835,-0.1228712730355895,-0.15600215444398438,1.08001433878108,-0.1590098767932496,0.7357156334993623,0.0030077223492652183,0.2390920400079331,0.3442987052817178,12.989527942731367
577,19.233333333333334,0.1963096261024475,-0.032393481867050586,-0.10600215444398438,1.5,-0.11407674465610088,0.8919758564578437,0.008074590212116498,0.31038637075854836,0.6080241435421563,18.609266819118243
578,19.266666666666666,0.0096703441813588,-0.020469704224855872,-0.056002154443984375,1.5,-0.06547196914007443,1.3325730619231746,0.009469814696090054,0.07514231332143323,0.1674269380768254,24.68950825453981
579,19.3,0.2070246040821075,0.044017809202841346,-0.006002154443984373,1.5,-0.015856161389284532,1.4538969300947882,0.00985400694530016,0.22288076547139202,0.046103069905211846,26.363777635308075
580,19.333333333333332,0.350401759147644,0.1308680659549203,0.04399784555601563,1.5,0.0340380465420924,1.4873049517652313,0.009959799013923229,0.3163637126055516,0.012695048234768747,26.824808334360192
581,19.366666666666667,0.0215916689485311,0.09989162891030084,0.09399784555601563,1.5,0.08400891539276141,1.4965042620802818,0.009988930163254223,-0.062417246444230315,0.0034957379197182448,26.951758816707887
582,19.4,0.0288805123418569,0.07976220076195216,0.12622006777823785,0.9666666666666667,0.12163793310812243,0.6686186333864349,0.004582134670115423,-0.09275742076626553,0.29804803328023177,12.783763809051736
583,19.433333333333334,-0.0423448495566844,0.04514867523842789,0.1406645122226823,0.43333333333333335,0.13658199472065344,-0.4289763348805764,0.004082517502028871,-0.17892684427733785,0.8623096682139098,-1.9500527132085246
584,19.466666666666665,0.0542995259165763,0.04774265488729757,0.13733117888934898,-0.09999999999999998,0.13539983947660147,-0.41760834207821174,0.001931339412747507,-0.08110031356002517,0.31760834207821176,-4.208758188090664
585,19.5,-0.4300690591335296,-0.08770200547867771,0.11622006777823787,-0.6333333333333333,0.12008534875429186,0.5468026945006708,-0.0038652809760539864,-0.5501544078878214,-1.180136027834004,3.0341394532893906
586,19.53333333333333,0.1793211996555328,-0.012009287472896826,0.07733117888934898,-1.1666666666666665,0.08184924498413572,-0.6217862805879548,-0.004518066094786735,0.09747195467139709,-0.5448803860787117,-12.64014459380306
587,19.566666666666666,0.0176453161984682,-0.0036031358347212855,0.02733117888934898,-1.5,0.03582166085747866,-1.0233100951988476,-0.008490481968129682,-0.01817634465901046,-0.47668990480115236,-20.421679313744097
588,19.6,0.0167082510888576,0.002154506396934295,-0.0048910433328732406,-0.9666666666666667,-0.0011464156249981977,-0.7196055284946424,-0.003744627707875043,0.017854666713855796,-0.24706113817202424,-12.940123620716903
589,19.633333333333333,0.1465653777122497,0.043090466827583926,-0.019335487777317688,-0.43333333333333335,-0.01574130768332614,0.33897955139727465,-0.003594180093991546,0.16230668539557586,-0.772312884730608,1.1317459273239243
590,19.666666666666668,-0.0448866747319698,0.018151701810233015,-0.016002154443984354,0.09999999999999998,-0.01455030529555739,0.3088254021125929,-0.0014518491484269633,-0.030336369436412408,-0.20882540211259293,3.1589456441767307
591,19.7,0.049110323190689,0.02692750163939314,0.0051089566671267544,0.6333333333333333,0.0012605208829564712,-0.512621886638913,0.0038484357841702833,0.047849802307732524,1.1459552199722463,-2.630968811380555
592,19.733333333333334,0.175916701555252,0.06916127487820135,0.04399784555601564,1.1666666666666665,0.03948919451176504,0.6223594629204826,0.004508651044250599,0.13642750704348694,0.5443072037461839,12.64190235295615
593,19.766666666666666,-0.1190165057778358,0.015818766016501548,0.06510895666712674,0.6333333333333332,0.061469921942664686,-0.08772334957562711,0.003639034724462052,-0.1804864277205005,0.7210566829089603,2.3808090443906655
594,19.8,0.1150548383593559,0.04394908538733511,0.06844229000046007,0.09999999999999987,0.06572067397684257,-0.45568733186310817,0.002721616023617493,0.049334164382513326,0.555687331863108,-3.7787335954100927
595,19.833333333333332,0.0966315269470214,0.05888290805203232,0.05888290805203232,-0.28678145845283237,0.0593189615474072,-0.019462834213233415,-0.00043605349537487875,0.0373125653996142,-0.26731862423959896,-1.1283146567247566
596,19.866666666666667,-0.243627056479454,-0.026869195132077597,0.031545748325826795,-0.8201147917861658,0.03430353182825052,-0.121265499671257,-0.0027577835024237274,-0.27793058830770456,-0.6988492921149088,-4.845881515568979
597,19.9,-0.27454873919487,-0.09707859088523878,-0.013569189178156506,-1.353448125119499,-0.006533558112570814,-0.4211387759937828,-0.007035631065585692,-0.26801518108229916,-0.9323093491257162,-12.024825579714268
598,19.933333333333334,-0.381688117980957,-0.17775648052927562,-0.06356918917815652,-1.5,-0.05438546468183582,-1.2422287883118002,-0.009183724496320697,-0.32730265329912117,-0.25777121168819983,-23.442757278702842
599,19.966666666666665,-0.2687205076217651,-0.20354193407411392,-0.11356918917815652,-1.5,-0.10379396069366241,-1.429019521419192,-0.009775228484494108,-0.16492654692810266,-0.07098047858080792,-26.02046939558485
600,20.0,-0.1771505773067474,-0.196060810759089,-0.16356918917815652,-1.5,-0.15363108278387555,-1.4804546508255734,-0.009938106394280971,-0.02351949452287186,-0.01954534917442663,-26.73027418139291
601,20.03333333333333,-0.3258406817913055,-0.23284934071449404,-0.21356918917815654,-1.5,-0.20358623234494874,-1.4946179473287786,-0.009982956833207796,-0.12225444944635674,-0.005382052671221382,-26.925727673137146
602,20.066666666666666,-0.3695253133773803,-0.271592699561295,-0.2635691891781565,-1.5,-0.25357388222408483,-1.4985179854963262,-0.009995306954071692,-0.11595143115329548,-0.0014820145036738008,-26.9795481998493
603,20.1,-0.0842529907822609,-0.2184877578362142,-0.29579141140037873,-0.9666666666666667,-0.2912057126386092,-0.6684016537366947,-0.004585698761769508,0.20695272185634833,-0.298265012929972,-12.783098404792556
604,20.133333333333333,-0.3904117047786712,-0.2672228137569739,-0.31023585584482316,-0.43333333333333335,-0.306151260175855,0.4293593248727414,-0.004084595668968183,-0.08426044460281623,-0.8626926582060748,1.9535350966602927
605,20.166666666666668,-0.3198688924312591,-0.2821463286822027,-0.3069025225114898,0.09999999999999998,-0.3049691425816764,0.4180712783711813,-0.0019333799298134058,-0.0148997498495827,-0.3180712783711813,4.213225766624074
606,20.2,-0.3708524405956268,-0.3072917339703958,-0.3072917339703958,-0.011676343767179076,-0.3050732738472464,0.5105359329052332,-0.0022184601231493573,-0.06577916674838036,-0.5222122766724123,4.91774416442362
607,20.233333333333334,-0.4311191737651825,-0.342392936044027,-0.3254587232070795,-0.5450096771005124,-0.3212548552987532,0.48708932677140027,-0.004203867908326331,-0.1098643184664293,-1.0320990038719127,2.329806282016298
608,20.266666666666666,-0.4246271252632141,-0.365703753888017,-0.36140349022154106,-1.0783430104338456,-0.3581793742399737,-0.72296568167728,-0.003224115981567355,-0.06644775102324041,-0.3553773287565656,-12.950428090477006
609,20.3,-0.4724736213684082,-0.3959696682928937,-0.3959696682928937,-1.0369853421405795,-0.3939876580574201,-0.8090752483684246,-0.001982010235473619,-0.07848596331098812,-0.22791009377215488,-13.214497428329832
610,20.333333333333332,-0.5604828596115112,-0.4426040070293057,-0.4426040070293057,-1.3990301620923595,-0.4354337749515774,-0.4735340272988757,-0.007170232077728267,-0.1250490846599338,-0.9254961347934838,-12.834769576724483
611,20.366666666666667,-0.4524019658565521,-0.4453814215771172,-0.4714605679879399,-0.8656968287590262,-0.4691893422762565,-0.7231668154957616,-0.0022712257116833667,0.016787376419704403,-0.14253001326326464,-11.94544864248406
612,20.4,-0.4337167739868164,-0.442074859212076,-0.4825393511687963,-0.3323634954256929,-0.480568125408831,0.06961977384602702,-0.0019712257599653338,0.046851351422014575,-0.4019832692717199,-0.9985669931799673
613,20.433333333333334,-0.3731111586093902,-0.4225258093842511,-0.47584035657187496,0.20096983790764045,-0.47692814859396393,-0.21643248640763685,0.0010877920220889736,0.10381698998457373,0.4174023243152773,-1.5566486525933463
614,20.466666666666665,0.134623035788536,-0.26459155642779436,-0.4513635841971758,0.7343031712409738,-0.45456907036816235,-0.061667713889659526,0.003205486170986538,0.5891921061566984,0.7959708851306333,2.688141375660913
615,20.5,-0.643505334854126,-0.37200174860384017,-0.4091090340446989,1.2676365045743072,-0.4149538853872133,0.5154000157553618,0.00584485134251439,-0.2285514494669127,0.7522364888189454,12.313893381649802
616,20.53333333333333,-0.2252916395664215,-0.3304140262694266,-0.3591090340446989,1.5,-0.3679648626752463,1.13868272543603,0.008855828630547402,0.1426732231088248,0.3613172745639699,22.013821611017214
617,20.566666666666666,-0.5032649040222168,-0.3794118380521802,-0.3268868118224767,0.9666666666666667,-0.33083563769642893,0.7071740730626608,0.003948825873952233,-0.17242926632578787,0.2594925936040059,12.902000490725495
618,20.6,-0.1449913382530212,-0.31296096619947533,-0.31244236737803227,0.43333333333333335,-0.31615561227702715,-0.36092226825657925,0.003713244898994883,0.17116427402400594,0.7942556015899126,-1.3312627701680486
619,20.633333333333333,-0.2423494160175323,-0.29294480261104683,-0.29294480261104683,0.5849269430095633,-0.2968772464201,-0.27382510913830227,0.0039324438090531655,0.0545278304025677,0.8587520521478655,0.18569516157360688
620,20.666666666666668,-0.2860625386238098,-0.2909938962582995,-0.2909938962582995,0.058527190582419175,-0.2940021736886773,-0.5657397896996638,0.0030082774303777926,0.0079396350648675,0.6242669802820829,-5.044166022318241
621,20.7,-0.1624979823827743,-0.2545693279553811,-0.27126521212777444,0.5918605239157525,-0.27518439804597605,-0.3055442728987554,0.0039191859182016175,0.11268641566320176,0.8974047968145079,-0.18843981106466723
622,20.733333333333334,-0.5334152579307556,-0.3336134182773335,-0.26931430577502713,0.058527190582419175,-0.2724199588014794,-0.5947042481100078,0.003105653026452271,-0.2609952991292762,0.653231438692427,-5.340283617897902
623,20.766666666666666,-0.2150376886129379,-0.30000091159161063,-0.2851411772000576,-0.47480614275091415,-0.2833619766762652,0.18785719445455284,-0.0017792005237923791,0.06832428806332733,-0.662663337205467,0.20804879856222536
624,20.8,-0.3705255687236786,-0.31999244372107083,-0.31874582640286586,-1.0081394760842475,-0.31706637509368274,-0.719642999967897,-0.001679451309183122,-0.05345919362999585,-0.28849647611635043,-11.903884412227036
625,20.833333333333332,-0.4503600597381592,-0.35694758097705437,-0.35694758097705437,-1.1460526372256552,-0.35399737549922883,-0.7224656830007297,-0.0029502054778255404,-0.09636268423893035,-0.42358695422492554,-12.948894761202219
626,20.866666666666667,-0.7737194895744324,-0.4750893676968136,-0.40694758097705436,-1.5,-0.3988888287440299,-0.8869743893761303,-0.008058752233024435,-0.37483066083040245,-0.6130256106238697,-18.540246573390597
627,20.9,-0.4441073536872864,-0.46630693678974844,-0.45694758097705435,-1.5,-0.4474821274636128,-1.3311958463499471,-0.009465453513441524,0.003374773776326445,-0.16880415365005286,-24.67050267962927
628,20.933333333333334,-0.8652524948120117,-0.5793955112747278,-0.5069475809770544,-1.5,-0.49709477493712123,-1.453517696821003,-0.00985280603993316,-0.3681577198748905,-0.04648230317899693,-26.358544216129843
629,20.966666666666665,-0.4667073786258697,-0.547451953998869,-0.547451953998869,-1.2151311906544393,-0.5392471123932623,-0.5582804947369315,-0.00820484160560675,0.07253973376739259,-0.6568506959175078,-14.004270827369654
630,21.0,-0.4371351897716522,-0.5161806054216396,-0.5701785492429059,-0.681797857321106,-0.5669351511983275,-0.30531831418031863,-0.003243398044578405,0.12979996142667527,-0.37647954314078735,-7.016827611134112
631,21.03333333333333,-0.3158909976482391,-0.45940477280042397,-0.575127366709165,-0.14846452398777266,-0.5733284511683241,0.16038281372417795,-0.0017989155408408841,0.257437453520085,-0.3088473377119506,0.6106742384568116
632,21.066666666666666,-0.4383319914340973,-0.45343129908394625,-0.5622984063976463,0.38486880934556067,-0.5650576384520956,-0.48914990718482865,0.0027592320544492788,0.12672564701799827,0.8740187165303893,-3.511615776829889
633,21.1,-0.1092269420623779,-0.35586014110425074,-0.5316916683083498,0.918202142678894,-0.5338299146810911,0.5490834738108633,0.0021382463727412926,0.42460297261871316,0.3691186688680307,9.892094816073772
634,21.133333333333333,-0.3239684998989105,-0.346819859368122,-0.48330715244127553,1.4515354760122272,-0.4908438083599318,0.6583327585391229,0.007536655918656265,0.16687530846102128,0.7932027174731043,15.384992067839896
635,21.166666666666668,-0.2903595864772796,-0.3308151398071087,-0.43330715244127554,1.5,-0.4426288403029345,1.2857961668396714,0.009321687861658934,0.15226925382565487,0.21420383316032865,24.043987102387465
636,21.2,-0.2086630314588546,-0.2961888417429806,-0.38330715244127556,1.5,-0.39312037083796425,1.4410163357964252,0.009813218396688694,0.18445733937910966,0.058983664203574815,26.186025433990668
637,21.233333333333334,-0.1141828894615173,-0.24459585298198475,-0.33330715244127557,1.5,-0.343255719825871,1.4837581214511868,0.00994856738459543,0.2290728303643537,0.016241878548813204,26.775862076026378
638,21.266666666666666,-0.5266621708869934,-0.32455282244979444,-0.30108493021905336,0.9666666666666667,-0.30564450547853844,0.6699920360629189,0.0045595752594850825,-0.22101766540845497,0.29667463060374777,12.787975577259642
639,21.3,-0.326870709657669,-0.32520987089884845,-0.28664048577460893,0.43333333333333335,-0.2907098492318229,-0.42655214680148945,0.004069363457213981,-0.0361608604258461,0.8598854801348228,-1.9280104859355154
640,21.333333333333332,-0.466318815946579,-0.36520983861784384,-0.2899738191079423,-0.09999999999999998,-0.2918922427859511,-0.41467812284074157,0.0019184236780088182,-0.17442657316062787,0.3146781228407416,-4.1804800324084646
641,21.366666666666667,-0.4406071305274963,-0.38658261014175843,-0.31108493021905337,-0.6333333333333333,-0.30722010299158653,0.5458819870737539,-0.0038648272274668383,-0.13338702753590975,-1.1792153204070872,3.023279493342812
642,21.4,-0.2262694090604782,-0.34113883713352733,-0.34113883713352733,-0.9016172074342188,-0.33894847854826937,-0.5835615314994829,-0.0021903585852579566,0.11267906948779116,-0.31805567593473594,-10.298771589376221
643,21.433333333333334,-0.7587295770645142,-0.45951273689828576,-0.38897052182577907,-1.4349505407675522,-0.3815216697540963,-0.6087829446992289,-0.007448852071682777,-0.37720790731041787,-0.8261675960683234,-14.701204636849358
644,21.466666666666665,-0.7061567902565002,-0.5294286034585072,-0.43897052182577906,-1.5,-0.4296730118350258,-1.2781610497115419,-0.009297509990753239,-0.2764837784214744,-0.22183895028845813,-23.938622486019277
645,21.5,-0.0902076214551925,-0.4049232073215343,-0.47119274404800127,-0.9666666666666667,-0.4669970553092081,-0.6921452177059383,-0.0041956887387931685,0.3767894338540156,-0.2745214489607284,-12.855912000964857
646,21.53333333333333,-0.3087059259414673,-0.37764862066857374,-0.4856371884924457,-0.43333333333333335,-0.4817800016598403,0.38744964629499856,-0.003857186832605386,0.17307407571837302,-0.8207829796283319,1.572466206784112
647,21.566666666666666,0.0550595037639141,-0.2549894157316227,-0.48230385515911234,0.09999999999999998,-0.48059376413009125,0.36741326735963453,-0.001710091029021088,0.5356532678940054,-0.26741326735963455,3.7243493359405537
648,21.6,0.1672676801681518,-0.13529275015599584,-0.46119274404800126,0.6333333333333333,-0.46505025224584645,-0.5310308445662588,0.003857508197845194,0.6323179324139983,1.1643641778995921,-2.84810678583857
649,21.633333333333333,0.1565288007259369,-0.0525704775811701,-0.4223038551591124,1.1666666666666665,-0.4268175769222852,0.6220507607538499,0.004513721763172829,0.5833463776482222,0.5446159059128166,12.64095566631179
650,21.666666666666668,0.1083639040589332,-0.006950619334032383,-0.3723038551591124,1.5,-0.38079314086201504,1.0229323272324162,0.008489285702902638,0.48915704492094825,0.4770676727675838,20.416466115807342
651,21.7,-0.0145128145813941,-0.009094264909987129,-0.3223038551591124,1.5,-0.3318878613671581,1.3686335393828342,0.00958400620804567,0.317375046785764,0.13136646061716584,25.187142843483112
652,21.733333333333334,0.0957043841481208,0.02061287079215212,-0.27230385515911243,1.5,-0.2821893061439366,1.463826626786576,0.009885450984824184,0.37789369029205744,0.036173373213423954,26.50080744965475
653,21.766666666666666,-0.2744005620479584,-0.06301420037816144,-0.22230385515911244,1.5,-0.2322723126766727,1.4900392160716645,0.009968457517560259,-0.042128249371285675,0.009960783928335548,26.86254118178897
654,21.8,0.1067451834678649,-0.014892730321527305,-0.17230385515911245,1.5,-0.18229516954800584,1.4972571754400186,0.00999131438889339,0.2890403530158707,0.002742824559981427,26.962149021072257
655,21.833333333333332,0.0421427749097347,0.0012750495971403202,-0.12230385515911245,1.5,-0.13230146346909757,1.499244729468988,0.009997608309985126,0.17444423837883227,0.0007552705310120977,26.989577266672033
656,21.866666666666667,-0.2104151993989944,-0.0587325078501022,-0.07230385515911245,1.5,-0.08230319657780401,1.4997920269552294,0.009999341418691562,-0.1281120028211904,0.00020797304477060408,26.997129971982165
657,21.9,-0.6165246367454529,-0.21684911160032327,-0.040081632936890224,0.9666666666666667,-0.04466958662627024,0.6682643751673945,0.004587953689380017,-0.5718550501191826,0.2984022914992722,12.782677417180007
658,21.933333333333334,-0.4845790565013885,-0.29274216820157983,-0.025637188492445777,0.43333333333333335,-0.02972309897496689,-0.4296016347771163,0.0040859104825211115,-0.4548559575264216,0.8629349681104497,-1.9557383291688601
659,21.966666666666665,-0.1247241497039794,-0.2451143206980762,-0.02897052182577911,-0.09999999999999998,-0.03090519274884361,-0.41836416865859516,0.0019346709230644993,-0.09381895695513578,0.3183641686585952,-4.216052311832499
660,22.0,0.0367221198976039,-0.16522251424987067,-0.05008163293689022,-0.6333333333333333,-0.04621623492002284,0.547040183606307,-0.0038653980168673815,0.08293835481762674,-1.1803735169396403,3.0369406929661396
661,22.03333333333333,-0.7270411849021912,-0.3244805165148599,-0.08897052182577911,-1.1666666666666665,-0.0844523903149864,-0.6217822981028116,-0.004518131510792708,-0.6425887945872047,-0.5448843685638549,-12.640132380848623
662,22.066666666666666,-0.3422908186912536,-0.329529179531087,-0.13897052182577913,-1.5,-0.13048002184454635,-1.0233157835471944,-0.008490499981232774,-0.21181079684670726,-0.47668421645280556,-20.42175781295128
663,22.1,-0.1337357312440872,-0.27402786734693263,-0.18897052182577911,-1.5,-0.17938618125123676,-1.3687391288028459,-0.009584340574542355,0.04565045000714957,-0.13126087119715413,-25.188599977479274
664,22.133333333333333,-0.107495367527008,-0.22682111787610792,-0.22682111787610792,-1.1355178815098643,-0.21962964866888868,-0.46693251349542475,-0.007191469207219248,0.11213428114188068,-0.6685853680144396,-12.165259708052638
665,22.166666666666668,0.019263170659542,-0.15706392711652575,-0.24689393614865895,-0.602184548176531,-0.24317832979845744,-0.020255887934836236,-0.003715606350201517,0.2624415004579994,-0.5819286602416948,-3.6544494649445216
666,22.2,0.1747098416090011,-0.06301645170990591,-0.2491889766434322,-0.06885121484319767,-0.2471082127562976,0.2995959041610926,-0.0020807638871346013,0.42181805436529873,-0.3684471190042903,2.317632593371277
667,22.233333333333334,0.0789954885840416,-0.022760513111907327,-0.23370623936042767,0.46448211849013565,-0.23672847035575678,-0.49583114494813874,0.0030222309953291115,0.3157239589397984,0.9603132634382744,-3.266422650488236
668,22.266666666666666,0.0922650471329689,0.009845631701223385,-0.20044572429964536,0.997815451823469,-0.2021381240800594,0.7806549892200575,0.00169239978041405,0.2944031712130283,0.21716046260341149,12.62353512880501
669,22.3,0.1157019734382629,0.03985259016087507,-0.15044572429964537,1.5,-0.15815812423917966,0.7775999809055657,0.007712399939534292,0.27386009767744257,0.7224000190944343,17.030879736496807
670,22.333333333333332,0.1649117171764373,0.07530293699676252,-0.10044572429964536,1.5,-0.10981580544241568,1.3010782556116762,0.009370081142770312,0.27472752261885297,0.19892174438832377,24.25487992744113
671,22.366666666666667,0.1174942702054977,0.08726285892658725,-0.05044572429964536,1.5,-0.06027226838243719,1.4452244471974194,0.009826544082791829,0.1777665385879349,0.05477555280258062,26.244097371324386
672,22.4,0.1386736929416656,0.10183622066714997,-0.00044572429964535865,1.5,-0.010397961076066296,1.484916876764507,0.009952236776420938,0.1490716540177319,0.015083123235493101,26.791852899350197
673,22.433333333333334,0.1358945518732071,0.1114906911781748,0.049554275700354644,1.5,0.03956742789235468,1.4958466762105163,0.009986847807999966,0.09632712398085241,0.004153323789483743,26.942684131705125
674,22.466666666666665,0.0251362640410661,0.0870119148914674,0.0870119148914674,1.1237291757333825,0.07979344196204671,0.46827891462375726,0.007218472929420683,-0.05465717792098061,0.6554502611096252,12.169388671512861
675,22.5,0.1965808570384979,0.11807127932370244,0.11807127932370244,0.9317809329670513,0.11562342339933693,0.807401431980468,0.0024478559243655135,0.08095743363916097,0.12437950098658335,13.209364391406762
676,22.53333333333333,0.1209082752466201,0.11887547883987941,0.1313528659781597,0.398447599633718,0.12890349114877053,-0.12519546054572273,0.0024493748293891726,-0.007995215902150438,0.5236430601794407,0.7408209360711221
677,22.566666666666666,0.0729964971542358,0.10587022402924089,0.1268566748548392,-0.13488573369961532,0.12689803804411795,0.014982428768231984,-4.136318927874805e-05,-0.05390154088988215,-0.1498681624678473,-0.14978492265033228
678,22.6,-0.0909251198172569,0.05008490582389366,0.10458270595374092,-0.6682190670329486,0.1081873662879864,0.31292012590769325,-0.003604660334245488,-0.1991124861052433,-0.9811391929406419,0.2754397264635644
679,22.633333333333333,0.0048264944925904,0.03725556327829676,0.06453095927486485,-1.2015524003662819,0.06948918560519703,-0.5861403473276762,-0.004958226330332174,-0.06466269111260663,-0.6154120530386057,-12.530830398471538
680,22.666666666666668,-0.352194219827652,-0.07314125633606855,0.01453095927486485,-1.5,0.02314264478611574,-1.0615848982897553,-0.00861168551125089,-0.3753368646137677,-0.43841510171024467,-20.949871596398623
681,22.7,-0.2206464260816574,-0.11495435348744137,-0.035469040725135154,-1.5,-0.025851330222037082,-1.3792770009783384,-0.009617710503098072,-0.19479509585962032,-0.12072299902166161,-25.33402261350107
682,22.733333333333334,-0.5741497874259949,-0.24512188133650326,-0.08546904072513516,-1.5,-0.07557430884747046,-1.4667574350520065,-0.009894731877664695,-0.4985754785785244,-0.03324256494799349,-26.54125260371769
683,22.766666666666666,-0.8867567181587219,-0.4270052676206981,-0.13546904072513516,-1.5,-0.1254980275994014,-1.4908462502317135,-0.009971013125733758,-0.7612586905593205,-0.009153749768286534,-26.873678253197646
684,22.8,-0.6455828547477722,-0.4889651697815532,-0.18546904072513515,-1.5,-0.17547702261804904,-1.4974794022377143,-0.00999201810708611,-0.4701058321297232,-0.002520597762285748,-26.965215750880457
685,22.833333333333332,-0.6367049217224121,-0.5308447636403819,-0.23546904072513514,-1.5,-0.22547123863767665,-1.49930592235531,-0.009997802087458485,-0.41123368308473546,-0.0006940776446899832,-26.99042172850328
686,22.866666666666667,-0.3594226241111755,-0.4822519544094007,-0.2854690407251351,-1.5,-0.2754696459474292,-1.499808877170299,-0.00999939477770595,-0.0839529781637463,-0.0001911228297009071,-26.99736250495013
687,22.9,-0.4912071824073791,-0.48479048115350054,-0.3354690407251351,-1.5,-0.3254692073805494,-1.4999473719744265,-0.009999833344585707,-0.1657379750268297,-5.262802557348678e-05,-26.999273733247087
688,22.933333333333334,0.0389170907437801,-0.3363357821051953,-0.3676912629473573,-0.9666666666666667,-0.3631030343126288,-0.6682476366681642,-0.0045882286347285195,0.4020201250564089,-0.29841902999850245,-12.782626085782388
689,22.966666666666665,0.0940594971179962,-0.2143321963685692,-0.38213570739180175,-0.43333333333333335,-0.3780496365928834,0.42963117984134924,-0.004086070798918373,0.4721091337108796,-0.8629645131746826,1.9560069712870942
690,23.0,0.0929159671068191,-0.12723696213959074,-0.3788023740584684,0.09999999999999998,-0.37686754572343745,0.41839988103435644,-0.001934828335030947,0.46978351283025654,-0.31839988103435646,4.216396955028012
691,23.03333333333333,0.1749336123466491,-0.04158106540681114,-0.3576912629473573,0.6333333333333333,-0.3615566664943365,-0.5470514048313928,0.0038654035469791737,0.5364902788409855,1.180384738164726,-3.0370730499466845
692,23.066666666666666,0.1991646587848663,0.026662809514767655,-0.31880237405846845,1.1666666666666665,-0.3233205086601302,0.621782109932657,0.004518134601661727,0.5224851674449965,0.5448845567340095,12.640131803793475
693,23.1,0.255415678024292,0.09150708535364883,-0.26880237405846846,1.5,-0.27729287489081006,1.0233160523184073,0.008490500832341596,0.5327085529151021,0.4766839476815927,20.42176152199402
694,23.133333333333333,0.2587957978248596,0.13892819743366114,-0.21880237405846847,1.5,-0.2283867148673741,1.3687392028123089,0.009584340808905634,0.4871825126922337,0.13126079718769113,25.18860099880986
695,23.166666666666668,0.328627198934555,0.1927019247745803,-0.16880237405846849,1.5,-0.17868791717976132,1.4638557225135296,0.009885543121292834,0.5073151161143163,0.03614427748647042,26.501208970686708
696,23.2,0.284997284412384,0.21886476941122932,-0.11880237405846848,1.5,-0.1287708569469404,1.4900472279385046,0.009968482888471922,0.4137681413593244,0.009952772061495363,26.862651745551364
697,23.233333333333334,0.1578790098428726,0.20157721607272525,-0.06880237405846848,1.5,-0.07879369543355495,1.497259381606255,0.009991321375086473,0.23667270527642753,0.0027406183937450646,26.96217946616632
698,23.266666666666666,0.0816546827554702,0.16758293272061187,-0.018802374058468477,1.5,-0.02879998429218794,1.4992453369640422,0.009997610233719464,0.11045466704765815,0.0007546630359578366,26.98958565010378
699,23.3,0.0837765336036682,0.1438264425974019,0.031197625941531526,1.5,0.02119828399311602,1.4997921942364751,0.009999341948415508,0.06257824961055218,0.0002078057635248598,26.997132280463358
700,23.333333333333332,0.1344528049230575,0.14116930981069933,0.08119762594153153,1.5,0.07119780714414174,1.4999427781230885,0.009999818797389787,0.06325499777891576,5.722187691148406e-05,26.99921033809862
701,23.366666666666667,0.1092953234910965,0.13213403268189255,0.13119762594153153,1.5,0.12119767583790246,1.4999842432512867,0.009999950103629071,-0.011902352346805964,1.575674871334698e-05,26.999782556867757
702,23.4,0.0576328411698341,0.11101527756327821,0.16341984816375377,0.9666666666666667,0.15883155427050508,0.6682436637706548,0.0045882938932486905,-0.10119871310067097,0.29842300289601187,12.782613902230002
703,23.433333333333334,0.0457712188363075,0.0925206297430971,0.17786429260819822,0.43333333333333335,0.17377818375804205,-0.4296381923883241,0.004086108850156173,-0.12800696492173455,0.8629715257216575,-1.956070733730102
704,23.466666666666665,0.0316339842975139,0.07526117215507927,0.1745309592748649,-0.09999999999999998,0.17259609357796535,-0.418408357398141,0.001934865696899546,-0.14096210928045144,0.318408357398141,-4.216478756393467
705,23.5,0.1085049733519554,0.08468474891190324,0.15341984816375379,-0.6333333333333333,0.1572852530233099,0.5470540681990268,-0.0038654048595561097,-0.048780279671354496,-1.18038740153236,3.0371044649923085
706,23.53333333333333,0.1549174040555954,0.10459350762040867,0.1145309592748649,-1.1666666666666665,0.11904909461014714,-0.6217820652703036,-0.004518135335282239,0.03586830944544826,-0.544884601396363,-12.640131666828932
707,23.566666666666666,0.0802868828177452,0.09770334054322302,0.09341984816375379,-0.6333333333333332,0.09705854969124773,0.08704725507782207,-0.0036387015274939455,-0.01677166687350254,-0.7203805884111553,-2.388783737492521
708,23.6,-0.3113908171653747,-0.018262044194352733,0.054530959274864906,-1.1666666666666665,0.058922386446606426,-0.6294959782705276,-0.00439142717174152,-0.3703132036119811,-0.5371706883961389,-12.663787666696287
709,23.633333333333333,0.107812762260437,0.017476215961049688,0.017476215961049688,-1.1116422994144566,0.021364346509713833,-0.6740940620111424,-0.0038881305486641454,0.08644841575072316,-0.43754823740331417,-12.800555123500835
710,23.666666666666668,-0.0240260120481252,0.005711633779021109,-0.0018007495749877526,-0.5783089660811233,0.0021618438692413747,0.27904953143777644,-0.003962593444229128,-0.026187855917366575,-0.8573584975188997,-0.12407187576360657
711,23.7,-0.201976403594017,-0.053161421984615875,-0.03885549288880297,-1.1116422994144566,-0.035207044455011854,-0.6886857578433228,-0.0036484484337911127,-0.16676935913900515,-0.4229565415711338,-12.845302990719526
712,23.733333333333334,-0.1998684704303741,-0.09474827673712256,-0.08885549288880297,-1.5,-0.08060447085630976,-0.9476911681557498,-0.008251022032493213,-0.11926399957406433,-0.5523088318442502,-19.378138120549348
713,23.766666666666666,0.0254751294851303,-0.0606687053369456,-0.12107771511102519,-0.9666666666666667,-0.11746692543900997,-0.7277535036202692,-0.0036107896720152244,0.14294205492414028,-0.23891316304639743,-12.9651107444355
714,23.8,-0.5959709882736206,-0.2124101419278635,-0.1710777151110252,-1.5,-0.16283706288249927,-0.9444164932187137,-0.008240652228525935,-0.43313392539112133,-0.5555835067812863,-19.332947606418248
715,23.833333333333332,-0.1796856075525283,-0.20313376105640424,-0.20329993733324742,-0.9666666666666667,-0.19969494351259892,-0.7281063513923139,-0.0036049938206484944,0.020009335960070623,-0.23856031527435273,-12.966192810936434
716,23.866666666666667,-0.3710273206233978,-0.25072632834996134,-0.25072632834996134,-1.4227917305014177,-0.24296283026220158,-0.692146409952315,-0.0077634980877597515,-0.12806449036119624,-0.7306453205491027,-15.851620457341946
717,23.9,-0.5634629130363464,-0.33937735814664005,-0.3007263283499613,-1.5,-0.2913421767026072,-1.3055215728486724,-0.009384151647354122,-0.27212073633373923,-0.19447842715132757,-24.31619770531168
718,23.933333333333334,-0.3970136344432831,-0.35571543785185644,-0.3507263283499613,-1.5,-0.3408959097804001,-1.4464479693351373,-0.009830418569561239,-0.056117724662883006,-0.05355203066486269,-26.260981976824894
719,23.966666666666665,-0.4405147731304168,-0.3797533942874838,-0.3829485505721835,-0.9666666666666667,-0.37845501059873204,-0.674012222585819,-0.004493539973451477,-0.06205976253168477,-0.2926544440808476,-12.800304149263177
720,24.0,-0.1585445255041122,-0.31704760616400685,-0.39739299501662795,-0.43333333333333335,-0.3933621357174384,0.4194561301623898,-0.00403085929918956,0.2348176102133262,-0.8527894634957232,1.8634890847945442
721,24.03333333333333,-0.1901734620332718,-0.28108275880519523,-0.3940596616832946,0.09999999999999998,-0.3921790445886126,0.406100865719225,-0.0018806170946820133,0.2020055825553408,-0.306100865719225,4.097704993221375
722,24.066666666666666,-0.3422199189662933,-0.29841322947130206,-0.37294855057218346,0.6333333333333333,-0.37681204959927167,-0.5431869176286277,0.003863499027088213,0.03459213063297839,1.176520250961961,-2.9914905174188187
723,24.1,0.0028671363834291,-0.21300967901261214,-0.3340596616832946,1.1666666666666665,-0.33857673181794734,0.6218469140121219,0.004517070134652745,0.34144386820137645,0.5448197526545446,12.640330536303829
724,24.133333333333333,0.1536630243062973,-0.10906944835443509,-0.2840596616832946,1.5,-0.2925498694015323,1.0232234899698,0.008490207718237719,0.4462128937078296,0.47677651003019994,20.42048416158324
725,24.166666666666668,0.1362062990665435,-0.03954145368497601,-0.23405966168329462,1.5,-0.24364392177962094,1.368713714629363,0.00958426009632632,0.37985022084616443,0.1312862853706369,25.18824926188521
726,24.2,0.1108612269163131,0.0030929970712603796,-0.18405966168329463,1.5,-0.19394518257938448,1.4638487040283716,0.00988552089608985,0.3048064094956976,0.03615129597162836,26.50111211559153
727,24.233333333333334,-0.0217884667217731,-0.003960118861156534,-0.13405966168329464,1.5,-0.14402813845178314,1.4900452953121572,0.009968476768488499,0.12223967173001005,0.009954704687842764,26.86262507530777
728,24.266666666666666,0.0776193588972091,0.01916510878308208,-0.08405966168329464,1.5,-0.09405098137316828,1.4972588494337824,0.009991319689873643,0.17167034027037736,0.0027411505662175983,26.962172122186196
729,24.3,0.197116419672966,0.06960873366271365,-0.034059661683294634,1.5,-0.04405727145296999,1.499245190423796,0.009997609769675356,0.241173691125936,0.0007548095762039964,26.989583627848386
730,24.333333333333332,0.0973759368062019,0.07747986634682963,0.01594033831670537,1.5,0.005940996496070125,1.499792153884814,0.009999341820635244,0.09143494031013177,0.0002078461151859834,26.997131723610433
731,24.366666666666667,0.1499109715223312,0.0980118168046211,0.06594033831670537,1.5,0.05594051955450146,1.4999427670117604,0.009999818762203912,0.09397045196782974,5.723298823956391e-05,26.999210184762294
732,24.4,0.1149963438510894,0.1028263984270075,0.1028263984270075,1.1065818033090637,0.09588862634114649,0.4897174764588125,0.006937772085861008,0.019107717509942904,0.6168643268502513,12.235133594473695
733,24.433333333333334,0.0327500812709331,0.0829619566429596,0.12193468075953184,0.5732484699757304,0.11805147341951817,-0.0751814354321182,0.0038832073400136696,-0.08530139214858506,0.6484299054078486,2.5287438619776186
734,24.466666666666665,0.0386458039283752,0.07039971491254456,0.12326518531427841,0.0399151366423971,0.12110994063271979,-0.3423563511222617,0.0021552446815586157,-0.08246413670434459,0.3822714877646588,-2.8587939032636163
735,24.5,0.1324481219053268,0.08798849552377266,0.1068179120912472,-0.49341819669093623,0.1099718610375027,0.5069962899600862,-0.0031539489462554943,0.02247626086782409,-1.0004144866510223,3.262924278905671
736,24.53333333333333,0.0494745261967182,0.07707099111403126,0.07707099111403126,-0.8924076293164783,0.07933683010299482,-0.5082668855294965,-0.002265838988963556,-0.029862303906276616,-0.3841407437869818,-9.41065358845614
737,24.566666666666666,0.0656377673149108,0.07383003014777803,0.0651018479145931,-0.359074295983145,0.06804112635803393,0.32078947387699275,-0.0029392784434408292,-0.002403359043123124,-0.6798637698601377,1.4405552206259142
738,24.6,-0.4350756108760834,-0.07042878495486163,0.03535492693737716,-0.8924076293164783,0.03762830761400524,-0.49296394456010534,-0.0022733806766280854,-0.47270391849008864,-0.399443684756373,-9.230151812176445
739,24.633333333333333,0.1286878883838653,-0.013985442520625793,-0.012169771817616568,-1.4257409626498116,-0.004754784252658545,-0.5859710239996542,-0.007414987564958023,0.13344267263652385,-0.8397699386501575,-14.386400131195227
740,24.666666666666668,0.0168468877673149,-0.005245442261947182,-0.04191669279483251,-0.8924076293164783,-0.03980055030337266,-0.812018083739517,-0.0021161424914598534,0.05664743807068756,-0.08038954557696132,-12.993470181270663
741,24.7,-0.0641937106847763,-0.021955430655711036,-0.05388583599427068,-0.359074295983145,-0.051985941159268446,0.029425083018599307,-0.0018998948350022332,-0.01220776952550786,-0.3884993790017443,-1.5054180401079116
742,24.733333333333334,-0.0616951063275337,-0.033220384436625276,-0.04807720141593107,0.17425903735018833,-0.049046736247538046,-0.20693154304868533,0.0009695348316069788,-0.012648370079995655,0.38119058039887366,-1.5677723850816245
743,24.766666666666666,-0.1143311783671379,-0.05621275489042714,-0.05621275489042714,-0.24406660423488213,-0.05473682921664796,0.22054889092284813,-0.0014759256737791812,-0.05959434915048994,-0.46461549515773026,1.2953111747452772
744,24.8,-0.059665746986866,-0.05719157003460373,-0.05719157003460373,-0.029364454325297662,-0.05560555610425601,0.33640356826790196,-0.0015860139303477197,-0.00406019088260999,-0.3657680225931996,3.122894818255799
745,24.833333333333332,-0.2761448323726654,-0.11925796435516738,-0.0759481629565581,-0.562697787658631,-0.07181907959376208,0.48488959542051724,-0.004129083362796021,-0.20432575277890333,-1.0475873830791482,2.303859935038506
746,24.866666666666667,-0.2875575423240661,-0.16696562515299546,-0.11248253365629024,-1.0960311209919644,-0.10900318500018695,-0.7029404400757948,-0.00347934865610329,-0.17855435732387914,-0.3930906809161696,-12.889017349565767
747,24.9,-0.2600702941417694,-0.1933578836507044,-0.16248253365629023,-1.5,-0.15427807533069657,-0.932986839661153,-0.008204458325593661,-0.10579221881107284,-0.567013160338847,-19.175218387323913
748,24.933333333333334,-0.3501332700252533,-0.2377987969605856,-0.21248253365629022,-1.5,-0.20297695817532965,-1.3438659413559666,-0.009505575480960565,-0.14715631184992364,-0.1561340586440334,-24.84534999071234
749,24.966666666666665,-0.3228987455368042,-0.26192196785372424,-0.26192196785372424,-1.4831830259230205,-0.2521616965471223,-1.4021686046151132,-0.009760271306601953,-0.07073704898968192,-0.08101442130790737,-25.64992674368856
750,25.0,-0.3323296904563904,-0.2818803527053862,-0.2935836242733805,-0.9498496925896872,-0.2894116929838587,-0.6978574177374772,-0.0041719312895217575,-0.042917997472531666,-0.25199227485221,-12.87342941439491
751,25.03333333333333,-0.4667789041996002,-0.3342933027742558,-0.3342933027742558,-1.2212903550262595,-0.32868656615468705,-0.5416526411075299,-0.005606736619568731,-0.13809233804491317,-0.6796377139187296,-12.394401432729751
752,25.066666666666666,-0.6536974310874939,-0.42483437242453065,-0.3842933027742558,-1.5,-0.37550304196596873,-1.1179770973537988,-0.008790260808287043,-0.27819438912152517,-0.3820229026462012,-21.728083943482424
753,25.1,-0.2399854212999344,-0.37243548250743164,-0.416515524996478,-0.9666666666666667,-0.41260334604019744,-0.7094051142737876,-0.003912178956280543,0.17261792474026305,-0.25726155239287907,-12.90884235043961
754,25.133333333333333,-0.1521757245063781,-0.3099987375735387,-0.4309599694409224,-0.43333333333333335,-0.42726809279508265,0.3569842655130484,-0.0036918766458397534,0.27509236828870454,-0.7903175988463818,1.2954559974908673
755,25.166666666666668,-0.2544756829738617,-0.29425969005322833,-0.42762663610758905,0.09999999999999998,-0.4260788603627189,0.3305884658460626,-0.001547775744870139,0.17160317738885722,-0.23058846584606263,3.36897064725733
756,25.2,-0.1772137582302093,-0.2610808331566875,-0.4065155249964779,0.6333333333333333,-0.4103673308218025,-0.519460082960796,0.0038518058253245724,0.2331535725915932,1.1527934162941293,-2.711626940110068
757,25.233333333333334,-0.4355950951576233,-0.31055016229227517,-0.36762663610758906,1.1666666666666665,-0.3721371707224155,0.6222447923330031,0.0045105346148264225,-0.06345792443520781,0.5444218743336634,12.641550696487878
758,25.266666666666666,-0.2727566957473755,-0.29983689786191914,-0.31762663610758907,1.5,-0.32611504418993253,1.022655183897946,0.008488408082343468,0.053358348442557046,0.4773448161020539,20.412641537791654
759,25.3,-0.1704914420843124,-0.26317151102940506,-0.2676266361075891,1.5,-0.2772104006520025,1.368557224551602,0.009583764544413398,0.10671895856769006,0.131442775448398,25.186089698812108
760,25.333333333333332,0.0210285186767578,-0.1826097010737089,-0.2176266361075891,1.5,-0.2275120205473551,1.4638056125576828,0.009885384439765998,0.2485405392241129,0.03619438744231718,26.500517453296023
761,25.366666666666667,-0.1220634207129478,-0.16544672633021204,-0.1676266361075891,1.5,-0.17759507530114785,1.4900334295448656,0.009968439193558748,0.055531654588200044,0.009966570455134383,26.862461327719146
762,25.4,-0.021699545904994,-0.12469890148636242,-0.12469890148636242,1.2878320386368003,-0.1333833791834386,0.8054035341251067,0.00868447769707617,0.1116838332784446,0.4824285045116936,17.414568770926472
763,25.433333333333334,-0.0962402448058128,-0.11663176337429654,-0.09954894464291353,0.754498705303467,-0.10237679391916152,0.53385447351519,0.00282784927624799,0.006136549113348724,0.22064423178827697,9.712465187374866
764,25.466666666666665,0.0584546402096748,-0.06700025001399958,-0.06700025001399958,0.9764608388674185,-0.06881658946199112,0.7097128892163396,0.0018163394479915468,0.12727122967166593,0.26674794965107895,11.786756427946397
765,25.5,0.1575351506471634,-0.0033514942587905827,-0.017000250013999574,1.5,-0.024746778267794353,0.7883773433036136,0.007746528253794779,0.18228192891495776,0.7116226566963864,17.179607337589868
766,25.53333333333333,0.2468313425779342,0.06756750661624732,0.03299974998600043,1.5,0.023620271191477228,1.3040459351125895,0.0093794787945232,0.223211071386457,0.19595406488741052,24.295833904553735
767,25.566666666666666,0.1736463606357574,0.09763754034099216,0.08299974998600043,1.5,0.07317061814403028,1.4460416343063656,0.009829131841970151,0.10047574249172711,0.053958365693634436,26.255374553427846
768,25.6,0.2170223295688629,0.13147939008084109,0.13147939008084109,1.4543892028452197,0.12180737680248382,1.3364110390144257,0.009672013278357261,0.09521495276637906,0.11797816383079396,24.742472338399075
769,25.633333333333333,0.2275672852993011,0.158717299808141,0.16218125239790396,0.9210558695118863,0.15854217571208504,0.7376012269736218,0.0036390766858189205,0.06902510958721605,0.1834546425382645,12.995310429385762
770,25.666666666666668,0.1575821936130523,0.15839553274265963,0.17510533693718905,0.387722536178553,0.1720808723771824,-0.23031754912780833,0.0030244645600066566,-0.01449867876413008,0.6180400853063613,-0.23693188163081857
771,25.7,0.2251185327768325,0.17730941411693163,0.17730941411693163,0.06612231539227742,0.1747141377471166,-0.4935721950773997,0.0025952763698150194,0.05040439502971589,0.5596945104696771,-4.3823643615745445
772,25.733333333333334,0.1028842404484748,0.15621220767681604,0.16173571351889643,-0.4672110179410559,0.16396050704760257,0.293752778542978,-0.002224793528706137,-0.061076266599127765,-0.7609637964840339,1.2589312670466817
773,25.766666666666666,-0.0324696116149425,0.10272681964362812,0.12838423514308345,-1.0005443512743892,0.1300896845165802,-0.7311040200896379,-0.001705449373496759,-0.1625592961315227,-0.2694403311847513,-12.039069831427788
774,25.8,0.139870211482048,0.11325580824890921,0.11281053454504825,-0.4672110179410559,0.1159293826991648,0.2893534202607221,-0.0031188481541165602,0.0239408287828832,-0.756564438201778,0.7160656060250536
775,25.833333333333332,0.2279367595911026,0.14576426722803182,0.11501461172479083,0.06612231539227742,0.11647212697090381,0.3026741959223852,-0.0014575152461129837,0.11146463262019879,-0.23655188053010778,3.0042964706753414
776,25.866666666666667,0.1534968912601471,0.14795622402824116,0.1349964666823112,0.5994556487256107,0.13096204335417544,-0.6035881139142616,0.00403442332813575,0.022534847905971656,1.2030437626398722,-3.7039367877653313
777,25.9,0.1228838488459587,0.14084899069451728,0.14084899069451728,0.17557572036618285,0.13552756431175472,-1.100999579648592,0.005321426382762562,-0.012643715465796027,1.276575300014775,-9.96781241784571
778,25.933333333333334,0.0278766434639692,0.10882486748367101,0.1289237369289456,-0.3577576129671505,0.12700265778312003,-0.6192486856102293,0.001921079145825566,-0.09912601431915083,0.2614910726430788,-7.235573378270085
779,25.966666666666665,0.1445726752281189,0.1189582516948498,0.1189582516948498,-0.29896455702287383,0.11930081472130331,-0.10867939191511168,-0.0003425630264535101,0.025271860506815583,-0.19028516510776217,-2.181324549280812
780,26.0,-0.2231906205415725,0.021969759293335153,0.09121498868297623,-0.8322978903562072,0.09390924335573471,-0.1471689993791664,-0.002694254672758481,-0.3170998638973072,-0.6851288909770408,-5.151419367312017
781,26.03333333333333,0.0597973428666591,0.032692694833025754,0.04569394789332488,-1.3656312236895405,0.05285458715202728,-0.42655874444489217,-0.007160639258702403,0.006942755714631821,-0.9390724792446483,-12.18651067333951
782,26.066666666666666,0.0336380153894424,0.032960663612240836,0.017950684881451306,-0.8322978903562072,0.020405410598240897,-0.6332004603339787,-0.002454725716789591,0.013232604791201506,-0.19909743002222846,-10.884274392083862
783,26.099999999999998,0.0548622831702232,0.03916908700465356,0.007985199647355511,-0.29896455702287383,0.009973305379084165,0.09960816357970786,-0.001988105731728654,0.04488897779113904,-0.3985727206025817,-0.5697611334831738
784,26.133333333333333,-0.1000580936670303,-0.00029745943285492543,-0.00029745943285492543,-0.2484797724063131,0.0033572836627014137,0.6649112545740961,-0.003654743095556339,-0.10341537732973172,-0.9133910269804092,5.452953134303058
785,26.166666666666668,-0.258785218000412,-0.07357064558671911,-0.02635789629084314,-0.7818131057396465,-0.02350313990985729,-0.2483234795535353,-0.0028547563809858505,-0.2352820780905547,-0.5334896261861112,-6.344560175124313
786,26.2,-0.3511723577976227,-0.15226203912961606,-0.07019611092660913,-1.3151464390729797,-0.06374946851247595,-0.466711793512275,-0.006446642414133175,-0.2874228892851467,-0.8484346455607047,-12.164582833437645
787,26.233333333333334,-0.4235477149486542,-0.22916303411414266,-0.12019611092660913,-1.5,-0.11117457171112319,-1.1910123838376685,-0.009021539215485944,-0.31237314323753096,-0.3089876161623315,-22.735970896959824
788,26.266666666666666,-0.4766287803649902,-0.2993118248817496,-0.17019611092660913,-1.5,-0.1604655421571275,-1.4149164535205165,-0.00973056876948164,-0.3161632382078627,-0.08508354647948346,-25.82584705858313
789,26.3,-0.4512813985347748,-0.34239044075783265,-0.22019611092660912,-1.5,-0.21027030213501274,-1.4765711973462257,-0.00992580879159638,-0.24101109639976204,-0.02342880265377434,-26.676682523377913
790,26.333333333333332,-0.2227655500173568,-0.3084805297568763,-0.2701961109266091,-1.5,-0.26021654038979275,-1.4935485905735946,-0.009979570536816362,0.03745099037243596,-0.00645140942640543,-26.910970549915604
791,26.366666666666667,-0.0434076152741909,-0.23334065808608342,-0.3024183331488313,-0.9666666666666667,-0.29784142972550254,-0.6689371083881032,-0.004576903423328782,0.25443381445131164,-0.2977295582785635,-12.784740465723525
792,26.4,-0.2337800711393356,-0.23346521792840558,-0.31686277759327575,-0.43333333333333335,-0.31278331035066176,0.4284141958111298,-0.004079467242613988,0.07900323921132615,-0.8617475291444632,1.9449413948109653
793,26.433333333333334,-0.261963814496994,-0.24154367774818966,-0.3135294442599424,0.09999999999999998,-0.31160109984546663,0.41692886067590784,-0.0019283444144757578,0.049637285348472615,-0.31692886067590786,4.202200835442175
794,26.466666666666665,-0.1593905836343765,-0.2182558478274389,-0.29241833314883126,0.6333333333333333,-0.2962835089062305,-0.5465891938978626,0.003865175757399253,0.136892925271854,1.179922527231196,-3.0316211636272374
795,26.5,0.1312510818243026,-0.11918157653368092,-0.2535294442599424,1.1666666666666665,-0.2580474515463191,0.6217898608068346,0.004518007286376691,0.3892985333706217,0.5448768058598319,12.640155573140984
796,26.53333333333333,0.0130668533965945,-0.08169328742267168,-0.2035294442599424,1.5,-0.21201991003445192,1.0233049814240562,0.008490465774509515,0.22508676343104642,0.47669501857594376,20.421608743651976
797,26.566666666666666,0.1950635313987732,-0.003241394701589448,-0.15352944425994242,1.5,-0.16311377541524213,1.3687361543051713,0.009584331155299719,0.35817730681401533,0.13126384569482874,25.188558929411364
798,26.599999999999998,0.1750789284706115,0.0473068336060927,-0.10352944425994241,1.5,-0.11341498472299595,1.463854883069538,0.009885540463053538,0.28849391319360745,0.03614511693046207,26.501197386359625
799,26.633333333333333,0.1239096075296402,0.06902132153661303,-0.05352944425994241,1.5,-0.06349792641643542,1.4900469967872652,0.009968482156493014,0.18740753394607562,0.009953003212734846,26.862648555664258
800,26.666666666666668,0.0948847606778144,0.07635279673402394,-0.0035294442599424075,1.5,-0.013520765433469471,1.497259317955915,0.009991321173527063,0.10840552611128387,0.002740682044084952,26.962178587791627
801,26.7,0.1780326515436172,0.10517585191794673,0.046470555740057595,1.5,0.03647294556184,1.4992453194371358,0.009997610178217597,0.1415597059817772,0.0007546805628642073,26.989585408232475
802,26.733333333333334,0.1453550159931183,0.1165653869005763,0.0964705557400576,1.5,0.08647121380692521,1.4997921894102266,0.009999341933132386,0.058883802186193074,0.00020781058977337175,26.99713221386113
803,26.766666666666666,0.1709840595722198,0.13199137672312103,0.13199137672312103,1.065624629491903,0.1257416522929713,0.5419947453621593,0.0062497244301497334,0.0452424072792485,0.5236298841297437,12.39545055244395
804,26.8,0.0851107090711593,0.11870217530439368,0.1497344199284067,0.5322912961585696,0.14560242738490023,-0.23371671488666046,0.004131992543506463,-0.060491718313740936,0.7660080110452301,0.6587830745851331
805,26.833333333333332,0.064163252711296,0.10324209839421072,0.14969968535591457,-0.0010420371747636992,0.1473587766209301,-0.42537459920556564,0.002340908734984465,-0.08319552390963411,0.42433256203080194,-3.852204703061532
806,26.866666666666667,0.0632162913680076,0.09189603533326651,0.13188717300564468,-0.534375370508097,0.13512387237115342,0.4977257410939113,-0.003236699365508744,-0.07190758100314582,-1.0321011116020085,3.0122510520206642
807,26.9,0.0813578590750694,0.08890879232041297,0.096296882877597,-1.0677087038414304,0.09880185407771067,-0.7694443030772722,-0.0025049712001136704,-0.017443995002641266,-0.29826440076415817,-13.092962529436969
808,26.933333333333334,0.0710964202880859,0.08385954256483713,0.0784843705273271,-0.534375370508097,0.08248148068726747,0.4213618798485639,-0.0039971101599403785,-0.011385060399181579,-0.9557372503566609,1.6743315952631581
809,26.966666666666665,0.1253344267606735,0.09561637363193473,0.07844963595483498,-0.0010420371747636992,0.08136630314321121,0.5978210476062631,-0.002916667188376229,0.04396812361746229,-0.5988630847810268,5.61263596458793
810,27.0,0.2439455091953277,0.1376630392938125,0.09619267916012063,0.5322912961585696,0.09375718652990842,-0.3035360579849311,0.002435492630212213,0.1501883226654193,0.8358273541435007,-1.112989387035635
811,27.03333333333333,0.0259662270545959,0.10600049031527622,0.10600049031527622,0.2942343346546679,0.10104165208678191,-0.9648509000335532,0.004958838228494314,-0.075075425032186,1.259085234688221,-8.252933065691856
812,27.066666666666666,0.0008779866620898,0.07620155197550542,0.09803052369265404,-0.2390989986786654,0.09546472163440974,-0.6987665784088148,0.002565802058244304,-0.09458673497231994,0.45966757973014943,-7.5709268263129506
813,27.099999999999998,0.0428068377077579,0.06673519608826425,0.07228277929225407,-0.7724323320119988,0.07540751755820624,0.22018936904415987,-0.003124738265952165,-0.03260067985044834,-0.9926217010561587,-0.818341290081428
814,27.133333333333333,-0.7144470810890198,-0.15470552022616335,0.028757257114076333,-1.3057656653453322,0.03519726834492238,-0.46949506068953084,-0.006440011230846046,-0.7496443494339422,-0.8362706046558014,-12.17311818611456
815,27.166666666666668,0.0484871082007885,-0.0971067721449083,-0.02124274288592367,-1.5,-0.012223029648444322,-1.190435759204004,-0.009019713237479347,0.06071013784923282,-0.309564240795996,-22.728013477015256
816,27.2,-0.2719956338405609,-0.14668228856501678,-0.07124274288592367,-1.5,-0.06151267692198008,-1.4147576728242903,-0.009730065963943588,-0.21048295691858082,-0.08524232717570968,-25.823655884975206
817,27.233333333333334,-0.2225704193115234,-0.16819419753073395,-0.12124274288592367,-1.5,-0.11131707254802616,-1.4765274751255302,-0.009925670337897513,-0.11125334676349725,-0.023472524874469824,-26.676079156732317
818,27.266666666666666,-0.4789710938930511,-0.25628971704650527,-0.17124274288592367,-1.5,-0.16126321047403885,-1.4935365511215213,-0.009979532411884817,-0.31770788341901224,-0.006463448878478717,-26.910804405476995
819,27.3,-0.2371688932180404,-0.25086956217510087,-0.22124274288592366,-1.5,-0.21124837888844814,-1.4982202097291109,-0.009994363997475525,-0.025920514329592276,-0.0017797902708891478,-26.97543889426173
820,27.333333333333332,-0.2761411070823669,-0.2580332538897392,-0.2580332538897392,-1.103715330114466,-0.251146666357722,-0.4935606809417321,-0.006886587532017208,-0.024994440724644906,-0.6101546491727339,-12.246919421554642
821,27.366666666666667,-0.192903071641922,-0.2395708864858602,-0.27704598711577694,-0.5703819967811327,-0.27314526157266544,0.08649286062771522,-0.003900725543111494,0.08024218993074345,-0.6568748574088479,-2.3953229500010202
822,27.4,-0.4002067148685455,-0.2851061142323937,-0.2851061142323937,-0.24180381349850233,-0.28082370402236195,0.7367332649925851,-0.0042824102100317285,-0.11938301084618352,-0.9785370784910874,5.990887486103093
823,27.433333333333334,-0.4397174417972564,-0.3289335846276519,-0.3109440191267882,-0.7751371468318357,-0.3080747020046928,-0.2752209108961095,-0.0028693171220954272,-0.13164273979256363,-0.49991623593572615,-6.661821683510627
824,27.466666666666665,-0.3959810435771942,-0.3479394399454363,-0.3479394399454363,-1.109862624559443,-0.3449319268819153,-0.7281569380428353,-0.0030075130635209835,-0.051049116695278896,-0.38170568651660763,-12.966347943331385
825,27.5,-0.1826811879873275,-0.30109389984600465,-0.3671570829863066,-0.5765292912261096,-0.36315379225791494,0.34658243383279486,-0.004003290728391673,0.18047260427058745,-0.9231117250589045,0.672494540064974
826,27.53333333333333,0.0270548816770315,-0.20807399481086164,-0.36859694824939915,-0.043195957892776304,-0.36548443441561745,0.6082210903948856,-0.0031125138337816938,0.39253931609264897,-0.6514170482876619,5.534603934328721
827,27.566666666666666,-0.1846699118614196,-0.20143967008996097,-0.3522590357347139,0.490137375440557,-0.35415015217419366,-0.20396025899798187,0.0018911164394797564,0.16948024031277406,0.6940976344385389,-0.30603010973329514
828,27.599999999999998,0.0822232067584991,-0.12103012615085938,-0.31814334544225087,1.0234707087738903,-0.3197347870253206,0.7686046788893106,0.0015914415830697304,0.4019579937838197,0.25486602988457974,12.481398893438755
829,27.633333333333333,0.0519289076328277,-0.07200165551977389,-0.2681433454422509,1.5,-0.2758279452984585,0.7688210072234509,0.007684599856207619,0.3277568529312862,0.7311789927765491,16.909729899683622
830,27.666666666666668,0.1430195569992065,-0.011049874208183784,-0.2181433454422509,1.5,-0.2275057714896124,1.2986608570615283,0.00936242604736151,0.3705253284888189,0.20133914293847166,24.22151982744909
831,27.7,0.1557027250528335,0.0362192665627509,-0.1681433454422509,1.5,-0.17796778160022,1.444558786727084,0.009824436157969102,0.33367050665305353,0.05544121327291607,26.234911256833758
832,27.733333333333334,0.1236035823822021,0.06098998404449683,-0.1181433454422509,1.5,-0.1280950017756047,1.4847335789538323,0.009951656333353806,0.2516985841578068,0.01526642104616771,26.789323389562885
833,27.766666666666666,0.1383804678916931,0.08292776307472188,-0.0681433454422509,1.5,-0.07813003341810194,1.495796202900332,0.009986687975851047,0.21651050130979504,0.004203797099668005,26.941987600024582
834,27.8,0.1669121980667114,0.10673472079410194,-0.018143345442250894,1.5,-0.028139679812412777,1.4988424326827008,0.009996334370161883,0.19505187787912417,0.001157567317299213,26.98402557102127
835,27.833333333333332,0.058711789548397,0.09312172341147694,0.03185665455774911,1.5,0.021857663934081346,1.4996812495792944,0.009998990623667763,0.036854125614315655,0.00031875042070561577,26.995601244194262
836,27.866666666666667,0.1038218885660171,0.09615488520447844,0.08185665455774911,1.5,0.07185693250195654,1.4999122281450232,0.009999722055792568,0.03196495606406055,8.777185497677031e-05,26.99878874840132
837,27.9,-0.0297217518091201,0.06047279988085481,0.11407887677997133,0.9666666666666667,0.1094907103463515,0.6682514234323887,0.004588166433619839,-0.1392124621554716,0.2984152432342779,12.782637698525992
838,27.933333333333334,0.1406339704990387,0.08319598185886226,0.1285233212244158,0.43333333333333335,0.12443728669400572,-0.42962449583756523,0.004086034530410065,0.016196683805032974,0.8629578291708986,-1.9559461961633704
839,27.966666666666665,0.1733457446098327,0.10875061695796368,0.12518998789108246,-0.09999999999999998,0.12325519516748806,-0.41839180179469215,0.0019347927235943974,0.050090549442344645,0.3183918017946922,-4.216318986119028
840,28.0,0.1600365489721298,0.12328857289202108,0.12328857289202108,-0.05704244997184138,0.12177782967328815,-0.38056777597430136,0.0015107432187329295,0.03825871929884164,0.32352532600246,-3.894213995667624
841,28.03333333333333,0.0984328091144561,0.11624274210930725,0.11624274210930725,-0.21137492348141482,0.1166110408588369,-0.031058412584525172,-0.0003682987495296497,-0.01817823174438081,-0.18031651089688966,-1.0589764008284206
842,28.066666666666666,-0.1156495809555053,0.05050852920212538,0.09141913354881565,-0.7447082568147482,0.09459283407562206,0.08514228363674425,-0.0031737005268064195,-0.21024241503112737,-0.8298505404514924,-2.411253322232112
843,28.099999999999998,0.0513715520501136,0.05075316915778948,0.05075316915778948,-1.219978931730785,0.05577995611298968,-0.5772922714540727,-0.005026786955200202,-0.004408404062876077,-0.6426866602767123,-12.503696299125822
844,28.133333333333333,-0.2001669853925705,-0.02037483820322332,0.0007531691577894739,-1.5,0.009383733681685182,-1.0675466917565397,-0.008630564523895708,-0.20955071907425568,-0.4324533082434603,-21.032144346240248
845,28.166666666666668,-0.1536871939897537,-0.05816471698235181,-0.04924683084221053,-1.5,-0.039623921770413156,-1.3809186542518006,-0.009622909071797373,-0.11406327221934054,-0.1190813457481994,-25.35667742867485
846,28.2,-0.2130194753408432,-0.10206119238564591,-0.09924683084221053,-1.5,-0.08935066747461415,-1.4672094845041204,-0.009896163367596383,-0.12366880786622905,-0.032790515495879635,-26.54749088615686
847,28.233333333333334,0.1127535477280616,-0.04116793953618118,-0.13146905306443274,-0.9666666666666667,-0.1269387672586831,-0.6717751595146798,-0.004530285805749629,0.2396923149867447,-0.29489150715198686,-12.79344382251169
848,28.266666666666666,-0.4024268090724945,-0.14357351782723438,-0.1459134975088772,-0.43333333333333335,-0.14186121228093754,0.42340476206916633,-0.004052285227939656,-0.260565596791557,-0.8567380954024997,1.8993925044414728
849,28.3,-0.5257704854011536,-0.25191439132808524,-0.17813571973109943,-0.9666666666666667,-0.17630868431902746,-0.770815762940714,-0.0018270354120719645,-0.3494618010821261,-0.1958509037259527,-12.507479148180643
850,28.333333333333332,-0.6072985529899597,-0.3526546738772094,-0.22813571973109942,-1.5,-0.22038624621183323,-0.7893074271366888,-0.007749473519266192,-0.3869123067781265,-0.7106925728633112,-17.192442494486304
851,28.366666666666667,-0.1973422020673751,-0.30862845104173037,-0.2781357197310994,-1.5,-0.2687554299214464,-1.304302045153578,-0.009380289809652997,0.07141322785407131,-0.19569795484642194,-24.299368223119377
852,28.4,-0.3139643371105194,-0.3101410076725776,-0.3103579419533216,-0.9666666666666667,-0.30611598623320263,-0.6893285130930923,-0.004241955720118984,-0.007848350877316779,-0.2773381535735744,-12.847274106818798
853,28.433333333333334,-0.4752560555934906,-0.35694595391126477,-0.35694595391126477,-1.3976403587382946,-0.3491619783874092,-0.6655190585047827,-0.007783975523855569,-0.1260940772060814,-0.732121300233512,-15.484163007366
854,28.466666666666665,-0.3310126364231109,-0.34959467039042397,-0.38575618809143014,-0.8643070254049613,-0.38349890226612476,-0.7632027154587906,-0.0022572858253053774,0.05248626584301386,-0.1011043099461707,-12.41768146836619
855,28.5,-0.0604665577411651,-0.26763590322146474,-0.39678864449381773,-0.33097369207162797,-0.394966522467927,0.028873366710850445,-0.0018221220258907156,0.3344999647267619,-0.3598470587824784,-1.4053259607705504
856,28.53333333333333,0.0034280086401849,-0.19079777137530102,-0.39004332311842754,0.20235964126170536,-0.39133473643923206,-0.26467913076536154,0.001291413320804513,0.39476274507941694,0.4670387720270669,-2.0240334686526724
857,28.566666666666666,0.0960488691926002,-0.10948573010720673,-0.36552022396525957,0.7356929745950387,-0.3687109348077587,-0.04343718098560889,0.0031907108424991115,0.4647598040003589,0.7791301555806476,2.903174785140084
858,28.599999999999998,0.1492149084806442,-0.03615219913298483,-0.3232193470343138,1.269026307928372,-0.329079278744199,0.5141293893825433,0.005859931709885191,0.4782941872248432,0.7548969185458286,12.309996794106471
859,28.633333333333333,0.1366960257291793,0.012844860638339804,-0.27321934703431383,1.5,-0.28207932822978943,1.1399940617291433,0.008859981195475597,0.4187753539589687,0.3600059382708567,22.031918051862178
860,28.666666666666668,0.1219509467482566,0.04377301987634121,-0.22321934703431384,1.5,-0.23290542881277812,1.4008679300413525,0.009686081778464278,0.3548563755610347,0.09913206995864754,25.631977434570665
861,28.7,0.1267255544662475,0.06728746614112435,-0.17321934703431385,1.5,-0.18313290578490546,1.472702763344716,0.009913558750591606,0.30985846025115293,0.02729723665528394,26.623298134157082
862,28.733333333333334,0.1614404916763305,0.0939769008951018,-0.12321934703431385,1.5,-0.13319554437143327,1.4924833696166586,0.009976197337119422,0.2946360360477638,0.007516630383341383,26.89627050070989
863,28.766666666666666,0.1652212440967559,0.11417244149150585,-0.07321934703431385,1.5,-0.08321279267786848,1.4979302032277768,0.00999344564355463,0.2484340367746244,0.002069796772223187,26.97143680454332
864,28.8,0.2707961797714233,0.15857036731474788,-0.023219347034313845,1.5,-0.033217542211524544,1.4994300559612732,0.009998195177210699,0.30401372198294785,0.0005699440387267884,26.99213477226557
865,28.833333333333332,0.3006075024604797,0.19883344786436205,0.026780652965686158,1.5,0.016781149945874516,1.499843058887887,0.009999503019811642,0.28382635251460514,0.00015694111211295159,26.99783421265284
866,28.866666666666667,0.3274771571159363,0.23529991152883228,0.07678065296568616,1.5,0.06678078981530325,1.4999567843314472,0.009999863150382912,0.26069636730063306,4.321566855280956e-05,26.999403623773972
867,28.9,0.1430708765983581,0.20915586787004656,0.12678065296568616,1.5,0.11678069064891405,1.4999881000332977,0.00999996231677211,0.026290185949444045,1.1899966702255682e-05,26.99983578045951
868,28.933333333333334,0.2055018246173858,0.20812006101810812,0.17678065296568618,1.5,0.1667806633422272,1.4999967231975733,0.009999989623458994,0.03872116127515862,3.2768024267326723e-06,26.99995478012651
869,28.966666666666665,0.1279601454734802,0.1853972348141567,0.2090028751879084,0.9666666666666667,0.2044145592063868,0.668242319050546,0.004588315981521596,-0.0764544137329066,0.2984243476161207,12.782609778421673
870,29.0,0.1905080378055572,0.18684598744004458,0.22344731963235284,0.43333333333333335,0.219361197902865,-0.42964056594891,0.004086121729487829,-0.028853160097307817,0.8629738992822433,-1.956092315620689
871,29.03333333333333,0.2008016109466552,0.1908019697455891,0.22011398629901952,-0.09999999999999998,0.21817910795612144,-0.41841122642177375,0.001934878342898072,-0.017377497009466253,0.3184112264217738,-4.216506443979407
872,29.066666666666666,0.2244293987751007,0.2003342929813577,0.2003342929813577,-0.5933907995298549,0.20435950971080907,0.6367027624346457,-0.004025216729451386,0.020069889064291635,-1.2300935619645006,4.122359513443885
873,29.099999999999998,0.2168925255537033,0.2050280334678549,0.19833237744147364,-0.060057466196521525,0.20256490304591054,0.9123690301606939,-0.004232525604436904,0.014327622507792764,-0.9724264963572155,8.552155055581306
874,29.133333333333333,0.1816513389348983,0.19840147250548082,0.19840147250548082,0.0020728519202153906,0.20296359268786915,1.0625650962160944,-0.0045621201823883295,-0.021312253752970856,-1.060492244295879,10.325561940334108
875,29.166666666666668,0.0986329615116119,0.1701202234480443,0.18069278979171022,-0.5312604814131179,0.1848897234196267,0.35677438457961785,-0.004196933627916483,-0.0862567619080148,-0.8880348659927357,0.7927109884742434
876,29.2,0.224524587392807,0.1855421571945328,0.1807618848557174,0.002072851920215446,0.1835148950824942,0.54167613485608,-0.002753010226776792,0.04100969231031282,-0.5396032829358646,5.032001012651566
877,29.233333333333334,0.3081756830215454,0.22030492204043142,0.19860875769750236,0.5354061852535488,0.19589645609033254,-0.370177491639776,0.0027123016071698147,0.11227922693121287,0.9055836768933248,-1.7582795197342072
878,29.266666666666666,0.1670500487089157,0.2052088328915878,0.2052088328915878,0.1980022558225636,0.20092098483991713,-0.858590656550055,0.0042878480516706785,-0.03387093613100142,1.0565929123726185,-7.558126230908922
879,29.3,0.1036977022886276,0.17643360573739378,0.19403113030789548,-0.33533107751076974,0.1930612257525179,-0.38302685945691417,0.0009699045553775709,-0.08936352346389032,0.04769578194614443,-4.855392942210939
880,29.333333333333332,0.150280624628067,0.16902005445774446,0.16902005445774446,-0.7503322755045309,0.17220992535696347,0.16550285939393017,-0.003189870899219016,-0.021929300728896484,-0.915835134898461,-1.4633814918405152
881,29.366666666666667,0.0816211029887199,0.14424518822759508,0.14424518822759508,-0.7432459869044814,0.14732778204114258,-0.11208655247726396,-0.0030825938135475017,-0.06570667905242268,-0.6311594344272174,-4.737613681548889
882,29.4,0.0643928572535514,0.1216095526187549,0.1216095526187549,-0.6790690682652052,0.12504786763641945,0.06711943675987053,-0.0034383150176645477,-0.06065501038286805,-0.7461885050250757,-2.6238370263318433
883,29.433333333333334,0.0623146034777164,0.1048012910961509,0.1048012910961509,-0.5042478456781202,0.10918584553393973,0.5090962105694161,-0.004384554437788832,-0.04687124205622333,-1.0133440562475364,2.5893826355987954
884,29.466666666666665,0.0172046367079019,0.07997038227859322,0.07997038227859322,-0.7449272645267302,0.08300178482964582,-0.20174484215013933,-0.003031402551052595,-0.06579714812174392,-0.5431824223765909,-5.795154227286071
885,29.5,0.0211412459611892,0.06329416410662281,0.06329416410662281,-0.5002865451591125,0.06771473812609648,0.5486926637149874,-0.004420574019473669,-0.046573492164907276,-1.0489792088741,3.05643208324728
886,29.53333333333333,0.0540334731340408,0.060669048173443846,0.060669048173443846,-0.07875347799536886,0.06496290137757459,0.8855991499524993,-0.00429385320413074,-0.010929428243533788,-0.9643526279478682,8.152898093261499
887,29.566666666666666,0.1215670630335807,0.07793172863450475,0.07582171001804267,0.45457985533796447,0.07565035388564277,0.1823850646836167,0.0001713561323998941,0.045916709147937926,0.27219479065434776,3.332016744486326
888,29.599999999999998,0.2236446291208267,0.1192367735678543,0.10875214964041927,0.9879131886712977,0.10690528950570308,0.5509574543466327,0.0018468601347161884,0.11673933961512362,0.43695573432466506,9.914198855819897
889,29.633333333333333,0.24623703956604,0.15523737252714015,0.15523737252714015,1.3945566866016266,0.14813190971025175,0.4471944245458417,0.007105462816888397,0.09810512985578826,0.9473622620557849,12.471283058732613
890,29.666666666666668,0.2064543068408966,0.16975576977348902,0.18394481763608325,0.8612233532682932,0.18164678351535607,0.7065911329743646,0.0022980341207271826,0.024807523325540537,0.15463222029392865,11.749934581223226
891,29.7,0.2294107675552368,0.18666609381240457,0.19487448496724857,0.3278900199349599,0.19288551271702095,-0.07797742008970476,0.001988972250227622,0.03652525483821584,0.4058674400246647,0.8972409706330653
892,29.733333333333334,0.2758126258850097,0.2119363444259176,0.2119363444259176,0.511855783760071,0.20754259512945214,-0.5920760007813162,0.004393749296465466,0.06827003075555757,1.1039317845413872,-3.5681487145194204
893,29.766666666666666,0.2778725922107696,0.2306272061711715,0.2306272061711715,0.5607258523576167,0.22658594836116228,-0.29000956923926635,0.004041257810009219,0.05128664384960732,0.8507354215968831,-0.005204339521970969
894,29.8,0.353288322687149,0.2653977921135114,0.2653977921135114,1.043117578270197,0.2628560913331844,0.7734461135868624,0.0025417007803270053,0.09043223135396461,0.26967146468333447,13.105234748333029
895,29.833333333333332,0.3467618227005005,0.28846194723043933,0.28846194723043933,0.6919246535078383,0.28507513111991917,-0.07131164909350252,0.0033868161105201633,0.06168669158058132,0.7632363026013408,2.574388899055149
896,29.866666666666667,0.2401879876852035,0.27477779118473744,0.2937483245695895,0.15859132017450495,0.2905724230650446,-0.5387273603545727,0.003175901504544887,-0.05038443537984111,0.6973186805290776,-4.398019097042041
897,29.9,0.323149561882019,0.28848967362952105,0.28848967362952105,-0.1577595282020533,0.2871501406341484,-0.364739976882717,0.0013395329953726498,0.03599942124787059,0.20698044868066368,-4.02693926408114
898,29.933333333333334,0.2595386505126953,0.28028296504904654,0.28028296504904654,-0.24620125741423526,0.28112802731522635,0.05844417910517208,-0.000845062266179808,-0.021589376802531035,-0.30464543651940734,-0.3197865594099064
899,29.966666666666665,0.3098650872707367,0.288668570465675,0.288668570465675,0.25156816249885416,0.2865872998065894,-0.37980363391587424,0.002081270659085588,0.02327778746414727,0.6313717964147284,-2.8680073728689823
900,30.0,0.3928874433040619,0.31821135776264947,0.31483195366008127,0.7849014958321875,0.31193885592769155,0.14441329582110862,0.0028930977323897156,0.08094858737637034,0.6404882000110789,5.118915197811223
901,30.03333333333333,0.1952960342168808,0.28336871208673176,0.32321755907670974,0.25156816249885416,0.3199698229934886,-0.4885545541961478,0.0032477360832211533,-0.12467378877660779,0.740122716695002,-3.5410906786806473
902,30.066666666666666,0.3696577548980713,0.3078289539643044,0.31382538671556043,-0.28176517083447916,0.3139001849440206,-0.08629536707402508,-7.479822846018225e-05,0.05575756995405068,-0.19546980376045409,-1.7253084134978343
903,30.099999999999998,0.2728989422321319,0.2979273893169433,0.2979273893169433,-0.4769399219585141,0.3025798682862955,0.8218668563722813,-0.004652478969352225,-0.029680926054163614,-1.2988067783307953,6.278585727245559
904,30.133333333333333,0.3315482139587402,0.3074578404155819,0.29980716969610394,0.056393411374819236,0.3036784083321655,0.8962202423469758,-0.003871238636061536,0.027869805626574706,-0.8398268309721566,8.821050631916885
905,30.166666666666668,-0.4796063899993896,0.08434977452560075,0.2839091722974868,-0.4769399219585141,0.288428276781683,0.5512348753148111,-0.004519104484196179,-0.7680346667810726,-1.028174797273325,3.0864180650506996
906,30.2,-0.4806779325008392,-0.07581788907468112,0.2502333971210919,-1.0102732552918474,0.25249062959179747,-0.7990957882088323,-0.0022572324707055835,-0.7331685620926367,-0.2111774670830151,-13.183893750507089
907,30.233333333333334,-0.1643320173025131,-0.10090887299912821,0.2002333971210919,-1.5,0.20810133069998182,-0.826715867017873,-0.00786793357888993,-0.37243334800249495,-0.673284132982127,-17.708678964846648
908,30.266666666666666,0.2073103189468383,-0.013538382602199403,0.1502333971210919,-1.5,0.1596463063674529,-1.3146029199034681,-0.009412909246360984,0.047664012579385406,-0.18539708009653189,-24.44152029466786
909,30.3,0.0861683264374733,0.014725347536277137,0.1002333971210919,-1.5,0.1100717344498,-1.448948630118345,-0.009838337328708091,-0.023903408012326696,-0.05105136988165504,-26.29549109563316
910,30.333333333333332,0.0080803511664271,0.012841699124073819,0.0502333971210919,-1.5,0.060188881313055,-1.4859423764094002,-0.009955484191963099,-0.0521085301466279,-0.01405762359059981,-26.806004794449724
911,30.366666666666667,-0.937175452709198,-0.2564584178385252,0.0002333971210918967,-1.5,0.010221139144965795,-1.496129060170705,-0.009987742023873898,-0.9473965918541638,-0.0038709398292950947,-26.946581030355727
912,30.4,-0.4399351775646209,-0.3084683344582493,-0.049766602878908106,-1.5,-0.039769978263638484,-1.4989340890325131,-0.009996624615269623,-0.40016519930098243,-0.0010659109674868716,-26.985290428648682
913,30.433333333333334,-0.6191913485527039,-0.39654858003816634,-0.09976660287890811,-1.5,-0.08976753233267444,-1.499706488284316,-0.009999070546233668,-0.5294238162200294,-0.0002935117156839251,-26.99594953832356
914,30.466666666666665,-0.6861398816108704,-0.4786386467642113,-0.1497666028789081,-1.5,-0.13976685881545245,-1.4999191779333636,-0.009999744063455662,-0.5463730227954179,-8.082206663639901e-05,-26.998884655480417
915,30.5,-0.7638496160507202,-0.5594870264378372,-0.19976660287890813,-1.5,-0.18976667335418845,-1.499977744648317,-0.009999929524719675,-0.5740829426965317,-2.2255351683098112e-05,-26.999692876146774
916,30.53333333333333,-0.7615577578544617,-0.6167677518439035,-0.24976660287890812,-1.5,-0.23976662228514473,-1.4999938717147505,-0.009999980593763391,-0.521791135569317,-6.128285249484833e-06,-26.999915429663556
917,30.566666666666666,-0.7050955891609192,-0.6418059281280095,-0.2997666028789081,-1.5,-0.28976660822265443,-1.4999983125011607,-0.009999994656253675,-0.41532898093826476,-1.6874988393311696e-06,-26.999976712516016
918,30.599999999999998,-0.8687446713447571,-0.7061359562476923,-0.3497666028789081,-1.5,-0.3397666043503745,-1.4999995353264026,-0.009999998528533616,-0.5289780669943827,-4.6467359737789593e-07,-26.999993587504356
919,30.633333333333333,-0.6751939058303833,-0.697364853767738,-0.3997666028789081,-1.5,-0.3897666032840945,-1.4999998720463976,-0.009999999594813569,-0.2854273025462888,-1.2795360238015974e-07,-26.999998234240287
920,30.666666666666668,-0.7539263963699341,-0.7133982801211074,-0.4497666028789081,-1.5,-0.43976660299048115,-1.4999999647663935,-0.009999999888426925,-0.31415979337945293,-3.52336064768366e-08,-26.99999951377623
921,30.7,-0.6447057723999023,-0.6939261049839776,-0.49976660287890806,-1.5,-0.4897666029096311,-1.4999999902979895,-0.009999999969276974,-0.15493916949027126,-9.702010528300775e-09,-26.999999866112255
922,30.733333333333334,-0.7001249194145203,-0.6956832747865997,-0.5497666028789081,-1.5,-0.539766602887368,-1.4999999973284432,-0.00999999999154011,-0.16035831652715227,-2.671556753597315e-09,-26.999999963132517
923,30.766666666666666,-0.551081120967865,-0.6546930917553957,-0.5997666028789082,-1.5,-0.5897666028812376,-1.4999999992643729,-0.009999999997670539,0.03868548191337262,-7.35627114778481e-10,-26.999999989848344
924,30.8,-0.6402905583381653,-0.6506104244831962,-0.6497666028789082,-1.5,-0.6397666028795496,-1.4999999997974536,-0.009999999999358633,-0.0005239554586157213,-2.0254642407735446e-10,-26.99999999720486
925,30.833333333333332,-0.5535162687301636,-0.6230872714009397,-0.6819888251011305,-0.9666666666666667,-0.6774005033203504,-0.6682419659953569,-0.004588321780780058,0.12388423459018683,-0.2984247006713098,-12.782608695719125
926,30.866666666666667,-0.4349261820316314,-0.5697494939964137,-0.6964332695455749,-0.43333333333333335,-0.6923471444346289,0.42964118912535265,-0.004086125110946082,0.25742096240299744,-0.862974522458686,1.9560979819289068
927,30.9,-0.6711443662643433,-0.5984917655527418,-0.6930999362122416,0.09999999999999998,-0.6911650545491467,0.4184119796816391,-0.0019348816630949672,0.020020688284803412,-0.31841197968163915,4.216513713332987
928,30.933333333333334,-0.320293664932251,-0.5196313145689901,-0.6719888251011306,0.6333333333333333,-0.6758542305216023,-0.547055206360729,0.003865405420471757,0.35556056558935134,1.1803885396940623,-3.037117889876412
929,30.966666666666665,-0.3680248856544494,-0.4766556388559973,-0.6330999362122417,1.1666666666666665,-0.6376180718610288,0.6217820461843218,0.004518135648787114,0.2695931862065794,0.5448846204823448,12.640131608298566
930,31.0,-0.4481966495513916,-0.4685884064554262,-0.5830999362122417,1.5,-0.5915904373329222,1.023316143372808,0.008490501120680505,0.14339378778153056,0.47668385662719204,20.42176277854475
931,31.03333333333333,-0.4216375052928924,-0.4552792960355032,-0.5330999362122416,1.5,-0.542684277100545,1.3687392278852766,0.0095843408883034,0.12104677180765261,0.13126077211472342,25.188601344816817
932,31.066666666666666,-0.7818648219108582,-0.5478560670409599,-0.5008777139900193,0.9666666666666667,-0.5052337171624149,0.6823853762013896,0.004356003172395595,-0.2766311047484432,0.28428129046527706,12.8259818203509
933,31.099999999999998,-0.4355934560298919,-0.516033131826088,-0.4864332695455749,0.43333333333333335,-0.4903839332547987,-0.4046767071084051,0.003950663709223756,0.054790477224906764,0.8380100404417384,-1.7291053689723053
934,31.133333333333333,-0.3080358505249023,-0.457072415091426,-0.457072415091426,0.880825633624468,-0.45937378110951027,0.5341001115670161,0.002301366018084283,0.15133793058460798,0.3467255220574519,9.715362545782332
935,31.166666666666668,-0.4895665645599365,-0.46628348905528405,-0.44548933841505484,0.34749230029113465,-0.4482393185346548,-0.2764829614897867,0.002749980119599982,-0.041327246025281705,0.6239752617809213,-1.0361272409204836
936,31.2,-0.4082516729831695,-0.4498332862082988,-0.4498332862082988,-0.13031843379731956,-0.4504440799925132,-0.15023161969381896,0.0006107937842143585,0.04219240700934368,0.019913185896499402,-1.775434372099712
937,31.233333333333334,-0.4482154846191406,-0.4493746901120685,-0.4493746901120685,0.013757882886910044,-0.45023814180098115,-0.19734827999361007,0.0008634516889126642,0.002022657181840526,0.21110616288052012,-1.8766246767984538
938,31.266666666666666,-0.2227968424558639,-0.38514696458395253,-0.43113831623806037,0.5470912162202434,-0.4353783722066831,-0.578117675755704,0.004240055968622702,0.21258152975081918,1.1252088919759475,-3.403506998521693
939,31.3,-0.3585122525691986,-0.3775968576758857,-0.3951241645862745,1.0804245495535767,-0.39840346130320653,0.7190783017318086,0.0032792967169320564,0.03989120873400792,0.36134624782176805,12.938506791977535
940,31.333333333333332,-0.1594400405883789,-0.31575623064669656,-0.3451241645862745,1.5,-0.35327353614600937,0.9155910188636531,0.008149371559734886,0.19383349555763046,0.5844089811363469,18.935156060318413
941,31.366666666666667,-0.2247274369001388,-0.289952417783311,-0.2951241645862745,1.5,-0.30461457124765073,1.3390757878030297,0.009490406661376238,0.07988713434751193,0.16092421219697028,24.77924587168181
942,31.4,0.0037250444293022,-0.206704052455886,-0.2451241645862745,1.5,-0.25498384178288536,1.4556875357718428,0.00985967719661085,0.25870888621218757,0.044312464228157156,26.38848799365143
943,31.433333333333334,-0.147115096449852,-0.18981244919257942,-0.19512416458627452,1.5,-0.20508552497374705,1.4877980170965919,0.009961360387472529,0.05797042852389506,0.012201982903408126,26.831612635932967
944,31.466666666666665,-0.4737820327281952,-0.2703089348743273,-0.1629019423640523,0.9666666666666667,-0.16746866784001624,0.6695567353979115,0.004566725475963929,-0.30631336488817895,0.2971099312687552,12.786640655220264
945,31.5,-0.6095353364944458,-0.3664689983603517,-0.14845749791960786,0.43333333333333335,-0.1525310305579029,-0.42732049442524067,0.0040735326382950465,-0.4570043059365429,0.860653827758574,-1.9349967808907307
946,31.53333333333333,-0.1730443090200424,-0.31163915517038226,-0.15179083125294118,-0.09999999999999998,-0.15371334857953325,-0.41560685729315916,0.0019225173265920714,-0.019330960440509137,0.3156068572931592,-4.189442807990933
947,31.566666666666666,-0.5816956758499146,-0.38819172315841166,-0.1729019423640523,-0.6333333333333333,-0.16903697132074388,0.5461738057530652,-0.0038649710433084072,-0.41265870452917064,-1.1795071390863985,3.026721563077818
948,31.599999999999998,0.0007266601896844,-0.27794553873696626,-0.21179083125294118,-1.1666666666666665,-0.20727293838458502,-0.6217968265036857,-0.00451789286835616,0.20799959857426942,-0.5448698401629808,-12.640176934611315
949,31.633333333333333,-0.4401190280914306,-0.3239166452239518,-0.26179083125294117,-1.5,-0.25330039698484313,-1.0232950320309666,-0.008490434268098035,-0.18681863110658747,-0.4767049679690334,-20.42147144202734
950,31.666666666666668,-0.4013313353061676,-0.3458612859638938,-0.31179083125294116,-1.5,-0.30220650877331995,-1.3687334146172165,-0.00958432247962121,-0.09912482653284765,-0.13126658538278346,-25.18852112171759
951,31.7,-0.5637133717536926,-0.4076155312114945,-0.36179083125294115,-1.5,-0.35190529317884256,-1.46385412866271,-0.009885538074098588,-0.21180807857485007,-0.03614587133728997,-26.501186975545398
952,31.733333333333334,-0.6654035449028015,-0.4806903616023554,-0.41179083125294114,-1.5,-0.40182234975427633,-1.4900467890520472,-0.009968481498664805,-0.2635811951485252,-0.009953210947952762,-26.862645688918253
953,31.766666666666666,-0.2956474125385284,-0.42823647934367126,-0.44401305347516334,-0.9666666666666667,-0.4394423478948342,-0.6693144291569647,-0.004570705580329126,0.14379493535630583,-0.29735223750970197,-12.785897582748028
954,31.8,-0.2851535975933075,-0.38767696237457017,-0.45845749791960777,-0.43333333333333335,-0.4543816445437702,0.42774818829161076,-0.004075853375837546,0.16922804695046273,-0.8610815216249441,1.9388856397986363
955,31.833333333333332,0.0510197393596172,-0.2633201832783788,-0.4551241645862744,0.09999999999999998,-0.4531993685666325,0.41612382906023426,-0.0019247960196419056,0.5042191079262497,-0.3161238290602343,4.194431857248995
956,31.866666666666667,0.0109459124505519,-0.18557433256805517,-0.4340130534751633,0.6333333333333333,-0.4378781045722799,-0.5463362440236736,0.0038650510971166008,0.44882401702283176,1.179669577357007,-3.0286375605608704
957,31.9,0.0191735867410898,-0.1275347082187483,-0.3951241645862744,1.1666666666666665,-0.39964210219800034,0.6217941025555822,0.00451793761172592,0.41881568893909016,0.5448725641110843,12.640168581170471
958,31.933333333333334,-0.0222221221774816,-0.09768188747354536,-0.34512416458627443,1.5,-0.35361461117501053,1.0232989227587717,0.0084904465887361,0.33139248899752893,0.47670107724122834,20.42152513407105
959,31.966666666666665,0.0707888081669807,-0.0499257201736034,-0.29512416458627444,1.5,-0.3047084904585351,1.3687344859770483,0.009584325872260657,0.3754972986255158,0.13126551402295172,25.188535906483267
960,32.0,0.0842451006174087,-0.01189249344473621,-0.24512416458627445,1.5,-0.2550097035945781,1.4638544236748359,0.009885539008303634,0.3392548042119868,0.03614557632516413,26.501191046712734
961,32.03333333333333,0.1451556831598281,0.03262574735413573,-0.19512416458627446,1.5,-0.20509264634218416,1.4900468702872687,0.009968481755909697,0.35024832950201223,0.009953129712731323,26.862646809964307
962,32.06666666666666,0.0694057047367096,0.04305171367052583,-0.14512416458627447,1.5,-0.15511548564949598,1.4972592831225784,0.009991321063221509,0.22452119038620558,0.0027407168774216117,26.96217810709158
963,32.1,0.0713480338454246,0.05107283446608883,-0.09512416458627447,1.5,-0.10512177473411807,1.4992453098453473,0.009997610147843602,0.17646980857954267,0.0007546901546526819,26.989585275865792
964,32.13333333333333,0.065558522939682,0.055179073593134655,-0.04512416458627447,1.5,-0.055123506511043,1.4997921867690098,0.009999341924768534,0.12068202945072501,0.00020781323099017257,26.997132177412336
965,32.166666666666664,0.0187914799898862,0.044864330123048246,0.004875835413725535,1.5,-0.005123983377152757,1.4999427760668296,0.009999818790878292,0.02391546336703896,5.7223933170424957e-05,26.999210309722248
966,32.2,-0.1841350197792053,-0.020049815473197827,0.037098057635947757,0.9666666666666667,0.032509837135521975,0.6682481318793776,0.004588220500425781,-0.21664485691472726,0.2984185347872891,12.782627604430091
967,32.233333333333334,0.0206309240311384,-0.008518099561014559,0.051542502080392204,0.43333333333333335,0.04745643602446048,-0.42963030574583594,0.004086066055931724,-0.02682551199332208,0.8629636390791693,-1.9559990234665143
968,32.266666666666666,-0.4437645375728607,-0.13189683692165907,0.04820916874705887,-0.09999999999999998,0.0462743450690865,-0.41839882447792875,0.001934823677972368,-0.4900388826419472,0.3183988244779288,-4.21638675870319
969,32.3,-0.0687233507633209,-0.11398913159387009,0.02709805763594776,-0.6333333333333333,0.03096346101931771,0.5470510728496234,-0.003865403383369947,-0.0996868117826386,-1.1803844061829567,3.037069134143877
970,32.333333333333336,-0.3135783672332763,-0.17056643064415172,-0.011790831252941121,-1.1666666666666665,-0.007272696742723224,-0.6217821154996996,-0.0045181345102178975,-0.3063056704905531,-0.5448845511669669,-12.640131820865747
971,32.36666666666667,0.0114752892404794,-0.11896330288756196,-0.061790831252941124,-1.5,-0.05330033044577967,-1.0233160443667746,-0.008490500807161454,0.06477561968625907,-0.4766839556332254,-20.42176141226149
972,32.4,-0.1239218115806579,-0.12036888484830234,-0.11179083125294112,-1.5,-0.10220649045096912,-1.3687392006227355,-0.009584340801972,-0.021715321129688783,-0.13126079937726454,-25.18860096859375
973,32.43333333333333,-0.1279198825359344,-0.12250935626667575,-0.14401305347516336,-0.9666666666666667,-0.1396570503510198,-0.6823853791389481,-0.004356003124143554,0.011737167815085409,-0.28428128752771853,-12.825981829359433
974,32.46666666666667,0.0360105708241462,-0.07757392028630197,-0.1584574979196078,-0.43333333333333335,-0.15450683423851908,0.40467670192333827,-0.003950663681088734,0.1905174050626653,-0.8380100352566716,1.7291053218264514
975,32.5,0.0246906597167253,-0.04858511381812196,-0.15512416458627448,0.09999999999999998,-0.15332229021637175,0.3882363422037477,-0.0018018743699027284,0.17801294993309705,-0.2882363422037477,3.925302952207202
976,32.53333333333333,0.0174454562366008,-0.0298675146626441,-0.13401305347516337,0.6333333333333333,-0.13787378615555584,-0.5375736859397531,0.00386073268039247,0.15531924239215664,1.1709070192730864,-2.9252811337102833
977,32.56666666666666,0.1674795895814895,0.02607421033949824,-0.09512416458627448,1.1666666666666665,-0.09963968856496055,0.6219410430112211,0.00451552397868607,0.2671192781464501,0.5447256236554454,12.64061919856775
978,32.6,0.1130071952939033,0.05071698965243193,-0.04512416458627448,1.5,-0.053613946551419926,1.0230890416248766,0.008489781965145445,0.16662114184532323,0.47691095837512343,20.418628774423297
979,32.63333333333333,0.0457754395902156,0.049316214932561456,0.004875835413725521,1.5,-0.0047083074462420625,1.368676692621343,0.009584142859967584,0.050483747036457666,0.13132330737865705,25.18773835817453
980,32.666666666666664,0.1498671174049377,0.07781924747702867,0.054875835413725524,1.5,0.04499034680011126,1.4638385095623987,0.009885488613614261,0.10487677060482642,0.03616149043760131,26.5009714319611
981,32.7,0.1235175803303718,0.0907732939999286,0.0907732939999286,1.0769237575860924,0.08439746127154472,0.5314511693465613,0.006375832728383879,0.03912011905882708,0.545472588239531,12.363116919329453
982,32.733333333333334,0.0829699859023094,0.08856130048030755,0.1088929748083539,0.543590424252759,0.10482737814004783,-0.19452200198027958,0.004065596668306068,-0.02185739223773843,0.7381124262330386,1.1210939019303803
983,32.766666666666666,0.1339995115995407,0.10144161063614805,0.10923487783900143,0.010257090919425726,0.10692964936519568,-0.40682807363682527,0.002305228473805751,0.02706986223434503,0.417085164556251,-3.6221919300433383
984,32.8,0.0647334605455398,0.09103599943870269,0.09179900309187118,-0.5230762424139076,0.09499279256800996,0.4954272318587727,-0.0031937894761387836,-0.030259332022470165,-1.0185034742726802,3.0338176832491577
985,32.833333333333336,0.0868865326046943,0.08985975551344881,0.08985975551344881,-0.05817742735267112,0.09329512700413758,0.7347577432607992,-0.003435371490688774,-0.006408594399443288,-0.7929351706134704,6.850229479833829
986,32.86666666666667,0.0811443254351615,0.08738920397137093,0.08738920397137093,-0.07411654626233652,0.09185580924402822,1.000813482115241,-0.004466605272657298,-0.010711483808866731,-1.0749300283775776,9.458930268379335
987,32.9,-0.1508911103010177,0.019844195568511303,0.06714087465151526,-0.6074498795956699,0.07092333385876892,0.1599126346948906,-0.0037824592072536606,-0.22181444415978663,-0.7673625142905605,-1.529319502710289
988,32.93333333333333,0.0442559495568275,0.02676416347817437,0.029114767553881822,-1.1407832129290032,0.03315189039029766,-0.6576315038607881,-0.0040371228364158365,0.011104059166529838,-0.48315170906821514,-12.750069945173083
989,32.96666666666667,0.0138400616124272,0.023100585260280172,0.00886643823402616,-0.6074498795956699,0.012663985785272414,0.19052859861643534,-0.0037975475512462536,0.001176075827154786,-0.7979784782121052,-1.1681970308006377
990,33.0,-0.0188615713268518,0.011205627727028437,0.0063958866919482755,-0.07411654626233655,0.009243789515685262,0.5106618392791045,-0.002847902823736987,-0.028105360842537064,-0.584778385541441,4.431911571395339
991,33.03333333333333,-0.0071188756264746,0.006011204777024727,0.006011204777024727,-0.01154045744770646,0.008880794283482294,0.6430404047850384,-0.0028695895064575674,-0.015999669909956896,-0.6545808622327449,6.1600439361077495
992,33.06666666666666,-0.2181635200977325,-0.057535310685704055,-0.012151254915676599,-0.5448737907810398,-0.007969516917997323,0.4410363543118665,-0.004181737997679276,-0.21019400317973516,-0.9859101450929063,1.786600675425194
993,33.1,-0.2178287357091903,-0.10297347780075028,-0.048091492386155704,-1.0782071241143731,-0.04488202706694363,-0.7238920742241414,-0.003209465319212075,-0.17294670864224668,-0.35431504989023177,-12.953269027620694
994,33.13333333333333,-0.582690417766571,-0.2389582100684137,-0.09809149238615571,-1.5,-0.08996134976202484,-0.9095187234097462,-0.008130142624130865,-0.4927290680045462,-0.5904812765902538,-18.851358383054496
995,33.166666666666664,-0.3208498060703277,-0.262171913462097,-0.1480914923861557,-1.5,-0.13860638064907618,-1.337403706446163,-0.009485111737079527,-0.18224342542125152,-0.16259629355383698,-24.75617114895705
996,33.2,-0.397348403930664,-0.30049021605645637,-0.1980914923861557,-1.5,-0.18823327321217728,-1.455227107572129,-0.009858219173978416,-0.20911513071848672,-0.04477289242787097,-26.38213408449538
997,33.233333333333334,-0.0665220022201538,-0.23416755311288825,-0.23416755311288825,-1.0822818218019767,-0.2277169854012679,-0.5255422025558691,-0.006450567711620364,0.16119498318111408,-0.5567396192461076,-12.344996087838
998,33.266666666666666,-0.1522424519062042,-0.21094435204271986,-0.25246583606184303,-0.5489484884686434,-0.2484322490827122,0.17487121043357634,-0.004033586979130838,0.096189797176508,-0.7238196989022198,-1.3528795950580412
999,33.3,0.1147261708974838,-0.11862695572011163,-0.25298634123302005,-0.015615155135310088,-0.2507016752613809,0.39701209852021047,-0.002284665971639177,0.3654278461588647,-0.41262725365552055,3.5027943674826423
1000,33.333333333333336,0.0230394415557384,-0.07846896774859351,-0.2357290686264193,0.5177181781980232,-0.2389072174877672,-0.49547561254027306,0.0031781488613479014,0.2619466590435056,1.0131937907382964,-3.055200107458525
1001,33.36666666666667,0.0293922256678342,-0.04789369661089171,-0.20069401824204075,1.0510515115313566,-0.20288654554029292,0.7926910211948437,0.0021925272982521726,0.23227877120812712,0.25836049033651287,13.164252464997514
1002,33.4,0.0842464715242385,-0.010436096329067217,-0.15069401824204076,1.5,-0.15854413445460294,0.8210893302827937,0.00785011621256218,0.24279060597884145,0.6789106697172063,17.631032757902553
1003,33.43333333333333,0.1799098402261734,0.0435210168438515,-0.10069401824204076,1.5,-0.1101020212570941,1.3130535837010577,0.009408003015053346,0.2900118614832675,0.18694641629894226,24.420139455074597
1004,33.46666666666667,0.1570571362972259,0.07570495182783725,-0.050694018242040756,1.5,-0.06053100457951922,1.4485220013089875,0.00983698633747846,0.2175881408767451,0.05147799869101255,26.289603618064028
1005,33.5,0.2057511359453201,0.11256897320449982,-0.0006940182420407531,1.5,-0.010649130421926127,1.4858248989111704,0.009955112179885374,0.21640026636724624,0.014175101088829578,26.804383604974152
1006,33.53333333333333,0.1598442792892456,0.12597004226256567,0.04930598175795925,1.5,0.03931834217219371,1.4960967112943806,0.00998763958576554,0.1205259371170519,0.003903288705619401,26.94613461586245
1007,33.56666666666666,0.1334352642297744,0.12808619894988607,0.09930598175795925,1.5,0.08930938535028468,1.4989251813709175,0.009996596407674571,0.04412587887948971,0.0010748186290825412,26.98516750291866
1008,33.6,0.0921206697821617,0.11789109753219108,0.13152820398018147,0.9666666666666667,0.12694178452191177,0.6683577781887674,0.004586419458269708,-0.03482111473975007,0.29830888847789927,12.782963853112227
1009,33.63333333333333,0.1444768011569976,0.12542731209618865,0.14597264842462593,0.43333333333333335,0.14188763252863068,-0.4294367694431265,0.004085015895995248,0.002589168628366917,0.8627701027764598,-1.9542392709098877
1010,33.666666666666664,0.0545379631221294,0.10533240124823479,0.1426393150912926,-0.09999999999999998,0.14070552254764915,-0.41816488891730386,0.0019337925436434533,-0.08616755942551975,0.3181648889173039,-4.214129157593232
1011,33.7,0.1027955561876297,0.1046132851036277,0.12152820398018149,-0.6333333333333333,0.1253935711382995,0.5469775676984283,-0.0038653671581179994,-0.022598014950669792,-1.1803109010317616,3.0362021236533443
1012,33.733333333333334,0.0479095019400119,0.0885395380047295,0.0885395380047295,-0.98965997926356,0.09024704257990526,-0.8189572291735816,-0.0017075045751757667,-0.04233754063989336,-0.17070275008997837,-13.075319028444365
1013,33.766666666666666,0.1462545394897461,0.10489993383591896,0.07332864980705528,-0.45632664593022665,0.07605205572363152,0.18673222953319646,-0.0027234059165762436,0.07020248376611457,-0.6430588754634231,-0.2806030332493725
1014,33.8,0.2456675916910171,0.14480315732170088,0.07589553938715883,0.07700668740310668,0.07675631459817699,0.1661504557272075,-0.0008607752110181555,0.1689112770928401,-0.08914376832410081,1.7088623867014943
1015,33.833333333333336,0.2209163308143615,0.1663788588597352,0.09624020674504016,0.61034002073644,0.0922864387086938,-0.5319528115862879,0.003953768036346367,0.1286298921056677,1.142292832322728,-2.8589816029812
1016,33.86666666666667,0.1824229806661605,0.17092686504119706,0.13436265188069926,1.1436733540697732,0.13018124851951546,0.6481146717366131,0.004181403361183805,0.05224173214664504,0.49555868233316014,12.720884993325608
1017,33.9,0.2662424147129059,0.19794583898857526,0.18436265188069928,1.5,0.1759648741435617,0.994035074885547,0.008397777737137568,0.09027754056934417,0.505964925114453,20.017684033420547
1018,33.93333333333333,0.2177419960498809,0.203557429686419,0.2165848741029215,0.9666666666666667,0.2128920602910074,0.722759925768478,0.0036928138119140808,0.0048499357588734915,0.24390674089818865,12.949797105690008
1019,33.96666666666667,0.0991500616073608,0.17396120989060837,0.23102931854736594,0.43333333333333335,0.22746535033792542,-0.3334117362190576,0.003563968209440521,-0.12831528873056464,0.766745069552391,-1.081119885297308
1020,34.0,-0.1030570417642593,0.0954352091468628,0.22769598521403261,-0.09999999999999998,0.2262738006054721,-0.3020953470947503,0.0014221846085605283,-0.32933084236973137,0.2020953470947503,-3.093997076127412
1021,34.03333333333333,0.0439514406025409,0.0808411727508815,0.2065848741029215,-0.6333333333333333,0.21043226772856766,0.5105072286094763,-0.0038473936256461505,-0.16648082712602674,-1.1438405619428096,2.606025924173392
1022,34.06666666666666,-0.0524347200989723,0.043061630072625354,0.16769598521403262,-1.1666666666666665,0.17220405377900727,-0.6223949238910575,-0.004508068564974654,-0.22463877387797956,-0.544271742775609,-12.642011099932569
1023,34.1,0.0732886716723442,0.05163004994012921,0.11769598521403261,-1.5,0.12618371423917055,-1.022440744780402,-0.008487729025137933,-0.05289504256682635,-0.47755925521959797,-20.409682277969548
1024,34.13333333333333,-0.2238267213106155,-0.026453319999894934,0.06769598521403261,-1.5,0.07727956277167929,-1.3684981760989516,-0.009583577557646675,-0.3011062840822948,-0.13150182390104836,-25.185274830165532
1025,34.166666666666664,0.0548476353287696,-0.0034070447437794943,0.01769598521403261,-1.5,0.027581318164688944,-1.4637893528388424,-0.009885332950656335,0.027266317164080657,-0.03621064716115763,-26.500293069176024
1026,34.2,-0.2598664164543152,-0.07610524673363446,-0.032304014785967394,-1.5,-0.02233558977056927,-1.4900289522309857,-0.009968425015398123,-0.23753082668374592,-0.009971047769014252,-26.862399540787603
1027,34.233333333333334,-0.0964409038424491,-0.08186976880289096,-0.08186976880289096,-1.486972620507707,-0.07195870446943675,-1.4547737638640985,-0.009911064333454206,-0.024482199373012353,-0.03219885664360844,-26.37587794132456
1028,34.266666666666666,-0.3868763148784637,-0.16832957468534873,-0.13186976880289097,-1.5,-0.12189425833425865,-1.492266463778629,-0.00997551046863232,-0.26498205654420504,-0.0077335362213710734,-26.89327720014508
1029,34.3,-0.3229898810386657,-0.21217092903357976,-0.18186976880289096,-1.5,-0.1718765122970357,-1.4978704755332415,-0.009993256505855252,-0.15111336874163,-0.0021295244667585145,-26.97061256235873
1030,34.333333333333336,-0.5318639278411865,-0.3027938844243072,-0.23186976880289095,-1.5,-0.22187162570707575,-1.499413609204801,-0.009998143095815204,-0.3099923021341108,-0.0005863907951990655,-26.99190780702625
1031,34.36666666666667,-0.7510507106781006,-0.4298606594888227,-0.28186976880289094,-1.5,-0.2718702801243331,-1.4998385300708834,-0.009999488678557822,-0.47918043055376747,-0.00016146992911658664,-26.997771714978192
1032,34.4,-0.1298045367002487,-0.34480414360763545,-0.33186976880289093,-1.5,-0.32186990960154893,-1.4999555372658935,-0.009999859201341998,0.19206537290130024,-4.4462734106520685e-05,-26.99938641426933
1033,34.43333333333333,0.005615119356662,-0.24547125438544737,-0.36409199102511314,-0.9666666666666667,-0.35950374793862483,-0.668246756854147,-0.004588243086488308,0.3651188672952868,-0.29841990981251965,-12.782623387686032
1034,34.46666666666667,-0.1704540848731994,-0.22420623565934655,-0.37853643546955756,-0.43333333333333335,-0.3744503562440407,0.4296327327978775,-0.004086079225516848,0.2039962713708413,-0.8629660661312109,1.95602109173472
1035,34.5,-0.2253786623477935,-0.22453858191616893,-0.3752031021362242,0.09999999999999998,-0.37326826552725834,0.4184017581589561,-0.001934836608965873,0.14788960317946484,-0.3184017581589561,4.216415070266965
1036,34.53333333333333,0.0775535628199577,-0.13890491756186596,-0.35409199102511313,0.6333333333333333,-0.35795739486276773,-0.5470519946447847,0.003865403837654602,0.4355109576827254,1.180385327978118,-3.0370800069338943
1037,34.56666666666666,0.1296596825122833,-0.06277526235257244,-0.31520310213622427,1.1666666666666665,-0.3197212369003492,0.621782100042002,0.004518134764124937,0.4493809194126325,0.5448845666246646,12.640131773462157
1038,34.6,0.0768813118338584,-0.023186996298190515,-0.2652031021362243,1.5,-0.27369360301330214,1.0233160664456429,0.008490500877077867,0.3505749148471605,0.4766839335543571,20.42176171694987
1039,34.63333333333333,0.1075877323746681,0.013883544648773019,-0.2152031021362243,1.5,-0.22478744295744862,1.3687392067024193,0.009584340821224335,0.3323751753321167,0.13126079329758067,25.188601052493386
1040,34.666666666666664,0.0985949039459228,0.03789656264824892,-0.1652031021362243,1.5,-0.17508864526090925,1.463855723584721,0.009885543124684953,0.273683549206832,0.036144276415279064,26.501208985469148
1041,34.7,0.1419716626405716,0.06739859484497446,-0.1152031021362243,1.5,-0.1251715850256303,1.4900472282334716,0.009968482889406008,0.2671432476662019,0.009952771766528423,26.862651749621907
1042,34.733333333333334,0.1589980721473693,0.09336417862801026,-0.0652031021362243,1.5,-0.07519442351156798,1.4972593816874797,0.009991321375343684,0.2341924956589373,0.00274061831252026,26.96217946728722
1043,34.766666666666666,0.1254311203956604,0.10245415258479267,-0.015203102136224292,1.5,-0.025200712370014585,1.4992453369864083,0.009997610233790293,0.150631832765675,0.0007546630135917276,26.989585650412433
1044,34.8,0.0627870857715606,0.09120978114186383,0.03479689786377571,1.5,0.0247975559153407,1.4997921942426342,0.00999934194843501,0.037989529856219895,0.00020780575736578655,26.997132280548353
1045,34.833333333333336,0.1153969168663024,0.09806607680664431,0.08479689786377571,1.5,0.07479707906638056,1.499942778124784,0.009999818797395157,0.04059983779992184,5.7221875215951457e-05,26.99921033812202
1046,34.86666666666667,0.1602073609828949,0.11568118519134779,0.11701912008599794,0.9666666666666667,0.11243089958192977,0.668248131657631,0.004588220504068166,0.04777646140096513,0.2984185350090357,12.782627603750063
1047,34.9,0.1353718340396881,0.12126286761433855,0.1314635645304424,0.43333333333333335,0.12737749847238686,-0.4296303061372406,0.004086066058055532,0.007994335567301253,0.862963639470574,-1.9559990270254146
1048,34.93333333333333,0.1027539372444152,0.11601616537969539,0.12813023119710906,-0.09999999999999998,0.12619540751705136,-0.41839882495103586,0.0019348236800577068,-0.023441470272636156,0.3183988249510359,-4.216386763268925
1049,34.96666666666667,0.0971835181117057,0.11067769954021224,0.11067769954021224,-0.5235759497069047,0.11398236574830217,0.5042991446461167,-0.003304666208089932,-0.016798847636596476,-1.0278750943530213,3.078977437293557
1050,35.0,0.0160834249109029,0.08386318448381887,0.08386318448381887,-0.8044354516918012,0.08660617645180384,-0.2838423789013318,-0.00274299196798497,-0.07052275154090093,-0.5205930727904694,-6.763513919806512
1051,35.03333333333333,0.0522124096751213,0.07489118082947324,0.07482644720520328,-0.27110211835846787,0.07776725973900338,0.3877447297908111,-0.0029408125338001023,-0.025554850063882077,-0.658846848149279,2.4483505816195343
1052,35.06666666666666,0.0589381791651248,0.07036900435526623,0.07036900435526623,-0.1337232854981113,0.07413843477312038,0.7646433577670818,-0.0037694304178541443,-0.015200255607995573,-0.8983666432651931,6.855358088119657
1053,35.1,0.0863196700811386,0.07489051866405486,0.07489051866405486,0.13564542926365875,0.07741765162138764,0.647775736785451,-0.002527132957332784,0.008902018459750957,-0.5121303075217922,6.740751162257031
1054,35.13333333333333,-0.0582746230065822,0.037142370477423685,0.061634255195065706,-0.3976879040696746,0.06663520577104717,0.858908051982729,-0.005000950575981468,-0.12490982877762938,-1.2565959560524036,6.715495313225345
1055,35.166666666666664,-0.3250518441200256,-0.06552834885227099,0.030600213948298777,-0.9310212374030079,0.03258940433160114,-0.7431541776472501,-0.0019891903833023604,-0.3576412484516267,-0.1878670597557578,-12.18120426479911
1056,35.2,-0.0983845517039299,-0.07484205361415247,-0.01821160507624593,-1.4643545707363412,-0.010637035368337381,-0.6871727639926221,-0.0075745697079085475,-0.08774751633559252,-0.7771818067437192,-15.782984143098183
1057,35.233333333333334,-0.1419286876916885,-0.09385901385412737,-0.06821160507624593,-1.5,-0.05887947718566242,-1.2890930180790046,-0.009332127890583512,-0.0830492105060261,-0.21090698192099544,-24.089483649490262
1058,35.266666666666666,-0.4703380763530731,-0.200579040297112,-0.11821160507624594,-1.5,-0.1083955118889838,-1.4419241643985665,-0.009816093187262134,-0.36194256446408934,-0.05807583560143348,-26.19855346870022
1059,35.3,-0.5073403120040894,-0.28753625595460663,-0.16821160507624594,-1.5,-0.15826224608265202,-1.4840081032401853,-0.00994935899359392,-0.3490780659214373,-0.015991896759814717,-26.779311824714558
1060,35.333333333333336,-0.4223374426364898,-0.325748171676418,-0.21821160507624593,-1.5,-0.20822554970119833,-1.4955964342255545,-0.009986055375047598,-0.21411189293529148,-0.00440356577444545,-26.939230792312653
1061,35.36666666666667,-0.2164665758609771,-0.2947702609322101,-0.2682116050762459,-1.5,-0.2582154449005082,-1.4987874239171788,-0.009996160175737734,0.041748869039531095,-0.001212576082821215,-26.983266450057066
1062,35.4,-0.3433900475502014,-0.3085524481249941,-0.3085524481249941,-1.2102252914624456,-0.30033834968715994,-0.5547485743982096,-0.00821409843783416,-0.04305169786304147,-0.655476717064236,-13.955530326695293
1063,35.43333333333333,-0.437711238861084,-0.3451649212628277,-0.3451649212628277,-1.0983741941350085,-0.3393630450258669,-0.5609520738711832,-0.0058018762369608234,-0.09834819383521709,-0.5374221202638253,-12.45358635987165
1064,35.46666666666667,0.0874436497688293,-0.22253393659793813,-0.36399961662288355,-0.5650408608016751,-0.3600314922867148,0.1780952861210504,-0.003968124336168721,0.4474751420555441,-0.7431361469227256,-1.3148508664879444
1065,35.5,0.0670561119914054,-0.14044422505344423,-0.3650565342051616,-0.03170752746834182,-0.362620640394043,0.42723575211246134,-0.0024358938111185835,0.42967675238544845,-0.45894327958080317,3.7478701738706794
1066,35.53333333333333,0.0038878337945789,-0.09953060548960838,-0.34833567400966187,0.5016258058649915,-0.351191628023751,-0.4290664867331313,0.0028559540140891126,0.3550794618183299,0.9306922925981228,-2.4671988992612675
1067,35.56666666666666,-0.0511709339916706,-0.08582215278900587,-0.31383703603638435,1.0349591391983248,-0.31557924918706637,0.8241879183129037,0.0017422131506820149,0.26440831519539576,0.2107712208854211,13.260842949492892
1068,35.6,0.1645558476448059,-0.014847829144878033,-0.26383703603638436,1.5,-0.2715631527010649,0.7819315783201716,0.007726116664680538,0.4361190003458708,0.7180684216798284,17.090655780818366
1069,35.63333333333333,0.089577130973339,0.014753377443217273,-0.21383703603638438,1.5,-0.22321089424839785,1.302271014320043,0.009373858212013475,0.3127880252217369,0.1977289856799569,24.271339997616593
1070,35.666666666666664,0.2058394253253936,0.06892028900401195,-0.1638370360363844,1.5,-0.1736646201817214,1.4455528880011679,0.00982758414533702,0.37950404550711503,0.05444711199883212,26.248629854416116
1071,35.7,0.2153800874948501,0.11043705613583676,-0.11383703603638438,1.5,-0.1237895592068395,1.4850073169858253,0.009952523170455113,0.3391696467016896,0.014992683014174668,26.79310097440439
1072,35.733333333333334,0.1921885013580322,0.13361103117167117,-0.06383703603638438,1.5,-0.0738239627065097,1.4958715800395759,0.009986926670125323,0.26601246406454193,0.004128419960424123,26.943027804546148
1073,35.766666666666666,0.1233051195740699,0.13068962791775676,-0.013837036036384379,1.5,-0.023833436133955124,1.4988631887065507,0.009996400097570746,0.14713855570802503,0.0011368112934493357,26.9843120041504
1074,35.8,0.0700659751892089,0.11350472053056558,0.036162963963615624,1.5,0.026163955241096142,1.4996869650061517,0.009999008722519482,0.043902019948112755,0.00031303499384827127,26.995680117084895
1075,35.833333333333336,-0.0286894869059324,0.07319711490454275,0.07319711490454275,1.111024528227814,0.0661851902579479,0.4840761558428639,0.00701192464659485,-0.0948746771638803,0.62694837238495,12.217833544584783
1076,35.86666666666667,0.1069283783435821,0.0827588719442975,0.0924534880676921,0.5776911948944806,0.08859725014662563,-0.058019060511527276,0.0038562379210664716,0.018331128196956467,0.6357102554060079,2.7311780976282134
1077,35.9,0.1188500076532363,0.0929895788836139,0.09393208345306368,0.044357861561147294,0.09179686071762265,-0.3333840933199531,0.0021352227354410336,0.027053146935613656,0.3777419548811004,-2.751369204250857
1078,35.93333333333333,0.308883786201477,0.15418882688671917,0.11318845661621305,0.5776911948944806,0.10916089304879707,-0.40565825869300665,0.004027563567415973,0.19972289315267994,0.9833494535874873,-1.3693077437351282
1079,35.96666666666667,0.2322482019662857,0.1763162156379529,0.15022260755714018,1.111024528227814,0.14654822030977457,0.687263325581735,0.0036743872473656014,0.08569998165651113,0.42376120264607897,12.840940865117311
1080,36.0,0.220301479101181,0.18878466062594076,0.18878466062594076,1.1568615920640177,0.18453794171168786,0.6407929204238341,0.004246718914252906,0.035763537389493144,0.5160686716401837,12.698431622633102
1081,36.03333333333333,0.1684292405843734,0.18301453638403764,0.20956893591696357,0.6235282587306844,0.2058669271613804,-0.1326064365213946,0.003702008755583186,-0.037437686577006996,0.756134695252079,1.8514025116966089
1082,36.06666666666666,0.0026156906969845,0.13187711202312746,0.2125754334302086,0.09019492539735108,0.20978565643298772,-0.4822091732107545,0.002789776997220883,-0.20716996573600321,0.5724040986081056,-4.08376616598437
1083,36.1,0.1077134683728218,0.12502747562581334,0.19780415316567584,-0.44313840793598225,0.19974204695777806,0.2488730201739794,-0.0019378937921022132,-0.09202857858495626,-0.6920114281099616,0.9295667348327069
1084,36.13333333333333,-0.0719626173377037,0.06918695214349775,0.16525509512336534,-0.9764717412693156,0.16710264021487908,-0.6463009178215211,-0.001847545091513747,-0.2390652575525828,-0.33017082344779447,-11.038797359355836
1085,36.166666666666664,-0.138110339641571,0.010424660519581519,0.11525509512336533,-1.5,0.12301021623552129,-0.7910908775229318,-0.007755121112155955,-0.26112055587709226,-0.7089091224770682,-17.21705410981646
1086,36.2,0.0641998648643493,0.025668247218819516,0.06525509512336533,-1.5,0.07463694006729234,-1.3047931401874755,-0.009381844943927006,-0.010437075202943041,-0.1952068598125245,-24.30614533458716
1087,36.233333333333334,-0.1860588639974594,-0.03434975951365664,0.015255095123365328,-1.5,0.025084878513722042,-1.4462473864284364,-0.009829783390356714,-0.21114374251118145,-0.05375261357156358,-26.258213932712422
1088,36.266666666666666,-0.1126334890723228,-0.05654074573504765,-0.034744904876634675,-1.5,-0.024791776116971233,-1.4851985556831926,-0.009953128759663442,-0.08784171295535156,-0.01480144431680741,-26.795740068428056
1089,36.3,-0.3068195283412933,-0.1274869442316276,-0.08474490487663468,-1.5,-0.07475781145006069,-1.4959242399707344,-0.009987093426573987,-0.2320617168912326,-0.004075760029265574,-26.943754511596136
1090,36.333333333333336,0.0217157788574695,-0.08519264385873941,-0.1169671270988569,-0.9666666666666667,-0.11238601901061632,-0.6686811310428512,-0.004581108088240582,0.13410179786808582,-0.29798553562381547,-12.783955468531413
1091,36.36666666666667,-0.1775839179754257,-0.11138267724701426,-0.13141157154330135,-0.43333333333333335,-0.12732965262534937,0.4288660204940893,-0.004081918917951982,-0.05025426535007632,-0.8621993538274226,1.949049666126732
1092,36.4,-0.2622986137866974,-0.15416261999144742,-0.15416261999144742,-0.6825314534443822,-0.1507784007751433,-0.013373869054180254,-0.003384219216304135,-0.1115202130115541,-0.6691575843902019,-3.5732744388607496
1093,36.43333333333333,-0.4729926288127899,-0.2445409447417806,-0.19469144621737128,-1.2158647867777155,-0.18961608452078157,-0.5753786824793337,-0.005075361696589703,-0.2833765442920083,-0.6404861042983818,-12.49782795960328
1094,36.46666666666667,-0.5655884146690369,-0.33554785028566075,-0.24469144621737127,-1.5,-0.23604750604004948,-1.0717705823121444,-0.008643940177321785,-0.3295409086289874,-0.4282294176878556,-21.09043403590759
1095,36.5,-0.5994893908500671,-0.4103670128745881,-0.29469144621737126,-1.5,-0.2850648539946305,-1.3820817545497166,-0.00962659222274076,-0.31442453685543664,-0.1179182454502834,-25.37272821278609
1096,36.53333333333333,-0.399750143289566,-0.4073574627675129,-0.34469144621737124,-1.5,-0.33479426864879047,-1.4675297584991926,-0.009897177568580773,-0.06495587464077551,-0.03247024150080735,-26.55191066728886
1097,36.56666666666666,-0.0280937943607568,-0.2998480877372728,-0.37691366843959345,-0.9666666666666667,-0.3723828157804896,-0.671740649840354,-0.004530852659103857,0.3442890214197328,-0.2949260168263127,-12.793337992843762
1098,36.6,0.0447643399238586,-0.202161254508187,-0.3913581128840379,-0.43333333333333335,-0.3873054971326396,0.4234656749700576,-0.004052615751398259,0.4320698370564982,-0.856799008303391,1.8999463624596946
1099,36.63333333333333,-0.2837826013565063,-0.22529835072848226,-0.3880247795507045,0.09999999999999998,-0.38612280016255796,0.4109473730633779,-0.0019019793881465685,0.10234019880605166,-0.31094737306337794,4.144476336280034
1100,36.666666666666664,-0.0578615553677082,-0.177835261785839,-0.3669136684395934,0.6333333333333333,-0.3707779179551884,-0.5447097440606372,0.0038642495155949974,0.3129163625874802,1.1780430773939705,-3.0094526121882534
1101,36.7,-0.1006339341402053,-0.15595110261616774,-0.3280247795507045,1.1666666666666665,-0.33254226914553714,0.621821377541192,0.004517489594832613,0.23190833500533184,0.5448452891254745,12.64025222445965
1102,36.733333333333334,0.0822212845087051,-0.08843668818036793,-0.27802477955070454,1.5,-0.28651510277247005,1.0232599647680496,0.008490323221765517,0.36873638728117514,0.4767400352319504,20.420987513799084
1103,36.766666666666666,-0.0167891662567853,-0.06812685904005426,-0.22802477955070455,1.5,-0.2376090714523501,1.368723758414389,0.009584291901645559,0.2208199051955648,0.13127624158561102,25.188387866118568
1104,36.8,0.0793265625834465,-0.026328430861030018,-0.17802477955070456,1.5,-0.18791030920478086,1.4638514697083056,0.009885529654076297,0.26723687178822736,0.0361485302916944,26.501150281974617
1105,36.833333333333336,0.1382954567670822,0.02033728681315873,-0.12802477955070457,1.5,-0.13799325873081253,1.490046056876196,0.009968479180107959,0.2762887154978947,0.009953943123804043,26.862635584891503
1106,36.86666666666667,0.1060270592570304,0.04462765430505326,-0.07802477955070457,1.5,-0.08801609990464734,1.4972590591398223,0.009991320353942776,0.19404315916167775,0.002740940860177732,26.962175016129546
1107,36.9,0.1995148062705993,0.08853331228168493,-0.028024779550704565,1.5,-0.03802238950323954,1.499245248168938,0.009997609952534972,0.23753719577383886,0.000754751831061995,26.989584424731344
1108,36.93333333333333,0.2879600822925567,0.1450645574131691,0.021975220449295438,1.5,0.011975878578307547,1.4997921697856498,0.009999341870987891,0.27598420371424914,0.0002078302143502242,26.997131943041968
1109,36.96666666666667,0.174354538321495,0.15336734991457096,0.07197522044929544,1.5,0.06197540167322631,1.4999427713902522,0.009999818776069133,0.1123791366482687,5.722860974777255e-05,26.99921024518548
1110,37.0,0.0622622668743133,0.12754191142508303,0.12197522044929544,1.5,0.11197527035153727,1.499984241397317,0.00999995009775817,-0.049713003477223974,1.575860268299145e-05,26.999782531282975
1111,37.03333333333333,0.0884077921509742,0.11644861392260239,0.15419744267151766,0.9666666666666667,0.14960914878155032,0.6682436639704219,0.004588293889967343,-0.06120135663057612,0.2984230026962448,12.782613902842629
1112,37.06666666666666,0.0611723698675632,0.10077952946391705,0.16864188711596212,0.43333333333333335,0.16455577826771928,-0.4296381920357153,0.004086108848242842,-0.10338340840015608,0.8629715253690486,-1.9560707305239586
1113,37.1,0.1066766902804374,0.10245118991191168,0.1653085537826288,-0.09999999999999998,0.16337368808760788,-0.41840835697192946,0.0019348656950209098,-0.05669699780717048,0.3184083569719295,-4.2164787522803095
1114,37.13333333333333,0.0790462717413902,0.09581662843198625,0.14419744267151768,-0.6333333333333333,0.1480628475310078,0.5470540680651048,-0.003865404859490107,-0.06901657578961759,-1.1803874013984381,3.0371044634126654
1115,37.166666666666664,0.0927332714200019,0.09494259326076593,0.1053085537826288,-1.1666666666666665,0.10982668911787415,-0.621782065272548,-0.004518135335245352,-0.017093417697872246,-0.5448846013941185,-12.640131666835806
1116,37.2,0.0867577940225601,0.09262245894749507,0.08419744267151769,-0.6333333333333332,0.08783614419901292,0.08704725508045275,-0.003638701527495236,-0.0010783501764528164,-0.7203805884137859,-2.3887837374614933
1117,37.233333333333334,0.1939021646976471,0.12133208440196293,0.08086410933818436,-0.09999999999999987,0.08358341188438947,0.4550388081308224,-0.0027193025462051157,0.11031875281325762,-0.5550388081308223,3.7721763988747288
1118,37.266666666666666,0.149784967303276,0.12939758582839558,0.09530855378262881,0.43333333333333346,0.0933568383844191,-0.2592253327414924,0.001951715398209708,0.0564281289188569,0.6925586660748259,-1.0692789486226868
1119,37.3,0.0085368258878588,0.09513734460499576,0.09513734460499576,-0.00513627532899158,0.09359863384807882,-0.33116596835159795,0.0015387107569169445,-0.08506180796022002,0.32602969302260637,-3.1643676145733446
1120,37.333333333333336,0.097228430211544,0.095730101901362,0.095730101901362,0.017782718890987093,0.0938819242343311,-0.42096093199255,0.0018481776670308953,0.0033465059772128936,0.4387436508835371,-4.025914229633326
1121,37.36666666666667,0.1196429952979087,0.10250865845286979,0.10250865845286979,0.20335669654523367,0.0983353017417482,-0.8724868167075508,0.004173356711121581,0.021307693556160495,1.0758435132527844,-7.776285674242987
1122,37.4,0.1114876642823219,0.10505392546769489,0.10505392546769489,0.0763580104447531,0.09983399769082163,-1.171070672891124,0.005219927776873259,0.011653666591500272,1.247428683335877,-11.095314182188444
1123,37.43333333333333,0.0621937476098537,0.09290440702175835,0.09290440702175835,-0.36448555337809607,0.09086555779552008,-0.6668211221077459,0.0020388492262382735,-0.028671810185666377,0.30233556872964984,-7.760384899419449
1124,37.46666666666667,-0.0307145603001117,0.05786230036680628,0.06297711079804404,-0.8978188867114294,0.06539570449895594,-0.15255998970427498,-0.0024185937009119085,-0.09611026479906765,-0.7452588970071544,-5.215007362033759
1125,37.5,-0.0511676669120788,0.026955718434078083,0.026955718434078083,-1.0806417709189786,0.02922061812386992,-0.7807790510647914,-0.002264899689791839,-0.08038828503594872,-0.2998627198541872,-13.127722423265356
1126,37.53333333333333,-0.084804430603981,-0.004724784543818514,-0.004724784543818514,-0.9504150893368979,-0.0027458304569959596,-0.5999567500859205,-0.001978954086822554,-0.08205860014698504,-0.35045833925097736,-10.492157036217142
1127,37.56666666666666,-0.2538508474826813,-0.07534422310700963,-0.054183065299492884,-1.483748422670231,-0.04649185939681931,-0.7495234727788012,-0.007691205902673574,-0.20735898808586195,-0.73422494989143,-16.643423924347456
1128,37.6,-0.0844828113913536,-0.07793472675117834,-0.08586356827738947,-0.9504150893368978,-0.08283857661607896,-0.7675389573713984,-0.003024991661310511,-0.0016442347752746306,-0.18287613196549934,-13.087119469272292
1129,37.63333333333333,0.0440849177539348,-0.04334597803906178,-0.09976629347750829,-0.41708175600356445,-0.0967727881923558,0.2269729632920554,-0.0029935052851524924,0.1408577059462906,-0.6440547192956199,0.14652341436682148
1130,37.666666666666664,-0.2153617590665817,-0.09210706604755889,-0.09589124089984932,0.11625157732976887,-0.09520115212806064,0.14297255068043938,-0.00069008877178868,-0.12016060693852106,-0.0267209733506705,1.6123031347433627
1131,37.7,-0.1732111722230911,-0.11509754073222125,-0.10979396609996814,-0.41708175600356445,-0.10483483523623939,0.9380191412223782,-0.004959130863728747,-0.06837633698685171,-1.3551008972259426,7.64862915721916
1132,37.733333333333334,-0.6947885751724243,-0.27942179853711,-0.14147446907786473,-0.9504150893368978,-0.13959016725925524,-0.7920169543154985,-0.0018843018186094906,-0.5551984079131691,-0.15839813502139932,-12.757552170748585
1133,37.766666666666666,-0.1018665060400962,-0.229090432472294,-0.1909327498335391,-1.483748422670231,-0.18326760759892421,-0.7412928407602721,-0.007665142234614897,0.08140110155882802,-0.742455581909959,-16.529841202491756
1134,37.8,-0.1184956952929496,-0.197740287266629,-0.2226132528114357,-0.9504150893368978,-0.21960282855628024,-0.7684258118611067,-0.003010424255155464,0.10110713326333065,-0.18198927747579108,-13.089839156374046
1135,37.833333333333336,-0.3010530769824981,-0.22702622836835212,-0.23651597801155452,-0.41708175600356445,-0.23353096675652274,0.2254075796513727,-0.002985011255031783,-0.06752211022597537,-0.6424893356549372,0.13228997172471835
1136,37.86666666666667,-0.0841652601957321,-0.18652961695029993,-0.23264092543389556,0.11625157732976887,-0.2319591768070163,0.14108040489459414,-0.0006817486268792528,0.14779391661128422,-0.024828827564825268,1.5940429334514823
1137,37.9,-0.0294916424900293,-0.14201426813990026,-0.2109880950784588,0.6495849106631022,-0.2147203508932917,-0.414280766806048,0.0037322558148328855,0.1852287084032624,1.0638656774691502,-1.4710122483465737
1138,37.93333333333333,-0.3884606063365936,-0.2118740886424056,-0.20711304250079984,0.11625157732976887,-0.21109366363328283,-0.7963273834158282,0.0039806211324829865,-0.17736694270331074,0.9125789607455971,-7.161818035599737
1139,37.96666666666667,-0.3959519565105438,-0.2640544005993579,-0.22101576770091866,-0.41708175600356445,-0.2208219636272191,-0.15425882986529202,-0.0001938040736995661,-0.17512999288332473,-0.2628229261382724,-2.9193716872356683
1140,38.0,-0.2716445028781891,-0.2662059569449491,-0.2526962706788152,-0.9504150893368978,-0.2506445559842001,-0.45231721163294103,-0.0020517146946151255,-0.020999946893988986,-0.49809787770395675,-8.750714068281674
1141,38.03333333333333,-0.1835551559925079,-0.24277704271893397,-0.26659899587893404,-0.41708175600356445,-0.2629629105040264,0.4722556562298983,-0.003636085374907616,0.07940775451151852,-0.8893374122334627,2.7538902908597382
1142,38.06666666666666,-0.3196041584014892,-0.26455512451386376,-0.26455512451386376,0.06131614095210847,-0.2622571288009459,0.5088357427282519,-0.002297995712917833,-0.057347029600543276,-0.44751960177614347,5.020272609752654
1143,38.1,-0.3664763867855072,-0.29344661115467163,-0.28028903092657126,-0.47201719238122486,-0.27568765940215945,0.6765441387466022,-0.0046013715244118125,-0.09078872738334776,-1.148561331127827,4.56447020411212
1144,38.13333333333333,-0.7285932898521423,-0.4167970698732121,-0.31380071511705654,-1.005350525714558,-0.31158016814008976,-0.8025778973596602,-0.002220546976966775,-0.41701312171205257,-0.20277262835489784,-13.194572218569613
1145,38.166666666666664,0.0189546048641204,-0.293275113720144,-0.32953462152976404,-0.47201719238122475,-0.3263981151986786,0.25774466204917756,-0.00313650633108542,0.34535272006279905,-0.7297618544304023,0.3140548411719979
1146,38.2,-0.2530088722705841,-0.2818608950283179,-0.32749075016469376,0.06131614095210858,-0.32607894551197025,0.283151330545353,-0.0014118046527235029,0.07307007324138615,-0.22183518959324444,2.782819695739337
1147,38.233333333333334,-0.1918297260999679,-0.25633987756468873,-0.3076691010218457,0.5946494742854419,-0.3117282759937986,-0.6131775363136511,0.004059174971952906,0.1198985498938307,1.2078270105990931,-3.817046273062859
1148,38.266666666666666,-0.0799225196242332,-0.2063310803172731,-0.27006967410121985,1.1279828076187752,-0.27404650461360963,0.6645490649568497,0.003976830512389784,0.19412398498937644,0.4634337426619255,12.77128379920098
1149,38.3,0.0266644824296236,-0.14028413350328783,-0.22006967410121986,1.5,-0.22841112018434168,0.9762461315121513,0.008341446083121817,0.2550756026139653,0.5237538684878487,19.77219661486769
1150,38.333333333333336,0.0789376869797706,-0.07814161135732722,-0.17006967410121987,1.5,-0.17961297084874617,1.3557779202714584,0.009543296747526298,0.2585506578285168,0.14422207972854162,25.009735299746126
1151,38.36666666666667,0.0097737880423665,-0.053220348309114165,-0.12006967410121987,1.5,-0.12994391523459667,1.4602866736979363,0.009874241133376802,0.13971770327696317,0.0397133263020637,26.45195609703152
1152,38.4,0.1213996708393096,-0.0037210403335306633,-0.07006967410121986,1.5,-0.08003504484809174,1.4890644463805924,0.009965370746871871,0.20143471568740134,0.010935553619407568,26.849089360052176
1153,38.43333333333333,0.1146088019013404,0.029821764964798513,-0.02006967410121986,1.5,-0.030060138509778782,1.4969887605975551,0.00999046440855892,0.1446689404111192,0.003011239402444854,26.95844489624626
1154,38.46666666666667,0.2094059884548187,0.08072826943913826,0.02993032589878014,1.5,0.019932951641350873,1.4991708181355583,0.009997374257429269,0.18947303681346783,0.0008291818644416971,26.988557290270705
1155,38.5,0.1616828441619873,0.10367635663888053,0.07993032589878014,1.5,0.0699310489293431,1.4997716745590672,0.009999276969437046,0.0917517952326442,0.00022832544093276397,26.99684910891513
1156,38.53333333333333,0.0440203882753849,0.08676575747042893,0.11215254812100237,0.9666666666666667,0.10756463045335439,0.6682665681476991,0.0045879176676479755,-0.06354424217796949,0.29840009851896754,12.782684142319605
1157,38.56666666666666,0.1992683708667755,0.11865672584691495,0.12659699256544682,0.43333333333333335,0.12251110308664274,-0.42959776395554217,0.004085889478804075,0.07675726778013277,0.8629310972888755,-1.955703133249199
1158,38.6,0.2412510961294174,0.15340839132192752,0.15340839132192752,0.8043419626944209,0.15069233216347547,0.3392825246912786,0.00271605915845205,0.09055876396594192,0.4650594380031423,7.417443436512289
1159,38.63333333333333,0.197858989238739,0.16600874405761754,0.16600874405761754,0.37801058207070054,0.16215400465203897,-0.5373586079694876,0.0038547394055785666,0.035704984586700045,0.9153691900401881,-3.5087713757622185
1160,38.666666666666664,-0.0494234450161457,0.10494046376065824,0.16083131901552977,-0.15532275126263279,0.15920878284138643,-0.4024177526529904,0.0016225361741433464,-0.20863222785753213,0.24709500139035762,-4.320931087316816
1161,38.7,0.1105083674192428,0.10651879011360861,0.13787611619566423,-0.6886560845959662,0.1414271531668882,0.3768998567346,-0.0035510369712239698,-0.030918785747645394,-1.0655559413305662,1.0300956506583225
1162,38.733333333333334,0.2288835048675537,0.14120535543692153,0.13269869115357646,-0.15532275126263284,0.13689178665008273,0.8263431805178396,-0.004193095496506261,0.09199171821747099,-0.9816659317804725,7.3183819520188385
1163,38.766666666666666,0.154878094792366,0.14508114894287555,0.14508114894287555,0.3714737336789725,0.1455371844055085,0.2795539215175283,-0.00045603546263295325,0.009340910386857498,0.09191981216144424,3.970979887394991
1164,38.8,0.1455292254686355,0.14520816460839536,0.14520816460839536,0.0038104699655944207,0.14624838243518754,0.27702392649922286,-0.0010402178267921725,-0.0007191569665520314,-0.27321345653362844,2.781193246049849
1165,38.833333333333336,0.1779161244630813,0.1544798471222083,0.1544798471222083,0.2781504754143882,0.15290592285454396,-0.2161338879921092,0.0015739242676643395,0.02501020160853734,0.4942843634064974,-1.1105568776514896
1166,38.86666666666667,0.1213820874691009,0.14509766857039824,0.14597375185824346,-0.2551828579189451,0.14730116951734817,0.20246617116888233,-0.0013274176591047127,-0.025919082048247277,-0.45764902908782745,1.1331217371261193
1167,38.9,0.0680870115756988,0.12326755856025934,0.12326755856025934,-0.6811857989395237,0.12675592711963457,0.18657995450770004,-0.0034883685593752323,-0.05866891554393577,-0.8677657534472237,-1.2147722137637422
1168,38.93333333333333,0.1426960080862045,0.1287749156849623,0.118339143040053,-0.14785246560619036,0.12181591643120612,0.6311898363183621,-0.0034767733911531262,0.02088009165499838,-0.7790423019245525,5.373286104586571
1169,38.96666666666667,0.1865352541208267,0.14514816312219117,0.13118850529762444,0.38548086772714296,0.1305925837794316,0.034425299405304394,0.000595921518192849,0.055942670341395107,0.3510555683218386,1.6217120552120312
1170,39.0,0.2358791679143905,0.17086756214095916,0.16181564533297366,0.9188142010604763,0.15960475529500512,0.39650649184443687,0.002210890037968538,0.07627441261938539,0.5223077092160394,8.092413544387389
1171,39.03333333333333,-0.149403303861618,0.08008079949381107,0.1746650075905451,0.38548086772714296,0.1711132523832692,-0.4725126945627658,0.0035517552072759084,-0.3205165562448872,0.8579935622899088,-2.875322242339829
1172,39.06666666666666,0.0647115111351013,0.0757240874653541,0.16973659207033875,-0.14785246560619036,0.1683635540516858,-0.34067695517472263,0.0013730380186529612,-0.10365204291658449,0.19282448956853226,-3.695644803055791
1173,39.1,0.0873007997870445,0.07900572293504794,0.14703039877235463,-0.6811857989395237,0.1506136382758349,0.37908387696257695,-0.0035832395034802733,-0.06331283848879041,-1.0602696759021006,1.0558566812582026
1174,39.13333333333333,0.1076925620436668,0.0871375436209487,0.10654642769659273,-1.214519132272857,0.11171042789486534,-0.5703237706109209,-0.005164000198272609,-0.004017865851198538,-0.6441953616619361,-12.482326229873493
1175,39.166666666666664,0.0738080665469169,0.08335905422403618,0.08335905422403618,-0.6956212041766964,0.08663347289383551,-0.12550252084727787,-0.0032744186697993283,-0.012825406346918602,-0.5701186833294185,-4.895858173646418
1176,39.2,0.0371647849678993,0.07026442525899756,0.07026442525899756,-0.3928388689511585,0.07517875781798607,0.7934579433454569,-0.004914332558988502,-0.038013972850086765,-1.1862968122966153,5.984345583268407
1177,39.233333333333334,-0.0355487205088138,0.04026971150413148,0.04026971150413148,-0.8998414126459826,0.04243293806702329,-0.6536291925541723,-0.0021632265628918138,-0.0779816585758371,-0.24621222009181032,-11.125236077831904
1178,39.266666666666666,0.058740459382534,0.0455055901979442,0.028052775527043168,-0.3665080793126493,0.030559412112532946,0.19388800393514616,-0.0025066365854897778,0.028181047270001054,-0.5603960832477954,0.1295054761268597
1179,39.3,-0.0384548045694828,0.021705447129514388,0.021705447129514388,-0.19041985192586341,0.02526590608922114,0.6691006043846647,-0.0035604589597067506,-0.06372071065870394,-0.8595204563105281,5.687677939057895
1180,39.333333333333336,-0.1872746646404266,-0.03753387127005382,-0.0024196590457921698,-0.7237531852591967,0.0007568158709153995,-0.08639574983762333,-0.003176474916707569,-0.188031480511342,-0.6373574354215734,-4.4345846415897245
1181,39.36666666666667,-0.1033859252929687,-0.05620086671995353,-0.0443225429988765,-1.25708651859253,-0.038671069166733754,-0.5298488685242078,-0.005651473832142748,-0.06471485612623494,-0.7272376500683222,-12.358203196807569
1182,39.4,-0.3614640235900879,-0.1427334137280383,-0.0943225429988765,-1.5,-0.08551996324799661,-1.1218672897515443,-0.00880257975087989,-0.2759440603420913,-0.37813271024845574,-21.78176859857131
1183,39.43333333333333,-0.134475365281105,-0.14039251555756796,-0.14039251555756796,-1.3820991767607436,-0.13144844069684283,-1.0114172938615467,-0.008944074860725126,-0.0030269245842621806,-0.3706818828991969,-20.257558655289344
1184,39.46666666666667,-0.2641115486621856,-0.17546298772881191,-0.17546298772881191,-1.0521141651373187,-0.1700299462024271,-0.5951410038549304,-0.005433041526384824,-0.09408160245975852,-0.4569731612823883,-12.558432411821789
1185,39.5,-0.5344788432121277,-0.2772327417658973,-0.2254629877288119,-1.5,-0.2167205560041552,-1.102873176207372,-0.00874243172465669,-0.3177582872079725,-0.397126823792628,-21.519649831661734
1186,39.53333333333333,-0.3962138593196869,-0.31096016322533593,-0.2754629877288119,-1.5,-0.26580927464521076,-1.3906462369266672,-0.009653713083601134,-0.13040458467447613,-0.10935376307333278,-25.49091806958801
1187,39.56666666666666,-0.3525144159793854,-0.32273949279361186,-0.32273949279361186,-1.418295151943999,-0.3133381016607913,-1.203459241869658,-0.009401391132820569,-0.039176314318594085,-0.2148359100743411,-22.907737537801278
1188,39.6,-0.057395052164793,-0.2475226519620296,-0.35223822008063405,-0.8849618186106657,-0.3493565147241211,-0.7928652779717038,-0.0028817053565129425,0.2919614625593281,-0.09209654063896189,-13.164786852446568
1189,39.63333333333333,-0.1903873234987259,-0.23132657528260084,-0.36395916958987845,-0.35162848527733237,-0.361778456603173,0.07191814171129263,-0.0021807129867054686,0.1713911331044471,-0.423546626988625,-1.1295736862897954
1190,39.666666666666664,-0.1471432596445083,-0.20746324112711773,-0.3579023413213451,0.18170484805600096,-0.3587029208241585,-0.16714959306149108,0.0008005795028134255,0.2115596611796502,0.34885444111749203,-1.1633567746162943
1191,39.7,-0.2122360914945602,-0.20881619476560404,-0.3340677352750339,0.7150381813893343,-0.3373889627005277,-0.133641313515113,0.003321227425493789,0.12515287120596752,0.8486794949044473,1.839195894944265
1192,39.733333333333334,-0.0422727353870868,-0.1616063386030684,-0.292455351450945,1.2483715147226677,-0.29804138144071946,0.5360437313862212,0.005586029989774477,0.25576864605363264,0.7123277833364465,12.377200776251074
1193,39.766666666666666,-0.0715968832373619,-0.13609147625458456,-0.242455351450945,1.5,-0.2512399104336365,1.1161765208499506,0.008784558982691537,0.17964302719627462,0.38382347915004944,21.703235987729318
1194,39.8,0.0091344444081187,-0.09492447485361322,-0.192455351450945,1.5,-0.20212066479400498,1.394309476755782,0.009665313343059978,0.21125510920212368,0.10569052324421802,25.54147077922979
1195,39.833333333333336,0.026496835052967,-0.06050533526598115,-0.142455351450945,1.5,-0.152363191357005,1.4708968124399942,0.009907839906059979,0.17886002640997198,0.02910318756000585,26.59837601167192
1196,39.86666666666667,0.0248762872070074,-0.036302318642479584,-0.09245535145094501,1.5,-0.10242997403377312,1.4919860787878227,0.009974622582828108,0.1273062612407805,0.008013921212177255,26.889407887271954
1197,39.9,0.0535719655454158,-0.010825773090618062,-0.042455351450945006,1.5,-0.05244836346650637,1.4977932680720103,0.009993012015561367,0.10602032901192218,0.0022067319279897024,26.969547099393743
