step,time_s,step_up_height_m_recomputed_from_patch,step_up_distance_m_recomputed_from_patch,g_step_up_recomputed_from_patch,front_pitch_ref_recomputed_from_patch,front_pitch_ref_csv,step_up_distance_m_csv,terrain_gate_step_up_csv,approach_mask_csv,q_desired_front_pitch,q_actual_front_pitch
0,0.0,0.14271665,0.10359844,0.9583468,-0.25,-0.25,0.1035984382033348,0.9597373008728028,0.0,0.1983317881822586,0.0103618679568171
1,0.033333335,0.14206177,0.10359844,0.9570199,-0.25,-0.25,0.1035984382033348,0.9583467841148376,0.0,0.1643210053443908,0.0543057173490524
2,0.06666667,0.13944215,0.0014537491,0.95129806,-0.25,-0.25,0.1035984382033348,0.9570199251174928,0.0,0.0874305814504623,0.0681873485445976
3,0.1,0.137743,0.0014537491,0.9472075,-0.25,-0.25,0.0014537491369992,0.9512979388237,0.0,0.2257198542356491,0.1089945062994957
4,0.13333334,0.116113186,0.0014537491,0.8588365,-0.25,-0.25,0.0014537491369992,0.9472073912620544,0.0,0.1023559719324112,0.1215547323226928
5,0.16666667,0.096749306,0.0014537491,0.6979311,-0.24187326,-0.25,0.0014537491369992,0.858836829662323,0.0,0.1718795895576477,0.1730336099863052
6,0.2,0.085828245,0.0014537491,0.5723419,-0.21457061,-0.2418731153011322,0.0014537491369992,0.6979305148124695,0.0,0.0781788378953933,0.1840345412492752
7,0.23333333,0.10230714,0.0014537491,0.75312656,-0.25,-0.2145706117153167,0.0014537491369992,0.5723418593406677,0.0,0.0595210641622543,0.1918047815561294
8,0.26666668,0.11947632,0.0014537491,0.8780204,-0.25,-0.25,0.0014537491369992,0.7531265616416931,0.0,-0.0089332303032279,0.1872629821300506
9,0.3,0.13841546,0.0014537491,0.9488638,-0.25,-0.25,0.0014537491369992,0.8780204057693481,0.0,0.1024299934506416,0.2166997194290161
10,0.33333334,0.14255741,0.0014537491,0.9580279,-0.25,-0.25,0.0014537491369992,0.9488638043403624,0.0,-0.0053197126835584,0.2148325443267822
11,0.36666667,0.12598997,0.0014537491,0.9088355,-0.25,-0.25,0.0014537491369992,0.9580278992652892,0.0,0.0631205067038536,0.2277669757604599
12,0.4,0.10129821,0.0014537491,0.74362785,-0.25,-0.25,0.0014537491369992,0.908835470676422,0.0,-0.0230045262724161,0.2059678733348846
13,0.43333334,0.08260679,0.0014537491,0.5325389,-0.20651698,-0.25,0.0014537491369992,0.7436278462409973,0.0,0.0341288447380065,0.1813178062438964
14,0.46666667,0.10744017,0.0014537491,0.7977045,-0.25,-0.2065169811248779,0.0014537491369992,0.532538890838623,0.0,-0.3103799521923065,0.130078375339508
15,0.5,0.12967163,0.20574363,0.9229828,-0.25,-0.25,0.0014537491369992,0.7977045178413391,0.0,-0.167371317744255,0.081769049167633
16,0.53333336,0.14420351,0.20574363,0.96121544,-0.25,-0.25,0.2057436257600784,0.9229828119277954,1.0,-0.0455329231917858,0.0535769686102867
17,0.56666666,0.13000792,0.10359844,0.9241696,-0.25,-0.25,0.2057436257600784,0.9612154364585876,1.0,-0.1083824634552002,0.0143696861341595
18,0.6,0.11292726,0.10359844,0.83839893,-0.25,-0.25,0.1035984382033348,0.9241696000099182,0.0,-0.1725830286741256,-0.0336829759180545
19,0.6333333,0.09533328,0.10359844,0.6827988,-0.2383332,-0.25,0.1035984382033348,0.8383989334106445,0.0,-0.3037349879741668,-0.0870797932147979
20,0.6666667,0.08177489,0.10359844,0.52217156,-0.20443723,-0.2383331954479217,0.1035984382033348,0.6827988028526306,0.0,-0.2313255071640014,-0.1143837571144104
21,0.7,0.103900135,0.10359844,0.7676353,-0.25,-0.2044372260570526,0.1035984382033348,0.5221716165542603,0.0,-0.2138115614652633,-0.1178133487701416
22,0.73333335,0.118980706,0.10359844,0.8753414,-0.25,-0.25,0.1035984382033348,0.7676352858543396,0.0,-0.0714165940880775,-0.1018546149134635
23,0.76666665,0.12652099,0.10359844,0.91101164,-0.25,-0.25,0.1035984382033348,0.8753414154052734,0.0,0.0828680470585823,-0.0725790411233902
24,0.8,0.12963623,0.10359844,0.9228568,-0.25,-0.25,0.1035984382033348,0.9110116362571716,0.0,0.1322495639324188,-0.0190034694969654
25,0.8333333,0.13439757,0.10359844,0.93818945,-0.25,-0.25,0.1035984382033348,0.9228568077087402,0.0,0.062814712524414,-0.0079681128263473
26,0.8666667,0.13947749,0.10359844,0.95137984,-0.25,-0.25,0.1035984382033348,0.9381894469261168,0.0,0.0722306594252586,-0.0009004792082123
27,0.9,0.13944215,0.10359844,0.95129806,-0.25,-0.25,0.1035984382033348,0.9513798356056212,0.0,0.1753490269184112,0.0024548014625906
28,0.93333334,0.13924742,0.10359844,0.95084494,-0.25,-0.25,0.1035984382033348,0.9512980580329896,0.0,0.1792709976434707,-0.0113791208714246
29,0.96666664,0.14069885,0.0014537491,0.95412797,-0.25,-0.25,0.1035984382033348,0.950844943523407,0.0,0.2571471333503723,0.0531898401677608
30,1.0,0.14115906,0.0014537491,0.9551247,-0.25,-0.25,0.0014537491369992,0.9541279673576356,0.0,0.1366036087274551,0.0784206464886665
31,1.0333333,0.13522953,0.0014537491,0.9405583,-0.25,-0.25,0.0014537491369992,0.9551246762275696,0.0,0.0189867224544286,0.0510789565742015
32,1.0666667,0.11968875,0.0014537491,0.87915343,-0.25,-0.25,0.0014537491369992,0.9405580759048462,0.0,0.1503822207450866,0.0802998840808868
33,1.1,0.09805906,0.0014537491,0.71155596,-0.24514765,-0.25,0.0014537491369992,0.8791534304618835,0.0,0.1100633516907692,0.0919060483574867
34,1.1333333,0.08568668,0.0014537491,0.5706085,-0.21421671,-0.2451476454734802,0.0014537491369992,0.7115559577941895,0.0,0.1024921014904975,0.1121416464447975
35,1.1666666,0.09416503,0.0014537491,0.6700147,-0.23541257,-0.2142165601253509,0.0014537491369992,0.5706077814102173,0.0,0.090458407998085,0.1099716201424598
36,1.2,0.106431246,0.0014537491,0.7894415,-0.25,-0.2354125678539276,0.0014537491369992,0.6700146794319153,0.0,0.0478175841271877,0.1168296858668327
37,1.2333333,0.121635735,0.0014537491,0.8891203,-0.25,-0.25,0.0014537491369992,0.7894415259361267,0.0,0.0436474233865737,0.1186890229582786
38,1.2666667,0.14061034,0.0014537491,0.95393395,-0.25,-0.25,0.0014537491369992,0.8891202807426453,0.0,0.0659435540437698,0.1643359661102295
39,1.3,0.14354858,0.0014537491,0.95997596,-0.25,-0.25,0.0014537491369992,0.953933835029602,0.0,0.0704481974244117,0.2079904973506927
40,1.3333334,0.12168884,0.0014537491,0.8893819,-0.25,-0.25,0.0014537491369992,0.9599759578704834,0.0,-0.1042519807815551,0.1884900629520416
41,1.3666667,0.101032734,0.0014537491,0.74108905,-0.25,-0.25,0.0014537491369992,0.8893817663192749,0.0,0.0758929699659347,0.1940530240535736
42,1.4,0.08244747,0.0014537491,0.53055525,-0.20611867,-0.25,0.0014537491369992,0.7410888075828552,0.0,-0.0666099414229393,0.1676058024168014
43,1.4333333,0.09281981,0.0014537491,0.6549773,-0.23204952,-0.2061187475919723,0.0014537491369992,0.5305556654930115,0.0,-0.0623252652585506,0.1474060863256454
44,1.4666667,0.113387436,0.0014537491,0.84149206,-0.25,-0.2320495247840881,0.0014537491369992,0.6549773216247559,0.0,-0.2941004037857055,0.0848527029156684
45,1.5,0.13287535,0.20574363,0.9336259,-0.25,-0.25,0.0014537491369992,0.8414920568466187,0.0,-0.071906603872776,0.0619420073926448
46,1.5333333,0.1441327,0.20574363,0.9610832,-0.25,-0.25,0.2057436257600784,0.933625876903534,1.0,-0.3219546675682068,0.0013842412736266
47,1.5666667,0.1342206,0.20574363,0.9376744,-0.25,-0.25,0.2057436257600784,0.961083173751831,1.0,-0.0976030305027961,-0.0252546779811382
48,1.6,0.121635735,0.10359844,0.8891203,-0.25,-0.25,0.2057436257600784,0.937674343585968,1.0,-0.3784099519252777,-0.0743385255336761
49,1.6333333,0.10958192,0.10359844,0.814436,-0.25,-0.25,0.1035984382033348,0.8891202807426453,0.0,-0.3974825441837311,-0.116869255900383
50,1.6666666,0.09809446,0.10359844,0.7119192,-0.24523616,-0.25,0.1035984382033348,0.8144360184669495,0.0,-0.4593098163604736,-0.1471515446901321
51,1.7,0.08455384,0.10359844,0.55667835,-0.2113846,-0.2452361583709716,0.1035984382033348,0.7119191884994507,0.0,-0.3958666920661926,-0.1663780957460403
52,1.7333333,0.08820006,0.10359844,0.60108864,-0.22050016,-0.2113845944404602,0.1035984382033348,0.5566783547401428,0.0,-0.2458773851394653,-0.1602042913436889
53,1.7666667,0.09965208,0.10359844,0.7276246,-0.2491302,-0.2205001562833786,0.1035984382033348,0.6010886430740356,0.0,0.0230614244937896,-0.0999116376042366
54,1.8,0.11239624,0.10359844,0.8347692,-0.25,-0.2491302043199539,0.1035984382033348,0.7276245951652527,0.0,0.0588931404054164,-0.0681523233652114
55,1.8333334,0.121016234,0.10359844,0.88602966,-0.25,-0.25,0.1035984382033348,0.8347692489624023,0.0,-0.0552549175918102,-0.0615821741521358
56,1.8666667,0.12593693,0.10359844,0.90861547,-0.25,-0.25,0.1035984382033348,0.8860296607017517,0.0,-0.188137874007225,-0.0850680395960807
57,1.9,0.12850341,0.10359844,0.9187266,-0.25,-0.25,0.1035984382033348,0.9086154699325562,0.0,0.0027700210921466,-0.0593778602778911
58,1.9333333,0.13572502,0.10359844,0.94192827,-0.25,-0.25,0.1035984382033348,0.9187266230583192,0.0,0.1179976090788841,-0.0431045740842819
59,1.9666667,0.14105284,0.10359844,0.95489645,-0.25,-0.25,0.1035984382033348,0.9419282674789428,0.0,0.0560719966888427,-0.05632184445858
60,2.0,0.14346007,0.10359844,0.9598056,-0.25,-0.25,0.1035984382033348,0.9548964500427246,0.0,0.0395639725029468,-0.0434713214635849
61,2.0333333,0.14287597,0.10359844,0.95866364,-0.25,-0.25,0.1035984382033348,0.9598056077957152,0.0,0.1201825812458992,-0.0309187453240156
62,2.0666666,0.14275208,0.10359844,0.95841753,-0.25,-0.25,0.1035984382033348,0.9586636424064636,0.0,0.1643356531858444,-0.0016440004110336
63,2.1,0.14200869,0.10359844,0.95691067,-0.25,-0.25,0.1035984382033348,0.958417534828186,0.0,0.1151753813028335,0.0172656811773777
64,2.1333334,0.14255738,0.10359844,0.9580278,-0.25,-0.25,0.1035984382033348,0.9569106698036194,0.0,0.0984815657138824,0.0203953590244054
65,2.1666667,0.14361939,0.10359844,0.9601118,-0.25,-0.25,0.1035984382033348,0.9580277800559998,0.0,0.1276569068431854,0.0265029948204755
66,2.2,0.13653928,0.10359844,0.94411564,-0.25,-0.25,0.1035984382033348,0.9601117968559264,0.0,0.052239816635847,0.0459151454269886
67,2.2333333,0.123812884,0.0014537491,0.8994062,-0.25,-0.25,0.1035984382033348,0.9441157579421996,0.0,0.0148811992257833,0.0454314015805721
68,2.2666667,0.11096251,0.0014537491,0.8246429,-0.25,-0.25,0.0014537491369992,0.8994061350822449,0.0,-0.0558767691254615,0.0285934228450059
69,2.3,0.107316256,0.0014537491,0.7967028,-0.25,-0.25,0.0014537491369992,0.8246427774429321,0.0,0.0584580451250076,0.022470474243164
70,2.3333333,0.10351071,0.0014537491,0.7641442,-0.25,-0.25,0.0014537491369992,0.7967031002044678,0.0,0.0499975457787513,0.0353680551052093
71,2.3666666,0.10113895,0.0014537491,0.7421068,-0.25,-0.25,0.0014537491369992,0.7641444206237793,0.0,0.07735026627779,0.0353042557835578
72,2.4,0.09526247,0.0014537491,0.68203145,-0.23815617,-0.25,0.0014537491369992,0.7421064972877502,0.0,0.1813925802707672,0.0776773318648338
73,2.4333334,0.08873105,0.0014537491,0.60743725,-0.22182763,-0.2381560951471328,0.0014537491369992,0.6820311546325684,0.0,0.2716293931007385,0.1423201113939285
74,2.4666667,0.08074826,0.0014537491,0.50935215,-0.20187065,-0.2218277007341385,0.0014537491369992,0.6074376106262207,0.0,0.1043850108981132,0.1729962229728698
75,2.5,0.08386353,0.0014537491,0.54814446,-0.20965882,-0.2018707245588302,0.0014537491369992,0.5093525648117065,0.0,0.2570176720619201,0.218800351023674
76,2.5333333,0.08942139,0.0014537491,0.6156369,-0.22355348,-0.2096588164567947,0.0014537491369992,0.5481444597244263,0.0,0.1220487654209137,0.2000269144773483
77,2.5666666,0.09850159,0.0014537491,0.716076,-0.24625398,-0.2235534787178039,0.0014537491369992,0.6156368851661682,0.0,0.0944750308990478,0.177567109465599
78,2.6,0.109351814,0.0014537491,0.8126909,-0.25,-0.2462539821863174,0.0014537491369992,0.7160759568214417,0.0,0.124528020620346,0.1963794231414795
79,2.6333334,0.12790161,0.0014537491,0.91645145,-0.25,-0.25,0.0014537491369992,0.8126909136772156,0.0,0.0690148994326591,0.2133655548095703
80,2.6666667,0.14186704,0.0014537491,0.95661765,-0.25,-0.25,0.0014537491369992,0.9164514541625975,0.0,0.1681182235479354,0.2449106127023697
81,2.7,0.14107054,0.0014537491,0.95493454,-0.25,-0.25,0.0014537491369992,0.9566176533699036,0.0,0.2342272102832794,0.2671232521533966
82,2.7333333,0.12112242,0.0014537491,0.8865646,-0.25,-0.25,0.0014537491369992,0.954934537410736,0.0,0.0001284126192331,0.2324068993330001
83,2.7666667,0.097492665,0.0014537491,0.7057089,-0.24373166,-0.25,0.0014537491369992,0.8865646123886108,0.0,0.0907917693257331,0.2110110372304916
84,2.8,0.0796155,0.0014537491,0.495194,-0.19903876,-0.2437316626310348,0.0014537491369992,0.7057088613510132,0.0,-0.0675020515918731,0.1839192807674408
85,2.8333333,0.10276735,0.0014537491,0.7573798,-0.25,-0.1990387588739395,0.0014537491369992,0.4951939880847931,0.0,-0.0504239499568939,0.1595260351896286
86,2.8666666,0.120750755,0.0014537491,0.8846823,-0.25,-0.25,0.0014537491369992,0.7573797702789307,0.0,-0.1408726274967193,0.1102285087108612
87,2.9,0.13207886,0.20574363,0.9311149,-0.25,-0.25,0.0014537491369992,0.884682297706604,0.0,-0.154729276895523,0.0606814660131931
88,2.9333334,0.14400879,0.20574363,0.9608508,-0.25,-0.25,0.2057436257600784,0.931114912033081,1.0,-0.4037047028541565,-0.0051570092327892
89,2.9666667,0.13496399,0.20574363,0.9398116,-0.25,-0.25,0.2057436257600784,0.9608507752418518,1.0,0.0107641033828258,0.0170125160366296
90,3.0,0.12462708,0.10359844,0.90303004,-0.25,-0.25,0.2057436257600784,0.9398115873336792,1.0,-0.1581477969884872,0.008940253406763
91,3.0333333,0.11313963,0.10359844,0.8398324,-0.25,-0.25,0.1035984382033348,0.9030300378799438,0.0,-0.2983019053936004,-0.0102971196174621
92,3.0666666,0.10011232,0.10359844,0.73216134,-0.25,-0.25,0.1035984382033348,0.8398324251174927,0.0,-0.6715241074562073,-0.0754825547337532
93,3.1,0.088076174,0.10359844,0.5996024,-0.22019044,-0.25,0.1035984382033348,0.7321613430976868,0.0,-0.1860671043395996,-0.095703013241291
94,3.1333334,0.07637635,0.10359844,0.45482787,-0.19094087,-0.2201904356479644,0.1035984382033348,0.5996024012565613,0.0,-0.1924975514411926,-0.0889202430844307
95,3.1666667,0.08565125,0.10359844,0.57017434,-0.21412812,-0.1909408718347549,0.1035984382033348,0.4548278748989105,0.0,-0.1975773721933365,-0.1034591794013977
96,3.2,0.10039553,0.10359844,0.734929,-0.25,-0.2141281217336654,0.1035984382033348,0.5701743364334106,0.0,-0.2466641664505005,-0.1467921584844589
97,3.2333333,0.115493774,0.10359844,0.8550398,-0.25,-0.25,0.1035984382033348,0.7349290251731873,0.0,-0.0484158545732498,-0.1418747156858444
98,3.2666667,0.12324646,0.10359844,0.89681476,-0.25,-0.25,0.1035984382033348,0.8550397753715515,0.0,0.0431952774524688,-0.1127059906721115
99,3.3,0.13011414,0.10359844,0.924541,-0.25,-0.25,0.1035984382033348,0.89681476354599,0.0,-0.0845346078276634,-0.1085202470421791
100,3.3333333,0.13880494,0.10359844,0.94980055,-0.25,-0.25,0.1035984382033348,0.9245409965515136,0.0,0.0228821337223052,-0.0841509625315666
101,3.3666666,0.14330077,0.10359844,0.9594972,-0.25,-0.25,0.1035984382033348,0.9498005509376526,0.0,0.0137517200782895,-0.0623860247433185
102,3.4,0.14284056,0.10359844,0.9585934,-0.25,-0.25,0.1035984382033348,0.9594972133636476,0.0,0.0807963758707046,-0.0164811220020055
103,3.4333334,0.14163697,0.10359844,0.9561378,-0.25,-0.25,0.1035984382033348,0.9585934281349182,0.0,0.2187720090150833,0.0403076373040676
104,3.4666667,0.13735354,0.0014537491,0.9462253,-0.25,-0.25,0.1035984382033348,0.9561377763748168,0.0,0.1779156029224395,0.0779952034354209
105,3.5,0.13492858,0.0014537491,0.9397114,-0.25,-0.25,0.0014537491369992,0.9462251663208008,0.0,0.1556380093097686,0.0778219178318977
106,3.5333333,0.12531736,0.0014537491,0.90601057,-0.25,-0.25,0.0014537491369992,0.9397113919258118,0.0,0.2860167622566223,0.0839588865637779
107,3.5666666,0.1094403,0.0014537491,0.8133635,-0.25,-0.25,0.0014537491369992,0.9060105681419371,0.0,0.1004844307899475,0.0984224528074264
108,3.6,0.088430166,0.0014537491,0.60384417,-0.22107542,-0.25,0.0014537491369992,0.8133634924888611,0.0,0.0850238651037216,0.1199062094092369
109,3.6333334,0.079420775,0.0014537491,0.4927602,-0.19855194,-0.2210754156112671,0.0014537491369992,0.603844165802002,0.0,0.0266131721436977,0.1611127257347107
110,3.6666667,0.084323734,0.0014537491,0.5538372,-0.21080934,-0.1985519379377365,0.0014537491369992,0.4927602112293243,0.0,0.031092781573534,0.1679017841815948
111,3.7,0.090536505,0.0014537491,0.6287424,-0.22634126,-0.2108093351125717,0.0014537491369992,0.5538371801376343,0.0,0.071946881711483,0.1717552095651626
112,3.7333333,0.10080263,0.0014537491,0.7388754,-0.25,-0.2263412624597549,0.0014537491369992,0.6287423968315125,0.0,0.0829569324851036,0.1738490164279937
113,3.7666667,0.1172815,0.0014537491,0.86577123,-0.25,-0.25,0.0014537491369992,0.7388753890991211,0.0,0.1692152172327041,0.198781743645668
114,3.8,0.13515869,0.0014537491,0.94035983,-0.25,-0.25,0.0014537491369992,0.8657712340354919,0.0,0.0804760679602623,0.2177055925130844
115,3.8333333,0.14257507,0.0014537491,0.9580633,-0.25,-0.25,0.0014537491369992,0.9403598308563232,0.0,0.0278447363525629,0.2191965579986572
116,3.8666666,0.12216675,0.0014537491,0.8917109,-0.25,-0.25,0.0014537491369992,0.958063304424286,0.0,0.1089077368378639,0.2369294315576553
117,3.9,0.10135132,0.0014537491,0.7441338,-0.25,-0.25,0.0014537491369992,0.8917108774185181,0.0,0.0610557273030281,0.2418519407510757
118,3.9333334,0.08280152,0.0014537491,0.5349619,-0.2070038,-0.25,0.0014537491369992,0.7441337704658508,0.0,-0.0248408075422048,0.2230512648820877
119,3.9666667,0.08262451,0.0014537491,0.5327594,-0.20656127,-0.2070038020610809,0.0014537491369992,0.5349618792533875,0.0,-0.0216701906174421,0.1963133662939071
120,4.0,0.10101503,0.0014537491,0.74091923,-0.25,-0.206561267375946,0.0014537491369992,0.532759428024292,0.0,-0.1889750212430954,0.1470410972833633
121,4.0333333,0.11940551,0.0014537491,0.87764066,-0.25,-0.25,0.0014537491369992,0.7409192323684692,0.0,-0.139146015048027,0.1183816790580749
122,4.0666666,0.13434447,0.20574363,0.9380353,-0.25,-0.25,0.0014537491369992,0.8776406645774841,0.0,-0.0660310164093971,0.0957015380263328
123,4.1,0.14305298,0.20574363,0.9590129,-0.25,-0.25,0.2057436257600784,0.9380353093147278,1.0,-0.2733830213546753,0.0473544411361217
124,4.133333,0.13000794,0.20574363,0.9241696,-0.25,-0.25,0.2057436257600784,0.9590129256248474,1.0,-0.3514979183673858,-0.0100759491324424
125,4.1666665,0.113829955,0.10359844,0.8444211,-0.25,-0.25,0.2057436257600784,0.9241696000099182,1.0,-0.2877677083015442,-0.0416452810168266
126,4.2,0.097828984,0.10359844,0.7091892,-0.24457246,-0.25,0.1035984382033348,0.8444210886955261,0.0,-0.3952220976352691,-0.1037432178854942
127,4.233333,0.08021729,0.10359844,0.50271606,-0.20054322,-0.2445724606513977,0.1035984382033348,0.7091891765594482,0.0,-0.1564680784940719,-0.117093987762928
128,4.266667,0.08273071,0.10359844,0.534081,-0.20682678,-0.2005432248115539,0.1035984382033348,0.502716064453125,0.0,-0.3538490533828735,-0.1482349187135696
129,4.3,0.1005017,0.10359844,0.735962,-0.25,-0.206826776266098,0.1035984382033348,0.534080982208252,0.0,-0.2834199368953705,-0.1531924903392791
130,4.3333335,0.12025513,0.10359844,0.88212997,-0.25,-0.25,0.1035984382033348,0.7359619736671448,0.0,-0.4673403203487396,-0.1775264889001846
131,4.366667,0.13133544,0.10359844,0.9286923,-0.25,-0.25,0.1035984382033348,0.8821299076080322,0.0,0.1280122101306915,-0.1175190806388855
132,4.4,0.13505247,0.10359844,0.94006133,-0.25,-0.25,0.1035984382033348,0.9286921620368958,0.0,0.1332302391529083,-0.0676191598176956
133,4.4333334,0.13912353,0.10359844,0.95055455,-0.25,-0.25,0.1035984382033348,0.940061330795288,0.0,0.1226588562130928,-0.0439718663692474
134,4.4666667,0.14160155,0.10359844,0.95606345,-0.25,-0.25,0.1035984382033348,0.9505545496940612,0.0,0.1062062829732894,-0.0665689557790756
135,4.5,0.14236268,0.10359844,0.95763457,-0.25,-0.25,0.1035984382033348,0.956063449382782,0.0,0.1875019371509552,-0.0572618842124938
136,4.5333333,0.14018553,0.10359844,0.9529914,-0.25,-0.25,0.1035984382033348,0.9576345682144164,0.0,0.2720606923103332,0.0055386861786246
137,4.5666666,0.13549499,0.10359844,0.94129604,-0.25,-0.25,0.1035984382033348,0.952991545200348,0.0,0.1650663465261459,0.0192820653319358
138,4.6,0.1267865,0.0014537491,0.912082,-0.25,-0.25,0.1035984382033348,0.9412960410118104,0.0,0.063135802745819,0.0052665169350802
139,4.633333,0.1176178,0.0014537491,0.86771333,-0.25,-0.25,0.0014537491369992,0.912082016468048,0.0,0.1505305171012878,0.0024382744450122
140,4.6666665,0.10749328,0.0014537491,0.79813266,-0.25,-0.25,0.0014537491369992,0.8677133321762085,0.0,0.107959434390068,0.0005457603256218
141,4.7,0.09526244,0.0014537491,0.68203115,-0.2381561,-0.25,0.0014537491369992,0.7981327176094055,0.0,0.1318187564611435,-0.0027981149032711
142,4.733333,0.08181031,0.0014537491,0.52261347,-0.20452577,-0.2381560951471328,0.0014537491369992,0.6820311546325684,0.0,0.1347344517707824,0.0201150551438331
143,4.766667,0.08634156,0.0014537491,0.578612,-0.2158539,-0.204525738954544,0.0014537491369992,0.5226132869720459,0.0,0.1496873944997787,0.0654270350933075
144,4.8,0.10823667,0.0014537491,0.80405504,-0.25,-0.2158538997173309,0.0014537491369992,0.5786120295524597,0.0,0.1595314443111419,0.1048101112246513
145,4.8333335,0.13236205,0.0014537491,0.9320176,-0.25,-0.25,0.0014537491369992,0.8040550351142883,0.0,0.1766408830881118,0.1522169709205627
146,4.866667,0.12967163,0.0014537491,0.9229828,-0.25,-0.25,0.0014537491369992,0.9320176243782043,0.0,0.0813206136226654,0.1956722438335418
147,4.9,0.101103514,0.0014537491,0.7417676,-0.25,-0.25,0.0014537491369992,0.9229828119277954,0.0,0.1591348052024841,0.2327026724815368
148,4.9333334,0.074624024,0.0014537491,0.43320203,-0.18656006,-0.25,0.0014537491369992,0.7417675852775574,0.0,0.1213723123073577,0.261535108089447
149,4.9666667,0.09644837,0.0014537491,0.6947495,-0.24112092,-0.1865600645542144,0.0014537491369992,0.4332020580768585,0.0,0.1419439613819122,0.2910374402999878
150,5.0,0.12013121,0.0014537491,0.88148415,-0.25,-0.2411209195852279,0.0014537491369992,0.6947494745254517,0.0,0.0604593269526958,0.2891105115413666
151,5.0333333,0.14259276,0.20574363,0.9580989,-0.25,-0.25,0.0014537491369992,0.8814842700958252,0.0,0.0234738439321517,0.2623036205768585
152,5.0666666,0.12416686,0.10359844,0.9009962,-0.25,-0.25,0.2057436257600784,0.9580988883972168,1.0,0.0286101009696722,0.2273379117250442
153,5.1,0.1001831,0.10359844,0.7328547,-0.25,-0.25,0.1035984382033348,0.900996208190918,0.0,0.0840971916913986,0.2111233025789261
154,5.133333,0.07740295,0.10359844,0.4675824,-0.19350737,-0.25,0.1035984382033348,0.7328547239303589,0.0,0.0369744859635829,0.2060438990592956
155,5.1666665,0.09080201,0.10359844,0.63183576,-0.22700502,-0.1935073733329773,0.1035984382033348,0.4675824046134949,0.0,-0.0786663144826889,0.1928900629281997
156,5.2,0.11614867,0.10359844,0.8590514,-0.25,-0.2270050197839737,0.1035984382033348,0.6318357586860657,0.0,-0.0670200735330581,0.1795027405023574
157,5.233333,0.12198975,0.10359844,0.89085335,-0.25,-0.25,0.1035984382033348,0.8590514063835144,0.0,0.0541055761277675,0.1861251592636108
158,5.266667,0.12007812,0.10359844,0.8812066,-0.25,-0.25,0.1035984382033348,0.8908533453941345,0.0,-0.0766242668032646,0.1682345569133758
159,5.3,0.11949402,0.10359844,0.8781152,-0.25,-0.25,0.1035984382033348,0.8812065720558167,0.0,0.1466220617294311,0.1720108240842819
160,5.3333335,0.12165344,0.10359844,0.88920754,-0.25,-0.25,0.1035984382033348,0.878115177154541,0.0,0.1287120729684829,0.1929796934127807
161,5.366667,0.119759515,0.10359844,0.8795288,-0.25,-0.25,0.1035984382033348,0.8892075419425964,0.0,-0.1430675834417343,0.1402010321617126
162,5.4,0.11802489,0.10359844,0.8700323,-0.25,-0.25,0.1035984382033348,0.879528820514679,0.0,0.0339676737785339,0.134179025888443
163,5.4333334,0.121016234,0.10359844,0.88602966,-0.25,-0.25,0.1035984382033348,0.8700323104858398,0.0,0.0887447148561477,0.179439827799797
164,5.4666667,0.122432254,0.10359844,0.8929861,-0.25,-0.25,0.1035984382033348,0.8860296607017517,0.0,0.080078400671482,0.194977805018425
165,5.5,0.121423334,0.10359844,0.888069,-0.25,-0.25,0.1035984382033348,0.8929861187934875,0.0,-0.1032361984252929,0.17277292907238
166,5.5333333,0.12152955,0.10359844,0.88859576,-0.25,-0.25,0.1035984382033348,0.8880689740180969,0.0,-0.1298063844442367,0.1299176663160324
167,5.5666666,0.11965332,0.10359844,0.8789651,-0.25,-0.25,0.1035984382033348,0.8885957598686218,0.0,-0.1180383488535881,0.0840759351849556
168,5.6,0.11935242,0.10359844,0.8773554,-0.25,-0.25,0.1035984382033348,0.8789650797843933,0.0,0.0254515763372182,0.0837033540010452
169,5.633333,0.11310424,0.10359844,0.83959424,-0.25,-0.25,0.1035984382033348,0.8773553967475891,0.0,0.1695141047239303,0.1149842143058776
170,5.6666665,0.104678944,0.10359844,0.7745087,-0.25,-0.25,0.1035984382033348,0.8395942449569702,0.0,0.2434497326612472,0.1189940497279167
171,5.7,0.09827148,0.10359844,0.71373105,-0.24567871,-0.25,0.1035984382033348,0.7745087146759033,0.0,0.2326531410217285,0.1341022849082946
172,5.733333,0.09175782,0.10359844,0.6428811,-0.22939456,-0.2456787079572677,0.1035984382033348,0.7137309908866882,0.0,0.1866908520460128,0.1295946389436721
173,5.766667,0.08549195,0.10359844,0.5682212,-0.21372987,-0.2293945550918579,0.1035984382033348,0.6428810954093933,0.0,0.155313566327095,0.119264580309391
174,5.8,0.081810296,0.10359844,0.5226133,-0.20452574,-0.2137298732995987,0.1035984382033348,0.5682212114334106,0.0,0.1390585899353027,0.1149474829435348
175,5.8333335,0.079562366,0.10359844,0.49452978,-0.19890592,-0.204525738954544,0.1035984382033348,0.5226132869720459,0.0,0.0885791480541229,0.0929062739014625
176,5.866667,0.07830566,0.10359844,0.4788334,-0.19576415,-0.1989059150218963,0.1035984382033348,0.4945297837257385,0.0,0.0398487150669097,0.046623233705759
177,5.9,0.08152709,0.10359844,0.5190794,-0.20381773,-0.1957641541957855,0.1035984382033348,0.47883340716362,0.0,0.2575749158859253,0.0441993810236454
178,5.9333334,0.092288814,0.10359844,0.64895314,-0.23072204,-0.2038177251815796,0.1035984382033348,0.5190793871879578,0.0,0.1992202848196029,0.0321491621434688
179,5.9666667,0.10754639,0.10359844,0.7985602,-0.25,-0.230722039937973,0.1035984382033348,0.6489530801773071,0.0,0.1919316202402115,0.0132421934977173
180,6.0,0.12395446,0.10359844,0.90004486,-0.25,-0.25,0.1035984382033348,0.7985602021217346,0.0,0.2937393188476562,0.0102386092767119
181,6.0333333,0.13958374,0.10359844,0.95162493,-0.25,-0.25,0.1035984382033348,0.900044858455658,0.0,0.3231644928455353,0.0318231657147407
182,6.0666666,0.13255677,0.10359844,0.9326319,-0.25,-0.25,0.1035984382033348,0.9516249299049376,0.0,0.3058027625083923,0.0516119115054607
183,6.1,0.10800658,0.0014537491,0.80223614,-0.25,-0.25,0.1035984382033348,0.9326319098472596,0.0,0.2421244084835052,0.0953579768538475
184,6.133333,0.08227051,0.0014537491,0.52835095,-0.20567627,-0.25,0.0014537491369992,0.8022361397743225,0.0,0.1848708838224411,0.1478727757930755
185,6.1666665,0.082429826,0.0014537491,0.53033555,-0.20607457,-0.2056762725114822,0.0014537491369992,0.5283509492874146,0.0,0.0645052343606948,0.1792264878749847
186,6.2,0.101174295,0.0014537491,0.7424449,-0.25,-0.2060745656490326,0.0014537491369992,0.530335545539856,0.0,0.0016985042020678,0.2058644592761993
187,6.233333,0.12144102,0.0014537491,0.8881569,-0.25,-0.25,0.0014537491369992,0.7424448728561401,0.0,0.0313164964318275,0.2302854359149933
188,6.266667,0.14227416,0.0014537491,0.9574547,-0.25,-0.25,0.0014537491369992,0.8881568908691406,0.0,0.1496935486793518,0.2532836198806762
189,6.3,0.1271405,0.0014537491,0.913491,-0.25,-0.25,0.0014537491369992,0.9574546813964844,0.0,0.2901318669319153,0.2970418930053711
190,6.3333335,0.10995361,0.0014537491,0.81722826,-0.25,-0.25,0.0014537491369992,0.9134910106658936,0.0,0.3286681771278381,0.3572056293487549
191,6.366667,0.096058965,0.0014537491,0.6906048,-0.24014741,-0.25,0.0014537491369992,0.8172282576560974,0.0,0.331233263015747,0.4215919971466064
192,6.4,0.086412355,0.0014537491,0.5794748,-0.2160309,-0.2401474118232727,0.0014537491369992,0.6906048059463501,0.0,0.3091243207454681,0.4600555896759033
193,6.4333334,0.08312011,1.2271936,0.5389225,-0.20780027,,,,,,
194,6.4666667,0.08635932,1.2271936,0.5788285,-0.2158983,-0.2078002691268921,1.2271935939788818,0.5389224290847778,0.0,-0.5410389304161072,-0.0644906535744667
195,6.5,0.08938599,1.2271936,0.6152179,-0.22346497,-0.2158983051776886,1.2271935939788818,0.5788285136222839,0.0,-0.3553589582443237,-0.1311576664447784
196,6.5333333,0.09202331,1.2271936,0.64592296,-0.23005828,-0.2234649658203125,1.2271935939788818,0.615217924118042,0.0,0.083077847957611,-0.135917842388153
197,6.5666666,0.09467822,1.2271936,0.675663,-0.23669556,-0.2300582826137542,1.2271935939788818,0.6459229588508606,0.0,0.123769611120224,-0.0767824575304985
198,6.6,0.09588194,1.2271936,0.6887104,-0.23970485,-0.2366955578327179,1.2271935939788818,0.6756629943847656,0.0,-0.22151480615139,-0.0730568021535873
199,6.633333,0.08988154,1.2271936,0.6210664,-0.22470385,-0.2397048473358154,1.2271935939788818,0.6887103915214539,0.0,4.341825842857361e-06,-0.1059334352612495
200,6.6666665,0.083031595,1.2271936,0.53782254,-0.20757899,-0.224703848361969,1.2271935939788818,0.6210663914680481,0.0,-1.0684444904327393,-0.1637665778398513
201,6.7,0.07841182,1.2271936,0.4801582,-0.19602954,-0.2075789868831634,1.2271935939788818,0.5378225445747375,0.0,-0.5919153690338135,-0.2137783169746399
202,6.733333,0.09409416,1.2271936,0.66923076,-0.2352354,-0.1960295438766479,1.2271935939788818,0.4801581501960754,0.0,-0.618377685546875,-0.2472268939018249
203,6.766667,0.11602473,1.2271936,0.8582994,-0.25,-0.2352353930473327,1.2271935939788818,0.6692307591438293,0.0,-0.5521308779716492,-0.2587357759475708
204,6.8,0.14252198,1.2271936,0.95795655,-0.25,-0.25,1.2271935939788818,0.8582993745803833,0.0,-0.6205496191978455,-0.306514024734497
205,6.8333335,0.11660886,1.1250488,0.86181444,-0.25,-0.25,1.2271935939788818,0.9579565525054932,0.0,-0.6133208870887756,-0.3077372610569
206,6.866667,0.08028805,1.1250488,0.5036006,-0.20072013,-0.25,1.1250487565994265,0.861814558506012,1.0,-0.7978624105453491,-0.340633362531662
207,6.9,0.119794846,1.1250488,0.87971586,-0.25,-0.2007201313972473,1.1250487565994265,0.5036005973815918,1.0,-0.4659403860569,-0.3155457675457001
208,6.9333334,0.12862736,1.0229043,0.9191882,-0.25,-0.25,1.1250487565994265,0.8797158598899841,1.0,-0.4152877330780029,-0.2940511405467987
209,6.9666667,0.08198726,1.0229043,0.5248204,-0.20496815,-0.25,1.0229042768478394,0.9191882014274596,1.0,-0.5585759282112122,-0.3045758903026581
210,7.0,0.13714111,1.0229043,0.9456822,-0.25,-0.2049681544303894,1.0229042768478394,0.5248203873634338,1.0,-0.276871383190155,-0.2704098522663116
211,7.0333333,0.1082899,0.92075896,0.80447394,-0.25,-0.25,1.0229042768478394,0.9456822276115416,1.0,-0.4334242045879364,-0.2670879065990448
212,7.0666666,0.107174635,0.92075896,0.7955535,-0.25,-0.25,0.9207589626312256,0.8044739365577698,1.0,-0.25642129778862,-0.2138878256082534
213,7.1,0.12997258,0.8186138,0.9240456,-0.25,-0.25,0.9207589626312256,0.7955535054206848,1.0,-0.5318896770477295,-0.2089088559150695
214,7.133333,0.08880186,0.8186138,0.6082812,-0.22200465,-0.25,0.8186138272285461,0.9240456223487854,1.0,-0.4637527167797088,-0.1974590122699737
215,7.1666665,0.14275211,0.8186138,0.95841753,-0.25,-0.2220046520233154,0.8186138272285461,0.6082811951637268,1.0,-0.3780125081539154,-0.1860240697860717
216,7.2,0.07910222,0.7164686,0.48877963,-0.19775555,-0.25,0.8186138272285461,0.958417534828186,1.0,-0.4500066936016083,-0.2068747729063034
217,7.233333,0.14197314,0.7164686,0.9568373,-0.25,-0.1977555453777313,0.7164685726165771,0.4887796342372894,1.0,-0.1727167963981628,-0.1663585752248764
218,7.266667,0.14195555,0.7164686,0.95680094,-0.25,-0.25,0.7164685726165771,0.9568372964859008,1.0,-0.666005551815033,-0.2098991423845291
219,7.3,0.12882203,0.6143239,0.9199083,-0.25,-0.25,0.7164685726165771,0.956800937652588,1.0,0.0006356477970257,-0.1709135919809341
220,7.3333335,0.12021971,0.6143239,0.8819457,-0.25,-0.25,0.6143239140510559,0.9199082851409912,1.0,-0.5859525799751282,-0.2332632690668106
221,7.366667,0.104307234,0.6143239,0.77124625,-0.25,-0.25,0.6143239140510559,0.8819456100463867,1.0,-0.4989876747131347,-0.2689169645309448
222,7.4,0.08404052,0.6143239,0.55033547,-0.2101013,-0.25,0.6143239140510559,0.7712462544441223,1.0,-0.5277183651924133,-0.3155834972858429
223,7.4333334,0.09444821,0.6143239,0.6731376,-0.23612052,-0.210101306438446,0.6143239140510559,0.5503354668617249,1.0,-0.5586868524551392,-0.3384590148925781
224,7.4666667,0.12324643,0.6143239,0.8968146,-0.25,-0.2361205220222473,0.6143239140510559,0.6731376051902771,1.0,-0.2209970206022262,-0.3045040369033813
225,7.5,0.14411497,0.6143239,0.96105003,-0.25,-0.25,0.6143239140510559,0.8968145847320557,1.0,-0.7846351861953735,-0.3673868179321289
226,7.5333333,0.12021971,0.51217926,0.8819457,-0.25,-0.25,0.6143239140510559,0.961050033569336,1.0,0.0140473209321498,-0.3144669830799103
227,7.5666666,0.095103145,0.51217926,0.6803014,-0.23775786,-0.25,0.5121792554855347,0.8819456100463867,1.0,-0.7679025530815125,-0.3740582764148712
228,7.6,0.09154534,0.51217926,0.6404384,-0.22886336,-0.2377578616142273,0.5121792554855347,0.6803014278411865,1.0,-0.3307109773159027,-0.3825174272060394
229,7.633333,0.12894595,0.51217926,0.9203636,-0.25,-0.2288633584976196,0.5121792554855347,0.6404383778572083,1.0,-0.0037033313419669,-0.3258585035800934
230,7.6666665,0.13048583,0.41003403,0.92582726,-0.25,-0.25,0.5121792554855347,0.9203636050224304,1.0,-0.3138041198253631,-0.3246470987796783
231,7.7,0.08970457,0.41003403,0.61898184,-0.22426143,-0.25,0.410034030675888,0.9258272647857666,1.0,-0.2057297527790069,-0.3115284442901611
232,7.733333,0.110520005,0.41003403,0.82142043,-0.25,-0.2242614328861236,0.410034030675888,0.6189818382263184,1.0,-0.1324260681867599,-0.2877360582351684
233,7.766667,0.14114136,0.41003403,0.9550867,-0.25,-0.25,0.410034030675888,0.821420431137085,1.0,-0.2992208898067474,-0.284859836101532
234,7.8,0.11264402,0.30788884,0.8364709,-0.25,-0.25,0.410034030675888,0.9550867080688475,1.0,0.043415293097496,-0.244167223572731
235,7.8333335,0.082766116,0.30788884,0.53452146,-0.20691529,-0.25,0.3078888356685638,0.836470901966095,1.0,-0.5675082802772522,-0.3063920140266418
236,7.866667,0.107581735,0.30788884,0.7988443,-0.25,-0.2069152891635894,0.3078888356685638,0.5345214605331421,1.0,-0.5082271099090576,-0.3727199733257293
237,7.9,0.13896418,0.30788884,0.9501788,-0.25,-0.25,0.3078888356685638,0.7988442778587341,1.0,-0.3569961488246918,-0.4133176207542419
238,7.9333334,0.13253903,0.20574363,0.9325761,-0.25,-0.25,0.3078888356685638,0.9501788020133972,1.0,-0.41835418343544,-0.44168621301651
239,7.9666667,0.10510373,0.20574363,0.7781964,-0.25,-0.25,0.2057436257600784,0.9325761198997498,1.0,-0.2101555913686752,-0.4252728223800659
240,8.0,0.07954466,0.20574363,0.49430856,-0.19886166,-0.25,0.2057436257600784,0.778196394443512,1.0,-0.4138560891151428,-0.4455585181713104
241,8.033334,0.10933411,0.20574363,0.81255615,-0.25,-0.1988616585731506,0.2057436257600784,0.4943085610866546,1.0,-0.49506875872612,-0.4789080321788788
242,8.066667,0.14101744,0.20574363,0.95482016,-0.25,-0.25,0.2057436257600784,0.8125561475753784,1.0,-0.3970789909362793,-0.4867918491363525
243,8.1,0.1294238,0.10359844,0.9220973,-0.25,-0.25,0.2057436257600784,0.954820156097412,1.0,-0.1852041333913803,-0.4596038162708282
244,8.133333,0.0802539,1.2271936,0.5031737,-0.20063475,,,,,,
245,8.166667,0.08321047,1.2271936,0.5400449,-0.20802617,-0.2006347477436065,1.2271935939788818,0.5031737089157104,0.0,-0.6365318894386292,-0.0664952173829078
246,8.2,0.08471435,1.2271936,0.55865806,-0.21178588,-0.2080261707305908,1.2271935939788818,0.540044903755188,0.0,-0.4602437913417816,-0.1331731081008911
247,8.233334,0.085773945,1.2271936,0.5716772,-0.21443486,-0.2117858827114105,1.2271935939788818,0.5586580634117126,0.0,-0.1222516447305679,-0.1734008193016052
248,8.266666,0.0873974,1.2271936,0.5914275,-0.21849349,-0.2144348621368408,1.2271935939788818,0.5716772079467773,0.0,0.0870950892567634,-0.1499536335468292
249,8.3,0.08927733,1.2271936,0.613931,-0.22319332,-0.2184934914112091,1.2271935939788818,0.5914275050163269,0.0,0.0254177674651145,-0.0922427624464035
250,8.333333,0.0871411,1.2271936,0.5883273,-0.21785274,-0.2231933176517486,1.2271935939788818,0.6139310002326965,0.0,-0.2601925730705261,-0.1355979889631271
251,8.366667,0.08015138,1.2271936,0.50189227,-0.20037845,-0.2178527414798736,1.2271935939788818,0.5883272886276245,0.0,-0.4909801185131073,-0.2016018629074096
252,8.4,0.07755375,1.2271936,0.46945995,-0.19388437,-0.2003784477710724,1.2271935939788818,0.5018922686576843,0.0,-0.5382043123245239,-0.2467680871486663
253,8.433333,0.09732664,1.2271936,0.7039819,-0.24331659,-0.1938843727111816,1.2271935939788818,0.4694599509239197,0.0,-0.4668934941291809,-0.2813401222229004
254,8.466666,0.12884033,1.2271936,0.9199757,-0.25,-0.2433165907859802,1.2271935939788818,0.703981876373291,0.0,-0.4123965203762054,-0.2792797684669494
255,8.5,0.12285888,1.1250488,0.89500755,-0.25,-0.25,1.2271935939788818,0.9199756979942322,0.0,-0.5090133547782898,-0.2691642343997955
256,8.533334,0.09209716,1.1250488,0.646767,-0.23024291,-0.25,1.1250487565994265,0.8950075507164001,1.0,-0.570511519908905,-0.3164750635623932
257,8.566667,0.08946538,1.1250488,0.6161572,-0.22366345,-0.230242908000946,1.1250487565994265,0.6467670202255249,1.0,-0.1467829942703247,-0.2820807993412018
258,8.6,0.12441397,1.1250488,0.90209293,-0.25,-0.2236634492874145,1.1250487565994265,0.6161571741104126,1.0,-0.7415903210639954,-0.3307692408561706
259,8.633333,0.11892825,1.0229043,0.875055,-0.25,-0.25,1.1250487565994265,0.9020929336547852,1.0,-0.466492235660553,-0.3157020807266235
260,8.666667,0.08310795,1.0229043,0.5387714,-0.20776987,-0.25,1.0229042768478394,0.8750550150871277,1.0,-0.7288340926170349,-0.3357948362827301
261,8.7,0.13748783,1.0229043,0.94656587,-0.25,-0.2077698707580566,1.0229042768478394,0.538771390914917,1.0,-0.3557556569576263,-0.3207420706748962
262,8.733334,0.088217795,0.92075896,0.60130125,-0.22054449,-0.25,1.0229042768478394,0.9465658664703368,1.0,-0.6193830966949463,-0.3252044320106506
263,8.766666,0.11954343,0.92075896,0.87837934,-0.25,-0.2205444872379303,0.9207589626312256,0.6013012528419495,1.0,-0.4704090058803558,-0.304573655128479
264,8.8,0.110468745,0.8186138,0.8210441,-0.25,-0.25,0.9207589626312256,0.8783793449401855,1.0,-0.5113224387168884,-0.2897548377513885
265,8.833333,0.102368236,0.8186138,0.753694,-0.25,-0.25,0.8186138272285461,0.8210440874099731,1.0,-0.1943736225366592,-0.2359422445297241
266,8.866667,0.12666994,0.7164686,0.9116136,-0.25,-0.25,0.8186138272285461,0.7536939978599548,1.0,-0.8538464903831482,-0.2827182114124298
267,8.9,0.08652592,0.7164686,0.5808579,-0.2163148,-0.25,0.7164685726165771,0.9116135835647584,1.0,-0.474930852651596,-0.3047008514404297
268,8.933333,0.13894045,0.7164686,0.95012265,-0.25,-0.2163147926330566,0.7164685726165771,0.5808578133583069,1.0,-0.463099330663681,-0.2881336212158203
269,8.966666,0.10551268,0.6143239,0.7817057,-0.25,-0.25,0.7164685726165771,0.9501226544380188,1.0,0.1642300933599472,-0.2275611758232116
270,9.0,0.0795874,0.6143239,0.49484277,-0.1989685,-0.25,0.6143239140510559,0.7817056775093079,1.0,0.0242302902042865,-0.1880998611450195
271,9.033334,0.09155035,0.6143239,0.640496,-0.22887588,-0.1989684998989105,0.6143239140510559,0.4948427081108093,1.0,-0.8890672922134399,-0.2524149417877197
272,9.066667,0.12027836,0.6143239,0.88225067,-0.25,-0.2288758754730224,0.6143239140510559,0.640496015548706,1.0,-0.8113588690757751,-0.3167800605297088
273,9.1,0.13699216,0.6143239,0.9452984,-0.25,-0.25,0.6143239140510559,0.8822506666183472,1.0,-0.4274116158485412,-0.3293216228485107
274,9.133333,0.105991185,0.51217926,0.7857608,-0.25,-0.25,0.6143239140510559,0.9452983736991882,1.0,-0.6078417301177979,-0.3593700230121612
275,9.166667,0.07902348,0.51217926,0.48779598,-0.1975587,-0.25,0.5121792554855347,0.7857608199119568,1.0,-0.2254733592271804,-0.3336285948753357
276,9.2,0.11629641,0.51217926,0.8599435,-0.25,-0.1975587010383606,0.5121792554855347,0.4877959787845611,1.0,-0.5912129878997803,-0.3639499843120575
277,9.233334,0.13089108,0.51217926,0.9272068,-0.25,-0.25,0.5121792554855347,0.8599435091018677,1.0,-0.4216848909854889,-0.3830952942371368
278,9.266666,0.08568847,0.41003403,0.57063043,-0.21422118,-0.25,0.5121792554855347,0.927206814289093,1.0,-0.1106153726577758,-0.3363693654537201
279,9.3,0.1133399,0.41003403,0.8411748,-0.25,-0.214221179485321,0.410034030675888,0.5706303715705872,1.0,-0.2038360387086868,-0.3163898587226867
280,9.333333,0.13683844,0.41003403,0.9448996,-0.25,-0.25,0.410034030675888,0.8411747813224792,1.0,-0.0835104510188102,-0.2809890210628509
281,9.366667,0.10747808,0.30788884,0.7980102,-0.25,-0.25,0.410034030675888,0.9448996186256408,1.0,-0.4050111770629883,-0.3363172113895416
282,9.4,0.07861328,0.30788884,0.48267302,-0.1965332,-0.25,0.3078888356685638,0.7980101704597473,1.0,-0.274638682603836,-0.360949844121933
283,9.433333,0.10233402,0.30788884,0.7533763,-0.25,-0.196533203125,0.3078888356685638,0.4826730191707611,1.0,-0.1598975956439972,-0.3513681590557098
284,9.466666,0.12834477,0.30788884,0.9181324,-0.25,-0.25,0.3078888356685638,0.753376305103302,1.0,-0.0295348763465881,-0.3230471014976501
285,9.5,0.13883793,0.30788884,0.94987917,-0.25,-0.25,0.3078888356685638,0.9181324243545532,1.0,-0.3895262777805328,-0.3568292558193207
286,9.533334,0.113168955,0.20574363,0.84002954,-0.25,-0.25,0.3078888356685638,0.9498790502548218,1.0,-0.2138490974903106,-0.3601474463939667
287,9.566667,0.0873633,0.20574363,0.5910156,-0.21840826,-0.25,0.2057436257600784,0.8400295376777649,1.0,-0.1369121521711349,-0.3688580393791199
288,9.6,0.09057617,0.20574363,0.6292052,-0.22644043,-0.2184082567691803,0.2057436257600784,0.5910155773162842,1.0,-0.2310048788785934,-0.3855515718460083
289,9.633333,0.1174072,0.20574363,0.86649996,-0.25,-0.2264404296875,0.2057436257600784,0.6292052268981934,1.0,0.0301015377044677,-0.3578787446022033
290,9.666667,0.13868421,0.20574363,0.9495119,-0.25,-0.25,0.2057436257600784,0.8664999604225159,1.0,0.0314361415803432,-0.3230705857276916
291,9.7,0.123405755,0.10359844,0.8975494,-0.25,-0.25,0.2057436257600784,0.9495118856430054,1.0,-0.0570925772190094,-0.295548141002655
292,9.733334,0.091225624,0.10359844,0.6367489,-0.22806406,-0.25,0.1035984382033348,0.8975493907928467,0.0,0.0392560958862304,-0.2526722848415375
293,9.766666,0.09754884,0.10359844,0.7062919,-0.2438721,-0.2280640602111816,0.1035984382033348,0.6367489695549011,0.0,0.0529383607208728,-0.2142551690340042
294,9.8,0.13697517,0.10359844,0.9452545,-0.25,-0.2438721060752868,0.1035984382033348,0.706291913986206,0.0,0.0530996732413768,-0.1701003462076187
295,9.833333,0.12176514,0.0014537491,0.88975656,-0.25,-0.25,0.1035984382033348,0.9452545046806335,0.0,0.0873243510723114,-0.1228955388069152
296,9.866667,0.10192382,0.0014537491,0.7495458,-0.25,-0.25,0.0014537491369992,0.8897565603256226,0.0,-0.0138251138851046,-0.1021248996257782
297,9.9,0.09332764,0.0014537491,0.66069263,-0.2333191,-0.25,0.0014537491369992,0.7495458126068115,0.0,-0.0543250329792499,-0.0889971777796745
298,9.933333,0.1188941,0.0014537491,0.8748681,-0.25,-0.2333191037178039,0.0014537491369992,0.6606926321983337,0.0,-0.2355140298604965,-0.1099479496479034
299,9.966666,0.13770998,0.0014537491,0.94712496,-0.25,-0.25,0.0014537491369992,0.8748680949211121,0.0,-0.2124807834625244,-0.1210584640502929
300,10.0,0.13759035,0.0014537491,0.94682455,-0.25,-0.25,0.0014537491369992,0.94712495803833,0.0,-0.1616472750902176,-0.1279907375574112
301,10.033334,0.09975338,0.0014537491,0.72862726,-0.24938345,-0.25,0.0014537491369992,0.946824550628662,0.0,-0.316526710987091,-0.1741475313901901
302,10.066667,0.101052284,0.0014537491,0.7412766,-0.25,-0.2493834495544433,0.0014537491369992,0.7286272644996643,0.0,0.0494685508310794,-0.1293580383062362
303,10.1,0.13791496,0.20574363,0.9476358,-0.25,-0.25,0.0014537491369992,0.7412766218185425,0.0,-0.241363450884819,-0.1620009243488311
304,10.133333,0.12395263,0.10359844,0.90003663,-0.25,-0.25,0.2057436257600784,0.9476358294487,1.0,-0.2738896310329437,-0.2000816762447357
305,10.166667,0.08782464,0.10359844,0.5965793,-0.2195616,-0.25,0.1035984382033348,0.900036633014679,0.0,0.08798448741436,-0.1873324662446975
306,10.2,0.09746337,0.10359844,0.7054046,-0.24365842,-0.2195616066455841,0.1035984382033348,0.5965793132781982,0.0,0.0244507677853107,-0.1343919783830642
307,10.233334,0.117338896,0.10359844,0.86610436,-0.25,-0.2436584234237671,0.1035984382033348,0.7054045796394348,0.0,0.1426275223493576,-0.0682794228196144
308,10.266666,0.13719732,0.10359844,0.9458264,-0.25,-0.25,0.1035984382033348,0.8661043643951416,0.0,0.1693116277456283,-0.0027495149988681
309,10.3,0.13784665,0.0014537491,0.9474661,-0.25,-0.25,0.1035984382033348,0.9458264112472534,0.0,0.1623306423425674,0.056468941271305
310,10.333333,0.13042969,0.0014537491,0.92563426,-0.25,-0.25,0.0014537491369992,0.9474660754203796,0.0,0.15825816988945,0.1067397370934486
311,10.366667,0.10693115,0.0014537491,0.7935663,-0.25,-0.25,0.0014537491369992,0.925634264945984,0.0,0.0372276045382022,0.1260410696268081
312,10.4,0.09067869,0.0014537491,0.63040036,-0.22669673,-0.25,0.0014537491369992,0.7935662865638733,0.0,0.0524459183216095,0.1262548714876175
313,10.433333,0.115766644,0.0014537491,0.8567227,-0.25,-0.2266967296600341,0.0014537491369992,0.6304003596305847,0.0,0.1706857681274414,0.1680376082658767
314,10.466666,0.13805181,0.0014537491,0.9479744,-0.25,-0.25,0.0014537491369992,0.8567227125167847,0.0,0.0521849878132343,0.1811520457267761
315,10.5,0.13700926,0.0014537491,0.9453426,-0.25,-0.25,0.0014537491369992,0.9479743838310242,0.0,0.0927437394857406,0.2026217877864837
316,10.533334,0.10055661,0.0014537491,0.73649514,-0.25,-0.25,0.0014537491369992,0.9453426003456116,0.0,0.0506036430597305,0.186430424451828
317,10.566667,0.09566891,0.0014537491,0.6864223,-0.23917228,-0.25,0.0014537491369992,0.7364957332611084,0.0,0.0506230592727661,0.1589128524065017
318,10.6,0.12332028,0.20574363,0.8971558,-0.25,-0.2391722798347473,0.0014537491369992,0.6864222884178162,0.0,0.0157660916447639,0.1087845042347908
319,10.633333,0.13864988,0.20574363,0.9494296,-0.25,-0.25,0.2057436257600784,0.8971558213233948,1.0,0.0099459839984774,0.0616928748786449
320,10.666667,0.12714845,0.10359844,0.9135224,-0.25,-0.25,0.2057436257600784,0.9494295716285706,1.0,-0.1969454735517501,0.0115412808954715
321,10.7,0.11221194,0.10359844,0.83349425,-0.25,-0.25,0.1035984382033348,0.9135224223136902,0.0,-0.375912994146347,-0.0496923066675663
322,10.733334,0.09577149,0.10359844,0.6875252,-0.23942873,-0.25,0.1035984382033348,0.833494246006012,0.0,-0.386094182729721,-0.1052275449037551
323,10.766666,0.07668209,0.10359844,0.45862103,-0.19170523,-0.2394287288188934,0.1035984382033348,0.68752521276474,0.0,-0.4862097203731537,-0.1546784341335296
324,10.8,0.09982175,0.10359844,0.7293027,-0.24955437,-0.1917052268981933,0.1035984382033348,0.4586210250854492,0.0,-0.1875720471143722,-0.149066686630249
325,10.833333,0.11351073,0.10359844,0.8423126,-0.25,-0.2495543658733368,0.1035984382033348,0.7293026447296143,0.0,0.1151078119874,-0.0946718454360961
326,10.866667,0.1236279,0.10359844,0.8985663,-0.25,-0.25,0.1035984382033348,0.8423125743865967,0.0,0.0048913867212831,-0.0876085013151168
327,10.9,0.13249755,0.10359844,0.9324456,-0.25,-0.25,0.1035984382033348,0.8985663056373596,0.0,0.1008162125945091,-0.0587025322020053
328,10.933333,0.13538575,0.10359844,0.9409934,-0.25,-0.25,0.1035984382033348,0.9324455857276917,0.0,0.153128907084465,-0.0406809747219085
329,10.966666,0.13753903,0.10359844,0.94669527,-0.25,-0.25,0.1035984382033348,0.9409934282302856,0.0,0.2057933807373047,-0.0218961387872695
330,11.0,0.13733399,0.0014537491,0.9461756,-0.25,-0.25,0.1035984382033348,0.9466952681541444,0.0,0.1077056229114532,0.0085390219464898
331,11.033334,0.12434572,0.0014537491,0.9017911,-0.25,-0.25,0.0014537491369992,0.9461755752563475,0.0,0.1471869945526123,0.0571961551904678
332,11.066667,0.103444815,0.0014537491,0.7635498,-0.25,-0.25,0.0014537491369992,0.9017910957336426,0.0,0.077075682580471,0.1166973933577537
333,11.1,0.0871923,0.0014537491,0.5889472,-0.21798074,-0.25,0.0014537491369992,0.7635498046875,0.0,0.0261949691921472,0.145571768283844
334,11.133333,0.10347891,0.0014537491,0.7638575,-0.25,-0.2179808914661407,0.0014537491369992,0.5889479517936707,0.0,0.1353487074375152,0.19415844976902
335,11.166667,0.12643057,0.0014537491,0.9106445,-0.25,-0.25,0.0014537491369992,0.7638574838638306,0.0,0.1255613565444946,0.2319258153438568
336,11.2,0.13813722,0.0014537491,0.9481846,-0.25,-0.25,0.0014537491369992,0.9106444716453552,0.0,0.0765764936804771,0.260233461856842
337,11.233334,0.13037843,0.0014537491,0.92545766,-0.25,-0.25,0.0014537491369992,0.948184609413147,0.0,0.0793166384100914,0.268567830324173
338,11.266666,0.10098386,0.0014537491,0.74061996,-0.25,-0.25,0.0014537491369992,0.9254577159881592,0.0,0.0721378922462463,0.2440367043018341
339,11.3,0.08591062,0.0014537491,0.57334965,-0.21477655,-0.25,0.0014537491369992,0.740619957447052,0.0,0.0044207186438143,0.2060263454914093
340,11.333333,0.11658692,0.0014537491,0.8616839,-0.25,-0.2147765457630157,0.0014537491369992,0.57334965467453,0.0,0.0952402800321579,0.1527476459741592
341,11.366667,0.13849613,0.20574363,0.9490592,-0.25,-0.25,0.0014537491369992,0.8616839051246643,0.0,0.0692011713981628,0.1049278676509857
342,11.4,0.12395263,0.10359844,0.90003663,-0.25,-0.25,0.2057436257600784,0.9490591883659364,1.0,0.0828672125935554,0.0613401941955089
343,11.433333,0.11074215,0.10359844,0.8230439,-0.25,-0.25,0.1035984382033348,0.900036633014679,0.0,-0.1118874549865722,0.0103269703686237
344,11.466666,0.09956545,0.10359844,0.72676533,-0.24891362,-0.25,0.1035984382033348,0.8230438828468323,0.0,-0.1509643048048019,-0.0315102487802505
345,11.5,0.08391112,0.10359844,0.54873383,-0.2097778,-0.2489136159420013,0.1035984382033348,0.7267653346061707,0.0,-0.1185849532485008,-0.0524737611413002
346,11.533334,0.08784181,0.10359844,0.59678584,-0.21960452,-0.2097778022289276,0.1035984382033348,0.5487338304519653,0.0,-0.5244840979576111,-0.1090998947620391
347,11.566667,0.10679442,0.10359844,0.79244405,-0.25,-0.2196045219898224,0.1035984382033348,0.596785843372345,0.0,-0.0343633815646171,-0.0929692238569259
348,11.6,0.11938965,0.10359844,0.87755555,-0.25,-0.25,0.1035984382033348,0.7924440503120422,0.0,-0.0279525276273489,-0.0731957852840423
349,11.633333,0.12762696,0.10359844,0.9153939,-0.25,-0.25,0.1035984382033348,0.8775555491447449,0.0,0.008281678892672,-0.0636751279234886
350,11.666667,0.13671875,0.10359844,0.94458723,-0.25,-0.25,0.1035984382033348,0.915393888950348,0.0,0.0914594829082489,-0.0412482656538486
351,11.7,0.13796628,0.10359844,0.947763,-0.25,-0.25,0.1035984382033348,0.944587230682373,0.0,0.1606605499982834,-0.0350715443491935
352,11.733334,0.13745365,0.10359844,0.9464794,-0.25,-0.25,0.1035984382033348,0.9477630257606506,0.0,0.1748347282409668,0.0040432438254356
353,11.766666,0.13531736,0.0014537491,0.94080323,-0.25,-0.25,0.1035984382033348,0.9464793801307678,0.0,0.1786355972290039,0.0582807846367359
354,11.8,0.13577875,0.0014537491,0.94207513,-0.25,-0.25,0.0014537491369992,0.9408032298088074,0.0,0.2040145546197891,0.0720803514122963
355,11.833333,0.13436031,0.0014537491,0.9380814,-0.25,-0.25,0.0014537491369992,0.9420751333236694,0.0,0.1524975746870041,0.0613699778914451
356,11.866667,0.11284423,0.0014537491,0.8378356,-0.25,-0.25,0.0014537491369992,0.9380816221237184,0.0,0.1554862111806869,0.0641222074627876
357,11.9,0.09216553,0.0014537491,0.6475476,-0.23041382,-0.25,0.0014537491369992,0.8378356099128723,0.0,0.1129459962248802,0.1020462214946746
358,11.933333,0.092900395,0.0014537491,0.6558873,-0.23225099,-0.2304138243198394,0.0014537491369992,0.6475476026535034,0.0,0.0904179066419601,0.1457733511924743
359,11.966666,0.113271475,0.0014537491,0.8407172,-0.25,-0.2322509884834289,0.0014537491369992,0.6558873057365417,0.0,0.0972474664449691,0.1286827623844146
360,12.0,0.13806885,0.0014537491,0.94801635,-0.25,-0.25,0.0014537491369992,0.8407171964645386,0.0,0.1823167949914932,0.1577616035938263
361,12.033334,0.13060057,0.0014537491,0.9262203,-0.25,-0.25,0.0014537491369992,0.948016345500946,0.0,-0.0736222490668296,0.1461738795042038
362,12.066667,0.101257324,0.0014537491,0.7432379,-0.25,-0.25,0.0014537491369992,0.9262202978134156,0.0,0.1360470652580261,0.1531097888946533
363,12.1,0.08040774,0.0014537491,0.50509655,-0.20101935,-0.25,0.0014537491369992,0.7432379126548767,0.0,-0.0811566337943077,0.1068829968571662
364,12.133333,0.11187011,0.0014537491,0.8311087,-0.25,-0.2010193467140197,0.0014537491369992,0.5050965547561646,0.0,0.0435765758156776,0.0995210781693458
365,12.166667,0.13415527,0.20574363,0.9374832,-0.25,-0.25,0.0014537491369992,0.8311086893081665,0.0,-0.2773789763450622,0.0506110414862632
366,12.2,0.13150632,0.20574363,0.929256,-0.25,-0.25,0.2057436257600784,0.9374831914901732,1.0,-0.2757431864738464,-0.0083362255245447
367,12.233334,0.112143576,0.10359844,0.8330193,-0.25,-0.25,0.2057436257600784,0.9292559623718262,1.0,-0.4400356411933899,-0.0706084817647934
368,12.266666,0.09197754,0.10359844,0.64539933,-0.22994384,-0.25,0.1035984382033348,0.8330193161964417,0.0,-0.4588357508182525,-0.1221827343106269
369,12.3,0.07627195,0.10359844,0.4535339,-0.19067988,-0.2299438416957855,0.1035984382033348,0.6453993320465088,0.0,-0.1555768698453903,-0.1339741349220276
370,12.333333,0.095600605,0.10359844,0.68568665,-0.23900151,-0.1906798779964447,0.1035984382033348,0.4535338878631592,0.0,0.0389644801616668,-0.1038061156868934
371,12.366667,0.11120361,0.10359844,0.82637924,-0.25,-0.2390015125274658,0.1035984382033348,0.6856866478919983,0.0,-0.3793978691101074,-0.1461599618196487
372,12.4,0.12301272,0.10359844,0.89572823,-0.25,-0.25,0.1035984382033348,0.8263792395591736,0.0,0.0722717344760894,-0.105785883963108
373,12.433333,0.13230956,0.10359844,0.931851,-0.25,-0.25,0.1035984382033348,0.8957282304763794,0.0,0.0823461189866066,-0.0618608295917511
374,12.466666,0.13594973,0.10359844,0.94253993,-0.25,-0.25,0.1035984382033348,0.9318510293960572,0.0,-0.0849648937582969,-0.0365773737430572
375,12.5,0.13793212,0.10359844,0.94767845,-0.25,-0.25,0.1035984382033348,0.9425398111343384,0.0,0.011815495789051,-0.0258253496140241
376,12.533334,0.13808596,0.10359844,0.9480585,-0.25,-0.25,0.1035984382033348,0.9476784467697144,0.0,-0.0321295298635959,-0.0243691112846136
377,12.566667,0.138291,0.10359844,0.948561,-0.25,-0.25,0.1035984382033348,0.9480584859848022,0.0,-0.2546285986900329,-0.0726222246885299
378,12.6,0.13817137,0.10359844,0.9482684,-0.25,-0.25,0.1035984382033348,0.9485610127449036,0.0,0.0564125664532184,-0.0975555777549743
379,12.633333,0.13752192,0.10359844,0.9466521,-0.25,-0.25,0.1035984382033348,0.9482684135437012,0.0,0.0497687794268131,-0.1064613983035087
380,12.666667,0.1354028,0.10359844,0.9410408,-0.25,-0.25,0.1035984382033348,0.9466521143913268,0.0,0.2826809883117676,-0.0623049959540367
381,12.7,0.13309574,0.10359844,0.9343054,-0.25,-0.25,0.1035984382033348,0.941040813922882,0.0,0.0640011131763458,-0.0181339979171752
382,12.733334,0.13536859,0.10359844,0.9409458,-0.25,-0.25,0.1035984382033348,0.9343054294586182,0.0,0.1514054834842682,-0.002857327228412
383,12.766666,0.13844478,0.10359844,0.94893485,-0.25,-0.25,0.1035984382033348,0.94094580411911,0.0,0.0964768752455711,-0.0047521023079752
384,12.8,0.13873535,0.10359844,0.9496343,-0.25,-0.25,0.1035984382033348,0.9489348530769348,0.0,0.198997214436531,-0.0145474504679441
385,12.833333,0.12099612,0.0014537491,0.88592803,-0.25,-0.25,0.1035984382033348,0.949634313583374,0.0,0.1975684911012649,0.0161809083074331
386,12.866667,0.101052225,0.0014537491,0.741276,-0.25,-0.25,0.0014537491369992,0.8859277367591858,0.0,0.2001808285713195,0.0527363680303096
387,12.9,0.08382571,0.0014537491,0.5476761,-0.20956427,-0.25,0.0014537491369992,0.7412766218185425,0.0,0.174815222620964,0.0768724456429481
388,12.933333,0.08553469,0.0014537491,0.5687455,-0.21383673,-0.2095642685890197,0.0014537491369992,0.5476760864257812,0.0,0.2007428109645843,0.1378432214260101
389,12.966666,0.100026846,0.0014537491,0.73132247,-0.25,-0.2138367295265197,0.0014537491369992,0.568745493888855,0.0,0.2045500725507736,0.188414841890335
390,13.0,0.113835454,0.0014537491,0.8444572,-0.25,-0.25,0.0014537491369992,0.7313224077224731,0.0,0.1628223657608032,0.2060465961694717
391,13.033334,0.12673831,0.0014537491,0.9118886,-0.25,-0.25,0.0014537491369992,0.84445720911026,0.0,0.0604147762060165,0.2090768069028854
392,13.066667,0.13861573,0.0014537491,0.9493475,-0.25,-0.25,0.0014537491369992,0.911888599395752,0.0,0.0595368482172489,0.2154654860496521
393,13.1,0.13369384,0.0014537491,0.9361173,-0.25,-0.25,0.0014537491369992,0.9493474960327148,0.0,0.0610193125903606,0.2324069440364837
394,13.133333,0.11976564,0.0014537491,0.87956125,-0.25,-0.25,0.0014537491369992,0.9361172914505004,0.0,-0.2956357300281524,0.1777341961860656
395,13.166667,0.104162574,0.0014537491,0.76996773,-0.25,-0.25,0.0014537491369992,0.8795612454414368,0.0,0.0335820168256759,0.1795305758714676
396,13.2,0.08876467,0.0014537491,0.607838,-0.22191167,-0.25,0.0014537491369992,0.7699679136276245,0.0,-0.1634315699338913,0.1522640883922577
397,13.233334,0.07647705,0.0014537491,0.45607665,-0.19119263,-0.2219115942716598,0.0014537491369992,0.6078376173973083,0.0,-0.1212050914764404,0.1414529085159301
398,13.266666,0.09918949,0.0014537491,0.7230166,-0.24797373,-0.191192626953125,0.0014537491369992,0.4560766518115997,0.0,-0.0282603744417428,0.1429768204689026
399,13.3,0.11716798,0.0014537491,0.8651102,-0.25,-0.2479737251996994,0.0014537491369992,0.723016619682312,0.0,-0.1073219552636146,0.105117455124855
400,13.333333,0.13020754,0.20574363,0.92486614,-0.25,-0.25,0.0014537491369992,0.8651102185249329,0.0,-0.2186732590198516,0.048737533390522
401,13.366667,0.13933349,0.20574363,0.9510457,-0.25,-0.25,0.2057436257600784,0.9248661398887634,1.0,-0.1866966784000396,0.0180358998477458
402,13.4,0.12511474,0.10359844,0.9051442,-0.25,-0.25,0.2057436257600784,0.9510456919670104,1.0,-0.3053015470504761,-0.0253489837050437
403,13.433333,0.108947754,0.10359844,0.80959606,-0.25,-0.25,0.1035984382033348,0.905144214630127,0.0,-0.2113582193851471,-0.0568243898451328
404,13.466666,0.0923706,0.10359844,0.6498841,-0.2309265,-0.25,0.1035984382033348,0.809596061706543,0.0,-0.4351274967193603,-0.1094787865877151
405,13.5,0.0750415,0.10359844,0.43833435,-0.18760376,-0.2309264987707138,0.1035984382033348,0.6498841643333435,0.0,-0.6223170161247253,-0.1712729930877685
406,13.533334,0.091584474,0.10359844,0.6408888,-0.22896118,-0.1876037567853927,0.1035984382033348,0.4383343458175659,0.0,-0.3994272947311401,-0.1871866434812545
407,13.566667,0.11188725,0.10359844,0.831229,-0.25,-0.2289611846208572,0.1035984382033348,0.6408888101577759,0.0,-0.2531420290470123,-0.1880894601345062
408,13.6,0.122329116,0.10359844,0.89249235,-0.25,-0.25,0.1035984382033348,0.8312289714813232,0.0,-0.3268527686595917,-0.1813545972108841
409,13.633333,0.1263794,0.10359844,0.910436,-0.25,-0.25,0.1035984382033348,0.8924923539161682,0.0,-0.0633701384067535,-0.1284485757350921
410,13.666667,0.12863532,0.10359844,0.9192178,-0.25,-0.25,0.1035984382033348,0.9104359745979308,0.0,0.033023040741682,-0.0657977759838104
411,13.7,0.12614015,0.10359844,0.9094558,-0.25,-0.25,0.1035984382033348,0.9192178249359132,0.0,-0.3204743862152099,-0.0908915624022483
412,13.733334,0.12441409,0.10359844,0.9020934,-0.25,-0.25,0.1035984382033348,0.9094557762145996,0.0,0.16219362616539,-0.0352209210395813
413,13.766666,0.1231665,0.10359844,0.89644414,-0.25,-0.25,0.1035984382033348,0.9020934104919434,0.0,0.1110800355672836,-0.0050106174312531
414,13.8,0.12760988,0.10359844,0.9153277,-0.25,-0.25,0.1035984382033348,0.8964441418647766,0.0,0.0676686093211174,-0.030016578733921
415,13.833333,0.13036129,0.10359844,0.9253985,-0.25,-0.25,0.1035984382033348,0.9153277277946472,0.0,0.1327423751354217,-0.0418035686016082
416,13.866667,0.13244629,0.10359844,0.93228394,-0.25,-0.25,0.1035984382033348,0.9253985285758972,0.0,0.2289558798074722,-0.0022710601333528
417,13.9,0.13398433,0.10359844,0.93698037,-0.25,-0.25,0.1035984382033348,0.9322839379310608,0.0,0.0183132048696279,-0.0043011419475078
418,13.933333,0.1351465,0.10359844,0.9403257,-0.25,-0.25,0.1035984382033348,0.936980366706848,0.0,0.1539004296064376,0.0029831763822585
419,13.966666,0.13882083,0.10359844,0.9498384,-0.25,-0.25,0.1035984382033348,0.9403256773948668,0.0,0.0017473831539973,-2.853000296454411e-05
420,14.0,0.13866705,0.10359844,0.9494707,-0.25,-0.25,0.1035984382033348,0.949838399887085,0.0,0.0391281843185424,-0.0453337021172046
421,14.033334,0.13015628,0.10359844,0.9246878,-0.25,-0.25,0.1035984382033348,0.9494706392288208,0.0,0.0114132473245263,-0.0854847356677055
422,14.066667,0.11817628,0.0014537491,0.8708859,-0.25,-0.25,0.1035984382033348,0.9246877431869508,0.0,0.1492401957511901,-0.0453575663268566
423,14.1,0.10846919,0.0014537491,0.8058801,-0.25,-0.25,0.0014537491369992,0.8708859086036682,0.0,0.1700494736433029,0.0109207406640052
424,14.133333,0.09688231,0.0014537491,0.69933134,-0.24220578,-0.25,0.0014537491369992,0.805880606174469,0.0,0.1752148121595382,0.0686893090605735
425,14.166667,0.08433837,0.0014537491,0.55401796,-0.21084592,-0.2422057837247848,0.0014537491369992,0.6993313431739807,0.0,0.1434429734945297,0.101922906935215
426,14.2,0.07331544,0.0014537491,0.41721225,-0.1832886,-0.2108459174633026,0.0014537491369992,0.554017961025238,0.0,0.0630996450781822,0.126718208193779
427,14.233334,0.08784181,0.0014537491,0.59678584,-0.21960452,-0.1832886040210724,0.0014537491369992,0.4172122776508331,0.0,0.1281462460756302,0.1755404323339462
428,14.266666,0.09954834,0.0014537491,0.7265954,-0.24887085,-0.2196045219898224,0.0014537491369992,0.596785843372345,0.0,0.0511031635105609,0.1797518879175186
429,14.3,0.11381838,0.0014537491,0.844345,-0.25,-0.248870849609375,0.0014537491369992,0.726595401763916,0.0,0.0767059177160263,0.2110588699579239
430,14.333333,0.12853274,0.0014537491,0.9188361,-0.25,-0.25,0.0014537491369992,0.844344973564148,0.0,0.0704393982887268,0.2234990745782852
431,14.366667,0.138855,0.0014537491,0.9499197,-0.25,-0.25,0.0014537491369992,0.9188361167907716,0.0,-0.10103390365839,0.2123103439807891
432,14.4,0.13191652,0.0014537491,0.9305925,-0.25,-0.25,0.0014537491369992,0.9499197006225586,0.0,0.0646051242947578,0.2024275958538055
433,14.433333,0.12338871,0.0014537491,0.8974711,-0.25,-0.25,0.0014537491369992,0.9305923581123352,0.0,0.0101398294791579,0.1994577795267105
434,14.466666,0.11658692,0.0014537491,0.8616839,-0.25,-0.25,0.0014537491369992,0.8974708318710327,0.0,0.0173975173383951,0.207634761929512
435,14.5,0.10976803,0.0014537491,0.8158383,-0.25,-0.25,0.0014537491369992,0.8616836071014404,0.0,0.0672628358006477,0.2311249673366546
436,14.533334,0.10276127,0.0014537491,0.7573239,-0.25,-0.25,0.0014537491369992,0.8158385157585144,0.0,0.0833011642098426,0.243965208530426
437,14.566667,0.09677976,0.0014537491,0.6982521,-0.24194941,-0.25,0.0014537491369992,0.7573236227035522,0.0,-0.076448418200016,0.2099764496088028
438,14.6,0.086337864,0.0014537491,0.57856697,-0.21584466,-0.2419494092464447,0.0014537491369992,0.6982520818710327,0.0,0.0669042244553566,0.2243569493293762
439,14.633333,0.07276854,0.0014537491,0.41057885,-0.18192135,-0.2158447355031967,0.0014537491369992,0.5785673260688782,0.0,0.039548609405756,0.2195193469524383
440,14.666667,0.09028563,0.0014537491,0.62580967,-0.22571407,-0.1819213479757309,0.0014537491369992,0.4105788171291351,0.0,0.0256725251674652,0.1972856819629669
441,14.7,0.10805908,0.0014537491,0.8026523,-0.25,-0.2257140725851059,0.0014537491369992,0.6258096694946289,0.0,-0.0785627216100692,0.1561743915081024
442,14.733334,0.12226075,0.20574363,0.89216393,-0.25,-0.25,0.0014537491369992,0.8026521801948547,0.0,-0.2318698167800903,0.1122699454426765
443,14.766666,0.13591552,0.20574363,0.9424471,-0.25,-0.25,0.2057436257600784,0.8921639323234558,1.0,-0.2000462859869003,0.0680680572986602
444,14.8,0.13470215,0.20574363,0.9390667,-0.25,-0.25,0.2057436257600784,0.9424471259117126,1.0,-0.2842738330364227,0.0166870970278978
445,14.833333,0.1248413,0.20574363,0.9039639,-0.25,-0.25,0.2057436257600784,0.9390667080879213,1.0,-0.6475244164466858,-0.0450943112373352
446,14.866667,0.11451903,0.10359844,0.8488939,-0.25,-0.25,0.2057436257600784,0.9039639234542848,1.0,-0.632828414440155,-0.1085056290030479
447,14.9,0.10158202,0.10359844,0.7463238,-0.25,-0.25,0.1035984382033348,0.8488938808441162,0.0,-0.2171067744493484,-0.1256937682628631
448,14.933333,0.08941406,0.10359844,0.61555016,-0.22353515,-0.25,0.1035984382033348,0.746323823928833,0.0,-0.2385953217744827,-0.1158699765801429
449,14.966666,0.07750243,0.10359844,0.46882087,-0.19375607,-0.2235351502895355,0.1035984382033348,0.61555016040802,0.0,-0.0939521118998527,-0.0807908251881599
450,15.0,0.07447752,0.10359844,0.43140438,-0.18619381,-0.1937560737133026,0.1035984382033348,0.4688208699226379,0.0,-0.0380581766366958,-0.0668758526444435
451,15.033334,0.08720946,0.10359844,0.589155,-0.21802366,-0.1861938089132309,0.1035984382033348,0.4314043819904327,0.0,-0.0452812910079956,-0.0605550855398178
452,15.066667,0.101513654,0.10359844,0.7456761,-0.25,-0.2180236577987671,0.1035984382033348,0.5891550183296204,0.0,-0.3264271914958954,-0.1012637093663215
453,15.1,0.11605713,0.10359844,0.8584963,-0.25,-0.25,0.1035984382033348,0.7456761002540588,0.0,-0.4238359034061432,-0.1644818931818008
454,15.133333,0.12480712,0.10359844,0.9038154,-0.25,-0.25,0.1035984382033348,0.8584963083267212,0.0,-0.2124441713094711,-0.1609739661216735
455,15.166667,0.12766114,0.10359844,0.91552615,-0.25,-0.25,0.1035984382033348,0.9038153886795044,0.0,-0.1154279634356498,-0.1093584075570106
456,15.2,0.12933594,0.10359844,0.9217811,-0.25,-0.25,0.1035984382033348,0.9155261516571044,0.0,-0.1737110912799835,-0.067922256886959
457,15.233334,0.12820801,0.10359844,0.9176169,-0.25,-0.25,0.1035984382033348,0.9217811226844788,0.0,-0.543435275554657,-0.1156990900635719
458,15.266666,0.12914795,0.10359844,0.92110074,-0.25,-0.25,0.1035984382033348,0.9176169037818908,0.0,-0.6795101761817932,-0.1737222671508789
459,15.3,0.13022462,0.10359844,0.9249254,-0.25,-0.25,0.1035984382033348,0.9211007356643676,0.0,0.0509292483329772,-0.1145330145955085
460,15.333333,0.12844726,0.10359844,0.91851676,-0.25,-0.25,0.1035984382033348,0.9249253869056702,0.0,-0.0981186479330062,-0.1007032990455627
461,15.366667,0.120961905,0.10359844,0.88575506,-0.25,-0.25,0.1035984382033348,0.9185167551040648,0.0,0.0634179264307022,-0.0926887318491935
462,15.4,0.11588621,0.10359844,0.85745496,-0.25,-0.25,0.1035984382033348,0.8857549428939819,0.0,0.1690867096185684,-0.0279207937419414
463,15.433333,0.11701414,0.10359844,0.86421007,-0.25,-0.25,0.1035984382033348,0.8574549555778503,0.0,0.1053313240408897,-0.0031883239280432
464,15.466666,0.12359375,0.10359844,0.8984105,-0.25,-0.25,0.1035984382033348,0.8642100691795349,0.0,0.0377013906836509,-0.0051405653357505
465,15.5,0.131062,0.10359844,0.9277815,-0.25,-0.25,0.1035984382033348,0.8984104990959167,0.0,0.06947872787714,-0.0126558076590299
466,15.533334,0.13577881,0.10359844,0.9420753,-0.25,-0.25,0.1035984382033348,0.9277815222740172,0.0,0.0681404843926429,-0.0031192826572805
467,15.566667,0.13603514,0.10359844,0.9427707,-0.25,-0.25,0.1035984382033348,0.9420753121376038,0.0,0.0692212656140327,0.0184796545654535
468,15.6,0.1386328,0.10359844,0.9493885,-0.25,-0.25,0.1035984382033348,0.9427707195281982,0.0,-0.0556251183152198,-0.0226781647652387
469,15.633333,0.13685545,0.10359844,0.9449439,-0.25,-0.25,0.1035984382033348,0.9493885040283204,0.0,0.1015664935111999,-0.044009543955326
470,15.666667,0.1379321,0.10359844,0.9476783,-0.25,-0.25,0.1035984382033348,0.944943904876709,0.0,0.2074620872735977,-0.0319977663457393
471,15.7,0.13576174,0.10359844,0.94202864,-0.25,-0.25,0.1035984382033348,0.9476783275604248,0.0,0.2834806740283966,0.0246530137956142
472,15.733334,0.115612805,0.0014537491,0.8557759,-0.25,-0.25,0.1035984382033348,0.9420285820961,0.0,0.2648158371448517,0.0886625871062278
473,15.766666,0.08891845,0.0014537491,0.6096693,-0.22229612,-0.25,0.0014537491369992,0.8557758927345276,0.0,0.1644757688045501,0.1152825951576232
474,15.8,0.08240721,0.0014537491,0.53005385,-0.20601802,-0.2222961187362671,0.0014537491369992,0.6096693277359009,0.0,0.1984926462173462,0.1444932222366333
475,15.833333,0.09927492,0.0014537491,0.7238712,-0.2481873,-0.2060180157423019,0.0014537491369992,0.5300538539886475,0.0,0.1355954855680465,0.1832505613565445
476,15.866667,0.110930175,0.0014537491,0.8244089,-0.25,-0.2481873035430908,0.0014537491369992,0.7238711714744568,0.0,0.1381433308124542,0.198592409491539
477,15.9,0.118569344,0.0014537491,0.87307966,-0.25,-0.25,0.0014537491369992,0.8244088888168335,0.0,0.1513234376907348,0.2145193070173263
478,15.933333,0.12564453,0.0014537491,0.9073943,-0.25,-0.25,0.0014537491369992,0.8730796575546265,0.0,0.0655091777443885,0.2240941971540451
479,15.966666,0.13487303,0.0014537491,0.9395538,-0.25,-0.25,0.0014537491369992,0.907394289970398,0.0,-0.0081197991967201,0.2157041877508163
480,16.0,0.13733396,0.0014537491,0.94617546,-0.25,-0.25,0.0014537491369992,0.9395537972450256,0.0,0.0468180403113365,0.2143637835979461
481,16.033333,0.12605467,0.0014537491,0.9091032,-0.25,-0.25,0.0014537491369992,0.946175456047058,0.0,0.0137950461357831,0.2281037867069244
482,16.066668,0.11457029,0.0014537491,0.8492223,-0.25,-0.25,0.0014537491369992,0.909103274345398,0.0,-0.3576144874095917,0.1680882573127746
483,16.1,0.098505855,0.0014537491,0.7161193,-0.24626464,-0.25,0.0014537491369992,0.8492224812507629,0.0,0.0264380890876054,0.1754856556653976
484,16.133333,0.08044189,0.0014537491,0.5055235,-0.20110473,-0.246264636516571,0.0014537491369992,0.7161192893981934,0.0,0.0655299127101898,0.1953746974468231
485,16.166666,0.08242433,0.0014537491,0.5302671,-0.20606083,-0.2011047303676605,0.0014537491369992,0.5055235028266907,0.0,0.003604887984693,0.1589434891939163
486,16.2,0.104692385,0.0014537491,0.774626,-0.25,-0.2060608267784118,0.0014537491369992,0.5302671194076538,0.0,0.169908657670021,0.159427598118782
487,16.233334,0.11674073,0.0014537491,0.8625979,-0.25,-0.25,0.0014537491369992,0.7746260166168213,0.0,0.0710992664098739,0.1405962109565735
488,16.266666,0.1241748,0.20574363,0.9010316,-0.25,-0.25,0.0014537491369992,0.8625978827476501,0.0,-0.0114154666662216,0.1017236188054084
489,16.3,0.13307862,0.20574363,0.93425286,-0.25,-0.25,0.2057436257600784,0.9010316133499146,1.0,-0.2175724953413009,0.0638159066438674
490,16.333334,0.1389917,0.20574363,0.95024395,-0.25,-0.25,0.2057436257600784,0.9342528581619264,1.0,-0.2397441416978836,0.0273644886910915
491,16.366667,0.13019043,0.20574363,0.9248066,-0.25,-0.25,0.2057436257600784,0.9502438306808472,1.0,-0.028601361438632,0.020446153357625
492,16.4,0.1258667,0.20574363,0.9083236,-0.25,-0.25,0.2057436257600784,0.9248065948486328,1.0,0.0366103760898113,0.0200478546321392
493,16.433332,0.12490967,0.20574363,0.9042602,-0.25,-0.25,0.2057436257600784,0.9083235859870912,1.0,-0.306247353553772,-0.0249428302049636
494,16.466667,0.12185058,0.10359844,0.8901749,-0.25,-0.25,0.2057436257600784,0.9042602181434632,1.0,0.0081365322694182,-0.015369133092463
495,16.5,0.122277826,0.20574363,0.892246,-0.25,-0.25,0.1035984382033348,0.890174925327301,0.0,0.0155253279954195,-0.0353273004293441
496,16.533333,0.12396973,0.20574363,0.9001135,-0.25,-0.25,0.2057436257600784,0.8922460079193115,1.0,-0.1725867390632629,-0.0474292002618312
497,16.566668,0.12531982,0.20574363,0.90602094,-0.25,-0.25,0.2057436257600784,0.9001135230064392,1.0,0.0291495230048894,-0.0157060306519269
498,16.6,0.1280713,0.20574363,0.91709876,-0.25,-0.25,0.2057436257600784,0.9060209393501282,1.0,0.0027403687126934,0.0177242290228605
499,16.633333,0.13008788,0.20574363,0.92444927,-0.25,-0.25,0.2057436257600784,0.9170987606048584,1.0,-0.019529415294528,0.0528736039996147
500,16.666666,0.13027588,0.20574363,0.9251032,-0.25,-0.25,0.2057436257600784,0.9244492650032043,1.0,-0.1094473153352737,0.0694242566823959
501,16.7,0.13422363,0.20574363,0.9376832,-0.25,-0.25,0.2057436257600784,0.9251031875610352,1.0,-0.4124444425106048,0.0138988625258207
502,16.733334,0.13506103,0.20574363,0.9400854,-0.25,-0.25,0.2057436257600784,0.9376832246780396,1.0,-0.195862591266632,-0.0121870106086134
503,16.766666,0.13113037,0.20574363,0.92801017,-0.25,-0.25,0.2057436257600784,0.9400854110717772,1.0,-0.1478499621152877,-0.0122966226190328
504,16.8,0.12745605,0.20574363,0.9147298,-0.25,-0.25,0.2057436257600784,0.9280101656913756,1.0,0.0121261663734912,0.0230574645102024
505,16.833334,0.12998535,0.20574363,0.9240905,-0.25,-0.25,0.2057436257600784,0.9147297739982604,1.0,0.0035888215061277,0.03492883592844
506,16.866667,0.12993407,0.20574363,0.92391044,-0.25,-0.25,0.2057436257600784,0.9240905046463012,1.0,0.0085789654403924,0.0565049946308136
507,16.9,0.12979735,0.20574363,0.9234285,-0.25,-0.25,0.2057436257600784,0.9239104390144348,1.0,0.0548516176640987,0.0792696475982666
508,16.933332,0.13389893,0.20574363,0.93672776,-0.25,-0.25,0.2057436257600784,0.923428475856781,1.0,-0.1970290243625641,0.0218879953026771
509,16.966667,0.1377954,0.20574363,0.94733846,-0.25,-0.25,0.2057436257600784,0.93672776222229,1.0,-0.4744111001491546,-0.0441492609679698
510,17.0,0.1363086,0.20574363,0.943504,-0.25,-0.25,0.2057436257600784,0.9473384618759156,1.0,-0.2801261842250824,-0.0781230628490448
511,17.033333,0.13143799,0.20574363,0.9290311,-0.25,-0.25,0.2057436257600784,0.9435039758682252,1.0,0.0263648685067892,-0.0377846248447895
512,17.066668,0.13114746,0.20574363,0.92806727,-0.25,-0.25,0.2057436257600784,0.9290310740470886,1.0,0.0101695135235786,-0.0036065049935132
513,17.1,0.1332666,0.20574363,0.9348279,-0.25,-0.25,0.2057436257600784,0.9280672669410706,1.0,-0.3177710473537445,-0.0546143688261508
514,17.133333,0.13087402,0.20574363,0.92714924,-0.25,-0.25,0.2057436257600784,0.9348278045654296,1.0,0.0226450115442276,-0.0171788558363914
515,17.166666,0.13256592,0.20574363,0.93266064,-0.25,-0.25,0.2057436257600784,0.92714923620224,1.0,0.0272232126444578,0.0039897598326206
516,17.2,0.13723145,0.20574363,0.94591385,-0.25,-0.25,0.2057436257600784,0.9326606392860411,1.0,0.0061800964176654,0.0144380731508135
517,17.233334,0.13039552,0.20574363,0.92551666,-0.25,-0.25,0.2057436257600784,0.9459138512611388,1.0,0.0509446114301681,0.0394227132201194
518,17.266666,0.11494629,0.0014537491,0.8516138,-0.25,-0.25,0.2057436257600784,0.925516664981842,1.0,0.0406571850180625,0.0469840951263904
519,17.3,0.09459229,0.0014537491,0.6747207,-0.23648071,-0.25,0.0014537491369992,0.8516138195991516,0.0,-0.1956593543291092,0.0495012141764164
520,17.333334,0.07290527,0.0014537491,0.41223437,-0.18226318,-0.236480712890625,0.0014537491369992,0.6747207045555115,0.0,0.1544007956981659,0.1116786077618599
521,17.366667,0.08456053,0.0014537491,0.55676085,-0.21140131,-0.1822631806135177,0.0014537491369992,0.412234365940094,0.0,-0.190331369638443,0.1216419339179992
522,17.4,0.101564914,0.0014537491,0.7461618,-0.25,-0.2114013582468032,0.0014537491369992,0.5567610859870911,0.0,-0.0707398578524589,0.1329740583896637
523,17.433332,0.12735352,0.0014537491,0.914329,-0.25,-0.25,0.0014537491369992,0.7461621761322021,0.0,-0.1963845640420913,0.0923042967915535
524,17.466667,0.13314697,0.0014537491,0.9344625,-0.25,-0.25,0.0014537491369992,0.9143289923667908,0.0,0.032869528979063,0.0745422095060348
525,17.5,0.109050274,0.0014537491,0.810385,-0.25,-0.25,0.0014537491369992,0.9344624876976012,0.0,0.0033287268597632,0.0630633756518364
526,17.533333,0.08671385,0.0014537491,0.58314383,-0.21678463,-0.25,0.0014537491369992,0.81038498878479,0.0,0.102144069969654,0.097068503499031
527,17.566668,0.08023682,0.0014537491,0.50296026,-0.20059206,-0.2167846262454986,0.0014537491369992,0.5831438302993774,0.0,0.0455660410225391,0.088094376027584
528,17.6,0.09818116,0.0014537491,0.71280736,-0.2454529,-0.2005920559167862,0.0014537491369992,0.5029602646827698,0.0,0.0592187717556953,0.0485739484429359
529,17.633333,0.11863768,0.0014537491,0.87345785,-0.25,-0.2454528957605362,0.0014537491369992,0.7128073573112488,0.0,0.1432607769966125,-0.0166039876639843
530,17.666666,0.1384961,0.10359844,0.94905907,-0.25,-0.25,0.0014537491369992,0.8734578490257263,0.0,0.1801133900880813,-0.0682751908898353
531,17.7,0.1305322,0.10359844,0.9259864,-0.25,-0.25,0.1035984382033348,0.9490590691566468,0.0,0.1754871159791946,-0.0740441903471946
532,17.733334,0.117185056,0.10359844,0.8652098,-0.25,-0.25,0.1035984382033348,0.9259864091873168,0.0,0.1734448075294494,-0.0610708408057689
533,17.766666,0.11180174,0.10359844,0.83062845,-0.25,-0.25,0.1035984382033348,0.8652098178863525,0.0,0.1182186752557754,-0.0543240308761596
534,17.8,0.105734855,0.10359844,0.7835954,-0.25,-0.25,0.1035984382033348,0.8306283354759216,0.0,0.1165217757225036,-0.0617410354316234
535,17.833334,0.102573246,0.10359844,0.7555919,-0.25,-0.25,0.1035984382033348,0.7835953831672668,0.0,0.0523862987756729,-0.0865907743573188
536,17.866667,0.10335937,0.10359844,0.7627776,-0.25,-0.25,0.1035984382033348,0.7555919289588928,0.0,0.1753415316343307,-0.1067904829978942
537,17.9,0.10788819,0.10359844,0.8012953,-0.25,-0.25,0.1035984382033348,0.7627776265144348,0.0,0.1723513156175613,-0.0894063711166381
538,17.933332,0.11303222,0.10359844,0.83910865,-0.25,-0.25,0.1035984382033348,0.801295280456543,0.0,0.1808540821075439,-0.0619099624454975
539,17.966667,0.12759277,0.10359844,0.91526145,-0.25,-0.25,0.1035984382033348,0.8391086459159851,0.0,0.1903583407402038,-0.0003313209745101
540,18.0,0.13571045,0.10359844,0.9418884,-0.25,-0.25,0.1035984382033348,0.915261447429657,0.0,0.1868481338024139,0.0305065941065549
541,18.033333,0.11284423,0.0014537491,0.8378356,-0.25,-0.25,0.1035984382033348,0.941888391971588,0.0,0.1310916095972061,0.0368938669562339
542,18.066668,0.085620105,0.0014537491,0.5697927,-0.21405026,-0.25,0.0014537491369992,0.8378356099128723,0.0,0.1096712872385978,0.0402585230767726
543,18.1,0.07878417,0.0014537491,0.48480678,-0.19696042,-0.2140502631664276,0.0014537491369992,0.5697926878929138,0.0,0.164415493607521,0.1050311177968978
544,18.133333,0.10161622,0.0014537491,0.7466475,-0.25,-0.1969604194164276,0.0014537491369992,0.4848067760467529,0.0,0.2483851313591003,0.1721446961164474
545,18.166666,0.12566161,0.0014537491,0.90746605,-0.25,-0.25,0.0014537491369992,0.7466474771499634,0.0,-0.0339377522468566,0.200428232550621
546,18.2,0.13606934,0.0014537491,0.9428629,-0.25,-0.25,0.0014537491369992,0.9074660539627076,0.0,-0.128988429903984,0.1956412941217422
547,18.233334,0.111135244,0.0014537491,0.8258882,-0.25,-0.25,0.0014537491369992,0.9428629279136658,0.0,0.0643646568059921,0.2030096650123596
548,18.266666,0.08462891,0.0014537491,0.55760455,-0.21157227,-0.25,0.0014537491369992,0.8258882164955139,0.0,0.1158488765358924,0.2065429538488388
549,18.3,0.08438966,0.0014537491,0.5546515,-0.21097414,-0.2115722745656967,0.0014537491369992,0.5576044917106628,0.0,0.0933107882738113,0.1801767349243164
550,18.333334,0.11181885,0.0014537491,0.8307487,-0.25,-0.2109741419553756,0.0014537491369992,0.5546514987945557,0.0,0.0028066171798855,0.1473075449466705
551,18.366667,0.13131836,0.20574363,0.92863566,-0.25,-0.25,0.0014537491369992,0.8307486772537231,0.0,-0.3175987601280212,0.0856190621852874
552,18.4,0.13248047,0.20574363,0.9323918,-0.25,-0.25,0.2057436257600784,0.9286356568336488,1.0,-0.079699195921421,0.058371540158987
553,18.433332,0.11887695,0.10359844,0.8747742,-0.25,-0.25,0.2057436257600784,0.9323918223381042,1.0,-0.0157061722129583,0.0368162207305431
554,18.466667,0.10665771,0.10359844,0.7913176,-0.25,-0.25,0.1035984382033348,0.8747742176055908,0.0,-0.092377945780754,0.0060413014143705
555,18.5,0.09481445,0.10359844,0.6771538,-0.23703612,-0.25,0.1035984382033348,0.7913175821304321,0.0,-0.1863742917776107,-0.0392657630145549
556,18.533333,0.08180907,0.10359844,0.522598,-0.20452268,-0.2370361238718032,0.1035984382033348,0.6771538257598877,0.0,-0.1899189800024032,-0.045891884714365
557,18.566668,0.071521,0.10359844,0.39557195,-0.17880249,-0.2045226842164993,0.1035984382033348,0.5225980281829834,0.0,-0.1957732588052749,-0.0787397027015686
558,18.6,0.085671395,0.10359844,0.5704212,-0.21417849,-0.178802490234375,0.1035984382033348,0.3955719470977783,0.0,-0.1804461628198623,-0.1091862320899963
559,18.633333,0.10171875,0.10359844,0.747616,-0.25,-0.2141784876585006,0.1035984382033348,0.5704211592674255,0.0,-0.2843181788921356,-0.1522663831710815
560,18.666666,0.11518556,0.10359844,0.85311925,-0.25,-0.25,0.1035984382033348,0.7476159930229187,0.0,-0.2247503846883773,-0.1513523459434509
561,18.7,0.123508304,0.10359844,0.8980199,-0.25,-0.25,0.1035984382033348,0.8531192541122437,0.0,-0.0195887144654989,-0.1190038993954658
562,18.733334,0.12834474,0.10359844,0.91813236,-0.25,-0.25,0.1035984382033348,0.8980199098587036,0.0,0.0283714346587657,-0.0577893182635307
563,18.766666,0.13124998,0.10359844,0.9284087,-0.25,-0.25,0.1035984382033348,0.9181323647499084,0.0,0.0694433748722076,-0.0308982655405998
564,18.8,0.13632569,0.10359844,0.9435495,-0.25,-0.25,0.1035984382033348,0.928408682346344,0.0,0.2010258734226226,0.0160005651414394
565,18.833334,0.13786379,0.10359844,0.9475088,-0.25,-0.25,0.1035984382033348,0.9435495138168336,0.0,0.1464406996965408,0.0011987281031906
566,18.866667,0.13333496,0.10359844,0.93503577,-0.25,-0.25,0.1035984382033348,0.9475088119506836,0.0,0.1730450689792633,-0.0062820287421345
567,18.9,0.12632811,0.0014537491,0.91022664,-0.25,-0.25,0.1035984382033348,0.935035765171051,0.0,0.2619856297969818,0.0043068192899227
568,18.933332,0.117800295,0.0014537491,0.86875725,-0.25,-0.25,0.0014537491369992,0.9102266430854796,0.0,0.1786226481199264,0.025550877675414
569,18.966667,0.10783692,0.0014537491,0.80088675,-0.25,-0.25,0.0014537491369992,0.8687572479248047,0.0,0.1016618013381958,0.0324850231409072
570,19.0,0.097514644,0.0014537491,0.7059371,-0.2437866,-0.25,0.0014537491369992,0.8008867502212524,0.0,0.110935665667057,0.0327579900622367
571,19.033333,0.08502197,0.0014537491,0.56244695,-0.21255493,-0.2437866032123565,0.0014537491369992,0.7059370875358582,0.0,0.1448145657777786,0.0426604449748992
572,19.066668,0.077622056,0.0014537491,0.4703107,-0.19405514,-0.2125549614429474,0.0014537491369992,0.5624470710754395,0.0,0.1409457921981811,0.0647289082407951
573,19.1,0.09645508,0.0014537491,0.69482064,-0.24113771,-0.1940551400184631,0.0014537491369992,0.4703106880187988,0.0,0.1988424360752105,0.0694392248988151
574,19.133333,0.12313235,0.0014537491,0.89628553,-0.25,-0.2411377131938934,0.0014537491369992,0.6948206424713135,0.0,0.2721752524375915,0.1329302638769149
575,19.166666,0.12702881,0.0014537491,0.9130486,-0.25,-0.25,0.0014537491369992,0.8962855339050293,0.0,0.1509536206722259,0.1859204620122909
576,19.2,0.09076415,0.0014537491,0.6313954,-0.22691038,-0.25,0.0014537491369992,0.9130486249923706,0.0,0.2904454469680786,0.2512569427490234
577,19.233334,0.08510742,0.0014537491,0.5634981,-0.21276855,-0.2269104123115539,0.0014537491369992,0.6313955187797546,0.0,0.2267058044672012,0.2927445769309997
578,19.266666,0.11337404,0.0014537491,0.84140265,-0.25,-0.2127685546875,0.0014537491369992,0.5634980797767639,0.0,0.1427318006753921,0.2859801948070526
579,19.3,0.137146,0.20574363,0.9456948,-0.25,-0.25,0.0014537491369992,0.8414026498794556,0.0,0.048458494246006,0.2674316167831421
580,19.333334,0.11756103,0.10359844,0.8673872,-0.25,-0.25,0.2057436257600784,0.9456948041915894,1.0,0.182552695274353,0.2735813558101654
581,19.366667,0.089978024,0.10359844,0.6222011,-0.22494507,-0.25,0.1035984382033348,0.8673871755599976,0.0,0.096946969628334,0.2531394958496094
582,19.4,0.081843264,0.10359844,0.52302456,-0.20460816,-0.224945068359375,0.1035984382033348,0.6222010850906372,0.0,0.0250904615968465,0.2364152073860168
583,19.433332,0.111647956,0.10359844,0.8295439,-0.25,-0.2046081572771072,0.1035984382033348,0.5230244994163513,0.0,-0.0178931578993797,0.1886238604784011
584,19.466667,0.12499513,0.10359844,0.9046295,-0.25,-0.25,0.1035984382033348,0.8295438885688782,0.0,0.1252333968877792,0.194701686501503
585,19.5,0.1288916,0.10359844,0.9201642,-0.25,-0.25,0.1035984382033348,0.9046295285224916,0.0,0.0846521481871604,0.1837740242481231
586,19.533333,0.12988281,0.10359844,0.9237301,-0.25,-0.25,0.1035984382033348,0.9201642274856568,0.0,0.178224891424179,0.1817862093448639
587,19.566668,0.12760985,0.10359844,0.9153276,-0.25,-0.25,0.1035984382033348,0.9237300753593444,0.0,0.270720362663269,0.1894186586141586
588,19.6,0.12863526,0.10359844,0.9192175,-0.25,-0.25,0.1035984382033348,0.9153276085853576,0.0,0.2210920602083206,0.1563730388879776
589,19.633333,0.13311279,0.10359844,0.93435776,-0.25,-0.25,0.1035984382033348,0.9192175269126892,0.0,0.238265112042427,0.1792253106832504
590,19.666666,0.13627441,0.10359844,0.94341284,-0.25,-0.25,0.1035984382033348,0.934357762336731,0.0,0.3037959933280945,0.2380352616310119
591,19.7,0.13242918,0.10359844,0.93223,-0.25,-0.25,0.1035984382033348,0.9434128403663636,0.0,0.1033093780279159,0.181467592716217
592,19.733334,0.13094237,0.10359844,0.9273797,-0.25,-0.25,0.1035984382033348,0.9322299957275392,0.0,0.2327301502227783,0.1471016407012939
593,19.766666,0.13371092,0.10359844,0.9361684,-0.25,-0.25,0.1035984382033348,0.9273797273635864,0.0,0.253113329410553,0.1174428686499595
594,19.8,0.13663328,0.10359844,0.94436306,-0.25,-0.25,0.1035984382033348,0.936168372631073,0.0,0.3057539761066437,0.1385958641767501
595,19.833334,0.12147461,0.10359844,0.88832355,-0.25,-0.25,0.1035984382033348,0.9443630576133728,0.0,0.255059152841568,0.138550579547882
596,19.866667,0.10491455,0.0014537491,0.7765595,-0.25,-0.25,0.1035984382033348,0.8883235454559326,0.0,0.3527015149593353,0.1505554914474487
597,19.9,0.08857666,0.0014537491,0.60559493,-0.22144166,-0.25,0.0014537491369992,0.7765594720840454,0.0,0.2716445922851562,0.1864948570728302
598,19.933332,0.07239258,0.0014537491,0.4060375,-0.18098146,-0.2214416563510894,0.0014537491369992,0.6055949330329895,0.0,0.2078399956226349,0.215292751789093
599,19.966667,0.08642332,0.0014537491,0.57960844,-0.21605831,-0.1809814572334289,0.0014537491369992,0.4060375094413757,0.0,0.163426011800766,0.2378863394260406
600,20.0,0.11262205,0.0014537491,0.83632064,-0.25,-0.2160583138465881,0.0014537491369992,0.5796084403991699,0.0,0.2421323508024215,0.2741503417491913
601,20.033333,0.13762453,0.0014537491,0.94691056,-0.25,-0.25,0.0014537491369992,0.8363206386566162,0.0,0.0848586410284042,0.3240180015563965
602,20.066668,0.1110498,0.0014537491,0.8252731,-0.25,-0.25,0.0014537491369992,0.946910560131073,0.0,0.1466322690248489,0.3619630336761474
603,20.1,0.08650878,0.0014537491,0.5806492,-0.21627195,-0.25,0.0014537491369992,0.8252730965614319,0.0,0.1767271906137466,0.3817509114742279
604,20.133333,0.06106201,0.0014537491,0.27950877,-0.15265502,-0.2162719517946243,0.0014537491369992,0.580649197101593,0.0,0.1444642543792724,0.3933840990066528
605,20.166666,0.03539306,0.0014537491,0.09705824,-0.08848265,-0.1526550203561782,0.0014537491369992,0.2795087695121765,0.0,0.20853853225708,0.3976570963859558
606,20.2,0.012167975,1.942209,0.03255898,-0.030419938,-0.0884826481342315,0.0014537491369992,0.0970582365989685,0.0,0.2328352779150009,0.3906924426555633
607,20.233334,0.0,1.942209,0.01798621,-0.0,-0.0304199382662773,1.942209005355835,0.0325589850544929,0.0,0.245571419596672,0.4039281606674194
608,20.266666,0.0,1.942209,0.01798621,-0.0,-0.0,1.942209005355835,0.0179862100630998,0.0,0.240376591682434,0.4051118493080139
609,20.3,0.0,1.942209,0.01798621,-0.0,-0.0,1.942209005355835,0.0179862100630998,0.0,0.1856594979763031,0.3884217739105224
610,20.333334,0.0,1.942209,0.01798621,-0.0,-0.0,1.942209005355835,0.0179862100630998,0.0,0.234486922621727,0.4083972573280334
611,20.366667,0.0,1.942209,0.01798621,-0.0,-0.0,1.942209005355835,0.0179862100630998,0.0,0.1911066472530365,0.4085507094860077
612,20.4,0.0,1.942209,0.01798621,-0.0,-0.0,1.942209005355835,0.0179862100630998,0.0,0.1264435648918151,0.3861151337623596
613,20.433332,0.0,1.942209,0.01798621,-0.0,-0.0,1.942209005355835,0.0179862100630998,0.0,0.139571264386177,0.3796864449977875
614,20.466667,0.0,1.942209,0.01798621,-0.0,-0.0,1.942209005355835,0.0179862100630998,0.0,0.1421141624450683,0.3572903573513031
615,20.5,0.0,1.942209,0.01798621,-0.0,-0.0,1.942209005355835,0.0179862100630998,0.0,0.1512636542320251,0.3440458476543426
616,20.533333,0.0,1.942209,0.01798621,-0.0,-0.0,1.942209005355835,0.0179862100630998,0.0,0.0905947312712669,0.3529738485813141
617,20.566668,0.0,1.942209,0.01798621,-0.0,-0.0,1.942209005355835,0.0179862100630998,0.0,0.1006603389978408,0.3773146569728851
618,20.6,0.0,1.942209,0.01798621,-0.0,-0.0,1.942209005355835,0.0179862100630998,0.0,0.0216903947293758,0.351728230714798
619,20.633333,0.0,1.942209,0.01798621,-0.0,-0.0,1.942209005355835,0.0179862100630998,0.0,0.0644571110606193,0.2900931239128113
620,20.666666,0.0,1.942209,0.01798621,-0.0,-0.0,1.942209005355835,0.0179862100630998,0.0,0.1471981704235077,0.2606349289417267
621,20.7,0.0,1.942209,0.01798621,-0.0,-0.0,1.942209005355835,0.0179862100630998,0.0,0.1554504930973053,0.3179152607917785
622,20.733334,0.0,1.942209,0.01798621,-0.0,-0.0,1.942209005355835,0.0179862100630998,0.0,-0.1253985613584518,0.3280773162841797
623,20.766666,0.0,1.942209,0.01798621,-0.0,-0.0,1.942209005355835,0.0179862100630998,0.0,0.0391470603644847,0.3376132249832153
624,20.8,0.0,1.942209,0.01798621,-0.0,-0.0,1.942209005355835,0.0179862100630998,0.0,0.0356509573757648,0.3251211047172546
625,20.833334,0.0,1.942209,0.01798621,-0.0,-0.0,1.942209005355835,0.0179862100630998,0.0,-0.0124383093789219,0.2961499094963074
626,20.866667,0.0,1.942209,0.01798621,-0.0,-0.0,1.942209005355835,0.0179862100630998,0.0,-0.1490558683872223,0.2372087240219116
627,20.9,0.0,1.942209,0.01798621,-0.0,-0.0,1.942209005355835,0.0179862100630998,0.0,-0.1181716471910476,0.1856391131877899
628,20.933332,0.0,1.942209,0.01798621,-0.0,-0.0,1.942209005355835,0.0179862100630998,0.0,0.0144714908674359,0.1770957708358764
629,20.966667,0.0,1.942209,0.01798621,-0.0,-0.0,1.942209005355835,0.0179862100630998,0.0,0.1244183108210563,0.2177237868309021
630,21.0,0.0,1.942209,0.01798621,-0.0,-0.0,1.942209005355835,0.0179862100630998,0.0,0.057302389293909,0.2481730431318283
631,21.033333,0.0,1.942209,0.01798621,-0.0,-0.0,1.942209005355835,0.0179862100630998,0.0,-0.1272036880254745,0.2457023113965988
632,21.066668,0.0,1.942209,0.01798621,-0.0,-0.0,1.942209005355835,0.0179862100630998,0.0,-0.2495196610689163,0.2121143341064453
633,21.1,0.0,1.942209,0.01798621,-0.0,-0.0,1.942209005355835,0.0179862100630998,0.0,-0.352617084980011,0.1505831182003021
634,21.133333,0.0,1.942209,0.01798621,-0.0,-0.0,1.942209005355835,0.0179862100630998,0.0,-0.1578353643417358,0.0844609960913658
635,21.166666,0.0,1.942209,0.01798621,-0.0,-0.0,1.942209005355835,0.0179862100630998,0.0,0.0748222917318344,0.018665162846446
636,21.2,0.0,1.942209,0.01798621,-0.0,-0.0,1.942209005355835,0.0179862100630998,0.0,0.1700006276369094,0.0107608446851372
637,21.233334,0.0,1.942209,0.01798621,-0.0,-0.0,1.942209005355835,0.0179862100630998,0.0,0.1163656413555145,0.0743329375982284
638,21.266666,0.0,1.942209,0.01798621,-0.0,-0.0,1.942209005355835,0.0179862100630998,0.0,0.0270903315395116,0.1204635798931121
639,21.3,0.0,1.942209,0.01798621,-0.0,-0.0,1.942209005355835,0.0179862100630998,0.0,-0.3096093833446502,0.0716389119625091
640,21.333334,0.0,1.942209,0.01798621,-0.0,-0.0,1.942209005355835,0.0179862100630998,0.0,0.2479501962661743,0.1126386076211929
641,21.366667,0.0,1.942209,0.01798621,-0.0,-0.0,1.942209005355835,0.0179862100630998,0.0,-0.2288006097078323,0.0608932003378868
642,21.4,0.0,1.942209,0.01798621,-0.0,-0.0,1.942209005355835,0.0179862100630998,0.0,0.029935136437416,0.0216502714902162
643,21.433332,0.0,1.942209,0.01798621,-0.0,-0.0,1.942209005355835,0.0179862100630998,0.0,0.1949583739042282,0.0320387147367
644,21.466667,0.0,1.942209,0.01798621,-0.0,-0.0,1.942209005355835,0.0179862100630998,0.0,0.2335428297519683,0.0786619931459426
645,21.5,0.0,1.942209,0.01798621,-0.0,-0.0,1.942209005355835,0.0179862100630998,0.0,0.0243538413196802,0.0871171131730079
646,21.533333,0.0,1.942209,0.01798621,-0.0,-0.0,1.942209005355835,0.0179862100630998,0.0,-0.0954029262065887,0.0669405311346054
647,21.566668,0.0,1.942209,0.01798621,-0.0,-0.0,1.942209005355835,0.0179862100630998,0.0,0.1393674910068512,0.1131981462240219
648,21.6,0.0,1.942209,0.01798621,-0.0,-0.0,1.942209005355835,0.0179862100630998,0.0,-0.2254908829927444,0.0762185826897621
649,21.633333,1.1920929e-07,1.942209,0.017986316,-2.9802322e-07,-0.0,1.942209005355835,0.0179862100630998,0.0,-0.4473591446876526,0.0095741255208849
650,21.666666,0.0,1.942209,0.01798621,-0.0,-2.980232238769531e-07,1.942209005355835,0.0179863162338733,0.0,-0.2713622152805328,-0.0572730042040348
651,21.7,0.0,1.942209,0.01798621,-0.0,-0.0,1.942209005355835,0.0179862100630998,0.0,0.0435724928975105,-0.0154469218105077
652,21.733334,0.0,1.942209,0.01798621,-0.0,-0.0,1.942209005355835,0.0179862100630998,0.0,-0.0027615579310804,0.028793754056096
653,21.766666,0.0,1.942209,0.01798621,-0.0,-0.0,1.942209005355835,0.0179862100630998,0.0,0.2005314975976944,0.0917619541287422
654,21.8,0.0,1.942209,0.01798621,-0.0,-0.0,1.942209005355835,0.0179862100630998,0.0,-0.4611377418041229,0.0447368808090686
655,21.833334,0.0,1.942209,0.01798621,-0.0,-0.0,1.942209005355835,0.0179862100630998,0.0,0.091774009168148,0.0387766845524311
656,21.866667,0.0,1.942209,0.01798621,-0.0,-0.0,1.942209005355835,0.0179862100630998,0.0,0.1354986280202865,0.0004247170581948
657,21.9,0.0,1.942209,0.01798621,-0.0,-0.0,1.942209005355835,0.0179862100630998,0.0,0.1346401274204254,0.0130883269011974
658,21.933332,0.0,1.942209,0.01798621,-0.0,-0.0,1.942209005355835,0.0179862100630998,0.0,0.1877899914979934,0.0656165033578872
659,21.966667,0.0,1.942209,0.01798621,-0.0,-0.0,1.942209005355835,0.0179862100630998,0.0,0.1157329604029655,0.0868318453431129
660,22.0,0.0,1.942209,0.01798621,-0.0,-0.0,1.942209005355835,0.0179862100630998,0.0,-0.2067608684301376,0.1001209393143653
661,22.033333,0.0,1.942209,0.01798621,-0.0,-0.0,1.942209005355835,0.0179862100630998,0.0,0.0707307383418083,0.0686885192990303
662,22.066668,0.0,1.942209,0.01798621,-0.0,-0.0,1.942209005355835,0.0179862100630998,0.0,-0.1751048862934112,0.0047255610115826
663,22.1,0.0,1.942209,0.01798621,-0.0,-0.0,1.942209005355835,0.0179862100630998,0.0,0.0374897420406341,0.0129828676581382
664,22.133333,0.0,1.942209,0.01798621,-0.0,-0.0,1.942209005355835,0.0179862100630998,0.0,0.1503538787364959,0.0685674995183944
665,22.166666,0.0,1.942209,0.01798621,-0.0,-0.0,1.942209005355835,0.0179862100630998,0.0,0.1016767993569374,0.1116253584623336
666,22.2,0.0,1.942209,0.01798621,-0.0,-0.0,1.942209005355835,0.0179862100630998,0.0,-0.0317467451095581,0.1170544549822807
667,22.233334,0.0,1.942209,0.01798621,-0.0,-0.0,1.942209005355835,0.0179862100630998,0.0,-0.4463321268558502,0.0533094890415668
668,22.266666,0.0,1.942209,0.01798621,-0.0,-0.0,1.942209005355835,0.0179862100630998,0.0,-0.3240985870361328,-0.0128388768061995
669,22.3,0.0,1.942209,0.01798621,-0.0,-0.0,1.942209005355835,0.0179862100630998,0.0,-0.4119412004947662,-0.0740132555365562
670,22.333334,0.0,1.942209,0.01798621,-0.0,-0.0,1.942209005355835,0.0179862100630998,0.0,-0.2877216935157776,-0.1043842211365699
671,22.366667,0.0,1.942209,0.01798621,-0.0,-0.0,1.942209005355835,0.0179862100630998,0.0,0.0128687340766191,-0.0994879081845283
672,22.4,0.0,1.942209,0.01798621,-0.0,-0.0,1.942209005355835,0.0179862100630998,0.0,0.1203200295567512,-0.077786885201931
673,22.433332,0.0,1.942209,0.01798621,-0.0,-0.0,1.942209005355835,0.0179862100630998,0.0,0.1914469897747039,-0.0107679916545748
674,22.466667,0.0,1.942209,0.01798621,-0.0,-0.0,1.942209005355835,0.0179862100630998,0.0,0.0524950064718723,0.0163583774119615
675,22.5,0.0,1.942209,0.01798621,-0.0,-0.0,1.942209005355835,0.0179862100630998,0.0,0.074589803814888,0.0608337968587875
676,22.533333,0.0,1.942209,0.01798621,-0.0,-0.0,1.942209005355835,0.0179862100630998,0.0,0.0497698411345481,0.069073386490345
677,22.566668,0.0,1.942209,0.01798621,-0.0,-0.0,1.942209005355835,0.0179862100630998,0.0,-0.2196451276540756,0.0192614719271659
678,22.6,0.0,1.942209,0.01798621,-0.0,-0.0,1.942209005355835,0.0179862100630998,0.0,0.1204000934958458,0.0052619548514485
679,22.633333,0.0,1.942209,0.01798621,-0.0,-0.0,1.942209005355835,0.0179862100630998,0.0,0.0530650801956653,-0.0231900252401828
680,22.666666,0.0,1.942209,0.01798621,-0.0,-0.0,1.942209005355835,0.0179862100630998,0.0,-0.3616665303707123,-0.0885773971676826
681,22.7,0.0,1.942209,0.01798621,-0.0,-0.0,1.942209005355835,0.0179862100630998,0.0,-0.1735487282276153,-0.1398803144693374
682,22.733334,0.0,1.942209,0.01798621,-0.0,-0.0,1.942209005355835,0.0179862100630998,0.0,0.1256484389305114,-0.1036790609359741
683,22.766666,0.0,1.942209,0.01798621,-0.0,-0.0,1.942209005355835,0.0179862100630998,0.0,0.1478158682584762,-0.0582066513597965
684,22.8,0.0,1.942209,0.01798621,-0.0,-0.0,1.942209005355835,0.0179862100630998,0.0,0.021973768249154,-0.0451113395392894
685,22.833334,0.0,1.942209,0.01798621,-0.0,-0.0,1.942209005355835,0.0179862100630998,0.0,0.1409654319286346,-0.0576865151524543
686,22.866667,0.0,1.942209,0.01798621,-0.0,-0.0,1.942209005355835,0.0179862100630998,0.0,0.1713282614946365,-0.0632365345954895
687,22.9,0.0,1.942209,0.01798621,-0.0,-0.0,1.942209005355835,0.0179862100630998,0.0,0.1078514903783798,0.0018872285727411
688,22.933332,0.0,1.942209,0.01798621,-0.0,-0.0,1.942209005355835,0.0179862100630998,0.0,-0.1397014707326889,0.0128493839874863
689,22.966667,0.0,1.942209,0.01798621,-0.0,-0.0,1.942209005355835,0.0179862100630998,0.0,0.1141077801585197,0.0556193254888057
690,23.0,0.0,1.942209,0.01798621,-0.0,-0.0,1.942209005355835,0.0179862100630998,0.0,-0.0148584740236401,0.0106497043743729
691,23.033333,0.0,1.942209,0.01798621,-0.0,-0.0,1.942209005355835,0.0179862100630998,0.0,-0.2613796591758728,-0.0559851825237274
692,23.066668,0.0,1.942209,0.01798621,-0.0,-0.0,1.942209005355835,0.0179862100630998,0.0,0.1385715007781982,-0.0529793091118335
693,23.1,0.0,1.942209,0.01798621,-0.0,-0.0,1.942209005355835,0.0179862100630998,0.0,0.1188485547900199,-0.0136014129966497
694,23.133333,0.0,1.942209,0.01798621,-0.0,-0.0,1.942209005355835,0.0179862100630998,0.0,0.0380182787775993,0.0089224092662334
695,23.166666,0.0057348013,1.942209,0.023816781,-0.014337003,-0.0,1.942209005355835,0.0179862100630998,0.0,0.0849992111325264,0.0485597811639308
696,23.2,0.10552859,1.942209,0.7818414,-0.25,-0.0143370032310485,1.942209005355835,0.023816779255867,0.0,0.2167303264141082,0.1153033450245857
697,23.233334,0.09720945,1.8400637,0.70275944,-0.24302363,-0.25,1.942209005355835,0.7818413972854614,0.0,0.1337117403745651,0.1421549022197723
698,23.266666,0.11887443,1.8400637,0.87476045,-0.25,-0.2430236339569091,1.8400636911392207,0.7027594447135925,0.0,-0.4662244915962219,0.0799109041690826
699,23.3,0.09220028,1.737919,0.64794403,-0.2305007,-0.25,1.8400636911392207,0.8747604489326477,0.0,0.1110786348581314,0.0850020125508308
700,23.333334,0.11301577,1.737919,0.83899766,-0.25,-0.2305006980895996,1.7379189729690552,0.6479439735412598,0.0,0.0281860921531915,0.0843365639448165
701,23.366667,0.10859072,1.6357745,0.80682904,-0.25,-0.25,1.7379189729690552,0.8389976620674133,0.0,-0.1907984018325805,0.0612478554248809
702,23.4,0.10243106,1.6357745,0.7542767,-0.25,-0.25,1.6357744932174685,0.806829035282135,0.0,-0.5524734854698181,-0.0015624827938154
703,23.433332,0.114945054,1.5336292,0.85160595,-0.25,-0.25,1.6357744932174685,0.754276692867279,0.0,-0.2007877826690673,-0.0156318303197622
704,23.466667,0.13133538,1.5336292,0.92869204,-0.25,-0.25,1.5336291790008545,0.8516059517860413,0.0,-0.3212153613567352,-0.0478031821548938
705,23.5,0.08250058,1.4314839,0.5312166,-0.20625144,-0.25,1.5336291790008545,0.9286920428276062,0.0,-0.3620556890964508,-0.0861328467726707
706,23.533333,0.1286627,1.3293389,0.91931945,-0.25,-0.2062514424324035,1.4314838647842407,0.5312166213989258,0.0,-0.2065606564283371,-0.0764022842049598
707,23.566668,0.11929929,1.3293389,0.8770693,-0.25,-0.25,1.3293389081954956,0.9193193316459656,0.0,-0.3030516803264618,-0.0701691657304763
708,23.6,0.094430566,1.2271936,0.6729435,-0.23607641,-0.25,1.3293389081954956,0.8770692944526672,0.0,-0.5477575063705444,-0.1264046430587768
709,23.633333,0.13331783,1.1250488,0.9349838,-0.25,-0.2360764145851135,1.2271935939788818,0.6729434728622437,0.0,-0.2701629102230072,-0.1372202783823013
710,23.666666,0.11483884,1.1250488,0.8509336,-0.25,-0.25,1.1250487565994265,0.9349836707115172,1.0,-0.3627039492130279,-0.1633482426404953
711,23.7,0.09766966,1.0229043,0.7075435,-0.24417415,-0.25,1.1250487565994265,0.8509336113929749,1.0,-0.3156016767024994,-0.2006752640008926
712,23.733334,0.14275205,1.0229043,0.9584174,-0.25,-0.2441741526126861,1.0229042768478394,0.7075434923171997,1.0,-0.6215486526489258,-0.2314449995756149
713,23.766666,0.091279864,0.92075896,0.637376,-0.22819966,-0.25,1.0229042768478394,0.9584174156188964,1.0,-0.4433880746364593,-0.2547253966331482
714,23.8,0.120007336,0.8186138,0.8808356,-0.25,-0.2281996607780456,0.9207589626312256,0.6373760104179382,1.0,-0.4390695691108703,-0.2609875202178955
715,23.833334,0.121635675,0.8186138,0.88912,-0.25,-0.25,0.8186138272285461,0.8808355927467346,1.0,-0.5139793753623962,-0.2661104500293731
716,23.866667,0.09867859,0.7164686,0.71787184,-0.24669647,-0.25,0.8186138272285461,0.8891199827194214,1.0,-0.5791426301002502,-0.2953886091709137
717,23.9,0.1197772,0.7164686,0.8796225,-0.25,-0.2466964721679687,0.7164685726165771,0.7178718447685242,1.0,-0.4809005260467529,-0.3093724250793457
718,23.933332,0.14282274,0.7164686,0.9585581,-0.25,-0.25,0.7164685726165771,0.8796225190162659,1.0,0.0027953709941357,-0.2469139397144317
719,23.966667,0.1366809,0.6143239,0.9444881,-0.25,-0.25,0.7164685726165771,0.9585580825805664,1.0,-0.6625341773033142,-0.3022075891494751
720,24.0,0.12660956,0.6143239,0.9113699,-0.25,-0.25,0.6143239140510559,0.9444881081581116,1.0,-0.8183469772338867,-0.3681407868862152
721,24.033333,0.104926765,0.6143239,0.7766654,-0.25,-0.25,0.6143239140510559,0.9113699197769164,1.0,-0.1933238208293914,-0.3376049101352691
722,24.066668,0.08722651,0.6143239,0.5893613,-0.21806628,-0.25,0.6143239140510559,0.7766653895378113,1.0,-0.5166091918945312,-0.3304786682128906
723,24.1,0.113794446,0.6143239,0.8441876,-0.25,-0.2180662751197815,0.6143239140510559,0.589361310005188,1.0,-0.5896734595298767,-0.3795543909072876
724,24.133333,0.14353085,0.6143239,0.9599419,-0.25,-0.25,0.6143239140510559,0.8441876173019409,1.0,-0.2859941124916076,-0.3884719610214233
725,24.166666,0.11974168,0.51217926,0.8794343,-0.25,-0.25,0.6143239140510559,0.9599419236183168,1.0,-0.533240556716919,-0.4093179404735565
726,24.2,0.082695305,0.51217926,0.53364044,-0.20673826,-0.25,0.5121792554855347,0.8794342875480652,1.0,-0.4614152908325195,-0.4284125566482544
727,24.233334,0.117405415,0.51217926,0.8664896,-0.25,-0.2067382633686065,0.5121792554855347,0.533640444278717,1.0,-0.2387308925390243,-0.382583737373352
728,24.266666,0.14335388,0.51217926,0.9596003,-0.25,-0.25,0.5121792554855347,0.866489589214325,1.0,-0.372584193944931,-0.3696278035640716
729,24.3,0.10795349,0.41003403,0.8018146,-0.25,-0.25,0.5121792554855347,0.9596003293991088,1.0,-0.3278976678848266,-0.3571396470069885
730,24.333334,0.09853697,0.41003403,0.71643543,-0.24634242,-0.25,0.410034030675888,0.801814615726471,1.0,-0.2165050506591797,-0.3362254798412323
731,24.366667,0.14209712,0.41003403,0.95709264,-0.25,-0.2463424205780029,0.410034030675888,0.716435432434082,1.0,-0.3324709832668304,-0.317293256521225
732,24.4,0.12570679,0.30788884,0.90765554,-0.25,-0.25,0.410034030675888,0.9570925235748292,1.0,-0.1699784845113754,-0.2901569604873657
733,24.433332,0.0995636,0.30788884,0.726747,-0.248909,-0.25,0.3078888356685638,0.9076555371284484,1.0,-0.2590247094631195,-0.2934080958366394
734,24.466667,0.08246517,0.30788884,0.5307757,-0.20616293,-0.2489089965820312,0.3078888356685638,0.7267469167709351,1.0,-0.8924193382263184,-0.3549942672252655
735,24.5,0.10126281,0.30788884,0.74329025,-0.25,-0.2061629295349121,0.3078888356685638,0.5307757258415222,1.0,-0.3576183021068573,-0.3769714832305908
736,24.533333,0.12287474,0.30788884,0.89508206,-0.25,-0.25,0.3078888356685638,0.7432902455329895,1.0,-0.1003580316901207,-0.3685258626937866
737,24.566668,0.14397347,0.30788884,0.9607843,-0.25,-0.25,0.3078888356685638,0.8950820565223694,1.0,-0.1685957759618759,-0.3449393808841705
738,24.6,0.13643306,0.20574363,0.9438348,-0.25,-0.25,0.3078888356685638,0.9607843160629272,1.0,-0.238279327750206,-0.3425764739513397
739,24.633333,0.11149347,0.20574363,0.82844883,-0.25,-0.25,0.2057436257600784,0.9438347816467284,1.0,-0.2267918139696121,-0.3380018472671509
740,24.666666,0.08558041,0.20574363,0.5693061,-0.21395102,-0.25,0.2057436257600784,0.8284488320350647,1.0,0.0551742166280746,-0.2857170701026916
741,24.7,0.09968746,0.20574363,0.7279751,-0.24921864,-0.2139510214328766,0.2057436257600784,0.5693060755729675,1.0,-0.2711793482303619,-0.3099815547466278
742,24.733334,0.13089287,0.20574363,0.9272129,-0.25,-0.2492186427116394,0.2057436257600784,0.727975070476532,1.0,0.0167409442365169,-0.2972958087921142
743,24.766666,0.13892883,0.20574363,0.95009506,-0.25,-0.25,0.2057436257600784,0.92721289396286,1.0,-0.2414710819721222,-0.3177573680877685
744,24.8,0.108130455,0.10359844,0.80321693,-0.25,-0.25,0.2057436257600784,0.9500950574874878,1.0,0.0474626198410987,-0.3051427006721496
745,24.833334,0.07779229,0.10359844,0.47243154,-0.19448072,-0.25,0.1035984382033348,0.8032169342041016,0.0,0.0676851645112037,-0.2678554654121399
746,24.866667,0.11048472,0.10359844,0.8211614,-0.25,-0.1944807171821594,0.1035984382033348,0.4724316000938415,0.0,0.0665385425090789,-0.217254638671875
747,24.9,0.14400876,0.10359844,0.9608508,-0.25,-0.25,0.1035984382033348,0.8211613893508911,0.0,0.0796443521976471,-0.1765488237142563
748,24.933332,0.1237421,0.0014537491,0.8990856,-0.25,-0.25,0.1035984382033348,0.9608507752418518,0.0,0.0539743602275848,-0.1233137175440788
749,24.966667,0.0979352,0.0014537491,0.7102833,-0.244838,-0.25,0.0014537491369992,0.8990855813026428,0.0,0.0321289598941803,-0.077463574707508
750,25.0,0.08473086,0.0014537491,0.5588616,-0.21182716,-0.244837999343872,0.0014537491369992,0.7102832794189453,0.0,-0.1824699342250824,-0.0920505225658416
751,25.033333,0.103829265,0.0014537491,0.7670027,-0.25,-0.2118271589279174,0.0014537491369992,0.5588616132736206,0.0,-0.0241764318197965,-0.0794791057705879
752,25.066668,0.12131715,0.0014537491,0.88754016,-0.25,-0.25,0.0014537491369992,0.7670027017593384,0.0,-0.3824037909507751,-0.1376854032278061
753,25.1,0.1432476,0.0014537491,0.95939374,-0.25,-0.25,0.0014537491369992,0.8875401616096497,0.0,-0.1076404452323913,-0.143014520406723
754,25.133333,0.13388431,0.0014537491,0.9366845,-0.25,-0.25,0.0014537491369992,0.9593937397003174,0.0,-0.1087142452597618,-0.1626997739076614
755,25.166666,0.10296208,0.0014537491,0.7591644,-0.25,-0.25,0.0014537491369992,0.9366844892501832,0.0,-0.1014171466231346,-0.175995796918869
756,25.2,0.08418214,0.0014537491,0.5520872,-0.21045536,-0.25,0.0014537491369992,0.7591643929481506,0.0,-0.1833758205175399,-0.1986601203680038
757,25.233334,0.12106931,0.0014537491,0.8862974,-0.25,-0.2104553580284118,0.0014537491369992,0.5520871877670288,0.0,-0.1081661358475685,-0.1956768929958343
758,25.266666,0.13680482,0.20574363,0.944812,-0.25,-0.25,0.0014537491369992,0.8862972855567932,0.0,-0.7080910205841064,-0.2604436874389648
759,25.3,0.09274906,0.10359844,0.6541775,-0.23187265,-0.25,0.2057436257600784,0.944811999797821,1.0,-0.4988002777099609,-0.3038426041603088
760,25.333334,0.105068326,0.10359844,0.7778907,-0.25,-0.2318726480007171,0.1035984382033348,0.6541774868965149,0.0,0.0274487230926752,-0.2517040073871612
761,25.366667,0.12875116,0.10359844,0.9196468,-0.25,-0.25,0.1035984382033348,0.777890682220459,0.0,0.0777265802025795,-0.1882911026477813
762,25.4,0.13961911,0.10359844,0.95170635,-0.25,-0.25,0.1035984382033348,0.9196467995643616,0.0,0.0816167816519737,-0.122374415397644
763,25.433332,0.14411497,0.10359844,0.96105003,-0.25,-0.25,0.1035984382033348,0.9517063498497008,0.0,0.1559915840625763,-0.0575711727142334
764,25.466667,0.1431238,0.0014537491,0.959152,-0.25,-0.25,0.1035984382033348,0.961050033569336,0.0,-0.2321209013462066,-0.039174772799015
765,25.5,0.1342383,0.0014537491,0.9377261,-0.25,-0.25,0.0014537491369992,0.9591519832611084,0.0,0.087492823600769,0.0222970154136419
766,25.533333,0.12260926,0.0014537491,0.8938289,-0.25,-0.25,0.0014537491369992,0.9377260804176332,0.0,-0.0215540546923875,0.0373744890093803
767,25.566668,0.110378444,0.0014537491,0.8203798,-0.25,-0.25,0.0014537491369992,0.8938289284706116,0.0,0.0724183246493339,0.0800424367189407
768,25.6,0.09961671,0.0014537491,0.727274,-0.24904177,-0.25,0.0014537491369992,0.8203796744346619,0.0,0.0216220822185277,0.0786882266402244
769,25.633333,0.085155606,0.0014537491,0.5640906,-0.21288902,-0.2490417659282684,0.0014537491369992,0.7272740006446838,0.0,0.0841103643178939,0.0956401154398918
770,25.666666,0.10510373,0.0014537491,0.7781964,-0.25,-0.212889015674591,0.0014537491369992,0.5640906095504761,0.0,0.0492463894188404,0.1035221368074417
771,25.7,0.12772465,0.0014537491,0.9157714,-0.25,-0.25,0.0014537491369992,0.778196394443512,0.0,0.1045655906200409,0.1477110087871551
772,25.733334,0.14315921,0.0014537491,0.9592213,-0.25,-0.25,0.0014537491369992,0.9157714247703552,0.0,0.1305769681930542,0.1869028210639953
773,25.766666,0.13091063,0.0014537491,0.92727274,-0.25,-0.25,0.0014537491369992,0.9592213034629822,0.0,-0.3869843482971191,0.1423932164907455
774,25.8,0.105546296,0.0014537491,0.7819924,-0.25,-0.25,0.0014537491369992,0.9272727370262146,0.0,0.0374897755682468,0.1598642021417617
775,25.833334,0.08011109,0.0014537491,0.5013886,-0.20027772,-0.25,0.0014537491369992,0.7819923758506775,0.0,0.0709058940410614,0.1969225257635116
776,25.866667,0.10345763,0.0014537491,0.7636655,-0.25,-0.2002777159214019,0.0014537491369992,0.5013886094093323,0.0,-0.2804314494132995,0.1551419496536255
777,25.9,0.12363589,0.20574363,0.89860266,-0.25,-0.25,0.0014537491369992,0.763665497303009,0.0,-0.5682893395423889,0.0911345034837722
778,25.933332,0.14059263,0.20574363,0.95389503,-0.25,-0.25,0.2057436257600784,0.8986026644706726,1.0,0.0158708617091178,0.0754070803523063
779,25.966667,0.14075196,0.20574363,0.9542441,-0.25,-0.25,0.2057436257600784,0.9538950324058532,1.0,-0.4812732636928558,0.025585139170289
780,26.0,0.11866212,0.10359844,0.87359285,-0.25,-0.25,0.2057436257600784,0.954244077205658,1.0,-0.8023847937583923,-0.0344201289117336
781,26.033333,0.092306554,0.10359844,0.6491552,-0.23076639,-0.25,0.1035984382033348,0.8735928535461426,0.0,-0.2759688198566437,-0.0571058876812458
782,26.066668,0.08920902,0.10359844,0.6131212,-0.22302255,-0.2307663857936859,0.1035984382033348,0.6491551995277405,0.0,-0.7522831559181213,-0.1225901469588279
783,26.1,0.117954135,0.10359844,0.86963177,-0.25,-0.2230225503444671,0.1035984382033348,0.6131211519241333,0.0,-0.4940396249294281,-0.1843033134937286
784,26.133333,0.12802553,0.10359844,0.91692466,-0.25,-0.25,0.1035984382033348,0.8696317672729492,0.0,0.0492788255214691,-0.157490849494934
785,26.166666,0.13292849,0.10359844,0.93379027,-0.25,-0.25,0.1035984382033348,0.9169246554374696,0.0,0.0880015194416046,-0.0949928313493728
786,26.2,0.134256,0.10359844,0.9377778,-0.25,-0.25,0.1035984382033348,0.9337902665138244,0.0,0.0501542799174785,-0.06629279255867
787,26.233334,0.13443285,0.10359844,0.9382918,-0.25,-0.25,0.1035984382033348,0.937777817249298,0.0,-0.0019778779242187,-0.0601762346923351
788,26.266666,0.13388431,0.10359844,0.9366845,-0.25,-0.25,0.1035984382033348,0.9382917881011964,0.0,0.0548521056771278,-0.0748221576213836
789,26.3,0.13912356,0.10359844,0.95055467,-0.25,-0.25,0.1035984382033348,0.9366844892501832,0.0,0.1652883291244506,-0.0400005057454109
790,26.333334,0.14089358,0.10359844,0.95455223,-0.25,-0.25,0.1035984382033348,0.9505546689033508,0.0,0.1752548813819885,0.007283363956958
791,26.366667,0.14075196,0.10359844,0.9542441,-0.25,-0.25,0.1035984382033348,0.9545522332191468,0.0,0.1953484714031219,-0.0081336488947272
792,26.4,0.14230955,0.0014537491,0.9575267,-0.25,-0.25,0.1035984382033348,0.954244077205658,0.0,0.2087001353502273,0.0059631979092955
793,26.433332,0.13799071,0.0014537491,0.9478235,-0.25,-0.25,0.0014537491369992,0.957526683807373,0.0,0.2585507333278656,0.0494142770767211
794,26.466667,0.122379124,0.0014537491,0.892732,-0.25,-0.25,0.0014537491369992,0.9478234648704528,0.0,0.0583836734294891,0.0573231466114521
795,26.5,0.10890925,0.0014537491,0.8092991,-0.25,-0.25,0.0014537491369992,0.8927320241928101,0.0,0.0787575989961624,0.0890630707144737
796,26.533333,0.09958124,0.0014537491,0.7269221,-0.2489531,-0.25,0.0014537491369992,0.8092995882034302,0.0,0.2110680937767028,0.138793259859085
797,26.566668,0.09011161,0.0014537491,0.62376994,-0.22527903,-0.2489532530307769,0.0014537491369992,0.7269226908683777,0.0,0.105961225926876,0.1496300995349884
798,26.6,0.088217795,0.0014537491,0.60130125,-0.22054449,-0.2252791821956634,0.0014537491369992,0.6237706542015076,0.0,0.0836228355765342,0.1482584774494171
799,26.633333,0.09761661,0.0014537491,0.70699435,-0.24404153,-0.2205444872379303,0.0014537491369992,0.6013012528419495,0.0,0.0914945751428604,0.1631590873003006
800,26.666666,0.107935786,0.0014537491,0.8016739,-0.25,-0.2440415322780609,0.0014537491369992,0.706994354724884,0.0,0.0148521522060036,0.1549030393362045
801,26.7,0.11745852,0.0014537491,0.86679655,-0.25,-0.25,0.0014537491369992,0.8016738891601562,0.0,0.0903304666280746,0.1779048591852188
802,26.733334,0.124432385,0.0014537491,0.90217423,-0.25,-0.25,0.0014537491369992,0.8667965531349182,0.0,-0.2567142844200134,0.1324756294488906
803,26.766666,0.13675171,0.0014537491,0.94467336,-0.25,-0.25,0.0014537491369992,0.9021742343902588,0.0,0.0347405523061752,0.1539760529994964
804,26.8,0.14372557,0.0014537491,0.9603147,-0.25,-0.25,0.0014537491369992,0.9446733593940736,0.0,0.0591363906860351,0.1829583346843719
805,26.833334,0.13213193,0.0014537491,0.93128496,-0.25,-0.25,0.0014537491369992,0.960314691066742,0.0,0.1381454318761825,0.2083280384540558
806,26.866667,0.11294496,0.0014537491,0.83851874,-0.25,-0.25,0.0014537491369992,0.9312849640846252,0.0,0.0748675987124443,0.2240736782550811
807,26.9,0.08772218,0.0014537491,0.59534574,-0.21930546,-0.25,0.0014537491369992,0.8385187387466431,0.0,0.0594105534255504,0.2180834710597992
808,26.933332,0.09358096,0.0014537491,0.66352624,-0.2339524,-0.2193054556846618,0.0014537491369992,0.5953457355499268,0.0,-0.0880909785628318,0.1652644425630569
809,26.966667,0.115086675,0.0014537491,0.85249853,-0.25,-0.2339524030685424,0.0014537491369992,0.6635262370109558,0.0,-0.1320905089378357,0.1118957847356796
810,27.0,0.13314086,0.20574363,0.9344438,-0.25,-0.25,0.0014537491369992,0.8524985313415527,0.0,-0.3414100110530853,0.0506745167076587
811,27.033333,0.1442743,0.20574363,0.9613471,-0.25,-0.25,0.2057436257600784,0.9344437718391418,1.0,-0.3128958940505981,-0.0035853267181664
812,27.066668,0.122449934,0.10359844,0.89307064,-0.25,-0.25,0.2057436257600784,0.9613471031188964,1.0,-0.2160938531160354,-0.0299702435731887
813,27.1,0.100147724,0.10359844,0.73250836,-0.25,-0.25,0.1035984382033348,0.893070638179779,0.0,-0.3808200061321258,-0.0834745615720748
814,27.133333,0.079615474,0.10359844,0.49519357,-0.19903868,-0.25,0.1035984382033348,0.7325083613395691,0.0,-0.1553458273410797,-0.0860863998532295
815,27.166666,0.101793826,0.10359844,0.7483236,-0.25,-0.1990386843681335,0.1035984382033348,0.4951935708522796,0.0,-0.1219770684838295,-0.1151928529143333
816,27.2,0.120202065,0.10359844,0.8818538,-0.25,-0.25,0.1035984382033348,0.7483236193656921,0.0,-0.0205877684056758,-0.0972890183329582
817,27.233334,0.12977785,0.10359844,0.92335945,-0.25,-0.25,0.1035984382033348,0.8818538188934326,0.0,0.0174770783632993,-0.0497793890535831
818,27.266666,0.13845092,0.10359844,0.9489498,-0.25,-0.25,0.1035984382033348,0.9233594536781312,0.0,0.1130230724811554,-0.0376445911824703
819,27.3,0.14361936,0.10359844,0.9601118,-0.25,-0.25,0.1035984382033348,0.9489498138427734,0.0,0.0755559578537941,-0.0186899527907371
820,27.333334,0.14326537,0.10359844,0.9594283,-0.25,-0.25,0.1035984382033348,0.9601117968559264,0.0,0.0819749012589454,0.019321147352457
821,27.366667,0.14310616,0.10359844,0.95911735,-0.25,-0.25,0.1035984382033348,0.9594283103942872,0.0,0.0496428310871124,0.0392845384776592
822,27.4,0.14206177,0.10359844,0.9570199,-0.25,-0.25,0.1035984382033348,0.959117352962494,0.0,0.0954169929027557,0.0367280468344688
823,27.433332,0.14261049,0.10359844,0.9581345,-0.25,-0.25,0.1035984382033348,0.9570199251174928,0.0,0.1079520210623741,0.0251029897481203
824,27.466667,0.14043334,0.0014537491,0.9535435,-0.25,-0.25,0.1035984382033348,0.9581344723701476,0.0,0.1432754695415496,0.0047109117731451
825,27.5,0.1426636,0.0014537491,0.95824087,-0.25,-0.25,0.0014537491369992,0.9535433650016784,0.0,0.1701800525188446,0.0330090634524822
826,27.533333,0.12993711,0.0014537491,0.9239211,-0.25,-0.25,0.0014537491369992,0.9582408666610718,0.0,0.1305374652147293,0.0608207620680332
827,27.566668,0.10998899,0.0014537491,0.81749237,-0.25,-0.25,0.0014537491369992,0.9239211082458496,0.0,0.1902216076850891,0.0913080424070358
828,27.6,0.09673154,0.0014537491,0.6977439,-0.24182886,-0.25,0.0014537491369992,0.8174923658370972,0.0,0.2069758027791977,0.1453962177038192
829,27.633333,0.08913815,0.0014537491,0.6122803,-0.22284538,-0.2418288588523864,0.0014537491369992,0.697743833065033,0.0,-0.1073061004281044,0.1475715935230255
830,27.666666,0.08265996,0.0014537491,0.53320056,-0.2066499,-0.2228453755378723,0.0014537491369992,0.6122803092002869,0.0,0.1316571086645126,0.1511596739292144
831,27.7,0.09458989,0.0014537491,0.67469436,-0.23647472,-0.206649899482727,0.0014537491369992,0.5332005620002747,0.0,0.1240729764103889,0.1601140648126602
832,27.733334,0.1063782,0.0014537491,0.78900033,-0.25,-0.236474722623825,0.0014537491369992,0.6746943593025208,0.0,0.1016477420926094,0.1919016689062118
833,27.766666,0.118980706,0.0014537491,0.8753414,-0.25,-0.25,0.0014537491369992,0.7890003323554993,0.0,0.1093901991844177,0.198206827044487
834,27.8,0.13482243,0.0014537491,0.93941,-0.25,-0.25,0.0014537491369992,0.8753414154052734,0.0,0.0106874369084835,0.2028112262487411
835,27.833334,0.14422116,0.0014537491,0.9612483,-0.25,-0.25,0.0014537491369992,0.9394099712371826,0.0,0.0352234840393066,0.218839943408966
836,27.866667,0.13213193,0.0014537491,0.93128496,-0.25,-0.25,0.0014537491369992,0.9612483978271484,0.0,0.0867681205272674,0.2475736886262893
837,27.9,0.11285645,0.0014537491,0.83791864,-0.25,-0.25,0.0014537491369992,0.9312849640846252,0.0,0.0927104949951171,0.2679472267627716
838,27.933332,0.09320927,0.0014537491,0.6593645,-0.23302317,-0.25,0.0014537491369992,0.8379186391830444,0.0,0.0694761201739311,0.2823252975940704
839,27.966667,0.07745606,0.0014537491,0.46824357,-0.19364014,-0.2330230176448822,0.0014537491369992,0.6593638062477112,0.0,-0.016175303608179,0.2369256168603897
840,28.0,0.09848386,0.0014537491,0.7158957,-0.24620965,-0.1936401426792144,0.0014537491369992,0.4682435691356659,0.0,-0.4043925404548645,0.1752076894044876
841,28.033333,0.11915767,0.0014537491,0.8763038,-0.25,-0.2462096512317657,0.0014537491369992,0.7158957123756409,0.0,-0.0764446780085563,0.1382689625024795
842,28.066668,0.13620293,0.20574363,0.9432217,-0.25,-0.25,0.0014537491369992,0.8763037919998169,0.0,-0.3001900315284729,0.0887916982173919
843,28.1,0.14321226,0.20574363,0.95932484,-0.25,-0.25,0.2057436257600784,0.9432216882705688,1.0,-0.2587873935699463,0.0325062535703182
844,28.133333,0.12570679,0.10359844,0.90765554,-0.25,-0.25,0.2057436257600784,0.959324836730957,1.0,-0.3612308204174042,-0.0281310379505157
845,28.166666,0.10889161,0.10359844,0.809163,-0.25,-0.25,0.1035984382033348,0.9076555371284484,0.0,-0.4316465854644775,-0.0911878570914268
846,28.2,0.09085506,0.10359844,0.63245267,-0.22713766,-0.25,0.1035984382033348,0.809162974357605,0.0,-0.2796843945980072,-0.1278762370347976
847,28.233334,0.08674866,0.10359844,0.58356684,-0.21687165,-0.2271376550197601,0.1035984382033348,0.632452666759491,0.0,-0.1957727521657943,-0.1332715898752212
848,28.266666,0.10699767,0.10359844,0.7941106,-0.25,-0.2168716490268707,0.1035984382033348,0.5835668444633484,0.0,-0.204939916729927,-0.1393641978502273
849,28.3,0.11629027,0.10359844,0.8599065,-0.25,-0.25,0.1035984382033348,0.7941105961799622,0.0,-0.2200194895267486,-0.1353166848421096
850,28.333334,0.12367123,0.10359844,0.8987636,-0.25,-0.25,0.1035984382033348,0.8599064946174622,0.0,0.0702314674854278,-0.0985855609178543
851,28.366667,0.13020259,0.10359844,0.9248489,-0.25,-0.25,0.1035984382033348,0.8987635970115662,0.0,0.0986278280615806,-0.0629094913601875
852,28.4,0.13351256,0.10359844,0.93557304,-0.25,-0.25,0.1035984382033348,0.9248489141464232,0.0,0.1028973832726478,-0.0551582090556621
853,28.433332,0.13885802,0.10359844,0.9499269,-0.25,-0.25,0.1035984382033348,0.9355730414390564,0.0,0.1924792230129242,-0.0129288407042622
854,28.466667,0.13931823,0.10359844,0.9510102,-0.25,-0.25,0.1035984382033348,0.9499269127845764,0.0,0.1826568394899368,-0.0053193792700767
855,28.5,0.14147767,0.10359844,0.95580256,-0.25,-0.25,0.1035984382033348,0.9510101079940796,0.0,0.2340513616800308,0.0023648915812373
856,28.533333,0.14186707,0.0014537491,0.9566178,-0.25,-0.25,0.1035984382033348,0.9558025598526,0.0,0.0931288972496986,0.0005147728370502
857,28.566668,0.14131838,0.0014537491,0.9554649,-0.25,-0.25,0.0014537491369992,0.9566177725791932,0.0,0.1529789268970489,0.0229709837585687
858,28.6,0.13606143,0.0014537491,0.9428416,-0.25,-0.25,0.0014537491369992,0.9554648995399476,0.0,0.1120458021759986,0.0522154346108436
859,28.633333,0.118024945,0.0014537491,0.87003267,-0.25,-0.25,0.0014537491369992,0.9428415894508362,0.0,0.1581552624702453,0.0773632302880287
860,28.666666,0.105121434,0.0014537491,0.77834916,-0.25,-0.25,0.0014537491369992,0.8700323104858398,0.0,0.1379900276660919,0.1103862524032592
861,28.7,0.09425348,0.0014537491,0.6709918,-0.2356337,-0.25,0.0014537491369992,0.7783491611480713,0.0,0.0601109229028224,0.1028016805648803
862,28.733334,0.08727962,0.0014537491,0.5900038,-0.21819904,-0.2356337010860443,0.0014537491369992,0.6709917783737183,0.0,0.0950129702687263,0.0930259674787521
863,28.766666,0.09965205,0.0014537491,0.72762436,-0.24913013,-0.2181990444660186,0.0014537491369992,0.5900037884712219,0.0,0.1242531687021255,0.1059696227312088
864,28.8,0.120467484,0.0014537491,0.8832295,-0.25,-0.2491301298141479,0.0014537491369992,0.7276243567466736,0.0,0.14435875415802,0.1317701190710067
865,28.833334,0.14284056,0.0014537491,0.9585934,-0.25,-0.25,0.0014537491369992,0.8832294940948486,0.0,0.0162533521652221,0.1360778659582138
866,28.866667,0.13894653,0.0014537491,0.9501371,-0.25,-0.25,0.0014537491369992,0.9585934281349182,0.0,0.2143565118312835,0.1934017539024353
867,28.9,0.117405355,0.0014537491,0.86648923,-0.25,-0.25,0.0014537491369992,0.9501369595527648,0.0,-0.2359164953231811,0.1603458821773529
868,28.933332,0.10280275,0.0014537491,0.7577049,-0.25,-0.25,0.0014537491369992,0.8664894104003906,0.0,-0.1132168918848037,0.1534024029970169
869,28.966667,0.09037721,0.0014537491,0.62688136,-0.22594303,-0.25,0.0014537491369992,0.7577046751976013,0.0,-0.3872031569480896,0.110007032752037
870,29.0,0.08032349,0.0014537491,0.5040435,-0.20080872,-0.2259430289268493,0.0014537491369992,0.6268813014030457,0.0,-0.1668679565191269,0.0928086265921592
871,29.033333,0.100838006,0.0014537491,0.7392165,-0.25,-0.2008087188005447,0.0014537491369992,0.5040435194969177,0.0,-0.0647413358092308,0.0924557074904441
872,29.066668,0.120750725,0.0014537491,0.8846822,-0.25,-0.25,0.0014537491369992,0.7392165064811707,0.0,0.0147095685824751,0.111604169011116
873,29.1,0.13243279,0.20574363,0.9322414,-0.25,-0.25,0.0014537491369992,0.8846821784973145,0.0,-0.4598827958106994,0.057974386960268
874,29.133333,0.14407957,0.20574363,0.96098375,-0.25,-0.25,0.2057436257600784,0.9322413802146912,1.0,-0.6217767596244812,-0.0001271128421649
875,29.166666,0.1350879,0.20574363,0.9401611,-0.25,-0.25,0.2057436257600784,0.9609837532043456,1.0,-0.5047039985656738,-0.0592140071094036
876,29.2,0.11634338,0.10359844,0.86022604,-0.25,-0.25,0.2057436257600784,0.940161108970642,1.0,-0.2354092597961425,-0.0769272968173027
877,29.233334,0.10092652,0.10359844,0.7400688,-0.25,-0.25,0.1035984382033348,0.860226035118103,0.0,-0.3531776368618011,-0.1010087728500366
878,29.266666,0.08646545,0.10359844,0.5801216,-0.21616362,-0.25,0.1035984382033348,0.740068793296814,0.0,-0.3616043925285339,-0.1278529465198516
879,29.3,0.0824298,0.10359844,0.5303352,-0.20607449,-0.216163620352745,0.1035984382033348,0.5801215767860413,0.0,-0.2658511698246002,-0.1258308887481689
880,29.333334,0.100554794,0.10359844,0.7364775,-0.25,-0.2060744911432266,0.1035984382033348,0.5303351879119873,0.0,-0.0082605043426156,-0.0904542058706283
881,29.366667,0.11429021,0.10359844,0.8474204,-0.25,-0.25,0.1035984382033348,0.7364774942398071,0.0,-0.093309611082077,-0.0901390835642814
882,29.4,0.12191895,0.10359844,0.8905087,-0.25,-0.25,0.1035984382033348,0.8474203944206238,0.0,-0.1121771559119224,-0.0762506872415542
883,29.433332,0.13004333,0.10359844,0.9242935,-0.25,-0.25,0.1035984382033348,0.8905087113380432,0.0,0.0805302634835243,-0.0366884805262088
884,29.466667,0.13753045,0.10359844,0.9466736,-0.25,-0.25,0.1035984382033348,0.9242935180664062,0.0,0.0559294819831848,0.0092589193955063
885,29.5,0.13938904,0.10359844,0.95117486,-0.25,-0.25,0.1035984382033348,0.946673572063446,0.0,0.198173701763153,0.047025378793478
886,29.533333,0.13776061,0.10359844,0.94725156,-0.25,-0.25,0.1035984382033348,0.9511748552322388,0.0,0.1211074814200401,0.0298752561211586
887,29.566668,0.14101747,0.0014537491,0.95482016,-0.25,-0.25,0.1035984382033348,0.947251558303833,0.0,0.1063532009720802,0.0583319440484046
888,29.6,0.13839781,0.0014537491,0.948821,-0.25,-0.25,0.0014537491369992,0.954820156097412,0.0,0.0834274217486381,0.0639658942818641
889,29.633333,0.13034424,0.0014537491,0.9253397,-0.25,-0.25,0.0014537491369992,0.9488210082054138,0.0,0.1442198604345321,0.0850442573428154
890,29.666666,0.116591215,0.0014537491,0.86170936,-0.25,-0.25,0.0014537491369992,0.925339698791504,0.0,0.07532449811697,0.0877074971795082
891,29.7,0.10264343,0.0014537491,0.7562395,-0.25,-0.25,0.0014537491369992,0.8617091774940491,0.0,0.0056278510019183,0.0832770243287086
892,29.733334,0.09168702,0.0014537491,0.642068,-0.22921756,-0.25,0.0014537491369992,0.7562394738197327,0.0,0.1135611608624458,0.0853950828313827
893,29.766666,0.0824298,0.0014537491,0.5303352,-0.20607449,-0.2292175590991974,0.0014537491369992,0.6420680284500122,0.0,0.0970200598239898,0.0977111905813217
894,29.8,0.09908569,0.0014537491,0.72197604,-0.24771422,-0.2060744911432266,0.0014537491369992,0.5303351879119873,0.0,0.1206654906272888,0.1000647246837616
895,29.833334,0.12106934,0.0014537491,0.88629746,-0.25,-0.2477142214775085,0.0014537491369992,0.7219760417938232,0.0,0.0751462653279304,0.1192205548286438
896,29.866667,0.14363706,0.0014537491,0.96014565,-0.25,-0.25,0.0014537491369992,0.8862974643707275,0.0,0.1573114097118377,0.171050027012825
897,29.9,0.13317627,0.0014537491,0.93455213,-0.25,-0.25,0.0014537491369992,0.9601456522941588,0.0,0.0030476315878331,0.1961476802825927
898,29.933332,0.1076172,0.0014537491,0.79912907,-0.25,-0.25,0.0014537491369992,0.9345521330833436,0.0,0.1125733032822609,0.2203200757503509
899,29.966667,0.085014045,0.0014537491,0.5623494,-0.21253511,-0.25,0.0014537491369992,0.799129068851471,0.0,0.012437941506505,0.2174554914236068
