sample_index,time_s,q_raw,q_ref,q_cmd,qdot_cmd,q_model,qdot_model,q_cmd_minus_model,q_raw_minus_model,qdot_cmd_minus_model,tau_model
0,0.0,-0.1778383255004882,-0.04313199544135939,-0.017777777777777778,-0.5333333333333333,-0.01511531965236736,0.46530112749357677,-0.0026624581254104177,-0.16272300584812083,-0.9986344608269101,2.459943842228572
1,0.03333333333333333,0.0862903296947479,-0.011742568431907546,-0.017777777777777778,0.0,-0.016836456902428038,0.22881470919197866,-0.0009413208753497396,0.10312678659717593,-0.22881470919197866,1.9015309064171906
2,0.06666666666666667,0.0716520473361015,0.008483533995770846,0.0,0.5333333333333333,-0.0022679774357622206,-0.36200093269114775,0.0022679774357622206,0.07392002477186373,0.8953342660244811,-1.573602863090422
3,0.1,0.1374940574169159,0.039773084729158414,0.035555555555555556,1.0666666666666667,0.033768175584807436,0.4507020773031354,0.0017873799707481194,0.10372588183210846,0.6159645893635313,8.520886277464761
4,0.13333333333333333,0.1732757687568664,0.07215214105847892,0.07215214105847892,1.097897565087701,0.07042491347141958,0.48151907215346595,0.0017272275870593434,0.10285085528544682,0.6163784929342351,8.880229438072602
5,0.16666666666666666,0.1532170921564102,0.09181321856452188,0.09181321856452188,0.5898323251812887,0.08900935247893849,-0.390131646234656,0.0028038660855833897,0.0642077396774717,0.9799639714159447,-1.346587336110215
6,0.2,0.1170045211911201,0.09792298791257704,0.09792298791257704,0.18329308044165504,0.09611244650979509,-0.3660839789210326,0.0018105414027819594,0.02089207468132502,0.5493770593626877,-2.515476482702523
7,0.23333333333333334,0.1738024950027465,0.11632641442199276,0.11632641442199276,0.5521027952824715,0.11335627570777013,-0.48248688387754,0.0029701387142226365,0.06044621929497637,1.0345896791600115,-2.3606118174546413
8,0.26666666666666666,0.114235870540142,0.11581938463002758,0.1169520631536307,0.0187694619491382,0.11584334960143494,-0.25888716346215224,0.0011087135521957586,-0.001607479061292938,0.27765662541129044,-2.086070139325701
9,0.3,0.1018489971756935,0.11243107850254604,0.11243107850254604,-0.13562953953253992,0.1126537082332149,0.00035740696784861137,-0.00022262973066886071,-0.010804711057521399,-0.13598694650038853,-0.38303980539069904
10,0.3333333333333333,0.1307291388511657,0.11686899621978306,0.11686899621978306,0.13313753151711055,0.11624609849266938,-0.11045097281370742,0.0006228977271136721,0.014483040358496305,0.24358850433081797,-0.5833983770367315
11,0.36666666666666664,0.1328376084566116,0.1207419415383209,0.1207419415383209,0.11618835955613513,0.11994016312343754,-0.1554541373370803,0.0008017784148833529,0.012897445333174065,0.2716424968932154,-0.9860768301645682
12,0.4,0.1013219505548477,0.11603191651861215,0.11603191651861215,-0.14130075059126226,0.11643912914083561,0.04902934892928715,-0.00040721262222345733,-0.015117178585987906,-0.1903300995205494,0.028068531352178155
13,0.43333333333333335,0.1284535080194473,0.11904458561837254,0.11904458561837254,0.0903800729928117,0.11871613933081317,-0.05156648790171309,0.0003284462875593752,0.009737368688634132,0.1419465608945248,-0.19972073481322142
14,0.4666666666666667,0.1080175787210464,0.11637015191636378,0.11637015191636378,-0.08023301106026282,0.116660155776492,0.04380377649608955,-0.00029000386012821566,-0.008642577055445591,-0.12403678755635236,0.1549086275643741
15,0.5,0.0518446937203407,0.10072047819766441,0.10072047819766441,-0.46949021156098103,0.10316015951142252,0.43212893078352077,-0.002439681313758102,-0.051315465791081816,-0.9016191423445018,2.3496999424235203
16,0.5333333333333333,0.1300069242715835,0.10782346263591154,0.10284858225674283,0.0638431217723523,0.10339795311071193,0.15597671982266215,-0.0005493708539690972,0.026608971160871575,-0.09213359805030985,1.4671301547756823
17,0.5666666666666667,0.1422003358602523,0.11616105316949078,0.11616105316949078,0.3993741273824386,0.11441907775521439,-0.2803259273438664,0.0017419754142763977,0.027781258105037912,0.679700054726305,-1.2501052246336675
18,0.6,0.0431277826428413,0.09844793827956023,0.11169574630446095,-0.13395920595089472,0.11177172542105389,-0.024437575802466836,-7.597911659293355e-05,-0.06864394277821259,-0.10952163014842789,-0.5460018499813002
19,0.6333333333333333,0.0270599108189344,0.0811338522054035,0.08945266166165336,-0.667292539284228,0.09220006825503498,0.3668916342525659,-0.0027474065933816155,-0.06514015743610058,-1.034184173536794,1.012707436990851
20,0.6666666666666666,-0.0877032652497291,0.040184963601596624,0.049431799241067984,-1.2006258726175614,0.05090301874573936,-0.7119476036967634,-0.001471219504671377,-0.13860628399546845,-0.488678268920798,-11.567153235189835
21,0.7,-0.136779174208641,-0.0027350108405508958,-0.0027350108405508958,-1.5650043024485665,0.0020243392077462855,-0.550851070183156,-0.004759350048297181,-0.13880351341638728,-1.0141532322654103,-13.123024760906807
22,0.7333333333333333,-0.0232875179499387,-0.007719710513446701,-0.037124043144391994,-1.031670969115233,-0.03531395048521145,-0.5153635624974302,-0.0018100926591805427,0.01202643253527275,-0.5163074066178028,-9.274874866299076
23,0.7666666666666666,-0.2006791830062866,-0.05451911139908671,-0.05451911139908671,-0.5218520476408415,-0.05207166110182443,0.3211092472982495,-0.002447450297262281,-0.14860752190446216,-0.842961294939091,0.9313591571957728
24,0.8,-0.3798363208770752,-0.1334198790300878,-0.0896919574315592,-1.0551853809741747,-0.08788252780303238,-0.43951481231568457,-0.0018094296285268152,-0.2919537930740428,-0.6156705686584901,-8.390436596090172
25,0.8333333333333334,-0.2708660066127777,-0.16675535793568969,-0.14264258124180945,-1.588518714307508,-0.13745485863974757,-0.5209181372924874,-0.005187722602061878,-0.13341114797303014,-1.0676005770150205,-13.185268859712348
26,0.8666666666666667,-0.3551959693431854,-0.2124587774282038,-0.2093092479084761,-2.0,-0.20019847307983424,-1.5292337328104006,-0.009110774828641865,-0.1549974962633512,-0.47076626718959935,-29.50342551278353
27,0.9,-0.1470971852540969,-0.19660631206248694,-0.258198136797365,-1.4666666666666668,-0.25160502831257586,-0.4417663850304574,-0.006593108484789112,0.10450784305847896,-1.0249002816362094,-13.34986113359418
28,0.9333333333333333,-0.3648898601531982,-0.2374209407915705,-0.28930924790847606,-0.9333333333333335,-0.28731708606886475,-0.4346081590707291,-0.001992161839611317,-0.07757277408433344,-0.4987251742626044,-8.33322231242584
29,0.9666666666666667,-0.1679327934980392,-0.22056764190980122,-0.3026425812418094,-0.40000000000000013,-0.30069212538882295,0.24749566750726826,-0.0019504558529864768,0.13275933189078376,-0.6474956675072684,0.6622525849170742
30,1.0,0.0103955091908574,-0.16455102371257094,-0.298198136797365,0.1333333333333332,-0.2982637122428898,0.018771073483185543,6.557544552476813e-05,0.3086592214337472,0.11456225985014765,0.46723026231322445
31,1.0333333333333332,-0.1793107837438583,-0.16813078021665082,-0.2759759145751428,0.6666666666666665,-0.27872498513354105,-0.3685268745594974,0.0027490705583982367,0.09941420138968274,1.035193541226164,-1.0317752410742793
32,1.0666666666666667,-0.0813670828938484,-0.14708755802666046,-0.23597591457514283,1.1999999999999997,-0.23744852187607313,0.7109253318830685,0.0014726073009302953,0.1560814389822247,0.48907466811693123,11.55523298189072
33,1.1,-0.3052718341350555,-0.18545276112222886,-0.18545276112222886,1.5156946035874193,-0.18959834543457033,0.5952337653814549,0.004145584312341466,-0.11567348870048516,0.9204608382059644,13.030733074179397
34,1.1333333333333333,-0.3663838803768158,-0.22933486689963326,-0.15270738544709267,0.9823612702540859,-0.15464386257916896,0.3969885149304018,0.0019364771320762864,-0.21174001779764684,0.585372755323684,7.894556508314096
35,1.1666666666666667,-0.0052393074147403,-0.17498387915315478,-0.13773978754973426,0.4490279369207526,-0.1399607216719992,-0.3019795528723366,0.002220934122264928,0.1347214142572589,0.7510074897930892,-1.0062319982448207
36,1.2,-0.3456526398658752,-0.21637700511926328,-0.1405499674301536,-0.08430539641258072,-0.14083169205817864,-0.08730334430016592,0.00028172462802503184,-0.20482094780769655,0.0029979478875852006,-0.910555162875994
37,1.2333333333333334,-0.0322795026004314,-0.17172694098341923,-0.16113792508835073,-0.617638729745914,-0.15826921005975034,0.4728686878988515,-0.0028687150286003937,0.12598970745931892,-1.0905074176447656,2.248458346322442
38,1.2666666666666666,0.0807692185044288,-0.11048781736177493,-0.16394810496877008,-0.08430539641258072,-0.16254031244348538,0.31017103772865906,-0.0014077925252846957,0.2433095309479142,-0.3944764341412398,2.3428956815742326
39,1.3,-0.1604568809270858,-0.12260705777771143,-0.14898050707141167,0.4490279369207526,-0.15066285938999902,-0.24841828438319258,0.001682352318587349,-0.009794021537086778,0.6974462213039452,-0.8521510112189334
40,1.3333333333333333,0.026163637638092,-0.08652497626674553,-0.11623513139627548,0.9823612702540859,-0.11822797977743486,0.27187009131406914,0.0019928483811593872,0.14439161741552686,0.7104911789400168,6.43560666551067
41,1.3666666666666667,0.0187454298138618,-0.06099323184438623,-0.0657119779433615,1.5156946035874193,-0.07006586766932493,0.5817728962214621,0.004353889725963428,0.08881129748318672,0.9339217073659571,13.058724306213445
42,1.4,0.0549612045288085,-0.032870237506811326,-0.032870237506811326,0.9852522130965053,-0.03479536134678529,0.41268160396992365,0.0019251238399739662,0.08975656587559379,0.5725706091265816,8.077546583840613
43,1.4333333333333333,0.0535343848168849,-0.011914103525625056,-0.011914103525625056,0.628684019435588,-0.014707151048995589,-0.3412406458499373,0.0027930475233705326,0.06824153586588048,0.9699246652855253,-0.7136027614674111
44,1.4666666666666666,0.0628962442278862,0.006230014561351086,0.006230014561351086,0.5443235426092843,0.0032646377156205796,-0.44633787760304267,0.0029653768457305065,0.05963160651226562,0.990661420212327,-1.9390944621577075
45,1.5,0.1247468441724777,0.03497447861388428,0.03497447861388428,0.8623339215759959,0.03273754350317117,0.12478443533546002,0.0022369351107131077,0.09200930066930652,0.7375494862405358,4.720506774813044
46,1.5333333333333332,0.1303680539131164,0.05811074715083786,0.05811074715083786,0.6940880561086075,0.05547384031026757,-0.20974200193207793,0.0026369068405702883,0.07489421360284883,0.9038300580406854,0.8197439697951279
47,1.5666666666666667,0.1779558509588241,0.08717736401516003,0.08717736401516003,0.8719985059296652,0.08495492990402773,0.12519082667307802,0.002222434111132307,0.09300092105479638,0.7468076792565872,4.725245522001492
48,1.6,0.1385012418031692,0.09962519412464463,0.09962519412464463,0.3734349032845379,0.09746778520523298,-0.33788014209294714,0.0021574089194116436,0.04103345659793621,0.711315045377485,-1.6001559475811198
49,1.6333333333333333,0.0663553029298782,0.09155608533547506,0.09429524645635144,-0.15989843004879545,0.09436827160058668,-0.0322676198369404,-7.30251442352392e-05,-0.028012968670708488,-0.12763081021185504,-0.6729726975836616
50,1.6666666666666667,0.1675899177789688,0.10999694112464438,0.10674307656583604,0.3734349032845379,0.10486148064563763,-0.3352103699765261,0.0018815959201984034,0.06272843713333118,0.708645273261064,-1.8201603447787016
51,1.7,0.123136006295681,0.11318362260888563,0.11318362260888563,0.1932163812914879,0.11154770626501895,-0.3324971940682383,0.0016359163438666863,0.011588300030662052,0.5257135753597262,-2.2562502747475834
52,1.7333333333333334,0.1216041296720504,0.11522588920828274,0.11522588920828274,0.06126799798191307,0.11429695821993487,-0.21027842814519637,0.0009289309883478702,0.007307171452115541,0.27154642612710944,-1.6060726547882993
53,1.7666666666666666,0.1870926469564438,0.13265608407125928,0.13265608407125928,0.5229058458892965,0.1296712817247285,-0.552736078767305,0.002984802346530785,0.05742136523171529,1.0756419246566016,-3.2348479170053386
54,1.8,0.0804089084267616,0.1199843220346999,0.13230850115645806,-0.010427487444036876,0.13127544181800216,-0.25825446925371465,0.001033059338455905,-0.05086653339124056,0.24782698180967777,-2.1871760434073266
55,1.8333333333333333,0.1074805334210395,0.1169517172687343,0.1169517172687343,-0.46070351663171305,0.11881182592960211,0.2860810830320636,-0.001860108660867818,-0.011331292508562615,-0.7467845996637766,1.1284586158262977
56,1.8666666666666667,0.1340963244438171,0.12110988236862745,0.11937271115878831,0.07262981670162028,0.11963038072064493,0.08290901654534327,-0.0002576695618566188,0.014465943723172184,-0.010279199843722997,0.8636845053202507
57,1.9,0.1395629793405532,0.1255854018733918,0.1255854018733918,0.1863807214381044,0.12478239611519366,-0.1272662029451081,0.0008030057581981248,0.014780583225359537,0.3136469243832125,-0.5495539647383718
58,1.9333333333333333,0.0284280069172382,0.10202134556241586,0.11402031481021749,-0.3469526118952289,0.11548096977682318,0.23823713590941575,-0.00146065496660569,-0.08705296285958497,-0.5851897478046446,1.0702796810073543
59,1.9666666666666666,0.0985030829906463,0.10116804420130597,0.10116804420130597,-0.38556811826734555,0.1035929265042203,0.45598176582468986,-0.0024248823029143357,-0.0050898435135739994,-0.8415498840920355,2.764900051775493
60,2.0,0.1004328057169914,0.10098972322991513,0.10098972322991513,-0.005349629141725154,0.10190463647176795,0.22428187441071312,-0.0009149132418528189,-0.0014718307547765541,-0.22963150355243828,1.8637102150880467
61,2.033333333333333,0.0947938784956932,0.09948701482282829,0.09948701482282829,-0.045081252212605255,0.10009728842504027,0.14039001996346867,-0.0006102736022119831,-0.0053034099293470666,-0.18547127217607393,1.075686959860933
62,2.0666666666666664,0.0433809384703636,0.08587933479853327,0.08587933479853327,-0.40823040072885064,0.08816538502350392,0.4203565704237351,-0.002286050224970651,-0.04478444655314032,-0.8285869711525857,2.4310724442759044
63,2.1,-0.0958868414163589,0.04179469858848003,0.05449387699646047,-0.941563734062184,0.05656585551479842,-0.23038828720079807,-0.002071978518337944,-0.15245269693115732,-0.7111754468613859,-5.95190594549649
64,2.1333333333333333,-0.0854835733771324,0.010925279239444235,0.010925279239444231,-1.3070579327104872,0.012711567530522369,-0.7676671786095657,-0.0017862882910781377,-0.09819514090765477,-0.5393907541009215,-12.672166058726956
65,2.1666666666666665,-0.256254494190216,-0.05387513280424601,-0.05042109629534979,-1.8403912660438206,-0.04272918047492151,-0.6528897606532649,-0.007691915820428281,-0.21352531371529448,-1.1875015053905558,-17.409878697015053
66,2.2,-0.3075406849384308,-0.11539787492122314,-0.11539787492122314,-1.9493033587762,-0.10607540283002996,-1.6015466826130154,-0.009322472091193176,-0.2014652821084008,-0.34775667616318473,-30.50134422005961
67,2.2333333333333334,-0.3389959037303924,-0.1696281941291464,-0.1696281941291464,-1.626909576237698,-0.16160081793044215,-0.6630498120494628,-0.00802737619870425,-0.17739508579995025,-0.9638597641882352,-17.550087406282586
68,2.2666666666666666,-0.2961584627628326,-0.20031619658611483,-0.2060807355592919,-1.0935762429043647,-0.2044864658268076,-0.7908342008285438,-0.0015942697324843047,-0.09167199693602499,-0.3027420420758209,-12.487014476709547
69,2.3,-0.3594942986965179,-0.238922437143476,-0.238922437143476,-0.9852510475255227,-0.236934156537368,-0.2725062646443887,-0.001988280606108006,-0.1225601421591499,-0.712744782881134,-6.443024797496667
70,2.3333333333333335,-0.2136500924825668,-0.23279301227603477,-0.2539863609498823,-0.4519177141921894,-0.251621981674907,0.3491642366276073,-0.0023643792749752923,0.03797188919234021,-0.8010819508197967,1.4407748102019433
71,2.3666666666666667,-0.0981472954154014,-0.20013673062534265,-0.25127250697851083,0.08141561914114392,-0.25090443039520516,0.10985668631320147,-0.0003680765833056765,0.15275713497980375,-0.02844106717205755,1.0999467651589743
72,2.4,-0.1515413969755172,-0.18835066761807565,-0.23078087522936158,0.6147489524744773,-0.2336581499805871,-0.48236516139476904,0.0028772747512255115,0.0821167530050699,1.0971141138692464,-2.359192466155516
73,2.433333333333333,-0.2637470960617065,-0.20663693070997896,-0.20663693070997896,0.7243183355814786,-0.20919031206828848,-0.12375715724445535,0.0025533813583095144,-0.05455678399341801,0.848075492825934,1.82237469366966
74,2.466666666666667,-0.5281577110290527,-0.2846169318823727,-0.20027076396837412,0.1909850022481453,-0.20181765785982744,-0.2737219417998519,0.0015468938914533215,-0.3263400531692253,0.4647069440479972,-1.6311169290797007
75,2.5,-0.0681991353631019,-0.23212806939095992,-0.21168237500454706,-0.34234833108518803,-0.21052348686167655,0.16455858785310673,-0.0011588881428705178,0.14232435149857464,-0.5069069189382948,0.46299815316349324
76,2.533333333333333,-0.1186522245407104,-0.2046062199301589,-0.20531620826294222,0.1909850022481453,-0.2058963160733623,-0.08025521058384738,0.0005801078104200885,0.08724409153265192,0.2712402128319927,-0.17961567874752393
77,2.5666666666666664,-0.1677699536085128,-0.1956721408075033,-0.1956721408075033,0.28932202366316745,-0.1973013051399501,-0.29491134165629473,0.0016291643324467808,0.029531351531437294,0.5842333653194622,-1.6784592192306111
78,2.6,0.0103919832035899,-0.14569440494848124,-0.1682502955742866,0.8226553569965007,-0.1706082065529811,-0.01325519288094601,0.0023579109786944774,0.18100018975657098,0.8359105498774467,3.1108885581983086
79,2.6333333333333333,-0.1436159908771515,-0.14519031705855334,-0.14519031705855334,0.6917993554719981,-0.14782966952345866,-0.20764443754047146,0.00263935246490532,0.004213678646307173,0.8994437930124696,0.8442027277538133
80,2.6666666666666665,0.011103494092822,-0.10728361763860575,-0.10728361763860575,1.1372009825984277,-0.10890180589485127,0.5942986034073394,0.0016181882562455174,0.12000529998767327,0.5429023791910883,10.195300988996493
81,2.7,0.109927624464035,-0.05460231692450634,-0.05460231692450634,1.5804390214229824,-0.05961280587073878,0.5331446295013528,0.00501048894623244,0.16954043033477378,1.0472943919216298,13.159844455365686
82,2.7333333333333334,0.0625172778964042,-0.02619673103241749,-0.019698793988184707,1.047105688089649,-0.021467975611900784,0.5554147429650065,0.001769181623716077,0.08398525350830498,0.4916909451246425,9.741893725379668
83,2.7666666666666666,0.0659094601869583,-0.0038577677711817276,-0.0025730488296408505,0.5137723547563157,-0.00493414559770059,-0.29908253318588873,0.002361096768059739,0.07084360578465888,0.8128548879422044,-0.755358250663227
84,2.8,0.1396144032478332,0.03093923680552353,0.03093923680552353,1.0053685690549314,0.029014337256358245,0.34703258052532066,0.001924899549165287,0.11060006599147496,0.6583359885296107,7.312042754217557
85,2.8333333333333335,0.160184845328331,0.06228580387385858,0.06228580387385858,0.9403970120500516,0.060202902344451394,0.20998062158296948,0.00208290152940719,0.09998194298387961,0.7304163904670821,5.713941306200717
86,2.8666666666666667,0.1345761269330978,0.07981872809517299,0.07981872809517299,0.525987726639432,0.07700702294972847,-0.4379387938445618,0.0028117051454445152,0.05756910398336934,0.9639265204839939,-2.003073167874806
87,2.9,0.109826311469078,0.08709661347588037,0.08709661347588037,0.21833656142122138,0.0850638234205573,-0.41350811875407545,0.002032790055323072,0.0247624880485207,0.6318446801752968,-2.8372799934068476
88,2.933333333333333,0.1012248396873474,0.09052320100605714,0.09052320100605714,0.10279762590530317,0.08923545875160709,-0.28467738953869814,0.0012877422544500527,0.011989380935740312,0.3874750154440013,-2.119855478489552
89,2.966666666666667,0.167362242937088,0.10915934817489982,0.10915934817489982,0.5590844150652805,0.10619315083664732,-0.49669587674588445,0.002966197338252499,0.06116909210044069,1.055780291811165,-2.526296512901526
90,3.0,0.0735044628381729,0.10051179513773587,0.11001771756596472,0.02575108173194718,0.1088612565351397,-0.269829363989445,0.0011564610308250206,-0.0353567936969668,0.2955804457213922,-2.1650459295618973
91,3.033333333333333,0.108488842844963,0.10244650737917947,0.10244650737917947,-0.22713630560355746,0.10310657624336632,0.07518312106136271,-0.0006600688641868468,0.005382266601596686,-0.3023194266649202,-0.0037223896074666807
92,3.0666666666666664,0.0244443099945783,0.08352825445175074,0.08352825445175074,-0.5675475878228619,0.08648953516363701,0.5136119197415381,-0.002961280711886269,-0.062045225169058714,-1.0811595075643998,2.723546906217247
93,3.1,0.0555692017078399,0.07674720918436388,0.07674720918436388,-0.20343135802160583,0.07880597888574528,0.4306144390435338,-0.0020587697013813994,-0.023236777177905378,-0.6340457970651396,3.0402327658378216
94,3.1333333333333333,0.2407299280166626,0.11651873684147179,0.0877439416947548,0.3299019753117275,0.08689283719992838,-0.08621659090407491,0.0008511044948264213,0.15383709081673422,0.4161185662158024,0.18445600792166963
95,3.1666666666666665,0.1567939966917038,0.12628689181802663,0.11651845198292349,0.8632353086450608,0.11423518514981784,0.01898522316608353,0.002283266833105646,0.042558811541885955,0.8442500854789773,3.486829595211106
96,3.2,0.1029292419552803,0.12062184720761683,0.1275151844933144,0.3299019753117275,0.12546192718371266,-0.3384231275353602,0.002053257309601736,-0.022532685228432353,0.6683251028470877,-1.7609396061227893
97,3.2333333333333334,0.0847562402486801,0.11192318682886625,0.12073413922592753,-0.20343135802160583,0.12104333105349438,0.008133054042239157,-0.0003091918275668487,-0.03628709080481428,-0.211564412063845,-0.4601906410683698
98,3.2666666666666666,0.0670114159584045,0.10103051624733395,0.10103051624733395,-0.5911086893578076,0.10394614940713359,0.4897691060041114,-0.0029156331597996465,-0.03693473344872909,-1.080877795361919,2.4455265447964782
99,3.3,0.0512281507253646,0.08895170591993576,0.08895170591993576,-0.3623643098219456,0.09177253156591979,0.5598239188079657,-0.002820825645984029,-0.040544380840555186,-0.9221882286299112,3.68788366250685
100,3.3333333333333335,-0.2560707032680511,0.005271740207358058,0.05909511781475979,-0.895697643155279,0.06125935105498787,-0.17644238342209118,-0.002164233240228082,-0.31733005432303896,-0.7192552597331878,-5.3228669473775945
101,3.3666666666666667,0.0055078668519854,0.0053290091527948055,0.011460751931806047,-1.4290309764886122,0.014803571749689713,-0.6554057797319611,-0.0033428198178836657,-0.009295704897704312,-0.7736251967566511,-12.9056082552971
102,3.4,-0.2461213618516922,-0.05565647429331361,-0.05395139172892547,-1.9623643098219454,-0.04536788315114023,-1.220574588099593,-0.00858350857778524,-0.20075347870055196,-0.7417897217223524,-25.243929315774384
103,3.433333333333333,-0.0336574800312519,-0.0503209510445686,-0.10158575761187921,-1.4290309764886122,-0.09567264902757527,-0.48931158089866456,-0.005913108584303939,0.062015168996323373,-0.9397193955899477,-13.250993178350441
104,3.466666666666667,-0.3666870892047882,-0.12705077174280505,-0.13144234571705518,-0.8956976431552789,-0.1293488796039972,-0.33351308061964385,-0.002093466113057968,-0.237338209600791,-0.562184562535635,-7.154397927084415
105,3.5,-0.5041006207466125,-0.2184985084588867,-0.17907671160000893,-1.4290309764886122,-0.17576222706024194,-0.657236828981755,-0.0033144845397669875,-0.32833839368637063,-0.7717941475068573,-12.901800676172192
106,3.533333333333333,-0.4906125664710998,-0.2844956565802592,-0.24448885526074043,-1.9623643098219454,-0.2359105825495637,-1.2178026587186137,-0.008578272711176727,-0.2547019839215361,-0.7445616511033317,-25.205676690316867
107,3.5666666666666664,-0.4690168797969818,-0.3292484877611617,-0.3111555219274071,-2.0,-0.3014182324046896,-1.8609179826151143,-0.009737289522717463,-0.1675986473922922,-0.13908201738488568,-34.08066816008858
108,3.6,-0.5688895583152771,-0.3873698040388176,-0.37782218859407374,-2.0,-0.3678707329213977,-1.9743000620049689,-0.009951455672676024,-0.20101882539387939,-0.02569993799503112,-35.64534085566857
109,3.6333333333333333,0.0412668250501155,-0.2834104742383761,-0.4267110774829626,-1.4666666666666668,-0.4197813589579524,-0.4200143641368528,-0.006929718525010231,0.4610481840080679,-1.046652302529814,-13.395093418137336
110,3.6666666666666665,0.0339807271957397,-0.2064320399506203,-0.4578221885940737,-0.9333333333333335,-0.455837730100501,-0.45170606852980383,-0.001984458493572705,0.4898184572962407,-0.48162726480352963,-8.532593369034387
111,3.6999999999999997,0.1335892379283905,-0.123965022977935,-0.47115552192740706,-0.40000000000000013,-0.4692228964655012,0.24134629867591806,-0.001932625461905868,0.6028121343938917,-0.6413462986759182,0.6043200140138802
112,3.7333333333333334,0.0628230199217796,-0.0786624089762708,-0.46671107748296264,0.1333333333333332,-0.4667858660181447,0.016182024000721336,7.478853518205764e-05,0.5296088859399243,0.11715130933261186,0.44439927273167307
113,3.7666666666666666,0.0732596218585968,-0.041816018734064084,-0.44448885526074045,0.6666666666666665,-0.44723771497689024,-0.36805890107690376,0.0027488597161497985,0.520497336835487,1.0347255677435703,-1.0263184121027118
114,3.8,0.1094240844249725,-0.005135019733157602,-0.40448885526074047,1.1999999999999997,-0.40596146738681144,0.7109146222747845,0.0014726121260709713,0.5153855518117839,0.4890853777252152,11.55510810195001
115,3.8333333333333335,-0.1928629428148269,-0.05066558745407442,-0.3467110774829627,1.733333333333333,-0.3535681005204251,0.39918278941110974,0.006857023037462384,0.16070515770559818,1.3341505439222232,13.43841167900537
116,3.8666666666666667,0.1614181101322174,0.0007721049091134677,-0.28004441081629605,2.0,-0.289463643334088,1.6925348623604504,0.009419232517791976,0.45088175346630543,0.30746513763954963,31.756981100574215
117,3.9,0.1672284305095672,0.04114356846613226,-0.2133777441496294,2.0,-0.2232704284192214,1.9431857897839975,0.009892684269592,0.3904988589287886,0.056814210216002525,35.215963899019165
118,3.933333333333333,0.1533487141132354,0.0683572290588521,-0.14671107748296275,2.0,-0.1566912474023439,1.989501722025304,0.009980169919381138,0.3100399615155793,0.010498277974696046,35.855123763949194
119,3.966666666666667,0.0313758961856365,0.05938796623873771,-0.08004441081629608,2.0,-0.09004074656226868,1.9980601008090255,0.009996335745972598,0.12141664274790517,0.0019398991909744812,35.97322939116455
120,4.0,0.1495031416416168,0.08124403873455983,-0.013377744149629417,2.0,-0.023377067059211314,1.9996415403668855,0.009999322909581897,0.1728802087008281,0.00035845963311453843,35.99505325706302
121,4.033333333333333,0.1261451542377472,0.09213412501795835,0.05328892251703725,2.0,0.04328904763157103,1.9999337628938811,0.00999987488546622,0.08285610660617616,6.623710611886047e-05,35.99908592793556
122,4.066666666666666,0.049674142152071,0.08183609852531336,0.10217781140592613,1.4666666666666668,0.09522870574573797,0.41876155132954596,0.006949105660188165,-0.04555456359366697,1.0479051153371208,13.397698582303782
123,4.1,-0.0291562173515558,0.054916591445193556,0.13328892251703725,0.9333333333333335,0.1313049076995084,0.4526908266841506,0.0019840148175288563,-0.1604611250510642,0.48064250664918284,8.544076192370536
124,4.133333333333333,0.1200471296906471,0.0707130181759911,0.1466222558503706,0.40000000000000013,0.14469065733407194,-0.2409921243182177,0.0019315985162986493,-0.02464352764342484,0.6409921243182178,-0.6009833738395496
125,4.166666666666667,0.0728928372263908,0.07124170030949764,0.14217781140592614,-0.1333333333333332,0.1422531305711942,-0.016032907081136638,-7.531916526806737e-05,-0.06936029334480341,-0.11730042625219655,-0.4430843164666281
126,4.2,0.1699610948562622,0.0951845959906264,0.11995558918370393,-0.6666666666666665,0.12270443675634438,0.3680319480330758,-0.0027488475726404477,0.04725665809991783,-1.0346986146997423,1.0260041247426386
127,4.233333333333333,0.0307546202093362,0.07955808008712462,0.07995558918370393,-1.1999999999999997,0.08142820158768004,-0.7109140054523568,-0.0014726124039761007,-0.05067358137834384,-0.4890859945476429,-11.555100909460227
128,4.266666666666667,0.1124744638800621,0.08754145100398089,0.05773336696148172,-0.6666666666666664,0.06045023737346452,0.29705725795101556,-0.0027168704119827983,0.05202422650659758,-0.963723924617682,0.19840008414371585
129,4.3,0.1057206317782402,0.09195053627891421,0.053288922517037283,-0.13333333333333308,0.054744618760668065,0.2878931179280311,-0.0014556962436307816,0.05097601301757214,-0.42122645126136415,1.9637100283107416
130,4.333333333333333,0.0699502825736999,0.08661470757128589,0.06662225585037063,0.40000000000000024,0.06517219775470956,-0.21220479576773554,0.0014500580956610665,0.004778084818990336,0.6122047957677358,-0.693822509809157
131,4.366666666666666,0.1167843863368034,0.09393190673698545,0.09393190673698545,0.8192895265984449,0.09156222879267788,-0.02830491711353289,0.002369677944307577,0.025222157544125517,0.8475944437119778,2.935400471242408
132,4.4,0.0596781745553016,0.08562418220037606,0.1034637798458225,0.28595619326511157,0.10156848277028172,-0.31872276880498307,0.001895297075540786,-0.04189030821498012,0.6046789620700946,-1.7271020650499627
133,4.433333333333334,-0.2552351653575897,0.0029539041057110443,0.09521787517688178,-0.24737714006822176,0.09579471474656134,0.057294421214966446,-0.0005768395696795631,-0.35102988010415104,-0.3046715612831882,-0.17099369495418287
134,4.466666666666667,-0.2037651985883712,-0.0471826869240925,0.06919419273016328,-0.7807104734015551,0.07167174596023083,0.1408826636184215,-0.0024775532300675557,-0.275436944548602,-0.9215931370199766,-1.6226818418092317
135,4.5,-0.2056827992200851,-0.08562449130886746,0.025392732505666996,-1.3140438067348885,0.02742844662107418,-0.7508802846748159,-0.0020357141154071848,-0.23311124584115928,-0.5631635220600726,-12.707073599813189
136,4.533333333333333,-0.2764106392860412,-0.13189678521214865,-0.03618650549660706,-1.8473771400682217,-0.028413908233398115,-0.7010825825366755,-0.007772597263208947,-0.24799673105264308,-1.1462945575315462,-18.07493963900612
137,4.566666666666666,-0.3429161012172699,-0.1830763279252107,-0.10285317216327372,-2.0,-0.09326475745159381,-1.7821019061834837,-0.009588414711679913,-0.2496513437656761,-0.21789809381651626,-32.993006305332074
138,4.6,-0.500207781791687,-0.2599917643699999,-0.16951983882994037,-2.0,-0.1595958926332169,-1.9597362217947725,-0.00992394619672346,-0.34061188915847007,-0.04026377820522753,-35.44435986076786
139,4.633333333333333,-0.4792442321777344,-0.313168133498397,-0.23618650549660702,-2.0,-0.22620055891677768,-1.9925599540272945,-0.009985946579829347,-0.25304367326095667,-0.0074400459727055335,-35.897327365576665
140,4.666666666666667,-0.5270070433616638,-0.36503152604581707,-0.3028531721632737,-2.0,-0.2928557689909139,-1.9986252088963459,-0.009997403172359753,-0.2341512743707499,-0.0013747911036541272,-35.981027882769574
141,4.7,-0.301300436258316,-0.3495745143670841,-0.35174206105216255,-1.4666666666666668,-0.3447939450701074,-0.41882550515401307,-0.006948115982055136,0.043493508811791426,-1.0478411615126537,-13.397565593392027
142,4.733333333333333,-0.1639959663152694,-0.3045652450430598,-0.38285317216327364,-0.9333333333333335,-0.3808691346968864,-0.45264055656415775,-0.001984037466387256,0.216873168381617,-0.4806927767691757,-8.543490015039161
143,4.766666666666667,-0.3769492208957672,-0.3221208833326133,-0.396186505496607,-0.40000000000000013,-0.39425485455659526,0.2410102042776272,-0.001931650940011742,0.017305633660828046,-0.6410102042776273,0.601153703276441
144,4.8,-0.2203750163316726,-0.29744396254340083,-0.3917420610521626,0.1333333333333332,-0.39181735312972593,0.016040519229774126,7.529207756334921e-05,0.17144233679805332,0.11729281410355907,0.4431514426020785
145,4.833333333333333,-0.2933846414089203,-0.2964594356132541,-0.3695198388299404,0.6666666666666665,-0.372268687022485,-0.36803332393714183,0.0027488481925446173,0.07888404561356471,1.0346999906038084,-1.0260201685430834
146,4.866666666666666,-0.449033111333847,-0.333463872464151,-0.333463872464151,1.081678990973682,-0.3352060462770571,0.5016753908043368,0.0017421738129060893,-0.11382706505678991,0.5800036001693452,9.11526323307435
147,4.9,-0.0474752821028232,-0.2641016664209338,-0.2796301283205838,1.6150123243070151,-0.28512099035471905,0.4987926606912263,0.0054908620341352354,0.23764570825189585,1.1162196636157888,13.231277727494167
148,4.933333333333334,0.0097789214923977,-0.1976760731968106,-0.21296346165391716,2.0,-0.22213025137761608,1.5588886772523596,0.009166789723698915,0.23190917287001378,0.4411113227476404,29.91266374608256
149,4.966666666666667,0.0152665385976433,-0.1460300641864281,-0.1462967949872505,2.0,-0.15614283221880357,1.918490299057502,0.009846037231553056,0.17140937081644686,0.0815097009424981,34.87516612699353
150,5.0,0.0851096957921981,-0.089970612177656,-0.089970612177656,1.6897854842878353,-0.09840607616558807,0.9284107263858619,0.00843546398793206,0.18351577195778618,0.7613747579019734,21.212068024124893
151,5.033333333333333,0.1109046414494514,-0.04125135833097871,-0.04125135833097871,1.4615776154003188,-0.04751066961928472,0.46382383573587505,0.006259311288306008,0.15841531106873613,0.9977537796644438,13.303993722401287
152,5.066666666666666,0.0974601432681083,-0.007608982100780155,-0.007608982100780155,1.0092712869059568,-0.009435779463744317,0.5519416582652488,0.001826797362964162,0.10689592273185261,0.45732962864070803,9.701395641801728
153,5.1,0.1297896802425384,0.025714984829085172,0.025714984829085172,0.9997190078959598,0.023764986848307745,0.3099024826364176,0.0019499979807774265,0.10602469339423065,0.6898165252595422,6.879085329462891
154,5.133333333333333,0.1809699088335037,0.06336971788823556,0.06336971788823556,1.1296419917745117,0.06171853265024218,0.5459159420017528,0.0016511852379933814,0.11925137618326151,0.583726049772759,9.63113246599348
155,5.166666666666667,0.2032726109027862,0.09730104808241254,0.09730104808241254,1.0179399058253094,0.09538854243967819,0.3332041688639741,0.0019125056427343468,0.10788406846310801,0.6847357369613353,7.150795845597546
156,5.2,0.1933816224336624,0.12060393784623863,0.12060393784623863,0.6990866929147828,0.11797099441294262,-0.21738162660127613,0.002632943433296009,0.07541062802071977,0.9164683195160589,0.7306617316398418
157,5.233333333333333,0.2327929437160492,0.1478136839801451,0.1478136839801451,0.8162923840171943,0.14546424830202026,0.02647890824496968,0.002349435678124845,0.08732869541402893,0.7898134757722246,3.574210097233606
158,5.266666666666667,0.2475318610668182,0.17199881925634994,0.17199881925634994,0.725554058286145,0.1694361735108085,-0.14838318354082813,0.0025626457455414364,0.07809568755600971,0.8739372418269732,1.5352216417407412
159,5.3,0.198566734790802,0.1784424652392585,0.1784424652392585,0.19330937948725668,0.1768586271946246,-0.2845608468532226,0.001583838044633884,0.02170810759617739,0.47787022634047926,-1.725035304225253
160,5.333333333333333,0.2185834944248199,0.18817806459879224,0.18817806459879224,0.2920679807860124,0.1861526126310672,-0.39363303815099093,0.0020254519677250504,0.0324308817937527,0.6857010189370034,-2.5041530983868054
161,5.366666666666666,0.212222158908844,0.19400959592509187,0.19400959592509187,0.1749459397889888,0.19238210738542166,-0.34051474948139626,0.0016274885396702077,0.01984005152342233,0.515460689270385,-2.3855037233104657
162,5.4,0.2453671991825103,0.2064656056369694,0.2064656056369694,0.3736802913563256,0.20397095617230782,-0.48542113508605667,0.0024946494646615747,0.04139624301020248,0.8591014264423822,-3.0726121047043704
163,5.433333333333334,0.2546380758285522,0.21814910950968588,0.21814910950968588,0.3505051161814948,0.2154699354420676,-0.5374131901628125,0.0026791740676182785,0.039168140386484585,0.8879183063443074,-3.562938281349404
164,5.466666666666667,0.2146669626235962,0.2173045674617652,0.2173045674617652,-0.025336261437620133,0.2164174596003639,-0.23225062129145346,0.0008871078614013095,-0.0017504969767677125,0.20691435985383333,-2.0269164557412775
165,5.5,0.2203213721513748,0.2180362477998111,0.2180362477998111,0.021950410141376442,0.2175389735686284,-0.12228900896759015,0.0004972742311827039,0.002782398582746398,0.1442394191089666,-0.9918393524565595
166,5.533333333333333,0.1400712579488754,0.1991270189967826,0.2009901503600792,-0.5113829231919569,0.20333328162010642,0.3910879970688028,-0.0023431312600272203,-0.06326202367123102,-0.9024709202607597,1.8857686744246895
167,5.566666666666666,0.1879938691854477,0.19642684193675314,0.19642684193675314,-0.1368992526997817,0.19792102682583723,0.3143955709522197,-0.0014941848890840936,-0.009927157640389539,-0.4512948236520014,2.2436332970949446
168,5.6,0.1653287708759308,0.1888844752649146,0.1888844752649146,-0.22627100015515655,0.1905934045423071,0.34437588653523965,-0.0017089292773925235,-0.025264633666376324,-0.5706468866903962,2.28810156500706
169,5.633333333333333,0.116983063519001,0.1714458755990426,0.1714458755990426,-0.5231579899761599,0.17448428238149122,0.5388341505193488,-0.003038406782448627,-0.057501218862490225,-1.0619921404955086,3.017652031304803
170,5.666666666666667,0.0469302721321582,0.14124649969962755,0.14124649969962755,-0.9059812769824513,0.14338232518731636,-0.20567984796291888,-0.002135825487688814,-0.09645205305515817,-0.7003014290195324,-5.66379191320527
171,5.7,0.0280401669442653,0.11379001632015548,0.11379001632015548,-0.8236945013841621,0.11613396491957588,-0.014317984122291239,-0.0023439485994204007,-0.08809379797531058,-0.8093765172618709,-3.432407013208735
172,5.733333333333333,0.1028166115283966,0.11112858299793812,0.10411131071846119,-0.2903611680508288,0.10598293557705811,0.3070727183096901,-0.001871624858596918,-0.0031663240486615035,-0.5974338863605189,1.6021364847756154
173,5.766666666666667,0.0704252794384956,0.10125661249532943,0.10125661249532943,-0.08564094669395297,0.1023266606589677,0.22859205802612503,-0.0010700481636382736,-0.031901381220472105,-0.314233004720078,1.6650900811608476
174,5.8,0.0981994047760963,0.10051513301368142,0.10051513301368142,-0.022244384449440074,0.10104438256764048,0.12585534613594035,-0.0005292495539590547,-0.002844977791544176,-0.14809973058538042,1.0052540093470996
175,5.833333333333333,0.0965824723243713,0.09956132565834129,0.09956132565834129,-0.028614220660204,0.09992328494583924,0.08207057623595398,-0.00036195928749795103,-0.003340812621467945,-0.11068479689615798,0.6210183899358217
176,5.866666666666666,0.1849806457757949,0.12027848949544633,0.11638529608077894,0.5047191126731293,0.11401169826320773,-0.4026758684050853,0.0023735978175712102,0.07096894751258717,0.9073949810782146,-2.0068304158125083
177,5.9,0.2955392599105835,0.16278533794513037,0.15098704428099435,1.0380524460064626,0.14913689191843033,0.40546566950965646,0.0018501523625640282,0.14640236799215317,0.6325867764968062,7.993404807256457
178,5.933333333333334,0.2925402522087097,0.1942554294159102,0.1942554294159102,1.2980515540474755,0.19267016602954062,0.781519796978688,0.0015852633863695786,0.09987008617916909,0.5165317570687875,12.643360202995009
179,5.966666666666667,0.2573648393154144,0.20956166204282967,0.21974603677304827,0.7647182207141422,0.21725512750970463,-0.11794103670194733,0.002490909263343638,0.04010971180570974,0.8826592574160895,1.8901938677445993
180,6.0,0.2962021827697754,0.2305750096129594,0.2305750096129594,0.324869185197334,0.2283769456089469,-0.38693615362288813,0.002198064004012512,0.0678252371608285,0.7118053388202221,-2.221007587139461
181,6.033333333333333,0.2931818962097168,0.24575936281516964,0.24575936281516964,0.45553059606630697,0.2427054917423566,-0.5873005132403639,0.003053871072813047,0.05047640446736021,1.042831109306671,-3.680247971973274
182,6.066666666666666,0.3072977066040039,0.2606845571246579,0.2606845571246579,0.4477558292846473,0.2575051466402759,-0.6038596580775641,0.0031794104843819726,0.049792559963728,1.0516154873622114,-3.775885321720778
183,6.1,0.4041626751422882,0.29548300405590877,0.2933875292119239,0.9810891626179806,0.2914260429767689,0.34566268961065943,0.001961486235155019,0.11273663216551932,0.6354264730073211,7.29606907043193
184,6.133333333333333,0.2214771211147308,0.27753399673890106,0.30831272352141215,0.4477558292846473,0.30604426482392505,-0.3193765932455168,0.002268458697487097,-0.08456714370919424,0.7671324225301641,-1.1745206812393851
185,6.166666666666667,0.3007252812385559,0.2831586919473343,0.3054601400531226,-0.08557750404868603,0.30515924414708284,-0.09344498055709546,0.00030089590603976646,-0.004433962908526934,0.007867476508409438,-0.968891619590678
186,6.2,0.2384162843227386,0.2723070978588924,0.2848297788070553,-0.6189108373820194,0.2876960344292935,0.47159288900381324,-0.0028662556222381896,-0.04927975010655489,-1.0905037263858326,2.233581827392892
187,6.233333333333333,0.1471921950578689,0.24196237097242015,0.2464216397832102,-1.1522441707153526,0.24800036363460756,-0.6324263612335652,-0.0015787238513973734,-0.10080816857673866,-0.5198178094817874,-10.639891678994266
188,6.266666666666667,0.2224469780921936,0.23722920766593164,0.22579127853714287,-0.6189108373820192,0.2285679645394411,0.3592085301899157,-0.0027766860022982176,-0.006120986447247484,-0.978119367571935,0.9587254544637671
189,6.3,0.2018781453371048,0.2286553423029788,0.22293869506885333,-0.08557750404868592,0.22422671843055253,0.26937936479806224,-0.0012880233616991976,-0.022348573093447732,-0.35495686884674815,1.9582422516599287
190,6.333333333333333,0.2306853383779525,0.2291476871403772,0.2291476871403772,0.186269762145716,0.22871566010421543,-0.03638941622469663,0.0004320270361617695,0.0019696782737370633,0.22265917837041263,0.2081470149423777
191,6.366666666666666,0.1310493350028991,0.20535541590024478,0.21757890143412328,-0.3470635711876173,0.21919624815382677,0.2792888253674586,-0.001617346719703483,-0.08814691315092768,-0.6263523965550759,1.4224320451708938
192,6.4,-0.4341101348400116,0.05026272065689358,0.1882323379500916,-0.8803969045209507,0.19045897136197953,-0.0882545806567433,-0.002226633411887946,-0.6245691062019911,-0.7921423238642074,-4.294548517022232
193,6.433333333333334,-0.3816729485988617,-0.0544967414268214,0.1411079966882821,-1.413730237854284,0.1442851784659326,-0.6675742572937389,-0.0031771817776505007,-0.5259581270647943,-0.7461559805605451,-12.880304489627541
194,6.466666666666667,0.0475517362356185,-0.029746426999676497,0.07620587764869487,-1.9470635711876172,0.08468301467025255,-1.1522596554816094,-0.008477137021557682,-0.03713127843463405,-0.7948039157060078,-24.301183245646207
195,6.5,0.1008932590484619,0.0019382524822693613,0.009539210982028201,-2.0,0.0192578123881856,-1.8510242738480351,-0.0097186014061574,0.0816354466602763,-0.14897572615196486,-33.944134979102884
196,6.533333333333333,-0.0536321960389614,-0.011539519114750327,-0.03934967790686069,-1.4666666666666668,-0.03251319462632488,-0.426039303216198,-0.006836483280535807,-0.021119001412636514,-1.0406273634504688,-13.382564846188782
197,6.566666666666666,-0.3241969347000122,-0.08736984525945812,-0.08736984525945812,-1.440605020577923,-0.08201205416293485,-0.5240886229522002,-0.005357791096523276,-0.24218488053707737,-0.9165163976257229,-13.178675986792538
198,6.6,-0.8190962672233582,-0.26483901905901974,-0.15316779038983333,-1.9739383539112563,-0.1441546390748524,-1.457110189430106,-0.009013151314980927,-0.6749416281485058,-0.5168281644811503,-28.50812061413546
199,6.633333333333333,-0.4537926316261291,-0.31066685922191295,-0.2198344570565,-2.0,-0.2100168095309057,-1.9034604547263974,-0.009817647525594303,-0.2437758220952234,-0.09653954527360264,-34.66775427522428
200,6.666666666666667,-0.5118935108184814,-0.3594713393299951,-0.28650112372316666,-2.0,-0.27653481928908946,-1.9821611709820484,-0.0099663044340772,-0.23535869152939198,-0.01783882901795164,-35.753824159552266
201,6.7,-0.61708003282547,-0.42195043073074534,-0.3531677903898333,-2.0,-0.343174016744406,-1.9967036946379866,-0.009993773645427306,-0.27390601608106396,-0.0032963053620134186,-35.954510986004216
202,6.733333333333333,-0.4873854219913482,-0.4378206979344813,-0.41983445705649997,-2.0,-0.4098356075785406,-1.9993909000961492,-0.00999884947795937,-0.07754981441280762,-0.0006090999038508293,-35.99159442132686
203,6.766666666666667,-0.622205376625061,-0.48254041230626765,-0.48254041230626765,-1.8811786574930307,-0.4731289914537928,-1.5952060650302613,-0.009411420852474872,-0.14907638517126826,-0.2859725924627694,-30.413843697417605
204,6.8,-0.3965756893157959,-0.46169096925338327,-0.5274685897782576,-1.3478453241596973,-0.5222354294448233,-0.5410226758550362,-0.00523316033343435,0.12565974012902736,-0.8068226483046611,-13.143462435687674
205,6.833333333333333,-0.4848130643367767,-0.4672988836156272,-0.5546189894724698,-0.8145119908263639,-0.552325003823903,-0.15540695587919107,-0.0022939856485667542,0.06751193948712636,-0.6591050349471729,-5.077582257721308
206,6.866666666666666,-0.6905569434165955,-0.5214467484837975,-0.5639916113889042,-0.2811786574930306,-0.562310430382377,0.2486589130090896,-0.0016811810065271438,-0.1282465130342184,-0.5298375705021202,1.0835359046419197
207,6.8999999999999995,-0.5756798386573792,-0.5346001640456829,-0.5555864555275608,0.2521546758403027,-0.5562941543592794,-0.09123601344278026,0.0007076988317186172,-0.019385684298099726,0.343390689283083,-0.11262321827246213
208,6.933333333333334,-0.5994940996170044,-0.5503392063772888,-0.5503392063772888,0.15741747450815913,-0.5513441448546866,-0.1868552831389817,0.0010049384773977987,-0.04814995476231776,0.3442727576471408,-1.1235177403611076
209,6.966666666666667,-0.5470765233039856,-0.5495478919570238,-0.5495478919570238,0.023739432607950972,-0.5500324699550818,-0.11098840738030319,0.00048457799805801116,0.0029559466510962196,0.13472783998825416,-0.864599001535484
210,7.0,-0.3498779535293579,-0.5011209690774843,-0.530978799758981,0.5570727659412843,-0.5339563169526982,-0.5368201681610663,0.002977517193717194,0.18407836342334027,1.0938929341023504,-3.0030735265439157
211,7.033333333333333,-0.4963868260383606,-0.49997277430334003,-0.49997277430334003,0.9301807636692289,-0.5020548614718857,0.2453813230234917,0.0020820871685456876,0.00566803543352512,0.6847994406457372,6.126733014320028
212,7.066666666666666,-0.4932692945003509,-0.49834694669002855,-0.48674452662547685,0.39684743033589553,-0.4888774463447509,-0.3129188816092253,0.00213291971927404,-0.004391848155600009,0.7097663119451209,-1.289484687958919
213,7.1,-0.4039552807807922,-0.47545367611833544,-0.47545367611833544,0.3387255152142421,-0.4778413429756084,-0.4579775665720871,0.00238766685727293,0.0738860621948162,0.7967030817863292,-2.886492814416709
214,7.133333333333333,-0.5108526945114136,-0.48403917249917405,-0.4819406033889718,-0.19460781811909122,-0.48185230139170077,-0.04959374700099068,-8.830199727105636e-05,-0.02900039311971281,-0.14501407111810055,-0.9431403160889567
215,7.166666666666667,-0.4269316792488098,-0.4701886139561259,-0.4706497528818304,0.3387255152142421,-0.47237185200069537,-0.31058152610325773,0.0017220991188649504,0.045440172751885555,0.6493070413174998,-1.7157146608169225
216,7.2,-0.4573515951633453,-0.4670751892514531,-0.4670751892514531,0.1072369089113201,-0.4682286086384956,-0.24490854902450743,0.001153419387042498,0.010877013475150299,0.3521454579358275,-1.75656886049973
217,7.233333333333333,-0.3795514106750488,-0.4458476208522125,-0.4458476208522125,0.6368270519772168,-0.44863977726110305,-0.36603879749740287,0.0027921564088905226,0.06908836658605427,1.0028658494746197,-1.0027628899455874
218,7.266666666666667,-0.600620687007904,-0.483385486579891,-0.44239783023074974,0.10349371864388346,-0.4437847205798361,-0.28777729150667497,0.001386890349086345,-0.15683596642806796,0.39127101015055843,-2.0656636698945814
219,7.3,-0.627723217010498,-0.5183924194973516,-0.45672581738706475,-0.42983961468944987,-0.45511389158505045,0.24000264454927023,-0.0016119258020143024,-0.1726093254254476,-0.6698422592387201,0.8409557876936351
220,7.333333333333333,-0.5215296149253845,-0.5191532987876832,-0.48883158232115753,-0.9631729480227832,-0.4867934069826858,-0.2343602253870612,-0.002038175338471726,-0.034736207942698716,-0.7288127226357219,-5.998220935927025
221,7.366666666666666,-0.5012932419776917,-0.514821612202449,-0.514821612202449,-0.7797008964387453,-0.5123752017115766,0.06844030477377927,-0.0024464104908724638,0.011081959733884927,-0.8481412012125246,-2.467399709841114
222,7.3999999999999995,-0.7944530844688416,-0.5826419954247458,-0.5585894198615183,-1.3130342297720787,-0.5565787530953874,-0.7525955166394999,-0.0020106667661309308,-0.23787433137345415,-0.5604387131325789,-12.70350685717978
223,7.433333333333334,0.0103532718494534,-0.43881996441519133,-0.5845794497428098,-0.7797008964387454,-0.5821324097161944,0.0698375865628802,-0.0024470400266154435,0.5924856815656478,-0.8495384830016256,-2.4511066333489455
224,7.466666666666667,-0.3491320312023163,-0.41706751304906525,-0.5927917018463236,-0.24636756310541208,-0.5910398180241182,0.30059129235427173,-0.001751883822205369,0.24190778682180192,-0.5469588554596838,1.692998295278613
225,7.5,-0.2778168618679046,-0.38329437424420365,-0.5832261761720595,0.28696577022792125,-0.5840447025296356,-0.10174335237971288,0.000818526357576066,0.306227840661731,0.3887091226076341,-0.09095693681462536
226,7.533333333333333,-0.2505452334880829,-0.3510980784355049,-0.5558828727200177,0.8202991035612546,-0.5582647032759872,-0.05859786717499793,0.002381830555969522,0.3077194697879043,0.8788969707362525,2.5821679619698372
227,7.566666666666666,-0.2358244657516479,-0.3231402075840078,-0.5107617914901981,1.3536324368945878,-0.5132523902459105,0.7176952603769865,0.0024905987557124476,0.2774279244942626,0.6359371765176013,12.776080266777658
228,7.6,-0.1454249173402786,-0.2800380524828491,-0.4478629324826007,1.886965770227921,-0.4559156151728887,0.8804130087626194,0.008052682690288027,0.3104906978326101,1.0065527614653016,20.549699520924147
229,7.633333333333333,-0.1640419214963913,-0.25190494574759986,-0.381196265815934,2.0,-0.39083643544348723,1.8095015675281763,0.009640169627553208,0.22679451394709593,0.19049843247182374,33.37112163188883
230,7.666666666666667,-0.3830567002296448,-0.2837138196814152,-0.31452959914926737,2.0,-0.32446310875435874,1.964799202695422,0.009933509605091373,-0.05859359147528603,0.035200797304578035,35.514228997196824
231,7.7,-0.4871583878993988,-0.33305622191249845,-0.2656407102603785,1.4666666666666668,-0.2725632431493958,0.42047870591391034,0.0069225328890172855,-0.21459514475000302,1.0461879607527564,13.39412784167486
232,7.733333333333333,-0.0835663676261901,-0.2725462321369091,-0.23452959914926738,0.9333333333333335,-0.2365142220866592,0.45134107836630943,0.0019846229373918223,0.1529478544604691,0.481992254967024,8.528337382375799
233,7.766666666666667,-0.0326575897634029,-0.21436487105982474,-0.21436487105982474,0.6049418426832792,-0.21721064687067992,-0.3802040440870531,0.0028457758108551834,0.18455305710727704,0.9851458867703323,-1.1679374796496074
234,7.8,-0.2951607406139374,-0.2339606869081869,-0.21197792074815988,0.07160850934994589,-0.2132291922294331,-0.26623773158124553,0.001251271481273214,-0.08193154838450428,0.3378462409311914,-1.9728505534673424
235,7.833333333333333,-0.2140841037034988,-0.22913992235273084,-0.2273687482142728,-0.46172482398338743,-0.22555177268366514,0.2787227430937692,-0.0018169755306076674,0.011467668980166323,-0.7404475670771566,1.077686700090755
236,7.866666666666666,-0.0978076159954071,-0.19728725829302707,-0.22498179790260794,0.07160850934994589,-0.22473410731576207,0.08015575947201878,-0.0002476905868458723,0.12692649132035497,-0.008547250122072886,0.8381878141296815
237,7.8999999999999995,-0.3860450685024261,-0.24306760955623344,-0.24037262536872087,-0.46172482398338743,-0.237944713688407,0.43695754081302685,-0.0024279116803138656,-0.1481003548140191,-0.8986823647964143,2.4292780937120844
238,7.933333333333334,0.0123548926785588,-0.18111874577219256,-0.237985675057056,0.07160850934994589,-0.23747262740165317,0.1505890704229988,-0.0005130476554028318,0.24982752008021197,-0.0789805610730529,1.445826321543045
239,7.966666666666667,-0.1597283035516739,-0.17593081761470694,-0.21782094696761337,0.6049418426832792,-0.22060105999022686,-0.46245845732726987,0.002780113022613495,0.06087275643855297,1.067400300010549,-2.2210101958367936
240,8.0,0.0897197052836418,-0.1115013021522772,-0.17987844110039294,1.1382751760166125,-0.18149096079056382,0.6033480549200446,0.0016125196901708716,0.27121066607420563,0.5349271210965679,10.300822585898995
241,8.033333333333333,-0.4590322077274322,-0.1957896657140334,-0.1597137130109503,0.6049418426832792,-0.16245483636846308,-0.3579982186505466,0.0027411233575127814,-0.2965773713589691,0.9629400613338258,-0.9955622177994139
242,8.066666666666666,0.0037077078595757,-0.1474045958292157,-0.1474045958292157,0.36927351545203824,-0.15010108718663717,-0.5155741925059756,0.0026964913574214766,0.15380879504621287,0.8848477079580138,-3.258020126241189
243,8.1,-0.2415317296981811,-0.17023370815648678,-0.15287325642525887,-0.1640598178812951,-0.1530501161980889,-0.10404869633312139,0.00017685977283002363,-0.0884816135000922,-0.0600111215481737,-1.316669754643672
244,8.133333333333333,-0.0230951067060232,-0.13454746634584866,-0.14056413924352426,0.36927351545203824,-0.1425402682576855,-0.36284785929851093,0.0019761290141612486,0.11944516155166231,0.7321213747505492,-2.0730021336132385
245,8.166666666666666,-0.2238125801086425,-0.15619736925093805,-0.14603279983956743,-0.1640598178812951,-0.14592923842284355,-0.03279218749993219,-0.00010356141672387964,-0.07788334168579894,-0.1312676303813629,-0.7128695060318014
246,8.2,0.0125506212934851,-0.11527009703097646,-0.13372368265783283,0.36927351545203824,-0.1355793295477431,-0.33099733007082344,0.001855646889910273,0.1481299508412282,0.7002708455228617,-1.7986668968085031
247,8.233333333333333,0.1004112064838409,-0.06295985977583532,-0.10363678769832044,0.9026068487853716,-0.10580736842856238,0.13963492093234608,0.0021705807302419416,0.20621857491240328,0.7629719278530255,4.893671629363715
248,8.266666666666666,0.0514919236302375,-0.03520131118270524,-0.055772114961030274,1.435940182118705,-0.059203554176660275,0.6490176707060964,0.0034314392156300014,0.11069547780689779,0.7869225114126086,12.918892021737188
249,8.3,0.0868942737579345,-0.0055888741658299025,-0.005588874165829906,1.5054972238560111,-0.010391734771918619,0.5537362660810985,0.004802860606088713,0.09728600852985311,0.9517609577749127,13.117025134368342
250,8.333333333333334,0.0386689640581607,0.005145194945253487,0.026816588851592688,0.9721638905226778,0.024871921650843662,0.41234145173980147,0.0019446672007490257,0.013797042407317037,0.5598224387828763,8.073580221187356
251,8.366666666666667,0.0177518166601657,0.008202740324227735,0.04144427409123751,0.4388305571893445,0.03928744797110045,-0.28793975484405376,0.0021568261201370537,-0.021535631310934753,0.7267703120333983,-0.9091790110499723
252,8.4,0.0016951346769928,0.006624419024132433,0.038294181553104545,-0.09450277614398883,0.03808874890236689,-0.07190925008798443,0.00020543265073765665,-0.036393614225374085,-0.022593526056004398,-0.8082947675826824
253,8.433333333333334,-0.2449360638856887,-0.054387770398798156,0.017366311237193805,-0.6278361094773222,0.020210048432172466,0.4509604548632882,-0.0028437371949786606,-0.26514611231786117,-1.0787965643406103,1.9929962631255835
254,8.466666666666667,-0.0832157284021377,-0.061379555491715754,-0.021339336856494705,-1.1611694428106554,-0.01978043141269497,-0.6470659850439419,-0.0015589054437997359,-0.06343529698944272,-0.5141034577667135,-10.810597768789204
255,8.5,-0.2776353359222412,-0.11382912343184706,-0.07782276272796099,-1.6945027761439886,-0.07141495546240247,-0.4319289129288786,-0.006407807265558521,-0.20622038045983876,-1.26257386321511,-13.370317685169812
256,8.533333333333333,-0.217980071902275,-0.13908936034645647,-0.13908936034645647,-1.8379979285548644,-0.13055531926106348,-1.0968436558393226,-0.00853404108539299,-0.08742475264121152,-0.7411542727155418,-23.53644245058265
257,8.566666666666666,-0.3879965841770172,-0.19945804191926905,-0.19945804191926905,-1.8110604471843774,-0.19066449588120013,-1.213101194416398,-0.008793546038068922,-0.19733208829581708,-0.5979592527679793,-25.140796482946293
258,8.6,-0.1515106558799743,-0.1878291288025276,-0.24204894571430385,-1.2777271138510442,-0.2379367462946847,-0.6201728392998764,-0.004112199419619156,0.08642609041471039,-0.6575542745511678,-12.97887346567503
259,8.633333333333333,-0.2235420942306518,-0.1964907682872013,-0.2668620717315609,-0.7443937805177109,-0.26438268801987586,0.025528504966696564,-0.002479383711685046,0.040840593789224056,-0.7699222854844074,-2.967774968523524
260,8.666666666666666,-0.1668113023042678,-0.18929246281578394,-0.27389741997104017,-0.21106044718437755,-0.27235827430118986,0.2551627105195281,-0.0015391456698503059,0.10554697199692206,-0.46622315770390566,1.3869459964494761
261,8.7,0.1499499976634979,-0.10701433622114412,-0.26315499043274165,0.3222728861489558,-0.26423290000432303,-0.1537035423898777,0.0010779095715813813,0.4141828976678209,0.4759764285388335,-0.43320494086525796
262,8.733333333333333,0.1717721372842788,-0.039398894664843864,-0.23463478311666536,0.8556062194822891,-0.2369302402507121,0.017014387254252417,0.0022954571340467467,0.4087023775349909,0.8385918322280367,3.463848561238241
263,8.766666666666666,0.186263620853424,0.015332134561996794,-0.18833679802281128,1.3889395528156223,-0.19123268393157536,0.6881251558835573,0.0028958859087640787,0.37749630478499935,0.700814396932065,12.83756988132707
264,8.8,0.165303885936737,0.051705514025751485,-0.12426103515117944,1.9222728861489555,-0.1325634377807104,1.040309538103799,0.008302402629530956,0.2978673237174474,0.8819633480451565,22.756271625832426
265,8.833333333333334,0.1888094097375869,0.0849579897684972,-0.05759436848451277,2.0,-0.06728068201388263,1.8339306920193335,0.009686313529369855,0.2560900917514695,0.16606930798066655,33.7082435498668
266,8.866666666666667,0.1597213447093963,0.10309071045970018,0.009072298182153896,2.0,-0.0008697380134905335,1.969313280047052,0.009942036195644429,0.16059108272288683,0.030686719952947916,35.57652326464932
267,8.9,0.0367320477962493,0.0869964207308711,0.07573896484882056,2.0,0.06574967555179931,1.9943296278347808,0.009989289297021253,-0.02901762775555001,0.005670372165219151,35.92174886411998
268,8.933333333333334,0.1462448686361313,0.10136623543625241,0.12462785373770946,1.4666666666666668,0.11768298656514416,0.4190354459265959,0.006944867172565303,0.02856188207098713,1.0476312207400709,13.397129031621127
269,8.966666666666667,0.0594843588769435,0.09120841988244632,0.15573896484882058,0.9333333333333335,0.1537548530331843,0.45247553519263195,0.0019841118156362636,-0.09427049415624081,0.4808577981407015,8.541565774810676
270,9.0,0.1517663747072219,0.10589583568041558,0.1690722981821539,0.40000000000000013,0.16714047515118582,-0.24106955523401175,0.0019318230309680884,-0.015374100443963923,0.6410695552340119,-0.6017128425285092
271,9.033333333333333,0.0614710226655006,0.0951212693598544,0.16462785373770947,-0.1333333333333332,0.16470305689465392,-0.01606550757688706,-7.520315694445334e-05,-0.10323203422915332,-0.11726782575644613,-0.443371797097594
272,9.066666666666666,0.0432287119328975,0.08253551460715436,0.14240563151548724,-0.6666666666666665,0.1451544817429869,0.36803784060779354,-0.002748850227499655,-0.1019257698100894,-1.03470450727446,1.0260728354145638
273,9.1,-0.0483162738382816,0.050799392897513236,0.10240563151548725,-1.1999999999999997,0.1038782438587067,-0.7109141403043715,-0.001472612343219451,-0.1521945176969883,-0.48908585969562823,-11.555102481909113
274,9.133333333333333,-0.0372735820710659,0.029438625221811707,0.044627853737709486,-1.733333333333333,0.0514848768621185,-0.3991827837925481,-0.006857023124409015,-0.0887584589331844,-1.3341505495407848,-13.438411690688921
275,9.166666666666666,-0.1880015879869461,-0.023298208970110607,-0.02203881292895718,-2.0,-0.01261958039509899,-1.6925348708660994,-0.00941923253385819,-0.1753820075918471,-0.30746512913390056,-31.756981217952173
276,9.2,0.0393733829259872,-0.008098162476432807,-0.07092770181784608,-1.4666666666666668,-0.06421108634310209,-0.4337852605689301,-0.006716615474743989,0.10358446926908929,-1.0328814060977367,-13.36645749925529
277,9.233333333333333,-0.0860285311937332,-0.026998994447260324,-0.1020388129289572,-0.9333333333333335,-0.10004947755608223,-0.4408816241474814,-0.001989335372874962,0.014020946362349032,-0.49245170918585207,-8.406374376070968
278,9.266666666666666,-0.2956420183181762,-0.09215429574884358,-0.11537214626229053,-0.40000000000000013,-0.11342823263225926,0.2452393770116431,-0.0019439136300312687,-0.18221378568591695,-0.6452393770116432,0.6409963043619606
279,9.3,-0.3218968510627746,-0.14787487690366066,-0.14648325737340165,-0.9333333333333335,-0.14438469836054071,-0.19845503472537407,-0.0020985590128609344,-0.1775121527022339,-0.7348782986079594,-5.579546605179962
280,9.333333333333334,-0.1820376962423324,-0.15616055190556305,-0.15981659070673498,-0.40000000000000013,-0.15761986483038382,0.33242959850918297,-0.0021967258763511688,-0.024417831411948587,-0.7324295985091831,1.4624064079840675
281,9.366666666666667,-0.1241719722747802,-0.14840220585204772,-0.15537214626229054,0.1333333333333332,-0.1553104722383612,0.05453054020813897,-6.167402392934229e-05,0.031138499963580993,0.07880279312519423,0.7825676159515914
282,9.4,-0.086163192987442,-0.133307074858231,-0.133307074858231,0.6619521421217859,-0.13606979825973506,-0.3833275928773292,0.002762723401504047,0.049906605272293056,1.0452797349991152,-1.2043597816963165
283,9.433333333333334,-0.1526488661766052,-0.13799813373220557,-0.12901978123194927,0.12861880878845255,-0.1305432069667404,-0.314982666356309,0.0015234257347911395,-0.022105659209864792,0.44360147514476156,-2.235198494625957
284,9.466666666666667,0.0001928750280058,-0.10448199516585402,-0.10695470982788974,0.6619521421217859,-0.10968115810242768,-0.302813380822345,0.0027264482745379404,0.10987403313043348,0.9647655229441309,-0.2655196522740992
285,9.5,-0.1661666482686996,-0.11944267458603033,-0.10266741620160799,0.12861880878845255,-0.10410687846168781,-0.28602523227488963,0.0014394622600798213,-0.06205976980701178,0.4146440410633422,-1.962393488274178
286,9.533333333333333,-0.309451699256897,-0.1655264889879966,-0.11615790035310401,-0.40471452454488077,-0.11467949680904786,0.21737545573510486,-0.0014784035440561505,-0.1947722024478491,-0.6220899802799856,0.7239359291608433
287,9.566666666666666,-0.2323456108570099,-0.18173245613112518,-0.14742616228237782,-0.9380478578782141,-0.14532769076570037,-0.1831468792761849,-0.0020984715166774415,-0.08701792009130951,-0.7549009786020292,-5.401045067671053
288,9.6,0.0334400460124015,-0.12954562095124147,-0.16091664643387385,-0.40471452454488077,-0.15868171989312202,0.3418733820736457,-0.0022349265407518304,0.19212176590552352,-0.7465879066185265,1.5350947025762067
289,9.633333333333333,0.036132875829935,-0.08936280800703524,-0.1566293528075921,0.12861880878845255,-0.1565279829953213,0.06289085672473352,-0.00010136981227079622,0.1926608588252563,0.06572795206371904,0.8408083522731978
290,9.666666666666666,0.085828348994255,-0.046872843237740415,-0.13456428140353258,0.6619521421217859,-0.13732791324613264,-0.38534391715132466,0.0027636318426000617,0.22315626224038765,1.0472960592731106,-1.2278712350663428
291,9.7,0.0136556765064597,-0.03219256647325916,-0.09472143222169527,1.1952854754551192,-0.09620444701598875,0.7033278075779261,0.001483014794293483,0.10986012352244845,0.4919576678771931,11.466641657205619
292,9.733333333333333,0.1367246061563491,0.008775738302010332,-0.03710080526208018,1.7286188087884526,-0.04390325797344964,0.4031605122529911,0.006802452711369464,0.18062786412979875,1.3254582965354615,13.430140195068429
293,9.766666666666666,0.1250342279672622,0.0369724761657348,0.029565861404586488,2.0,0.02015671253400735,1.6871964608948389,0.00940914887057914,0.10487751543325487,0.3128035391051611,31.683311160348776
294,9.8,0.0877532884478569,0.04928859395247703,0.07845475029347537,1.4666666666666668,0.0717421723346639,0.43404616820812136,0.006712577958811472,0.016011116113193002,1.0326204984585454,13.365914954328865
295,9.833333333333334,0.2398803681135177,0.09551374542721941,0.10956586140458649,0.9333333333333335,0.10757643363285632,0.4406765408950381,0.001989427771730168,0.13230393448066138,0.49265679243829535,8.403982992210262
296,9.866666666666667,0.154861107468605,0.10990755025990562,0.12289919473791983,0.40000000000000013,0.12095506723878344,-0.24531313647115172,0.0019441274991363888,0.03390604022982158,0.6453131364711518,-0.6416911846390996
297,9.9,0.0935514420270919,0.10594062364973482,0.11845475029347538,-0.1333333333333332,0.11852359564436234,-0.01785216928268915,-6.884535088695631e-05,-0.02497215361727044,-0.11548116405064404,-0.45912709844166283
298,9.933333333333334,0.1727832555770874,0.12215229280184411,0.12215229280184411,0.11092627525106202,0.1215942167082393,-0.10127033679453507,0.000558076093604809,0.0511890388688481,0.2121966120455971,-0.5619375074552879
299,9.966666666666667,0.1040407940745353,0.11775962278347776,0.11775962278347776,-0.13178010055099054,0.11821658793643271,0.06570598369034786,-0.000456965152954944,-0.014175793861897407,-0.1974860842413384,0.19679800279671902
300,10.0,0.0721800774335861,0.10670499360431715,0.10670499360431715,-0.3316388753748184,0.10850855703706841,0.32367590049894357,-0.0018035634327512595,-0.0363284796034823,-0.655314775873762,1.8088983766932005
301,10.033333333333333,0.1172729581594467,0.1092680935308009,0.1092680935308009,0.07689299779451253,0.10953002247422557,0.09086940655350562,-0.00026192894342466633,0.007742935685221136,-0.013976408758993086,0.9616676052880494
302,10.066666666666666,0.0516397431492805,0.09529120897032423,0.09529120897032423,-0.41930653681430025,0.09752028655083222,0.404039220407292,-0.0022290775805079988,-0.045880543401551725,-0.8233457572215923,2.2711759446395727
303,10.1,0.0569041445851326,0.08598100723844439,0.08598100723844439,-0.2793060519563952,0.08817731590563453,0.4402905466799454,-0.0021963086671901444,-0.03127317132050193,-0.7195965986363406,2.9284687805793648
304,10.133333333333333,0.0814430713653564,0.08488039954412219,0.08488039954412219,-0.03301823082966601,0.08587588677011664,0.2372268477610836,-0.0009954872259944486,-0.004432815404760232,-0.27024507859074964,1.9088167491224763
305,10.166666666666666,0.0412215813994407,0.07429161369106167,0.07429161369106167,-0.31766357559181546,0.07629004524072283,0.3847303618606386,-0.0019984315496611588,-0.03506846384128213,-0.702393937452454,2.3867075264062496
306,10.2,-0.1479518115520477,0.02038983308510576,0.04592505006022338,-0.8509969089251488,0.04820994200841643,-0.05562066496154894,-0.002284891948193056,-0.19616175356046414,-0.7953762439635998,-3.9140190570319064
307,10.233333333333333,-0.0125429397448897,0.012402487255250939,0.012402487255250935,-1.0056768841491732,0.014328428347476297,-0.34370702524288105,-0.0019259410922253615,-0.026871368092365996,-0.6619698589062921,-7.273264945032339
308,10.266666666666666,-0.1777898222208023,-0.03372578010340806,-0.03372578010340806,-1.3838480207597699,-0.031041281540137747,-0.7022726176576405,-0.0026844985632703093,-0.14674854068066456,-0.6815754031021294,-12.808150912870826
309,10.3,-0.1451077759265899,-0.060739798159273085,-0.062076269684289274,-0.8505146874264365,-0.059805979823994625,-0.08961627673457029,-0.0022702898602946497,-0.08530179610259528,-0.7608984106918663,-4.310426644489565
310,10.333333333333334,-0.1060080528259277,-0.07171892849254359,-0.07264898148739271,-0.3171813540931032,-0.0707293796486996,0.3023945128390956,-0.001919601838693108,-0.035278673177228104,-0.6195758669321988,1.4654457235861784
311,10.366666666666667,-0.1094739064574241,-0.08087582722563125,-0.08087582722563125,-0.2468053721471561,-0.07899679437762534,0.3687708363099884,-0.0018790328480059043,-0.03047711207979875,-0.6155762084571446,2.399228342511782
312,10.4,-0.1756741851568222,-0.10386773479465106,-0.10386773479465106,-0.6897572270705943,-0.10121277074769904,0.23558006712774548,-0.0026549640469520214,-0.07446141440912317,-0.9253372941983398,-0.5184578756611641
313,10.433333333333334,-0.3398266434669494,-0.16109599841307887,-0.14463742014144865,-1.2230905604039277,-0.1432152646086003,-0.7469785497287874,-0.001422155532848357,-0.19661137885834912,-0.4761120106751403,-11.975633391264994
314,10.466666666666667,-0.3957879245281219,-0.21801697457965946,-0.20318488326602402,-1.756423893737261,-0.19606039101307654,-0.3796881413634874,-0.0071244922529474786,-0.19972753351504535,-1.3767357523737735,-13.478949864945516
315,10.5,-0.2975099980831146,-0.2372968048284069,-0.2439545686128216,-1.2230905604039277,-0.24119134682316137,-0.7125755029736802,-0.0027632217896602362,-0.05631865125995325,-0.5105150574302475,-12.78672655683009
316,10.533333333333333,-0.3264878690242767,-0.2589287481312901,-0.2669464761818414,-0.6897572270705944,-0.26431174686519204,0.1906682087078756,-0.0026347293166493757,-0.062176122159084635,-0.88042543577847,-1.042154921130701
317,10.566666666666666,-0.3688992261886596,-0.2856004239070584,-0.2856004239070584,-0.55961843175651,-0.28266626907694864,0.4273321052825052,-0.002934154830109781,-0.08623295711171097,-0.9869505370390153,1.7174766720836254
318,10.6,-0.5198948383331299,-0.3424249896271936,-0.3220321494100532,-1.0929517650898433,-0.32031989822566515,-0.531022684909155,-0.0017122511843880583,-0.19957494010746474,-0.5619290801806882,-9.457468872207276
319,10.633333333333333,-0.1316372603178024,-0.2913016147636454,-0.3406860971352702,-0.5596184317565099,-0.3380833240377497,0.34615118164125613,-0.0026027730975204943,0.2064460637199473,-0.9057696133977661,1.0404673638954924
320,10.666666666666666,0.0593339242041111,-0.20626026934064012,-0.3415622670827094,-0.02628509842317661,-0.3406150986995124,0.20874342806606627,-0.0009471683831970279,0.3999490229036235,-0.23502852648924288,1.6182590373005108
321,10.7,0.0041026594117283,-0.15523992342564635,-0.32466065925237086,0.5070482349101567,-0.32681558096541635,-0.34591438471930736,0.002154921713045488,0.3309182403771447,0.8529626196294641,-1.5184000661333963
322,10.733333333333333,0.1497469991445541,-0.08126995931947846,-0.2899812736442545,1.04038156824349,-0.2918311241703866,0.3984769604174192,0.0018498505261320686,0.44157812331494073,0.6419046078260708,7.911912603815789
323,10.766666666666666,0.1437273323535919,-0.02670027007252005,-0.2375241102583604,1.5737149015768233,-0.24254358519785157,0.5332076778354339,0.005019474939491175,0.3862709175514435,1.0405072237413893,13.15971334937782
324,10.8,0.1359566152095794,0.0127496967147233,-0.17085744359169375,2.0,-0.17993712917833884,1.5127747223415278,0.009079685586645098,0.3158937443879183,0.48722527765847223,29.276291168313083
325,10.833333333333334,0.151781752705574,0.04646981856317005,-0.10419077692502708,2.0,-0.11402071882690716,1.909969242171804,0.00982994190188008,0.26580247153248115,0.09003075782819603,34.757575541970894
326,10.866666666666667,0.0731937810778617,0.05295131138039507,-0.037524110258360416,2.0,-0.04749268647936,1.983363881705661,0.009968576220999587,0.1206864675572217,0.016636118294339086,35.77042156753812
327,10.9,0.1219954416155815,0.06969692064192914,0.02914255640830625,2.0,0.019148362976165022,1.996925934663003,0.009994193432141227,0.10284707863941647,0.003074065336996945,35.95757789834944
328,10.933333333333334,0.1338057965040207,0.08524555861775633,0.08524555861775633,1.6830900662835024,0.07681587158046169,0.9201010325156003,0.008429687037294645,0.056989924923559004,0.7629890337679022,21.097394248715283
329,10.966666666666667,0.1951223462820053,0.11189451120605874,0.12357078304942863,1.149756732950169,0.12119858337430786,0.744864259536489,0.0023721996751207702,0.07392376290769745,0.40489247341367995,12.71958363564877
330,11.0,0.0994733795523643,0.10888195363526558,0.14411822970332316,0.6164233996168357,0.14131425477835594,-0.3377529261975547,0.0028039749249672286,-0.04184087522599164,0.9541763258143904,-0.6781148620228067
331,11.033333333333333,0.0539652407169342,0.09556273571875742,0.1468878985794399,0.08309006628350235,0.1456277958939048,-0.2604186713822213,0.0012601026855351138,-0.09166255517697058,0.34350873766572365,-1.8789675434183444
332,11.066666666666666,0.1844699084758758,0.11712582544799385,0.13187978967777886,-0.450243267049831,0.1336433867752766,0.2705116347026256,-0.0017635970974977377,0.0508265217005992,-0.7207549017524566,1.0429285276549576
333,11.1,0.0559608303010463,0.10229118120342875,0.10229118120342875,-0.8876582542305032,0.10449792470408766,-0.1085242397150934,-0.0022067435006589003,-0.04853709440304135,-0.7791340145154098,-4.530903923701116
334,11.133333333333333,0.1594498306512832,0.11615414690826693,0.09048035050685643,-0.3543249208971698,0.0925554270808664,0.32662070789750297,-0.0020750765740099736,0.0668944035704168,-0.6809456287946728,1.5654107219282793
335,11.166666666666666,0.0553342886269092,0.10140321038908313,0.09644729758806188,0.1790084124361635,0.096252765632696,0.009609709983668169,0.00019453195536588141,-0.040918477005786796,0.16939870245249533,0.5364441360751442
336,11.2,0.034547921270132,0.08518847142663463,0.08518847142663463,-0.33776478484281736,0.08684767441519976,0.293152212038545,-0.001659202988565131,-0.05229975314506776,-0.6309169968813624,1.564119021490501
337,11.233333333333333,0.0676419287919998,0.08093282296166632,0.08093282296166632,-0.12766945394904944,0.08215983286823206,0.25508679183169836,-0.0012270099065657403,-0.014517904076232255,-0.3827562457807478,1.7844639976133654
338,11.266666666666666,0.0442948825657367,0.07204684479193993,0.07204684479193993,-0.26657934509179165,0.07385043729014863,0.3521860773934735,-0.0018035924982087032,-0.02955555472441193,-0.6187654224852652,2.2412083756914645
339,11.3,0.0341992825269699,0.0628674911375176,0.0628674911375176,-0.2753806096326697,0.06491535683412762,0.40813955630274523,-0.0020478656966100156,-0.03071607430715772,-0.6835201659354149,2.6813951884785947
340,11.333333333333334,-0.1886206567287445,0.0018728454850890086,0.0359103597053175,-0.8087139429660031,0.03829045029591612,0.016641472712092042,-0.00238009059059862,-0.22691110702466064,-0.8253554156780951,-3.071402667275569
341,11.366666666666667,-0.0419839844107627,-0.008763965122617469,-0.00876396512261747,-1.3402297448380491,-0.006441039547458385,-0.7298135417341834,-0.0023229255751590853,-0.03554294486330431,-0.6104162031038657,-12.750880881708913
342,11.4,-0.2330518066883087,-0.06316158797887392,-0.06316158797887392,-1.6319286856876933,-0.05722744065370933,-0.4685277158090728,-0.00593414732516459,-0.17582436603459936,-1.1634009698786205,-13.294212229317573
343,11.433333333333334,-0.1848867982625961,-0.09268419622588873,-0.09978143305735258,-1.09859535235436,-0.0981506942661786,-0.6933856521283486,-0.0016307387911739801,-0.0867361039964175,-0.4052097002260113,-11.350710639925804
344,11.466666666666667,-0.4544833600521087,-0.18043310997056589,-0.15417905591360903,-1.6319286856876931,-0.14852206135438556,-0.4864375581640763,-0.005656994559223472,-0.30596129869772315,-1.1454911275236168,-13.256969570831433
345,11.5,-0.5427636504173279,-0.26831090107567906,-0.22084572258027568,-2.0,-0.21164823445520178,-1.575140772097948,-0.0091974881250739,-0.3311154159621261,-0.424859227902052,-30.13694265495168
346,11.533333333333333,-0.3152073621749878,-0.27968492824703656,-0.27968492824703656,-1.7651761700028263,-0.27099599348840386,-1.121731083984245,-0.008688934758632694,-0.04421136868658393,-0.6434450860185814,-23.879888958982576
347,11.566666666666666,-0.2626437842845917,-0.27555185658413617,-0.32074635613601965,-1.2318428366694931,-0.31724768928775215,-0.6642125359493039,-0.0034986668482674954,0.05460390500316048,-0.5676303007201893,-12.887295027984834
348,11.6,-0.5067101716995239,-0.3316158088606203,-0.34403000624722496,-0.6985095033361598,-0.3414320472666899,0.13783419992560364,-0.0025979589805350534,-0.16527812443283402,-0.8363437032617634,-1.658228610197767
349,11.633333333333333,0.0070267068222165,-0.24948318980015521,-0.3495358785806525,-0.16517617000282647,-0.3480960354744936,0.25722634479604267,-0.0014398431061589112,0.3551227422967101,-0.42240251479886914,1.5648389787159847
350,11.666666666666666,-0.0532231144607067,-0.2018832776269004,-0.33726397313630224,0.36815716333050685,-0.3385874275330428,-0.195504370020798,0.001323454396740531,0.28536431307233606,0.5636615333513049,-0.6511283055744803
351,11.7,-0.3050442636013031,-0.22690341411464449,-0.3072142899141742,0.9014904966638402,-0.30939959320656607,0.11062836059275039,0.0021853032923918603,0.00435532960526297,0.7908621360710898,4.555439133904127
352,11.733333333333333,0.0609237365424633,-0.15709529308615586,-0.25938682891426845,1.4348238299971734,-0.2628102550745144,0.6496423544986545,0.003423426160245935,0.3237339916169777,0.7851814754985189,12.917593021741125
353,11.766666666666666,0.0986799523234367,-0.09506087678150593,-0.1937815901365849,1.9681571633305066,-0.2024086777841365,1.248189274845349,0.008627087647551573,0.3010886301075732,0.7199678884851577,25.625011992865815
354,11.8,0.0309762582182884,-0.06449247642711661,-0.12711492346991826,2.0,-0.13686123314392235,1.865693356825697,0.009746309674004083,0.16783749136221074,0.13430664317430296,34.14656832419462
355,11.833333333333334,0.0772525072097778,-0.03011437502036833,-0.060448256803251596,2.0,-0.07040137924301322,1.9751824681090961,0.009953122439761625,0.14765388645279104,0.024817531890903854,35.65751805990553
356,11.866666666666667,0.146582618355751,0.012740807580750843,0.00621840986341507,2.0,-0.0037729279787147955,1.995414151715812,0.009991337842129865,0.1503555463344658,0.0045858482841880654,35.936715293678205
357,11.9,0.2075859308242797,0.05999754452909737,0.05999754452909737,1.613374039970469,0.05191359736276308,0.6823830409773455,0.008083947166334288,0.15567233346151663,0.9309909989931235,17.816885965487366
358,11.933333333333334,0.2347541153430938,0.10238210699325644,0.10238210699325645,1.271536873924772,0.09863115283747552,0.6441094287759559,0.0037509541557809306,0.13612296250561828,0.6274274451488162,12.929098475504238
359,11.966666666666667,0.0157736763358116,0.08137654238401282,0.12698889167963773,0.7382035405914388,0.1244871381075605,-0.05482455460268665,0.0025017535720772283,-0.1087134617717489,0.7930280951941254,2.6261668681669113
360,12.0,0.2098900973796844,0.11254556094413741,0.13381789858824125,0.20487020725810545,0.13227739892867277,-0.2605284185528943,0.001540499659568484,0.07761269845101162,0.4653986258109998,-1.4588724706391627
361,12.033333333333333,0.1817664206027984,0.12933403325370235,0.12933403325370235,-0.134515960036167,0.12946924195991963,-0.012006197284804052,-0.00013520870621727687,0.05229717864287878,-0.12250976275136295,-0.45084375731021675
362,12.066666666666666,0.1333517879247665,0.13030847886698138,0.13030847886698138,0.029233368398370874,0.13017616917207878,-0.026298643576850397,0.0001323096949026048,0.0031756187526877366,0.05553201197522127,-0.15688664630374863
363,12.1,0.0603037662804126,0.11332989488819065,0.11350514670248263,-0.5040999649349625,0.11597184442771549,0.4273196239021455,-0.0024666977252328637,-0.055668078147302895,-0.931419588837108,2.2200416196050874
364,12.133333333333333,0.0750560387969017,0.1040471501153369,0.1040471501153369,-0.28373989761437196,0.10633210437403139,0.4582235329765736,-0.002284954258694488,-0.03127606557712968,-0.7419634305909455,3.057891234925491
365,12.166666666666666,-0.0463164672255516,0.06757872948979685,0.07681137575041339,-0.8170732309477053,0.0791669962449434,-0.010183850551657714,-0.002355620494530017,-0.125483463470495,-0.8068893803960476,-3.3842007351189554
366,12.2,0.0811649560928344,0.07087386321453427,0.06735337916326765,-0.283739897614372,0.06919808513399223,0.30302874164089577,-0.0018447059707245722,0.011966870958842177,-0.5867686392552678,1.5869037609438692
367,12.233333333333333,0.0413943119347095,0.06372404402996693,0.06372404402996693,-0.10888005399902187,0.06490122052048426,0.24678342042726809,-0.001177176490517337,-0.023506908585774762,-0.35566347442629,1.7552509458316048
368,12.266666666666666,0.155495598912239,0.08598184631014953,0.07787248667444398,0.42445327933431143,0.07620913932520741,-0.25483956686909726,0.0016633473492365658,0.07928645958703158,0.6792928462034087,-0.9803475102536066
369,12.3,-0.0250248312950134,0.059058856010101995,0.07424315154114325,-0.1088800539990219,0.0742329962517709,-0.035468669529154645,1.0155289372343335e-05,-0.0992578275467843,-0.07341138446986725,-0.5664261092109423
370,12.333333333333334,0.0890902355313301,0.06634251278634502,0.06634251278634502,-0.23701916264394676,0.0674898332139157,0.1941743486528873,-0.0011473204275706805,0.02160040231741439,-0.43119351129683403,0.973819710666723
371,12.366666666666667,0.0142635647207498,0.053711551804034835,0.053711551804034835,-0.3789288294693057,0.05600276844599021,0.4269874313138111,-0.0022912166419553764,-0.04173920372524041,-0.8059162607831167,2.5460981784531636
372,12.4,-0.0686568692326545,0.024032942519635437,0.024032942519635437,-0.8903582785319819,0.026221460154992514,-0.14009908266349835,-0.002188517635357077,-0.09487832938764701,-0.7502591958684836,-4.899084011210666
373,12.433333333333334,-0.1313455402851104,-0.013651757857287752,-0.013651757857287752,-1.1305410113076957,-0.012008079324792776,-0.5596212323084472,-0.001643678532494976,-0.11933746096031761,-0.5709197789992485,-9.79094371169652
374,12.466666666666667,-0.2017907947301864,-0.05928203500877462,-0.05928203500877462,-1.368908314544606,-0.056896680132790776,-0.7230337779405788,-0.0023853548759838403,-0.14489411459739562,-0.6458745366040272,-12.764979075460548
375,12.5,-0.136672705411911,-0.07805197131827199,-0.0871345343824837,-0.8355749812112726,-0.08482336264204544,-0.04800210077971512,-0.002311171740438253,-0.05184934276986557,-0.7875728804315575,-3.825182395777621
376,12.533333333333333,-0.100669577717781,-0.08353752958234485,-0.09720925597841501,-0.3022416478779393,-0.09531672236684974,0.3048819548810221,-0.0018925336115652724,-0.00535285535093126,-0.6071236027589614,1.5404707908217254
377,12.566666666666666,-0.4068264961242676,-0.1619463775732675,-0.1250617553521241,-0.8355749812112726,-0.1227393053600553,-0.02296953385747369,-0.0023224499920688063,-0.2840871907642123,-0.8126054473537989,-3.5332888558768913
378,12.6,-0.2269881218671798,-0.17772126867442886,-0.17069203250361098,-1.368908314544606,-0.16803489638040411,-0.7054710475948012,-0.0026571361232068658,-0.05895322548677567,-0.6634372669498048,-12.801499931165893
379,12.633333333333333,-0.0474912300705909,-0.14613594298278892,-0.19854453187732007,-0.8355749812112726,-0.19623957987112617,-0.06180706974214045,-0.0023049520061939055,0.14874834980053528,-0.7737679114691322,-3.986155949595699
380,12.666666666666666,-0.0799859464168548,-0.130092262059129,-0.2086192534732514,-0.3022416478779393,-0.20674111624131628,0.29991691245531327,-0.001878137231935112,0.12675516982446147,-0.6021585603332525,1.493695637102159
381,12.7,-0.0924339070916175,-0.12095879777230213,-0.20091619729140492,0.23109168545539405,-0.20143296489443366,-0.050067679128998344,0.0005167676030287394,0.10899905780281616,0.2811593645843924,0.18123817486979188
382,12.733333333333333,0.0074338372796773,-0.08981910651519516,-0.17543536333178067,0.7644250187887274,-0.17795139318015665,-0.1727331507122144,0.0025160298483759835,0.18538523045983396,0.9371581695009418,1.251287591501273
383,12.766666666666666,0.0231805797666311,-0.06241274211164936,-0.13217675159437864,1.2977583521220608,-0.13402498062339332,0.7645548078953348,0.0018482290290146863,0.15720556039002442,0.533203544226726,12.678638084403932
384,12.8,0.0152627909556031,-0.04357371667248609,-0.07114036207919884,1.831091685455394,-0.07879767482292634,0.6272766960560403,0.007657312743727496,0.09406046577852943,1.2038149893993537,17.056418405573357
385,12.833333333333334,0.0469903871417045,-0.02160876338206758,-0.021608763382067575,1.4859479609139379,-0.027860117822255958,0.46200492942919946,0.006251354440188383,0.07485050496396045,1.0239430314847384,13.307776050858191
386,12.866666666666667,0.0624382346868515,-0.0012244354968018803,0.01014505753728591,0.9526146275806046,0.008189001682714992,0.45134596680944883,0.0019560558545709174,0.05424923300413651,0.5012686607711557,8.528394384319585
387,12.9,0.0597639121115207,0.013567365559663815,0.02412110067886162,0.41928129424727123,0.022097156821500208,-0.25758175661370786,0.0020239438573614113,0.03766675529002049,0.6768630508609791,-0.6906886999386693
388,12.933333333333334,0.037613283842802,0.01939933926304177,0.020319366042659548,-0.1140520390860621,0.020265349331800436,-0.04094805506453446,5.401671085911164e-05,0.017347934511001563,-0.07310398402152764,-0.5994716611826076
389,12.966666666666667,0.0898507460951805,0.03648626217332762,0.03429540918423526,0.41928129424727123,0.03215299536940041,-0.3814161417908275,0.002142413814834848,0.05769775072578009,0.8006974360380987,-2.077346614718187
390,13.0,0.0707824006676673,0.044804271719532156,0.044804271719532156,0.31526587605890694,0.04246625925900811,-0.4616104692402687,0.002338012460524043,0.028316141408659193,0.7768763452991756,-3.0075450988012857
391,13.033333333333333,0.0604896917939186,0.048608533063313114,0.048608533063313114,0.11412784031342876,0.04716134173203113,-0.3189682336572305,0.0014471913312819815,0.01332835006188747,0.43309607397065925,-2.3726650939100087
392,13.066666666666666,0.0340902991592884,0.04508735506749767,0.04508735506749767,-0.10563533987446333,0.04503969108168602,-0.05522297471130144,4.766398581165093e-05,-0.01094939192239762,-0.05041236516316189,-0.7662131794410212
393,13.1,0.0580822266638278,0.04823906458161151,0.04823906458161151,0.09455128542341512,0.04770522903655961,-0.10292251666978902,0.0005338355450518958,0.010376997627268188,0.19747380209320414,-0.6262374249569003
394,13.133333333333333,0.0385752022266387,0.04589524096615879,0.04589524096615879,-0.07031470846358157,0.046048287009193806,0.01211303220398053,-0.00015304604303501695,-0.007473084782555109,-0.08242774066756209,-0.08899260558624189
395,13.166666666666666,0.0535798333585262,0.04775902259536327,0.04775902259536327,0.055913448876134475,0.047519971673403556,-0.04072609382837922,0.0002390509219597145,0.006059861685122646,0.09663954270451369,-0.19729942338436543
396,13.2,0.090215116739273,0.05805610593732272,0.05805610593732272,0.3089125002587836,0.05643047212666563,-0.2896855629708319,0.0016256338106570914,0.03378464461260737,0.5985980632296155,-1.592057367704403
397,13.233333333333333,-0.0941173657774925,0.02114873251358216,0.0505754115015044,-0.22442083307454974,0.05111564139385988,0.054139609006964046,-0.0005402298923554774,-0.14523300717135237,-0.27856044208151376,-0.14449818601782538
398,13.266666666666666,0.0837953314185142,0.03634271733535659,0.03634271733535659,-0.42698082498443424,0.03862662781004559,0.4049132319507587,-0.0022839104746889966,0.045168703608468606,-0.8318940569351929,2.2211845306707163
399,13.299999999999999,0.0868781730532646,0.048599327599300204,0.03988780094698656,0.10635250834889909,0.04016989410713321,0.10550529831114971,-0.00028209316014665003,0.046708278946131394,0.0008472100377493741,1.1598329726917433
400,13.333333333333334,0.0590688027441501,0.05113854040930752,0.05113854040930752,0.33752218386962884,0.04960723270818618,-0.25064418817577616,0.0015313077011213441,0.009461570035963922,0.588166372045405,-1.1682284637248315
401,13.366666666666667,0.0062749348580837,0.04025755159729231,0.0446115020938507,-0.19581114946370448,0.04506389186906176,0.04514382747954335,-0.0004523897752110595,-0.038788957010978065,-0.24095497694324783,-0.13400777324161692
402,13.4,-0.0303611904382705,0.02313004406492933,0.02313004406492933,-0.6444437408676411,0.02592089108752483,0.38817784717197346,-0.0027908470225954975,-0.05628208152579533,-1.0326215880396146,1.2609164224867018
403,13.433333333333334,0.0618276931345462,0.03251557341336811,0.01942636381378574,-0.11111040753430779,0.020872266815753902,0.3021020684350648,-0.0014459030019681636,0.040955426318792294,-0.4132124759693726,2.174313286760795
404,13.466666666666667,0.0085631338879466,0.026706271568490578,0.026706271568490578,0.2183972326411452,0.026174600593926307,-0.04906284785356124,0.000531670974564271,-0.017611466705979704,0.26746008049470643,0.18979951905257575
405,13.5,0.0493731163442134,0.0322037718558164,0.0322037718558164,0.16492500861977477,0.031234532995261903,-0.17430230492650844,0.0009692388605544999,0.0181385833489515,0.3392273135462832,-0.9944472761288753
406,13.533333333333333,0.0100371669977903,0.026827597192699865,0.026827597192699865,-0.1612852398934962,0.027285359758251363,0.055702087345567586,-0.00045776256555149844,-0.017248192760461065,-0.21698732723906378,0.035321205811832505
407,13.566666666666666,0.0066353450529277,0.021930271912604143,0.021930271912604143,-0.14691975840287166,0.022802251270438764,0.15905459249124848,-0.0008719793578346215,-0.016166906217511063,-0.3059743508941202,0.9237076320102455
408,13.6,-0.1433282196521759,-0.018150675120370784,-0.0007448311452693569,-0.680253091736205,0.0019548319183607995,0.3035398529422293,-0.0026996630636301564,-0.1452830515705367,-0.9837929446784343,0.2739907179610892
409,13.633333333333333,-0.2302535623311996,-0.06959302163668186,-0.041197711980920634,-1.2135864250695383,-0.0397549268664647,-0.7324419152963907,-0.0014427851144559328,-0.1904986354647349,-0.4811445097731476,-11.80612821443292
410,13.666666666666666,-0.1989150047302246,-0.10095811220172393,-0.0994283705943497,-1.7469197584028717,-0.09241402482281676,-0.3877157729180092,-0.00701434577153294,-0.10650097990740785,-1.3592039854848625,-13.462256790014333
411,13.7,-0.1136841922998428,-0.10404463040433111,-0.13988125143000096,-1.2135864250695385,-0.1372805390798817,-0.723986872453749,-0.002600712350119272,0.023596346780038885,-0.48959955261578947,-12.762997161116704
412,13.733333333333333,-0.2429046183824539,-0.1377230197594039,-0.16255635448787448,-0.6802530917362052,-0.1598962536085426,0.21572987507710795,-0.0026601008793318837,-0.0830083647739113,-0.8959829668133131,-0.7499220656249097
413,13.766666666666666,-0.4315206110477447,-0.20897918083980216,-0.20300923532352577,-1.2135864250695385,-0.2015655448255124,-0.730432377361366,-0.001443690498013378,-0.2299550662222323,-0.4831540477081725,-11.78269589351908
414,13.799999999999999,-0.1445350497961044,-0.19334923179154986,-0.22568433838139929,-0.6802530917362052,-0.22299775897012844,0.27450012107594934,-0.002686579411270845,0.07846270917402404,-0.9547532128121545,-0.06462857579919712
415,13.833333333333334,-0.1912250071763992,-0.19283403324725829,-0.23058166366149502,-0.14691975840287186,-0.2290854086760905,0.2911292424002012,-0.0014962549854045104,0.037860401499691304,-0.4380490008030731,1.9472793638431132
416,13.866666666666667,-0.1362166553735733,-0.17910234477416367,-0.21770121116381297,0.38641357493046147,-0.2190727990549907,-0.1982077259712407,0.0013715878911777224,0.08285614368141739,0.5846213009017022,-0.615011438153851
417,13.9,-0.1398272067308426,-0.16957675421163537,-0.18704298088835314,0.9197469082637948,-0.18918559049941117,0.14535787656396726,0.0021426096110580273,0.049358383768568576,0.7743890316998275,4.960404449181911
418,13.933333333333334,0.038167018443346,-0.11919164498442968,-0.13860697283511553,1.453080241597128,-0.14224075059141597,0.6343014896845415,0.0036337777563004436,0.18040776903476197,0.8187787519125865,12.949493614601177
419,13.966666666666667,-0.0228028781712055,-0.09581400780140961,-0.09581400780140961,1.2837889510111775,-0.09793574819409097,0.7482176305390782,0.0021217403926813566,0.07513287002288546,0.5355713204720993,12.71261046142696
420,14.0,0.0872042477130889,-0.051425698699189525,-0.05142569869918952,1.3316492730666027,-0.05353828121205204,0.744227533188862,0.002112582512862525,0.14074252892514094,0.5874217398777407,12.720907677560696
421,14.033333333333333,0.0850080922245979,-0.018335746735173616,-0.018335746735173616,0.9926985589204771,-0.020295198636554414,0.3120038230719382,0.0019594519013807973,0.10530329086115231,0.6806947358485389,6.9035881181767245
422,14.066666666666666,0.0541261062026023,-0.0007612205367922356,-0.0007612205367922356,0.5272357859514414,-0.0034583546037500607,-0.40039267550267654,0.002697134066957825,0.057584460806352364,0.9276284614541179,-1.6528808064084464
423,14.1,0.125405803322792,0.029838682395528896,0.029838682395528896,0.917997087969634,0.027722421530636365,0.20959383782557567,0.002116260864892531,0.09768338179215563,0.7084032501440582,5.709431194214502
424,14.133333333333333,0.0375201292335987,0.03170170111812568,0.04266080755007225,0.38466375463630065,0.0405480331709202,-0.31561287061997834,0.002112774379152048,-0.0030279039373214967,0.700276625256279,-1.3569382414787636
425,14.166666666666666,0.0235504563897848,0.029724740024532622,0.037705154926837826,-0.14866957869703268,0.03775177968327663,-0.03318844179715167,-4.662475643880254e-05,-0.01420132329349183,-0.11548113689988102,-0.6447325320290168
426,14.2,-0.0521056912839412,0.009878006873911067,0.014971724525825625,-0.682002912030366,0.017686289413893892,0.3423688767120301,-0.0027145648880682674,-0.0697919806978351,-1.0243717887423962,0.7267585557247255
427,14.233333333333333,0.1181288585066795,0.03613261327558359,0.010016071902591201,-0.14866957869703268,0.011591356436855679,0.3170003102162242,-0.0015752845342644779,0.10653750206982382,-0.4656698889132569,2.1849653950564063
428,14.266666666666666,0.1378477811813354,0.06080208846368611,0.022838197057134555,0.38466375463630065,0.021514851526010893,-0.18568808165810557,0.0013233455311236625,0.1163329296553245,0.5703518362944062,-0.5103561631763069
429,14.299999999999999,0.1178927421569824,0.07464856282692298,0.05343809998945569,0.917997087969634,0.05129039987079518,0.13981305533265354,0.0021477001186605074,0.06660234228618722,0.7781840326369804,4.895748774741791
430,14.333333333333334,0.1065718308091163,0.08239106852813347,0.08239106852813347,0.8685890561603333,0.08014967140393446,0.09431259386312096,0.0022413971241990044,0.026422159405181833,0.7742764622972124,4.365188293001571
431,14.366666666666667,0.0711543932557106,0.0796657829336914,0.09356625928903346,0.335255722827,0.09156630472243411,-0.31580323606971894,0.001999954566599349,-0.020411911466723512,0.6510589588967189,-1.5293518960408672
432,14.4,0.0717330351471901,0.07774181496783306,0.08696367227215568,-0.19807761050633332,0.08727774285244982,0.012677966429600313,-0.0003140705802941457,-0.01554470770525973,-0.21075557693593364,-0.40253005342990883
433,14.433333333333334,0.0988934934139251,0.08287183458394465,0.08287183458394465,-0.12275513064633092,0.08355519996677986,0.11938344055168376,-0.0006833653828352132,0.01533829344714524,-0.24213857119801468,0.6500041463207553
434,14.466666666666667,0.1251219809055328,0.09311896839726042,0.09311896839726042,0.307414014399473,0.09182588798151524,-0.20948630248712585,0.0012930804157451764,0.03329609292401757,0.5169003168865989,-0.9300009778920431
435,14.5,0.2214605063199997,0.12424626681868785,0.12114387998835396,0.8407473477328063,0.11881949525961151,0.0016674636221108985,0.002324384728742454,0.10264101106038818,0.8390798841106955,3.2848949653290784
436,14.533333333333333,0.1662698239088058,0.13443844484184236,0.13443844484184236,0.398836945604652,0.13201680218591413,-0.4056280332576021,0.00242164265592823,0.03425302172289166,0.8044649788622541,-2.14198614308699
437,14.566666666666666,-0.1493550539016723,0.06560862506230837,0.12995523191755298,-0.13449638772868133,0.12978734011819623,-0.08465196613651936,0.0001678917993567508,-0.2791423940198685,-0.04984442159216197,-1.050648841917191
438,14.6,0.0817894488573074,0.06953303908385977,0.10769424121548582,-0.6678297210620147,0.11044600499420762,0.37832896308790787,-0.0027517637787217997,-0.028656556136900213,-1.0461586841499226,1.1460730007832904
439,14.633333333333333,-0.2651814222335815,-0.011646889815444386,0.06765547273564089,-1.201163054395348,0.06912536870692083,-0.7131188755979383,-0.0014698959712799442,-0.3343067909405023,-0.4880441787974097,-11.58081091170708
440,14.666666666666666,-0.4756373465061188,-0.12418075565395001,0.009838926478018185,-1.7344963877286812,0.016709351793788494,-0.39820537852689997,-0.006870425315770309,-0.4923466982999073,-1.3362910092017812,-13.440444158076941
441,14.7,-0.1155660077929496,-0.12209137888758977,-0.05682774018864848,-2.0,-0.04740603116290831,-1.693845954803617,-0.009421709025740167,-0.06815997663004128,-0.3061540451963829,-31.775074176289916
442,14.733333333333333,-0.2673432826995849,-0.1573200307287282,-0.12349440685531515,-2.0,-0.11360126497012403,-1.9434280568658875,-0.009893141885191123,-0.1537420177294609,-0.05657194313411251,-35.21930718474925
443,14.766666666666666,-0.2030155509710312,-0.16840278786352897,-0.17238329574420405,-1.4666666666666668,-0.16547692615891338,-0.4215231920502722,-0.006906369585290673,-0.03753862481211781,-1.0451434746163946,-13.39195588283243
444,14.799999999999999,-0.3737671077251434,-0.21821079681300992,-0.21821079681300992,-1.3748250320641762,-0.21364453847725776,-0.5815355472477987,-0.004566258335752166,-0.16012256924788562,-0.7932894848163775,-13.059217862024443
445,14.833333333333334,0.0076747615821659,-0.1634256719106564,-0.246260520104038,-0.8414916987308428,-0.24401273809387403,-0.16924292414102182,-0.0022477820101639845,0.2516874996760399,-0.672248774589821,-5.238917280471663
446,14.866666666666667,-0.1850981563329696,-0.16868200513734088,-0.2565324656172883,-0.3081583653975095,-0.25473845982780263,0.2662192633620546,-0.0017940057894856865,0.06964030349483302,-0.5743776287595641,1.1558014140204844
447,14.9,-0.0335281454026699,-0.13590248111993805,-0.24902663335276085,0.2251749679358238,-0.2495618259865697,-0.05875309616517982,0.0005351926338088564,0.2160336805838998,0.28392806410100363,0.0852165671602329
448,14.933333333333334,0.0364893861114978,-0.09409144173555456,-0.22374302331045562,0.7585083012691571,-0.2262721110915039,-0.18226037403516893,0.002529087781048295,0.26276149720300174,0.9407686753043261,1.1401949117213457
449,14.966666666666667,0.0295494813472032,-0.06410420633079736,-0.1806816354903726,1.2918416346024904,-0.1824613799291548,0.7695467734868059,0.001779744438782177,0.212010861276358,0.5222948611156845,12.668257531297302
450,15.0,-0.0908306762576103,-0.07058630728289927,-0.11984246989251182,1.8251749679358236,-0.1274578301191671,0.6004259771985265,0.007615360226655266,0.036627153861556794,1.224748990737297,16.685878485339664
451,15.033333333333333,0.0645964592695236,-0.037799772354164526,-0.053175803225845156,2.0,-0.0627351632677271,1.766720022172799,0.009559360041881945,0.12733162253725072,0.233279977827201,32.780736305984625
452,15.066666666666666,-0.0464930571615695,-0.03990819706873709,-0.004286914336956264,1.4666666666666668,-0.011059637104315144,0.43015956063306104,0.00677272276735888,-0.035433420057254354,1.0365071060336057,13.37399696843701
453,15.1,0.0728681534528732,-0.012555999375119632,0.02682419677415485,0.9333333333333335,0.02483614542088315,0.4437315611502305,0.0019880513532716977,0.04803200803199005,0.48960177218310297,8.439606213733109
454,15.133333333333333,-0.0312464218586683,-0.01708907859237356,0.04015753010748819,0.40000000000000013,0.03821658850695769,-0.24421437955110914,0.001940941600530502,-0.069463010365626,0.6442143795511093,-0.6313399087729967
455,15.166666666666666,0.0448849275708198,-0.0020582209648578494,0.03571308566304375,-0.1333333333333332,0.03578357719035849,-0.01738956310094758,-7.04915273147394e-05,0.00910135038046131,-0.11594377023238561,-0.455047702900079
456,15.2,0.0800142064690589,0.017847204684976435,0.017847204684976435,-0.5359764293420195,0.02051928716070002,0.4633156175651636,-0.0026720824757235848,0.05949491930835887,-0.9992920469071831,2.423591021117227
457,15.233333333333333,-0.2132710218429565,-0.038207024711096604,-0.017796454070868654,-1.0693097626753527,-0.01602434363147552,-0.47590240159393926,-0.0017721104393931333,-0.19724667821148095,-0.5934073610814135,-8.814735960828772
458,15.266666666666666,0.1039886176586151,-0.0037196228464476955,-0.03566233504893597,-0.5359764293420194,-0.033113591036549,0.34622702427799323,-0.002548744012386972,0.1371022086951641,-0.8822034536200126,1.1228245500807608
459,15.299999999999999,0.1926798969507217,0.043914109470456236,-0.035750438249225504,-0.0026430960086860633,-0.034931266940918394,0.18678969120080907,-0.0008191713083071095,0.2276111638916401,-0.18943278720949513,1.5023072680332699
460,15.333333333333334,0.0685684531927108,0.049893647559590304,-0.018060763671737264,0.5306902373246473,-0.020378564125501805,-0.3773960702966557,0.0023178004537645416,0.0889470173182126,0.9080863076213029,-1.7174789186020483
461,15.366666666666667,0.1315589696168899,0.06970033595917785,0.017406688683528758,1.0640235706579806,0.015614427359106918,0.4485587623365257,0.00179226132442184,0.11594454225778297,0.6154648083214549,8.49589404256255
462,15.4,0.1907093673944473,0.09904924586113838,0.07065191881657255,1.5973569039913138,0.06536096046870166,0.5134008372411337,0.005290958347870897,0.12534840692574564,1.0839560667501802,13.200900724750628
463,15.433333333333334,0.1981734782457351,0.12309032883528581,0.12309032883528581,1.5731523005613977,0.11670003759467816,0.44467824815983126,0.006390291240607651,0.08147344065105695,1.1284740524015664,13.343806053826533
464,15.466666666666667,0.1746144890785217,0.13558673442433317,0.15775096107622127,1.0398189672280642,0.1559967555701394,0.612615167554328,0.0017542055060818795,0.018617733508382306,0.42720379967373623,10.40888223155508
465,15.5,0.1484332382678985,0.13870245958458016,0.17463381553937896,0.5064856338947309,0.17236673850371087,-0.27242334311698735,0.002267077035668086,-0.023933500235812366,0.7789089770117182,-0.5293679218310934
466,15.533333333333333,0.1747089922428131,0.1474352993597151,0.17373889222475888,-0.026847699438602435,0.1731900988551098,-0.12829165726346958,0.000548793369649081,0.0015188933877033073,0.10144395782486715,-1.0833052928297855
467,15.566666666666666,0.1026447266340255,0.13657202355466364,0.15506619113236103,-0.5601810327719358,0.15763759129304314,0.4302792428953097,-0.002571400160682108,-0.054992864659017635,-0.9904602756672455,2.084038991026147
468,15.6,0.0507977567613124,0.11576877277109385,0.1186157122621854,-1.093514366105269,0.12033498338489179,-0.5135916769120764,-0.001719271122706395,-0.06953722662357939,-0.5799226891931927,-9.25421370288685
469,15.633333333333333,0.0562099255621433,0.10132367541044633,0.09994301116978754,-0.5601810327719358,0.1025666156118018,0.35289030022036894,-0.00262360444201426,-0.046356690049658505,-0.9130713329923047,1.1020130822563738
470,15.666666666666666,0.0536988712847232,0.08977299965669445,0.08977299965669445,-0.3051003453927927,0.09212238084532802,0.4548625948623939,-0.0023493811886335647,-0.03842350956060482,-0.7599629402551866,2.9294566104190967
471,15.7,0.0931490063667297,0.09059179901064383,0.09059179901064383,0.024563980618481362,0.09134226794926466,0.19590216002127997,-0.0007504689386208241,0.001806738417465037,-0.1713381794027986,1.7120089085174128
472,15.733333333333333,0.1204364001750946,0.09783015552210765,0.09783015552210765,0.2171506953439145,0.09707354331844625,-0.10239892320443766,0.000756612203661397,0.02336285685664835,0.3195496185483522,-0.25008102680695565
473,15.766666666666666,0.101852960884571,0.0988058261041767,0.0988058261041767,0.02927011746207131,0.09842081211891297,-0.08016897017955107,0.0003850139852637213,0.003432148765658033,0.10943908764162238,-0.5760885701310804
474,15.799999999999999,0.1102837175130844,0.10158961502330968,0.10158961502330968,0.08351366757398962,0.10102422758424635,-0.11043699452053668,0.0005653874390633279,0.009259489928838044,0.1939506620945263,-0.7030560407663913
475,15.833333333333334,0.0970037579536438,0.1004773847677284,0.1004773847677284,-0.03336690766743852,0.10043290961968097,-0.02353015279491403,4.4475148047423696e-05,-0.003429151666037175,-0.009836754872524493,-0.2886032051091731
476,15.866666666666667,0.2330378144979477,0.13262791157199008,0.1171429322899249,0.4999664256658948,0.11461620859506005,-0.44550213863959676,0.002526723694864841,0.11842160590288764,0.9454685643054915,-2.3902570567252632
477,15.9,0.3067972064018249,0.17487003913073496,0.15158625758989916,1.033299758999228,0.14972878185255822,0.4048389659708414,0.0018574757373409356,0.15706842454926667,0.6284607930283868,7.986097098263559
478,15.933333333333334,0.2047652155160904,0.18212066189690718,0.18212066189690718,0.9160321292102406,0.17998070877754216,0.1634690563989375,0.002139953119365018,0.024784506738548234,0.7525630728113031,5.171590797359053
479,15.966666666666667,0.2997465133666992,0.2106490326803307,0.2106490326803307,0.8558511235027055,0.2083784384381134,0.07139335382292522,0.0022705942422172887,0.09136807492858581,0.7844577696797803,4.09793731039367
480,16.0,0.005008915439248,0.16077413324883194,0.22139962568597643,0.3225177901693722,0.21943585021458703,-0.31340610227455923,0.0019637754713894007,-0.21442693477533903,0.6359238924439314,-1.5507565153306757
481,16.03333333333333,0.2241109013557434,0.17613550816939283,0.2143724409138444,-0.21081554316396112,0.21475912691852672,0.025532750683199545,-0.00038668600468233505,0.009351774437216687,-0.23634829384716066,-0.3310054549175225
482,16.066666666666666,0.1556897163391113,0.17117669067301314,0.18956747836393456,-0.7441488764972944,0.19213267867529607,0.21519686042476893,-0.0025652003113615096,-0.03644296233618477,-0.9593457369220634,-0.7561373105166342
483,16.1,0.1928212493658065,0.1764262509364741,0.1764262509364741,-0.39423682282381384,0.1790776943286616,0.4831975255854013,-0.002651443392187508,0.013743555037144889,-0.8774343484092151,2.8745260394587238
484,16.133333333333333,0.1519491523504257,0.17048970097369207,0.17048970097369207,-0.17809649888346102,0.17233521466856272,0.39015162041976637,-0.001845513694870654,-0.020386062318137027,-0.5682481193032274,2.781092830303521
485,16.166666666666668,0.2529076039791107,0.19047891649690255,0.1823309287886878,0.3552368344498723,0.18127488986972065,-0.12775966399287886,0.0010560389189671615,0.07163271410939007,0.48299649844275117,-0.09533560805553393
486,16.2,0.1555727273225784,0.18201294838735663,0.18201294838735663,-0.00953941203993558,0.18174167674043717,-0.06264827914065596,0.00027127164691945205,-0.026168949417858772,0.05310886710072038,-0.5211684704484281
487,16.233333333333334,0.2119258493185043,0.1892678699739668,0.1892678699739668,0.21764764759830524,0.18807082422133223,-0.21850686348722104,0.0011970457526345735,0.023855025097172078,0.4361545110855263,-1.248346624960436
488,16.266666666666666,0.3058271408081054,0.21753755775986783,0.21430056933835476,0.7509809809316386,0.2117694792153539,-0.16195323215466673,0.0025310901230008453,0.0940576615927515,0.9129342130863053,1.3769873887844832
489,16.3,0.2097163647413253,0.21564064571533306,0.22155549092496493,0.21764764759830524,0.21984300660179174,-0.30973109117020026,0.0017124843231731968,-0.01012664186046644,0.5273787387685055,-1.8782815841728446
490,16.333333333333332,0.2570366561412811,0.2256806217888682,0.2256806217888682,0.12375392591709777,0.22444735108435343,-0.25878144514500434,0.0012332707045147606,0.03258930505692764,0.3825353710621021,-1.8286473059356874
491,16.366666666666667,0.2308809161186218,0.22694187450643297,0.22694187450643297,0.037837581526943276,0.22627547825433086,-0.1540666844833536,0.0006663962521021027,0.004605437864290934,0.19190426601029686,-1.1992885321506184
492,16.4,0.1876156777143478,0.21740390041682897,0.21740390041682897,-0.28613922268811987,0.21856066657498927,0.17926811138873444,-0.001156766158160294,-0.030944988860641454,-0.4654073340768543,0.7186749274351096
493,16.433333333333334,0.1231177002191543,0.19453620895794804,0.19453620895794804,-0.6860307437664279,0.19721619188532655,0.27885708573850787,-0.0026799829273785047,-0.07409849166617224,-0.9648878295049358,-0.013823964249486287
494,16.466666666666665,0.150203064084053,0.18378387535819923,0.18378387535819923,-0.32257000799246427,0.18615994757069818,0.44572599178303074,-0.002376072212498942,-0.035956883486645164,-0.768295999775495,2.7710762859603513
495,16.5,0.2186836004257202,0.1922482756964316,0.1908093195362282,0.21076332534086906,0.19062646148229814,0.030940457307018346,0.00018285805393006282,0.028057138943422044,0.17982286803385072,0.8263081174317776
496,16.53333333333333,0.1855685114860534,0.19062819994132899,0.19062819994132899,-0.0054335878469766175,0.19065099763149873,0.010936755556362275,-2.2797690169745755e-05,-0.00508248614544532,-0.016370343403338893,0.10382437293817792
497,16.566666666666666,0.1757511049509048,0.18701998561800032,0.18701998561800032,-0.10824642969986004,0.18757509173343487,0.09881976246818996,-0.0005551061154345505,-0.011823986782530077,-0.20706619216805,0.5386996027018192
498,16.6,0.215291678905487,0.19387685711948124,0.19387685711948124,0.2057061450444278,0.19304794258763744,-0.13113011573930267,0.0008289145318438051,0.022243736317849566,0.33683626078373047,-0.5463245401869675
499,16.633333333333333,0.1349729299545288,0.17959060070761507,0.1829559508431844,-0.3276271882889055,0.18431160787661735,0.21938155638266388,-0.001355657033432961,-0.04933867792208854,-0.5470087446715695,0.9648493119436709
500,16.666666666666668,0.0344805493950843,0.1443963530442208,0.15425726678910975,-0.8609605216222389,0.15653416936736048,-0.04059094425457521,-0.0022769025782507224,-0.12205361997227618,-0.8203695773676637,-3.738764222219902
501,16.7,0.0357016958296299,0.11803410831274425,0.11803410831274425,-1.0866947542909653,0.11977565561847846,-0.4865730565399367,-0.0017415473057342118,-0.08407395978884856,-0.6001216977510286,-8.939161684124416
502,16.733333333333334,0.0486877635121345,0.10121520148038866,0.09958872761415652,-0.553361420957632,0.10220834253183346,0.35691119326144616,-0.0026196149176769407,-0.053520579019698956,-0.9102726142190781,1.1634435961849807
503,16.766666666666666,0.0514945276081562,0.08915620422677045,0.08915620422677045,-0.312975701621582,0.0915480145227297,0.4630341341020543,-0.0023918102959592513,-0.040053486914573506,-0.7760098357236362,2.978636236423952
504,16.8,0.0151372868567705,0.07120403560624197,0.07120403560624197,-0.5385650586158545,0.07419171389596302,0.4769017791939787,-0.0029876782897210463,-0.05905442703919252,-1.015466837809833,2.2954864157383565
505,16.833333333333332,-0.0343163795769214,0.04561165525829465,0.04561165525829465,-0.7677714104384197,0.04806351430995113,0.04130693979908728,-0.0024518590516564784,-0.08237989388687253,-0.809078350237507,-2.783789713969885
506,16.866666666666667,0.0184631794691085,0.03902720316854632,0.0377970526881251,-0.23443807710508635,0.039462916543016584,0.2803651959563609,-0.0016658638548914806,-0.020999737073908085,-0.5148032730614472,1.5436462923251897
507,16.9,0.1134641841053962,0.05708076678258266,0.04776022789573334,0.298895256228247,0.04684675524772011,-0.12135280113210528,0.0009134726480132249,0.06661742885767609,0.42024805736035226,-0.22470114486868048
508,16.933333333333334,0.2029566913843155,0.09246076542583773,0.07550118088111935,0.8322285895615803,0.07314870118523295,-0.032679045835747655,0.0023524796958863947,0.12980799019908254,0.864907635397328,2.884395717288295
509,16.966666666666665,0.1786383539438247,0.11336183579210676,0.11336183579210676,1.1358196473296225,0.11173393544380804,0.5772843188032183,0.0016279003482987248,0.06690441850001667,0.5585353285264042,9.9969050443296
510,17.0,0.2060138136148452,0.13583317133711173,0.13583317133711173,0.674140066350149,0.13313688075847802,-0.27595355223593665,0.0026962905786337144,0.07287693285636718,0.9500936185860857,0.04768076666685339
511,17.03333333333333,0.1038220301270484,0.12806935331386243,0.14052672910433892,0.14080673301681568,0.13905779134419902,-0.28654567901047634,0.001468937760139899,-0.03523576121715062,0.427352412027292,-1.9252081317096217
512,17.066666666666666,0.1042435616254806,0.12229076798588012,0.12744250909378832,-0.39252660031651765,0.1288540892703422,0.20582228256991875,-0.0014115801765538782,-0.0246105276448616,-0.5983488828864364,0.662083033328899
513,17.1,0.0059563512913882,0.09407561516986772,0.09658051130545996,-0.925859933649851,0.09870827886645045,-0.15819952363561374,-0.002127767560990493,-0.09275192757506225,-0.7676604100142372,-5.110145138322671
514,17.133333333333333,0.0100297210738062,0.07369155503651728,0.07369155503651728,-0.6866686880682803,0.07634786314571293,0.22840749981398167,-0.0026563081091956486,-0.06631814207190673,-0.915076187882262,-0.6020939673929553
515,17.166666666666668,0.0415757931768894,0.06590236285745883,0.06590236285745883,-0.2336757653717535,0.06778187871952039,0.3500029438774417,-0.0018795158620615593,-0.026206085542630993,-0.5836787092491952,2.1899982229378603
516,17.2,0.0870401039719581,0.07102900218464207,0.07102900218464207,0.15379917981549723,0.07094637929179919,0.034848173987284375,8.262289284288737e-05,0.01609372468015892,0.11895100582821286,0.7046404412608986
517,17.233333333333334,0.0110843665897846,0.05649033768735268,0.05837786373404753,-0.3795341535178361,0.060290598055344855,0.34119006020607356,-0.0019127343212973213,-0.04920623146556025,-0.7207242137239096,1.8556105669546707
518,17.266666666666666,0.0079028503969311,0.04470617769585626,0.04470617769585626,-0.41015058114573816,0.04743657810358493,0.5246226141415196,-0.002730400407728671,-0.03953372770665383,-0.9347731952872578,3.2808657217817716
519,17.3,-0.1354156583547592,0.0010203513164175892,0.013256713879887215,-0.9434839144790714,0.015314148815334064,-0.2563544373524274,-0.002057434935446849,-0.15072980717009327,-0.6871294771266441,-6.25468558087694
520,17.333333333333332,0.0195534881204366,0.005515283271581795,-0.0004149721583040552,-0.4101505811457381,0.0017692504878117086,0.32008464829580396,-0.0021842226461157637,0.01778423763262489,-0.7302352294415421,1.3110530064258634
521,17.366666666666667,-0.0070544863119721,0.0024666758195548352,0.0024666758195548352,0.08644943933576671,0.002748234849373935,0.09082002393828906,-0.0002815590298190997,-0.009802721161346034,-0.004370584602522348,0.9560668359882389
522,17.4,-0.0144913643598556,-0.0016462402779975583,-0.0016462402779975583,-0.12338748292657181,-0.0008908201383392169,0.1463424309160717,-0.0007554201396583415,-0.013600544221516382,-0.2697299138426435,0.9087167589712846
523,17.433333333333334,0.0307167842984199,0.00620292173232967,0.00620292173232967,0.23547486030981685,0.005308222951154282,-0.13552649220413182,0.0008946987811753885,0.02540856134726562,0.37100135251394867,-0.49890758477618613
524,17.466666666666665,0.1043868586421012,0.030015950264221457,0.030015950264221457,0.7143908559567537,0.02739458051214445,-0.2420166761889775,0.0026213697520770067,0.07699227812995675,0.9564075321457312,0.44340346315619084
525,17.5,0.0779833570122718,0.04164971910099033,0.04164971910099033,0.3490130651030662,0.03918787134863541,-0.4544932095752199,0.0024618477523549176,0.038795485663636387,0.8035062746782861,-2.76265003773985
526,17.53333333333333,0.0616008378565311,0.046488561126702285,0.046488561126702285,0.1451652607713587,0.04487022714874836,-0.34667034128690477,0.0016183339779539258,0.016730610707782742,0.4918356020582635,-2.508537612878489
527,17.566666666666666,0.1134838536381721,0.06273725579397929,0.06273725579397929,0.48746084001831025,0.059670400050195006,-0.586602782711062,0.0030668557437842844,0.05381345358797709,1.0740636227293723,-3.6166895423406897
528,17.6,0.0360651314258575,0.05626833553497673,0.06120817268347852,-0.04587249331502308,0.060304321012390256,-0.24118505608938356,0.0009038516710882655,-0.024239189586532754,0.1953125627743605,-2.147288938236464
529,17.633333333333333,-0.3777976334095001,-0.04900779851021832,0.04190131179519997,-0.5792058266483564,0.0443933929095209,0.39865146407358076,-0.002492081114320928,-0.422191026319021,-0.9778572907219372,1.748973100622851
530,17.666666666666668,0.1192932203412056,-0.008188932512428491,0.004816673129143655,-1.1125391599816896,0.00649441678674011,-0.5432061216154029,-0.0016777436575964554,0.11279880355446549,-0.5693330383662867,-9.599534465375969
531,17.7,0.0998322516679763,0.018009971523173626,-0.014490187759134888,-0.5792058266483563,-0.011807733409397975,0.3581309687575942,-0.002682454349736914,0.11163998507737427,-0.9373367954059505,1.0856867588147479
532,17.733333333333334,0.1183246299624443,0.042339774327644304,-0.016019270869635654,-0.045872493315022966,-0.014948014468601518,0.23200236294045806,-0.001071256401034136,0.13327264443104583,-0.27787485625548103,1.7590361497392817
533,17.766666666666666,0.0657983720302581,0.04802930230943496,0.00022942379764135865,0.48746084001831036,-0.0017823353118000258,-0.31761337174746607,0.0020117591094413845,0.06758070734205812,0.8050742117657764,-1.3341960755824807
534,17.8,0.1695410758256912,0.07750014469745706,0.03425589624269615,1.0207941733516437,0.032358145012671605,0.3565667883037338,0.0018977512300245442,0.13718293081301958,0.6642273850479099,7.423216876601203
535,17.833333333333332,0.0189834348857402,0.06330780199664034,0.06330780199664034,0.8715571726183257,0.061067446798998795,0.08686539821253081,0.0022403551976415415,-0.0420840119132586,0.7846917744057949,4.278349883359584
536,17.866666666666667,0.0364106148481369,0.05678429616509529,0.07458192997280674,0.33822383928499233,0.07256020964151204,-0.32096097680844315,0.0020217203312947046,-0.03614959479337514,0.6591848160934355,-1.5676926751092037
537,17.9,0.0661557987332344,0.05905721233718641,0.06807828017119538,-0.195109494048341,0.06836853977925147,0.007746245666038765,-0.00029025960805609263,-0.0022127410460170693,-0.20285573971437976,-0.43627181283566263
538,17.933333333333334,-0.1152910813689231,0.016771671308967152,0.04379685259180624,-0.7284428273816743,0.046400041481487464,0.24786932988172072,-0.002603188889681224,-0.16169112285041057,-0.976312157263395,-0.3751582923954553
539,17.966666666666665,-0.3150168657302856,-0.06369861892120635,0.0017376472346393168,-1.2617761607150078,0.0031724932935213784,-0.7947126988838276,-0.0014348460588820616,-0.31818935902380696,-0.4670634618311802,-12.615926196019652
540,18.0,-0.0737263411283493,-0.06613069123918665,-0.05809933590030538,-1.795109494048341,-0.05069658182710834,-0.4642890144755665,-0.007402754073197043,-0.023029759301240967,-1.3308204795727745,-14.807188399762813
541,18.03333333333333,0.1101668253540992,-0.023372395688300386,-0.10015854125747231,-1.2617761607150078,-0.09680194113349867,-0.6705273520986235,-0.003356600123973638,0.20696876648759788,-0.5912488086163843,-12.874163670567512
542,18.066666666666666,-0.2531198561191559,-0.07909416650502096,-0.12443996883686145,-0.7284428273816744,-0.12190695338006625,0.09211636280622193,-0.0025330154567951985,-0.13121290273908964,-0.8205591901878964,-2.1913238119337284
543,18.1,0.0007181405089795,-0.05973689887103847,-0.13094361863847281,-0.1951094940483411,-0.12941026731554015,0.26578738239099264,-0.001533351322932669,0.13012840782451965,-0.46089687643933375,1.5421231969244291
544,18.133333333333333,-0.3044993281364441,-0.1191003232261702,-0.11966949066230641,0.3382238392849922,-0.12081791680277214,-0.16406371627489846,0.0011484261404657303,-0.18368141133367194,0.5022875555598907,-0.4721794672163725
545,18.166666666666668,0.1035581678152084,-0.06509787469012425,-0.09061758490836222,0.8715571726183255,-0.09287508846692749,0.048803870017259054,0.0022575035585652714,0.19643325628213587,0.8227533026010665,3.834531467395294
546,18.2,0.2525315880775451,0.011938346279572964,-0.043787901376640265,1.4048905059516588,-0.04686731443593438,0.6747384211256168,0.0030794130592941144,0.2993989025134795,0.730152084826042,12.86540695442645
547,18.233333333333334,0.0705113634467125,0.026144345477607432,0.02081955993285947,1.938223839284992,0.012404260489453112,1.112588991046499,0.00841529944340636,0.058107102957259384,0.825634848238493,23.753728076441686
548,18.266666666666666,0.0574512779712677,0.033737368330242164,0.06764924346458143,1.4048905059516588,0.06210423845659563,0.5154098177725696,0.005545005007985798,-0.004652960485327928,0.8894806881790892,13.196723146056492
549,18.3,-0.7632595300674438,-0.15956217209065662,0.0967011492185256,0.8715571726183254,0.09454426169737903,0.27212551353433,0.0021568875211465666,-0.8578037917648229,0.5994316590839954,6.438585029506376
550,18.333333333333332,-0.4405812919139862,-0.22771910823500535,0.10797527719469201,0.3382238392849921,0.10614675359985938,-0.25433103110788324,0.0018285235948326262,-0.5467280455138456,0.5925548703928754,-0.9399788138274467
551,18.366666666666667,-0.2553727328777313,-0.23442607653708739,0.10147162739308063,-0.19510949404834121,0.10186171312645714,0.03579924283758226,-0.00039008573337651065,-0.35723444600418847,-0.23090873688592348,-0.1888923438480425
552,18.4,-0.7363579273223877,-0.3561620535207732,0.07719019981369148,-0.7284428273816745,0.07979110417500115,0.24279872042735773,-0.0026009043613096777,-0.8161490314973888,-0.9712415478090323,-0.43428439591036005
553,18.433333333333334,-0.181734561920166,-0.3138573042413807,0.03513099445652455,-1.2617761607150078,0.03656492578635993,-0.7947718094359744,-0.0014339313298353737,-0.2182994877065259,-0.4670043512790334,-12.615803278460536
554,18.466666666666665,-0.0992219373583793,-0.26180074309294193,-0.024705988678420145,-1.795109494048341,-0.0173034036312426,-0.46419953011230297,-0.007402585047177546,-0.0819185337271367,-1.330909963936038,-14.80595351554978
555,18.5,-0.419289082288742,-0.2999971572187703,-0.09137265534508682,-2.0,-0.08185261245593445,-1.7459050589630216,-0.00952004288915237,-0.33743646983280756,-0.2540949410369784,-32.4934898136897
556,18.53333333333333,-0.498261034488678,-0.34808306123594696,-0.15803932201175347,-2.0,-0.14812800973875792,-1.9530476739388185,-0.009911312272995548,-0.35013302474992003,-0.04695232606118149,-35.352057900355696
557,18.566666666666666,-0.4200139939785003,-0.36552882077294857,-0.22470598867842012,-2.0,-0.21472237662797528,-1.9913240267060857,-0.009983612050444846,-0.20529161735052504,-0.00867597329391434,-35.88027156854398
558,18.6,0.0236452165991067,-0.27114054558768297,-0.273594877567309,-1.4666666666666668,-0.2666522835739317,-0.41918234065724724,-0.006942593993377266,0.2902975001730384,-1.0474843260094195,-13.39682357107162
559,18.633333333333333,-0.6225160360336304,-0.35636135504744376,-0.34026154423397564,-2.0,-0.3308264996917212,-1.7009059341347321,-0.009435044542254467,-0.2916895363419092,-0.2990940658652679,-31.872501891059304
560,18.666666666666668,-0.5876190066337585,-0.4124493998821497,-0.4069282109006423,-2.0,-0.39703260484392133,-1.9447326182640237,-0.009895606056720962,-0.1905864017898372,-0.05526738173597634,-35.237310132043525
561,18.7,-0.4004869163036346,-0.40954808046338115,-0.45581709978953117,-1.4666666666666668,-0.44890974354576757,-0.4214594333587527,-0.006907356243763596,0.04842282724213298,-1.045207233307914,-13.392088465974537
562,18.733333333333334,-0.6353737115859985,-0.46431867091237916,-0.48692821090064226,-0.9333333333333335,-0.48494324064458455,-0.45057018957680983,-0.0019849702560577054,-0.15043047094141399,-0.4827631437565236,-8.519348393817978
563,18.766666666666666,-0.0253036022186279,-0.35784220759494323,-0.5002615442339756,-0.40000000000000013,-0.4983277342315854,0.24175482456304742,-0.001933810002390235,0.4730241320129575,-0.6417548245630476,0.6081686943534621
564,18.8,0.1037380695343017,-0.24589289434690917,-0.4958170997895312,0.1333333333333332,-0.4958912762642354,0.016354024374359073,7.417647470420174e-05,0.5996293457985371,0.11697930895897413,0.44591602193446583
565,18.833333333333332,0.2361074388027191,-0.12899100543384467,-0.473594877567309,0.6666666666666665,-0.47634375129050877,-0.3680899903296968,0.002748873723199763,0.7124511900932279,1.0347566569963633,-1.0266809299411344
566,18.866666666666667,-0.3491353690624237,-0.18238369040063362,-0.433594877567309,1.1999999999999997,-0.43506748937282763,0.7109153337546701,0.0014726118055186088,0.08593212031040393,0.48908466624532965,11.55511639819797
567,18.9,-0.4387988150119781,-0.2445732997253219,-0.37581709978953126,1.733333333333333,-0.3826741226986439,0.3991827977051743,0.006857022909112664,-0.05612469231333417,1.3341505356281587,13.43841166175825
568,18.933333333333334,-0.9438020586967468,-0.41416065700360494,-0.3358170997895313,1.1999999999999997,-0.3381855542776139,0.7402962592698366,0.002368454488082594,-0.605616504419133,0.4597037407301632,12.729082573189595
569,18.966666666666665,-0.3059866726398468,-0.3879246935951523,-0.3135948775673091,0.6666666666666664,-0.3162912465659494,-0.2515534849987384,0.0026963689986403416,0.010304573926102623,0.9182201516654048,0.33219901131212015
570,19.0,0.1138067543506622,-0.26623732128841004,-0.2735948775673091,1.1999999999999997,-0.2750686909473906,0.7082483870821942,0.0014738133800815123,0.38887544529805285,0.49175161291780556,11.52401832873617
571,19.03333333333333,-0.3449308276176452,-0.2853232407419636,-0.2513726553450869,0.6666666666666664,-0.2540894982726414,-0.2969962550745129,0.0027168429275544748,-0.09084132934500383,0.9636629217411793,-0.19768875695053634
572,19.066666666666666,-0.3072325885295868,-0.29063702159454097,-0.24692821090064246,0.13333333333333308,-0.24838384352800788,-0.28787117786639493,0.0014556326273654219,-0.05884874500157891,0.421204511199728,-1.963503333248016
573,19.1,-0.138312429189682,-0.2536929961336441,-0.2536929961336441,-0.20294355699004923,-0.2532266324067377,0.04029418603735585,-0.0004663637269063936,0.1149142032170557,-0.24323774302740508,-0.2149981266741482
574,19.133333333333333,-0.1192259714007377,-0.2210800535552067,-0.24268000358886796,0.3303897763432841,-0.24420398329376278,-0.26252119977868127,0.0015239797048948178,0.12497801189302508,0.5929109761219653,-1.3279794766769424
575,19.166666666666668,-0.1853084415197372,-0.21240419022315057,-0.21388923326631404,0.8637231096766174,-0.21615598998110863,0.054026151007512846,0.0022667567147945933,0.030847548461371443,0.8096969586691045,3.8954261446905316
576,19.2,0.0800821632146835,-0.141466050046466,-0.16732068516598236,1.3970564430099506,-0.17030620308311933,0.681555993958687,0.0029855179171369706,0.2503883662978028,0.7155004490512635,12.851230138589996
577,19.233333333333334,0.1963096261024475,-0.05954366980106142,-0.10297435928787291,1.9303897763432838,-0.11133351668440603,1.0767223678455982,0.008359157396533118,0.30764314278685356,0.8536674084976856,23.258768676269256
578,19.266666666666666,0.0096703441813588,-0.04275685780670456,-0.04275685780670456,1.8065250444350505,-0.051495630468363106,1.1805463459251517,0.008738772661658546,0.061165974649721906,0.6259786985098987,24.691539573767095
579,19.3,0.2070246040821075,0.017823856981316492,0.017823856981316492,1.8174214436406315,0.008960982420736363,1.254793546691936,0.008862874560580129,0.19806362166137112,0.5626278969486955,25.716150944348716
580,19.333333333333332,0.350401759147644,0.09848559578123298,0.08449052364798315,2.0,0.07470064465309334,1.8887594678828385,0.009789878994889811,0.27570111449455065,0.11124053211716145,34.46488065678317
581,19.366666666666667,0.0215916689485311,0.07983613710981056,0.13337941253687205,1.4666666666666668,0.12651438958854155,0.4241950461353383,0.006865022948330496,-0.10492272064001046,1.0424716205313285,13.386399890365155
582,19.4,0.0288805123418569,0.06747762119926257,0.16449052364798317,0.9333333333333335,0.16250458459128164,0.44841989467786936,0.0019859390567015245,-0.13362407224942474,0.4849134386554641,8.494274769054213
583,19.433333333333334,-0.0423448495566844,0.040841842355341065,0.1778238569813165,0.40000000000000013,0.17588780456449082,-0.24252819141595727,0.0019360524168256787,-0.2182326541211752,0.6425281914159574,-0.6154545038843307
584,19.466666666666665,0.0542995259165763,0.04410579990993951,0.17337941253687206,-0.1333333333333332,0.1734524303401176,-0.016679632596145653,-7.30178032455342e-05,-0.11915290442354129,-0.11665370073718753,-0.44878732971349955
585,19.5,-0.4300690591335296,-0.0708981386455548,0.15115719031464983,-0.6666666666666665,0.15390609055413293,0.3681488443664922,-0.0027489002394830986,-0.5839751496876625,-1.0348155110331587,1.0273672004778627
586,19.53333333333333,0.1793211996555328,-0.010211223558104505,0.11115719031464984,-1.1999999999999997,0.11262980151334129,-0.7109166806337213,-0.0014726111986914509,0.06669139814219152,-0.48908331936627847,-11.55513210355074
587,19.566666666666666,0.0176453161984682,-0.0034550412649393446,0.053379412536872076,-1.733333333333333,0.06023643520301012,-0.3991828134063997,-0.006857022666138045,-0.04259111900454192,-1.3341505199269332,-13.438411629108343
588,19.6,0.0167082510888576,0.001435260257183225,0.0014352602571832268,-1.5583245683906655,0.008267876057805875,-0.4175143935369994,-0.006832615800622648,0.008440375031051724,-1.140810174853666,-13.400291987138129
589,19.633333333333333,0.1465653777122497,0.03663437465988095,-0.03273111424472785,-1.0249912350573323,-0.030953250516635483,-0.6088614507890214,-0.0017778637280923652,0.17751862822888517,-0.4161297842683108,-10.365111823277992
590,19.666666666666668,-0.0448866747319698,0.016862677412683873,-0.04911971096886114,-0.4916579017239989,-0.046918656436554955,0.26138757051449246,-0.002201054532306186,0.0020319817045851563,-0.7530454722384914,0.47660549683098086
591,19.7,0.049110323190689,0.024683856040952454,-0.04773052991521666,0.0416754316093344,-0.04727861868092288,0.10985638362995201,-0.0004519112342937781,0.09638894187161187,-0.06818095202061761,0.9694334260926794
592,19.733333333333334,0.175916701555252,0.0613630948099245,-0.0285635710837944,0.5750087649426677,-0.031244688130693855,-0.45206557477097054,0.0026811170468994533,0.20716138968594586,1.0270743397136384,-2.2266291919627155
593,19.766666666666666,-0.1190165057778358,0.017614751541565582,0.008381165525405635,1.108342098276001,0.006698186134646527,0.5453860149824857,0.0016829793907591085,-0.12571469191248233,0.5629560832935153,9.624953224606712
594,19.8,0.1150548383593559,0.0412473704869068,0.0412473704869068,0.985986148845035,0.03926279473134775,0.27831217144661397,0.001984575755559048,0.07579204362800815,0.7076739773984211,6.510724873725344
595,19.833333333333332,0.0966315269470214,0.054679959762803015,0.05633579767063018,0.45265281551170167,0.053974005823823286,-0.3476901471645977,0.0023617918468068974,0.042657521123198115,0.8003429626762993,-1.4243490473510887
596,19.866666666666667,-0.243627056479454,-0.01766989411979683,0.053646447076575794,-0.08068051782163166,0.05327659565031374,-0.10991965594359934,0.00036985142626205086,-0.29690365212976777,0.029239138121967684,-1.0980879048668193
597,19.9,-0.27454873919487,-0.07997197182761526,0.033179318704743624,-0.614013851154965,0.036058308796743654,0.48375526526913326,-0.0028789900920000305,-0.31060704799161365,-1.0977691164240984,2.375401844202054
598,19.933333333333334,-0.381688117980957,-0.1531486585954781,-0.005065587444866321,-1.1473471844882983,-0.0034759986052600614,-0.6244133800710845,-0.0015895888396062594,-0.37821211937569693,-0.5229338044172138,-10.546455898159657
599,19.966666666666665,-0.2687205076217651,-0.1811788621599938,-0.06108827137225404,-1.6806805178216315,-0.05484038205505677,-0.44358621172305956,-0.006247889317197268,-0.21388012556670832,-1.237094306098572,-13.346076891238909
600,20.0,-0.1771505773067474,-0.18020186261033125,-0.1277549380389207,-2.0,-0.11844826283900382,-1.6329456940736475,-0.009306675199916889,-0.058702314467743585,-0.36705430592635246,-30.934650578216335
601,20.03333333333333,-0.3258406817913055,-0.21552435492080624,-0.1944216047055874,-2.0,-0.18454971907082013,-1.9321747478179576,-0.009871885634767263,-0.14129096272048536,-0.06782525218204238,-35.06401151988781
602,20.066666666666666,-0.3695253133773803,-0.25287495760681555,-0.25287495760681555,-1.753600587036845,-0.24411872462496717,-1.148280666497647,-0.008756232981848383,-0.12540658875241315,-0.6053199205391979,-24.246273197667527
603,20.1,-0.0842529907822609,-0.21197825053357122,-0.29355053273026593,-1.2202672537035117,-0.2901691331444063,-0.6728986274370128,-0.0033813995858596457,0.2059161423621454,-0.547368626266499,-12.869232717192615
604,20.133333333333333,-0.3904117047786712,-0.2552545854485923,-0.31644833007593853,-0.6869339203701784,-0.31382131568757277,0.16426096048813354,-0.002627014388365767,-0.07659038909109844,-0.851194880858312,-1.350078003323642
605,20.166666666666668,-0.3198688924312591,-0.2709258080963524,-0.32156834964383335,-0.1536005870368451,-0.3201555454670888,0.25706164001873055,-0.0014128041767445532,0.00028665303582969814,-0.41066222705557565,1.6032611519597948
606,20.2,-0.3708524405956268,-0.29516150107928746,-0.3089105914339504,0.37973274629648823,-0.3102970180796665,-0.20633832498527083,0.0013864266457160879,-0.0605554225159603,0.5860710712817591,-0.7086499153301327
607,20.233333333333334,-0.4311191737651825,-0.3281359777676083,-0.3140306110018452,-0.1536005870368451,-0.31371950906107954,0.027382946744222036,-0.0003111019407656679,-0.11739966470410296,-0.18098353378106713,-0.162028930878382
608,20.266666666666666,-0.4246271252632141,-0.3515384458362844,-0.3369284083475178,-0.6869339203701784,-0.3342311299670678,0.32021492761797465,-0.00269727838045003,-0.09039599529614634,-1.007148847988153,0.4684312877329392
609,20.3,-0.4724736213684082,-0.38086944310625837,-0.3776039834709682,-1.2202672537035117,-0.37617636418783146,-0.7441351512964278,-0.0014276192831367274,-0.09629725718057675,-0.4761321024070839,-11.942477796940686
610,20.333333333333332,-0.5604828596115112,-0.42443196001654204,-0.42443196001654204,-1.4048392963672158,-0.42168547202403367,-0.6962572184968887,-0.002746487992508373,-0.13879738758747756,-0.7085820778703271,-12.820659647016026
611,20.366666666666667,-0.4524019658565521,-0.43121566179168497,-0.4534821587843381,-0.8715059630338825,-0.4512611103244602,-0.12988592506473629,-0.0022210484598779168,-0.0011408555320919223,-0.7416200379691462,-4.779992959369004
612,20.4,-0.4337167739868164,-0.43182226871679597,-0.4647545797743564,-0.3381726297005492,-0.46277796452437403,0.30544560227579065,-0.001976615249982383,0.029061190537557624,-0.6436182319763398,1.4217007699126185
613,20.433333333333334,-0.3731111586093902,-0.41758277716522474,-0.4582492229865969,0.19516070363278415,-0.45856300548763534,-0.014326257063989128,0.00031378250103841765,0.08545184687824514,0.20948696069677328,0.3784155403489645
614,20.466666666666665,0.134623035788536,-0.2836536112220356,-0.43396608842105966,0.7284940369661175,-0.4365686223208118,-0.24658393940548018,0.002602533899752124,0.5711916581093478,0.9750779763715977,0.3901466544531659
615,20.5,-0.643505334854126,-0.3709302028092749,-0.3919051760777446,1.261827370299451,-0.3933403978685474,0.7946835162471118,0.0014352217908027987,-0.25016493698557857,0.46714385405233916,12.6159868799135
616,20.53333333333333,-0.2252916395664215,-0.3356077725727192,-0.3356077725727192,1.688922105150763,-0.3418965302964929,0.440156256496566,0.006288757723773741,0.11660489073007141,1.248765848654197,13.353209318682502
617,20.566666666666666,-0.5032649040222168,-0.376270473422156,-0.2970881468454715,1.1555887718174298,-0.29867577282670743,0.7950057367718193,0.0015876259812359073,-0.20458913119550937,0.3605830350456105,12.61531683778138
618,20.6,-0.1449913382530212,-0.32017721806944927,-0.27634629889600165,0.6222554384840965,-0.27898541264501153,-0.30571247682417746,0.0026391137490098804,0.13399407439199032,0.9279679153082739,-0.4341706855060131
619,20.633333333333333,-0.2423494160175323,-0.30130126209164126,-0.27338222872430956,0.08892210515076315,-0.27461006184224124,-0.2502136475143719,0.001227833117931676,0.032260645824708944,0.33913575266513507,-1.7773761378244752
620,20.666666666666668,-0.2860625386238098,-0.2976053402519766,-0.28819593633039525,-0.4444112281825702,-0.2864456658089598,0.26978727167336825,-0.0017502705214354486,0.00038312718514998956,-0.7141984998559384,1.0542724373353376
621,20.7,-0.1624979823827743,-0.26483709455854454,-0.28523186615870316,0.08892210515076315,-0.28509157999195006,0.06026628987506588,-0.0001402861667531008,0.12259359760917576,0.02865581527569727,0.7197507927298251
622,20.733333333333334,-0.5334152579307556,-0.3299766649274023,-0.30004557376478885,-0.4444112281825702,-0.29774313989209245,0.412232168337489,-0.0023024338726964078,-0.23567211803866317,-0.8566433965200592,2.268987649215945
623,20.766666666666666,-0.2150376886129379,-0.30209995506478954,-0.30209995506478954,-0.06163143900002055,-0.30096880409079113,0.2550750017136849,-0.0011311509739984071,0.08593111547785323,-0.31670644071370546,1.9614570593706733
624,20.8,-0.3705255687236786,-0.318695552487907,-0.318695552487907,-0.4978679226935234,-0.3157551778615706,0.5515651167373059,-0.002940374626336395,-0.054770390862108,-1.0494330394308293,3.295263597715217
625,20.833333333333332,-0.4503600597381592,-0.3506287868485236,-0.3506287868485236,-0.9579970308184987,-0.3486092212771664,-0.29268492175272987,-0.0020195655713571847,-0.10175083846099275,-0.6653121090657689,-6.678319071235868
626,20.866666666666667,-0.7737194895744324,-0.45324303611058914,-0.400339798986918,-1.491330364151832,-0.3962787518143502,-0.603029125587537,-0.004061047172567833,-0.3774407377600822,-0.8883012385642951,-13.014522996380979
627,20.9,-0.4441073536872864,-0.4510273145470473,-0.4510273145470473,-1.5206254668038788,-0.44578388369407174,-0.5238179543529007,-0.005243430852975572,0.0016765300067853595,-0.9968075124509781,-13.179238829167515
628,20.933333333333334,-0.8652524948120117,-0.5514913654573539,-0.517693981213714,-2.0,-0.5085729124691424,-1.534683453008485,-0.009121068744571637,-0.35667958234286934,-0.46531654699151503,-29.578631651517092
629,20.966666666666665,-0.4667073786258697,-0.5309282920971866,-0.5665828701026029,-1.4666666666666668,-0.5599856399163623,-0.4415000372529736,-0.006597230186240588,0.0932782612904926,-1.0251666294136932,-13.350414991027305
630,21.0,-0.4371351897716522,-0.508180194067413,-0.597693981213714,-0.9333333333333335,-0.5957019136995497,-0.43481751847720584,-0.001992067514164253,0.1585667239278975,-0.4985158148561276,-8.335663558601594
631,21.03333333333333,-0.3158909976482391,-0.46154335850323813,-0.6110273145470473,-0.40000000000000013,-0.6090770770225122,0.24742037010252427,-0.0019502375245350478,0.29318607937427316,-0.6474203701025244,0.6615432158161336
632,21.066666666666666,-0.4383319914340973,-0.4559137925713932,-0.6065828701026028,0.1333333333333332,-0.6066485583599884,0.018739371252896556,6.568825738562101e-05,0.16831656692589114,0.11459396208043664,0.46695070284773593
633,21.1,-0.1092269420623779,-0.3718301417967291,-0.5843606478803806,0.6666666666666665,-0.5871097158570708,-0.36852114434722494,0.002749067976690278,0.4778827737946929,1.0351878110138915,-1.0317084236380318
634,21.133333333333333,-0.3239684998989105,-0.3602220246243313,-0.5443606478803805,1.1999999999999997,-0.5458332552403934,0.7109252007467233,0.0014726073600128675,0.22186475534148287,0.48907479925327646,11.555231452768583
635,21.166666666666668,-0.2903595864772796,-0.3432779471584612,-0.48658287010260276,1.733333333333333,-0.4934398912317273,0.3991829127294906,0.006857021129124563,0.20308030475444772,1.3341504206038424,13.43841142257076
636,21.2,-0.2086630314588546,-0.31062913586340396,-0.4199162034359361,2.0,-0.42933543560110043,1.6925346756752284,0.009419232165164326,0.22067240414224584,0.3074653243247716,31.756978524318153
637,21.233333333333334,-0.1141828894615173,-0.2629840707154245,-0.35324953676926946,2.0,-0.36314222097370197,1.943185755287814,0.009892684204432511,0.24895933151218466,0.05681424471218599,35.21596342297183
638,21.266666666666666,-0.5266621708869934,-0.3269352048850678,-0.3043606478803806,1.4666666666666668,-0.31126683420951684,0.42153503421545757,0.006906186329136255,-0.21539533667747657,1.0451316324512092,13.391931257617681
639,21.3,-0.326870709657669,-0.3269195625433716,-0.2732495367692695,0.9333333333333335,-0.2752345337989113,0.4505107644498574,0.0019849970296417774,-0.05163617585875774,0.4828225688834761,8.51865546405496
640,21.333333333333332,-0.466318815946579,-0.3607287425690773,-0.25991620343593613,0.40000000000000013,-0.26185007540925076,-0.24177619717730325,0.001933871973314627,-0.20446874053732822,0.6417761971773034,-0.6083700435527956
641,21.366666666666667,-0.4406071305274963,-0.38010203713642976,-0.26436064788038055,-0.1333333333333332,-0.2642865034264929,-0.016363022819144403,-7.41444538876479e-05,-0.17632062710100338,-0.1169703105141888,-0.44599537283159396
642,21.4,-0.2262694090604782,-0.34279226043767164,-0.28658287010260275,-0.6666666666666665,-0.28383399564660416,0.3680916168082864,-0.0027488744559985845,0.057564586586125954,-1.034758283474953,1.026699895578749
643,21.433333333333334,-0.7587295770645142,-0.4436715641206732,-0.32658287010260273,-1.1999999999999997,-0.32511025831385426,-0.7109153709767552,-0.001472611788748468,-0.4336193187506599,-0.48908462902324457,-11.555116832228034
644,21.466666666666665,-0.7061567902565002,-0.5073333847392193,-0.3843606478803805,-1.733333333333333,-0.3775036249779826,-0.39918279813909274,-0.006857022902397869,-0.3286531652785176,-1.3341505351942402,-13.438411660855985
645,21.5,-0.0902076214551925,-0.4061658412988105,-0.42436064788038047,-1.1999999999999997,-0.4219921933949865,-0.7402962594435765,-0.002368454485393967,0.331784571939794,-0.45970374055642327,-12.7290825728283
646,21.53333333333333,-0.3087059259414673,-0.38252841324117476,-0.44658287010260267,-0.6666666666666664,-0.44388650110390077,0.2515534851353074,-0.0026963689987019035,0.13518057516243348,-0.9182201518019738,-0.33219900971966654
647,21.566666666666666,0.0550595037639141,-0.27639808397530663,-0.4510273145470471,-0.13333333333333308,-0.4496190714769687,0.2715274047435471,-0.0014082430700783632,0.5046785752408828,-0.40486073807688017,1.8095303286629387
648,21.6,0.1672676801681518,-0.16879366483411118,-0.4376939812137137,0.40000000000000024,-0.43916855870104077,-0.21909520068773913,0.0014745774873270445,0.6064362388691926,0.6190952006877394,-0.7545840997311413
649,21.633333333333333,0.1565288007259369,-0.08989162241992261,-0.40658287010260263,0.9333333333333336,-0.40869216990832075,0.1746153807787627,0.0021092998057181123,0.5652209706342577,0.7587179525545709,5.301563088663235
650,21.666666666666668,0.1083639040589332,-0.0418077437607815,-0.35769398121371376,1.4666666666666668,-0.3614836871875519,0.6229245880101757,0.0037897059738381533,0.4698475912464851,0.8437420786564911,12.97315133616518
651,21.7,-0.0145128145813941,-0.03518777161684489,-0.2910273145470471,2.0,-0.2998797602161259,1.3924712365711236,0.008852445669078779,0.2853669456347318,0.6075287634288764,27.616103064681504
652,21.733333333333334,0.0957043841481208,-0.0034418594245446688,-0.22436064788038046,2.0,-0.23414859979749283,1.8877392502359673,0.009787951917112375,0.32985298394561363,0.11226074976403266,34.45080165325635
653,21.766666666666666,-0.2744005620479584,-0.06915879357503886,-0.1576939812137138,2.0,-0.16765479841578892,1.979256165804471,0.009960817202075117,-0.10674576363216945,0.020743834195529054,35.7137350881017
654,21.8,0.1067451834678649,-0.026495945088475234,-0.09102731454704714,2.0,-0.10102007424743059,1.9961669002030018,0.00999275970038345,0.20776525771529547,0.003833099796998196,35.947103222801424
655,21.833333333333332,0.0421427749097347,-0.009848661946712817,-0.024360647880380476,2.0,-0.034359309998929596,1.999291709820121,0.00999866211854912,0.0765020849086643,0.0007082901798789454,35.99022559551767
656,21.866666666666667,-0.2104151993989944,-0.058493041355566947,0.024528241008508415,1.4666666666666668,0.01757962094225716,0.4187929308138132,0.006948620066251257,-0.22799482034125154,1.0478737358528536,13.39763333017073
657,21.9,-0.6165246367454529,-0.1938351626938889,0.055639352119619526,0.9333333333333335,0.05365532618923696,0.4526661612250872,0.001984025930382563,-0.6701799629346898,0.4806671721082463,8.543788579510789
658,21.933333333333334,-0.4845790565013885,-0.26435069564785685,0.06897268545295286,0.40000000000000013,0.0670410612145165,-0.24100099540304287,0.0019316242384363608,-0.551620117715905,0.641000995403043,-0.6010669474167126
659,21.966666666666665,-0.1247241497039794,-0.23048638925498346,0.06452824100850842,-0.1333333333333332,0.06460354688296535,-0.016036642046172972,-7.530587445693515e-05,-0.18932769658694476,-0.11729669128716022,-0.44311725247206935
660,22.0,0.0367221198976039,-0.16567900779642267,0.042306018786286204,-0.6666666666666665,0.045054866663087875,0.36803262313202745,-0.0027488478768016716,-0.008332746765483977,-1.034699289798694,1.0260119967688386
661,22.03333333333333,-0.7270411849021912,-0.3018289113435696,0.0023060187862862097,-1.1999999999999997,0.0037786311833015607,-0.7109140209020475,-0.001472612397015351,-0.7308198160854927,-0.48908597909795226,-11.555101089612144
662,22.066666666666666,-0.3422908186912536,-0.311642334846954,-0.05547175899149155,-1.733333333333333,-0.04861473584554258,-0.39918278240061755,-0.006857023145948972,-0.293676082845711,-1.3341505509327154,-13.43841169358337
663,22.1,-0.1337357312440872,-0.2684937795848009,-0.12213842565815822,-2.0,-0.11271919312031982,-1.6925348729732694,-0.009419232537838398,-0.021016538123767373,-0.30746512702673057,-31.756981247031117
664,22.133333333333333,-0.107495367527008,-0.2294460503880718,-0.1888050923248249,-2.0,-0.17891240805152867,-1.943185791745062,-0.009892684273296232,0.07141704052452066,-0.0568142082549381,-35.215963926081855
665,22.166666666666668,0.019263170659542,-0.16912539139479832,-0.2376939812137138,-1.4666666666666668,-0.23078779485700435,-0.4215350324336591,-0.006906186356709448,0.2500509655165464,-1.0451316342330077,-13.391931261322885
666,22.2,0.1747098416090011,-0.0857333573056227,-0.2688050923248249,-0.9333333333333335,-0.26682009529581413,-0.4505107658504262,-0.001984997029010782,0.44152993690481523,-0.48282256748290725,-8.518655480386366
667,22.233333333333334,0.0789954885840416,-0.04578086781845707,-0.2821384256581583,-0.40000000000000013,-0.28020455368630426,0.24177619667358385,-0.0019338719718540176,0.35920004227034585,-0.641776196673584,0.6083700388073203
668,22.266666666666666,0.0922650471329689,-0.012299919560389679,-0.27769398121371386,0.1333333333333332,-0.2777681256683562,0.01636302260706341,7.4144454642322e-05,0.3700331728013251,0.11697031072626979,0.445995370961421
669,22.3,0.1157019734382629,0.018745003122983765,-0.25547175899149166,0.6666666666666665,-0.258220633447473,-0.36809161676994995,0.0027488744559813205,0.37392260688573586,1.0347582834366165,-1.0266998951317208
670,22.333333333333332,0.1649117171764373,0.05419552834857543,-0.21547175899149168,1.1999999999999997,-0.2169443707802405,0.7109153709758799,0.0014726117887488288,0.3818560879566778,0.48908462902411987,11.555116832217816
671,22.366666666666667,0.1174942702054977,0.06954768057747764,-0.15769398121371392,1.733333333333333,-0.16455100411611195,0.39918279813908275,0.006857022902398036,0.28204527432160964,1.3341505351942502,13.43841166085599
672,22.4,0.1386736929416656,0.08631314911065567,-0.09102731454704725,2.0,-0.10044654703988168,1.6925348491476349,0.009419232492834426,0.23912023998154727,0.30746515085236514,31.75698091823736
673,22.433333333333334,0.1358945518732071,0.09833836826356937,-0.024360647880380587,2.0,-0.03425333214536087,1.943185787342499,0.00989268426498028,0.17014788401856795,0.056814212657501084,35.215963865326486
674,22.466666666666665,0.0251362640410661,0.08058430531489266,0.04230601878628608,2.0,0.032325848867757113,1.9895017215741577,0.009980169918528965,-0.007189584826691013,0.010498278425842278,35.855123757723376
675,22.5,0.1965808570384979,0.1087175140935719,0.1087175140935719,1.9923448592185746,0.09875908423809956,1.9719882444410954,0.009958429855472337,0.09782177280039833,0.020356614777479187,35.61343777328712
676,22.53333333333333,0.1209082752466201,0.11167419878456969,0.15735123162307996,1.4590115258852414,0.15051409165592863,0.4267297291616605,0.006837139967151323,-0.02960581640930854,1.032281796723581,13.38112913853779
677,22.566666666666666,0.0729964971542358,0.10229350738575621,0.18820717137481022,0.9256781925519081,0.1862031541104951,0.4334662586900763,0.002004017264315122,-0.1132066569562593,0.49221193386183176,8.319907124041125
678,22.6,-0.0909251198172569,0.05543125244575902,0.2012853333487627,0.39234485921857476,0.19936979319653939,-0.24151190875938455,0.0019155401522233106,-0.2902949130137963,0.6338567679779593,-0.6323156274351246
679,22.633333333333333,0.0048264944925904,0.043157833973084675,0.19658571754493742,-0.14098847411475857,0.19670173944962846,-0.009132920605355595,-0.00011602190469103824,-0.19187524495703806,-0.13185555350940298,-0.4073784660440299
680,22.666666666666668,-0.352194219827652,-0.052728825633472615,0.17410832396333437,-0.6743218074480919,0.17683879994723148,0.35242713994834896,-0.0027304759838971127,-0.5290330197748835,-1.0267489473964408,0.8440434538505379
681,22.7,-0.2206464260816574,-0.0934546992980626,0.13385315260395353,-1.207655140781425,0.13530874533962087,-0.723518167704656,-0.0014555927356673382,-0.3559551714212783,-0.48413697307676906,-11.70207239459538
682,22.733333333333334,-0.5741497874259949,-0.21004002077737954,0.07582020346679491,-1.7409884741147583,0.0827657829439001,-0.39272733701224793,-0.006945579477105196,-0.656915570369895,-1.3482611371025104,-13.45183548276084
683,22.766666666666666,-0.8867567181587219,-0.3741674180883923,0.009153536800128245,-2.0,0.018589133007854204,-1.7011979923255094,-0.009435596207725959,-0.9053458511665762,-0.2988020076744906,-31.87653229409203
684,22.8,-0.6455828547477722,-0.4399951261696563,-0.05751312986653842,-2.0,-0.04761742187163254,-1.9447865855384094,-0.009895707994905883,-0.5979654328761397,-0.05521341446159056,-35.23805488043005
685,22.833333333333332,-0.6367049217224121,-0.4877041111771029,-0.12417979653320509,-2.0,-0.11419906788197247,-1.9897975212407937,-0.009980728651232618,-0.5225058538404397,-0.010202478759206324,-35.85920579312295
686,22.866666666666667,-0.3594226241111755,-0.45659137718252196,-0.19084646319987175,-2.0,-0.18085002420997007,-1.9981147593597122,-0.009996438989901685,-0.17857259990120541,-0.001885240640287833,-35.97398367916403
687,22.9,-0.4912071824073791,-0.4649869170581683,-0.2575131298665384,-2.0,-0.24751378787927397,-1.999651640316469,-0.009999341987264432,-0.24369339452810512,-0.00034835968353097435,-35.99519263636727
688,22.933333333333334,0.0389170907437801,-0.3427726232256687,-0.32417979653320506,-2.0,-0.3141799181225149,-1.9999356291889114,-0.009999878410690166,0.35309700886629497,-6.437081108856546e-05,-35.999111682806976
689,22.966666666666665,0.0940594971179962,-0.23682560100603703,-0.3730686854220939,-1.4666666666666668,-0.3661195783504001,-0.4187614601168739,-0.0069491070716938275,0.4601790754683963,-1.047905206549793,-13.397698771976135
690,23.0,0.0929159671068191,-0.1568517721216025,-0.404179796533205,-0.9333333333333335,-0.40219578174797854,-0.452690898380753,-0.0019840147852264733,0.49511174885479764,-0.48064243495258047,-8.54407702839247
691,23.03333333333333,0.1749336123466491,-0.076382246499832,-0.4175131298665384,-0.40000000000000013,-0.4155815314250078,0.24099209853209136,-0.0019315984415305687,0.5905151437716569,-0.6409920985320915,0.600983130911099
692,23.066666666666666,0.1991646587848663,-0.009552513205994456,-0.41306868542209396,0.1333333333333332,-0.41314400462599526,0.01603289622448518,7.531920390130287e-05,0.6123086634108615,0.11730043710884802,0.4430842207295134
693,23.1,0.255415678024292,0.05471151303293112,-0.39084646319987176,0.6666666666666665,-0.39359531077162807,-0.36803194607072376,0.0027488475717563077,0.6490109887959201,1.0346986127373903,-1.0260041018605344
694,23.133333333333333,0.2587957978248596,0.10420906884113842,-0.3508464631998718,1.1999999999999997,-0.3523190756038681,0.7109140054074459,0.0014726124039963207,0.6111148734287277,0.48908599459255386,11.555100908936542
695,23.166666666666668,0.328627198934555,0.1586382912087381,-0.293068685422094,1.733333333333333,-0.2999257085708382,0.39918278221999204,0.006857023148744201,0.6285529075053933,1.334150551113341,13.438411693959011
696,23.2,0.284997284412384,0.18928475340127293,-0.22640201875542737,2.0,-0.23582125129378229,1.6925348732467151,0.009419232538354916,0.5208185357061663,0.30746512675328486,31.756981250804667
697,23.233333333333334,0.1578790098428726,0.1816677654197385,-0.15973535208876072,2.0,-0.1696280363621524,1.9431857917955893,0.009892684273391683,0.327507046205025,0.05681420820441074,35.21596392677913
698,23.266666666666666,0.0816546827554702,0.1574111052571366,-0.09306868542209405,2.0,-0.1030488553421773,1.9895017223970135,0.009980169920083243,0.1847035380976475,0.010498277602986494,35.85512376907879
699,23.3,0.0837765336036682,0.13955215387561828,-0.026402018755427387,2.0,-0.03639835450152973,1.9980601008777097,0.009996335746102342,0.12017488810519793,0.0019398991222903117,35.973229392112394
700,23.333333333333332,0.1344528049230575,0.1383153839321499,0.04026464791123928,2.0,0.03026532500163341,1.9996415403795769,0.009999322909605868,0.10418747992142409,0.00035845962042313495,35.99505325723816
701,23.366666666666667,0.1092953234910965,0.13127700729916675,0.10693131457790594,2.0,0.09693143969243528,1.999933762896227,0.009999874885470661,0.012363883798661213,6.623710377295922e-05,35.99908592796793
702,23.4,0.0576328411698341,0.11341572892267658,0.15582020346679484,1.4666666666666668,0.1488710978066049,0.41876155132943027,0.0069491056601899415,-0.09123825663677079,1.0479051153372365,13.397698582304013
703,23.433333333333334,0.0457712188363075,0.09700957635422895,0.18693131457790596,0.9333333333333335,0.18494729976037716,0.45269082668423943,0.001984014817528801,-0.13917608092406966,0.480642506649094,8.544076192371564
704,23.466666666666665,0.0316339842975139,0.08115371552878126,0.2002646479112393,0.40000000000000013,0.19833304939494073,-0.2409921243181844,0.001931598516298566,-0.16669906509742682,0.6409921243181845,-0.6009833738392232
705,23.5,0.1085049733519554,0.08778734933310627,0.19582020346679485,-0.1333333333333332,0.19589552263206297,-0.016032907081123808,-7.531916526812288e-05,-0.08739054928010757,-0.11730042625220938,-0.4430843164665202
706,23.53333333333333,0.1549174040555954,0.10406872853592979,0.17359798124457262,-0.6666666666666665,0.17634682881721309,0.3680319480330707,-0.0027488475726404615,-0.021429424761617688,-1.0346986146997372,1.0260041247425788
707,23.566666666666666,0.0802868828177452,0.09830080163818673,0.13359798124457262,-1.1999999999999997,0.1350705936485487,-0.7109140054523573,-0.0014726124039760868,-0.05478371083080351,-0.48908599454764246,-11.55510090946023
708,23.6,-0.3113908171653747,-0.0010637025251740012,0.07582020346679486,-1.733333333333333,0.08267722661553092,-0.3991827822205134,-0.006857023148736069,-0.39406804378090565,-1.3341505511128195,-13.438411693957894
709,23.633333333333333,0.107812762260437,0.025342636882196366,0.025342636882196366,-1.5143269975379547,0.03162711223694112,-0.4571477736135623,-0.006284475354744752,0.07618565002349588,-1.0571792239243925,-13.317876273499467
710,23.666666666666668,-0.0240260120481252,0.013369017952665584,-0.007357151924624349,-0.9809936642046214,-0.005466507765610331,-0.5032137583338752,-0.0018906441590140176,-0.01855950428251487,-0.47777990587074626,-9.133201447132073
711,23.7,-0.201976403594017,-0.03885975621246022,-0.03885975621246022,-0.9450781286350761,-0.03678673536460308,-0.21651871676123102,-0.0020730208478571405,-0.16518966822941392,-0.7285594118738451,-5.790179102816577
712,23.733333333333334,-0.1998684704303741,-0.07790998404227148,-0.07790998404227148,-1.1715068348943378,-0.07635699156210715,-0.6261985248698535,-0.001552992480164328,-0.12351147886826694,-0.5453083100244843,-10.567271671314947
713,23.766666666666666,0.0254751294851303,-0.05283548880723804,-0.09918243409430497,-0.6381735015610045,-0.09640248945553993,0.34336165784545414,-0.0027799446387650334,0.12187761894067023,-0.9815351594064586,0.7383349314229084
714,23.8,-0.5959709882736206,-0.18456478743336666,-0.13823266192411623,-1.1715068348943378,-0.13669584744797308,-0.6621063039826445,-0.0015368144761431501,-0.4592751408256475,-0.5094005309116933,-10.985976184829838
715,23.833333333333332,-0.1796856075525283,-0.18338141616743941,-0.18338141616743941,-1.3544626272996954,-0.18121882041901693,-0.7388116097224419,-0.00216259574842248,0.0015332128664886369,-0.6156510175772535,-12.732169830741551
716,23.866666666666667,-0.3710273206233978,-0.2288920915115004,-0.2288920915115004,-1.3653202603218293,-0.22634366282035454,-0.7128393131245445,-0.0025484286911458542,-0.1446836578030433,-0.6524809471972848,-12.786177976269771
717,23.9,-0.5634629130363464,-0.3100371827521504,-0.29218054463333915,-1.8986535936551627,-0.2840593014887359,-0.925876640205763,-0.008121243144603219,-0.2794036115476105,-0.9727769534493997,-21.177097634839527
718,23.933333333333334,-0.3970136344432831,-0.3311320052955467,-0.33769121997740015,-1.3653202603218295,-0.3327569387312381,-0.5586635357422707,-0.00493428124616202,-0.06425669571204495,-0.8066567245795588,-13.106779113346924
719,23.966666666666665,-0.4405147731304168,-0.35766114084796136,-0.36542411754368337,-0.8319869269884962,-0.3631631037936126,-0.1711282117309033,-0.0022610137500707617,-0.07735166933680421,-0.6608587152575929,-5.260900773816589
720,24.0,-0.1585445255041122,-0.3093684181115103,-0.3753792373321888,-0.29865359365516286,-0.3736320281553606,0.2576017341414938,-0.0017472091768281905,0.21508750265124843,-0.5562553277966567,1.1074392872857342
721,24.03333333333333,-0.1901734620332718,-0.2804594847433455,-0.36755657934291647,0.23467973967817046,-0.36815618713085113,-0.07122018493497284,0.000599607787934664,0.17798272509757934,0.3058999246131433,0.0064927626618677126
722,24.066666666666666,-0.3422199189662933,-0.29543854372775574,-0.34195614357586634,0.7680130730115038,-0.3444621032394394,-0.16218022390599285,0.002505959663573032,0.0022421842731460973,0.9301932969174966,1.3743405397406587
723,24.1,0.0028671363834291,-0.22308901390353392,-0.29857793003103844,1.301346406344837,-0.3004668284618667,0.7615832164948906,0.0018888984308282342,0.3033339648452958,0.5397631898499464,12.684817366247604
724,24.133333333333333,0.1536630243062973,-0.13171350669013132,-0.23742193870843276,1.8346797396781702,-0.24510453338548255,0.6434754091660975,0.007682594677049792,0.39876755769177985,1.1912043305120728,17.279960646492146
725,24.166666666666668,0.1362062990665435,-0.0667336110010265,-0.1707552720417661,2.0,-0.18032705584078618,1.7732973053635661,0.009571783799020073,0.3165333549073297,0.2267026946364339,32.87150281401721
726,24.2,0.1108612269163131,-0.023660669789382985,-0.10408860537509944,2.0,-0.11400947846839662,1.9581092846867472,0.009920873093297186,0.2248707053847097,0.041890715313252835,35.42190812867711
727,24.233333333333334,-0.0217884667217731,-0.023206595258765415,-0.03742193870843277,2.0,-0.047407317432194215,1.9922593243442908,0.009985378723761443,0.025618850710421116,0.007740675655709239,35.89317867595121
728,24.266666666666666,0.0776193588972091,0.001247214586707207,0.011466950180456119,1.4666666666666668,0.004523648808077198,0.41913662923754935,0.006943301372378921,0.0730957100891319,1.0475300374291174,13.396918625777266
729,24.3,0.197116419672966,0.048752327093291234,0.048752327093291234,1.1185613073850535,0.0471901697289117,0.7799527964533954,0.001562157364379535,0.1499262499440543,0.3386085109316581,12.360131298806948
730,24.333333333333332,0.0973759368062019,0.06054524803188804,0.06825992622834857,0.5852279740517202,0.06579595659685573,-0.2780139508440874,0.0024639696314928405,0.03157998020934616,0.8632419248958076,-0.31011635936791915
731,24.366666666666667,0.1499109715223312,0.08221955230435488,0.08221955230435488,0.41878878228018906,0.0794041203855845,-0.5239641714008365,0.0028154319187703725,0.0705068511367467,0.9427529536810255,-3.183450561092099
732,24.4,0.1149963438510894,0.09016906723370152,0.09016906723370152,0.23848544788039938,0.0879524948581787,-0.46114849789953216,0.002216572375522821,0.027043848992910693,0.6996339457799315,-3.2170519252210106
733,24.433333333333334,0.0327500812709331,0.0762429608456451,0.08034080438527039,-0.29484788545293394,0.080958288510996,0.04104254571765481,-0.000617484125725612,-0.048208207240062896,-0.33589043117058875,-0.4686810780165196
734,24.466666666666665,0.0386458039283752,0.06712433922007593,0.06712433922007593,-0.39649395495583356,0.06925785991113383,0.37568865707315124,-0.0021335206910578913,-0.030612055982758624,-0.7721826120289847,2.047207168064208
735,24.5,0.1324481219053268,0.08296763446626772,0.07168565183265926,0.13683937837749977,0.07175955894209915,0.06495781894977025,-7.390710943988577e-05,0.06068856296322764,0.07188155942772952,0.9020145510059909
736,24.53333333333333,0.0494745261967182,0.07484438775252603,0.07484438775252603,0.09476207759600286,0.0744473664434434,-0.058193035787940744,0.0003970213090826319,-0.024972840246725192,0.1529551133839436,-0.21107039587458706
737,24.566666666666666,0.0656377673149108,0.07261146124679116,0.07261146124679116,-0.066987795172046,0.07281623717333988,0.028221211296342266,-0.000204775926548717,-0.007178469858429071,-0.09520900646838827,0.06267430363787449
738,24.6,-0.4350756108760834,-0.05052035760505026,0.05260075696327851,-0.6003211285053793,0.055497791715268356,0.47878159064696524,-0.002897034751989845,-0.49057340259135174,-1.0791027191523446,2.3174060543060913
739,24.633333333333333,0.1286878883838653,-0.007056108673923776,0.014812274901988096,-1.1336544618387125,0.01643264583829005,-0.6011157634326355,-0.0016203709363019556,0.11225524254557526,-0.532538698406077,-10.27479283567904
740,24.666666666666668,0.0168468877673149,-0.0012587985011201855,-0.0051984293815245455,-0.6003211285053792,-0.002476772331910351,0.3549413264189074,-0.0027216570496141944,0.019323660099225252,-0.9552624549242866,0.9827202147899285
741,24.7,-0.0641937106847763,-0.016522709346931418,-0.016522709346931418,-0.3397283989622062,-0.013980261823327962,0.4882451310041951,-0.0025424475236034555,-0.050213448861448344,-0.8279735299664013,3.1089922654112696
742,24.733333333333334,-0.0616951063275337,-0.02747859084862305,-0.02747859084862305,-0.328676445050749,-0.024896791750094783,0.5205505687984875,-0.002581799098528268,-0.036798314577438915,-0.8492270138492365,3.477988233465358
743,24.766666666666666,-0.1143311783671379,-0.048543372010817286,-0.048543372010817286,-0.631943434865827,-0.04577277821914399,0.30212126743561574,-0.002770593791673298,-0.06855840014799391,-0.9340647023014428,0.2574492283702087
744,24.8,-0.059665746986866,-0.05124093579755405,-0.051830375395233746,-0.09861010153249372,-0.05053317507944669,0.2607096003968119,-0.0012972003157870546,-0.009132571907419305,-0.3593197019293056,1.8275262816638416
745,24.833333333333332,-0.2761448323726654,-0.10578797347642062,-0.07289515655742798,-0.631943434865827,-0.0700951646261814,0.36737170875969305,-0.0027999919312465815,-0.206049667746484,-0.9993151436255201,1.0183053705841902
746,24.866666666666667,-0.2875575423240661,-0.1498734325182231,-0.1117377154974,-1.1652767681991603,-0.11018716633545181,-0.6521073564077866,-0.0015505491619481893,-0.1773703759886143,-0.5131694117913737,-10.869382940039035
747,24.9,-0.2600702941417694,-0.17660001420314717,-0.16835805221514977,-1.6986101015324935,-0.1619024199948577,-0.4284452115448478,-0.006455632220292079,-0.09816787414691172,-1.2701648899876457,-13.377561875171102
748,24.933333333333334,-0.3501332700252533,-0.21868788012281803,-0.21868788012281803,-1.509894837230048,-0.21261934013589714,-0.4715260077068697,-0.00606853998692089,-0.13751392988935615,-1.0383688295231783,-13.287977425069844
749,24.966666666666665,-0.3228987455368042,-0.24396264898564018,-0.2512399302527085,-0.9765615038967147,-0.24933424695531872,-0.4844076242289776,-0.0019056832973897986,-0.07356449858148548,-0.4921538796677371,-8.91391154878573
750,25.0,-0.3323296904563904,-0.26539473804268854,-0.2660142026048212,-0.4432281705633814,-0.26391178805609367,0.26569410073851196,-0.0021024145487275603,-0.06841790240029672,-0.7089222713018933,0.6844187606870695
751,25.03333333333333,-0.4667789041996002,-0.31423742092443907,-0.2985662527347117,-0.9765615038967147,-0.296569804358946,-0.28295061005017624,-0.001996448375765736,-0.17020909984065424,-0.6936108938465384,-6.564811626706442
752,25.066666666666666,-0.6536974310874939,-0.39656831090370004,-0.34889608064238,-1.509894837230048,-0.3446130054533206,-0.5869042286368383,-0.004283075189059404,-0.3090844256341733,-0.9229906085932097,-13.048053946478458
753,25.1,-0.2399854212999344,-0.35859149987841876,-0.38144813077227047,-0.9765615038967147,-0.37950158697895314,-0.3937159875916909,-0.0019465437933173235,0.13951616567901876,-0.5828455163050238,-7.856397034206409
754,25.133333333333333,-0.1521757245063781,-0.30852847630172026,-0.39622240312438317,-0.4432281705633814,-0.39402541167121885,0.2983119084848853,-0.002196991453164321,0.24184968716484076,-0.7415400790482667,0.9917077706322028
755,25.166666666666668,-0.2544756829738617,-0.2954187890121628,-0.3932188976987181,0.09010516276995195,-0.39297409563018787,0.08036572663928435,-0.00024480206853022546,0.13849841265632618,0.009739436130667606,0.8684242383309113
756,25.2,-0.1772137582302093,-0.2667499470486291,-0.37243761449527524,0.6234384961032853,-0.37529227139805427,-0.46073693241930935,0.002854656902779029,0.19807851316784497,1.0841754285225946,-2.1069953847678455
757,25.233333333333334,-0.4355950951576233,-0.3077007833660392,-0.3338785535140546,1.1567718294366185,-0.33544722779524044,0.6398439141110798,0.0015686742811858445,-0.10014786736238285,0.5169279153255387,10.726384437549319
758,25.266666666666666,-0.2727566957473755,-0.2992256235621614,-0.2992256235621614,1.0395878985567952,-0.3010906985598311,0.36729534218911203,0.0018650749976696912,0.028334002812455628,0.6722925563676831,7.548317733470842
759,25.3,-0.1704914420843124,-0.2680030953865097,-0.2680030953865097,0.9366758452695523,-0.2700958436460635,0.20036136437691887,0.0020927482595538005,0.09960440156175107,0.7363144808926334,5.60177546057205
760,25.333333333333332,0.0210285186767578,-0.19790284998045754,-0.21900278943308016,1.4700091786028855,-0.2228275105893246,0.6203418838569832,0.003824721156244437,0.2438560292660824,0.8496672947459023,12.978521945623449
761,25.366666666666667,-0.1220634207129478,-0.17950914374061472,-0.17950914374061472,1.1848093707739633,-0.1809917423093783,0.738699293093876,0.0014825985687635934,0.05892832159643051,0.44611007768008726,11.879092691527017
762,25.4,-0.021699545904994,-0.1412348131918261,-0.1412348131918261,1.1482299164636587,-0.14285434749762366,0.5550455136347177,0.0016195343057975597,0.12115480159262966,0.593184402828941,9.737588307697655
763,25.433333333333334,-0.0962402448058128,-0.13032206132549046,-0.12073826042081526,0.6148965831303254,-0.1235697122123609,-0.38114456290936727,0.002831451791545647,0.02732946740654811,0.9960411460396926,-1.1789044479689705
764,25.466666666666665,0.0584546402096748,-0.08453712825701495,-0.08453712825701495,1.0860339649140092,-0.08626749008669722,0.5135725197305437,0.001730361829682267,0.14472213029637201,0.5724614451834654,9.25399031958183
765,25.5,0.1575351506471634,-0.02582615917433633,-0.030558218315436876,1.6193672982473424,-0.03609860694764573,0.4951752891719652,0.005540388632208855,0.1936337575948091,1.1241920090753772,13.238799878132822
766,25.53333333333333,0.2468313425779342,0.0403027930047545,0.03610844835122979,2.0,0.026932506973539022,1.5637336705421705,0.009175941377690768,0.2198988356043952,0.4362663294578295,29.979524653481953
767,25.566666666666666,0.1736463606357574,0.0726432580592302,0.08499733724011868,1.4666666666666668,0.07837813595822103,0.44008024676938784,0.006619201281897649,0.09526822467753636,1.026586419897279,13.35336737726586
768,25.6,0.2170223295688629,0.10766021762998418,0.1161084483512298,0.9333333333333335,0.11411688364723901,0.4359335273877387,0.0019915647039907836,0.10290544592162387,0.49739980594559474,8.34867683816129
769,25.633333333333333,0.2275672852993011,0.1367418628914582,0.1367418628914582,0.6190024362068522,0.1339282790847458,-0.3549867144226895,0.0028135838067123997,0.09363900621455529,0.9739891506295417,-0.8738895042486188
770,25.666666666666668,0.1575821936130523,0.1417963698271848,0.1417963698271848,0.1516352080717978,0.14017576729372963,-0.3264646244283115,0.0016206025334551677,0.017406426319322682,0.4780998325001093,-2.2537621009621356
771,25.7,0.2251185327768325,0.16200489991986464,0.16200489991986464,0.6062559027803952,0.15915378719422155,-0.39637046552244715,0.00285111272564309,0.06596474558261095,1.0026263683028422,-1.3564468720328393
772,25.733333333333334,0.1028842404484748,0.14766607836588444,0.1644356522347667,0.07292256944706188,0.1631613238112342,-0.27314973847133095,0.0012743284235325059,-0.06027708336275939,0.34607230791839283,-2.0334300289991214
773,25.766666666666666,-0.0324696116149425,0.10397689192526072,0.14908862677189097,-0.46041076388627145,0.1508881260187764,0.2745906040678785,-0.0017994992468854387,-0.1833577376337189,-0.7350013679541499,1.0455638012896076
774,25.8,0.139870211482048,0.11268227357537278,0.11596382353123748,-0.9937440972196048,0.11792805839921487,-0.29794987023343755,-0.0019642348679773936,0.021942153082833135,-0.6957942269861672,-6.739711275007953
775,25.833333333333332,0.2279367595911026,0.14063550554287144,0.10061679806836177,-0.46041076388627145,0.10299470235585752,0.347107654355701,-0.0023779042874957496,0.12494205723524508,-0.8075184182419725,1.3920710002868832
776,25.866666666666667,0.1534968912601471,0.14375484007644798,0.10304755038326383,0.07292256944706188,0.10345856768946646,0.11688884551345705,-0.0004110173062026323,0.05003832357068064,-0.043966276066395166,1.134066378043331
777,25.9,0.1228838488459587,0.13869289689813322,0.12325608047594366,0.6062559027803952,0.12041811493589644,-0.4779017250262285,0.002837965540047227,0.0024657339100622594,1.0841576278066238,-2.352762890772598
778,25.933333333333334,0.0278766434639692,0.11181609109994903,0.12568683279084572,0.07292256944706188,0.12433675523871082,-0.30122298186091934,0.0013500775521348984,-0.09646011177474162,0.3741455513079812,-2.3030727239241306
779,25.966666666666665,0.1445726752281189,0.11976070502562867,0.11976070502562867,-0.17778383295651135,0.1201082907086136,0.016337684527354956,-0.00034758568298493,0.02446438451950529,-0.1941215174838663,-0.3615031181430166
780,26.0,-0.2231906205415725,0.03658304931309739,0.09605679948263385,-0.7111171662898447,0.09869814814801135,0.27559615149517,-0.002641348665377505,-0.3218887686895838,-0.9867133177850147,-0.051848256469620435
781,26.03333333333333,0.0597973428666591,0.042213325019465606,0.05457511616186125,-1.244450499623178,0.05594892061883269,-0.7840598400873857,-0.001373804456971446,0.0038484222478264093,-0.4603906595357923,-12.408021693290904
782,26.066666666666666,0.0336380153894424,0.04013351339939167,0.030871210618866423,-0.7111171662898447,0.03348907419056666,0.22346997108981081,-0.0026178635717002373,0.00014894119887574192,-0.9345871373796555,-0.6596682761778534
783,26.099999999999998,0.0548622831702232,0.043705753684630935,0.024945082853649377,-0.17778383295651135,0.0265336961735781,0.2985571432511628,-0.0015886133199287215,0.028328586996645103,-0.4763409762076741,1.910674266374029
784,26.133333333333333,-0.1000580936670303,0.008838007426037658,0.008838007426037658,-0.48321226282835156,0.011831983768815186,0.5653903788432986,-0.0029939763427775275,-0.11189007743584549,-1.04860264167165,3.4330066105022845
785,26.166666666666668,-0.258785218000412,-0.05606995719075601,-0.025046845779351838,-1.016545596161685,-0.023161893466108883,-0.3989447604937613,-0.0018849523132429546,-0.2356233245343031,-0.6176008356679237,-7.917367410774798
786,26.2,-0.3511723577976227,-0.12764258003168938,-0.07670947676251912,-1.5498789294950184,-0.07197290578791672,-0.5537710938963714,-0.004736570974602394,-0.279199452009706,-0.996107835598647,-13.116952711596316
787,26.233333333333334,-0.4235477149486542,-0.19940989393545377,-0.14337614342918578,-2.0,-0.13434873357518318,-1.4850993344719743,-0.009027409854002605,-0.289198981373471,-0.5149006655280257,-28.894370815713245
788,26.266666666666666,-0.4766287803649902,-0.2666451409615773,-0.21004281009585246,-2.0,-0.20022252784022154,-1.904855311804605,-0.009820282255630919,-0.27640625252476864,-0.09514468819539501,-34.68700330290355
789,26.3,-0.4512813985347748,-0.3114258719853574,-0.2767094767625191,-2.0,-0.26674268547615254,-1.98241891631172,-0.009966791286366572,-0.18453871305862224,-0.01758108368827993,-35.75738104510174
790,26.333333333333332,-0.2227655500173568,-0.2899226521805648,-0.325598365651408,-1.4666666666666668,-0.3186625067205852,-0.41961756600378974,-0.006935858930822769,0.09589695670322843,-1.047049100662877,-13.395918540830442
791,26.366666666666667,-0.0434076152741909,-0.2301341593562603,-0.3567094767625191,-0.9333333333333335,-0.3547251587925943,-0.4520179668396518,-0.001984317969924765,0.3113175435184034,-0.4813153664936817,-8.53623027539055
792,26.4,-0.2337800711393356,-0.23101842010244447,-0.37004281009585244,-0.40000000000000013,-0.368110509894111,0.24123412252071963,-0.0019323002017414548,0.13433043875477538,-0.6412341225207198,0.6032632140002736
793,26.433333333333334,-0.261963814496994,-0.2385237573586318,-0.365598365651408,0.1333333333333332,-0.3656733222508262,0.016134794825739734,7.495659941819666e-05,0.1037095077538322,0.11719853850759346,0.44398279216254577
794,26.466666666666665,-0.1593905836343765,-0.21933120322987898,-0.3433761434291858,0.6666666666666665,-0.34612499929917295,-0.3680503643526558,0.0027488558699871324,0.18673441566479645,1.0347170310193223,-1.026218869188578
795,26.5,0.1312510818243026,-0.13430277373796495,-0.30337614342918584,1.1999999999999997,-0.30484875564327657,0.7109144269112088,0.0014726122140907294,0.4360998374675792,0.48908557308879097,11.555105823902952
796,26.53333333333333,0.0130668533965945,-0.09856050014269765,-0.24559836565140808,1.733333333333333,-0.2524553887241137,0.3991827871336635,0.006857023072705637,0.26552224212070824,1.3341505461996694,13.438411683741247
797,26.566666666666666,0.1950635313987732,-0.02734643335322194,-0.17893169898474143,2.0,-0.18835093150904572,1.6925348658081598,0.009419232524304294,0.3834144629078189,0.3074651341918402,31.756981148152605
798,26.599999999999998,0.1750789284706115,0.021748775785919106,-0.11226503231807476,2.0,-0.12215771658887012,1.9431857904210732,0.009892684270795357,0.2972366450594816,0.0568142095789268,35.21596390781081
799,26.633333333333333,0.1239096075296402,0.046526339995741614,-0.045598365651408096,2.0,-0.05557853557101159,1.989501722143025,0.009980169919603495,0.17948814310065178,0.010498277856975102,35.855123765573744
800,26.666666666666668,0.0948847606778144,0.05825494334679362,0.02106830101525857,2.0,0.011071965269244883,1.9980601008307763,0.009996335746013687,0.08381279540856952,0.0019398991692236578,35.97322939146471
801,26.7,0.1780326515436172,0.08730521442521584,0.08730521442521584,1.987107402298718,0.07736973167332593,1.9557319684897267,0.009935482751889907,0.10066291987029126,0.031375433808991327,35.38910116515823
802,26.733333333333334,0.1453550159931183,0.10138431559506864,0.13576435005739534,1.4537740689653846,0.12900164863788643,0.4320414157165027,0.00676270141950891,0.01635336735523185,1.021732653248882,13.370083741016927
803,26.766666666666666,0.1709840595722198,0.118264680564171,0.16644570791179705,0.9204407356320513,0.16442805503069885,0.4204232875423908,0.002017652881098203,0.006556004541520943,0.5000174480896605,8.167818885110322
804,26.8,0.0851107090711593,0.11022368634498277,0.17934928798842098,0.387107402298718,0.17744484928204668,-0.2418279701261128,0.0019044387063743007,-0.09233414021088739,0.6289353724248308,-0.6533796644335614
805,26.833333333333332,0.064163252711296,0.0990524249876565,0.17447509028726713,-0.14622593103461534,0.17461901926668547,-0.004395464721527284,-0.0001439289794183396,-0.11045576655538947,-0.14183046631308804,-0.3828025271611314
806,26.866666666666667,0.0632162913680076,0.0903609129214658,0.1518231148083355,-0.6795592643679487,0.15454102005170015,0.3417477076611677,-0.0027179052433646544,-0.09132472868369254,-1.0213069720291164,0.7195153819145292
807,26.9,0.0813578590750694,0.08817735841279485,0.1113933615516261,-1.2128925977012819,0.11283730988460172,-0.7321415531194403,-0.0014439483329756198,-0.03147945080953232,-0.4807510445818416,-11.802625825750425
808,26.933333333333334,0.0710964202880859,0.0840346352778592,0.0840346352778592,-0.8207617882130069,0.08640109890702243,0.02601171429945981,-0.0023664636291632207,-0.01530467861893653,-0.8467735025124667,-2.9621404811338996
809,26.966666666666665,0.1253344267606735,0.09405127490237562,0.07445368678187009,-0.2874284548796736,0.07635353653650433,0.3191278057468828,-0.001899849754634239,0.04898089022416917,-0.6065562606265564,1.7258337307078637
810,27.0,0.2439455091953277,0.13040585377065178,0.08265051606365875,0.24590487845365971,0.08208226118243687,-0.055754773262839064,0.0005682548812218774,0.16186324801289081,0.3016596517164988,0.17973570593795052
811,27.03333333333333,0.0259662270545959,0.10507560231480441,0.10507560231480441,0.6727525875343697,0.10235190068655461,-0.33223123678592636,0.0027237016282497944,-0.07638567363195872,1.0049838243202962,-0.6085480816066978
812,27.066666666666666,0.0008779866620898,0.07980404698113103,0.10972291078817228,0.1394192542010364,0.10820182861783163,-0.30562731494475004,0.0015210821703406513,-0.10732384195574184,0.44504656914578644,-2.1097656262087625
813,27.099999999999998,0.0428068377077579,0.07083093358034291,0.09659244148376239,-0.3939140791322969,0.09798295166291514,0.19907867472111973,-0.0013905101791527458,-0.05517611395515724,-0.5929927538534167,0.5980593261884568
814,27.133333333333333,-0.7144470810890198,-0.11962636888017607,0.06568419440157472,-0.9272474124656302,0.06780928316747917,-0.15958290036720224,-0.002125088765904448,-0.7822563642564989,-0.767664512098428,-5.126276074173319
815,27.166666666666668,0.0484871082007885,-0.07885298830160481,0.016998169541609265,-1.4605807457989637,0.020718376425276845,-0.6279983100409239,-0.0037202068836675803,0.027768731775511653,-0.8325824357580398,-12.962600774462842
816,27.2,-0.2719956338405609,-0.12569681503846575,-0.04946563309613397,-1.993914079132297,-0.04065616524873837,-1.364945000881826,-0.0088094678473956,-0.23133946859182253,-0.6289690782504709,-27.2362410121692
817,27.233333333333334,-0.2225704193115234,-0.14919204221255486,-0.11613229976280064,-2.0,-0.10635228939969493,-1.8835348981147881,-0.009780010363105704,-0.11621812991182848,-0.11646510188521186,-34.392781593984076
818,27.266666666666666,-0.4789710938930511,-0.2291749621692542,-0.1827989664294673,-2.0,-0.17283961668845865,-1.978479274651646,-0.00995934974100865,-0.30613147720459244,-0.02152072534835403,-35.703013990192716
819,27.3,-0.2371688932180404,-0.23111376920977508,-0.2316878553183562,-1.4666666666666668,-0.2247549759949552,-0.4198101107147292,-0.006932879323401003,-0.012413917223085214,-1.0468565559519376,-13.395518153335662
820,27.333333333333332,-0.2761411070823669,-0.24203446881933055,-0.2627989664294673,-0.9333333333333335,-0.260814580271003,-0.4518666194292025,-0.001984386158464302,-0.015326526811363872,-0.481466713904131,-8.534465481091674
821,27.366666666666667,-0.192903071641922,-0.23011839171323012,-0.2761322997628007,-0.40000000000000013,-0.2741998417298621,0.24128855555247597,-0.0019324580329385666,0.08129677008794012,-0.6412885555524761,0.6037760219905326
822,27.4,-0.4002067148685455,-0.2713707413308798,-0.27168785531835626,0.1333333333333332,-0.27176273036527443,0.016157712594465558,7.487504691816582e-05,-0.12844398450327105,0.11717562073886764,0.444184887697031
823,27.433333333333334,-0.4397174417972564,-0.3122006867132868,-0.2850211886516896,-0.40000000000000013,-0.28302277129632325,0.35272831406518135,-0.0019984173553663775,-0.15669467050093316,-0.7527283140651815,1.8888206294921472
824,27.466666666666665,-0.3959810435771942,-0.3325203448081309,-0.3161322997628007,-0.9333333333333335,-0.3140349880717855,-0.2012235194691715,-0.0020973116910152356,-0.08194605550540873,-0.732109813864162,-5.611828664568366
825,27.5,-0.1826811879873275,-0.29617912414749054,-0.3294656330961341,-0.40000000000000013,-0.32727179430757575,0.33143389585709393,-0.0021938387885583333,0.14459060632024825,-0.7314338958570941,1.4530259957706022
826,27.53333333333333,0.0270548816770315,-0.2177836060471059,-0.32502118865168966,0.1333333333333332,-0.3249610064065196,0.054111322641789215,-6.018224517007065e-05,0.3520158880835511,0.07922201069154397,0.7788708338102841
827,27.566666666666666,-0.1846699118614196,-0.20975238047947836,-0.30279896642946746,0.6666666666666665,-0.3055509149620574,-0.3749146626595472,0.0027519485325899207,0.12088100310063779,1.0415813293262137,-1.1062603742390538
828,27.599999999999998,0.0822232067584991,-0.1389381189174952,-0.2627989664294675,1.1999999999999997,-0.2642715078677424,0.7110715168932438,0.0014725414382749102,0.3464947146262415,0.48892848310675596,11.55693757975451
829,27.633333333333333,0.0519289076328277,-0.09264620913985983,-0.20502118865168972,1.733333333333333,-0.2118781833856383,0.399184618407723,0.006856994733948574,0.263807091018466,1.33414871492561,13.438407875694603
830,27.666666666666668,0.1430195569992065,-0.03548904280809084,-0.13835452198502307,2.0,-0.14777374927281792,1.6925320935384471,0.009419227287794846,0.2907933062720244,0.30746790646155286,31.75694289083057
831,27.7,0.1557027250528335,0.01088162806161544,-0.0716878553183564,2.0,-0.08158053862153589,1.9431852781538446,0.00989268330317948,0.2372832636743694,0.056814721846155436,35.215956838523056
832,27.733333333333334,0.1236035823822021,0.03822063277960194,-0.00502118865168974,2.0,-0.015001358392494647,1.98950162748495,0.009980169740804908,0.13860494077469676,0.010498372515050036,35.85512245929231
833,27.766666666666666,0.1383804678916931,0.06251288552829398,0.061645478014976926,2.0,0.051649142302002106,1.998060083339611,0.00999633571297482,0.08673132558969099,0.0019399166603890627,35.97322915008663
834,27.8,0.1669121980667114,0.08783335939024402,0.11053436690386581,1.4666666666666668,0.10358667833436448,0.41885312490889537,0.0069476885695013285,0.06332551973234692,1.0478135417577714,13.397508159436029
835,27.833333333333332,0.058711789548397,0.08077036318777288,0.14164547801497693,0.9333333333333335,0.13966143076722132,0.4526188463943093,0.0019840472477556104,-0.08094964121882431,0.48071448693902413,8.543236862481994
836,27.866666666666667,0.1038218885660171,0.0863611619356394,0.15497881134831026,0.40000000000000013,0.1530471377680559,-0.24101801247442045,0.0019316735802543672,-0.0492252492020388,0.6410180124744206,-0.6012272634948685
837,27.9,-0.0297217518091201,0.05820700735524814,0.15053436690386582,-0.1333333333333332,0.1506096472830551,-0.016043806690390794,-7.528037918927422e-05,-0.1803313990921752,-0.1172895266429424,-0.44318043238369365
838,27.933333333333334,0.1406339704990387,0.07819842027795536,0.1283121446816436,-0.6666666666666665,0.13106099314190636,0.3680339181491865,-0.0027488484602627705,0.009572977357132334,-1.034700584815853,1.0260270973833294
839,27.966666666666665,0.1733457446098327,0.10127496436815941,0.10127496436815941,-0.8111154094045253,0.10363354184400367,-0.023211284066011584,-0.0023585774758442535,0.06971220276582904,-0.7879041253385137,-3.5361077966735346
840,28.0,0.1600365489721298,0.11552669774527416,0.09201556183245302,-0.277782076071192,0.09381858138711041,0.2933666897786278,-0.0018030195546573924,0.06621796758501938,-0.5711487658498198,1.5164526477459441
841,28.03333333333333,0.0984328091144561,0.11138083366100214,0.1005339370745244,0.25555125726214134,0.09987481488711993,-0.07557145884491417,0.0006591221874044789,-0.001442005772663832,0.3311227161070555,0.03666607565218272
842,28.066666666666666,-0.1156495809555053,0.05631804120200404,0.09127453453881801,-0.277782076071192,0.09246621548547623,0.1995043435775936,-0.0011916809466582245,-0.20811579644098155,-0.4772864196487856,0.9423709210052827
843,28.099999999999998,0.0513715520501136,0.05511834509066449,0.06423735422533383,-0.8111154094045253,0.06663156759661795,0.0558841259898778,-0.0023942133712841207,-0.01526001554650435,-0.8669995353944031,-2.6138116812639662
844,28.133333333333333,-0.2001669853925705,-0.006797249760224895,0.01942239613407188,-1.3444487427378586,0.02180353858296903,-0.7256476149775142,-0.0023811424488971514,-0.2219705239755395,-0.6188011277603445,-12.759543726663194
845,28.166666666666668,-0.1536871939897537,-0.042423183523710425,-0.042423183523710425,-1.8553673897334693,-0.034547191865994864,-0.7620876538756673,-0.007875991657715561,-0.11914000212375883,-1.093279735857802,-18.91680962348421
846,28.2,-0.2130194753408432,-0.08379873325553236,-0.08649098540371496,-1.322034056400136,-0.08219418139443481,-0.6040018311865318,-0.004296804009280147,-0.1308252939464084,-0.7180322252136042,-13.012500301724439
847,28.233333333333334,0.1127535477280616,-0.036127951023893025,-0.11278100950594172,-0.7887007230668027,-0.11040679149695577,-0.06220068932320766,-0.0023742180089859483,0.22316033922501738,-0.7265000337435951,-3.9907457710570284
848,28.266666666666666,-0.4024268090724945,-0.12496819752904839,-0.12496819752904839,-0.36561564069320013,-0.12276118835798393,0.35680553762272527,-0.002207009171064464,-0.27966562071451057,-0.7224211783159253,1.793867920855253
849,28.3,-0.5257704854011536,-0.22217672895631152,-0.15493316332993284,-0.8989489740265335,-0.15276229010429704,-0.15101358308273194,-0.0021708732256358054,-0.3730081952968565,-0.7479353909438016,-5.026353107245223
850,28.333333333333332,-0.6072985529899597,-0.3155822010998385,-0.20267590690859508,-1.4322823073598667,-0.1992899219524863,-0.6523051478318329,-0.003385984956108784,-0.4080086310374734,-0.7799771595280338,-12.912055870672974
851,28.366666666666667,-0.1973422020673751,-0.28690487811615717,-0.2681964282650351,-1.9656156406932,-0.25958884393517184,-1.2358706379222677,-0.00860758432986325,0.06224664186779674,-0.7297450027709322,-25.45501480332729
852,28.4,-0.3139643371105194,-0.2934677405290024,-0.3159391718436973,-1.4322823073598667,-0.3099759168105296,-0.48575981089589115,-0.0059632550331676915,-0.003988420299989803,-0.9465224964639756,-13.258378913780849
853,28.433333333333334,-0.4752560555934906,-0.3375577461820998,-0.3459041376445817,-0.8989489740265334,-0.34381922638746815,-0.34180988735834694,-0.0020849112571135753,-0.13143682920602245,-0.5571390866681865,-7.25114327071437
854,28.466666666666665,-0.3310126364231109,-0.33597032882707567,-0.35809132566768836,-0.3656156406932001,-0.3562062745691193,0.25214938485048677,-0.0018850510985690683,0.02519363814600839,-0.6177650255436868,0.8248339266692772
855,28.5,-0.0604665577411651,-0.26915105708060283,-0.3525007359130173,0.16771769264013325,-0.35274566020359427,-0.0112450138396981,0.0002449242905769866,0.29227910246242916,0.17896270647983137,0.3154612999753774
856,28.53333333333333,0.0034280086401849,-0.20304112837433674,-0.3291323683805684,0.7010510259734666,-0.33179899935320345,-0.2986117199667182,0.0026666309726350312,0.33522700799338834,0.9996627459401848,-0.21652596878886443
857,28.566666666666666,0.0960488691926002,-0.13050137421668806,-0.2879862230703418,1.2343843593067998,-0.28938238183339965,0.7675430967587262,0.0013961587630578753,0.38543125102599984,0.46684126254807357,12.215427354371931
858,28.599999999999998,0.1492149084806442,-0.06266042150741274,-0.22906229998233735,1.767717692640133,-0.23631708608299812,0.3701872375688804,0.0072547861006607706,0.3855319945636423,1.3975304550712526,13.498706538863622
859,28.633333333333333,0.1366960257291793,-0.014309531173648964,-0.1623956333156707,2.0,-0.17188836552992323,1.731446466368988,0.009492732214252536,0.30858439125910253,0.2685535336310121,32.293961235892034
860,28.666666666666668,0.1219509467482566,0.01873838634370839,-0.09572896664900403,2.0,-0.10563523238424635,1.9503759774812275,0.009906265735242323,0.22758617913250295,0.049624022518772515,35.31518848924094
861,28.7,0.1267255544662475,0.04492904029908361,-0.029062299982337364,2.0,-0.039044979520371274,1.9908303436650108,0.00998267953803391,0.16577053398661878,0.009169656334989229,35.87345874257715
862,28.733333333333334,0.1614404916763305,0.07318713019914727,0.0376043666843293,2.0,0.02760756720447521,1.998305606981578,0.009996799479854091,0.1338329244718553,0.0016943930184218914,35.97661737634578
863,28.766666666666666,0.1652212440967559,0.09550861219640275,0.09550861219640275,1.7371273653622035,0.08681086760895987,1.1043960485381592,0.00869774458744288,0.07841037648779603,0.6327313168240443,23.640665469826594
864,28.8,0.2707961797714233,0.13802195989181842,0.13802195989181842,1.2754004308624702,0.1339771063522376,0.6247475300930394,0.004044853539580812,0.13681907341918567,0.6506529007694308,12.969360615505162
865,28.833333333333332,0.3006075024604797,0.17745462358321823,0.17745462358321823,1.1829799107419943,0.17597289484606696,0.7466455747017919,0.0014817287371512722,0.12463460761441272,0.43633433604020233,11.971750718759603
866,28.866666666666667,0.3274771571159363,0.2138403194911378,0.2138403194911378,1.0915708772375872,0.2120916834586981,0.45480559441152474,0.0017486360324396877,0.11538547365723817,0.6367652828260624,8.568735550714749
867,28.9,0.1430708765983581,0.19667626174571926,0.23244823762127959,0.5582375439042538,0.2297724954079036,-0.37240965371186463,0.0026757422133759923,-0.0867016188095455,0.9306471976161185,-1.2926143325315267
868,28.933333333333334,0.2055018246173858,0.1988167685036234,0.2332783779736436,0.024904210570920515,0.23229935141933036,-0.21851480594348394,0.0009790265543132282,-0.026797526801944554,0.24341901651440445,-1.7089608537287149
869,28.966666666666665,0.1279601454734802,0.18163156653478307,0.21633074054822982,-0.5084291227624128,0.21847726059750258,0.34291676408179095,-0.0021465200492727654,-0.09051711512402238,-0.8513458868442038,1.4880236259582589
870,29.0,0.1905080378055572,0.18378442035472828,0.18378442035472828,-0.9763896058050462,0.1857802509946682,-0.2848869388111544,-0.0019958306399399106,0.004727786810889006,-0.6915026669938917,-6.587390288263964
871,29.03333333333333,0.2008016109466552,0.18791168248998563,0.16901587793900452,-0.44305627247171286,0.1713255499421938,0.3373093596562411,-0.002309672003189267,0.0294760610044614,-0.780365632127954,1.3596923586167962
872,29.066666666666666,0.2244293987751007,0.19676850212043204,0.17202511330105855,0.09027706086162046,0.17232741054138195,0.0966248461669422,-0.000302297240323407,0.052101988233718755,-0.006347785305321735,1.0123664022902323
873,29.099999999999998,0.2168925255537033,0.20164927955995693,0.19281212644089035,0.6236103941949538,0.18995654537865386,-0.46335338167382734,0.0028555810622364897,0.026935980175049445,1.0869637758687811,-2.137504626478636
874,29.133333333333333,0.1816513389348983,0.19679908159813325,0.19679908159813325,0.11960865471728699,0.19522661933175986,-0.3373270614941304,0.0015724622663733923,-0.013575280396861567,0.4569357162114174,-2.4723156133666633
875,29.166666666666668,0.0986329615116119,0.17299037426718084,0.18300825897759837,-0.41372467861604634,0.1844577099188295,0.2040315619308195,-0.0014494509412311396,-0.08582474840721761,-0.6177562405468658,0.5771110118333065
876,29.2,0.224524587392807,0.18548921803076796,0.18548921803076796,0.07442877159508754,0.18558285704755623,0.04246543723243045,-9.363901678827169e-05,0.03894173034525078,0.03196333436265709,0.5278720053317202
877,29.233333333333334,0.3081756830215454,0.21524496406473623,0.20574795486171532,0.6077621049284209,0.20286104305107552,-0.48078079409439267,0.0028869118106397973,0.10531463997046989,1.0885428990228134,-2.340717869393375
878,29.266666666666666,0.1670500487089157,0.20355601645699323,0.2082289139148849,0.07442877159508754,0.2068594547799996,-0.30476658747321506,0.0013694591348853147,-0.03980940607108388,0.3791953590683026,-2.326087757447055
879,29.3,0.1036977022886276,0.17933689305167327,0.1929320951902767,-0.4589045617382458,0.19467606376141391,0.259878382029201,-0.0017439685711372055,-0.09097836147278632,-0.7187829437674468,0.9207736738607187
880,29.333333333333332,0.150280624628067,0.17228973472029063,0.17228973472029063,-0.6192708140995823,0.17510837335890297,0.3670886157409763,-0.002818638638612342,-0.024827748730835986,-0.9863594298405586,1.0150043498134722
881,29.366666666666667,0.0816211029887199,0.1502994297648514,0.1502994297648514,-0.6597091486631773,0.15300134702995455,0.24099030679039002,-0.0027019172651031598,-0.07138024404123465,-0.9006994554535673,-0.4553714965556417
882,29.4,0.0643928572535514,0.12946409023096656,0.12946409023096656,-0.625060186016545,0.13224761667236581,0.30819225975826825,-0.002783526441399259,-0.06785475941881441,-0.9332524457748133,0.3282403480054319
883,29.433333333333334,0.0623146034777164,0.11317799808305742,0.11317799808305742,-0.48858276443727394,0.11627058263820596,0.5453933809190639,-0.0030925845551485337,-0.05395597916048956,-1.0339761453563379,3.094136276262365
884,29.466666666666665,0.0172046367079019,0.08990111120462255,0.08990111120462255,-0.6983066063530463,0.09250882565311333,0.15881971433899766,-0.0026077144484907833,-0.07530418894521143,-0.857126320692044,-1.4135259351668328
885,29.5,0.0211412459611892,0.07322444611636456,0.07322444611636456,-0.5002999526477397,0.07629435979638034,0.5336029946980767,-0.0030699136800157872,-0.05515311383519114,-1.0339029473458163,2.9566538685839507
886,29.53333333333333,0.0540334731340408,0.06856996594815938,0.06856996594815938,-0.1396344050461552,0.07034962664453917,0.3846419382047117,-0.0017796606963797895,-0.016316153510498373,-0.5242763432508669,2.8269103102841275
887,29.566666666666666,0.1215670630335807,0.08142361008510554,0.08142361008510554,0.3856093241083848,0.08019841930449952,-0.1578274511188742,0.0012251907806060253,0.04136864372908118,0.543436775227259,-0.2624894625324433
888,29.599999999999998,0.2236446291208267,0.11591716667618676,0.11205503199982948,0.9189426574417181,0.10990723981868827,0.13649948562711267,0.0021477921811412087,0.11373738930213842,0.7824431718146054,4.857110723995234
889,29.633333333333333,0.24623703956604,0.147524280314851,0.147524280314851,1.064077449450645,0.14572825108615226,0.4400185710490604,0.0017960292286987312,0.10050878847988776,0.6240588784015847,8.39631070082732
890,29.666666666666668,0.2064543068408966,0.16181686673190881,0.16521575085209472,0.5307441161173118,0.16265426465320784,-0.35476223852585065,0.002561486198886881,0.043800042187688765,0.8855063546431624,-1.2213026178364441
891,29.7,0.2294107675552368,0.17821074478924284,0.17821074478924284,0.3898498181144436,0.17544804017318472,-0.5278968633450523,0.002762704616058126,0.05396272738205207,0.9177466814594959,-3.3183558993816527
892,29.733333333333334,0.2758126258850097,0.2018826044890192,0.2018826044890192,0.710155790993291,0.19929433577620312,-0.15462169679808146,0.0025882687128160886,0.07651829010880659,0.8647774877913724,1.4624771355926531
893,29.766666666666666,0.2778725922107696,0.22031282640423003,0.22031282640423003,0.5529066574563246,0.2173623174136704,-0.4415611332293117,0.002950508990559625,0.060510274797099195,0.9944677906856363,-1.883394987598017
894,29.8,0.353288322687149,0.2525640213215574,0.2525640213215574,0.9675358475198218,0.25056641920966893,0.3100681160529339,0.0019976021118884857,0.10272190347748006,0.657467731466888,6.8810167064736
895,29.833333333333332,0.3467618227005005,0.27541027298428744,0.27541027298428744,0.6853875498819006,0.2727480673129289,-0.23728473973499786,0.002662205671358553,0.0740137553875716,0.9226722896168985,0.4985804526526423
896,29.866666666666667,0.2401879876852035,0.2668676405417087,0.2804787468692397,0.15205421654856732,0.27899708421221764,-0.2820333879085116,0.0014816626570220426,-0.03880909652701414,0.43408760445707895,-1.8438574839724577
897,29.9,0.323149561882019,0.2805179691075529,0.2805179691075529,0.0011766671493962377,0.2799661011322053,-0.1364069948736884,0.0005518679753475642,0.04318346074981366,0.13758366202308464,-1.1404980874225703
898,29.933333333333334,0.2595386505126953,0.27542975276583,0.27542975276583,-0.1526464902516872,0.27595834123708674,0.07182580974492153,-0.0005285884712567523,-0.016419690724391423,-0.22447229999660873,0.17690882407536845
899,29.966666666666665,0.3098650872707367,0.28378152219858505,0.28378152219858505,0.2505530829826519,0.2826979071293332,-0.18032464876301268,0.0010836150692518642,0.027167180141403513,0.43087773174566457,-0.8465413903547031
900,30.0,0.3928874433040619,0.3102435127650326,0.3099110694091179,0.7838864163159852,0.30745234927466136,-0.10952496813279022,0.002458720134456527,0.08543509402940053,0.8934113844487754,1.9883298701102132
901,30.03333333333333,0.1952960342168808,0.28236474081426416,0.31826283884187295,0.2505530829826519,0.3164498258358764,-0.318361330016268,0.0018130130059965666,-0.12115379161899559,0.5689144129989199,-1.845954179139153
902,30.066666666666666,0.3696577548980713,0.3035363407769221,0.30883683049685023,-0.28278025035068144,0.3096060530871908,0.09036940235937835,-0.0007692225903405681,0.06005170181088049,-0.3731496527100598,0.004403802648825117
903,30.099999999999998,0.2728989422321319,0.29610570325461044,0.29610570325461044,-0.3819338172671938,0.2982420605942552,0.38397208755368006,-0.0021363573396447344,-0.025343118362123274,-0.7659059048208738,2.1643420278326984
904,30.133333333333333,0.3315482139587402,0.3047017480375257,0.30115235379014843,0.15139951606613955,0.3011620469087287,0.05521172694638239,-9.69311858028954e-06,0.03038616705001146,0.09618778911975716,0.8628054378293645
905,30.166666666666668,-0.4796063899993896,0.11447967448152815,0.28842122654790864,-0.3819338172671938,0.29038263578694,0.3526909749927991,-0.0019614092390313753,-0.7699890257863296,-0.7346247922599929,1.9466911335255834
906,30.2,-0.4806779325008392,-0.029866799311509012,0.25791232152789106,-0.9152671506005271,0.26005163891170213,-0.16739551091486915,-0.002139317383811068,-0.7407295714125413,-0.747871639685658,-5.217375423101782
907,30.233333333333334,-0.1643320173025131,-0.062479303692031106,0.2096256387300957,-1.4486004839338604,0.21320228752752518,-0.6384220782000486,-0.0035766487974294714,-0.37753430483003825,-0.8101784057338118,-12.940925048345662
908,30.266666666666666,0.2073103189468383,0.0029540877945179664,0.14356117815452257,-1.9819338172671936,0.15228479641153006,-1.3100989339194147,-0.008723618257007487,0.055025522535308236,-0.671834883347779,-26.479365288087923
909,30.3,0.0861683264374733,0.023136442479331328,0.07689451148785591,-2.0,0.08665865833969424,-1.8751365686202985,-0.009764146851838337,-0.0004903319022209474,-0.12486343137970146,-34.27688464696012
910,30.333333333333332,0.0080803511664271,0.01948481530591255,0.019484815305912548,-1.7222908854583008,0.028066104072470878,-1.0311065120668053,-0.00858128876655833,-0.019985752906043777,-0.6911843733914955,-22.62926986652191
911,30.366666666666667,-0.937175452709198,-0.21253865996485594,-0.04718185136075412,-2.0,-0.037444004523455296,-1.8612130315111408,-0.009737846837298822,-0.8997314481857427,-0.13878696848885919,-34.08473983485374
912,30.4,-0.4399351775646209,-0.2676902451638919,-0.11384851802742078,-2.0,-0.10389695937270252,-1.9743545819096682,-0.009951558654718265,-0.33603821819191837,-0.02564541809033183,-35.64609323035342
913,30.433333333333334,-0.6191913485527039,-0.35294152014262203,-0.18051518469408745,-2.0,-0.17052413581223733,-1.9952611727441791,-0.009991048881850123,-0.4486672127404665,-0.0047388272558208655,-35.93460418386967
914,30.466666666666665,-0.6861398816108704,-0.4337537419596648,-0.2471818513607541,-2.0,-0.2371835053717166,-1.9991243471375117,-0.00999834598903751,-0.44895637623915374,-0.000875652862488252,-35.98791599049766
915,30.5,-0.7638496160507202,-0.51381350239903,-0.31384851802742075,-2.0,-0.3038488236598812,-1.9998381945797536,-0.009999694367539558,-0.460000792390839,-0.00016180542024635258,-35.9977670852006
916,30.53333333333333,-0.7615577578544617,-0.5739001235863023,-0.3805151846940874,-2.0,-0.37051524116965073,-1.9999701011723476,-0.009999943524436672,-0.39104251668481094,-2.9898827652363735e-05,-35.9995873961784
917,30.566666666666666,-0.7050955891609192,-0.6057195989843422,-0.44718185136075406,-2.0,-0.43718186179645596,-1.9999944752166303,-0.009999989564298095,-0.26791372736446323,-5.52478336968143e-06,-35.9999237579895
918,30.599999999999998,-0.8687446713447571,-0.6695123511376541,-0.5138485180274207,-2.0,-0.503848519955757,-1.999998979116118,-0.00999999807166374,-0.3648961513890001,-1.020883882096868e-06,-35.999985911802426
919,30.633333333333333,-0.6751939058303833,-0.6708903262755608,-0.5805151846940874,-2.0,-0.5705151850504104,-1.9999998113583928,-0.009999999643676927,-0.10467872077997287,-1.886416072238717e-07,-35.99999739674582
920,30.666666666666668,-0.7539263963699341,-0.6910294688743202,-0.647181851360754,-2.0,-0.6371818514265963,-1.9999999651422913,-0.009999999934157677,-0.11674454494333775,-3.485770871947125e-08,-35.99999951896362
921,30.7,-0.6447057723999023,-0.6797943570977193,-0.6960707402496429,-1.4666666666666668,-0.6891215845197459,-0.4187583157832988,-0.006949155729896961,0.04441581211984358,-1.047908350883368,-13.397705310467009
922,30.733333333333334,-0.7001249194145203,-0.6847252274188421,-0.727181851360754,-0.9333333333333335,-0.7251978376890742,-0.45269336994561926,-0.001984013671679774,0.025072918274553935,-0.4806399633877142,-8.544105848202271
923,30.766666666666666,-0.551081120967865,-0.6523118712202522,-0.7405151846940873,-0.40000000000000013,-0.7385835888300045,0.24099120961850617,-0.001931595864082758,0.18750246786213953,-0.6409912096185063,0.6009747565477179
924,30.8,-0.6402905583381653,-0.6493962836438953,-0.7360707402496428,0.1333333333333332,-0.7361460607853296,0.01603252196798169,7.532053568681807e-05,0.09585550244716434,0.1173008113653515,0.4430809204270604
925,30.833333333333332,-0.5535162687301636,-0.6261420365374964,-0.7138485180274206,0.6666666666666665,-0.7165973655686989,-0.36803187842345464,0.002748847541278354,0.16308109683853533,1.0346985450901212,-1.0260033130560633
926,30.866666666666667,-0.4349261820316314,-0.5797655238164521,-0.6738485180274205,1.1999999999999997,-0.6753211304321144,0.7109140038593393,0.0014726124046938738,0.24039494840048298,0.4890859961406604,11.555100890884761
927,30.9,-0.6711443662643433,-0.6019280796367852,-0.6160707402496428,1.733333333333333,-0.6229277633986662,0.39918278220194514,0.006857023149023367,-0.04821660286567708,1.3341505511313878,13.438411693996501
928,30.933333333333334,-0.320293664932251,-0.5336219130274255,-0.5494040735829762,2.0,-0.5588233061213826,1.6925348732740084,0.009419232538406486,0.23852964118913167,0.3074651267259916,31.756981251181315
929,30.966666666666665,-0.3680248856544494,-0.4934588592556767,-0.4934588592556767,1.6783564298189846,-0.5017588640148964,0.8477330527783205,0.00830000475921977,0.13373397836044704,0.8306233770406641,20.098716128340822
930,31.0,-0.4481966495513916,-0.4824811950365783,-0.45529142270615497,1.1450230964856511,-0.45755272369985023,0.7524837972423406,0.002261300993695259,0.009356074148458626,0.39253929924331055,12.703739172309785
931,31.03333333333333,-0.4216375052928924,-0.46772447855673865,-0.43490176393441105,0.6116897631523178,-0.4376541795044877,-0.32818966931304794,0.0027524155700766606,0.016016674211595305,0.9398794324653658,-0.6162268476237751
932,31.066666666666666,-0.7818648219108582,-0.5439144663974629,-0.4322898829404449,0.0783564298189845,-0.4335075958837815,-0.2516652992025169,0.001217712943336613,-0.34835722602707664,0.3300217290215014,-1.8184711687274564
933,31.099999999999998,-0.4355934560298919,-0.5176428440560532,-0.44745577972425654,-0.45497690351434883,-0.44565227464688284,0.27875308540950694,-0.0018035050773737016,0.010058818616990928,-0.7337299889238558,1.0995143007535921
934,31.133333333333333,-0.3080358505249023,-0.4668058387928776,-0.4668058387928776,-0.5805017720586325,-0.4639002382008368,0.4326235936645897,-0.0029056005920408134,0.15586438767593452,-1.0131253657232222,1.7791783457468893
935,31.166666666666668,-0.4895665645599365,-0.4723261084943831,-0.4723261084943831,-0.1656080910451646,-0.4705441830780939,0.36800704522511996,-0.0017819254162891873,-0.0190223814818426,-0.5336151362702846,2.5888229451550466
936,31.2,-0.4082516729831695,-0.4567858235046341,-0.4600686004181108,0.3677252422881687,-0.4612200447438049,-0.14796294528379483,0.0011514443256940843,0.0529683717606354,0.5156881875719636,-0.23507178912677007
937,31.233333333333334,-0.4482154846191406,-0.45470721746344644,-0.45470721746344644,0.1608414886399312,-0.4558661654125457,-0.22072426477395302,0.001158947949099265,0.007650680793405085,0.3815657534138842,-1.3869206197358086
938,31.266666666666666,-0.2227968424558639,-0.39846086443757106,-0.4315680567310043,0.6941748219732645,-0.4342294357168624,-0.2643442906183897,0.0026613789858581094,0.2114325932609985,0.9585191125916542,0.18305116154908085
939,31.3,-0.3585122525691986,-0.3887719329873559,-0.39065111822078435,1.2275081553065978,-0.3920630626892147,0.7551164591655896,0.0014119444684303484,0.033550810120016095,0.4723916961410083,12.070525904696742
940,31.333333333333332,-0.1594400405883789,-0.3331509519098893,-0.3331509519098893,1.7250049893268515,-0.33987992542651424,0.4082547663977538,0.0067289735166249365,0.18043988483813533,1.3167502229290977,13.419546937819481
941,31.366666666666667,-0.2247274369001388,-0.3068544686182499,-0.29342856337677203,1.191671655993518,-0.29564198858274626,0.7511116908797633,0.0022134252059742288,0.07091455168260746,0.44055996511375484,12.706592401704784
942,31.4,0.0037250444293022,-0.23152810629872916,-0.23592839706587698,1.7250049893268513,-0.2429782848333923,0.3875170204712257,0.007049887767515306,0.24670332926269448,1.3374879688556256,13.462670086198163
943,31.433333333333334,-0.147115096449852,-0.21105500779340614,-0.1962060085327597,1.191671655993518,-0.19854792835076931,0.7428082621291769,0.0023419198180096024,0.051432831900917325,0.44886339386434115,12.723858983682085
944,31.466666666666665,-0.4737820327281952,-0.2747754730526122,-0.17426139777742022,0.6583383226601848,-0.17697734783328672,-0.26762912561117047,0.0027159500558665006,-0.29680468489490847,0.9259674482713552,0.14474817340524126
945,31.5,-0.6095353364944458,-0.3559664135503263,-0.17009456479985852,0.12500498932685145,-0.17148029042169227,-0.2703523215054652,0.0013857256218337555,-0.43805504607275353,0.3953573108323166,-1.827220173958235
946,31.53333333333333,-0.1730443090200424,-0.3116014244147172,-0.1837055096000746,-0.4083283440064819,-0.18218404215640494,0.22733481130648248,-0.0015214674436696551,0.009139733136362543,-0.6356631553129644,0.7998922791981861
947,31.566666666666666,-0.5816956758499146,-0.3771086990072703,-0.21509423217806845,-0.9416616773398152,-0.21300497926183076,-0.19172495621210228,-0.0020892529162376827,-0.3686906965880838,-0.7499367211277129,-5.501070176967424
948,31.599999999999998,0.0007266601896844,-0.28547044867735083,-0.2642607325338401,-1.4749950106731484,-0.2603752952811532,-0.6159410427129812,-0.003885437252686863,0.26110195547083764,-0.8590539679601672,-12.987673283783149
949,31.633333333333333,-0.4401190280914306,-0.3229781220291362,-0.3229781220291362,-1.7615216848588844,-0.31528885776877086,-0.5896274985141194,-0.007689264260365369,-0.12483017032265975,-1.171894186344765,-16.536859479494847
950,31.666666666666668,-0.4013313353061676,-0.34198150855096615,-0.3639177337466546,-1.2281883515255512,-0.36086486581255195,-0.6933702932831399,-0.0030528679341026432,-0.04046646949361565,-0.5348180582424112,-12.826662869583812
951,31.7,-0.5637133717536926,-0.3957592175231408,-0.3957592175231408,-0.9552445132945864,-0.39373595552598734,-0.2935314065793536,-0.0020232619971534693,-0.1699774162277053,-0.6617131067152328,-6.688189551290222
952,31.733333333333334,-0.6654035449028015,-0.46115736984265315,-0.4453784790774048,-1.4885778466279196,-0.44135024389545824,-0.6054129747952465,-0.00402823518194656,-0.22405330100734328,-0.8831648718326731,-13.009565896247704
953,31.766666666666666,-0.2956474125385284,-0.42101543359887367,-0.477219962853891,-0.9552445132945863,-0.47521902220942175,-0.3430746135556652,-0.0020009406444692623,0.17957160967089336,-0.6121698997389211,-7.265890675880108
954,31.8,-0.2851535975933075,-0.3880642006475113,-0.49128366885259944,-0.42191117996125294,-0.4891344110353455,0.29871899984757533,-0.0021492578172539467,0.203980813442038,-0.7206301798088283,1.0691566779171828
955,31.833333333333332,0.0510197393596172,-0.2815710336349283,-0.4875695970735301,0.11142215337208039,-0.4874396970803148,0.06071357832296423,-0.00012989999321527668,0.538459436439932,0.05070857504911616,0.7651329781078576
956,31.866666666666667,0.0109459124505519,-0.2106254736743749,-0.46607774751668296,0.6447554867054137,-0.4688812100583839,-0.4172036235087302,0.0028034625417009407,0.4798271225089358,1.061959110214144,-1.5993729870739615
957,31.9,0.0191735867410898,-0.1548911880620124,-0.42680812018205805,1.178088820038747,-0.428329401231581,0.6749404520059882,0.0015212810495229268,0.4475029879726708,0.5031483680327588,11.135629430930445
958,31.933333333333334,-0.0222221221774816,-0.12271431320201333,-0.36976071506965535,1.7114221533720801,-0.3763642463338337,0.41766129603809676,0.006603531264178342,0.3541421241563521,1.2937608573339834,13.399986510430354
959,31.966666666666665,0.0707888081669807,-0.07578305850599815,-0.3030940484029887,2.0,-0.31246644004963037,1.6677367541044026,0.009372391646641665,0.38325524821661106,0.3322632458955974,31.414767206640757
960,32.0,0.0842451006174087,-0.036970649480132844,-0.23642738173632205,2.0,-0.2463114106275493,1.9386035306497278,0.009884028891227248,0.330556511244958,0.06139646935027221,35.152728722966245
961,32.03333333333333,0.1451556831598281,0.0072013372222314645,-0.1697607150696554,2.0,-0.17973928562564304,1.9886550002287522,0.009978570555987637,0.32489496878547114,0.01134499977124781,35.84343900315678
962,32.06666666666666,0.0694057047367096,0.02228806551050333,-0.10309404840298873,2.0,-0.11309008861442124,1.9979036413466176,0.009996040211432508,0.18249579335113084,0.002096358653382424,35.971070250583324
963,32.1,0.0713480338454246,0.03418681863146235,-0.03642738173632207,2.0,-0.04642665003626068,1.9996126293792684,0.009999268299938614,0.11777468388168527,0.00038737062073157524,35.9946542854339
964,32.13333333333333,0.065558522939682,0.04179555090782474,0.030239284930344598,2.0,0.020239420135790723,1.9999284206461687,0.009999864794553875,0.04531910280389129,7.157935383128589e-05,35.99901220491713
965,32.166666666666664,0.0187914799898862,0.03621626152139544,0.07912817381923348,1.4666666666666668,0.07217907219946379,0.4187618124247483,0.006949101619769693,-0.05338759220957759,1.0479048542419185,13.397698039368805
966,32.2,-0.1841350197792053,-0.017226608196409685,0.1102392849303446,0.9333333333333335,0.10825527002035046,0.4526906214534654,0.0019840149099941418,-0.2923902897995557,0.48064271187986807,8.544073799267528
967,32.233333333333334,0.0206309240311384,-0.008044836478393606,0.12357261826367794,0.40000000000000013,0.12164101953335642,-0.2409921981307016,0.0019315987303215182,-0.10101009550221801,0.6409921981307017,-0.6009840692193524
968,32.266666666666666,-0.4437645375728607,-0.11372205823825234,0.11912817381923349,-0.1333333333333332,0.11920349287391445,-0.016032938158176337,-7.531905468095845e-05,-0.5629680304467751,-0.11730039517515686,-0.4430845905129854
969,32.3,-0.0687233507633209,-0.10280830249851737,0.09690595159701128,-0.6666666666666665,0.09965479917218253,0.36803195365028274,-0.0027488475751712566,-0.16837814993550343,-1.0346986203169493,1.0260041902423673
970,32.333333333333336,-0.3135783672332763,-0.1539273930867252,0.056905951597011284,-1.1999999999999997,0.05837856400092947,-0.7109140055809077,-0.0014726124039181887,-0.3719569312342058,-0.48908599441909206,-11.555100910959204
971,32.36666666666667,0.0114752892404794,-0.11381147476569928,-0.0008718261807664773,-1.733333333333333,0.005985196967946407,-0.3991827822220113,-0.006857023148712884,0.005490092272532993,-1.3341505511113216,-13.438411693954773
972,32.4,-0.1239218115806579,-0.11626358400697868,-0.06753849284743314,-2.0,-0.05811926030908402,-1.6925348732436523,-0.009419232538349122,-0.06580255127157389,-0.30746512675634774,-31.7569812507624
973,32.43333333333333,-0.1279198825359344,-0.11909064287406558,-0.11909064287406558,-1.5465645007989732,-0.11144323100010035,-0.39887648292196065,-0.007647411873965226,-0.01647665153583404,-1.1476880178770126,-13.904495464323057
974,32.46666666666667,0.0360105708241462,-0.08147318992429511,-0.15286501512292022,-1.0132311674656398,-0.15107900602962968,-0.6294520581408107,-0.001786009093290547,0.18708957685377586,-0.38377910932482906,-10.605209664114273
975,32.5,0.0246906597167253,-0.05572475428272647,-0.1688616095939971,-0.47989783413230647,-0.16673749574982677,0.2441586760315423,-0.0021241138441703278,0.19142815546655206,-0.7240565101638488,0.3549047738393369
976,32.53333333333333,0.0174454562366008,-0.037978426669254495,-0.1670804262872962,0.05343549920102686,-0.16671805284389676,0.09166638653796075,-0.00036237344339942745,0.18416350908049756,-0.03823088733693389,0.8476499679968122
977,32.56666666666666,0.1674795895814895,0.011852306921933682,-0.1475214652028175,0.5867688325343602,-0.1502953841503975,-0.4709060634526878,0.002773918947580001,0.317774973731887,1.0576748959870481,-2.353280681188135
978,32.6,0.1130071952939033,0.03638589478524852,-0.11018472634056106,1.1201021658676935,-0.11183878991835632,0.5708963141125439,0.0016540635777952534,0.22484598521225962,0.5492058517551496,9.922417385598655
979,32.63333333333333,0.0457754395902156,0.03866318682893214,-0.05507020970052684,1.6534354992010267,-0.06100448466610761,0.46646052211971023,0.005934274965580771,0.10677992425632321,1.1869749770813165,13.298510859482567
980,32.666666666666664,0.1498671174049377,0.06563401785293631,0.011596456966139826,2.0,0.0023477322442390317,1.6022660292415978,0.009248724721900794,0.14751938516069865,0.3977339707584022,30.511271203534047
981,32.7,0.1235175803303718,0.0796728002463273,0.07826312363280649,2.0,0.06840194623854222,1.9265056793163826,0.009861177394264273,0.05511563409182958,0.07349432068361739,34.98577837456608
982,32.733333333333334,0.0829699859023094,0.08047248274605227,0.1271520125216954,1.4666666666666668,0.12025844157295373,0.4223502505938672,0.006893570948741656,-0.03728845567064433,1.0443164160727996,13.390236054244536
983,32.766666666666666,0.1339995115995407,0.09345465381632496,0.1582631236328065,0.9333333333333335,0.15627783789923738,0.44986997360584013,0.0019852857335691254,-0.02227832629969667,0.4834633597274933,8.511183489311936
984,32.8,0.0647334605455398,0.08648876289410917,0.17159645696613984,0.40000000000000013,0.16966191675023237,-0.24200666156553885,0.001934540215907471,-0.10492845620469257,0.642006661565539,-0.6105412248363293
985,32.833333333333336,0.0868865326046943,0.08658523591979352,0.1671520125216954,-0.1333333333333332,0.16722581168989115,-0.016460054518077694,-7.379916819574839e-05,-0.08033927908519685,-0.1168732788152555,-0.44685102650775543
986,32.86666666666667,0.0811443254351615,0.08526562539399969,0.14492979029947317,-0.6666666666666665,0.14767867265736073,0.36810915539237765,-0.002748882357887561,-0.06653434722219924,-1.0347758220590442,1.026904405144677
987,32.9,-0.1508911103010177,0.02798938182401712,0.10492979029947318,-1.1999999999999997,0.1064024019073863,-0.7109157723485706,-0.0014726116079131213,-0.257293512208404,-0.4890842276514291,-11.555121512444817
988,32.93333333333333,0.0442559495568275,0.031934591740516334,0.047152012521695416,-1.733333333333333,0.05400903535168652,-0.39918280281807816,-0.006857022829991101,-0.00975308579485902,-1.3341505305152548,-13.438411651126236
989,32.96666666666667,0.0138400616124272,0.027546037199183013,0.007152012521695422,-1.1999999999999997,0.00952046697809759,-0.7402962613170492,-0.0023684544564021685,0.004319594634329609,-0.45970373868295056,-12.729082568932489
990,33.0,-0.0188615713268518,0.016290573823917312,-0.01507020970052679,-0.6666666666666664,-0.012373840701161432,0.2515534866079254,-0.002696368999365359,-0.006487730625690368,-0.9182201532745918,-0.332198992548123
991,33.03333333333333,-0.0071188756264746,0.010612966007168805,-0.019514654144971225,-0.13333333333333308,-0.01810641107335716,0.271527405273182,-0.0014082430716140654,0.01098753544688256,-0.40486073860651506,1.8095303336525694
992,33.06666666666666,-0.2181635200977325,-0.04487330967607661,-0.041736876367193435,-0.6666666666666664,-0.03901853285820755,0.30032686041428236,-0.0027183435089858862,-0.17914498723952493,-0.9669935270809488,0.23652545259017266
993,33.1,-0.2178287357091903,-0.08682103172206582,-0.08173687636719343,-1.1999999999999997,-0.08026356587543076,-0.7093645694398214,-0.0014733104917626638,-0.13756516983375955,-0.49063543056017833,-11.537033630784672
994,33.13333333333333,-0.582690417766571,-0.20708664959824497,-0.1395146541449712,-1.733333333333333,-0.1326573514806977,-0.39916471969389966,-0.006857302664273479,-0.45003306628587336,-1.3341686136394333,-13.438449254115978
995,33.166666666666664,-0.3208498060703277,-0.23467818214635736,-0.20618132081163787,-2.0,-0.19676203662367428,-1.6925622171571906,-0.009419284187963589,-0.12408776944665342,-0.3074377828428094,-31.75735859676923
996,33.2,-0.397348403930664,-0.2741313835004512,-0.2728479874783045,-2.0,-0.26295529366096343,-1.9431908444746986,-0.009892693817341092,-0.13439311026970058,-0.056809155525301414,-35.21603365375084
997,33.233333333333334,-0.0665220022201538,-0.22377886886804904,-0.3217368763671934,-1.4666666666666668,-0.31483068618903215,-0.4215347854882632,-0.006906190178161242,0.24830868396887834,-1.0451318811784036,-13.391931774833967
998,33.266666666666666,-0.1522424519062042,-0.20642879316526694,-0.3528479874783045,-0.9333333333333335,-0.3508629905367479,-0.4505109599588233,-0.0019849969415565716,0.1986205386305437,-0.48282237337451017,-8.51865774379735
999,33.3,0.1147261708974838,-0.1285375151916308,-0.36618132081163784,-0.40000000000000013,-0.3642474490422079,0.24177612686129435,-0.00193387176942994,0.4789736199396917,-0.6417761268612945,0.608369381112911
1000,33.333333333333336,0.0230394415557384,-0.09177481744892906,-0.3617368763671934,0.1333333333333332,-0.36181102092642975,0.016362993214214173,7.414455923632213e-05,0.38485046248216814,0.11697034011911903,0.44599511176673573
1001,33.36666666666667,0.0293922256678342,-0.06238758420408565,-0.33951465414497123,0.6666666666666665,-0.3422635285985589,-0.36809161145715974,0.0027488744535876797,0.3716557542663931,1.0347582781238263,-1.0266998331816548
1002,33.4,0.0842464715242385,-0.026823712325384476,-0.29951465414497125,1.1999999999999997,-0.30098726593377484,0.7109153708542958,0.0014726117888035906,0.38523373745801337,0.48908462914570394,11.555116830800074
1003,33.43333333333333,0.1799098402261734,0.0233163832987466,-0.2417368763671935,1.733333333333333,-0.24859389926961345,0.39918279813766366,0.0068570229024199625,0.42850373949578685,1.3341505351956693,13.438411660858915
1004,33.46666666666667,0.1570571362972259,0.0557531796553258,-0.17507020970052684,2.0,-0.1844894421933653,1.6925348491497785,0.009419232492838464,0.3415465784905912,0.3074651508502215,31.756980918266944
1005,33.5,0.2057511359453201,0.092132914724837,-0.10840354303386017,2.0,-0.11829622729884119,1.9431857873428944,0.009892684264981022,0.3240473632441613,0.05681421265710562,35.21596386533194
1006,33.53333333333333,0.1598442792892456,0.10855528183553204,-0.041736876367193504,2.0,-0.05171704628572261,1.9895017215742314,0.009980169918529104,0.2115613255749682,0.010498278425768559,35.85512375772439
1007,33.56666666666666,0.1334352642297744,0.11458954517100534,0.024929790299473162,2.0,0.014933454553658,1.9980601007256726,0.009996335745815162,0.1185018096761164,0.0019398992743273613,35.97322939001428
1008,33.6,0.0921206697821617,0.10914005936350758,0.09159645696613983,2.0,0.08159713405658703,1.9996415403514838,0.009999322909552799,0.01052353572557467,0.00035845964851621837,35.995053256850476
1009,33.63333333333333,0.1444768011569976,0.11771045149726123,0.14048534585502873,1.4666666666666668,0.13353646120693538,0.4187758333150151,0.006948884648093345,0.010940339950062217,1.0478908333516517,13.397668883599708
1010,33.666666666666664,0.0545379631221294,0.1023889201403545,0.17159645696613984,0.9333333333333335,0.1696124370907326,0.45267960050449263,0.0019840198754072502,-0.1150744739686032,0.48065373282884083,8.543945288922638
1011,33.7,0.1027955561876297,0.10248754356186955,0.18492979029947318,0.40000000000000013,0.1829981800760606,-0.24099616188312734,0.0019316102234125665,-0.08020262388843091,0.6409961618831275,-0.6010214113230252
1012,33.733333333333334,0.0479095019400119,0.08925046524476729,0.18048534585502873,-0.1333333333333332,0.18056065897114795,-0.01603460700443473,-7.531311611921887e-05,-0.13265115703113606,-0.11729872632889846,-0.443099306883526
1013,33.766666666666666,0.1462545394897461,0.10307594107262302,0.1582631236328065,-0.6666666666666665,0.16101197134388218,0.3680322552960418,-0.0027488477110756693,-0.014757431854136083,-1.0346989219627083,1.0260077075983236
1014,33.8,0.2456675916910171,0.13765938874701986,0.13765938874701986,-0.6181120465735995,0.1404576705797467,0.3180955318016956,-0.0027982818327268455,0.1052099211112704,-0.9362075783752951,0.44371796331893654
1015,33.833333333333336,0.2209163308143615,0.15785210050138376,0.134833431639011,-0.0847787132402662,0.13608205292488043,0.25490128379557164,-0.0012486212858694445,0.08483427788948106,-0.33967999703583784,1.8205705177420206
1016,33.86666666666667,0.1824229806661605,0.1638113957673214,0.1497852523087799,0.4485546200930671,0.14802265869629208,-0.2712481788762007,0.0017625936124878172,0.03440032196986842,0.7198027989692678,-1.0550260640799842
1017,33.9,0.2662424147129059,0.18865448979545663,0.18251485075632656,0.9818879534264005,0.18052276038280257,0.2751088881763724,0.0019920903735239914,0.08571965433010331,0.7067790652500281,6.473372823655524
1018,33.93333333333333,0.2177419960498809,0.19570922439012586,0.19746667142609547,0.4485546200930671,0.1951208687663691,-0.34541894563877196,0.002345802659726365,0.022621127283511788,0.7939735657318391,-1.4171045470373962
1019,33.96666666666667,0.0991500616073608,0.1722902602425115,0.1946407143180866,-0.0847787132402662,0.19429647284579094,-0.10515233891614328,0.0003442414722956699,-0.09514641123843014,0.020373625675877083,-1.0695071953508264
1020,34.0,-0.1030570417642593,0.10550893770405764,0.17403697943229995,-0.6181120465735995,0.17690604684317546,0.4752071817435046,-0.002869067410875503,-0.27996308860743474,-1.093319228317104,2.275726474615973
1021,34.03333333333333,0.0439514406025409,0.09057909804833716,0.13565546676873552,-1.1514453799069329,0.13723594609423861,-0.6311566042490031,-0.0015804793255030924,-0.09328450549169771,-0.5202887756579297,-10.62508561207397
1022,34.06666666666666,-0.0524347200989723,0.05589326002651988,0.07949617632739332,-1.684778713240266,0.08579147525876223,-0.44013022404545077,-0.006295298931368903,-0.13822619535773453,-1.2446484891948153,-13.353263451916433
1023,34.1,0.0732886716723442,0.06011225395652179,0.0411146636638289,-1.1514453799069329,0.04265328859928572,-0.7985688909506684,-0.0015386249354568254,0.03063538307305847,-0.35287648895626444,-12.607907429502577
1024,34.13333333333333,-0.2238267213106155,-0.00875284895299027,-0.00875284895299027,-1.496025378504575,-0.004825878723480183,-0.6112438140520724,-0.003926970229510087,-0.21900084258713534,-0.8847815644525026,-12.99744094557391
1025,34.166666666666664,0.0548476353287696,0.006672486336177116,-0.04084258379203166,-0.9626920451712416,-0.038856292816026525,-0.35110112085349876,-0.0019862909760051325,0.09370392814479613,-0.6115909243177429,-7.3594841789148235
1026,34.2,-0.2598664164543152,-0.057972492229328376,-0.057972492229328376,-0.5138972531189016,-0.05537445186201233,0.3758080207531136,-0.0025980403673160485,-0.20449196459230284,-0.8897052738720151,1.4647749265306136
1027,34.233333333333334,-0.0964409038424491,-0.06730242350068925,-0.06730242350068925,-0.27989793814082636,-0.0650616293710914,0.4402181457293637,-0.0022407941295978506,-0.0313792744713577,-0.7201160838701901,2.886110131070986
1028,34.266666666666666,-0.3868763148784637,-0.14481023621367956,-0.09441013254982791,-0.8132312714741596,-0.09204474861416788,-0.0011466489215277154,-0.0023653839356600342,-0.2948315662642958,-0.8120846225526319,-3.2788219786051114
1029,34.3,-0.3229898810386657,-0.1880250134935817,-0.13929561937674434,-1.3465646048074928,-0.13689965996427797,-0.7244875693252985,-0.0023959594124663697,-0.18609022107438775,-0.6220770354821944,-12.761955985978354
1030,34.333333333333336,-0.5318639278411865,-0.2714179404370045,-0.20195888398143855,-1.879897938140826,-0.19395868671515262,-0.8470832101049597,-0.008000197266285924,-0.33790524112603393,-1.0328147280358664,-20.089748299448445
1031,34.36666666666667,-0.7510507106781006,-0.3877456127840361,-0.2686255506481052,-2.0,-0.2589950794141176,-1.8043671238757995,-0.009630471233987636,-0.492055631263983,-0.19563287612420055,-33.300266309486034
1032,34.4,-0.1298045367002487,-0.3251859070149064,-0.3251859070149064,-1.6968106910040355,-0.31675548922273655,-0.9312491770342746,-0.008430417792169853,0.18695095252248786,-0.7655615139697609,-21.251238643072988
1033,34.43333333333333,0.005615119356662,-0.24495512255772633,-0.3639684856039298,-1.1634773576707023,-0.3614250558961427,-0.7324856942904556,-0.0025434297077870927,0.3670401752528047,-0.43099166338024664,-12.745324268585076
1034,34.46666666666667,-0.1704540848731994,-0.22688602294861682,-0.3849732864151754,-0.6301440243373689,-0.38219771508202377,0.30725229225998096,-0.0027755713331516496,0.21174363020882436,-0.9373963165973499,0.3172798084283738
1035,34.5,-0.2253786623477935,-0.22652043543883665,-0.38820030944864325,-0.09681069100403561,-0.386906245459141,0.2610519314442027,-0.0012940639895022699,0.1615275831113475,-0.3578626224482383,1.836965232852711
1036,34.53333333333333,0.0775535628199577,-0.15277188731331892,-0.3736495547043333,0.4365226423292977,-0.37533773472480747,-0.2574695608894546,0.0016881800204741615,0.4528912975447652,0.6939922032187523,-0.9730364066001861
1037,34.56666666666666,0.1296596825122833,-0.08427238278902327,-0.3413210221822456,0.969855975662631,-0.34334222702240924,0.2500517669657644,0.0020212048401636595,0.47300190953469257,0.7198042086968666,6.181192967206712
1038,34.6,0.0768813118338584,-0.045186992155308185,-0.29121471188238013,1.5031893089959643,-0.2954241592504571,0.5923040705305401,0.004209447368076991,0.37230547108431555,0.9108852384654241,13.036825234157046
1039,34.63333333333333,0.1075877323746681,-0.008133793957241564,-0.22454804521571348,2.0,-0.23347805179459727,1.4335328947031836,0.008930006578883792,0.34106578416926536,0.5664671052968164,28.182753946903933
1040,34.666666666666664,0.0985949039459228,0.01775163708506136,-0.15788137854904682,2.0,-0.1676836623734058,1.8953267305429795,0.009802283824358965,0.26627856631932856,0.10467326945702049,34.55550888149312
1041,34.7,0.1419716626405716,0.047879325033692584,-0.09121471188238016,2.0,-0.10117817737166387,1.9806582002090303,0.009963465489283715,0.24314984001223547,0.019341799790969727,35.73308316288462
1042,34.733333333333334,0.1589980721473693,0.07482949609759812,-0.024548045215713493,2.0,-0.03454129427351592,1.9964259717777557,0.009993249057802425,0.1935393664208852,0.0035740282222442854,35.95067841053303
1043,34.766666666666666,0.1254311203956604,0.0871021545496336,0.04211862145095317,2.0,0.03211986890766359,1.9993395817415418,0.00999875254328958,0.09331125148799681,0.0006604182584581952,35.990886228033276
1044,34.8,0.0627870857715606,0.08120490246552474,0.09100751033984206,1.4666666666666668,0.08405885406737088,0.41879059113775363,0.006948656272471182,-0.021271768295810276,1.0478760755289132,13.39763819541491
1045,34.833333333333336,0.1153969168663024,0.08949765828806643,0.12211862145095317,0.9333333333333335,0.12013459634915268,0.4526680002987813,0.001984025101800499,-0.004737679482850282,0.48066533303455217,8.543810024124612
1046,34.86666666666667,0.1602073609828949,0.10664722695224532,0.1354519547842865,0.40000000000000013,0.13352033246371053,-0.2410003339688226,0.0019316223205759764,0.026687028519184364,0.6410003339688227,-0.6010607161129979
1047,34.9,0.1353718340396881,0.11361394584404584,0.13100751033984206,-0.1333333333333332,0.13108281720527107,-0.016036363564597783,-7.530686542900344e-05,0.004289016834417042,-0.11729696976873541,-0.44311479674074006
1048,34.93333333333333,0.1027539372444152,0.11098001505272659,0.11098001505272659,-0.6008248586134644,0.1138788651053219,0.4844671002697736,-0.0028988500525953115,-0.0111249278609067,-1.085291958883238,2.383702233003874
1049,34.96666666666667,0.0971835181117057,0.10763388343856445,0.10763388343856445,-0.1003839484248642,0.1091386688906569,0.32899426062637904,-0.0015047854520924553,-0.011955150778951207,-0.42937820905124324,2.4596551173792567
1050,35.0,0.0160834249109029,0.08542970473435921,0.08650997404662453,-0.6337172817581975,0.08930117416096905,0.3536906761259959,-0.0027912001143445275,-0.07321774925006616,-0.9874079578841934,0.8587769827303999
1051,35.03333333333333,0.0522124096751213,0.07737335234216686,0.07737335234216686,-0.2740986511337301,0.07959990064198806,0.43229416527857323,-0.0022265482998212044,-0.02738749096686676,-0.7063928164123033,2.811332377676073
1052,35.06666666666666,0.0589381791651248,0.07290217998269327,0.07290217998269327,-0.13413517078420756,0.07440040780988635,0.3234173939590429,-0.0014982278271930827,-0.015462228644761551,-0.45755256474325046,2.352597535977785
1053,35.1,0.0863196700811386,0.07615638922095468,0.07615638922095468,0.09762627714784214,0.07625779226144135,0.06503927949122298,-0.00010140304048666948,0.010061877819697251,0.032586997656619154,0.8247250900645926
1054,35.13333333333333,-0.0582746230065822,0.043552180930883186,0.0616328206814383,-0.4357070561854912,0.06388914991858112,0.40532666113946036,-0.0022563292371428206,-0.12216377292516331,-0.8410337173249516,2.2395765386662383
1055,35.166666666666664,-0.3250518441200256,-0.04584714895720034,0.02933147436414415,-0.9690403895188245,0.03134153515242316,-0.2774682920402753,-0.0020100607882790125,-0.35639337927244874,-0.6915720974785493,-6.500884774308825
1056,35.2,-0.0983845517039299,-0.058589301186735256,-0.020747649730927777,-1.5023737228521579,-0.016552825382741675,-0.5933271020293397,-0.004194824348186101,-0.08183172632118822,-0.9090466208228182,-13.034697889204741
1057,35.233333333333334,-0.1419286876916885,-0.07880200859218968,-0.07880200859218968,-1.7416307658378571,-0.07115406865836398,-0.5521491930746762,-0.007647939933825704,-0.07077461903332453,-1.189481572763181,-16.019658864430532
1058,35.266666666666666,-0.4703380763530731,-0.1737631585145322,-0.14546867525885634,-2.0,-0.1359032950536929,-1.769907167439472,-0.009565380205163454,-0.3344347812993802,-0.23009283256052804,-32.824718910664714
1059,35.3,-0.5073403120040894,-0.25466725060582734,-0.21213534192552302,-2.0,-0.2022156521050037,-1.9574828461572968,-0.009919689820519328,-0.30512465989908566,-0.04251715384270316,-35.413263276970696
1060,35.333333333333336,-0.4223374426364898,-0.29533311910164006,-0.2788020085921897,-2.0,-0.26881684851665893,-1.9921435693986298,-0.009985160075530741,-0.15352059411983088,-0.007856430601370201,-35.89158125770109
1061,35.36666666666667,-0.2164665758609771,-0.27620523216299075,-0.32769089748107855,-1.4666666666666668,-0.3207476836558232,-0.4191422866055208,-0.006943213825255368,0.10428110779484609,-1.047524380061146,-13.39690686155178
1062,35.4,-0.3433900475502014,-0.29249989273660143,-0.35880200859218964,-0.9333333333333335,-0.35681785893957607,-0.45239155438626194,-0.001984149652613565,0.013427811389374655,-0.4809417789470715,-8.540586512279152
1063,35.43333333333333,-0.437711238861084,-0.3277187079242065,-0.372135341925523,-0.40000000000000013,-0.3702034313159755,0.24109975945016604,-0.0019319106095475047,-0.06750780754510849,-0.6410997594501662,0.601997393340425
1064,35.46666666666667,0.0874436497688293,-0.22702735880671338,-0.3676908974810786,0.1333333333333332,-0.3677660553855493,0.016078224363337723,7.515790447071291e-05,0.4552097051543786,0.11725510896999547,0.4434839374104518
1065,35.5,0.0670561119914054,-0.15570186197611716,-0.3454686752588564,0.6666666666666665,-0.3482175265219623,-0.36804013918064493,0.0027488512631059225,0.41527363851336774,1.0347068058473115,-1.0260996380420506
1066,35.53333333333333,0.0038878337945789,-0.1169957956032042,-0.3054686752588564,1.1999999999999997,-0.3069412875783759,0.7109141929073819,0.0014726123195195062,0.3108291213729548,0.48908580709261784,11.555103095289228
1067,35.56666666666666,-0.0511709339916706,-0.10103097124396344,-0.24769089748107864,1.733333333333333,-0.2545479205959982,0.3991827844057696,0.006857023114919536,0.20337698660432757,1.3341505489275634,13.438411689413792
1068,35.6,0.1645558476448059,-0.036616906225317644,-0.181024230814412,2.0,-0.19044346334651668,1.6925348699377802,0.009419232532104693,0.3549993109913226,0.30746513006221976,31.75698120514137
1069,35.63333333333333,0.089577130973339,-0.006010451616273019,-0.11435756414774532,2.0,-0.12425024841998206,1.943185791184156,0.009892684272236732,0.21382737939332105,0.05681420881584409,35.21596391834135
1070,35.666666666666664,0.2058394253253936,0.045370531086892554,-0.04769089748107866,2.0,-0.05767106740094849,1.989501722284029,0.00998016991986983,0.2635104927263421,0.010498277715971005,35.8551237675196
1071,35.7,0.2153800874948501,0.08660377702158523,0.018975769185588007,2.0,0.008979433439525102,1.9980601008568315,0.009996335746062904,0.206400654055325,0.0019398991431684998,35.973229391824276
1072,35.733333333333334,0.1921885013580322,0.11221175458176709,0.08564243585225467,2.0,0.07564311294265609,1.9996415403757195,0.009999322909598582,0.11654538841537611,0.0003584596242804938,35.99505325718493
1073,35.766666666666666,0.1233051195740699,0.11490228243582083,0.13453132474114357,1.4666666666666668,0.12758244009303188,0.4187758333138327,0.006948884648111692,-0.004277320518961986,1.047890833352834,13.397668883602197
1074,35.8,0.0700659751892089,0.10402791441460965,0.1656424358522547,0.9333333333333335,0.16365841597684788,0.4526796005054229,0.001984019875406806,-0.09359244078763898,0.4806537328279106,8.543945288933479
1075,35.833333333333336,-0.0286894869059324,0.07183931652584372,0.17897576918558802,0.40000000000000013,0.17704415896217643,-0.24099616188279271,0.001931610223411595,-0.20573364586810883,0.6409961618827928,-0.601021411319886
1076,35.86666666666667,0.1069283783435821,0.0803496376284798,0.17453132474114358,-0.1333333333333332,0.1746066378572633,-0.016034607004294217,-7.531311611971847e-05,-0.0676782595136812,-0.11729872632903898,-0.44309930688229127
1077,35.9,0.1188500076532363,0.08968731992910339,0.15230910251892135,-0.6666666666666665,0.15505795022999702,0.36803225529601336,-0.0027488477110756693,-0.036207942576760715,-1.0346989219626799,1.0260077075979954
1078,35.93333333333333,0.308883786201477,0.1428501067323122,0.1428501067323122,-0.28376987359827494,0.1451308141763308,0.44466651159813564,-0.0022807074440186204,0.1637529720251462,-0.7284363851964106,2.8980661689208542
1079,35.96666666666667,0.2322482019662857,0.16453226228143972,0.1511688887234808,0.2495634597350584,0.15077358759567552,-0.005669190943082936,0.00039530112780528093,0.08147461437061018,0.2552326506781413,0.6311857281194729
1080,36.0,0.220301479101181,0.1780582421222174,0.1772654484924272,0.7828967930683917,0.17478872166115608,-0.14623751872198054,0.00247672683127112,0.04551275744002492,0.9291343117903722,1.560241277216366
1081,36.03333333333333,0.1684292405843734,0.175722873470571,0.18558423048359582,0.24956345973505834,0.18373759983960092,-0.3307385791100722,0.001846630643994901,-0.015308359255227527,0.5803020388451305,-1.9659764247037566
1082,36.06666666666666,0.0026156906969845,0.13373834512301633,0.17612523469698665,-0.283769873598275,0.17688127602705797,0.08607853925902381,-0.0007560413300713165,-0.17426558533007347,-0.3698484128572988,-0.03668429293418618
1083,36.1,0.1077134683728218,0.12742640498192312,0.1488884611325997,-0.8171032069316083,0.15127900262235133,0.06742337496820949,-0.002390541489751624,-0.04356553424952954,-0.8845265818998178,-2.4792576723785054
1084,36.13333333333333,-0.0719626173377037,0.07906761405457804,0.10387390979043498,-1.3504365402649416,0.10632818056567941,-0.720348762480561,-0.0024542707752444326,-0.17829079790338312,-0.6300877777843806,-12.770562436376037
1085,36.166666666666664,-0.138110339641571,0.02639438693987297,0.041081580670492474,-1.883769873598275,0.04911172548977427,-0.8659746091086187,-0.008030144819281798,-0.18722206513134526,-1.0177952644896564,-20.350449605698937
1086,36.2,0.0641998648643493,0.03556353367417715,-0.0039329706716722534,-1.3504365402649419,0.0007794068715043321,-0.574428024157415,-0.0047123775431765855,0.06342045799284496,-0.7760085161075269,-13.073997615519236
1087,36.233333333333334,-0.1860588639974594,-0.01818762608946966,-0.031169744236059203,-0.8171032069316085,-0.028869743797532554,-0.1335364012668827,-0.002300000438526649,-0.15718912019992687,-0.6835668056647258,-4.822559525725449
1088,36.266666666666666,-0.1126334890723228,-0.04109404134145365,-0.04109404134145365,-0.29772891316183336,-0.039308145963853264,0.2708676927100315,-0.0017858953776003841,-0.07332534310846954,-0.5685966058718649,1.2334672802890756
1089,36.3,-0.3068195283412933,-0.10554173821261331,-0.06879611622462586,-0.8310622464951667,-0.06646094480097474,-0.00957259589834647,-0.002335171423651125,-0.24035858354031853,-0.8214896505968202,-3.3770731686536326
1090,36.333333333333336,0.0217157788574695,-0.07467735264949993,-0.0787204133300203,-0.29772891316183336,-0.07680908880920667,0.31493381102008766,-0.0019113245208136342,0.09852486766667617,-0.612662724181921,1.6507520727872396
1091,36.36666666666667,-0.1775839179754257,-0.09963578325793251,-0.09963578325793251,-0.6274610978373663,-0.09683963385027936,0.34410418638489015,-0.002796149407653159,-0.08074428412514634,-0.9715652842222564,0.7469932238196322
1092,36.4,-0.2622986137866974,-0.1390871919748125,-0.1383289309636225,-1.1607944311706997,-0.1367680821102947,-0.6439856214457524,-0.0015608488533278009,-0.12553053167640268,-0.5168088097249472,-10.774679029905975
1093,36.43333333333333,-0.4729926288127899,-0.22007090422586617,-0.19479985644709027,-1.694127764504033,-0.18839594309316654,-0.4322164423154813,-0.006403913353923735,-0.2845966857196234,-1.2619113221885516,-13.369719781596014
1094,36.46666666666667,-0.5655884146690369,-0.3038709492578004,-0.26146652311375695,-2.0,-0.2521310173853145,-1.648208915057759,-0.00933550572844244,-0.31345739728372235,-0.351791084942241,-31.145283027797074
1095,36.5,-0.5994893908500671,-0.37556873003286967,-0.3281331897804236,-2.0,-0.3182559767653853,-1.9349951256084992,-0.0098772130150383,-0.28123341408468183,-0.06500487439150082,-35.10293273339729
1096,36.53333333333333,-0.399750143289566,-0.3814335659922624,-0.3814335659922624,-1.5990112863551642,-0.3734418270244399,-0.6223020310865537,-0.007991738967822515,-0.026308316265126086,-0.9767092552686105,-16.987768028994438
1097,36.56666666666666,-0.0280937943607568,-0.29573634984737,-0.41695616442632344,-1.0656779530218308,-0.4152975206595798,-0.7396887461114947,-0.0016586437667436282,0.387203726298823,-0.32598920691033606,-11.890630259558897
1098,36.6,0.0447643399238586,-0.21315305877296073,-0.4347009850826067,-0.5323446196884974,-0.43244445806048515,0.2483209314681597,-0.002256527022121535,0.47720879798434374,-0.7806655511566571,0.21300301606117578
1099,36.63333333333333,-0.2837826013565063,-0.23028318581484195,-0.43466802796111215,0.0009887136448358813,-0.4340152211983544,0.14219122695557962,-0.0006528067627577516,0.1502326198418481,-0.14120251331074374,1.1209522882911918
1100,36.666666666666664,-0.0578615553677082,-0.18846492781276067,-0.41685729306183983,0.5343220469781692,-0.4192669311386526,-0.40027018731435327,0.00240963807681277,0.3614053757709444,0.9345922342925225,-1.9047210371506784
1101,36.7,-0.1006339341402053,-0.1671628490396206,-0.38126878038478973,1.0676553803115025,-0.38305066593281434,0.4596460857532606,0.0017818855480246087,0.28241673179260907,0.6080092945582419,8.625178350088337
1102,36.733333333333334,0.0822212845087051,-0.10667850022964365,-0.32790248992996185,1.6009887136448357,-0.33323454044420564,0.5103977375359011,0.005332050514243791,0.4154558249529107,1.0905909761089347,13.207145526603425
1103,36.766666666666666,-0.0167891662567853,-0.08487720215605424,-0.2612358232632952,2.0,-0.2703732673800576,1.5433527676977619,0.009137444116762428,0.25358410112327234,0.45664723230223814,29.69826819422911
1104,36.8,0.0793265625834465,-0.0450520631582247,-0.19456915659662855,2.0,-0.20440977127037813,1.9156195331615413,0.009840614673749581,0.28373633385382463,0.08438046683845868,34.83554955762927
1105,36.833333333333336,0.1382954567670822,-0.0005838959544057568,-0.1279024899299619,2.0,-0.13787303829358954,1.9844079572146325,0.009970548363627652,0.27616849506067176,0.015592042785367521,35.78482980956193
1106,36.86666666666667,0.1060270592570304,0.02527297837927667,-0.06123582326329523,2.0,-0.07123038111309599,1.997118861659228,0.009994557849800759,0.1772574403701264,0.0028811383407720825,35.960240290897346
1107,36.9,0.1995148062705993,0.06753269773477648,0.005430843403371438,2.0,-0.004568150981917832,1.9994676157413793,0.00999899438528927,0.20408295725251713,0.0005323842586206773,35.992653097231035
1108,36.93333333333333,0.2879600822925567,0.12099402514629021,0.0720975100700381,2.0,0.0620976958901477,1.9999016246478631,0.009999814179890404,0.22586238640240902,9.83753521368591e-05,35.99864242014051
1109,36.96666666666667,0.174354538321495,0.13393581035791047,0.13393581035791047,1.8551490086361708,0.12465310201862118,1.5066487354168183,0.009282708339289292,0.049701436302873825,0.3485002732193525,29.191752548752092
1110,37.0,0.0622622668743133,0.11655247669178179,0.17799633286800506,1.3218156753028376,0.17313899779167,0.5678007538329665,0.0048573350763350676,-0.1108767309173567,0.7540149214698711,13.08777870641309
1111,37.03333333333333,0.0884077921509742,0.10972640924036914,0.20427907760032188,0.7884823419695043,0.20191718986645188,0.09028635122107698,0.0023618877338699995,-0.11350939771547768,0.6981959907484273,4.318240082658775
1112,37.06666666666666,0.0611723698675632,0.09795036153527702,0.2127840445548609,0.25514900863617096,0.21115772555583173,-0.25033699728421566,0.0016263189990291804,-0.14998535568826854,0.5054860059203866,-1.1892328789813436
1113,37.1,0.1066766902804374,0.10006680055705035,0.20351123373162217,-0.27818432469716237,0.2043574672524404,0.11473553398370367,-0.0008462335208182237,-0.09768077697200299,-0.39291985868086604,0.23436489164270213
1114,37.13333333333333,0.0790462717413902,0.09496858929971634,0.17646064513060564,-0.8115176580304957,0.17886184768084162,0.07271958956431146,-0.002401202550235987,-0.09981557593945142,-0.8842372475948072,-2.4175008884525053
1115,37.166666666666664,0.0927332714200019,0.09442644676476783,0.13163227875181133,-1.344850991363829,0.13402123106604066,-0.7251044258834664,-0.0023889523142293367,-0.04128795964603876,-0.6197465654803626,-12.760673262340967
1116,37.2,0.0867577940225601,0.09256653105656823,0.09256653105656823,-1.171972430857293,0.09411123269084702,-0.6430694373158274,-0.0015447016342787917,-0.007353438668286916,-0.5289029935414655,-10.76399581752447
1117,37.233333333333334,0.1939021646976471,0.11714395595051934,0.07127856113910291,-0.6386390975239596,0.07405763478393665,0.34295942748618247,-0.002779073644833735,0.11984452991371045,-0.9815985250101421,0.7336447035374503
1118,37.266666666666666,0.149784967303276,0.12506053944795334,0.06776836899941537,-0.10530576419062632,0.06913973800974982,0.28099028137558135,-0.0013713690103344528,0.08064522929352619,-0.38629604556620767,1.9954664279297896
1119,37.3,0.0085368258878588,0.09679947554094714,0.0820359546375056,0.428027569142707,0.08042367948874941,-0.24117506260302168,0.0016122751487561843,-0.07188685360089062,0.6692026317457287,-0.8572454454177258
1120,37.333333333333336,0.097228430211544,0.09690351200690388,0.09690351200690388,0.4460267210819484,0.09414580331167847,-0.5135512353941856,0.0027577086952254026,0.0030826268998655204,0.959577956476134,-3.0736253564900635
1121,37.36666666666667,0.1196429952979087,0.10241862966720706,0.10241862966720706,0.1654535298090956,0.10058736052817564,-0.39235853703617574,0.0018312691390314217,0.019055634769733057,0.5578120668452713,-2.8378920691053517
1122,37.4,0.1114876642823219,0.10461818681314741,0.10461818681314741,0.06598671437821044,0.10357196397652499,-0.24014430017094968,0.0010462228366224235,0.007915700305796913,0.30613101454916014,-1.8529724166724915
1123,37.43333333333333,0.0621937476098537,0.09432878089814586,0.09432878089814586,-0.30868217745004645,0.09544490362421645,0.15943073869767177,-0.0011161227260705897,-0.03325115601436275,-0.4681129161477182,0.48581365227743956
1124,37.46666666666667,-0.0307145603001117,0.06400141019581215,0.06626159720536653,-0.8420155107833798,0.06858714246826021,0.005078381266312881,-0.0023255452628936774,-0.09930170276837191,-0.8470938920496927,-3.2062346924845144
1125,37.5,-0.0511676669120788,0.03606889286680995,0.03606889286680995,-0.9057811301566976,0.03822148822261368,-0.16911652614397077,-0.002152595355803734,-0.08938915513469248,-0.7366646040127268,-5.237443410096719
1126,37.53333333333333,-0.084804430603981,0.006752896878589723,0.006752896878589723,-0.8794798796466068,0.008969370270708552,-0.11382055599129959,-0.0022164733921188288,-0.09377380087468956,-0.7656593236553072,-4.592661893273231
1127,37.56666666666666,-0.2538508474826813,-0.05645259879934092,-0.040340876887408283,-1.4128132129799402,-0.03717918788879876,-0.6686632045453988,-0.0031616889986095242,-0.21667165959388252,-0.7441500084345414,-12.878040076027515
1128,37.6,-0.0844828113913536,-0.06325090281135044,-0.06965687287562851,-0.8794798796466069,-0.06746349266727436,-0.16507687540793092,-0.002193380208354148,-0.017019318724079233,-0.714403004238676,-5.190338853981155
1129,37.63333333333333,0.0440849177539348,-0.03721822335214274,-0.08119509108607097,-0.3461465463132736,-0.07921756431099057,0.2994496878049633,-0.001977526775080396,0.12330248206492536,-0.6455962341182369,1.337677633623253
1130,37.666666666666664,-0.2153617590665817,-0.08042424291355463,-0.08042424291355463,0.0231254451754902,-0.07988478763352506,0.13369818804372563,-0.0005394552800295632,-0.13547697143305665,-0.11057274286823543,1.1520728510934393
1131,37.7,-0.1732111722230911,-0.10292830890008281,-0.09743117251881607,-0.5102078881578431,-0.09465562567382418,0.505219897461066,-0.0027755468449918858,-0.07855554654926691,-1.0154277856189091,2.8697762021501485
1132,37.733333333333334,-0.6947885751724243,-0.24647506258738242,-0.1322158799018553,-1.0435412214911763,-0.13038743081725446,-0.4355887745532229,-0.001828449084600836,-0.5644011443551699,-0.6079524469379534,-8.344656829922807
1133,37.766666666666666,-0.1018665060400962,-0.21140244489248633,-0.18477836506267228,-1.5768745548245096,-0.17972809497922915,-0.5309151819758708,-0.005050270083443137,0.07786158893913295,-1.0459593728486387,-13.16448048460361
1134,37.8,-0.1184956952929496,-0.1888693183073075,-0.2195630724457115,-1.0435412214911763,-0.21778668057317796,-0.5511320065671503,-0.0017763918725335337,0.09929098528022837,-0.492409214924026,-9.691954656345516
1135,37.833333333333336,-0.3010530769824981,-0.21607779181354056,-0.23657000205097292,-0.510207888157843,-0.23422125136751276,0.2976453950856882,-0.00234875068346016,-0.06683182561498535,-0.8078532832435312,0.7541282558739972
1136,37.86666666666667,-0.0841652601957321,-0.18408440289478428,-0.23579915387845657,0.02312544517549031,-0.23519240233852606,0.1423722957936625,-0.0006067515399305057,0.15102714214279395,-0.1192468506181722,1.1952482013264083
1137,37.9,-0.0294916424900293,-0.1465902675992585,-0.21725052792816246,0.5564587785088236,-0.21977906499650068,-0.4206741885283558,0.0025285370683382213,0.19028742250647138,0.9771329670371794,-2.0123232410315413
1138,37.93333333333333,-0.3884606063365936,-0.2052522591495003,-0.2052522591495003,0.35994806335986507,-0.20792277810120238,-0.523945172157402,0.002670518951702089,-0.1805378282353912,0.8838932355172671,-3.3954661205819154
1139,37.96666666666667,-0.3959519565105438,-0.25150358576369836,-0.2110317681486159,-0.17338526997346826,-0.2111652731589156,-0.09817811190567997,0.00013350501029968376,-0.18478668335162823,-0.07520715806778829,-1.2980797637932389
1140,38.0,-0.2716445028781891,-0.2563884605100287,-0.2345890549255093,-0.7067186033068016,-0.23192667556436405,0.30781128130983637,-0.002662379361145245,-0.03971782731382503,-1.014529884616638,0.3237979291242968
1141,38.03333333333333,-0.1835551559925079,-0.23872384435044716,-0.2403685639246249,-0.17338526997346826,-0.23871274250246155,0.32521683330080164,-0.0016558214221633616,0.05515758650995364,-0.4986021032742699,2.1770219743744565
1142,38.06666666666666,-0.3196041584014892,-0.2583401409340297,-0.2583401409340297,-0.5391473102821431,-0.255336945981734,0.5132562494022883,-0.0030031949522956736,-0.06426721241975519,-1.0524035596844314,2.71939959385077
1143,38.1,-0.3664763867855072,-0.28456695143725186,-0.28456695143725186,-0.7868043150966653,-0.2821588086511778,0.006861027822039345,-0.002408142786074041,-0.08431757813432939,-0.7936653429187046,-3.1854480502213067
1144,38.13333333333333,-0.7285932898521423,-0.3922588224130724,-0.3285715397182518,-1.3201376484299985,-0.32648769796494725,-0.7471868453762559,-0.0020838417533045606,-0.4021055918871951,-0.5729508030537426,-12.714753929751867
1145,38.166666666666664,0.0189546048641204,-0.29252522662695507,-0.354798350221474,-0.7868043150966652,-0.3523691679684285,0.05355903405777984,-0.002429182253045503,0.3713237728325489,-0.840363349154445,-2.640923535863738
1146,38.2,-0.2530088722705841,-0.2829411326969127,-0.3632473829469184,-0.2534709817633318,-0.3614789708096172,0.3006701990921131,-0.0017684121373011674,0.10847009853903311,-0.554141180855445,1.669211505924987
1147,38.233333333333334,-0.1918297260999679,-0.2608434393963509,-0.353918637894585,0.2798623515700015,-0.3546985542016941,-0.09510436988682325,0.0007799163071091075,0.1628688281017262,0.37496672145682475,-0.05574078573097363
1148,38.266666666666666,-0.0799225196242332,-0.2169638073491176,-0.32681211506447383,0.8131956849033348,-0.32921101237284206,-0.07312071400393283,0.002398897308368231,0.24928849274860887,0.8863163989072677,2.4128235562002542
1149,38.3,0.0266644824296236,-0.15787545136876396,-0.2819278144565849,1.346529018236668,-0.2843367493277133,0.7236524912545399,0.002408934871128421,0.3110012317573369,0.6228765269821281,12.763692490788468
1150,38.333333333333336,0.0789376869797706,-0.10044000726549071,-0.21926573607091818,1.8798623515700013,-0.2272681547626086,0.8482313478125678,0.00800241869169041,0.3062058417423792,1.0316310037574334,20.105592599813434
1151,38.36666666666667,0.0097737880423665,-0.07370931857161654,-0.1525990694042515,2.0,-0.1622299511190204,1.804584437230586,0.00963088171476889,0.1720037391613869,0.19541556276941408,33.303265233782085
1152,38.4,0.1213996708393096,-0.02638858487623994,-0.08593240273758483,2.0,-0.09586419609792256,1.9638906025317404,0.009931793360337726,0.21726386693723215,0.036109397468259585,35.50169031493802
1153,38.43333333333333,0.1146088019013404,0.0078081982222237695,-0.019265736070918166,2.0,-0.029253132670111006,1.9933276113373875,0.00998739659919284,0.1438619345714514,0.0066723886626125495,35.907921036455946
1154,38.46666666666667,0.2094059884548187,0.05670269239174148,0.0474009305957485,2.0,0.03740325948502808,1.9987670586166906,0.009997671110720419,0.17200272896979063,0.0012329413833094272,35.98298540891033
1155,38.5,0.1616828441619873,0.08216404002220502,0.09628981948463738,1.4666666666666668,0.08934159621960677,0.4188185724388702,0.006948223265030612,0.07234124794238053,1.0478480942277966,13.397580009640812
1156,38.53333333333333,0.0440203882753849,0.07291287434331918,0.1274009305957485,0.9333333333333335,0.12541689558454022,0.45264600593994186,0.0019840350112082794,-0.08139650730915532,0.4806873273933916,8.54355355776703
1157,38.56666666666666,0.1992683708667755,0.10355848846897323,0.14073426392908184,0.40000000000000013,0.13880261867189947,-0.2410082443759397,0.0019316452571823683,0.06046575219487604,0.6410082443759398,-0.6011352392443567
1158,38.6,0.2412510961294174,0.13695374738858593,0.13695374738858593,-0.11341549621487723,0.13692961038886386,-0.03341680418685325,2.413699972206307e-05,0.10432148574055353,-0.07999869202802398,-0.5350130924462723
1159,38.63333333333333,0.197858989238739,0.15172539240066452,0.1509510086258678,0.4199178371184561,0.1488181960171832,-0.3785990878852976,0.0021328126086845867,0.0490407932215558,0.7985169250037537,-2.0512555492222475
1160,38.666666666666664,-0.0494234450161457,0.10293978494467898,0.1471704920853719,-0.11341549621487723,0.14697699077486093,-0.08638989214818132,0.00019350131051096287,-0.19640043579100663,-0.027025604066695907,-1.019648574983736
1161,38.7,0.1105083674192428,0.1047754301233643,0.1256121977670982,-0.6467488295482106,0.1284125745539321,0.41690919142541216,-0.002800376786833897,-0.017904207134689293,-1.0636580209736226,1.5959397465546579
1162,38.733333333333334,0.2288835048675537,0.13487596609634597,0.12183168122660229,-0.11341549621487723,0.12331841870235265,0.3143609480589681,-0.0014867374757503576,0.10556508616520106,-0.4277764442738453,2.281842791371661
1163,38.766666666666666,0.154878094792366,0.13972717981142255,0.13582894246388416,0.4199178371184561,0.134310608636506,-0.21958354266795577,0.0015183338273781488,0.020567486155859988,0.6395013797864119,-0.693478312204414
1164,38.8,0.1455292254686355,0.14113437820992963,0.14113437820992963,0.15916307238136418,0.1398468995635075,-0.253404160286938,0.0012874786464221466,0.005682325905128016,0.4125672326683022,-1.6661818813323157
1165,38.833333333333336,0.1779161244630813,0.15005523431477313,0.15005523431477313,0.267625683145305,0.14823678836317916,-0.35402808533524255,0.0018184459515939722,0.029679336099902143,0.6216537684805475,-2.2484448231265306
1166,38.86666666666667,0.1213820874691009,0.1431009963261031,0.1431009963261031,-0.2086271396601011,0.143464821554654,0.013114065911876055,-0.0003638252285509125,-0.022082734085553113,-0.22174120557197716,-0.45705954605236676
1167,38.9,0.0680870115756988,0.12490748916623187,0.12490748916623187,-0.5458052147961368,0.12771243647921288,0.48986783825696967,-0.0028049473129810043,-0.05962542490351408,-1.0356730530531064,2.6093213910716555
1168,38.93333333333333,0.1426960080862045,0.12922182531849558,0.12449175978413843,-0.012471881462803425,0.12554539766535597,0.2518245737300461,-0.0010536378812175395,0.017150610420848533,-0.2642964551928495,2.0597062504682233
1169,38.96666666666667,0.1865352541208267,0.14312233041419856,0.14185380817982277,0.5208614518705299,0.13969104431072055,-0.34028951802002805,0.002162763869102219,0.04684420981010615,0.861150969890558,-1.4246069500446812
1170,39.0,0.2358791679143905,0.16561909808761105,0.16561909808761105,0.7129586972336486,0.16302348532599312,-0.18013868093816787,0.0025956127616179325,0.07285568258839739,0.8930973781718164,1.16493502369589
1171,39.03333333333333,-0.149403303861618,0.08921518027877556,0.17160661021762155,0.17962536390031525,0.17005449868543254,-0.2845110344303957,0.00155211153218901,-0.31945780254705053,0.46413639833071096,-1.7719879811033448
1172,39.06666666666666,0.0647115111351013,0.08327218602921131,0.15981634456985427,-0.3537079694330181,0.16102062363949252,0.17057988406623414,-0.0012042790696382422,-0.09630911250439121,-0.5242878534992522,0.478789524882483
1173,39.1,0.0873007997870445,0.0842492653497056,0.13024830114430924,-0.8870413027663514,0.13246925023188474,-0.07902299292676518,-0.0022209490875755022,-0.04516845044484025,-0.8080183098395862,-4.186903111348188
1174,39.13333333333333,0.1076925620436668,0.08993508230332731,0.08993508230332731,-1.209396565229458,0.09139836825028816,-0.7007165796776638,-0.0014632859469608517,0.01629419379337864,-0.5086799855517943,-11.4361932993659
1175,39.166666666666664,0.0738080665469169,0.08602371860750621,0.06739964124012315,-0.6760632318961247,0.07009531763530143,0.280914121876225,-0.002695676395178273,0.0037127489116154794,-0.9569773537723497,0.010162211910836882
1176,39.2,0.0371647849678993,0.07417372341056301,0.06264197795469678,-0.1427298985627914,0.06412515967123174,0.28993622665921426,-0.0014831817165349565,-0.026960374703332436,-0.43266612522200565,1.9505088846389615
1177,39.233333333333334,-0.0355487205088138,0.0475622045626059,0.0475622045626059,-0.45239320176272635,0.0503744564486252,0.5328573198966635,-0.0028122518860192944,-0.08592317695743901,-0.9852505216593899,3.2481934364078953
1178,39.266666666666666,0.058740459382534,0.050273321160103156,0.0502602089482928,0.08094013157060698,0.050890111817852024,0.1854873478275434,-0.0006299028695592249,0.007850347564681975,-0.10454721625693641,1.7729154547877268
1179,39.3,-0.0384548045694828,0.028753656578700205,0.03518043555620192,-0.45239320176272635,0.03773385249360316,0.4750882136819363,-0.002553416937401236,-0.07618865706308596,-0.9274814154446627,2.7874799781001616
1180,39.333333333333336,-0.1872746646404266,-0.02364074457079961,0.002322884386333268,-0.9857265350960597,0.004288131570825823,-0.3220664353693035,-0.0019652471844925547,-0.19156279621125244,-0.6636600997267561,-7.020923728753557
1181,39.36666666666667,-0.1033859252929687,-0.0429817317382116,-0.0429817317382116,-1.359138483736346,-0.040589336976220185,-0.7235141651619548,-0.0023923947619914135,-0.0627965883167485,-0.6356243185743913,-12.763980133265955
1182,39.4,-0.3614640235900879,-0.12022479350034626,-0.10606412564053425,-1.8924718170696795,-0.0980023250987826,-0.8895585747074892,-0.008061800541751651,-0.2634616984913053,-1.0029132423621903,-20.67590833096335
1183,39.43333333333333,-0.134475365281105,-0.1236810540974624,-0.1513687417650791,-1.3591384837363463,-0.14653527666663319,-0.5657701687962017,-0.004833465098445927,0.012059911385528171,-0.7933683149401446,-13.092001210640234
1184,39.46666666666667,-0.2641115486621856,-0.15774034606586806,-0.1788955801118462,-0.8258051504030129,-0.176618175722617,-0.1550754727755469,-0.0022774043892291873,-0.0874933729395686,-0.670729677627466,-5.073716981865228
1185,39.5,-0.5344788432121277,-0.24911256909915597,-0.22420019623639106,-1.3591384837363463,-0.2216828131985428,-0.715437318772858,-0.0025173830378482642,-0.3127960300135849,-0.6437011649634883,-12.780775548086039
1186,39.53333333333333,-0.3962138593196869,-0.284789761635433,-0.284789761635433,-1.8176869619712586,-0.27707517691457195,-0.647083645923499,-0.007714584720861062,-0.11913868240511494,-1.1706033160477596,-17.329754313744285
1187,39.56666666666666,-0.3525144159793854,-0.30121535198110333,-0.32760154925669716,-1.2843536286379251,-0.3238388118161735,-0.6421209766599523,-0.0037627374405236336,-0.028675604163211854,-0.6422326519779729,-12.933233366342742
1188,39.6,-0.057395052164793,-0.24208042687094136,-0.35263555910018357,-0.7510202953045918,-0.35016327459089264,0.031560905039538234,-0.002472284509290934,0.2927682224260996,-0.78258120034413,-2.8974338558110855
1189,39.63333333333333,-0.1903873234987259,-0.22954304668179873,-0.3598917911658922,-0.21768696197125847,-0.35831509980025783,0.2628675245418861,-0.001576691365634375,0.16792777630153194,-0.4805544865131446,1.4366489819765758
1190,39.666666666666664,-0.1471432596445083,-0.20955822491259218,-0.34937024545382306,0.31564637136207485,-0.35040070394510775,-0.1442973405468021,0.0010304584912846915,0.20325744430059944,0.45994371190887695,-0.3720204475649179
1191,39.7,-0.2122360914945602,-0.21020770094021984,-0.32107092196397613,0.8489797046954082,-0.32338256168557605,0.0028858213970456292,0.002311639721599923,0.11114647019101587,0.8460938832983625,3.29910168910999
1192,39.733333333333334,-0.0422727353870868,-0.16947761563213087,-0.2749938206963514,1.3823130380287414,-0.27781363017272714,0.6936756647657293,0.002819809476375723,0.23554089478564033,0.6886373732630121,12.826027864226857
1193,39.766666666666666,-0.0715968832373619,-0.14573812476835468,-0.21113894165094893,1.9156463713620746,-0.2193944742263958,1.0102987135597647,0.008255532575446867,0.1477975909890339,0.9053476578023099,22.342122247124752
1194,39.8,0.0091344444081187,-0.10817612608830678,-0.14447227498428228,2.0,-0.15414992774278877,1.8293455780328451,0.009677652758506489,0.16328437215090746,0.17065442196715486,33.644968976853264
1195,39.833333333333336,0.026496835052967,-0.0755132367495076,-0.07780560831761561,2.0,-0.0877460441534266,1.9684660307234618,0.009940435835810987,0.1142428792063936,0.031533969276538176,35.564831223983774
1196,39.86666666666667,0.0248762872070074,-0.051165276446424574,-0.02891671942872672,1.4666666666666668,-0.035842025592307904,0.42029949460394156,0.0069253061635811825,0.060718312799315305,1.0463671720627252,13.394500503001666
1197,39.9,0.0535719655454158,-0.025762842907877715,0.0021943916823843924,0.9333333333333335,0.00020983221158913734,0.4514819452203343,0.001984559470795255,0.05336213333382667,0.48185138811299916,8.52997996760502
