sample_index,time_s,q_raw,q_ref,q_cmd,qdot_cmd,q_model,qdot_model,q_cmd_minus_model,q_raw_minus_model,qdot_cmd_minus_model,tau_model
0,0.0,-0.1778383255004882,-0.04313199544135939,-0.017777777777777778,-0.5333333333333333,-0.014503021545069555,0.6817894877501802,-0.0032747562327082227,-0.16333530395541865,-1.2151228210835137,4.717364081512999
1,0.03333333333333333,0.0862903296947479,-0.011742568431907546,-0.017777777777777778,0.0,-0.016190040409153193,0.39931300915843726,-0.0015877373686245845,0.1024803701039011,-0.39931300915843726,3.516054863217401
2,0.06666666666666667,0.0716520473361015,0.008483533995770846,0.0,0.5333333333333333,-0.0024162054924615674,-0.4600880130037741,0.0024162054924615674,0.07406825282856307,0.9934213463371074,-2.7422709361975155
3,0.1,0.1374940574169159,0.039773084729158414,0.035555555555555556,1.0666666666666667,0.034842732725108815,0.5605638577431248,0.000712822830446741,0.10265132469180707,0.5061028089235419,9.320420816825262
4,0.13333333333333333,0.1732757687568664,0.07215214105847892,0.07215214105847892,1.097897565087701,0.07142524223064371,0.5231313739922996,0.0007268988278352068,0.10185052652622269,0.5747661910954014,8.89847756285737
5,0.16666666666666666,0.1532170921564102,0.09181321856452188,0.09181321856452188,0.5898323251812887,0.08879480754667658,-0.5400822483492043,0.0030184110178452933,0.06442228460973361,1.129914573530493,-3.0861884416760086
6,0.2,0.1170045211911201,0.09792298791257704,0.09792298791257704,0.18329308044165504,0.09544811701689367,-0.566267197246928,0.0024748708956833787,0.02155640417422644,0.749560277688583,-4.514682520551517
7,0.23333333333333334,0.1738024950027465,0.11632641442199276,0.11632641442199276,0.5521027952824715,0.11329681023672841,-0.5135680759692911,0.0030296041852643507,0.060505684766018086,1.0656708712517626,-2.7873176468680168
8,0.26666666666666666,0.114235870540142,0.11581938463002758,0.1169520631536307,0.0187694619491382,0.11551920189165737,-0.34552426307222517,0.0014328612619733255,-0.001283331351515371,0.36429372502136337,-2.9580517328386318
9,0.3,0.1018489971756935,0.11243107850254604,0.11243107850254604,-0.13562953953253992,0.11250821658292277,-0.0206289766706391,-7.713808037673742e-05,-0.010659219407229276,-0.11500056286190083,-0.5244337446352638
10,0.3333333333333333,0.1307291388511657,0.11686899621978306,0.11686899621978306,0.13313753151711055,0.11604154954047938,-0.1757850324155404,0.0008274466793036783,0.014687589310686311,0.30892256393265094,-1.2390615725953538
11,0.36666666666666664,0.1328376084566116,0.1207419415383209,0.1207419415383209,0.11618835955613513,0.1196228085925283,-0.2508623778942072,0.001119132945792592,0.013214799864083304,0.36705073745034233,-1.9299292047116041
12,0.4,0.1013219505548477,0.11603191651861215,0.11603191651861215,-0.14130075059126226,0.11633386525878445,0.03686855347840637,-0.0003019487401722948,-0.015011914703936743,-0.17816930406966863,-0.022030258226967248
13,0.43333333333333335,0.1284535080194473,0.11904458561837254,0.11904458561837254,0.0903800729928117,0.11860247741246407,-0.08934314771507201,0.00044210820590846744,0.009851030606983224,0.1797232207078837,-0.5774448272554793
14,0.4666666666666667,0.1080175787210464,0.11637015191636378,0.11637015191636378,-0.08023301106026282,0.11665193131660664,0.0497612366518396,-0.0002817794002428625,-0.008634352595560238,-0.1299942477121024,0.24560537037601315
15,0.5,0.0518446937203407,0.10072047819766441,0.10072047819766441,-0.46949021156098103,0.103728351598605,0.6308956867566382,-0.0030078734009405805,-0.051883657878264294,-1.1003858983176191,4.420196336670239
16,0.5333333333333333,0.1300069242715835,0.10782346263591154,0.10284858225674283,0.0638431217723523,0.1039209445519493,0.28706453271515475,-0.0010723622952064776,0.026085979719634195,-0.22322141094280246,2.6831750658777063
17,0.5666666666666667,0.1422003358602523,0.11616105316949078,0.11616105316949078,0.3993741273824386,0.1143111152115995,-0.35370653722069767,0.0018499379578912761,0.02788922064865279,0.7530806646031363,-2.1302084019614203
18,0.6,0.0431277826428413,0.09844793827956023,0.11169574630446095,-0.13395920595089472,0.11166193892268095,-0.04147812692956466,3.3807381780007195e-05,-0.06853415627983965,-0.09248107902133007,-0.6777298719121114
19,0.6333333333333333,0.0270599108189344,0.0811338522054035,0.08945266166165336,-0.667292539284228,0.09219073806132518,0.4237810964307305,-0.0027380763996718155,-0.06513082724239078,-1.0910736357149586,1.7752285062532591
20,0.6666666666666666,-0.0877032652497291,0.040184963601596624,0.049431799241067984,-1.2006258726175614,0.04981347514262249,-0.8023715619510023,-0.0003816759015545096,-0.1375167403923516,-0.39825431066655903,-12.26090750575578
21,0.7,-0.136779174208641,-0.0027350108405508958,-0.0027350108405508958,-1.5650043024485665,0.0013906385068461137,-0.4286854134372805,-0.004125649347397009,-0.13816981271548712,-1.136318889011286,-11.72048963342919
22,0.7333333333333333,-0.0232875179499387,-0.007719710513446701,-0.037124043144391994,-1.031670969115233,-0.03640885814545868,-0.5904774975170464,-0.0007151849989333117,0.01312134019551998,-0.44119347159818667,-9.657610798346422
23,0.7666666666666666,-0.2006791830062866,-0.05451911139908671,-0.05451911139908671,-0.5218520476408415,-0.051922522186814306,0.45215235759651806,-0.0025965892122724044,-0.14875666081947228,-0.9740044052373595,2.4761843807054102
24,0.8,-0.3798363208770752,-0.1334198790300878,-0.0896919574315592,-1.0551853809741747,-0.08894373757079463,-0.5474086560977325,-0.0007482198607645651,-0.29089258330628054,-0.5077767248764422,-9.172133873703615
25,0.8333333333333334,-0.2708660066127777,-0.16675535793568969,-0.14264258124180945,-1.588518714307508,-0.1380615949515561,-0.38572511926418707,-0.004580986290253358,-0.13280441166122162,-1.2027935950433208,-11.658361264839979
26,0.8666666666666667,-0.3551959693431854,-0.2124587774282038,-0.2093092479084761,-2.0,-0.20191442593673545,-1.662339718221524,-0.007394821971740656,-0.15328154340644998,-0.33766028177847596,-31.34028811145703
27,0.9,-0.1470971852540969,-0.19660631206248694,-0.258198136797365,-1.4666666666666668,-0.25245475295115016,-0.29780009780982586,-0.005743383846214811,0.10535756769705326,-1.168866568856841,-11.531205754239362
28,0.9333333333333333,-0.3648898601531982,-0.2374209407915705,-0.28930924790847606,-0.9333333333333335,-0.28829750578288404,-0.482194422057935,-0.001011742125592019,-0.07659235437031414,-0.45113891127539846,-8.437031541222963
29,0.9666666666666667,-0.1679327934980392,-0.22056764190980122,-0.3026425812418094,-0.40000000000000013,-0.3005903232866548,0.35156376235352405,-0.002052257955154624,0.1326575297886156,-0.7515637623535242,1.8998227484314405
30,1.0,0.0103955091908574,-0.16455102371257094,-0.298198136797365,0.1333333333333332,-0.2981195325554004,0.04885832531477913,-7.860424196459714e-05,0.3085150417462578,0.08447500801855407,0.7264270232407468
31,1.0333333333333332,-0.1793107837438583,-0.16813078021665082,-0.2759759145751428,0.6666666666666665,-0.2787208921000297,-0.4277964733206534,0.0027449775248868935,0.0994101083561714,1.09446313998732,-1.8204902955088085
32,1.0666666666666667,-0.0813670828938484,-0.14708755802666046,-0.23597591457514283,1.1999999999999997,-0.2363523357033964,0.802909725382847,0.00037642112825356233,0.154985252809548,0.39709027461715274,12.261685787578523
33,1.1,-0.3052718341350555,-0.18545276112222886,-0.18545276112222886,1.5156946035874193,-0.1889381736943759,0.4910331332759147,0.0034854125721470453,-0.11633366044067958,1.0246614703115045,11.810655731995105
34,1.1333333333333333,-0.3663838803768158,-0.22933486689963326,-0.15270738544709267,0.9823612702540859,-0.15370335898373194,0.44855209813775654,0.000995973536639272,-0.21268052139308385,0.5338091721163294,8.057811403964264
35,1.1666666666666667,-0.0052393074147403,-0.17498387915315478,-0.13773978754973426,0.4490279369207526,-0.1401331048978303,-0.4274066944617594,0.00239331734809603,0.13489379748309,0.876434631382512,-2.4617515688941483
36,1.2,-0.3456526398658752,-0.21637700511926328,-0.1405499674301536,-0.08430539641258072,-0.14110121356257826,-0.15509744069249976,0.0005512461324246598,-0.20455142630329692,0.07079204427991903,-1.545288754573914
37,1.2333333333333334,-0.0322795026004314,-0.17172694098341923,-0.16113792508835073,-0.617638729745914,-0.1581286823575611,0.5590133230324235,-0.0030092427307896186,0.12584917975712973,-1.1766520527783375,3.2995816887316662
38,1.2666666666666666,0.0807692185044288,-0.11048781736177493,-0.16394810496877008,-0.08430539641258072,-0.16205857914958272,0.4471246321651352,-0.0018895258191873598,0.24282779765401152,-0.5314300285777159,3.7112372908954008
39,1.3,-0.1604568809270858,-0.12260705777771143,-0.14898050707141167,0.4490279369207526,-0.15075213145660585,-0.32165477235273066,0.0017716243851941815,-0.009704749470479945,0.7706827092734833,-1.731621226327883
40,1.3333333333333333,0.026163637638092,-0.08652497626674553,-0.11623513139627548,0.9823612702540859,-0.11738706644813743,0.34508313814316227,0.001151935051861952,0.14355070408622944,0.6372781321109237,6.8914974090017935
41,1.3666666666666667,0.0187454298138618,-0.06099323184438623,-0.0657119779433615,1.5156946035874193,-0.06951699234089362,0.4628525098944265,0.003805014397532114,0.08826242215475541,1.0528420936929928,11.769901445037375
42,1.4,0.0549612045288085,-0.032870237506811326,-0.032870237506811326,0.9852522130965053,-0.03382407978497162,0.47390250069246026,0.0009538422781602968,0.08878528431378012,0.5113497124040451,8.343564051705458
43,1.4333333333333333,0.0535343848168849,-0.011914103525625056,-0.011914103525625056,0.628684019435588,-0.0147365321438387,-0.44501185242381736,0.0028224286182136436,0.0682709169607236,1.0736958718594054,-2.0145440250297533
44,1.4666666666666666,0.0628962442278862,0.006230014561351086,0.006230014561351086,0.5443235426092843,0.003196933350368497,-0.5088769138017097,0.003033081210982589,0.0596993108775177,1.053200456410994,-2.7344383283847296
45,1.5,0.1247468441724777,0.03497447861388428,0.03497447861388428,0.8623339215759959,0.03339568257510429,0.1698642835680837,0.0015787960387799935,0.09135116159737341,0.6924696380079122,4.916410365671266
46,1.5333333333333332,0.1303680539131164,0.05811074715083786,0.05811074715083786,0.6940880561086075,0.055640346667401315,-0.27030207420928243,0.0024704004834365453,0.07472770724571509,0.9643901303178899,-0.04519534887559601
47,1.5666666666666667,0.1779558509588241,0.08717736401516003,0.08717736401516003,0.8719985059296652,0.08559097606755348,0.15613372905918838,0.0015863879476065573,0.09236487489127063,0.7158647768704769,4.761637979023556
48,1.6,0.1385012418031692,0.09962519412464463,0.09962519412464463,0.3734349032845379,0.09719097892116955,-0.47203487543244216,0.0024342152034750736,0.04131026288199964,0.84546977871698,-3.0935720375833875
49,1.6333333333333333,0.0663553029298782,0.09155608533547506,0.09429524645635144,-0.15989843004879545,0.09414170834401313,-0.07820843345167895,0.00015353811233831394,-0.027786405414134935,-0.0816899965971165,-1.0625873139811826
50,1.6666666666666667,0.1675899177789688,0.10999694112464438,0.10674307656583604,0.3734349032845379,0.10431598991755223,-0.5150027461211713,0.0024270866482838105,0.06327392786141658,0.8884376494057091,-3.6497479980228107
51,1.7,0.123136006295681,0.11318362260888563,0.11318362260888563,0.1932163812914879,0.11080797572101014,-0.5469119831831188,0.0023756468878754905,0.012328030574670856,0.7401283644746067,-4.3530567410395795
52,1.7333333333333334,0.1216041296720504,0.11522588920828274,0.11522588920828274,0.06126799798191307,0.11363035335970395,-0.38938006293262273,0.0015955358485787857,0.007973776312346456,0.4506480609145358,-3.2983289872328045
53,1.7666666666666666,0.1870926469564438,0.13265608407125928,0.13265608407125928,0.5229058458892965,0.12941469712940132,-0.6278058749766156,0.0032413869418579655,0.05767794982704247,1.1507117208659121,-4.075019231410022
54,1.8,0.0804089084267616,0.1199843220346999,0.13230850115645806,-0.010427487444036876,0.13086168577909538,-0.3626913005342778,0.0014468153773626868,-0.05045277735233378,0.3522638130902409,-3.203030309128416
55,1.8333333333333333,0.1074805334210395,0.1169517172687343,0.1169517172687343,-0.46070351663171305,0.11899968875151681,0.38740102405610943,-0.002047971482782518,-0.011519155330477315,-0.8481045406878225,2.279798912145356
56,1.8666666666666667,0.1340963244438171,0.12110988236862745,0.11937271115878831,0.07262981670162028,0.11986937934611307,0.14094695571908655,-0.0004966681873247586,0.014226945097704044,-0.06831713901746628,1.4031860655905444
57,1.9,0.1395629793405532,0.1255854018733918,0.1255854018733918,0.1863807214381044,0.12473026036329411,-0.16235571368920432,0.0008551415100976761,0.014832718977259088,0.34873643512730873,-0.9676502744987165
58,1.9333333333333333,0.0284280069172382,0.10202134556241586,0.11402031481021749,-0.3469526118952289,0.11575629575473671,0.34566401268542346,-0.0017359809445192248,-0.08732828883749852,-0.6926166245806524,2.2123270183526036
59,1.9666666666666666,0.0985030829906463,0.10116804420130597,0.10116804420130597,-0.38556811826734555,0.10435682964087613,0.6981323204933336,-0.0031887854395701576,-0.005853746650229821,-1.0837004387606792,5.21229598379057
60,2.0,0.1004328057169914,0.10098972322991513,0.10098972322991513,-0.005349629141725154,0.10261282665391537,0.40966254441635497,-0.0016231034240002384,-0.0021800209369239737,-0.4150121735580801,3.605718142728024
61,2.033333333333333,0.0947938784956932,0.09948701482282829,0.09948701482282829,-0.045081252212605255,0.10064337404225673,0.28486426460839553,-0.0011563592194284433,-0.005849495546563527,-0.3299455168210008,2.4235554001056516
62,2.0666666666666664,0.0433809384703636,0.08587933479853327,0.08587933479853327,-0.40823040072885064,0.08900353518873182,0.6808952019227859,-0.0031242003901985477,-0.045622596718368214,-1.0891256026516365,5.02586541756941
63,2.1,-0.0958868414163589,0.04179469858848003,0.05449387699646047,-0.941563734062184,0.055706833100801004,-0.3413000433888267,-0.0012129561043405304,-0.1515936745171599,-0.6002636906733573,-6.848853930643829
64,2.1333333333333333,-0.0854835733771324,0.010925279239444235,0.010925279239444231,-1.3070579327104872,0.01205566724414766,-0.7236296749537969,-0.0011303880047034282,-0.09753924062128005,-0.5834282577566903,-12.147032471309739
65,2.1666666666666665,-0.256254494190216,-0.05387513280424601,-0.05042109629534979,-1.8403912660438206,-0.043792164128344115,-0.7017397646990136,-0.006628932167005677,-0.2124623300618719,-1.138651501344807,-18.084008752846387
66,2.2,-0.3075406849384308,-0.11539787492122314,-0.11539787492122314,-1.9493033587762,-0.10790268957342199,-1.6932630534093454,-0.00749518534780115,-0.1996379953650088,-0.25604030536685474,-31.767030137048966
67,2.2333333333333334,-0.3389959037303924,-0.1696281941291464,-0.1696281941291464,-1.626909576237698,-0.1628235460783549,-0.5905027805919494,-0.006804648050791506,-0.1761723576520375,-1.0364067956457486,-16.548938372168898
68,2.2666666666666666,-0.2961584627628326,-0.20031619658611483,-0.2060807355592919,-1.0935762429043647,-0.20540838996756172,-0.7895406650001702,-0.0006723455917301835,-0.09075007279527086,-0.30403557790419455,-12.242351704161877
69,2.3,-0.3594942986965179,-0.238922437143476,-0.238922437143476,-0.9852510475255227,-0.2376835043320424,-0.28476701163294943,-0.0012389328114335851,-0.12181079436447548,-0.7004840358925732,-6.211607106881591
70,2.3333333333333335,-0.2136500924825668,-0.23279301227603477,-0.2539863609498823,-0.4519177141921894,-0.2513113765900793,0.5069898038928302,-0.002674984359803012,0.03766128410751249,-0.9589075180850196,3.193327468583151
71,2.3666666666666667,-0.0981472954154014,-0.20013673062534265,-0.25127250697851083,0.08141561914114392,-0.250539921271429,0.201695422261167,-0.0007325857070818453,0.15239262585602759,-0.12027980312002307,1.955619770008802
72,2.4,-0.1515413969755172,-0.18835066761807565,-0.23078087522936158,0.6147489524744773,-0.23381966154602396,-0.5760137819137061,0.0030387863166623785,0.08227826457050677,1.1907627343881835,-3.4912128128394135
73,2.433333333333333,-0.2637470960617065,-0.20663693070997896,-0.20663693070997896,0.7243183355814786,-0.20883804330564992,-0.11884340627906687,0.002201112595670962,-0.054909052756056564,0.8431617418605455,1.662064143001124
74,2.466666666666667,-0.5281577110290527,-0.2846169318823727,-0.20027076396837412,0.1909850022481453,-0.2020724972126357,-0.3738300221224159,0.001801733244261583,-0.32608521381641703,0.5648150243705612,-2.7178503283166866
75,2.5,-0.0681991353631019,-0.23212806939095992,-0.21168237500454706,-0.34234833108518803,-0.21045219781825952,0.2184695913635395,-0.00123017718628754,0.14225306245515762,-0.5608179224487275,1.0986418912273503
76,2.533333333333333,-0.1186522245407104,-0.2046062199301589,-0.20531620826294222,0.1909850022481453,-0.20594104493544366,-0.10952876828500624,0.0006248366725014332,0.08728882039473326,0.30051377053315154,-0.5164966874756098
77,2.5666666666666664,-0.1677699536085128,-0.1956721408075033,-0.1956721408075033,0.28932202366316745,-0.19772503424119972,-0.4376446719242977,0.002052893433696412,0.029955080632686926,0.7269666955874652,-3.1490998891423647
78,2.6,0.0103919832035899,-0.14569440494848124,-0.1682502955742866,0.8226553569965007,-0.17009735372534351,0.027585450699229574,0.0018470581510569017,0.1804893369289334,0.7950699062972711,3.3126270284217103
79,2.6333333333333333,-0.1436159908771515,-0.14519031705855334,-0.14519031705855334,0.6917993554719981,-0.14764663305866646,-0.258899232734648,0.002456316000113118,0.004030642181514971,0.9506985882066461,0.0833387892359645
80,2.6666666666666665,0.011103494092822,-0.10728361763860575,-0.10728361763860575,1.1372009825984277,-0.10767448350015532,0.7107086366758553,0.0003908658615495719,0.11877797759297733,0.42649234592257246,11.012870001092105
81,2.7,0.109927624464035,-0.05460231692450634,-0.05460231692450634,1.5804390214229824,-0.05893148002309749,0.4088954117932051,0.004329163098591153,0.16885910448713248,1.1715436096297773,11.69186970565192
82,2.7333333333333334,0.0625172778964042,-0.02619673103241749,-0.019698793988184707,1.047105688089649,-0.020325804740607807,0.6350901343518289,0.0006270107524231003,0.08284308263701201,0.41201555373782006,10.16048956213513
83,2.7666666666666666,0.0659094601869583,-0.0038577677711817276,-0.0025730488296408505,0.5137723547563157,-0.005043385447363125,-0.4203420337254855,0.0024703366177222744,0.07095284563432143,0.9341143884818012,-2.2068023379288793
84,2.8,0.1396144032478332,0.03093923680552353,0.03093923680552353,1.0053685690549314,0.02995471450779402,0.4354526819233327,0.0009845222977295127,0.10965968874003917,0.5699158871315988,7.910153280624481
85,2.8333333333333335,0.160184845328331,0.06228580387385858,0.06228580387385858,0.9403970120500516,0.060872863410765234,0.2096747119055538,0.0014129404630933498,0.09931198191756577,0.7307223001444978,5.3651580840002
86,2.8666666666666667,0.1345761269330978,0.07981872809517299,0.07981872809517299,0.525987726639432,0.0765746321390634,-0.6323754457834172,0.003244095956109583,0.05800149479403441,1.1583631724228494,-4.126527958116305
87,2.9,0.109826311469078,0.08709661347588037,0.08709661347588037,0.21833656142122138,0.08423866440382968,-0.6571003511053113,0.0028579490720506834,0.025587647065248312,0.8754369125265327,-5.24512156435904
88,2.933333333333333,0.1012248396873474,0.09052320100605714,0.09052320100605714,0.10279762590530317,0.08842620787963576,-0.5052749541079955,0.0020969931264213787,0.012798631807711638,0.6080725800132987,-4.221941252164674
89,2.966666666666667,0.167362242937088,0.10915934817489982,0.10915934817489982,0.5590844150652805,0.10612686221899736,-0.5217603109959899,0.003032485955902456,0.06123538071809065,1.0808447260612704,-2.879661460531162
90,3.0,0.0735044628381729,0.10051179513773587,0.11001771756596472,0.02575108173194718,0.1085307903312398,-0.35790344503371807,0.001486927234724919,-0.0350263274930669,0.38365452676566525,-3.0527543753430795
91,3.033333333333333,0.108488842844963,0.10244650737917947,0.10244650737917947,-0.22713630560355746,0.10305784946933486,0.08929765330585432,-0.000611342090155384,0.005430993375628149,-0.3164339589094118,0.22248344638287879
92,3.0666666666666664,0.0244443099945783,0.08352825445175074,0.08352825445175074,-0.5675475878228619,0.0866577479930916,0.5937308276957789,-0.003129493541340858,-0.0622134379985133,-1.1612784155186406,3.690921386754747
93,3.1,0.0555692017078399,0.07674720918436388,0.07674720918436388,-0.20343135802160583,0.07943898874571105,0.6180296824707439,-0.0026917795613471684,-0.023869787037871147,-0.8214610404923497,4.932097387712492
94,3.1333333333333333,0.2407299280166626,0.11651873684147179,0.0877439416947548,0.3299019753117275,0.08709774430120924,-0.06995984129188487,0.0006461973935455584,0.15363218371545334,0.39986181660361236,0.19867758375542885
95,3.1666666666666665,0.1567939966917038,0.12628689181802663,0.11651845198292349,0.8632353086450608,0.11472650783275483,0.027645383056438155,0.001791944150168659,0.04206748885894897,0.8355899255886227,3.3133025928322093
96,3.2,0.1029292419552803,0.12062184720761683,0.1275151844933144,0.3299019753117275,0.12513799072290882,-0.4764698779933376,0.0023771937704055723,-0.022208748767628517,0.8063718533050651,-3.2661990457647088
97,3.2333333333333334,0.0847562402486801,0.11192318682886625,0.12073413922592753,-0.20343135802160583,0.1208544976112589,-0.0222690449992696,-0.000120358385331365,-0.036098257362578795,-0.18116231302233624,-0.6804368862220096
98,3.2666666666666666,0.0670114159584045,0.10103051624733395,0.10103051624733395,-0.5911086893578076,0.104098364881546,0.574028627193105,-0.003067848634212056,-0.0370869489231415,-1.1651373165509127,3.4688359209394273
99,3.3,0.0512281507253646,0.08895170591993576,0.08895170591993576,-0.3623643098219456,0.09258060694252138,0.810878874623806,-0.0036289010225856178,-0.041352456217156774,-1.1732431844457516,6.244673678169165
100,3.3333333333333335,-0.2560707032680511,0.005271740207358058,0.05909511781475979,-0.895697643155279,0.060469128327132714,-0.2757116708262154,-0.0013740105123729238,-0.3165398315951838,-0.6199859723290636,-6.109534265784118
101,3.3666666666666667,0.0055078668519854,0.0053290091527948055,0.011460751931806047,-1.4290309764886122,0.014235853388148865,-0.5640255673579613,-0.002775101456342818,-0.008727986536163464,-0.8650054091306509,-11.916216015884288
102,3.4,-0.2461213618516922,-0.05565647429331361,-0.05395139172892547,-1.9623643098219454,-0.046845617123522955,-1.3297764614006184,-0.007105774605402515,-0.19927574472816925,-0.632587848421327,-26.750915167328532
103,3.433333333333333,-0.0336574800312519,-0.0503209510445686,-0.10158575761187921,-1.4290309764886122,-0.09644850350934628,-0.35574473538314355,-0.005137254102532934,0.06279102347809437,-1.0732862411054687,-11.61500419813313
104,3.466666666666667,-0.3666870892047882,-0.12705077174280505,-0.13144234571705518,-0.8956976431552789,-0.1302056013112118,-0.3667776063221793,-0.0012367444058433708,-0.2364814878935764,-0.5289200368330995,-7.136039944770756
105,3.5,-0.5041006207466125,-0.2184985084588867,-0.17907671160000893,-1.4290309764886122,-0.1763581797253007,-0.5690135428583268,-0.0027185318747082188,-0.32774244102131184,-0.8600174336302854,-11.923429532140746
106,3.533333333333333,-0.4906125664710998,-0.2844956565802592,-0.24448885526074043,-1.9623643098219454,-0.23738926368328228,-1.3237300749577896,-0.007099591577458153,-0.2532233027878175,-0.6386342348641558,-26.667475034417496
107,3.5666666666666664,-0.4690168797969818,-0.3292484877611617,-0.3111555219274071,-2.0,-0.3034854176144925,-1.931538471745225,-0.007670104312914594,-0.16553146218248932,-0.06846152825477492,-35.055230910084106
108,3.6,-0.5688895583152771,-0.3873698040388176,-0.37782218859407374,-2.0,-0.37008972751478375,-1.9925171880349533,-0.007732461079289987,-0.19879983080049335,-0.007482811965046743,-35.896737194882355
109,3.6333333333333333,0.0412668250501155,-0.2834104742383761,-0.4267110774829626,-1.4666666666666668,-0.42082854710203177,-0.2855309686052334,-0.005882530380930839,0.46209537215214724,-1.1811356980614334,-11.513462370583243
110,3.6666666666666665,0.0339807271957397,-0.2064320399506203,-0.4578221885940737,-0.9333333333333335,-0.45682310935445414,-0.4905953127534868,-0.0009990792396195602,0.49080383655019383,-0.4427380205798467,-8.531727345538405
111,3.6999999999999997,0.1335892379283905,-0.123965022977935,-0.47115552192740706,-0.40000000000000013,-0.469116844598182,0.34766384795530914,-0.0020386773292250804,0.6027060825265724,-0.7476638479553093,1.86355843543709
112,3.7333333333333334,0.0628230199217796,-0.0786624089762708,-0.46671107748296264,0.1333333333333332,-0.4666404421105403,0.04676404470606598,-7.063537242235629e-05,0.5294634620323199,0.0865692886272672,0.7076282757550824
113,3.7666666666666666,0.0732596218585968,-0.041816018734064084,-0.44448885526074045,0.6666666666666665,-0.44723310758692547,-0.42731535748023686,0.002744252326185026,0.5204927294455223,1.0939820241469034,-1.8150671025250764
114,3.8,0.1094240844249725,-0.005135019733157602,-0.40448885526074047,1.1999999999999997,-0.404864977522885,0.8029360776518061,0.00037612226214450706,0.5142890619478575,0.39706392234819365,12.261723897733777
115,3.8333333333333335,-0.1928629428148269,-0.05066558745407442,-0.3467110774829627,1.733333333333333,-0.3529968197779864,0.22417892938782824,0.006285742295023711,0.1601338769631595,1.5091544039455047,11.49366922555203
116,3.8666666666666667,0.1614181101322174,0.0007721049091134677,-0.28004441081629605,2.0,-0.28762556179580445,1.8445509578618335,0.0075811509795084,0.44904367192802186,0.15544904213816646,33.8548032184933
117,3.9,0.1672284305095672,0.04114356846613226,-0.2133777441496294,2.0,-0.2211004826725507,1.9830094947904509,0.007722738522921296,0.38832891318211793,0.016990505209549145,35.76553102810822
118,3.933333333333333,0.1533487141132354,0.0683572290588521,-0.14671107748296275,2.0,-0.1544492914559793,1.998142945988568,0.00773821397301655,0.30779800556921466,0.0018570540114319911,35.97437265464224
119,3.966666666666667,0.0313758961856365,0.05938796623873771,-0.08004441081629608,2.0,-0.08778431624853199,1.999797024893678,0.007739905432235905,0.1191602124341685,0.00020297510632194538,35.99719894353276
120,4.0,0.1495031416416168,0.08124403873455983,-0.013377744149629417,2.0,-0.02111783445754087,1.9999778149189356,0.007740090307911451,0.17062097609915766,2.2185081064440837e-05,35.99969384588131
121,4.033333333333333,0.1261451542377472,0.09213412501795835,0.05328892251703725,2.0,0.04554881200230377,1.9999975751813566,0.0077401105147334795,0.08059634223544343,2.424818643431692e-06,35.99996653750272
122,4.066666666666666,0.049674142152071,0.08183609852531336,0.10217781140592613,1.4666666666666668,0.09629212856898325,0.285253003435622,0.005885682836942879,-0.046617986416912255,1.1814136632310448,11.513060382588437
123,4.1,-0.0291562173515558,0.054916591445193556,0.13328892251703725,0.9333333333333335,0.13229013016340516,0.4907856404424539,0.0009987923536320942,-0.16144634751496095,0.4425476928908796,8.533872741097465
124,4.133333333333333,0.1200471296906471,0.0707130181759911,0.1466222558503706,0.40000000000000013,0.14458388619913365,-0.3475754928366126,0.0020383696512369376,-0.02453675650848655,0.7475754928366127,-1.8627368436399774
125,4.166666666666667,0.0728928372263908,0.07124170030949764,0.14217781140592614,-0.1333333333333332,0.14210735657347015,-0.04671659740520773,7.04548324559906e-05,-0.06921451934707935,-0.08661673592812547,-0.7072023778004275
126,4.2,0.1699610948562622,0.0951845959906264,0.11995558918370393,-0.6666666666666665,0.1226998250800367,0.4273044574852989,-0.0027442358963327695,0.04726126977622551,-1.0939711241519654,1.8149442365308566
127,4.233333333333333,0.0307546202093362,0.07955808008712462,0.07995558918370393,-1.1999999999999997,0.08033170467484069,-0.8029366746797401,-0.0003761154911367526,-0.04957708446550449,-0.3970633253202597,-12.261724761144293
128,4.266666666666667,0.1124744638800621,0.08754145100398089,0.05773336696148172,-0.6666666666666664,0.06043696318900872,0.40034303524049575,-0.002703596227527,0.05203750069105338,-1.0670097019071623,1.511031989902986
129,4.3,0.1057206317782402,0.09195053627891421,0.053288922517037283,-0.13333333333333308,0.055208620974910194,0.43369099223424024,-0.0019196984578729107,0.05051201080333001,-0.5670243255675733,3.443005953747582
130,4.333333333333333,0.0699502825736999,0.08661470757128589,0.06662225585037063,0.40000000000000024,0.06514085054243768,-0.2633577845559002,0.0014814053079329481,0.004809432031262217,0.6633577845559004,-1.3430991288381553
131,4.366666666666666,0.1167843863368034,0.09393190673698545,0.09393190673698545,0.8192895265984449,0.09201765160696845,-0.013967017965187845,0.0019142551300170008,0.02476673472983494,0.8332565445636327,2.8442428315468087
132,4.4,0.0596781745553016,0.08562418220037606,0.1034637798458225,0.28595619326511157,0.10127627477847644,-0.4418050213505833,0.0021875050673460655,-0.04159810022317484,0.7277612146156949,-3.0723188549780915
133,4.433333333333334,-0.2552351653575897,0.0029539041057110443,0.09521787517688178,-0.24737714006822176,0.09569380544367549,0.05506640710383959,-0.00047593026679371153,-0.3509289708012652,-0.30244354717206134,-0.10705159299329067
134,4.466666666666667,-0.2037651985883712,-0.0471826869240925,0.06919419273016328,-0.7807104734015551,0.07137404934659695,0.1554697993983679,-0.002179856616433676,-0.27513924793496813,-0.936180272799923,-1.2492072351683812
135,4.5,-0.2056827992200851,-0.08562449130886746,0.025392732505666996,-1.3140438067348885,0.027011993576304016,-0.6796884832195869,-0.0016192610706370208,-0.2326947927963891,-0.6343553235153017,-12.083485547135675
136,4.533333333333333,-0.2764106392860412,-0.13189678521214865,-0.03618650549660706,-1.8473771400682217,-0.029487125030386977,-0.7798942328029195,-0.006699380466220085,-0.24692351425565423,-1.0674829072653023,-19.162540412680286
137,4.566666666666666,-0.3429161012172699,-0.1830763279252107,-0.10285317216327372,-2.0,-0.09522681073147873,-1.8887622841310108,-0.007626361431794987,-0.24768929048579116,-0.11123771586898923,-34.46491952100795
138,4.6,-0.500207781791687,-0.2599917643699999,-0.16951983882994037,-2.0,-0.16179215882642495,-1.987841771393546,-0.007727680003515425,-0.33841562296526206,-0.012158228606454102,-35.832216445230934
139,4.633333333333333,-0.4792442321777344,-0.313168133498397,-0.23618650549660702,-2.0,-0.2284477514221487,-1.9986711114868534,-0.007738754074458315,-0.2507964807555857,-0.0013288885131466088,-35.98166133851858
140,4.666666666666667,-0.5270070433616638,-0.36503152604581707,-0.3028531721632737,-2.0,-0.2951132076982111,-1.9998547531274857,-0.007739964465062588,-0.23189383566345273,-0.00014524687251427082,-35.9979955931593
141,4.7,-0.301300436258316,-0.3495745143670841,-0.35174206105216255,-1.4666666666666668,-0.3458564384046502,-0.28525831058826645,-0.005885622647512356,0.044556002146334206,-1.1814083560784003,-11.513068057692664
142,4.733333333333333,-0.1639959663152694,-0.3045652450430598,-0.38285317216327364,-0.9333333333333335,-0.38185437433216485,-0.49078200654076476,-0.0009987978311087886,0.21785840801689546,-0.4425513267925687,-8.533831779340467
143,4.766666666666667,-0.3769492208957672,-0.3221208833326133,-0.396186505496607,-0.40000000000000013,-0.3941481299709144,0.34757717978934866,-0.0020383755256925817,0.017198909075147206,-0.7475771797893488,1.8627525301847954
144,4.8,-0.2203750163316726,-0.29744396254340083,-0.3917420610521626,0.1333333333333332,-0.3916716027726806,0.046717503310321526,-7.045827948198857e-05,0.17129658644100798,0.08661583002301167,0.7072105094143963
145,4.833333333333333,-0.2933846414089203,-0.2964594356132541,-0.3695198388299404,0.6666666666666665,-0.37226407503996617,-0.4273046655974788,0.0027442362100257855,0.07887943363104588,1.0939713322641453,-1.8149465823952267
146,4.866666666666666,-0.449033111333847,-0.333463872464151,-0.333463872464151,1.081678990973682,-0.3340790956904164,0.6118094938443874,0.0006152232262653934,-0.11495401564343061,0.4698694971292945,9.898067509792693
147,4.9,-0.0474752821028232,-0.2641016664209338,-0.2796301283205838,1.6150123243070151,-0.2844991338463067,0.357161736332984,0.0048690055257228915,0.2370238517434835,1.2578505879740312,11.617053438227913
148,4.933333333333334,0.0097789214923977,-0.1976760731968106,-0.21296346165391716,2.0,-0.2203897639889549,1.6931243828822171,0.007426302335037743,0.2301686854813526,0.3068756171177829,31.765116483774595
149,4.966666666666667,0.0152665385976433,-0.1460300641864281,-0.1462967949872505,2.0,-0.15400260862813728,1.9664586432981157,0.007705813640886766,0.16926914722578057,0.033541356701884295,35.537129277514
150,5.0,0.0851096957921981,-0.089970612177656,-0.089970612177656,1.6897854842878353,-0.09695142159128006,0.8461424444228669,0.006980809413624056,0.18206111738347816,0.8436430398649684,20.07676573303556
151,5.033333333333333,0.1109046414494514,-0.04125135833097871,-0.04125135833097871,1.4615776154003188,-0.046758268204067574,0.31925943015546476,0.005506909873088862,0.15766290965351898,1.142318185244854,11.56223983664756
152,5.066666666666666,0.0974601432681083,-0.007608982100780155,-0.007608982100780155,1.0092712869059568,-0.008299552043990417,0.6269576514103683,0.0006905699432102619,0.10575969531209872,0.3823136354955885,10.068819280836134
153,5.1,0.1297896802425384,0.025714984829085172,0.025714984829085172,0.9997190078959598,0.024543001413374812,0.3161681840640648,0.00117198341571036,0.10524667882916358,0.683550823831895,6.565564727278593
154,5.133333333333333,0.1809699088335037,0.06336971788823556,0.06336971788823556,1.1296419917745117,0.0628278605134046,0.6173366795926495,0.0005418573748309646,0.1181420483200991,0.5123053121818623,9.960370582050224
155,5.166666666666667,0.2032726109027862,0.09730104808241254,0.09730104808241254,1.0179399058253094,0.09619775837092784,0.34535058028524745,0.001103289711484698,0.10707485253185836,0.6725893255400619,6.894512047528876
156,5.2,0.1933816224336624,0.12060393784623863,0.12060393784623863,0.6990866929147828,0.11811282221524944,-0.2885416251140359,0.0024911156309891935,0.07526880021841295,0.9876283180288187,-0.25079366051568486
157,5.233333333333333,0.2327929437160492,0.1478136839801451,0.1478136839801451,0.8162923840171943,0.14597779100661473,0.040716604595000816,0.001835892973530373,0.08681515270943446,0.7755757794221935,3.4606429025490235
158,5.266666666666667,0.2475318610668182,0.17199881925634994,0.17199881925634994,0.725554058286145,0.16969381516099988,-0.18887936012904716,0.0023050040953500606,0.07783804590581833,0.9144334184151922,0.872610831302183
159,5.3,0.198566734790802,0.1784424652392585,0.1784424652392585,0.19330937948725668,0.17651360399829188,-0.40925218678870734,0.0019288612409666117,0.022053130792510117,0.602561566275964,-3.0403081165893857
160,5.333333333333333,0.2185834944248199,0.18817806459879224,0.18817806459879224,0.2920679807860124,0.1854396230374992,-0.6117010188931642,0.002738441561293048,0.033143871387320695,0.9037689996791767,-4.68451559854806
161,5.366666666666666,0.212222158908844,0.19400959592509187,0.19400959592509187,0.1749459397889888,0.19155402835457963,-0.5745483400278812,0.0024555675705122404,0.020668130554264363,0.74949427981687,-4.651097620186778
162,5.4,0.2453671991825103,0.2064656056369694,0.2064656056369694,0.3736802913563256,0.20289886124019088,-0.8029935720831902,0.0035667443967785095,0.04246833794231941,1.1766738634395157,-6.190688671428177
163,5.433333333333334,0.2546380758285522,0.21814910950968588,0.21814910950968588,0.3505051161814948,0.2143091015824265,-0.8698617672822344,0.0038400079272593868,0.04032897424612569,1.2203668834637291,-6.803501036715905
164,5.466666666666667,0.2146669626235962,0.2173045674617652,0.2173045674617652,-0.025336261437620133,0.21550747957239197,-0.46461587032670026,0.0017970878893732445,-0.0008405169487957775,0.43927960888908013,-4.1756544271034715
165,5.5,0.2203213721513748,0.2180362477998111,0.2180362477998111,0.021950410141376442,0.2169133826911193,-0.2841647020655286,0.0011228651086918062,0.0034079894602555005,0.306115112206905,-2.4794218915497055
166,5.533333333333333,0.1400712579488754,0.1991270189967826,0.2009901503600792,-0.5113829231919569,0.20352067107950692,0.4962175633874504,-0.00253052071942772,-0.06344941313063152,-1.0076004865794073,3.1194587173715527
167,5.566666666666666,0.1879938691854477,0.19642684193675314,0.19642684193675314,-0.1368992526997817,0.19845479475074615,0.4710532884455694,-0.0020279528139930114,-0.010460925565298457,-0.607952541145351,3.807431511570233
168,5.6,0.1653287708759308,0.1888844752649146,0.1888844752649146,-0.22627100015515655,0.191320101078783,0.5564975901398816,-0.002435625813868414,-0.025991330202852214,-0.7827685902950382,4.370829558163536
169,5.633333333333333,0.116983063519001,0.1714458755990426,0.1714458755990426,-0.5231579899761599,0.17460967315151174,0.5765578579077233,-0.0031637975524691497,-0.05762660963251075,-1.0997158478838833,3.497345699902149
170,5.666666666666667,0.0469302721321582,0.14124649969962755,0.14124649969962755,-0.9059812769824513,0.14261642856177664,-0.2691687888264941,-0.0013699288621490946,-0.09568615642961845,-0.6368124881559573,-6.035782148781476
171,5.7,0.0280401669442653,0.11379001632015548,0.11379001632015548,-0.8236945013841621,0.11569453750988007,0.011471810134171978,-0.0019045211897245895,-0.08765437056561477,-0.8351663115183341,-2.8723691006598404
172,5.733333333333333,0.1028166115283966,0.11112858299793812,0.10411131071846119,-0.2903611680508288,0.10632053870399745,0.4460576940356282,-0.002209227985536258,-0.0035039271756008433,-0.736418862086457,3.098987036765897
173,5.766666666666667,0.0704252794384956,0.10125661249532943,0.10125661249532943,-0.08564094669395297,0.10283565292437967,0.37318752767112573,-0.0015790404290502436,-0.032410373485884075,-0.4588284743650787,3.074877817669268
174,5.8,0.0981994047760963,0.10051513301368142,0.10051513301368142,-0.022244384449440074,0.1014746646553325,0.23914027234074542,-0.0009595316416510791,-0.0032752598792362003,-0.2613846567901855,2.0668930204502898
175,5.833333333333333,0.0965824723243713,0.09956132565834129,0.09956132565834129,-0.028614220660204,0.10025306323658605,0.16967100670028612,-0.0006917375782447555,-0.0036705909122147495,-0.19828522736049012,1.4381470572674546
176,5.866666666666666,0.1849806457757949,0.12027848949544633,0.11638529608077894,0.5047191126731293,0.11365473484205832,-0.5503777456499193,0.002730561238720619,0.07132591093373658,1.0550968583230484,-3.620678948191344
177,5.9,0.2955392599105835,0.16278533794513037,0.15098704428099435,1.0380524460064626,0.15017369901971536,0.5196148771155344,0.0008133452612789915,0.14536556089086813,0.5184375688909282,8.858839206379963
178,5.933333333333334,0.2925402522087097,0.1942554294159102,0.1942554294159102,1.2980515540474755,0.19340627071478356,0.7495036196534239,0.0008491587011266455,0.09913398149392616,0.5485479343940516,12.184450882987242
179,5.966666666666667,0.2573648393154144,0.20956166204282967,0.21974603677304827,0.7647182207141422,0.21752797569996965,-0.16642963137450995,0.00221806107307862,0.03983686361544472,0.9311478520886521,1.1256667509798988
180,6.0,0.2962021827697754,0.2305750096129594,0.2305750096129594,0.324869185197334,0.22788611600454547,-0.5650536397811157,0.002688893608413928,0.06831606676522992,0.8899228249784497,-4.093512508367249
181,6.033333333333333,0.2931818962097168,0.24575936281516964,0.24575936281516964,0.45553059606630697,0.24231342521849814,-0.7029019982685492,0.0034459375966715,0.05086847099121866,1.1584325943348561,-4.921511353949821
182,6.066666666666666,0.3072977066040039,0.2606845571246579,0.2606845571246579,0.4477558292846473,0.2572724276187762,-0.6734789471717699,0.003412129505881656,0.050025278985227684,1.1212347764564172,-4.589851344315402
183,6.1,0.4041626751422882,0.29548300405590877,0.2933875292119239,0.9810891626179806,0.29237914586770575,0.4414634446901036,0.0010083833442181556,0.11178352927458246,0.539625717927877,7.977907288547726
184,6.133333333333333,0.2214771211147308,0.27753399673890106,0.30831272352141215,0.4477558292846473,0.3059153850883094,-0.42913479332996496,0.002397338433102747,-0.08443826397357859,0.8768906226146123,-2.481539264919978
185,6.166666666666667,0.3007252812385559,0.2831586919473343,0.3054601400531226,-0.08557750404868603,0.3049136052358795,-0.15432565614650084,0.0005465348172430939,-0.004188323997323606,0.06874815209781482,-1.541857733773295
186,6.2,0.2384162843227386,0.2723070978588924,0.2848297788070553,-0.6189108373820194,0.2878328520313032,0.5560646489729251,-0.0030030732242479208,-0.04941656770856462,-1.1749754863549444,3.26634389623472
187,6.233333333333333,0.1471921950578689,0.24196237097242015,0.2464216397832102,-1.1522441707153526,0.2466948617798835,-0.7752243971941097,-0.00027322199667331737,-0.0995026667220146,-0.37701977352124283,-11.740099059855414
188,6.266666666666667,0.2224469780921936,0.23722920766593164,0.22579127853714287,-0.6189108373820192,0.2286498399524526,0.4844387692251504,-0.0028585614153097405,-0.006202861860259007,-1.1033496066071695,2.49548749838866
189,6.3,0.2018781453371048,0.2286553423029788,0.22293869506885333,-0.08557750404868592,0.22470720633087826,0.4127209429323845,-0.00176851126202493,-0.022829060993773465,-0.4982984469810704,3.3908126454136687
190,6.333333333333333,0.2306853383779525,0.2291476871403772,0.2291476871403772,0.186269762145716,0.22891888179032593,-0.0042761124749604446,0.00022880535005126434,0.001766456587626558,0.19054587462067646,0.42634518302626917
191,6.366666666666666,0.1310493350028991,0.20535541590024478,0.21757890143412328,-0.3470635711876173,0.21965496705105356,0.43349114958594015,-0.0020760656169302727,-0.08860563204815447,-0.7805547207735575,2.994641263078566
192,6.4,-0.4341101348400116,0.05026272065689358,0.1882323379500916,-0.8803969045209507,0.18981671170017034,-0.14991512878627095,-0.0015843737500787491,-0.6239268465401819,-0.7304817757346798,-4.691541202871951
193,6.433333333333334,-0.3816729485988617,-0.0544967414268214,0.1411079966882821,-1.413730237854284,0.14377179953128452,-0.57566855797811,-0.0026638028430024108,-0.5254447481301462,-0.838061679876174,-11.933053889708324
194,6.466666666666667,0.0475517362356185,-0.029746426999676497,0.07620587764869487,-1.9470635711876172,0.08326222107766437,-1.2611494144344197,-0.007056343428969505,-0.03571048484204587,-0.6859141567531974,-25.803861919194993
195,6.5,0.1008932590484619,0.0019382524822693613,0.009539210982028201,-2.0,0.017204588293205824,-1.926915934135027,-0.007665377311177623,0.08368867075525607,-0.07308406586497296,-34.99143989106337
196,6.533333333333333,-0.0536321960389614,-0.011539519114750327,-0.03934967790686069,-1.4666666666666668,-0.033494793831289095,-0.28796865843469655,-0.005854884075571595,-0.0201374022076723,-1.1786980082319702,-11.516987711718526
197,6.566666666666666,-0.3241969347000122,-0.08736984525945812,-0.08736984525945812,-1.440605020577923,-0.08259833436918274,-0.3866100651966202,-0.004771510890275388,-0.24159860033082947,-1.0539949553813028,-11.659641056985944
198,6.6,-0.8190962672233582,-0.26483901905901974,-0.15316779038983333,-1.9739383539112563,-0.14581561959761397,-1.5860742274117505,-0.007352170792219365,-0.6732806476257442,-0.38786412649950575,-30.287824338282157
199,6.633333333333333,-0.4537926316261291,-0.31066685922191295,-0.2198344570565,-2.0,-0.21213674595743093,-1.9585351631780386,-0.007697711099069082,-0.24165588566869817,-0.04146483682196145,-35.42778525185693
200,6.666666666666667,-0.5118935108184814,-0.3594713393299951,-0.28650112372316666,-2.0,-0.2787656452354866,-1.9954679133666828,-0.007735478487680081,-0.23312786558299486,-0.004532086633317167,-35.93745720446022
201,6.7,-0.61708003282547,-0.42195043073074534,-0.3531677903898333,-2.0,-0.3454281839448232,-1.9995046451203946,-0.007739606445010094,-0.27165184888064675,-0.0004953548796053919,-35.993164102661446
202,6.733333333333333,-0.4873854219913482,-0.4378206979344813,-0.41983445705649997,-2.0,-0.41209439942774784,-1.999945857950958,-0.007740057628752128,-0.07529102256360037,-5.4142049042082974e-05,-35.99925283972322
203,6.766666666666667,-0.622205376625061,-0.48254041230626765,-0.48254041230626765,-1.8811786574930307,-0.47508970517098625,-1.559436689188609,-0.007450707135281398,-0.14711567145407478,-0.3217419683044218,-29.920226310802803
204,6.8,-0.3965756893157959,-0.46169096925338327,-0.5274685897782576,-1.3478453241596973,-0.5232397318284323,-0.44554821502556574,-0.004228857949825304,0.1266640425126364,-0.9022971091341315,-11.744876299598282
205,6.833333333333333,-0.4848130643367767,-0.4672988836156272,-0.5546189894724698,-0.8145119908263639,-0.5529332033894822,-0.14190302527278642,-0.0016857860829876392,0.06812013905270548,-0.6726089655535775,-4.60122785230428
206,6.866666666666666,-0.6905569434165955,-0.5214467484837975,-0.5639916113889042,-0.2811786574930306,-0.5620840161410393,0.36357738515386573,-0.0019075952478648794,-0.12847292727555615,-0.6447560426468963,2.3588653315081856
207,6.8999999999999995,-0.5756798386573792,-0.5346001640456829,-0.5555864555275608,0.2521546758403027,-0.5562531870976127,-0.10345890608124175,0.0006667315700519261,-0.019426651559766417,0.35561358192154446,-0.31419846463805334
208,6.933333333333334,-0.5994940996170044,-0.5503392063772888,-0.5503392063772888,0.15741747450815913,-0.5515834016472604,-0.26808706369898894,0.0012441952699715486,-0.04791069796974401,0.42550453820714806,-1.9692098610016753
209,6.966666666666667,-0.5470765233039856,-0.5495478919570238,-0.5495478919570238,0.023739432607950972,-0.5503085771645843,-0.1857595511406233,0.000760685207560452,0.0032320538605986604,0.20949898374857429,-1.5814426361890441
210,7.0,-0.3498779535293579,-0.5011209690774843,-0.530978799758981,0.5570727659412843,-0.5341419731857956,-0.6066522059930219,0.003163173426814603,0.18426401965643768,1.1637249719343061,-3.836572646253889
211,7.033333333333333,-0.4963868260383606,-0.49997277430334003,-0.49997277430334003,0.9301807636692289,-0.5012335526938764,0.3198131604773804,0.0012607783905363434,0.004846726655515776,0.6103676031918485,6.606651319841049
212,7.066666666666666,-0.4932692945003509,-0.49834694669002855,-0.48674452662547685,0.39684743033589553,-0.48904085163747674,-0.42307283888228575,0.002296325011999889,-0.00422844286287416,0.8199202692181813,-2.5739828703690733
213,7.1,-0.4039552807807922,-0.47545367611833544,-0.47545367611833544,0.3387255152142421,-0.4785758493999471,-0.6905357651742294,0.0031221732816116288,0.07462056861915489,1.0292612803884715,-5.245248094926557
214,7.133333333333333,-0.5108526945114136,-0.48403917249917405,-0.4819406033889718,-0.19460781811909122,-0.48231173410628914,-0.1484865669791873,0.00037113071731731395,-0.028540960405124438,-0.046121251139903924,-1.7902256689267066
215,7.166666666666667,-0.4269316792488098,-0.4701886139561259,-0.4706497528818304,0.3387255152142421,-0.47300145659446413,-0.5073716435387976,0.0023517037126337126,0.04606977734565432,0.8460971587530397,-3.674583811579933
216,7.2,-0.4573515951633453,-0.4670751892514531,-0.4670751892514531,0.1072369089113201,-0.46889676744239833,-0.4311030168075196,0.00182157819094525,0.011545172279053051,0.5383399257188397,-3.5433338030346277
217,7.233333333333333,-0.3795514106750488,-0.4458476208522125,-0.4458476208522125,0.6368270519772168,-0.44855433424559776,-0.3755684915257784,0.0027067133933852405,0.06900292357054899,1.0123955435029952,-1.231770489112849
218,7.266666666666667,-0.600620687007904,-0.483385486579891,-0.44239783023074974,0.10349371864388346,-0.4441030018859701,-0.38553540258256336,0.0017051716552203278,-0.15651768512193398,0.4890291212264468,-3.0824446175653524
219,7.3,-0.627723217010498,-0.5183924194973516,-0.45672581738706475,-0.42983961468944987,-0.45495267262286543,0.3290892447196372,-0.0017731447641993192,-0.17277054438763262,-0.758928859409087,1.8510985218237328
220,7.333333333333333,-0.5215296149253845,-0.5191532987876832,-0.48883158232115753,-0.9631729480227832,-0.487593192707212,-0.30498798012226663,-0.001238389613945512,-0.0339364222181725,-0.6581849679005165,-6.439540184995225
221,7.366666666666666,-0.5012932419776917,-0.514821612202449,-0.514821612202449,-0.7797008964387453,-0.5127065863958921,0.1115511635937626,-0.0021150258065569805,0.01141334441820041,-0.8912520600325079,-1.7442631396758508
222,7.3999999999999995,-0.7944530844688416,-0.5826419954247458,-0.5585894198615183,-1.3130342297720787,-0.5570099406172789,-0.6833169156478585,-0.0015794792442394012,-0.23744314385156262,-0.6297173141242203,-12.088732917798387
223,7.433333333333334,0.0103532718494534,-0.43881996441519133,-0.5845794497428098,-0.7797008964387454,-0.5824954644440428,0.09095807654827603,-0.002083985298767077,0.5928487362934962,-0.8706589729870214,-1.9763907808726586
224,7.466666666666667,-0.3491320312023163,-0.41706751304906525,-0.5927917018463236,-0.24636756310541208,-0.5907112164462026,0.4289161367358738,-0.002080485400120957,0.24157918524388633,-0.6752836998412859,3.068191346623405
225,7.5,-0.2778168618679046,-0.38329437424420365,-0.5832261761720595,0.28696577022792125,-0.5839849510374643,-0.11488600394935489,0.0007587748654047655,0.3061680891695597,0.40185177417727613,-0.32108401641783557
226,7.533333333333333,-0.2505452334880829,-0.3510980784355049,-0.5558828727200177,0.8202991035612546,-0.5578583340717843,-0.05548100693508051,0.0019754613517666275,0.3073131005837014,0.8757801104963351,2.3762923822059534
227,7.566666666666666,-0.2358244657516479,-0.3231402075840078,-0.5107617914901981,1.3536324368945878,-0.5128090978086663,0.6372128070116675,0.0020473063184682783,0.27698463205701845,0.7164196298829203,12.02205802392338
228,7.6,-0.1454249173402786,-0.2800380524828491,-0.4478629324826007,1.886965770227921,-0.454705519670742,0.9724293765509224,0.006842587188141347,0.3092806023304634,0.9145363936769986,21.819525396402728
229,7.633333333333333,-0.1640419214963913,-0.25190494574759986,-0.381196265815934,2.0,-0.388838279673253,1.9040687996986823,0.007642013857318997,0.22479635817686172,0.09593120030131774,34.676149435841815
230,7.666666666666667,-0.3830567002296448,-0.2837138196814152,-0.31452959914926737,2.0,-0.32225898995533103,1.9895147661506412,0.007729390806063663,-0.06079771027431374,0.010485233849358844,35.85530377287885
231,7.7,-0.4871583878993988,-0.33305622191249845,-0.2656407102603785,1.4666666666666668,-0.2715219753320767,0.28564253618749946,0.005881265071698227,-0.21563641256732208,1.1810241304791673,11.513623717520177
232,7.733333333333333,-0.0835663676261901,-0.2725462321369091,-0.23452959914926738,0.9333333333333335,-0.2355287935370404,0.4905189204482069,0.000999194387773017,0.1519624259108503,0.4428144128851266,8.53086624270372
233,7.766666666666667,-0.0326575897634029,-0.21436487105982474,-0.21436487105982474,0.6049418426832792,-0.21729031598090984,-0.4919980338124279,0.0029254449210850964,0.18463272621750693,1.096939876495707,-2.544177655504485
234,7.8,-0.2951607406139374,-0.2339606869081869,-0.21197792074815988,0.07160850934994589,-0.2136848709368787,-0.40041768138905587,0.001706950188718831,-0.08147586967705867,0.47202619073900176,-3.3140359532895465
235,7.833333333333333,-0.2140841037034988,-0.22913992235273084,-0.2273687482142728,-0.46172482398338743,-0.22541941798890738,0.3637022557132855,-0.0019493302253654199,0.011335314285408571,-0.825427079696673,2.0741487002073775
236,7.866666666666666,-0.0978076159954071,-0.19728725829302707,-0.22498179790260794,0.07160850934994589,-0.22453076587362808,0.12893227393759088,-0.00045103202897986416,0.12672314987822098,-0.05732376458764499,1.2938753970507944
237,7.8999999999999995,-0.3860450685024261,-0.24306760955623344,-0.24037262536872087,-0.46172482398338743,-0.23727366075447126,0.6595615257788003,-0.0030989646142496052,-0.14877140774795483,-1.1212863497621877,4.705997995659457
238,7.933333333333334,0.0123548926785588,-0.18111874577219256,-0.237985675057056,0.07160850934994589,-0.2369043061686794,0.2922095895028134,-0.0010813688883765937,0.2492591988472382,-0.2206010801528675,2.750441281194676
239,7.966666666666667,-0.1597283035516739,-0.17593081761470694,-0.21782094696761337,0.6049418426832792,-0.22092451747692582,-0.6140605298895987,0.0031035705093124533,0.06119621392525193,1.219002372572878,-3.925937854318276
240,8.0,0.0897197052836418,-0.1115013021522772,-0.17987844110039294,1.1382751760166125,-0.18020555662478072,0.7520359799959877,0.00032711552438777214,0.26992526190842253,0.38623919602062484,11.478716559242557
241,8.033333333333333,-0.4590322077274322,-0.1957896657140334,-0.1597137130109503,0.6049418426832792,-0.16252808116276385,-0.47804411077185316,0.0028143681518135455,-0.29650412656466835,1.0829859534551325,-2.4768584672379963
242,8.066666666666666,0.0037077078595757,-0.1474045958292157,-0.1474045958292157,0.36927351545203824,-0.15089724387057032,-0.7711432849109257,0.003492648041354629,0.15460495173014602,1.140416800362964,-5.8637055808191905
243,8.1,-0.2415317296981811,-0.17023370815648678,-0.15287325642525887,-0.1640598178812951,-0.15361606592236843,-0.23413294754755487,0.0007428094971095589,-0.08791566377581267,0.07007312966625978,-2.4718678072684206
244,8.133333333333333,-0.0230951067060232,-0.13454746634584866,-0.14056413924352426,0.36927351545203824,-0.14329428631620655,-0.5951216702221758,0.002730147072682293,0.12019917961018335,0.964395185674214,-4.376347690046439
245,8.166666666666666,-0.2238125801086425,-0.15619736925093805,-0.14603279983956743,-0.1640598178812951,-0.1463836213389493,-0.13409724150209987,0.00035082149938187035,-0.07742895876969319,-0.02996257637919522,-1.585260845086454
246,8.2,0.0125506212934851,-0.11527009703097646,-0.13372368265783283,0.36927351545203824,-0.13623999312368337,-0.539793800321972,0.0025163104658505464,0.14879061441716848,0.9090673157740102,-3.8830198330269274
247,8.233333333333333,0.1004112064838409,-0.06295985977583532,-0.10363678769832044,0.9026068487853716,-0.10508086854606896,0.2230099205756334,0.0014440808477485245,0.20549207502990985,0.6795969282097382,5.51547408696835
248,8.266666666666666,0.0514919236302375,-0.03520131118270524,-0.055772114961030274,1.435940182118705,-0.05866549917396993,0.5527700322241433,0.002893384212939658,0.11015742280420743,0.8831701498945617,11.899938472889687
249,8.3,0.0868942737579345,-0.0055888741658299025,-0.005588874165829906,1.5054972238560111,-0.009979613058198297,0.41242592316419846,0.004390738892368391,0.09687388681613279,1.0930713006918127,11.69697546472521
250,8.333333333333334,0.0386689640581607,0.005145194945253487,0.026816588851592688,0.9721638905226778,0.025856984935161753,0.48185382313994374,0.0009596039164309345,0.012811979122998945,0.4903100673827341,8.433192271119706
251,8.366666666666667,0.0177518166601657,0.008202740324227735,0.04144427409123751,0.4388305571893445,0.03916441702369811,-0.3994208291614798,0.002279857067539394,-0.021412600363532413,0.8382513863508243,-2.231326447826003
252,8.4,0.0016951346769928,0.006624419024132433,0.038294181553104545,-0.09450277614398883,0.03786619247357404,-0.12644314005939455,0.00042798907953050386,-0.03617105779658124,0.03194036391540572,-1.3161110876005737
253,8.433333333333334,-0.2449360638856887,-0.054387770398798156,0.017366311237193805,-0.6278361094773222,0.02031831842588222,0.5302149281398514,-0.002952007188688415,-0.26525438231157095,-1.1580510376171735,2.9749628755395943
254,8.466666666666667,-0.0832157284021377,-0.061379555491715754,-0.021339336856494705,-1.1611694428106554,-0.02110174555199333,-0.79083390636222,-0.0002375913045013743,-0.06211398285014437,-0.3703355364484354,-11.91605123911974
255,8.5,-0.2776353359222412,-0.11382912343184706,-0.07782276272796099,-1.6945027761439886,-0.07208077301895935,-0.27068335254508247,-0.005741989709001638,-0.20555456290328186,-1.4238194235989061,-11.491990027783675
256,8.533333333333333,-0.217980071902275,-0.13908936034645647,-0.13908936034645647,-1.8379979285548644,-0.13196221152449558,-1.185772620664348,-0.007127148821960888,-0.08601786037777942,-0.6522253078905165,-24.763662165168
257,8.566666666666666,-0.3879965841770172,-0.19945804191926905,-0.19945804191926905,-1.8110604471843774,-0.192245104475377,-1.233947154105771,-0.007212937443892065,-0.19575147970164022,-0.5771132930786065,-25.42847072665964
258,8.6,-0.1515106558799743,-0.1878291288025276,-0.24204894571430385,-1.2777271138510442,-0.23882541139385038,-0.5425749904738693,-0.0032235343204534694,0.08731475551387607,-0.735152123377175,-11.88519459545974
259,8.633333333333333,-0.2235420942306518,-0.1964907682872013,-0.2668620717315609,-0.7443937805177109,-0.26476836825978717,0.0656444633008294,-0.0020937034717737335,0.04122627402913537,-0.8100382438185403,-2.261728735319152
260,8.666666666666666,-0.1668113023042678,-0.18929246281578394,-0.27389741997104017,-0.21106044718437755,-0.27206430217576427,0.3737940893694667,-0.001833117795275896,0.10525299987149647,-0.5848545365538442,2.658832940679517
261,8.7,0.1499499976634979,-0.10701433622114412,-0.26315499043274165,0.3222728861489558,-0.2642551654242619,-0.19166415385875812,0.001100174991520264,0.4142051630877598,0.5139370400077139,-0.9132123021517233
262,8.733333333333333,0.1717721372842788,-0.039398894664843864,-0.23463478311666536,0.8556062194822891,-0.23641984200542993,0.039076077062837,0.001785058888764568,0.40819197928970874,0.8165301424194521,3.442150687879203
263,8.766666666666666,0.186263620853424,0.015332134561996794,-0.18833679802281128,1.3889395528156223,-0.1907625131338159,0.5996256737728773,0.002425715111004617,0.3770261339872399,0.789313879042745,11.967700219513084
264,8.8,0.165303885936737,0.051705514025751485,-0.12426103515117944,1.9222728861489555,-0.1312309758169761,1.1437844780207762,0.006969940665796662,0.29653486175371313,0.7784884081281793,24.18422579668671
265,8.833333333333334,0.1888094097375869,0.0849579897684972,-0.05759436848451277,2.0,-0.06525030201541607,1.9176808561872047,0.007655933530903297,0.25405971175300296,0.08231914381279526,34.863995815383426
266,8.866666666666667,0.1597213447093963,0.10309071045970018,0.009072298182153896,2.0,0.0013413859624919582,1.991002557348964,0.0077309122196619375,0.15837995874690436,0.00899744265103597,35.875835291415704
267,8.9,0.0367320477962493,0.0869964207308711,0.07573896484882056,2.0,0.06799985749469889,1.9990165838648335,0.0077391073541216715,-0.03126780969844959,0.0009834161351665038,35.9864288573347
268,8.933333333333334,0.1462448686361313,0.10136623543625241,0.12462785373770946,1.4666666666666668,0.11874258431947245,0.2852894562838957,0.005885269418237013,0.02750228431665884,1.181377210382771,11.513113100011275
269,8.966666666666667,0.0594843588769435,0.09120841988244632,0.15573896484882058,0.9333333333333335,0.15474013487244823,0.49076068052974814,0.0009988299763723507,-0.09525577599550472,0.4425726528035853,8.53359139009613
270,9.0,0.1517663747072219,0.10589583568041558,0.1690722981821539,0.40000000000000013,0.1670338881814767,-0.34758707988451587,0.0020384100006772266,-0.015267513474254785,0.747587079884516,-1.8628445886540814
271,9.033333333333333,0.0614710226655006,0.0951212693598544,0.16462785373770947,-0.1333333333333332,0.16455737522892017,-0.04672281972889281,7.047850878930118e-05,-0.10308635256341957,-0.08661051360444039,-0.7072582308180331
272,9.066666666666666,0.0432287119328975,0.08253551460715436,0.14240563151548724,-0.6666666666666665,0.14514986956646014,0.4273058869300823,-0.0027442380509729025,-0.10192115763356265,-1.0939725535967488,1.81496034939655
273,9.1,-0.0483162738382816,0.050799392897513236,0.10240563151548725,-1.1999999999999997,0.10278174789458604,-0.8029365963844324,-0.0003761163790987898,-0.15109802173286763,-0.39706340361556736,-12.261724647915104
274,9.133333333333333,-0.0372735820710659,0.029438625221811707,0.044627853737709486,-1.733333333333333,0.050913595389719145,-0.22417830058402877,-0.006285741652009659,-0.08818717746078505,-1.5091550327493042,-11.493660548059594
275,9.166666666666666,-0.1880015879869461,-0.023298208970110607,-0.02203881292895718,-2.0,-0.014457662019729879,-1.8445508891338824,-0.007581150909227301,-0.17354392596721624,-0.15544911086611757,-33.85480227004758
276,9.2,0.0393733829259872,-0.008098162476432807,-0.07092770181784608,-1.4666666666666668,-0.06510752880417739,-0.29102927725775407,-0.005820173013668689,0.10448091173016459,-1.1756373894089127,-11.521413921035986
277,9.233333333333333,-0.0860285311937332,-0.026998994447260324,-0.1020388129289572,-0.9333333333333335,-0.1010340589218503,-0.4868305231559561,-0.001004754007106895,0.015005527728117099,-0.44650281017737736,-8.489290205009329
278,9.266666666666666,-0.2956420183181762,-0.09215429574884358,-0.11537214626229053,-0.40000000000000013,-0.11332738288801612,0.3494115622977213,-0.002044763374274408,-0.18231463543016008,-0.7494115622977214,1.8798099870011344
279,9.3,-0.3218968510627746,-0.14787487690366066,-0.14648325737340165,-0.9333333333333335,-0.14513492613053777,-0.25889237308837953,-0.001348331242863876,-0.17676192493223683,-0.6744409602449539,-5.9199452108820205
280,9.333333333333334,-0.1820376962423324,-0.15616055190556305,-0.15981659070673498,-0.40000000000000013,-0.1574033494099015,0.4552264461673152,-0.002413241296833485,-0.024634346832430903,-0.8552264461673154,2.8637557038261363
281,9.366666666666667,-0.1241719722747802,-0.14840220585204772,-0.15537214626229054,0.1333333333333332,-0.15508172342141333,0.10452589295615206,-0.0002904228408772136,0.03090975114663312,0.028807440377181137,1.2261119951962507
282,9.4,-0.086163192987442,-0.133307074858231,-0.133307074858231,0.6619521421217859,-0.13609260438733423,-0.45045873421431804,0.0027855295291032145,0.04992941139989222,1.1124108763361038,-2.0759419018567673
283,9.433333333333334,-0.1526488661766052,-0.13799813373220557,-0.12901978123194927,0.12861880878845255,-0.1309929286307831,-0.45116475702067294,0.0019731473988338355,-0.021655937545822096,0.5797835658091255,-3.6192712492522947
284,9.466666666666667,0.0001928750280058,-0.10448199516585402,-0.10695470982788974,0.6619521421217859,-0.10953424549667468,-0.31379700415883927,0.002579535668784938,0.10972712052468048,0.9757491462806251,-0.5354751923448922
285,9.5,-0.1661666482686996,-0.11944267458603033,-0.10266741620160799,0.12861880878845255,-0.10441964037908004,-0.3877227878244215,0.0017522241774720476,-0.06174700788961955,0.516341596612874,-3.0293404987302313
286,9.533333333333333,-0.309451699256897,-0.1655264889879966,-0.11615790035310401,-0.40471452454488077,-0.11455201915303909,0.2943425534607689,-0.0016058812000649264,-0.1948996801038579,-0.6990570780056496,1.6082665737661677
287,9.566666666666666,-0.2323456108570099,-0.18173245613112518,-0.14742616228237782,-0.9380478578782141,-0.14605916669523095,-0.24226895517109964,-0.0013669955871468686,-0.08628644416177894,-0.6957789027071144,-5.732564135803595
288,9.6,0.0334400460124015,-0.12954562095124147,-0.16091664643387385,-0.40471452454488077,-0.15844896563923766,0.4687347346321542,-0.00246768079463619,0.19188901165163916,-0.873449259177035,2.9755846487555146
289,9.633333333333333,0.036132875829935,-0.08936280800703524,-0.1566293528075921,0.12861880878845255,-0.15628078087284175,0.11807946579295056,-0.0003485719347503524,0.19241365670277674,0.010539342995501993,1.334812989595327
290,9.666666666666666,0.085828348994255,-0.046872843237740415,-0.13456428140353258,0.6619521421217859,-0.1373551027305711,-0.4539694517659336,0.002790821327038534,0.22318345172482612,1.1159215938877196,-2.1155151131176466
291,9.7,0.0136556765064597,-0.03219256647325916,-0.09472143222169527,1.1952854754551192,-0.09505574002106902,0.8071866929057994,0.00033430779937375366,0.10871141652752872,0.38809878254931984,12.267871057484735
292,9.733333333333333,0.1367246061563491,0.008775738302010332,-0.03710080526208018,1.7286188087884526,-0.043324117421060224,0.2241642974779552,0.006223312158980046,0.1800487235774093,1.5044545113104975,11.424715046192805
293,9.766666666666666,0.1250342279672622,0.0369724761657348,0.029565861404586488,2.0,0.021991534008788144,1.8378781715818044,0.007574327395798344,0.10304269395847407,0.16212182841819556,33.7627187678289
294,9.8,0.0877532884478569,0.04928859395247703,0.07845475029347537,1.4666666666666668,0.07263738936000415,0.2912772300748814,0.0058173609334712245,0.015115899087852755,1.1753894365917854,11.521772505731725
295,9.833333333333334,0.2398803681135177,0.09551374542721941,0.10956586140458649,0.9333333333333335,0.10856085148703987,0.4866607454578326,0.0010050099175466232,0.13131951662647784,0.44667258787550085,8.487376451306147
296,9.866666666666667,0.154861107468605,0.10990755025990562,0.12289919473791983,0.40000000000000013,0.12085415690615121,-0.34949037757022117,0.002045037831768612,0.0340069505624538,0.7494903775702213,-1.8805428701926226
297,9.9,0.0935514420270919,0.10594062364973482,0.11845475029347538,-0.1333333333333332,0.1183803826913859,-0.04774490355657981,7.436760208948123e-05,-0.024828940664294002,-0.08558842977675338,-0.7164326918267198
298,9.933333333333334,0.1727832555770874,0.12215229280184411,0.12215229280184411,0.11092627525106202,0.12139348515795526,-0.16405609065038168,0.0007588076438888591,0.05138977041913215,0.2749823659014437,-1.1878628573832366
299,9.966666666666667,0.1040407940745353,0.11775962278347776,0.11775962278347776,-0.13178010055099054,0.11819303049977775,0.07345224456297755,-0.0004334077162999883,-0.014152236425242451,-0.2052323451139681,0.3269903916766327
300,10.0,0.0721800774335861,0.10670499360431715,0.10670499360431715,-0.3316388753748184,0.10892978391157827,0.4699424643135779,-0.0022247903072611236,-0.03674970647799217,-0.8015813396883963,3.332717617518078
301,10.033333333333333,0.1172729581594467,0.1092680935308009,0.1092680935308009,0.07689299779451253,0.10988334274351946,0.1757460979576692,-0.0006152492127185633,0.007389615415927239,-0.09885310016315668,1.7351478902223834
302,10.066666666666666,0.0516397431492805,0.09529120897032423,0.09529120897032423,-0.41930653681430025,0.09822563382821094,0.6305193731435792,-0.002934424857886711,-0.04658589067893044,-1.0498259099578795,4.556767811847065
303,10.1,0.0569041445851326,0.08598100723844439,0.08598100723844439,-0.2793060519563952,0.08914400562360357,0.7228706055472383,-0.0031629983851591825,-0.03223986103847097,-1.0021766575036335,5.698141595481464
304,10.133333333333333,0.0814430713653564,0.08488039954412219,0.08488039954412219,-0.03301823082966601,0.08669975378251253,0.4541925680699421,-0.0018193542383903444,-0.005256682417156128,-0.48721079889960817,3.941153799926412
305,10.166666666666666,0.0412215813994407,0.07429161369106167,0.07429161369106167,-0.31766357559181546,0.07722156400185465,0.658751958548925,-0.0029299503107929753,-0.035999982602413945,-0.9764155341407404,5.059710920274981
306,10.2,-0.1479518115520477,0.02038983308510576,0.04592505006022338,-0.8509969089251488,0.04756439300871115,-0.13989420986604445,-0.0016393429484877764,-0.19551620456075886,-0.7111026990591043,-4.578584254433932
307,10.233333333333333,-0.0125429397448897,0.012402487255250939,0.012402487255250935,-1.0056768841491732,0.01346124190722511,-0.38592764280715464,-0.0010587546519741746,-0.026004181652114808,-0.6197492413420186,-7.351901354391918
308,10.266666666666666,-0.1777898222208023,-0.03372578010340806,-0.03372578010340806,-1.3838480207597699,-0.031665271516624745,-0.6324361876346789,-0.002060508586783312,-0.14612455070417757,-0.751411833125091,-12.015150166913246
309,10.3,-0.1451077759265899,-0.060739798159273085,-0.062076269684289274,-0.8505146874264365,-0.0603556279283845,-0.08639223624519454,-0.0017206417559047713,-0.08475214799820541,-0.764122451181242,-3.9755038659254325
310,10.333333333333334,-0.1060080528259277,-0.07171892849254359,-0.07264898148739271,-0.3171813540931032,-0.07044113562115785,0.43357219794805424,-0.0022078458662348616,-0.03556691720476986,-0.7507535520411575,2.904488526891539
311,10.366666666666667,-0.1094739064574241,-0.08087582722563125,-0.08087582722563125,-0.2468053721471561,-0.07832362569462364,0.5740594314643961,-0.002552201531007603,-0.03115028076280045,-0.8208648036115522,4.450936265667515
312,10.4,-0.1756741851568222,-0.10386773479465106,-0.10386773479465106,-0.6897572270705943,-0.1014663739335996,0.22060353298936253,-0.0024013608610514575,-0.0742078112232226,-0.9103607600599568,-0.5150123129878269
313,10.433333333333334,-0.3398266434669494,-0.16109599841307887,-0.14463742014144865,-1.2230905604039277,-0.1441038154136062,-0.7862895275487216,-0.0005336047278424461,-0.1957228280533432,-0.4368010328552061,-12.237649970391042
314,10.466666666666667,-0.3957879245281219,-0.21801697457965946,-0.20318488326602402,-1.756423893737261,-0.196825689127248,-0.3266248456370162,-0.006359194138776031,-0.1989622354008739,-1.4297990481002447,-12.90742286979082
315,10.5,-0.2975099980831146,-0.2372968048284069,-0.2439545686128216,-1.2230905604039277,-0.2417898768063037,-0.6424697899386944,-0.0021646918065179044,-0.05572012127681092,-0.5806207704652333,-12.029660573655551
316,10.533333333333333,-0.3264878690242767,-0.2589287481312901,-0.2669464761818414,-0.6897572270705944,-0.2645098504005069,0.24399920608711667,-0.0024366257813345227,-0.06197801862376978,-0.9337564331577111,-0.2512936000820144
317,10.566666666666666,-0.3688992261886596,-0.2856004239070584,-0.2856004239070584,-0.55961843175651,-0.28260125577509804,0.5001367732652615,-0.0029991681319603836,-0.08629797041356158,-1.0597552050217716,2.6359184609178907
318,10.6,-0.5198948383331299,-0.3424249896271936,-0.3220321494100532,-1.0929517650898433,-0.3214909976927286,-0.650809927901198,-0.0005411517173246061,-0.19840384064040129,-0.4421418371886453,-10.3376848796053
319,10.633333333333333,-0.1316372603178024,-0.2913016147636454,-0.3406860971352702,-0.5596184317565099,-0.33797310327791896,0.46936121733956404,-0.0027129938573512424,0.20633584296011656,-1.0289796490960739,2.528604946884062
320,10.666666666666666,0.0593339242041111,-0.20626026934064012,-0.3415622670827094,-0.02628509842317661,-0.34020874006622587,0.3253979065507002,-0.0013535270164835578,0.39954266427033697,-0.35168300497387683,2.7699603955820753
321,10.7,0.0041026594117283,-0.15523992342564635,-0.32466065925237086,0.5070482349101567,-0.3270614941096302,-0.46532488886869716,0.0024008348572593374,0.33116415352135853,0.9723731237788539,-2.8601592268799356
322,10.733333333333333,0.1497469991445541,-0.08126995931947846,-0.2899812736442545,1.04038156824349,-0.2908141144665729,0.5045858230592846,0.0008328408223183814,0.44056111361112704,0.5357957451842055,8.689429983770909
323,10.766666666666666,0.1437273323535919,-0.02670027007252005,-0.2375241102583604,1.5737149015768233,-0.24194840776886872,0.40131093824620834,0.004424297510508324,0.38567574012246064,1.172403963330615,11.680901182806501
324,10.8,0.1359566152095794,0.0127496967147233,-0.17085744359169375,2.0,-0.17823513955550332,1.6455921856038482,0.007377695963809577,0.31419175476508276,0.35440781439615177,31.109172161333106
325,10.833333333333334,0.151781752705574,0.04646981856317005,-0.10419077692502708,2.0,-0.11189127791301995,1.9612633970980056,0.007700500987992867,0.26367303061859393,0.03873660290199443,35.465434879952475
326,10.866666666666667,0.0731937810778617,0.05295131138039507,-0.037524110258360416,2.0,-0.04525989367955206,1.995766108016147,0.007735783421191647,0.11845367475741377,0.004233891983852933,35.94157229062283
327,10.9,0.1219954416155815,0.06969692064192914,0.02914255640830625,2.0,0.021402916634210623,1.9995372376515224,0.007739639774095627,0.10059252498137088,0.0004627623484776411,35.99361387959101
328,10.933333333333334,0.1338057965040207,0.08524555861775633,0.08524555861775633,1.6830900662835024,0.07827735930226432,0.8249331201664454,0.006968199315492016,0.055528437201756375,0.8581569461170571,19.784077058296944
329,10.966666666666667,0.1951223462820053,0.11189451120605874,0.12357078304942863,1.149756732950169,0.12210405558643483,0.7127798710351694,0.001466727462993797,0.07301829069557048,0.4369768619149996,12.13134168915957
330,11.0,0.0994733795523643,0.10888195363526558,0.14411822970332316,0.6164233996168357,0.14128714603207332,-0.43972466633379925,0.0028310836712498455,-0.041813766479709025,1.056148065950635,-1.9549462564711269
331,11.033333333333333,0.0539652407169342,0.09556273571875742,0.1468878985794399,0.08309006628350235,0.14519831742708117,-0.39025480478352415,0.0016895811523587323,-0.09123307671014697,0.4733448710670265,-3.1859717924727216
332,11.066666666666666,0.1844699084758758,0.11712582544799385,0.13187978967777886,-0.450243267049831,0.13377549326135582,0.3538181767337587,-0.0018957035835769631,0.05069441521451998,-0.8040614437835897,2.0169867593958264
333,11.1,0.0559608303010463,0.10229118120342875,0.10229118120342875,-0.8876582542305032,0.1038591996463976,-0.15423364158733094,-0.0015680184429688465,-0.0478983693453513,-0.7334246126431723,-4.740219974916853
334,11.133333333333333,0.1594498306512832,0.11615414690826693,0.09048035050685643,-0.3543249208971698,0.09279571041462055,0.4477051081749819,-0.002315359907764117,0.06665412023666266,-0.8020300290721517,2.927331166294838
335,11.166666666666666,0.0553342886269092,0.10140321038908313,0.09644729758806188,0.1790084124361635,0.09642640741108634,0.03945601515439477,2.0890176975540964e-05,-0.04109211878417714,0.13955239728176871,0.7675787276506745
336,11.2,0.034547921270132,0.08518847142663463,0.08518847142663463,-0.33776478484281736,0.08730882140496928,0.4471384030312353,-0.002120349978334643,-0.05276090013483727,-0.7849031878740527,3.1373786567236794
337,11.233333333333333,0.0676419287919998,0.08093282296166632,0.08093282296166632,-0.12766945394904944,0.0827521146172699,0.4240812575102981,-0.001819291655603586,-0.0151101858252701,-0.5517507114593476,3.4282100655834147
338,11.266666666666666,0.0442948825657367,0.07204684479193993,0.07204684479193993,-0.26657934509179165,0.07462424671911065,0.5811399991087802,-0.002577401927170722,-0.03032936415337395,-0.8477193442005719,4.489442740612812
339,11.3,0.0341992825269699,0.0628674911375176,0.0628674911375176,-0.2753806096326697,0.06586549533208463,0.6845153181036048,-0.0029980041945670277,-0.03166621280511473,-0.9598959277362744,5.378208543629178
340,11.333333333333334,-0.1886206567287445,0.0018728454850890086,0.0359103597053175,-0.8087139429660031,0.03773432374550128,-0.05544784179579709,-0.0018239640401837773,-0.2263549804742458,-0.753266101170206,-3.6266950993749942
341,11.366666666666667,-0.0419839844107627,-0.008763965122617469,-0.00876396512261747,-1.3402297448380491,-0.006952525134981874,-0.6596125248257617,-0.0018114399876355963,-0.03503145927578082,-0.6806172200122874,-12.054452074090822
342,11.4,-0.2330518066883087,-0.06316158797887392,-0.06316158797887392,-1.6319286856876933,-0.05758070320309544,-0.2923698899526508,-0.005580884775778477,-0.17547110348521325,-1.3395587957350426,-11.523352689874686
343,11.433333333333334,-0.1848867982625961,-0.09268419622588873,-0.09978143305735258,-1.09859535235436,-0.09950069612367832,-0.8184991749877153,-0.00028073693367426655,-0.08538610213891779,-0.2800961773666446,-12.227897322950067
344,11.466666666666667,-0.4544833600521087,-0.18043310997056589,-0.15417905591360903,-1.6319286856876931,-0.14922899861271618,-0.34799257441957887,-0.004950057300892846,-0.30525436143939255,-1.2839361112681142,-11.603793168903046
345,11.5,-0.5427636504173279,-0.26831090107567906,-0.22084572258027568,-2.0,-0.21341056132536732,-1.701787525518136,-0.007435161254908368,-0.3293530890919606,-0.29821247448186394,-31.884667852150276
346,11.533333333333333,-0.3152073621749878,-0.27968492824703656,-0.27968492824703656,-1.7651761700028263,-0.2725500803769783,-1.096742286193316,-0.007134847870058247,-0.04265728179800948,-0.6684338838095103,-23.535043549467762
347,11.566666666666666,-0.2626437842845917,-0.27555185658413617,-0.32074635613601965,-1.2318428366694931,-0.3181487497763974,-0.6032515053753379,-0.002597606359622251,0.055504965491805724,-0.6285913312941552,-11.972943828910454
348,11.6,-0.5067101716995239,-0.3316158088606203,-0.34403000624722496,-0.6985095033361598,-0.34167227461487654,0.19953196458903888,-0.0023577316323484254,-0.1650378970846474,-0.8980414679251987,-0.7525334509444717
349,11.633333333333333,0.0070267068222165,-0.24948318980015521,-0.3495358785806525,-0.16517617000282647,-0.3477546150436263,0.37958453880651566,-0.0017812635370261787,0.3547813218658428,-0.5447607088093421,2.8468028462976345
350,11.666666666666666,-0.0532231144607067,-0.2018832776269004,-0.33726397313630224,0.36815716333050685,-0.33864961604026983,-0.24986504077669403,0.0013856429039675877,0.2854265015795631,0.6180222041072009,-1.3095128860448715
351,11.7,-0.3050442636013031,-0.22690341411464449,-0.3072142899141742,0.9014904966638402,-0.3087663038557057,0.1524085019453586,0.0015520139415314826,0.003722040254402592,0.7490819947184816,4.719646791352405
352,11.733333333333333,0.0609237365424633,-0.15709529308615586,-0.25938682891426845,1.4348238299971734,-0.26231024841996814,0.5502551644662135,0.002923419505699687,0.32323398496243144,0.8845686655309599,11.89630151848737
353,11.766666666666666,0.0986799523234367,-0.09506087678150593,-0.1937815901365849,1.9681571633305066,-0.20091768483624153,1.3671076300471947,0.00713609469965662,0.29959763715967824,0.6010495332833119,27.266085294651287
354,11.8,0.0309762582182884,-0.06449247642711661,-0.12711492346991826,2.0,-0.1347890175564548,1.9354400735744088,0.007674094086536548,0.1657652757747432,0.06455992642559116,35.10907301532684
355,11.833333333333334,0.0772525072097778,-0.03011437502036833,-0.060448256803251596,2.0,-0.06818115396287103,1.9929436312300546,0.007732897159619431,0.14543366117264883,0.00705636876994542,35.902622110974754
356,11.866666666666667,0.146582618355751,0.012740807580750843,0.00621840986341507,2.0,-0.0015209144436850418,1.9992287423023192,0.0077393243071001115,0.14810353279943606,0.0007712576976808272,35.989356643772005
357,11.9,0.2075859308242797,0.05999754452909737,0.05999754452909737,1.613374039970469,0.05319917919447619,0.5664112365793479,0.006798365334621179,0.1543867516298035,1.0469628033911211,16.216475064795
358,11.933333333333334,0.2347541153430938,0.10238210699325644,0.10238210699325645,1.271536873924772,0.09940952670978119,0.5654427464464729,0.0029725802834752596,0.1353445886333126,0.7060941274782992,11.91826551359986
359,11.966666666666667,0.0157736763358116,0.08137654238401282,0.12698889167963773,0.7382035405914388,0.12484441512596255,-0.0937601592365449,0.0021444765536751814,-0.10907073879015095,0.8319636998279837,1.9448053831404126
360,12.0,0.2098900973796844,0.11254556094413741,0.13381789858824125,0.20487020725810545,0.1319755251369077,-0.3792421245644778,0.0018423734513335621,0.0779145722427767,0.5841123318225833,-2.7275877494582805
361,12.033333333333333,0.1817664206027984,0.12933403325370235,0.12933403325370235,-0.134515960036167,0.12927231652529664,-0.05092348857336839,6.171672840571407e-05,0.05249410407750177,-0.0835924714627986,-0.7712923087186452
362,12.066666666666666,0.1333517879247665,0.13030847886698138,0.13030847886698138,0.029233368398370874,0.1300499100848731,-0.06045634658073948,0.0002585687821082816,0.0033018778398934134,0.08968971497911035,-0.4745580900245201
363,12.1,0.0603037662804126,0.11332989488819065,0.11350514670248263,-0.5040999649349625,0.1164664903791696,0.6101829482290348,-0.0029613436766869755,-0.05616272409875701,-1.1142829131639973,4.15512585337352
364,12.133333333333333,0.0750560387969017,0.1040471501153369,0.1040471501153369,-0.28373989761437196,0.10721693879964381,0.7212195699087205,-0.0031697886843069095,-0.032160900002742104,-1.0049594675230924,5.6642523204477975
365,12.166666666666666,-0.0463164672255516,0.06757872948979685,0.07681137575041339,-0.8170732309477053,0.07858198298670391,-0.08332645565632779,-0.0017706072362905223,-0.12489845021225551,-0.7337467752913776,-3.940946035185986
366,12.2,0.0811649560928344,0.07087386321453427,0.06735337916326765,-0.283739897614372,0.06937064350548201,0.3939163633718863,-0.002017264342214359,0.01179431258735239,-0.6776562609862583,2.6334929271224254
367,12.233333333333333,0.0413943119347095,0.06372404402996693,0.06372404402996693,-0.10888005399902187,0.0653369880224061,0.37451213308022735,-0.001612943992439178,-0.023942676087696603,-0.48339218707924925,3.0264424607304017
368,12.266666666666666,0.155495598912239,0.08598184631014953,0.07787248667444398,0.42445327933431143,0.07609825582266512,-0.3301073098137187,0.0017742308517788574,0.07939734308957387,0.7545605891480301,-1.8703199914215523
369,12.3,-0.0250248312950134,0.059058856010101995,0.07424315154114325,-0.1088800539990219,0.07410217671480272,-0.06110375872908254,0.00014097482634052583,-0.09912700800981612,-0.04777629526993936,-0.7874514015683483
370,12.333333333333334,0.0890902355313301,0.06634251278634502,0.06634251278634502,-0.23701916264394676,0.06768851098000951,0.27282773482415,-0.0013459981936644883,0.021401724551320583,-0.5098468974680967,1.8202189541100946
371,12.366666666666667,0.0142635647207498,0.053711551804034835,0.053711551804034835,-0.3789288294693057,0.056681277918050846,0.6455068092588221,-0.002969726114016011,-0.042417713197301046,-1.0244356387281277,4.7677131483320725
372,12.4,-0.0686568692326545,0.024032942519635437,0.024032942519635437,-0.8903582785319819,0.025491036006689612,-0.22473190408863625,-0.0014580934870541754,-0.09414790523934412,-0.6656263744433457,-5.534884482805076
373,12.433333333333334,-0.1313455402851104,-0.013651757857287752,-0.013651757857287752,-1.1305410113076957,-0.01313999472143261,-0.6364932641861295,-0.0005117631358551415,-0.11820554556367778,-0.4940477471215662,-10.176305802702153
374,12.466666666666667,-0.2017907947301864,-0.05928203500877462,-0.05928203500877462,-1.368908314544606,-0.0576402713867185,-0.6711448385116977,-0.0016417636220561194,-0.1441505233434679,-0.6977634760329082,-12.071129889016387
375,12.5,-0.136672705411911,-0.07805197131827199,-0.0871345343824837,-0.8355749812112726,-0.08530836537688909,-0.029821867772709343,-0.0018261690055946106,-0.051364340035021924,-0.8057531134385633,-3.3378361784074544
376,12.533333333333333,-0.100669577717781,-0.08353752958234485,-0.09720925597841501,-0.3022416478779393,-0.09499731502871483,0.4414819097854614,-0.002211940949700175,-0.005672262689066163,-0.7437235576634007,3.0217097221267606
377,12.566666666666666,-0.4068264961242676,-0.1619463775732675,-0.1250617553521241,-0.8355749812112726,-0.12328747474244794,-0.06424599063279657,-0.0017742806096761599,-0.28353902138181963,-0.771328990578476,-3.7258688430648057
378,12.6,-0.2269881218671798,-0.17772126867442886,-0.17069203250361098,-1.368908314544606,-0.16852996501990877,-0.625267481111386,-0.002162067483702207,-0.058458156847271014,-0.74364083343322,-12.004782918509571
379,12.633333333333333,-0.0474912300705909,-0.14613594298278892,-0.19854453187732007,-0.8355749812112726,-0.19676571258463416,-0.061234909276640215,-0.001778819292685918,0.14927448251404327,-0.7743400719346324,-3.691927588355773
380,12.666666666666666,-0.0799859464168548,-0.130092262059129,-0.2086192534732514,-0.3022416478779393,-0.20645809389679304,0.42689914977910304,-0.002161159576458349,0.12647214747993824,-0.7291407976570423,2.88610834240568
381,12.7,-0.0924339070916175,-0.12095879777230213,-0.20091619729140492,0.23109168545539405,-0.20131706640753902,-0.04131039882310775,0.0004008691161341005,0.10888315931592152,0.27240208427850177,0.185764191212162
382,12.733333333333333,0.0074338372796773,-0.08981910651519516,-0.17543536333178067,0.7644250187887274,-0.17769554369280516,-0.1941089187524998,0.0022601803610244886,0.18512938097248247,0.9585339375412272,0.8136626461621379
383,12.766666666666666,0.0231805797666311,-0.06241274211164936,-0.13217675159437864,1.2977583521220608,-0.13361838037570875,0.6972981210402253,0.001441628781330112,0.15679896014233985,0.6004602310818355,12.108952273802764
384,12.8,0.0152627909556031,-0.04357371667248609,-0.07114036207919884,1.831091685455394,-0.07778066276806207,0.7005261129176032,0.006640300688863232,0.09304345372366517,1.1305655725377908,18.067260358262924
385,12.833333333333334,0.0469903871417045,-0.02160876338206758,-0.021608763382067575,1.4859479609139379,-0.027290698201901373,0.3009130776854372,0.005681934819833798,0.07428108534360586,1.1850348832285007,11.535707687125194
386,12.866666666666667,0.0624382346868515,-0.0012244354968018803,0.01014505753728591,0.9526146275806046,0.009214735792867816,0.5188661384205538,0.0009303217444180927,0.05322349889398369,0.4337484891600507,8.850399337857345
387,12.9,0.0597639121115207,0.013567365559663815,0.02412110067886162,0.41928129424727123,0.022015384284533278,-0.3582246784636153,0.0021057163943283413,0.03774852782698742,0.7775059727108865,-1.9053990672159309
388,12.933333333333334,0.037613283842802,0.01939933926304177,0.020319366042659548,-0.1140520390860621,0.020102221206786983,-0.0781988751475577,0.00021714483587256458,0.017511062636015016,-0.03585316393850439,-0.9367952828480075
389,12.966666666666667,0.0898507460951805,0.03648626217332762,0.03429540918423526,0.41928129424727123,0.03157308538018689,-0.5759508264150599,0.0027223238040483683,0.05827766071499361,0.9952321206623311,-4.071442804028454
390,13.0,0.0707824006676673,0.044804271719532156,0.044804271719532156,0.31526587605890694,0.04153674714823111,-0.7387227585990435,0.003267524571301049,0.0292456535194362,1.0539886346579503,-5.7475423341781315
391,13.033333333333333,0.0604896917939186,0.048608533063313114,0.048608533063313114,0.11412784031342876,0.0462481021364216,-0.5682098649155543,0.0023604309268915116,0.014241589657497,0.682337705228983,-4.747561789872428
392,13.066666666666666,0.0340902991592884,0.04508735506749767,0.04508735506749767,-0.10563533987446333,0.044492429487513536,-0.18416156008800044,0.0005949255799841333,-0.010402130328225137,0.07852622021353711,-1.9019310459541294
393,13.1,0.0580822266638278,0.04823906458161151,0.04823906458161151,0.09455128542341512,0.047292220218869765,-0.21805704283365202,0.0009468443627417417,0.010790006444958034,0.31260832825706714,-1.7121996118958536
394,13.133333333333333,0.0385752022266387,0.04589524096615879,0.04589524096615879,-0.07031470846358157,0.04584090048714569,-0.03412086943710279,5.434047901309996e-05,-0.007265698260506992,-0.036193839026478776,-0.4769726072197424
395,13.166666666666666,0.0535798333585262,0.04775902259536327,0.04775902259536327,0.055913448876134475,0.04735991720943671,-0.08742426622668398,0.00039910538592655836,0.00621991614908949,0.14333771510281845,-0.6425897831345901
396,13.2,0.090215116739273,0.05805610593732272,0.05805610593732272,0.3089125002587836,0.055960236128809994,-0.44533605663214404,0.002095869808512729,0.03425488061046301,0.7542485568909276,-3.1778984872212033
397,13.233333333333333,-0.0941173657774925,0.02114873251358216,0.0505754115015044,-0.22442083307454974,0.05092562987924116,0.027653937894173447,-0.0003502183777367579,-0.14504299565673365,-0.2520747709687232,-0.3006217126192788
398,13.266666666666666,0.0837953314185142,0.03634271733535659,0.03634271733535659,-0.42698082498443424,0.039075827985117904,0.5700408878328318,-0.002733110649761311,0.04471950343339629,-0.997021712817266,3.9747145053896
399,13.299999999999999,0.0868781730532646,0.048599327599300204,0.03988780094698656,0.10635250834889909,0.040561219963934365,0.19772691223705496,-0.0006734190169478058,0.04631695308933024,-0.09137440388815588,1.9978136906644808
400,13.333333333333334,0.0590688027441501,0.05113854040930752,0.05113854040930752,0.33752218386962884,0.04946685377449273,-0.32584987954494327,0.0016716866348147896,0.009601948969657367,0.6633720634145721,-2.0361567193170345
401,13.366666666666667,0.0062749348580837,0.04025755159729231,0.0446115020938507,-0.19581114946370448,0.04503195355102246,0.055543908353104104,-0.000420451457171761,-0.038757018692938766,-0.25135505781680856,0.024347694612981946
402,13.4,-0.0303611904382705,0.02313004406492933,0.02313004406492933,-0.6444437408676411,0.02592989300364123,0.44420873138881256,-0.002799848938711897,-0.05629108344191173,-1.0886524722564537,2.005491152527467
403,13.433333333333334,0.0618276931345462,0.03251557341336811,0.01942636381378574,-0.11111040753430779,0.021287033210130233,0.42675624876663476,-0.0018606693963444942,0.04054065992441597,-0.5378666563009425,3.4434821733700494
404,13.466666666666667,0.0085631338879466,0.026706271568490578,0.026706271568490578,0.2183972326411452,0.026318230299999825,-0.03621432551490411,0.00038804126849075263,-0.017755096412053223,0.2546115581560493,0.22086652799476628
405,13.5,0.0493731163442134,0.0322037718558164,0.0322037718558164,0.16492500861977477,0.031060504519505535,-0.23993273294194195,0.001143267336310868,0.018312611824707867,0.4048577415617167,-1.700122507495712
406,13.533333333333333,0.0100371669977903,0.026827597192699865,0.026827597192699865,-0.1612852398934962,0.02726114728889138,0.06599315507303652,-0.0004335500961915144,-0.01722398029110108,-0.2272783949665327,0.1915594918789559
407,13.566666666666666,0.0066353450529277,0.021930271912604143,0.021930271912604143,-0.14691975840287166,0.02301125804189338,0.230762678590697,-0.001080986129289238,-0.01637591298896568,-0.3776824369935686,1.6695706725511306
408,13.6,-0.1433282196521759,-0.018150675120370784,-0.0007448311452693569,-0.680253091736205,0.0018333063400495118,0.3293322329118704,-0.0025781374853188687,-0.14516152599222543,-1.0095853246480755,0.7105900742432948
409,13.633333333333333,-0.2302535623311996,-0.06959302163668186,-0.041197711980920634,-1.2135864250695383,-0.04071423897173773,-0.791846147059152,-0.0004834730091829026,-0.18953932335946186,-0.42174027801038627,-12.245685848908632
410,13.666666666666666,-0.1989150047302246,-0.10095811220172393,-0.0994283705943497,-1.7469197584028717,-0.09309780398391067,-0.28602780146075424,-0.0063305666104390285,-0.10581720074631394,-1.4608919569421175,-12.347183660158407
411,13.7,-0.1136841922998428,-0.10404463040433111,-0.13988125143000096,-1.2135864250695385,-0.137851341714129,-0.6554903851294166,-0.0020299097158719692,0.024167149414286188,-0.5580960399401219,-12.048490713272432
412,13.733333333333333,-0.2429046183824539,-0.1377230197594039,-0.16255635448787448,-0.6802530917362052,-0.1600645728086702,0.272041526064002,-0.0024917816792042746,-0.08284004557378369,-0.9522946178002072,0.06480264986546647
413,13.766666666666666,-0.4315206110477447,-0.20897918083980216,-0.20300923532352577,-1.2135864250695385,-0.20256135093812722,-0.7949841441664088,-0.0004478843853985559,-0.22895926010961748,-0.4186022809031297,-12.250223961243865
414,13.799999999999999,-0.1445350497961044,-0.19334923179154986,-0.22568433838139929,-0.6802530917362052,-0.22304858612897033,0.36755538062045856,-0.002635752252428958,0.07851353633286592,-1.0478084723566639,1.1414457831087643
415,13.833333333333334,-0.1912250071763992,-0.19283403324725829,-0.23058166366149502,-0.14691975840287186,-0.2286355267232715,0.43515948866243215,-0.0019461369382235139,0.0374105195468723,-0.582079247065304,3.4169461590971606
416,13.866666666666667,-0.1362166553735733,-0.17910234477416367,-0.21770121116381297,0.38641357493046147,-0.21909158477046894,-0.24441506214574582,0.0013903736066559758,0.08287492939689564,0.6308286370762073,-1.2104104477172735
417,13.9,-0.1398272067308426,-0.16957675421163537,-0.18704298088835314,0.9197469082637948,-0.18851217691419597,0.19092932380972055,0.0014691960258428338,0.04868497018335338,0.7288175844540743,5.153857917473777
418,13.933333333333334,0.038167018443346,-0.11919164498442968,-0.13860697283511553,1.453080241597128,-0.14173250107299484,0.530251692743323,0.003125528237879316,0.17989951951634084,0.922828548853805,11.867372874301282
419,13.966666666666667,-0.0228028781712055,-0.09581400780140961,-0.09581400780140961,1.2837889510111775,-0.09743149533541867,0.6834620790204511,0.00161748753400906,0.07462861716421318,0.6003268719907264,12.088942850334723
420,14.0,0.0872042477130889,-0.051425698699189525,-0.05142569869918952,1.3316492730666027,-0.053041014432907214,0.6779314823662632,0.0016153157337176968,0.1402452621459961,0.6537177907003395,12.080944605581905
421,14.033333333333333,0.0850080922245979,-0.018335746735173616,-0.018335746735173616,0.9926985589204771,-0.019455256451665133,0.3572959345107378,0.0011195097164915166,0.10446334867626303,0.6354026244097393,7.029161451646799
422,14.066666666666666,0.0541261062026023,-0.0007612205367922356,-0.0007612205367922356,0.5272357859514414,-0.003779240267499237,-0.5692310864941685,0.0030180197307070012,0.05790534647010154,1.09646687244561,-3.543858063512665
423,14.1,0.125405803322792,0.029838682395528896,0.029838682395528896,0.917997087969634,0.028509712039438816,0.28553278125059534,0.0013289703560900798,0.09689609128335318,0.6324643067190386,6.22023894991958
424,14.133333333333333,0.0375201292335987,0.03170170111812568,0.04266080755007225,0.38466375463630065,0.04038030582387181,-0.42402042357086955,0.0022805017262004373,-0.002860176590273107,0.8086841782071702,-2.6184087620395964
425,14.166666666666666,0.0235504563897848,0.029724740024532622,0.037705154926837826,-0.14866957869703268,0.03757786548394963,-0.06727581307770356,0.00012728944288819405,-0.014027409094164833,-0.08139376561932912,-0.9339020408780301
426,14.2,-0.0521056912839412,0.009878006873911067,0.014971724525825625,-0.682002912030366,0.017651923299086304,0.39861643842589345,-0.0026801987732606794,-0.06975761458302751,-1.0806193504562596,1.491569592401035
427,14.233333333333333,0.1181288585066795,0.03613261327558359,0.010016071902591201,-0.14866957869703268,0.012022652688419785,0.4517283050887626,-0.0020065807858285836,0.1061062058182597,-0.6003978837857953,3.5659004099022704
428,14.266666666666666,0.1378477811813354,0.06080208846368611,0.022838197057134555,0.38466375463630065,0.021493016933507577,-0.2331793915500877,0.001345180123626978,0.11635476424782781,0.6178431461863884,-1.1143662727002663
429,14.299999999999999,0.1178927421569824,0.07464856282692298,0.05343809998945569,0.917997087969634,0.05195689460115396,0.18453606782938148,0.0014812053883017234,0.06593584755582843,0.7334610201402525,5.081792402138198
430,14.333333333333334,0.1065718308091163,0.08239106852813347,0.08239106852813347,0.8685890561603333,0.08069927376716979,0.08927109231489538,0.0016917947609636774,0.025872557041946506,0.7793179638454379,4.007954662026506
431,14.366666666666667,0.0711543932557106,0.0796657829336914,0.09356625928903346,0.335255722827,0.09125738355478132,-0.454438076917715,0.002308875734252147,-0.020102990299070714,0.789693799744715,-3.0456811932850183
432,14.4,0.0717330351471901,0.07774181496783306,0.08696367227215568,-0.19807761050633332,0.08709436047590034,-0.017591474873422677,-0.00013068820374466383,-0.015361325328710249,-0.18048613563291066,-0.6237338624674659
433,14.433333333333334,0.0988934934139251,0.08287183458394465,0.08287183458394465,-0.12275513064633092,0.08363110457068901,0.1545514769370328,-0.0007592699867443597,0.015262388843236094,-0.27730660758336373,1.0499225959719238
434,14.466666666666667,0.1251219809055328,0.09311896839726042,0.09311896839726042,0.307414014399473,0.09159496985804637,-0.3018420842295101,0.001523998539214047,0.03352701104748644,0.6092560986289831,-1.9177403954348935
435,14.5,0.2214605063199997,0.12424626681868785,0.12114387998835396,0.8407473477328063,0.11933033571207088,0.03354458519406622,0.00181354427628308,0.10213017060792881,0.8072027625387401,3.37979907653696
436,14.533333333333333,0.1662698239088058,0.13443844484184236,0.13443844484184236,0.398836945604652,0.13164092611516667,-0.5629783819623919,0.0027975187266756907,0.03462889779363912,0.9618153275670439,-3.8582424929250774
437,14.566666666666666,-0.1493550539016723,0.06560862506230837,0.12995523191755298,-0.13449638772868133,0.12944981954246265,-0.16123627946401964,0.0005054123750903305,-0.27880487344413496,0.026739891735338306,-1.7375297151247246
438,14.6,0.0817894488573074,0.06953303908385977,0.10769424121548582,-0.6678297210620147,0.11047281134803338,0.45112892872311927,-0.0027785701325475642,-0.028683362490725978,-1.1189586497851338,2.0834964112961374
439,14.633333333333333,-0.2651814222335815,-0.011646889815444386,0.06765547273564089,-1.201163054395348,0.06806078793161927,-0.8002229624767263,-0.00040531519597837573,-0.3332422101652007,-0.4009400919186217,-12.257800241649292
440,14.666666666666666,-0.4756373465061188,-0.12418075565395001,0.009838926478018185,-1.7344963877286812,0.016130692267658543,-0.2316114796752875,-0.006291765789640358,-0.49176803877377734,-1.5028849080533937,-11.596238419518967
441,14.7,-0.1155660077929496,-0.12209137888758977,-0.05682774018864848,-2.0,-0.049245930844088355,-1.8451947734096281,-0.007581809344560125,-0.06632007694886125,-0.15480522659037188,-33.86368787305287
442,14.733333333333333,-0.2673432826995849,-0.1573200307287282,-0.12349440685531515,-2.0,-0.11577159637341175,-1.983079863518807,-0.007722810481903403,-0.15157168632617316,-0.01692013648119306,-35.766502116559536
443,14.766666666666666,-0.2030155509710312,-0.16840278786352897,-0.17238329574420405,-1.4666666666666668,-0.1665047425304741,-0.2858816519934748,-0.005878553213729959,-0.036510808440557097,-1.180785014673192,-11.513969522296787
444,14.799999999999999,-0.3737671077251434,-0.21821079681300992,-0.21821079681300992,-1.3748250320641762,-0.2142807294687533,-0.46866818156437007,-0.0039300673442566325,-0.1594863782563901,-0.9061568504998061,-11.778311959910667
445,14.833333333333334,0.0076747615821659,-0.1634256719106564,-0.246260520104038,-0.8414916987308428,-0.24466929672394463,-0.1803685099768944,-0.0015912233800933762,0.2523440583061105,-0.6611231887539484,-5.034815211602736
446,14.866666666666667,-0.1850981563329696,-0.16868200513734088,-0.2565324656172883,-0.3081583653975095,-0.2545292978196357,0.37886221811757226,-0.0020031677976526385,0.06943114148666607,-0.6870205835150818,2.4221297507367137
447,14.9,-0.0335281454026699,-0.13590248111993805,-0.24902663335276085,0.2251749679358238,-0.24948732206027566,-0.05920066289987613,0.0004606887075148114,0.21595917665760575,0.28437563083569994,0.008913508947172855
448,14.933333333333334,0.0364893861114978,-0.09409144173555456,-0.22374302331045562,0.7585083012691571,-0.22602446077193267,-0.20288898849168546,0.0022814374614770483,0.2625138468834305,0.9613972897608426,0.7146926921383021
449,14.966666666666667,0.0295494813472032,-0.06410420633079736,-0.1806816354903726,1.2918416346024904,-0.18205546189839075,0.7039839305613064,0.0013738264080181417,0.21160494324559395,0.587857704041184,12.118621165653675
450,15.0,-0.0908306762576103,-0.07058630728289927,-0.11984246989251182,1.8251749679358236,-0.12646094912994688,0.6713415322132672,0.006618479237435054,0.03563027287233658,1.1538334357225564,17.664513144543086
451,15.033333333333333,0.0645964592695236,-0.037799772354164526,-0.053175803225845156,2.0,-0.06079332219241666,1.8801152325036272,0.007617518966571507,0.12538978146194027,0.11988476749637278,34.34559020855006
452,15.066666666666666,-0.0464930571615695,-0.03990819706873709,-0.004286914336956264,1.4666666666666668,-0.010122075215006333,0.2897077348638226,0.005835160878050069,-0.036370981946563165,1.1769589318028442,11.519502731307503
453,15.1,0.0728681534528732,-0.012555999375119632,0.02682419677415485,0.9333333333333335,0.02582080672209016,0.48773540670684473,0.0010033900520646892,0.04704734673078304,0.4455979266264887,8.499490156272666
454,15.133333333333333,-0.0312464218586683,-0.01708907859237356,0.04015753010748819,0.40000000000000013,0.03811422954060645,-0.3489914915556179,0.002043300566881741,-0.06936065139927475,0.7489914915556181,-1.8759038559131398
455,15.166666666666666,0.0448849275708198,-0.0020582209648578494,0.03571308566304375,-0.1333333333333332,0.035639737457064245,-0.04747699836696497,7.334820597950514e-05,0.009245190113755554,-0.08585633496636821,-0.7140279128354448
456,15.2,0.0800142064690589,0.017847204684976435,0.017847204684976435,-0.5359764293420195,0.021061054394609317,0.6630624571612678,-0.0032138497096328815,0.05895315207444958,-1.1990388865032873,4.535342292089158
457,15.233333333333333,-0.2132710218429565,-0.038207024711096604,-0.017796454070868654,-1.0693097626753527,-0.017168147769198734,-0.614256713701681,-0.0006283063016699203,-0.19610287407375776,-0.4550530489736717,-9.925652852957063
458,15.266666666666666,0.1039886176586151,-0.0037196228464476955,-0.03566233504893597,-0.5359764293420194,-0.03302848895947468,0.45728865216537606,-0.002633846089461288,0.13701710661808977,-0.9932650815073955,2.4854540221155306
459,15.299999999999999,0.1926798969507217,0.043914109470456236,-0.035750438249225504,-0.0026430960086860633,-0.034574764198720694,0.28732450252213715,-0.0011756740505048102,0.2272546611494424,-0.2899675985308232,2.493190477897753
460,15.333333333333334,0.0685684531927108,0.049893647559590304,-0.018060763671737264,0.5306902373246473,-0.02069434409073634,-0.5176617322656798,0.002633580418999075,0.08926279728344713,1.048351969590327,-3.264342266051962
461,15.366666666666667,0.1315589696168899,0.06970033595917785,0.017406688683528758,1.0640235706579806,0.01670172008799584,0.568152189257852,0.0007049685955329184,0.11485724952889406,0.49587138140012854,9.40595736077529
462,15.4,0.1907093673944473,0.09904924586113838,0.07065191881657255,1.5973569039913138,0.0659743902351629,0.37615590563348,0.004677528581409657,0.1247349771592844,1.2212009983578338,11.6445224482536
463,15.433333333333334,0.1981734782457351,0.12309032883528581,0.12309032883528581,1.5731523005613977,0.11708885344281277,0.262311862480489,0.006001475392473046,0.08108462480292235,1.3108404380809087,11.47988333646823
464,15.466666666666667,0.1746144890785217,0.13558673442433317,0.15775096107622127,1.0398189672280642,0.15724325390690855,0.7207941104892612,0.0005077071693127266,0.017371235171613153,0.319024856738803,11.126554619696734
465,15.5,0.1484332382678985,0.13870245958458016,0.17463381553937896,0.5064856338947309,0.17234463200687328,-0.37160508083749444,0.0022891835325056786,-0.023911393738974773,0.8780907147322253,-1.774909874316459
466,15.533333333333333,0.1747089922428131,0.1474352993597151,0.17373889222475888,-0.026847699438602435,0.1729293801159974,-0.20190635140798474,0.0008095121087614843,0.0017796121268157106,0.1750586519693823,-1.807519976097481
467,15.566666666666666,0.1026447266340255,0.13657202355466364,0.15506619113236103,-0.5601810327719358,0.15807023673814255,0.6037636986886443,-0.003004045605781519,-0.055425510104117046,-1.16394473146058,3.9544509395979235
468,15.6,0.0507977567613124,0.11576877277109385,0.1186157122621854,-1.093514366105269,0.11915388120825,-0.6522826826657737,-0.0005381689460646072,-0.0683561244469376,-0.44123168343949537,-10.3542859403791
469,15.633333333333333,0.0562099255621433,0.10132367541044633,0.09994301116978754,-0.5601810327719358,0.10265691383489312,0.46936861762158255,-0.002713902665105572,-0.04644698827274982,-1.0295496503935184,2.527029200880103
470,15.666666666666666,0.0536988712847232,0.08977299965669445,0.08977299965669445,-0.3051003453927927,0.09283870505221706,0.681859367684438,-0.0030657053955226027,-0.03913983376749386,-0.9869597130772307,5.236358157780266
471,15.7,0.0931490063667297,0.09059179901064383,0.09059179901064383,0.024563980618481362,0.09198362523895552,0.3602362131056429,-0.0013918262283116878,0.0011653811277741732,-0.33567223248716155,3.245756118725625
472,15.733333333333333,0.1204364001750946,0.09783015552210765,0.09783015552210765,0.2171506953439145,0.0972625873616854,-0.07908376776352433,0.0005675681604222493,0.023173812813409203,0.29623446310743884,-0.14923563005813933
473,15.766666666666666,0.101852960884571,0.0988058261041767,0.0988058261041767,0.02927011746207131,0.09840137020778844,-0.09065327626441858,0.0004044558963882533,0.003451590676782565,0.11992339372648989,-0.7146020237487034
474,15.799999999999999,0.1102837175130844,0.10158961502330968,0.10158961502330968,0.08351366757398962,0.1008724075343203,-0.15871306976991817,0.0007172074889893881,0.009411309978764104,0.2422267373439078,-1.1982947984856471
475,15.833333333333334,0.0970037579536438,0.1004773847677284,0.1004773847677284,-0.03336690766743852,0.1003224054704721,-0.04863816860153515,0.00015497929725630244,-0.0033186475168282964,0.015271260934096628,-0.5118619653806917
476,15.866666666666667,0.2330378144979477,0.13262791157199008,0.1171429322899249,0.4999664256658948,0.11397678011365078,-0.664723354100762,0.003166152176274112,0.11906103438429691,1.1646897797666567,-4.653012422745354
477,15.9,0.3067972064018249,0.17487003913073496,0.15158625758989916,1.033299758999228,0.15079110493804157,0.5359596632146082,0.0007951526518575891,0.15600610146378333,0.4973400957846199,9.043079511617526
478,15.933333333333334,0.2047652155160904,0.18212066189690718,0.18212066189690718,0.9160321292102406,0.18058053437764657,0.14721318089727353,0.001540127519260609,0.024184681138443825,0.768818948312967,4.661084536092244
479,15.966666666666667,0.2997465133666992,0.2106490326803307,0.2106490326803307,0.8558511235027055,0.20890511641583134,0.06615086704885575,0.0017439162644993511,0.09084139695086788,0.7897002564538498,3.7473408287002963
480,16.0,0.005008915439248,0.16077413324883194,0.22139962568597643,0.3225177901693722,0.2191278552345706,-0.4495239825893038,0.0022717704514058357,-0.2141189397953226,0.772041772758676,-3.0372209897993185
481,16.03333333333333,0.2241109013557434,0.17613550816939283,0.2143724409138444,-0.21081554316396112,0.21459570369302142,0.0020678047365054048,-0.0002232627791770303,0.009515197662721991,-0.21288334790046654,-0.4822809111821522
482,16.066666666666666,0.1556897163391113,0.17117669067301314,0.18956747836393456,-0.7441488764972944,0.19193532363445984,0.24729701709789764,-0.002367845270525276,-0.036245607295348536,-0.9914458935951921,-0.21412029579040293
483,16.1,0.1928212493658065,0.1764262509364741,0.1764262509364741,-0.39423682282381384,0.1796778282256749,0.6922987083224041,-0.0032515772892008077,0.01314342114013159,-1.086535531146218,5.0632668626650705
484,16.133333333333333,0.1519491523504257,0.17048970097369207,0.17048970097369207,-0.17809649888346102,0.17317953775142286,0.6304243257326523,-0.0026898367777307974,-0.02123038540099717,-0.8085208246161133,5.126744802823543
485,16.166666666666668,0.2529076039791107,0.19047891649690255,0.1823309287886878,0.3552368344498723,0.18154475087640293,-0.09735295816928508,0.0007861779122848855,0.07136285310270779,0.4525897926191574,0.022834429842292614
486,16.2,0.1555727273225784,0.18201294838735663,0.18201294838735663,-0.00953941203993558,0.18177596679242977,-0.05656326269477992,0.000236981594926855,-0.02620323946985137,0.04702385065484434,-0.49891202702540777
487,16.233333333333334,0.2119258493185043,0.1892678699739668,0.1892678699739668,0.21764764759830524,0.18780725231460085,-0.31008038616329914,0.0014606176593659481,0.024118597003903453,0.5277280337616044,-2.207959992611213
488,16.266666666666666,0.3058271408081054,0.21753755775986783,0.21430056933835476,0.7509809809316386,0.21207616013622438,-0.15828366168845298,0.0022244092021303785,0.09375098067188103,0.9092646426200915,1.217489056412211
489,16.3,0.2097163647413253,0.21564064571533306,0.22155549092496493,0.21764764759830524,0.21953409898235843,-0.424891272989963,0.002021391942606504,-0.009817734241033133,0.6425389205882682,-3.1147173836059414
490,16.333333333333332,0.2570366561412811,0.2256806217888682,0.2256806217888682,0.12375392591709777,0.22393547389997737,-0.4063371262375073,0.0017451478888908245,0.033101182241303706,0.5300910521546051,-3.2808604317394003
491,16.366666666666667,0.2308809161186218,0.22694187450643297,0.22694187450643297,0.037837581526943276,0.22580791231996397,-0.27874278671051667,0.0011339621864689953,0.005073003798657827,0.31658036823745994,-2.3775267495385255
492,16.4,0.1876156777143478,0.21740390041682897,0.21740390041682897,-0.28613922268811987,0.21855598785520236,0.210082964564689,-0.0011520874383733892,-0.03094031014085455,-0.49622218725280887,1.1456567284409847
493,16.433333333333334,0.1231177002191543,0.19453620895794804,0.19453620895794804,-0.6860307437664279,0.19708180259589003,0.31293914132795575,-0.0025455936379419897,-0.07396410237673573,-0.9989698850943837,0.5258052640352795
494,16.466666666666665,0.150203064084053,0.18378387535819923,0.18378387535819923,-0.32257000799246427,0.1867185504721543,0.6340599203228332,-0.0029346751139550653,-0.03651548638810129,-0.9566299283152975,4.732822062820669
495,16.5,0.2186836004257202,0.1922482756964316,0.1908093195362282,0.21076332534086906,0.19096783402884432,0.0978439940622719,-0.00015851449261611306,0.02771576639687587,0.11291933127859716,1.377436303337085
496,16.53333333333333,0.1855685114860534,0.19062819994132899,0.19062819994132899,-0.0054335878469766175,0.1908221185835215,0.052774344663207726,-0.00019391864219250876,-0.005253607097468083,-0.05820793251018434,0.47323860155571673
497,16.566666666666666,0.1757511049509048,0.18701998561800032,0.18701998561800032,-0.10824642969986004,0.18779466491862898,0.16709137063114798,-0.0007746793006286612,-0.012043559967724188,-0.275337800331008,1.2144202518353862
498,16.6,0.215291678905487,0.19387685711948124,0.19387685711948124,0.2057061450444278,0.19299687890884712,-0.16613064362394225,0.0008799782106341247,0.022294799996639886,0.37183678866837006,-0.9648876786863146
499,16.633333333333333,0.1349729299545288,0.17959060070761507,0.1829559508431844,-0.3276271882889055,0.18456303055108722,0.3185012486254877,-0.001607079707902831,-0.04959010059655841,-0.6461284369143931,2.0202152016563595
500,16.666666666666668,0.0344805493950843,0.1443963530442208,0.15425726678910975,-0.8609605216222389,0.15597203248407496,-0.08089390425677845,-0.0017147656949652035,-0.12149148308899066,-0.7800666173654605,-3.9135260365611986
501,16.7,0.0357016958296299,0.11803410831274425,0.11803410831274425,-1.0866947542909653,0.11872038233411743,-0.56016054773035,-0.0006862740213731816,-0.08301868650448753,-0.5265342065606153,-9.315874660062573
502,16.733333333333334,0.0486877635121345,0.10121520148038866,0.09958872761415652,-0.553361420957632,0.1024116767710061,0.50375701287492,-0.00282294915684958,-0.053723913258871596,-1.057118433832552,2.8667328035948865
503,16.766666666666666,0.0514945276081562,0.08915620422677045,0.08915620422677045,-0.312975701621582,0.09233821996188635,0.7099992208826233,-0.003182015735115895,-0.04084369235373015,-1.0229749225042053,5.469049177703477
504,16.8,0.0151372868567705,0.07120403560624197,0.07120403560624197,-0.5385650586158545,0.074230379810025,0.4992272989597355,-0.0030263442037830324,-0.0590930929532545,-1.03779235757559,2.6256667621412895
505,16.833333333333332,-0.0343163795769214,0.04561165525829465,0.04561165525829465,-0.7677714104384197,0.047617805411757856,0.028588899348202412,-0.0020061501534632056,-0.08193418498867926,-0.7963603097866221,-2.679423306052574
506,16.866666666666667,0.0184631794691085,0.03902720316854632,0.0377970526881251,-0.23443807710508635,0.0397069603393938,0.3853086988410839,-0.001909907651268694,-0.0212437808702853,-0.6197467759461702,2.6975683739342857
507,16.9,0.1134641841053962,0.05708076678258266,0.04776022789573334,0.298895256228247,0.04683505281527796,-0.15424362937165143,0.0009251750804553788,0.06662913129011824,0.4531388855998984,-0.6415760905210873
508,16.933333333333334,0.2029566913843155,0.09246076542583773,0.07550118088111935,0.8322285895615803,0.07359469790686411,-0.020450242251106587,0.001906482974255233,0.12936199347745136,0.8526788318126869,2.771163183142665
509,16.966666666666665,0.1786383539438247,0.11336183579210676,0.11336183579210676,1.1358196473296225,0.1129146992668386,0.674619797733176,0.00044713652526816305,0.06572365467698611,0.46119984959644644,10.606072465647735
510,17.0,0.2060138136148452,0.13583317133711173,0.13583317133711173,0.674140066350149,0.13316976420943968,-0.3804033110676939,0.002663407127672046,0.07284404940540551,1.054543377417843,-1.2862691300110463
511,17.03333333333333,0.1038220301270484,0.12806935331386243,0.14052672910433892,0.14080673301681568,0.1385955664323538,-0.43361467492428685,0.0019311626719851205,-0.0347735363053054,0.5744214079411025,-3.420450533965721
512,17.066666666666666,0.1042435616254806,0.12229076798588012,0.12744250909378832,-0.39252660031651765,0.1288756476526058,0.2534128390640449,-0.0014331385588174927,-0.024632086027125216,-0.6459394393805625,1.274373445212219
513,17.1,0.0059563512913882,0.09407561516986772,0.09658051130545996,-0.925859933649851,0.09801822873420872,-0.20631401162729812,-0.0014377174287487637,-0.09206187744282052,-0.7195459220225529,-5.327275884666131
514,17.133333333333333,0.0100297210738062,0.07369155503651728,0.07369155503651728,-0.6866686880682803,0.07620827630318044,0.29435832272033513,-0.0025167212666631633,-0.06617855522937424,-0.9810270107886154,0.3163601436720433
515,17.166666666666668,0.0415757931768894,0.06590236285745883,0.06590236285745883,-0.2336757653717535,0.0682609882812536,0.5117639134173717,-0.0023586254237947663,-0.0266851951043642,-0.7454396787891252,3.866118566283868
516,17.2,0.0870401039719581,0.07102900218464207,0.07102900218464207,0.15379917981549723,0.07125494043521276,0.09945625619250581,-0.00022593825057068417,0.015785163536745347,0.054342923622991424,1.2534915395187218
517,17.233333333333334,0.0110843665897846,0.05649033768735268,0.05837786373404753,-0.3795341535178361,0.060885473646754285,0.5341513531407827,-0.0025076099127067514,-0.04980110705696968,-0.9136855066586187,3.8057113957758624
518,17.266666666666666,0.0079028503969311,0.04470617769585626,0.04470617769585626,-0.41015058114573816,0.04837340343214302,0.8088882632602594,-0.003667225736286757,-0.040470553035211916,-1.2190388444059976,6.116200699818288
519,17.3,-0.1354156583547592,0.0010203513164175892,0.013256713879887215,-0.9434839144790714,0.014411587149831108,-0.3781063998172736,-0.0011548732699438926,-0.14982724550459028,-0.5653775146617979,-7.263739405556471
520,17.333333333333332,0.0195534881204366,0.005515283271581795,-0.0004149721583040552,-0.4101505811457381,0.0018649034267153807,0.41235300168576905,-0.002279875585019436,0.01768858469372122,-0.8225035828315072,2.4354149076992657
521,17.366666666666667,-0.0070544863119721,0.0024666758195548352,0.0024666758195548352,0.08644943933576671,0.002960811201801478,0.1420239540421172,-0.0004941353822466429,-0.010015297513773579,-0.0555745147063505,1.4382023155466492
522,17.4,-0.0144913643598556,-0.0016462402779975583,-0.0016462402779975583,-0.12338748292657181,-0.000598510072431976,0.23398491741998395,-0.0010477302055655823,-0.013892854287423624,-0.35737240034655576,1.775856710086491
523,17.433333333333334,0.0307167842984199,0.00620292173232967,0.00620292173232967,0.23547486030981685,0.005285512300640682,-0.16678529248542484,0.0009174094316889885,0.02543127199777922,0.4022601527952417,-0.8955200872971035
524,17.466666666666665,0.1043868586421012,0.030015950264221457,0.030015950264221457,0.7143908559567537,0.027576983308228865,-0.2677118543311373,0.0024389669559925914,0.07680987533387235,0.982102710287891,-0.015998093060244745
525,17.5,0.0779833570122718,0.04164971910099033,0.04164971910099033,0.3490130651030662,0.03863410195676961,-0.6454507400160974,0.003015617144220717,0.039349255055502186,0.9944638051191635,-4.7616736971713225
526,17.53333333333333,0.0616008378565311,0.046488561126702285,0.046488561126702285,0.1451652607713587,0.04411239054340834,-0.5604852164742593,0.0023761705832939448,0.01748844731312276,0.705650477245618,-4.591076825998034
527,17.566666666666666,0.1134838536381721,0.06273725579397929,0.06273725579397929,0.48746084001831025,0.05940695373830095,-0.6549095491430768,0.003330302055678344,0.05407689989987115,1.142370389161387,-4.380534958028889
528,17.6,0.0360651314258575,0.05626833553497673,0.06120817268347852,-0.04587249331502308,0.059924794973469406,-0.3317333542994989,0.0012833777100091162,-0.023859663547611903,0.28586086098447583,-3.0187708104383084
529,17.633333333333333,-0.3777976334095001,-0.04900779851021832,0.04190131179519997,-0.5792058266483564,0.044752187046892614,0.557563879104696,-0.0028508752516926417,-0.4225498204563927,-1.1367697057530524,3.491370515159263
530,17.666666666666668,0.1192932203412056,-0.008188932512428491,0.004816673129143655,-1.1125391599816896,0.005282926231294637,-0.6828795774377809,-0.0004662531021509828,0.11401029410991095,-0.4296595825439087,-10.69917765067415
531,17.7,0.0998322516679763,0.018009971523173626,-0.014490187759134888,-0.5792058266483563,-0.01171450608082587,0.47853454395521444,-0.0027756816783090187,0.11154675774880217,-1.0577403706035708,2.5566487586905327
532,17.733333333333334,0.1183246299624443,0.042339774327644304,-0.016019270869635654,-0.045872493315022966,-0.014520086208559886,0.3564966484705835,-0.0014991846610757677,0.13284471617100418,-0.40236914178560645,2.9952692025599026
533,17.766666666666666,0.0657983720302581,0.04802930230943496,0.00022942379764135865,0.48746084001831036,-0.001979521869950978,-0.422208121026596,0.002208945667592337,0.06777789390020908,0.9096689610449064,-2.5274756324909253
534,17.8,0.1695410758256912,0.07750014469745706,0.03425589624269615,1.0207941733516437,0.03331719888900277,0.4519778799033797,0.0009386973536933754,0.13622387693668842,0.568816293448264,8.096427209295083
535,17.833333333333332,0.0189834348857402,0.06330780199664034,0.06330780199664034,0.8715571726183257,0.061580031349663306,0.06273374412641108,0.001727770646977031,-0.04259659646392311,0.8088234284919146,3.708822626843798
536,17.866666666666667,0.0364106148481369,0.05678429616509529,0.07458192997280674,0.33822383928499233,0.07221279970963018,-0.47040340754497656,0.002369130263176561,-0.03580218486149328,0.8086272468299689,-3.1854625374803325
537,17.9,0.0661557987332344,0.05905721233718641,0.06807828017119538,-0.195109494048341,0.06815711426732164,-0.03013095221130402,-7.883409612625958e-05,-0.0020013155340872363,-0.16497854183703697,-0.7281325265240061
538,17.933333333333334,-0.1152910813689231,0.016771671308967152,0.04379685259180624,-0.7284428273816743,0.04624871959024971,0.2889106861699353,-0.0024518669984434707,-0.1615398009591728,-1.0173535135516096,0.25495375910480184
539,17.966666666666665,-0.3150168657302856,-0.06369861892120635,0.0017376472346393168,-1.2617761607150078,0.002792660925096159,-0.7356895485656234,-0.0010550136904568424,-0.31780952665538176,-0.5260866121493843,-12.164473233467374
540,18.0,-0.0737263411283493,-0.06613069123918665,-0.05809933590030538,-1.795109494048341,-0.05158892983913328,-0.5257908917075329,-0.0065104060611720985,-0.022137411289216022,-1.269318602340808,-15.655914305563952
541,18.03333333333333,0.1101668253540992,-0.023372395688300386,-0.10015854125747231,-1.2617761607150078,-0.09743093800626416,-0.5882103643445897,-0.0027276032512081466,0.20759776336036337,-0.673565796370418,-11.951191613942036
542,18.066666666666666,-0.2531198561191559,-0.07909416650502096,-0.12443996883686145,-0.7284428273816744,-0.12222915032623383,0.12899279676647268,-0.002210818510627627,-0.13089070579292206,-0.8574356241481471,-1.5476590483097439
543,18.1,0.0007181405089795,-0.05973689887103847,-0.13094361863847281,-0.1951094940483411,-0.12910136162974878,0.38360810823622193,-0.0018422570087240353,0.12981950213872828,-0.578717602284563,2.79671781547793
544,18.133333333333333,-0.3044993281364441,-0.1191003232261702,-0.11966949066230641,0.3382238392849922,-0.12085296386635014,-0.20770756213267927,0.0011834732040437307,-0.18364636427009395,0.5459314014176715,-1.0133765904704242
545,18.166666666666668,0.1035581678152084,-0.06509787469012425,-0.09061758490836222,0.8715571726183255,-0.09232307998312958,0.07751194300790454,0.0017054950747673603,0.195881247798338,0.794045229610421,3.8754041811256363
546,18.2,0.2525315880775451,0.011938346279572964,-0.043787901376640265,1.4048905059516588,-0.04638723348245987,0.5824100735725102,0.002599332105819606,0.298918821560005,0.8224804323791486,11.942803342633633
547,18.233333333333334,0.0705113634467125,0.026144345477607432,0.02081955993285947,1.938223839284992,0.01379179306715729,1.2214831859540594,0.007027766865702181,0.056719570379555204,0.7167406533309326,25.256467966166017
548,18.266666666666666,0.0574512779712677,0.033737368330242164,0.06764924346458143,1.4048905059516588,0.06285651711038573,0.38900937203978625,0.004792726354195698,-0.005405239139118029,1.0158811339118725,11.663110889369083
549,18.3,-0.7632595300674438,-0.15956217209065662,0.0967011492185256,0.8715571726183254,0.09532411048066458,0.29541849216403704,0.0013770387378610194,-0.8585836405481084,0.5761386804542884,6.331671818183673
550,18.333333333333332,-0.4405812919139862,-0.22771910823500535,0.10797527719469201,0.3382238392849921,0.10598229806085764,-0.36238502806560213,0.001992979133834366,-0.5465635899748439,0.7006088673505942,-2.1810270749031453
551,18.366666666666667,-0.2553727328777313,-0.23442607653708739,0.10147162739308063,-0.19510949404834121,0.10177118027591354,0.027875653685389634,-0.0002995528828329125,-0.35714391315364485,-0.22298514773373085,-0.20745180579531183
552,18.4,-0.7363579273223877,-0.3561620535207732,0.07719019981369148,-0.7284428273816745,0.07962198052803347,0.27558491844340316,-0.0024317807143419967,-0.8159799078504212,-1.0040277458250777,0.10474417553611157
553,18.433333333333334,-0.181734561920166,-0.3138573042413807,0.03513099445652455,-1.2617761607150078,0.03617773026457516,-0.7364194439165195,-0.0010467358080506056,-0.21791229218474115,-0.5253567167984883,-12.165528794381583
554,18.466666666666665,-0.0992219373583793,-0.26180074309294193,-0.024705988678420145,-1.795109494048341,-0.01819648738579607,-0.5249061180445476,-0.006509501292624075,-0.08102544997258322,-1.2702033760037934,-15.643704429014756
555,18.5,-0.419289082288742,-0.2999971572187703,-0.09137265534508682,-2.0,-0.0837670476152368,-1.8684672275328889,-0.007605607729850014,-0.3355220346735052,-0.13153277246711115,-34.18484773995387
556,18.53333333333333,-0.498261034488678,-0.34808306123594696,-0.15803932201175347,-2.0,-0.15031391037783468,-1.985623531511745,-0.007725411633918794,-0.3479471241108433,-0.014376468488255023,-35.80160473486208
557,18.566666666666666,-0.4200139939785003,-0.36552882077294857,-0.22470598867842012,-2.0,-0.2169674825356629,-1.9984286589393874,-0.007738506142757229,-0.20304651144283742,-0.00157134106061263,-35.978315493363546
558,18.6,0.0236452165991067,-0.27114054558768297,-0.273594877567309,-1.4666666666666668,-0.26770985591799484,-0.2853113031012342,-0.005885021649314148,0.2913550725171015,-1.1813553635654326,-11.51314469446715
559,18.633333333333333,-0.6225160360336304,-0.35636135504744376,-0.34026154423397564,-2.0,-0.33272419182745844,-1.8017203091356304,-0.007537352406517206,-0.28979184420617193,-0.19827969086436958,-33.2637402660717
560,18.666666666666668,-0.5876190066337585,-0.4124493998821497,-0.4069282109006423,-2.0,-0.3992102595405902,-1.9783281255758123,-0.0077179513600521,-0.18840874709316835,-0.02167187442418772,-35.70092813294621
561,18.7,-0.4004869163036346,-0.40954808046338115,-0.45581709978953117,-1.4666666666666668,-0.4499405490984719,-0.2860582227534436,-0.005876550691059246,0.04945363279483733,-1.1806084439132232,-11.514224875605446
562,18.733333333333334,-0.6353737115859985,-0.46431867091237916,-0.48692821090064226,-0.9333333333333335,-0.48592858748555223,-0.490234292472912,-0.000999623415090023,-0.1494451241004463,-0.44309904086042146,-8.527657883491825
563,18.766666666666666,-0.0253036022186279,-0.35784220759494323,-0.5002615442339756,-0.40000000000000013,-0.498222283290279,0.3478314430641295,-0.002039260943696608,0.47291868107165114,-0.7478314430641296,1.8651168597669898
564,18.8,0.1037380695343017,-0.24589289434690917,-0.4958170997895312,0.1333333333333332,-0.49574612196252604,0.046854044421617565,-7.097782700515864e-05,0.5994841914968277,0.08647928891171563,0.7084361340331808
565,18.833333333333332,0.2361074388027191,-0.12899100543384467,-0.473594877567309,0.6666666666666665,-0.4763391610582179,-0.4273360329754867,0.002744283490908883,0.712446599860937,1.0940026996421532,-1.815300159081019
566,18.866666666666667,-0.3491353690624237,-0.18238369040063362,-0.433594877567309,1.1999999999999997,-0.43397101267294,0.8029349451881328,0.0003761351056310036,0.08483564361051632,0.39706505481186694,12.26172225998612
567,18.9,-0.4387988150119781,-0.2445732997253219,-0.37581709978953126,1.733333333333333,-0.38210284348834184,0.22418030215178342,0.006285743698810575,-0.05669597152363626,1.5091530311815495,11.493688169694611
568,18.933333333333334,-0.9438020586967468,-0.41416065700360494,-0.3358170997895313,1.1999999999999997,-0.33765272790040396,0.67424537134393,0.001835628110872678,-0.6061493307963428,0.5257546286560697,12.075613821222426
569,18.966666666666665,-0.3059866726398468,-0.3879246935951523,-0.3135948775673091,0.6666666666666664,-0.3161656523636968,-0.31222581398016935,0.0025707747963877314,0.010178979723850012,0.9788924806468358,-0.5177645562833563
570,19.0,0.1138067543506622,-0.26623732128841004,-0.2735948775673091,1.1999999999999997,-0.27389950693487275,0.8092399037773487,0.0003046293675636469,0.387706261285535,0.39076009622265107,12.27084037238987
571,19.03333333333333,-0.3449308276176452,-0.2853232407419636,-0.2513726553450869,0.6666666666666664,-0.25408275709309464,-0.4046589681640982,0.0027101017480077316,-0.09084807052455057,1.0713256348307647,-1.5596816812730265
572,19.066666666666666,-0.3072325885295868,-0.29063702159454097,-0.24692821090064246,0.13333333333333308,-0.24885488636520392,-0.4356945618032859,0.0019266754645614614,-0.05837770216438287,0.569027895136619,-3.461636638049538
573,19.1,-0.138312429189682,-0.2536929961336441,-0.2536929961336441,-0.20294355699004923,-0.2534256444620525,0.01037370778548452,-0.0002673516715915869,0.1151132152723705,-0.21331726477553375,-0.409534271761513
574,19.133333333333333,-0.1192259714007377,-0.2210800535552067,-0.24268000358886796,0.3303897763432841,-0.2446374886583755,-0.4082636632702257,0.0019574850695075474,0.12541151725763783,0.7386534396135098,-2.81335396704851
575,19.166666666666668,-0.1853084415197372,-0.21240419022315057,-0.21388923326631404,0.8637231096766174,-0.21555964369752198,0.10783523320778277,0.0016704104312079415,0.03025120217778479,0.7558878764688346,4.217211789274726
576,19.2,0.0800821632146835,-0.141466050046466,-0.16732068516598236,1.3970564430099506,-0.1698041849614889,0.5935601169200424,0.0024834997955065496,0.24988634817617242,0.8034963260899082,11.958928325393074
577,19.233333333333334,0.1963096261024475,-0.05954366980106142,-0.10297435928787291,1.9303897763432838,-0.1099703851901905,1.1800559725558109,0.006996025902317599,0.30628001129263804,0.7503338037874729,24.68477242127019
578,19.266666666666666,0.0096703441813588,-0.04275685780670456,-0.04275685780670456,1.8065250444350505,-0.04994441720739348,1.2031161579356442,0.007187559400688923,0.05961476138875228,0.6034088864994063,25.003002979511887
579,19.3,0.2070246040821075,0.017823856981316492,0.017823856981316492,1.8174214436406315,0.010588823925232409,1.2639889359151075,0.007235033056084084,0.19643578015687507,0.553432507725524,25.843047315628482
580,19.333333333333332,0.350401759147644,0.09848559578123298,0.08449052364798315,2.0,0.0768056156468854,1.9460150065983588,0.007684908001097751,0.27359614350075856,0.0539849934016412,35.25500709105735
581,19.366666666666667,0.0215916689485311,0.07983613710981056,0.13337941253687205,1.4666666666666668,0.12751647954823844,0.287258952264033,0.005862932988633607,-0.10592481059970735,1.1794077144026338,11.51596134801665
582,19.4,0.0288805123418569,0.06747762119926257,0.16449052364798317,0.9333333333333335,0.16348966096801762,0.4894121316491736,0.0010008626799655473,-0.13460914862616072,0.4439212016841599,8.51839039230522
583,19.433333333333334,-0.0423448495566844,0.040841842355341065,0.1778238569813165,0.40000000000000013,0.17578326695728716,-0.3482131117407361,0.002040590024029343,-0.21812811651397157,0.7482131117407362,-1.8686658998061354
584,19.466666666666665,0.0542995259165763,0.04410579990993951,0.17337941253687206,-0.1333333333333332,0.17330765482918706,-0.047059003101921563,7.175770768499956e-05,-0.11900812891261076,-0.08627433023141162,-0.7102758905872917
585,19.5,-0.4300690591335296,-0.0708981386455548,0.15115719031464983,-0.6666666666666665,0.15390154477779056,0.4273831178156531,-0.0027443544631407246,-0.5839706039113202,-1.0940497844823196,1.815830904804558
586,19.53333333333333,0.1793211996555328,-0.010211223558104505,0.11115719031464984,-1.1999999999999997,0.11153335466908498,-0.8029323661993135,-0.0003761643544351462,0.06778784498644783,-0.3970676338006862,-12.26171853030102
587,19.566666666666666,0.0176453161984682,-0.0034550412649393446,0.053379412536872076,-1.733333333333333,0.05966515943256282,-0.22418342838266114,-0.006285746895690746,-0.04201984323409462,-1.5091499049506718,-11.493731311680722
588,19.6,0.0167082510888576,0.001435260257183225,0.0014352602571832268,-1.5583245683906655,0.007907636451096316,-0.22256335532673654,-0.006472376193913089,0.008800614637761283,-1.335761213063929,-11.422399793795787
589,19.633333333333333,0.1465653777122497,0.03663437465988095,-0.03273111424472785,-1.0249912350573323,-0.03219934643097968,-0.7181700972904168,-0.0005317678137481685,0.1787647241432294,-0.30682113776691544,-11.096976441691094
590,19.666666666666668,-0.0448866747319698,0.016862677412683873,-0.04911971096886114,-0.4916579017239989,-0.04691298566972405,0.3546090232678464,-0.0022067252991370898,0.0020263109377542526,-0.8462669249918453,1.660211333186977
591,19.7,0.049110323190689,0.024683856040952454,-0.04773052991521666,0.0416754316093344,-0.047051820517783796,0.17296659299227118,-0.000678709397432864,0.09616214370847279,-0.13129116138293678,1.5885076190700778
592,19.733333333333334,0.175916701555252,0.0613630948099245,-0.0285635710837944,0.5750087649426677,-0.03172428378869671,-0.6393661673295521,0.0031607127049023097,0.2076409853439487,1.2143749322722197,-4.2327573829508935
593,19.766666666666666,-0.1190165057778358,0.017614751541565582,0.008381165525405635,1.108342098276001,0.007924168389217888,0.6927957410169718,0.0004569971361877475,-0.12694067416705368,0.4155463572590292,10.810953784882434
594,19.8,0.1150548383593559,0.0412473704869068,0.0412473704869068,0.985986148845035,0.03999215747273466,0.27330502964413633,0.0012552130141721407,0.07506268088662124,0.7126811192008986,6.082406330105066
595,19.833333333333332,0.0966315269470214,0.054679959762803015,0.05633579767063018,0.45265281551170167,0.05363798596165979,-0.5132137462818143,0.0026978117089703907,0.04299354098536161,0.9658665617935159,-3.2490535260978826
596,19.866666666666667,-0.243627056479454,-0.01766989411979683,0.053646447076575794,-0.08068051782163166,0.052896380738787496,-0.20601996134297074,0.000750066337788298,-0.2965234372182415,0.12533944352133908,-1.9924172297580747
597,19.9,-0.27454873919487,-0.07997197182761526,0.033179318704743624,-0.614013851154965,0.03622301318800954,0.5786087199072265,-0.003043694483265913,-0.3107717523828795,-1.1926225710621914,3.5204632517929006
598,19.933333333333334,-0.381688117980957,-0.1531486585954781,-0.005065587444866321,-1.1473471844882983,-0.004773963059474359,-0.7674209076067384,-0.00029162438539196214,-0.3769141549214826,-0.3799262768815599,-11.65213722941109
599,19.966666666666665,-0.2687205076217651,-0.1811788621599938,-0.06108827137225404,-1.6806805178216315,-0.05550287481552722,-0.2861433867896319,-0.005585396556726817,-0.21321763280623784,-1.3945371310319996,-11.514348038231116
600,20.0,-0.1771505773067474,-0.18020186261033125,-0.1277549380389207,-2.0,-0.12025033451027686,-1.7696951633699576,-0.0075046035286438495,-0.056900242796470546,-0.23030483663004242,-32.821793254505415
601,20.03333333333333,-0.3258406817913055,-0.21552435492080624,-0.1944216047055874,-2.0,-0.18670723278206613,-1.9748277926147138,-0.007714371923521257,-0.13913344900923935,-0.02517220738528625,-35.65262353808305
602,20.066666666666666,-0.3695253133773803,-0.25287495760681555,-0.25287495760681555,-1.753600587036845,-0.24573778549376848,-1.0836663254042826,-0.007137172113047069,-0.12378752788361183,-0.6699342616325623,-23.3545952905791
603,20.1,-0.0842529907822609,-0.21197825053357122,-0.29355053273026593,-1.2202672537035117,-0.29110175742351363,-0.6177585145712887,-0.0024487753067523044,0.20684876664125273,-0.602508739132223,-11.993923592475891
604,20.133333333333333,-0.3904117047786712,-0.2552545854485923,-0.31644833007593853,-0.6869339203701784,-0.3140248160205168,0.23276080663409948,-0.0024235140554217383,-0.07638688875815441,-0.9196947270042779,-0.37797412884848325
605,20.166666666666668,-0.3198688924312591,-0.2709258080963524,-0.32156834964383335,-0.1536005870368451,-0.3198010536598521,0.3807909454922421,-0.0017672959839812319,-6.783877140698058e-05,-0.5343915325290872,2.891857920120892
606,20.2,-0.3708524405956268,-0.29516150107928746,-0.3089105914339504,0.37973274629648823,-0.31036877136189733,-0.2646844423681961,0.0014581799279469454,-0.06048366923372944,0.6444171886646843,-1.4107169716288186
607,20.233333333333334,-0.4311191737651825,-0.3281359777676083,-0.3140306110018452,-0.1536005870368451,-0.3137442469837449,0.034448901325834336,-0.00028636401810028245,-0.11737492678143757,-0.18804948836267943,-0.0540412605970208
608,20.266666666666666,-0.4246271252632141,-0.3515384458362844,-0.3369284083475178,-0.6869339203701784,-0.3343081062971266,0.36331512415172385,-0.00262030205039121,-0.09031901896608752,-1.0502490445219022,1.0936491254253875
609,20.3,-0.4724736213684082,-0.38086944310625837,-0.3776039834709682,-1.2202672537035117,-0.3770166833397163,-0.7818925297370877,-0.000587300131251911,-0.09545693802869193,-0.4383747239664241,-12.231291114941245
610,20.333333333333332,-0.5604828596115112,-0.42443196001654204,-0.42443196001654204,-1.4048392963672158,-0.42229411678027706,-0.6231075908103496,-0.00213784323626498,-0.13818874283123417,-0.7817317055568662,-12.001659325821976
611,20.366666666666667,-0.4524019658565521,-0.43121566179168497,-0.4534821587843381,-0.8715059630338825,-0.45186328406557336,-0.13502422533494562,-0.0016188747187647623,-0.0005386817909787678,-0.7364817376989369,-4.523689229740848
612,20.4,-0.4337167739868164,-0.43182226871679597,-0.4647545797743564,-0.3381726297005492,-0.46250261154834765,0.43678135979265065,-0.0022519682260087603,0.028785837561531247,-0.7749539894931998,2.8729693516070935
613,20.433333333333334,-0.3731111586093902,-0.41758277716522474,-0.4582492229865969,0.19516070363278415,-0.4583970903211579,0.0120072573899134,0.00014786733456095824,0.08528593171176768,0.18315344624287075,0.5655908088445908
614,20.466666666666665,0.134623035788536,-0.2836536112220356,-0.43396608842105966,0.7284940369661175,-0.4364114420230441,-0.2846355942601928,0.0024453536019844457,0.5710344778115801,1.0131296312263103,-0.2067644323314028
615,20.5,-0.643505334854126,-0.3709302028092749,-0.3919051760777446,1.261827370299451,-0.3929581681480809,0.7358616807021823,0.0010529920703362672,-0.2505471667060451,0.5259656895972686,12.16472216772242
616,20.53333333333333,-0.2252916395664215,-0.3356077725727192,-0.3356077725727192,1.688922105150763,-0.3416135878187917,0.24808797159489804,0.006005815246072521,0.11632194825237019,1.440834133555865,11.459313013272789
617,20.566666666666666,-0.5032649040222168,-0.376270473422156,-0.2970881468454715,1.1555887718174298,-0.29823372729488484,0.7403994720995868,0.0011455804494133193,-0.20503117672733195,0.415189299717843,12.17128463620509
618,20.6,-0.1449913382530212,-0.32017721806944927,-0.27634629889600165,0.6222554384840965,-0.2791802894348393,-0.4468994331896563,0.0028339905388376496,0.1341889511818181,1.069154871673753,-2.035821052110477
619,20.633333333333333,-0.2423494160175323,-0.30130126209164126,-0.27338222872430956,0.08892210515076315,-0.2751175092567089,-0.4007495210040416,0.0017352805323993525,0.03276809323917662,0.48967162615480475,-3.2665116483975725
620,20.666666666666668,-0.2860625386238098,-0.2976053402519766,-0.28819593633039525,-0.4444112281825702,-0.28635946482810026,0.3403896943155226,-0.0018364715022949896,0.0002969262042904486,-0.7848009224980927,1.9124803643058161
621,20.7,-0.1624979823827743,-0.26483709455854454,-0.28523186615870316,0.08892210515076315,-0.2849416234301112,0.09311296985120285,-0.00029024272859196065,0.1224436410473369,-0.004190864700439695,1.0202850025969017
622,20.733333333333334,-0.5334152579307556,-0.3299766649274023,-0.30004557376478885,-0.4444112281825702,-0.29713390019885155,0.6168646610586501,-0.0029116735659373005,-0.23628135773190406,-1.0612758892412204,4.371004953976849
623,20.766666666666666,-0.2150376886129379,-0.30209995506478954,-0.30209995506478954,-0.06163143900002055,-0.3002960578978462,0.4381862983964464,-0.0018038971669433468,0.08525836928490829,-0.49981773739646695,3.713300395749088
624,20.8,-0.3705255687236786,-0.318695552487907,-0.318695552487907,-0.4978679226935234,-0.3153601362918003,0.6676642096304737,-0.0033354161961066664,-0.05516543243187827,-1.165532132323997,4.524306955236778
625,20.833333333333332,-0.4503600597381592,-0.3506287868485236,-0.3506287868485236,-0.9579970308184987,-0.3495092122828228,-0.3884690527898233,-0.0011195745657008316,-0.1008508474553364,-0.5695279780286755,-7.380548419462246
626,20.866666666666667,-0.7737194895744324,-0.45324303611058914,-0.400339798986918,-1.491330364151832,-0.3968633959528924,-0.4947404860476634,-0.0034764030340256324,-0.37685609362154,-0.9965898781041687,-11.816017235772641
627,20.9,-0.4441073536872864,-0.4510273145470473,-0.4510273145470473,-1.5206254668038788,-0.4462005435756849,-0.37217045434962115,-0.004826770971362415,0.0020931898883985167,-1.1484550124542576,-11.638758763643782
628,20.933333333333334,-0.8652524948120117,-0.5514913654573539,-0.517693981213714,-2.0,-0.5102722950950647,-1.688610182325578,-0.007421686118649351,-0.35498019971694705,-0.3113898176744221,-31.702820516092974
629,20.966666666666665,-0.4667073786258697,-0.5309282920971866,-0.5665828701026029,-1.4666666666666668,-0.5608284151071437,-0.29682390849400075,-0.005754454995459235,0.09412103648127396,-1.169842758172666,-11.52979400763016
630,21.0,-0.4371351897716522,-0.508180194067413,-0.597693981213714,-0.9333333333333335,-0.5966832466065682,-0.48286283622194154,-0.0010107346071457357,0.15954805683491602,-0.4504704971113919,-8.444565982411445
631,21.03333333333333,-0.3158909976482391,-0.46154335850323813,-0.6110273145470473,-0.40000000000000013,-0.6089761371300232,0.3512534669197902,-0.002051177417024097,0.2930851394817841,-0.7512534669197903,1.8969373900413398
632,21.066666666666666,-0.4383319914340973,-0.4559137925713932,-0.6065828701026028,0.1333333333333332,-0.6065048999011782,0.04869169455227801,-7.797020142463751e-05,0.16817290846708088,0.08464163878105518,0.7249313069482025
633,21.1,-0.1092269420623779,-0.3718301417967291,-0.5843606478803806,0.6666666666666665,-0.5871055677050662,-0.4277581934936816,0.00274491982468561,0.47787862564268824,1.0944248601603481,-1.8200588009047691
634,21.133333333333333,-0.3239684998989105,-0.3602220246243313,-0.5443606478803805,1.1999999999999997,-0.5447370452294483,0.8029118220926525,0.000376397349067803,0.2207685453305378,0.3970881779073472,12.261688819800847
635,21.166666666666668,-0.2903595864772796,-0.3432779471584612,-0.48658287010260276,1.733333333333333,-0.4928686424644943,0.22420833179447297,0.0062857723618915395,0.2025090559872147,1.50912500153886,11.494074978763727
636,21.2,-0.2086630314588546,-0.31062913586340396,-0.4199162034359361,2.0,-0.4274973577017387,1.8445541715306777,0.007581154265802581,0.2188343262428841,0.1554458284693223,33.85484756712335
637,21.233333333333334,-0.1141828894615173,-0.2629840707154245,-0.35324953676926946,2.0,-0.3609722756513811,1.9830098460429082,0.007722738882111668,0.24678938618986382,0.016990153957091803,35.76553587539213
638,21.266666666666666,-0.5266621708869934,-0.3269352048850678,-0.3043606478803806,1.4666666666666668,-0.3102391715866788,0.28588425378655824,0.005878523706298211,-0.2164229993003146,1.1807824128801085,11.513973284960914
639,21.3,-0.326870709657669,-0.3269195625433716,-0.2732495367692695,0.9333333333333335,-0.27424898063215547,0.4903534121146426,0.0009994438628859736,-0.05262172902551354,0.44297992121869084,8.529000613767957
640,21.333333333333332,-0.466318815946579,-0.3607287425690773,-0.25991620343593613,0.40000000000000013,-0.261955271814421,-0.3477761445936707,0.0020390683784848873,-0.20436354413215796,0.7477761445936708,-1.8646026533418794
641,21.366666666666667,-0.4406071305274963,-0.38010203713642976,-0.26436064788038055,-0.1333333333333332,-0.26443151271354737,-0.04682434876613716,7.086483316681713e-05,-0.17617561781394891,-0.08650898456719602,-0.7081695789562527
642,21.4,-0.2262694090604782,-0.34279226043767164,-0.28658287010260275,-0.6666666666666665,-0.28383859689458085,0.42732921103855115,-0.0027442732080218968,0.05756918783410264,-1.0939958777052177,1.8152232614247563
643,21.433333333333334,-0.7587295770645142,-0.4436715641206732,-0.32658287010260273,-1.1999999999999997,-0.32620673923471566,-0.80293531884766,-0.00037613086788707006,-0.4325228378297985,-0.3970646811523397,-12.261722800365504
644,21.466666666666665,-0.7061567902565002,-0.5073333847392193,-0.3843606478803805,-1.733333333333333,-0.3780749046447533,-0.22417984920451506,-0.006285743235627195,-0.32808188561174695,-1.509153484128818,-11.493681919022308
645,21.5,-0.0902076214551925,-0.4061658412988105,-0.42436064788038047,-1.1999999999999997,-0.42252501996039316,-0.6742453881750862,-0.001835627919987315,0.33231739850520065,-0.5257546118249136,-12.07561384556332
646,21.53333333333333,-0.3087059259414673,-0.38252841324117476,-0.44658287010260267,-0.6666666666666664,-0.4440120952888436,0.3122258255047564,-0.002570774813759058,0.13530616934737633,-0.9788924921714228,0.517764686189822
647,21.566666666666666,0.0550595037639141,-0.27639808397530663,-0.4510273145470471,-0.13333333333333308,-0.4492500637065454,0.3927846660561296,-0.0017772508405016763,0.5043095674704595,-0.5261179993894627,3.0626284211917536
648,21.6,0.1672676801681518,-0.16879366483411118,-0.4376939812137137,0.40000000000000024,-0.43925897224776267,-0.2853247604791801,0.001564991034048946,0.6065266524159145,0.6853247604791803,-1.5402797891983373
649,21.633333333333333,0.1565288007259369,-0.08989162241992261,-0.40658287010260263,0.9333333333333336,-0.40797486252933574,0.22992639849757524,0.0013919924267331019,0.5645036632552727,0.7034069348357583,5.593437420093865
650,21.666666666666668,0.1083639040589332,-0.0418077437607815,-0.35769398121371376,1.4666666666666668,-0.36096350195875665,0.5159309056282502,0.0032695207450428865,0.46932740601768985,0.9507357610384166,11.846662421603051
651,21.7,-0.0145128145813941,-0.03518777161684489,-0.2910273145470471,2.0,-0.2982787939682545,1.52216495886026,0.007251479421207407,0.28376597938686043,0.47783504113974007,29.405876432271587
652,21.733333333333334,0.0957043841481208,-0.0034418594245446688,-0.22436064788038046,2.0,-0.23204735346124108,1.9477728608416125,0.0076867055808606255,0.3277517376093619,0.0522271391583875,35.27926547961425
653,21.766666666666666,-0.2744005620479584,-0.06915879357503886,-0.1576939812137138,2.0,-0.16542825680357034,1.994291598920489,0.007734275589856537,-0.10897230524438803,0.005708401079510983,35.92122406510275
654,21.8,0.1067451834678649,-0.026495945088475234,-0.09102731454704714,2.0,-0.09876678951590626,1.9993760745196916,0.007739474968859114,0.20551197298377116,0.0006239254803084293,35.991389828371744
655,21.833333333333332,0.0421427749097347,-0.009848661946712817,-0.024360647880380476,2.0,-0.0321006911388528,1.9999318052464161,0.007740043258472322,0.0742434660485875,6.819475358388338e-05,35.99905891240054
656,21.866666666666667,-0.2104151993989944,-0.058493041355566947,0.024528241008508415,1.4666666666666668,0.01864258588895807,0.28525544739350295,0.005885655119550345,-0.22905778528795245,1.1814112192731638,11.513063916994302
657,21.9,-0.6165246367454529,-0.1938351626938889,0.055639352119619526,0.9333333333333335,0.05464055724359488,0.4907839670210794,0.000998794876024646,-0.6711651939890477,0.44254936631225406,8.533853878099627
658,21.933333333333334,-0.4845790565013885,-0.26435069564785685,0.06897268545295286,0.40000000000000013,0.06693431309651353,-0.34757626968282285,0.002038372356439333,-0.551513369597902,0.747576269682823,-1.8627440673354791
659,21.966666666666665,-0.1247241497039794,-0.23048638925498346,0.06452824100850842,-0.1333333333333332,0.06445778458868781,-0.046717014576916,7.045641982060535e-05,-0.18918193429266722,-0.08661631875641719,-0.7072061224302386
660,22.0,0.0367221198976039,-0.16567900779642267,0.042306018786286204,-0.6666666666666665,0.04505025482707544,0.42730455332150896,-0.002744236040789237,-0.008328134929471542,-1.0939712199881755,1.8149453168076168
661,22.03333333333333,-0.7270411849021912,-0.3018289113435696,0.0023060187862862097,-1.1999999999999997,0.002682134336955809,-0.8029366694304828,-0.0003761155506695991,-0.729723319239147,-0.3970633305695169,-12.26172475355293
662,22.066666666666666,-0.3422908186912536,-0.311642334846954,-0.05547175899149155,-1.733333333333333,-0.04918601743002881,-0.22417821203815413,-0.006285741561462742,-0.2931048012612248,-1.5091551212951788,-11.493659326126526
663,22.1,-0.1337357312440872,-0.2684937795848009,-0.12213842565815822,-2.0,-0.11455727475882765,-1.844550879455861,-0.007581150899330563,-0.019178456485259537,-0.15544912054413906,-33.85480213649088
664,22.133333333333333,-0.107495367527008,-0.2294460503880718,-0.1888050923248249,-2.0,-0.18108235381066698,-1.983009486220721,-0.0077227385141579175,0.07358698628365898,-0.01699051377927896,-35.76553090984595
665,22.166666666666668,0.019263170659542,-0.16912539139479832,-0.2376939812137138,-1.4666666666666668,-0.23181545765905523,-0.28588426715726345,-0.005878523554658566,0.25107862831859723,-1.1807823995094033,-11.513973304297412
666,22.2,0.1747098416090011,-0.0857333573056227,-0.2688050923248249,-0.9333333333333335,-0.2678056484481391,-0.4903534029594847,-0.0009994438766858238,0.4425154900571402,-0.44297993037384875,-8.529000510569958
667,22.233333333333334,0.0789954885840416,-0.04578086781845707,-0.2821384256581583,-0.40000000000000013,-0.28009935726487345,0.3477761488437401,-0.0020390683932848264,0.35909484584891505,-0.7477761488437402,1.8646026928622015
668,22.266666666666666,0.0922650471329689,-0.012299919560389679,-0.27769398121371386,0.1333333333333332,-0.27762311637186265,0.046824351048449835,-7.086484185120367e-05,0.36988816350483156,0.08650898228488335,0.7081695994427902
669,22.3,0.1157019734382629,0.018745003122983765,-0.25547175899149166,0.6666666666666665,-0.25821603220030387,-0.42732921156286596,0.002744273208812209,0.37391800563856675,1.0939958782295325,-1.8152232673348871
670,22.333333333333332,0.1649117171764373,0.05419552834857543,-0.21547175899149168,1.1999999999999997,-0.21584788985970443,0.8029353188189381,0.000376130868212754,0.38075960703614176,0.39706468118106164,12.261722800323923
671,22.366666666666667,0.1174942702054977,0.06954768057747764,-0.15769398121371392,1.733333333333333,-0.16397972444937672,0.22417984923932566,0.006285743235662805,0.28147399465487444,1.5091534840940073,11.493681919502691
672,22.4,0.1386736929416656,0.08631314911065567,-0.09102731454704725,2.0,-0.09860846562936708,1.8445510584011586,0.007581151082319826,0.2372821585710327,0.15544894159884137,33.85480460593599
673,22.433333333333334,0.1358945518732071,0.09833836826356937,-0.024360647880380587,2.0,-0.03208338641453913,1.9830095057793546,0.007722738534158544,0.1679779382877462,0.016990494220645358,35.765531179755094
674,22.466666666666665,0.0251362640410661,0.08058430531489266,0.04230601878628608,2.0,0.03456780481204129,1.9981429471896508,0.00773821397424479,-0.009431540770975189,0.0018570528103492023,35.97437267121718
675,22.5,0.1965808570384979,0.1087175140935719,0.1087175140935719,1.9923448592185746,0.10099625342840289,1.971413833963393,0.007721260665169011,0.095584603610095,0.020931025255181535,35.605510908694825
676,22.53333333333333,0.1209082752466201,0.11167419878456969,0.15735123162307996,1.4590115258852414,0.15157237520922112,0.29558756860742763,0.005778856413858835,-0.030664099962601027,1.1634239572778138,11.528006036163692
677,22.566666666666666,0.0729964971542358,0.10229350738575621,0.18820717137481022,0.9256781925519081,0.1871641113291437,0.46830355844011523,0.0010430600456665107,-0.11416761417490791,0.45737463411179285,8.28045213189649
678,22.6,-0.0909251198172569,0.05543125244575902,0.2012853333487627,0.39234485921857476,0.1992553806822465,-0.34860879111028986,0.002029952666516205,-0.2901805004995034,0.7409536503288646,-1.8947222401949575
679,22.633333333333333,0.0048264944925904,0.043157833973084675,0.19658571754493742,-0.14098847411475857,0.19656275158180977,-0.037042715444353544,2.296596312764687e-05,-0.19173625708921938,-0.10394575867040502,-0.6414093825914748
680,22.666666666666668,-0.352194219827652,-0.052728825633472615,0.17410832396333437,-0.6743218074480919,0.17681369212012615,0.408404845605272,-0.0027053681567917875,-0.5290079119477782,-1.082726653053364,1.6019056418046034
681,22.7,-0.2206464260816574,-0.0934546992980626,0.13385315260395353,-1.207655140781425,0.13431230816660364,-0.7946994511436569,-0.0004591555626501098,-0.3549587342482611,-0.4129556896377682,-12.249812243554453
682,22.733333333333334,-0.5741497874259949,-0.21004002077737954,0.07582020346679491,-1.7409884741147583,0.08213366602865231,-0.26143705655415994,-0.0063134625618574,-0.6562834534546472,-1.4795514175605984,-12.007831380447406
683,22.766666666666666,-0.8867567181587219,-0.3741674180883923,0.009153536800128245,-2.0,0.016737717591410163,-1.8475138124690589,-0.007584180791281918,-0.9034944357501321,-0.15248618753094112,-33.89569061207301
684,22.8,-0.6455828547477722,-0.4399951261696563,-0.05751312986653842,-2.0,-0.049790060186653946,-1.9833333333676935,-0.007723069679884474,-0.5957927945611182,-0.016666666632306537,-35.77000000047417
685,22.833333333333332,-0.6367049217224121,-0.4877041111771029,-0.12417979653320509,-2.0,-0.11644154636489243,-1.9981783413886187,-0.0077382501683126576,-0.5202633753575197,-0.0018216586113812827,-35.97486111116294
686,22.866666666666667,-0.3594226241111755,-0.45659137718252196,-0.19084646319987175,-2.0,-0.18310655381150748,-1.9998008935938056,-0.0077399093883642744,-0.176316070299668,-0.00019910640619436037,-35.99725233159452
687,22.9,-0.4912071824073791,-0.4649869170581683,-0.2575131298665384,-2.0,-0.24977303912622403,-1.9999782377659878,-0.00774009074031437,-0.24143414328115506,-2.176223401217925e-05,-35.99969968117063
688,22.933333333333334,0.0389170907437801,-0.3427726232256687,-0.32417979653320506,-2.0,-0.31643968597121014,-1.999997621398332,-0.007740110561994917,0.3553567767149902,-2.3786016680737987e-06,-35.99996717529698
689,22.966666666666665,0.0940594971179962,-0.23682560100603703,-0.3730686854220939,-1.4666666666666668,-0.3671830025656738,-0.28525300171823376,-0.005885682856420105,0.46124249968367004,-1.181413664948433,-11.513060380104754
690,23.0,0.0929159671068191,-0.1568517721216025,-0.404179796533205,-0.9333333333333335,-0.4031810041813454,-0.49078564161837684,-0.0009987923518596231,0.4960969712881645,-0.4425476917149566,-8.533872754352602
691,23.03333333333333,0.1749336123466491,-0.076382246499832,-0.4175131298665384,-0.40000000000000013,-0.4154747602172024,0.3475754922907197,-0.002038369649335958,0.5904083725638515,-0.7475754922907198,1.8627368385638499
692,23.066666666666666,0.1991646587848663,-0.009552513205994456,-0.41306868542209396,0.1333333333333332,-0.4129982305907534,0.046716597112059416,-7.045483134054953e-05,0.6121628893756197,0.08661673622127378,0.7072023751690493
693,23.1,0.255415678024292,0.05471151303293112,-0.39084646319987176,0.6666666666666665,-0.39359069909610306,-0.4273044574179532,0.002744235896231295,0.6490063771203951,1.0939711240846197,-1.8149442357717165
694,23.133333333333333,0.2587957978248596,0.10420906884113842,-0.3508464631998718,1.1999999999999997,-0.35122257869096674,0.80293667468343,0.0003761154910949527,0.6100183765158264,0.39706332531656974,12.261724761149653
695,23.166666666666668,0.328627198934555,0.1586382912087381,-0.293068685422094,1.733333333333333,-0.2993544269770453,0.22417820567057523,0.006285741554951263,0.6279816259116002,1.5091551276627577,11.493659238253937
696,23.2,0.284997284412384,0.18928475340127293,-0.22640201875542737,2.0,-0.23398316965404625,1.844550878759887,0.0075811508986188825,0.5189804540664302,0.155449121240113,33.85480212688644
697,23.233333333333334,0.1578790098428726,0.1816677654197385,-0.15973535208876072,2.0,-0.16745809060284084,1.9830094861446508,0.007722738514080119,0.3253371004457134,0.01699051385534922,35.76553090879618
698,23.266666666666666,0.0816546827554702,0.1574111052571366,-0.09306868542209405,2.0,-0.10080689939414428,1.9981429450435888,0.007738213972050226,0.1824615821496145,0.0018570549564111971,35.974372641601526
699,23.3,0.0837765336036682,0.13955215387561828,-0.026402018755427387,2.0,-0.034141924187557675,1.9997970247903936,0.007739905432130288,0.11791845779122587,0.00020297520960643745,35.99719894210743
700,23.333333333333332,0.1344528049230575,0.1383153839321499,0.04026464791123928,2.0,0.032524557603339374,1.9999778149076457,0.007740090307899905,0.10192824731971813,2.2185092354298774e-05,35.99969384572551
701,23.366666666666667,0.1092953234910965,0.13127700729916675,0.10693131457790594,2.0,0.09919120406317372,1.999997575180124,0.0077401105147322236,0.010104119427922775,2.424819876001294e-06,35.99996653748571
702,23.4,0.0576328411698341,0.11341572892267658,0.15582020346679484,1.4666666666666668,0.1499345206298525,0.2852530034356655,0.005885682836942352,-0.09230167946001838,1.1814136632310013,11.513060382588474
703,23.433333333333334,0.0457712188363075,0.09700957635422895,0.18693131457790596,0.9333333333333335,0.1859325222242738,0.4907856404424214,0.0009987923536321497,-0.1401613033879663,0.44254769289091206,8.533872741097099
704,23.466666666666665,0.0316339842975139,0.08115371552878126,0.2002646479112393,0.40000000000000013,0.19822627826000233,-0.34757549283662525,0.0020383696512369653,-0.16659229396248842,0.7475754928366254,-1.86273684364009
705,23.5,0.1085049733519554,0.08778734933310627,0.19582020346679485,-0.1333333333333332,0.19574974863433883,-0.04671659740521341,7.045483245601836e-05,-0.08724477528238343,-0.08661673592811978,-0.7072023778004806
706,23.53333333333333,0.1549174040555954,0.10406872853592979,0.17359798124457262,-0.6666666666666665,0.1763422171409054,0.4273044574852993,-0.0027442358963327695,-0.021424813085309996,-1.0939711241519658,1.8149442365308601
707,23.566666666666666,0.0802868828177452,0.09830080163818673,0.13359798124457262,-1.1999999999999997,0.13397409673570937,-0.8029366746797395,-0.0003761154911367526,-0.053687213917964174,-0.39706332532026023,-12.26172476114429
708,23.6,-0.3113908171653747,-0.0010637025251740012,0.07582020346679486,-1.733333333333333,0.08210594502175068,-0.22417820567504276,-0.006285741554955829,-0.39349676218712537,-1.5091551276582902,-11.49365923831559
709,23.633333333333333,0.107812762260437,0.025342636882196366,0.025342636882196366,-1.5143269975379547,0.031245679011372207,-0.27802417963296366,-0.005903042129175841,0.07656708324906479,-1.236302817904991,-11.502606193707209
710,23.666666666666668,-0.0240260120481252,0.013369017952665584,-0.007357151924624349,-0.9809936642046214,-0.006575020533831941,-0.591650831720347,-0.0007821313907924073,-0.01745099151429326,-0.38934283248427437,-9.670836756181014
711,23.7,-0.201976403594017,-0.03885975621246022,-0.03885975621246022,-0.9450781286350761,-0.03744952228420801,-0.2072593482445842,-0.001410233928252208,-0.164526881309809,-0.7378187803904919,-5.33793182753778
712,23.733333333333334,-0.1998684704303741,-0.07790998404227148,-0.07790998404227148,-1.1715068348943378,-0.07757873577106877,-0.719400303426807,-0.0003312482712027054,-0.12228973465930532,-0.45210653146753077,-11.11084346648419
713,23.766666666666666,0.0254751294851303,-0.05283548880723804,-0.09918243409430497,-0.6381735015610045,-0.09634617102137892,0.46272636047870686,-0.0028362630729260457,0.12182130050650922,-1.1008998620397112,2.214223993392946
714,23.8,-0.5959709882736206,-0.18456478743336666,-0.13823266192411623,-1.1715068348943378,-0.13803118795515706,-0.8054959794529862,-0.00020147396895917047,-0.45793980031846354,-0.3660108554413516,-12.081323810157631
715,23.833333333333332,-0.1796856075525283,-0.18338141616743941,-0.18338141616743941,-1.3544626272996954,-0.1820544560028167,-0.7006294699909558,-0.0013269601646227203,0.0023688484502883966,-0.6538331573087396,-12.113770007933644
716,23.866666666666667,-0.3710273206233978,-0.2288920915115004,-0.2288920915115004,-1.3653202603218293,-0.22696080170538888,-0.64604509088218,-0.0019312898061115136,-0.14406651891800895,-0.7192751694396493,-12.034831106565308
717,23.9,-0.5634629130363464,-0.3100371827521504,-0.29218054463333915,-1.8986535936551627,-0.2853221712742518,-1.0033643482635473,-0.006858373359087344,-0.27814074176209463,-0.8952892453916155,-22.24642800603695
718,23.933333333333334,-0.3970136344432831,-0.3311320052955467,-0.33769121997740015,-1.3653202603218295,-0.33348034536940097,-0.44504460945262536,-0.004210874607999182,-0.06353328907388212,-0.9202756508692042,-11.744147994700388
719,23.966666666666665,-0.4405147731304168,-0.35766114084796136,-0.36542411754368337,-0.8319869269884962,-0.3638155556716013,-0.1774158214817273,-0.0016085618720820816,-0.07669921745881553,-0.6545711055067689,-5.0015321679260865
720,24.0,-0.1585445255041122,-0.3093684181115103,-0.3753792373321888,-0.29865359365516286,-0.37342687223598786,0.36855739568061874,-0.0019523650962009476,0.21488234673187567,-0.6672109893357816,2.354091566956246
721,24.03333333333333,-0.1901734620332718,-0.2804594847433455,-0.36755657934291647,0.23467973967817046,-0.3680999089954193,-0.07743466284690775,0.0005433296525028108,0.1779264469621475,0.3121144025250782,-0.1286329279830129
722,24.066666666666666,-0.3422199189662933,-0.29543854372775574,-0.34195614357586634,0.7680130730115038,-0.34418716731834,-0.17799332684758984,0.0022310237424736368,0.001967248352046702,0.9460063998590936,0.9953194481323406
723,24.1,0.0028671363834291,-0.22308901390353392,-0.29857793003103844,1.301346406344837,-0.30005397258900757,0.6938347338392519,0.001476042557969126,0.3029211089724367,0.6075116725055851,12.103943588440353
724,24.133333333333333,0.1536630243062973,-0.13171350669013132,-0.23742193870843276,1.8346797396781702,-0.24407473982741085,0.7175079313916091,0.006652801118978091,0.39773776413370815,1.1171718082865612,18.301609453204204
725,24.166666666666668,0.1362062990665435,-0.0667336110010265,-0.1707552720417661,2.0,-0.17837654237340964,1.8837836944801458,0.0076212703316435315,0.31458284143995313,0.11621630551985418,34.39621498382601
726,24.2,0.1108612269163131,-0.023660669789382985,-0.10408860537509944,2.0,-0.1118157289238278,1.987297613949823,0.007727123548728357,0.2226769558401409,0.012702386050176928,35.82470707250756
727,24.233333333333334,-0.0217884667217731,-0.023206595258765415,-0.03742193870843277,2.0,-0.04516063196265167,1.9986116353411358,0.007738693254218901,0.023372165240878574,0.0013883646588641607,35.98084056770767
728,24.266666666666666,0.0776193588972091,0.001247214586707207,0.011466950180456119,1.4666666666666668,0.005581851419483656,0.2853045038453226,0.005885098760972463,0.07203750747772544,1.1813621628213442,11.513134861511306
729,24.3,0.197116419672966,0.048752327093291234,0.048752327093291234,1.1185613073850535,0.04813563402332862,0.7914606105070754,0.0006166930699626136,0.14898078564963738,0.32710069687797816,12.245128293205788
730,24.333333333333332,0.0973759368062019,0.06054524803188804,0.06825992622834857,0.5852279740517202,0.06555492010138408,-0.4474021672173667,0.0027050061269644904,0.03182101670481781,1.0326301412690868,-2.2212917353574895
731,24.366666666666667,0.1499109715223312,0.08221955230435488,0.08221955230435488,0.41878878228018906,0.07860927281763913,-0.7788792163792448,0.003610279486715745,0.07130169870469208,1.1976679986594339,-5.777935278433549
732,24.4,0.1149963438510894,0.09016906723370152,0.09016906723370152,0.23848544788039938,0.0869191569890151,-0.756225237338433,0.0032499102446864186,0.02807718686207429,0.9947106852188324,-6.092818177437045
733,24.433333333333334,0.0327500812709331,0.0762429608456451,0.08034080438527039,-0.29484788545293394,0.08047276639694365,-0.05189735982971018,-0.00013196201167325894,-0.04772268512601054,-0.24295052562322378,-1.1944831020369744
734,24.466666666666665,0.0386458039283752,0.06712433922007593,0.06712433922007593,-0.39649395495583356,0.06952040315842709,0.4905138019272963,-0.0023960639383511506,-0.030874599230051883,-0.8870077568831298,3.3365791351573724
735,24.5,0.1324481219053268,0.08296763446626772,0.07168565183265926,0.13683937837749977,0.07199638565492125,0.11383210569563029,-0.0003107338222619882,0.060451736250405536,0.023007272681869473,1.3294844069668175
736,24.53333333333333,0.0494745261967182,0.07484438775252603,0.07484438775252603,0.09476207759600286,0.07447661989360163,-0.0631677831812788,0.0003677678589243949,-0.02500209369688343,0.15792986077728166,-0.31131359430544103
737,24.566666666666666,0.0656377673149108,0.07261146124679116,0.07261146124679116,-0.066987795172046,0.07286176561027123,0.04626602519504466,-0.00025030436348007223,-0.007223998295360426,-0.11325382036709067,0.2503375540117992
738,24.6,-0.4350756108760834,-0.05052035760505026,0.05260075696327851,-0.6003211285053793,0.05561520616947375,0.5468891968776737,-0.003014449206195237,-0.4906908170455571,-1.147210325383053,3.1629171469046833
739,24.633333333333333,0.1286878883838653,-0.007056108673923776,0.014812274901988096,-1.1336544618387125,0.015168353143785573,-0.7369779678047692,-0.00035607824179747713,0.11351953524007972,-0.39667649403394334,-11.308980917211839
740,24.666666666666668,0.0168468877673149,-0.0012587985011201855,-0.0051984293815245455,-0.6003211285053792,-0.0023867369610703175,0.47935841079773,-0.002811692420454228,0.019233624728385218,-1.0796795393031093,2.502586785692102
741,24.7,-0.0641937106847763,-0.016522709346931418,-0.016522709346931418,-0.3397283989622062,-0.013210354928055227,0.733812650629488,-0.0033123544188761907,-0.05098335575672108,-1.0735410495916942,5.606863398371074
742,24.733333333333334,-0.0616951063275337,-0.02747859084862305,-0.02747859084862305,-0.328676445050749,-0.02379744625125819,0.8421246032473721,-0.0036811445973648597,-0.03789766007627551,-1.170801048298121,6.6373788343824955
743,24.766666666666666,-0.1143311783671379,-0.048543372010817286,-0.048543372010817286,-0.631943434865827,-0.04598384777602897,0.27352623157191847,-0.0025595242347883143,-0.06834733059110892,-0.9054696664377455,0.08153842079011231
744,24.8,-0.059665746986866,-0.05124093579755405,-0.051830375395233746,-0.09861010153249372,-0.05031871746696027,0.3321657300793992,-0.0015116579282734785,-0.00934702951990573,-0.4307758316118929,2.600449072098913
745,24.833333333333332,-0.2761448323726654,-0.10578797347642062,-0.07289515655742798,-0.631943434865827,-0.07013820044001684,0.4045077210476653,-0.002756956117411141,-0.20600663193264857,-1.0364511559134924,1.5579768064139197
746,24.866666666666667,-0.2875575423240661,-0.1498734325182231,-0.1117377154974,-1.1652767681991603,-0.11150090928108006,-0.7876599647648961,-0.00023680621631994025,-0.17605663304298605,-0.3776168034342642,-11.880274205076429
747,24.9,-0.2600702941417694,-0.17660001420314717,-0.16835805221514977,-1.6986101015324935,-0.1625632369553757,-0.2655344394552479,-0.005794815259774072,-0.09750705718639371,-1.4330756620772456,-11.484543766615381
748,24.933333333333334,-0.3501332700252533,-0.21868788012281803,-0.21868788012281803,-1.509894837230048,-0.21304450914302506,-0.3014503668823494,-0.005643370979792978,-0.13708876088222824,-1.2084444703476986,-11.536484704645824
749,24.966666666666665,-0.3228987455368042,-0.24396264898564018,-0.2512399302527085,-0.9765615038967147,-0.25041416633730845,-0.5666908689461937,-0.0008257639154000684,-0.07248457919949575,-0.409870634950521,-9.389485190467413
750,25.0,-0.3323296904563904,-0.26539473804268854,-0.2660142026048212,-0.4432281705633814,-0.2638457769884287,0.36543921246529143,-0.002168425616392522,-0.06848391346796168,-0.8086673830286728,1.9024852066578377
751,25.03333333333333,-0.4667789041996002,-0.31423742092443907,-0.2985662527347117,-0.9765615038967147,-0.29742425502314135,-0.3568930739057353,-0.001141997711570364,-0.16935464917645887,-0.6196684299909794,-7.02462036066011
752,25.066666666666666,-0.6536974310874939,-0.39656831090370004,-0.34889608064238,-1.509894837230048,-0.3451702109946978,-0.4705244415019614,-0.0037258696476821784,-0.3085272200927961,-1.0393703957280866,-11.78099644808328
753,25.1,-0.2399854212999344,-0.35859149987841876,-0.38144813077227047,-0.9765615038967147,-0.3804478666383054,-0.4509228468929442,-0.0010002641339650897,0.140462445338371,-0.5256386570037705,-8.084534756087063
754,25.133333333333333,-0.1521757245063781,-0.30852847630172026,-0.39622240312438317,-0.4432281705633814,-0.39386683042334375,0.41918177291751846,-0.002355572701039421,0.24169110591696566,-0.8624099434808998,2.402223619954643
755,25.166666666666668,-0.2544756829738617,-0.2954187890121628,-0.3932188976987181,0.09010516276995195,-0.392722036570041,0.14293097588919013,-0.0004968611286770841,0.13824635359617932,-0.052825813119238174,1.4520218128926083
756,25.2,-0.1772137582302093,-0.2667499470486291,-0.37243761449527524,0.6234384961032853,-0.37541573483132884,-0.5435831536004745,0.0029781203360536024,0.19820197660111954,1.1670216497037598,-3.125651047560964
757,25.233333333333334,-0.4355950951576233,-0.3077007833660392,-0.3338785535140546,1.1567718294366185,-0.33413361393669716,0.7832003566175221,0.00025506042264256124,-0.10146148122092613,0.3735714728190964,11.830004990090572
758,25.266666666666666,-0.2727566957473755,-0.2992256235621614,-0.2992256235621614,1.0395878985567952,-0.30025732002667055,0.37337372843011785,0.0010316964645091242,0.02750062427929506,0.6662141701266774,7.21039219038501
759,25.3,-0.1704914420843124,-0.2680030953865097,-0.2680030953865097,0.9366758452695523,-0.269428535668208,0.20472942084870976,0.0014254402816983314,0.0989370935838956,0.7319464244208425,5.309414195503965
760,25.333333333333332,0.0210285186767578,-0.19790284998045754,-0.21900278943308016,1.4700091786028855,-0.22232934693481557,0.5105021126916811,0.003326557501735411,0.24335786561157335,0.9595070659112044,11.838811403469933
761,25.366666666666667,-0.1220634207129478,-0.17950914374061472,-0.17950914374061472,1.1848093707739633,-0.1799286754990557,0.8009246457457112,0.00041953175844097745,0.05786525478610789,0.3838847250282521,12.2588150027818
762,25.4,-0.021699545904994,-0.1412348131918261,-0.1412348131918261,1.1482299164636587,-0.14176126319587587,0.6108373615766489,0.0005264500040497722,0.12006171729088187,0.5373925548870098,9.887109523273091
763,25.433333333333334,-0.0962402448058128,-0.13032206132549046,-0.12073826042081526,0.6148965831303254,-0.12366180327276986,-0.4996910474244749,0.0029235428519546053,0.02742155846695707,1.1145876305548001,-2.6308941880726673
764,25.466666666666665,0.0584546402096748,-0.08453712825701495,-0.08453712825701495,1.0860339649140092,-0.08511638077334832,0.6317558416421746,0.0005792525163333673,0.14357102098302313,0.4542781232718346,10.122905031945841
765,25.5,0.1575351506471634,-0.02582615917433633,-0.030558218315436876,1.6193672982473424,-0.03546875341919281,0.35297922777058854,0.004910535103755935,0.1930039040663562,1.2663880704767538,11.611004773092029
766,25.53333333333333,0.2468313425779342,0.0403027930047545,0.03610844835122979,2.0,0.02867760685337563,1.6975632327082129,0.007430841497854161,0.2181537357245586,0.30243676729178715,31.826372611373337
767,25.566666666666666,0.1736463606357574,0.0726432580592302,0.08499733724011868,1.4666666666666668,0.07923910916487727,0.2964912203430452,0.0057582280752414144,0.09440725147088012,1.1701754463236216,11.529312880290057
768,25.6,0.2170223295688629,0.10766021762998418,0.1161084483512298,0.9333333333333335,0.11509805710929362,0.483090633708244,0.0010103912419361788,0.10192427245956927,0.45024269962508945,8.447133741827457
769,25.633333333333333,0.2275672852993011,0.1367418628914582,0.1367418628914582,0.6190024362068522,0.13388088947381932,-0.4618743087880741,0.0028609734176388846,0.09368639582548177,1.0808767449949264,-2.2046195689233405
770,25.666666666666668,0.1575821936130523,0.1417963698271848,0.1417963698271848,0.1516352080717978,0.13965085922686152,-0.4880334258719239,0.0021455106003232804,0.017931334386190795,0.6396686339437216,-3.8869797174027934
771,25.7,0.2251185327768325,0.16200489991986464,0.16200489991986464,0.6062559027803952,0.15918970439690547,-0.4200377685075447,0.0028151955229591685,0.06592882837992703,1.0262936712879398,-1.7330332841811105
772,25.733333333333334,0.1028842404484748,0.14766607836588444,0.1644356522347667,0.07292256944706188,0.16283734731485333,-0.36862600807824264,0.0015983049199133625,-0.05995310686637853,0.4415485775253045,-3.0145720851258218
773,25.766666666666666,-0.0324696116149425,0.10397689192526072,0.14908862677189097,-0.46041076388627145,0.15109440410432184,0.37901875879833247,-0.0020057773324308747,-0.18356401571926434,-0.8394295226846039,2.215245189474833
774,25.8,0.139870211482048,0.11268227357537278,0.11596382353123748,-0.9937440972196048,0.11704308139747732,-0.38305954228786754,-0.0010792578662398439,0.022827130084570685,-0.6106845549317372,-7.319571796089813
775,25.833333333333332,0.2279367595911026,0.14063550554287144,0.10061679806836177,-0.46041076388627145,0.10318254592155186,0.47179257801409014,-0.002565747853190095,0.12475421366955074,-0.9322033419003616,2.8412110687111296
776,25.866666666666667,0.1534968912601471,0.14375484007644798,0.10304755038326383,0.07292256944706188,0.10376324537424769,0.1941426530018694,-0.0007156949909838672,0.0497336458858994,-0.12122008355480751,1.864479161013449
777,25.9,0.1228838488459587,0.13869289689813322,0.12325608047594366,0.6062559027803952,0.12018050390777656,-0.5927813835686626,0.003075576568167107,0.0027033449381821395,1.199037286349058,-3.68021914356076
778,25.933333333333334,0.0278766434639692,0.11181609109994903,0.12568683279084572,0.07292256944706188,0.12380927576506856,-0.4488181372215465,0.00187755702577716,-0.09593263230109936,0.5217407066686084,-3.760258316666489
779,25.966666666666665,0.1445726752281189,0.11976070502562867,0.11976070502562867,-0.17778383295651135,0.11986724537416062,-0.0253425931575973,-0.00010654034853194161,0.02470542985395828,-0.15244123979891405,-0.6711562256291441
780,26.0,-0.2231906205415725,0.03658304931309739,0.09605679948263385,-0.7111171662898447,0.098584332221133,0.3235238339690223,-0.0025275327384991497,-0.3217749527627055,-1.0346410002588668,0.6451171345740135
781,26.03333333333333,0.0597973428666591,0.042213325019465606,0.05457511616186125,-1.244450499623178,0.0554371175742531,-0.7547796692193902,-0.000862001412391851,0.0043602252924060045,-0.4896708304037878,-12.192081006533616
782,26.066666666666666,0.0336380153894424,0.04013351339939167,0.030871210618866423,-0.7111171662898447,0.03332999340733772,0.2779133138422747,-0.0024587827884712983,0.0003080219821046809,-0.9890304801321194,0.13099011576448666
783,26.099999999999998,0.0548622831702232,0.043705753684630935,0.024945082853649377,-0.17778383295651135,0.02692677434247523,0.43145831183324024,-0.001981691488825852,0.027935508827747972,-0.6092421447897516,3.2923099653028416
784,26.133333333333333,-0.1000580936670303,0.008838007426037658,0.008838007426037658,-0.48321226282835156,0.012223381590875063,0.6876239765746426,-0.003385374164837404,-0.11228147525790537,-1.170836239402994,4.749295739548417
785,26.166666666666668,-0.258785218000412,-0.05606995719075601,-0.025046845779351838,-1.016545596161685,-0.024196035131447236,-0.5141060800494808,-0.000850810647904602,-0.23458918286896474,-0.5024395161122042,-8.79674341345924
786,26.2,-0.3511723577976227,-0.12764258003168938,-0.07670947676251912,-1.5498789294950184,-0.07258621286123045,-0.43070411031642075,-0.004123263901288671,-0.2785861449363922,-1.1191748191785975,-11.723409034848373
787,26.233333333333334,-0.4235477149486542,-0.19940989393545377,-0.14337614342918578,-2.0,-0.13603135029343705,-1.6134164918647924,-0.007344793135748734,-0.2875163646552171,-0.3865835081352076,-30.665147587734136
788,26.266666666666666,-0.4766287803649902,-0.2666451409615773,-0.21004281009585246,-2.0,-0.20234590537107155,-1.9577466093161413,-0.007696904724780906,-0.2742828749939186,-0.042253390683858694,-35.41690320856275
789,26.3,-0.4512813985347748,-0.3114258719853574,-0.2767094767625191,-2.0,-0.2689740864111592,-1.9953817248105195,-0.007735390351359894,-0.18230731212361556,-0.004618275189480547,-35.93626780238517
790,26.333333333333332,-0.2227655500173568,-0.2899226521805648,-0.325598365651408,-1.4666666666666668,-0.3197146280701006,-0.2854245247227065,-0.005883737581307391,0.0969490780527438,-1.1812421419439603,-11.513308433444447
791,26.366666666666667,-0.0434076152741909,-0.2301341593562603,-0.3567094767625191,-0.9333333333333335,-0.3557105073829168,-0.4906681967705545,-0.0009989693796022547,0.3123028921087259,-0.44266513656277895,-8.532548902545665
792,26.4,-0.2337800711393356,-0.23101842010244447,-0.37004281009585244,-0.40000000000000013,-0.36800425058872593,0.3476300132777923,-0.002038559507126503,0.13422417944939033,-0.7476300132777924,1.8632438153684796
793,26.433333333333334,-0.261963814496994,-0.2385237573586318,-0.365598365651408,0.1333333333333332,-0.3655277994148957,0.04674587525366308,-7.056623651230387e-05,0.1035639849179017,0.08658745807967011,0.7074651825447871
794,26.466666666666665,-0.1593905836343765,-0.21933120322987898,-0.3433761434291858,0.6666666666666665,-0.3461203894637291,-0.42731118344007735,0.002744246034543263,0.18672980582935259,1.0939778501067439,-1.8150200522652458
795,26.5,0.1312510818243026,-0.13430277373796495,-0.30337614342918584,1.1999999999999997,-0.30375226309844305,0.8029363062774706,0.0003761196692572133,0.4350033449227456,0.39706369372252914,12.261724228367893
796,26.53333333333333,0.0130668533965945,-0.09856050014269765,-0.24559836565140808,1.733333333333333,-0.2518841076630305,0.2241786522495124,0.006285742011622408,0.264950961059625,1.5091546810838206,11.49366540104327
797,26.566666666666666,0.1950635313987732,-0.02734643335322194,-0.17893169898474143,2.0,-0.18651284993327424,1.8445509275707521,0.007581150948532817,0.3815763813320474,0.15544907242924788,33.85480280047638
798,26.599999999999998,0.1750789284706115,0.021748775785919106,-0.11226503231807476,2.0,-0.11998777083761046,1.9830094914796559,0.007722738519535699,0.29506669930822194,0.016990508520344116,35.76553098241925
799,26.633333333333333,0.1239096075296402,0.046526339995741614,-0.045598365651408096,2.0,-0.05333657962405461,1.998142945626703,0.007738213972646513,0.1772461871536948,0.0018570543732969735,35.9743726496485
800,26.666666666666668,0.0948847606778144,0.05825494334679362,0.02106830101525857,2.0,0.013328395583063105,1.9997970248541261,0.007739905432195465,0.0815563650947513,0.00020297514587386267,35.99719894298694
801,26.7,0.1780326515436172,0.08730521442521584,0.08730521442521584,1.987107402298718,0.07959652517048625,1.9521755504907767,0.007708689254729589,0.09843612637313094,0.03493185180794134,35.34002259677272
802,26.733333333333334,0.1453550159931183,0.10138431559506864,0.13576435005739534,1.4537740689653846,0.13005844761002114,0.3026464043778805,0.005705902447374206,0.015296568383097148,1.1511276645875042,11.53821439155323
803,26.766666666666666,0.1709840595722198,0.118264680564171,0.16644570791179705,0.9204407356320513,0.1653723732081997,0.4529299682066403,0.0010733347035973562,0.0056116863640200965,0.46751076742541103,8.107159257946106
804,26.8,0.0851107090711593,0.11022368634498277,0.17934928798842098,0.387107402298718,0.17732510709330399,-0.3493119919934561,0.002024180895116995,-0.09221439802214469,0.7364193942921741,-1.916570925987499
805,26.833333333333332,0.064163252711296,0.0990524249876565,0.17447509028726713,-0.14622593103461534,0.17448462270236195,-0.030422068972175698,-9.532415094826163e-06,-0.11032136999106595,-0.11580386206243964,-0.596377346213522
806,26.866666666666667,0.0632162913680076,0.0903609129214658,0.1518231148083355,-0.6795592643679487,0.1545018899260176,0.3954737378648612,-0.0026787751176821084,-0.09128559855801,-1.0750330022328098,1.4561447109051828
807,26.9,0.0813578590750694,0.08817735841279485,0.1113933615516261,-1.2128925977012819,0.1119093307779435,-0.7890637730614019,-0.0005159692263174004,-0.030551471702874103,-0.42382882463988003,-12.241662032018807
808,26.933333333333334,0.0710964202880859,0.0840346352778592,0.0840346352778592,-0.8207617882130069,0.08603010490483473,0.06917123457918006,-0.0019954696269755268,-0.014933684616748835,-0.889933022792187,-2.221974564607598
809,26.966666666666665,0.1253344267606735,0.09405127490237562,0.07445368678187009,-0.2874284548796736,0.07673904186725361,0.46924077756840266,-0.0022853550853835225,0.048595384893419885,-0.7566692324480763,3.323133359341379
810,27.0,0.2439455091953277,0.13040585377065178,0.08265051606365875,0.24590487845365971,0.08224018578723474,-0.03836598864337307,0.0004103302764240091,0.16170532340809296,0.28427086709703275,0.2529115469655296
811,27.03333333333333,0.0259662270545959,0.10507560231480441,0.10507560231480441,0.6727525875343697,0.10240258426823373,-0.3855313249388497,0.002673018046570677,-0.07643635721363784,1.0582839124732195,-1.3440726910461853
812,27.066666666666666,0.0008779866620898,0.07980404698113103,0.10972291078817228,0.1394192542010364,0.10779157113568251,-0.4342908728798678,0.0019313396524897747,-0.10691358447359271,0.5737101270809042,-3.4307941163620423
813,27.099999999999998,0.0428068377077579,0.07083093358034291,0.09659244148376239,-0.3939140791322969,0.09803318828295969,0.25490366010271903,-0.0014407467991972983,-0.05522635057520179,-0.648817739235016,1.2839415783708625
814,27.133333333333333,-0.7144470810890198,-0.11962636888017607,0.06568419440157472,-0.9272474124656302,0.0671149580458807,-0.20967921280507745,-0.0014307636443059851,-0.7815620391349005,-0.7175681996605527,-5.365208818656315
815,27.166666666666668,0.0484871082007885,-0.07885298830160481,0.016998169541609265,-1.4605807457989637,0.020204916260146328,-0.5221935745249634,-0.003206746718537063,0.02828219194064217,-0.9383871712740003,-11.855719375449777
816,27.2,-0.2719956338405609,-0.12569681503846575,-0.04946563309613397,-1.993914079132297,-0.04223583764008196,-1.492890468027394,-0.007229795456052013,-0.22975979620047896,-0.5010236111049029,-29.001888458778037
817,27.233333333333334,-0.2225704193115234,-0.14919204221255486,-0.11613229976280064,-2.0,-0.10844796422885614,-1.9454551906529034,-0.0076843355339445,-0.11412245508266727,-0.0545448093470966,-35.24728163101007
818,27.266666666666666,-0.4789710938930511,-0.2291749621692542,-0.1827989664294673,-2.0,-0.17506494988459373,-1.9940382786885136,-0.007734016544873573,-0.3039061440084574,-0.005961721311486423,-35.917728245901486
819,27.3,-0.2371688932180404,-0.23111376920977508,-0.2316878553183562,-1.4666666666666668,-0.22580468390491168,-0.28547444610001693,-0.005883171413444521,-0.011364209313128731,-1.1811922205666499,-11.513380628800418
820,27.333333333333332,-0.2761411070823669,-0.24203446881933055,-0.2627989664294673,-0.9333333333333335,-0.26179994552634633,-0.49063401471678686,-0.000999020903120984,-0.014341161556020554,-0.4426993186165466,-8.5321635985116
821,27.366666666666667,-0.192903071641922,-0.23011839171323012,-0.2761322997628007,-0.40000000000000013,-0.27409368499799946,0.3476458814861091,-0.0020386147648012165,0.08119061335607747,-0.7476458814861092,1.8633913698053992
822,27.4,-0.4002067148685455,-0.2713707413308798,-0.27168785531835626,0.1333333333333332,-0.2716172566576241,0.04675439658966578,-7.059866073216847e-05,-0.12858945821092138,0.08657893674366741,0.7075416720291086
823,27.433333333333334,-0.4397174417972564,-0.3122006867132868,-0.2850211886516896,-0.40000000000000013,-0.28248951282621615,0.5330513249052271,-0.0025316758254734784,-0.15722792897104026,-0.9330513249052272,3.739880560775552
824,27.466666666666665,-0.3959810435771942,-0.3325203448081309,-0.3161322997628007,-0.9333333333333335,-0.31482827948219455,-0.2882894277054735,-0.0013040202806061663,-0.08115276409499966,-0.64504390562786,-6.251312185213093
825,27.5,-0.1826811879873275,-0.29617912414749054,-0.3294656330961341,-0.40000000000000013,-0.3270999141890868,0.4415795602928201,-0.0023657189070472873,0.1444187262017593,-0.8415795602928202,2.7368567798452927
826,27.53333333333333,0.0270548816770315,-0.2177836060471059,-0.32502118865168966,0.1333333333333332,-0.3247586511031771,0.0971974222416872,-0.0002625375485125758,0.3518135327802086,0.03613591109164599,1.1603299458165208
827,27.566666666666666,-0.1846699118614196,-0.20975238047947836,-0.30279896642946746,0.6666666666666665,-0.3055606826140134,-0.43890133918551255,0.0027617161845459592,0.12089077075259383,1.105568005852179,-1.9456656183403331
828,27.599999999999998,0.0822232067584991,-0.1389381189174952,-0.2627989664294675,1.1999999999999997,-0.26318228582997466,0.8023014760021446,0.00038331940050717606,0.34540549258847375,0.3976985239978551,12.26080614877613
829,27.633333333333333,0.0519289076328277,-0.09264620913985983,-0.20502118865168972,1.733333333333333,-0.2113077175904596,0.22494818874180922,0.006286528938769881,0.2632366252232873,1.5083851445915237,11.504285004636966
830,27.666666666666668,0.1430195569992065,-0.03548904280809084,-0.13835452198502307,2.0,-0.14593575894431293,1.8446350375376017,0.007581236959289861,0.2889553159435194,0.15536496246239828,33.8559635180189
831,27.7,0.1557027250528335,0.01088162806161544,-0.0716878553183564,2.0,-0.07941060323882629,1.983018684658398,0.007722747920469883,0.2351133282916598,0.016981315341602077,35.76565784828589
832,27.733333333333334,0.1236035823822021,0.03822063277960194,-0.00502118865168974,2.0,-0.01275940365185382,1.9981439504366971,0.00773821500016408,0.13636298603405592,0.001856049563302875,35.97438651602642
833,27.766666666666666,0.1383804678916931,0.06251288552829398,0.061645478014976926,2.0,0.05390557247047429,1.9997971346793733,0.007739905544502636,0.0844748954212188,0.0002028653206267439,35.99720045857535
834,27.8,0.1669121980667114,0.08783335939024402,0.11053436690386581,1.4666666666666668,0.10464876853846874,0.28526045164345426,0.005885598365397066,0.06226342952824265,1.1814062150232125,11.513071154046369
835,27.833333333333332,0.058711789548397,0.08077036318777288,0.14164547801497693,0.9333333333333335,0.14064667797409947,0.4907805405222534,0.0009988000408774622,-0.08193488842570246,0.44255279281108006,8.533815254211506
836,27.866666666666667,0.1038218885660171,0.0863611619356394,0.15497881134831026,0.40000000000000013,0.1529404334526965,-0.34757786035369254,0.0020383778956137577,-0.04911854488667941,0.7475778603536927,-1.8627588585796897
837,27.9,-0.0297217518091201,0.05820700735524814,0.15053436690386582,-0.1333333333333332,0.15046390723375627,-0.04671786877801475,7.045967010954612e-05,-0.18018565904287637,-0.08661546455531843,-0.7072137899370179
838,27.933333333333334,0.1406339704990387,0.07819842027795536,0.1283121446816436,-0.6666666666666665,0.131056381018222,0.4273047495558031,-0.002744236336578415,0.00957758948081669,-1.0939714162224696,1.8149475287831027
839,27.966666666666665,0.1733457446098327,0.10127496436815941,0.10127496436815941,-0.8111154094045253,0.10311118496839858,-0.045156252846433764,-0.0018362206002391634,0.07023455964143413,-0.7659591565580915,-3.510687127296504
840,28.0,0.1600365489721298,0.11552669774527416,0.09201556183245302,-0.277782076071192,0.0940596946302288,0.40431746480556097,-0.00204413279777578,0.065976854341901,-0.682099540876753,2.747625649677677
841,28.03333333333333,0.0984328091144561,0.11138083366100214,0.1005339370745244,0.25555125726214134,0.09992844392839813,-0.08611970493225152,0.0006054931461262764,-0.0014956348139420345,0.34167096219439286,-0.14922145516183663
842,28.066666666666666,-0.1156495809555053,0.05631804120200404,0.09127453453881801,-0.277782076071192,0.09273815303908187,0.29759548374076883,-0.001463618500263858,-0.20838773399458715,-0.5753775598119608,1.963954217940297
843,28.099999999999998,0.0513715520501136,0.05511834509066449,0.06423735422533383,-0.8111154094045253,0.06619011612262085,0.03216030043754703,-0.0019527618972870198,-0.01481856407250725,-0.8432757098420723,-2.639166062988135
844,28.133333333333333,-0.2001669853925705,-0.006797249760224895,0.01942239613407188,-1.3444487427378586,0.021341509949818822,-0.6496140594377808,-0.0019191138157469423,-0.2215084953423893,-0.6948346833000778,-12.039992481694922
845,28.166666666666668,-0.1536871939897537,-0.042423183523710425,-0.042423183523710425,-1.8553673897334693,-0.03567156834300882,-0.8415693951393175,-0.006751615180701602,-0.11801562564674486,-1.0137979945941518,-20.013657652922582
846,28.2,-0.2130194753408432,-0.08379873325553236,-0.08649098540371496,-1.322034056400136,-0.08288423428929255,-0.5034879127804848,-0.0036067511144224074,-0.13013524105155067,-0.8185461436196513,-11.828667599619651
847,28.233333333333334,0.1127535477280616,-0.036127951023893025,-0.11278100950594172,-0.7887007230668027,-0.110922128332523,-0.050286011637275974,-0.0018588811734187166,0.2236756760605846,-0.7384147114295267,-3.568510357266663
848,28.266666666666666,-0.4024268090724945,-0.12496819752904839,-0.12496819752904839,-0.36561564069320013,-0.12238647684318398,0.5153386212324718,-0.0025817206858644165,-0.2800403322293105,-0.8809542619256718,3.510124392966075
849,28.3,-0.5257704854011536,-0.22217672895631152,-0.15493316332993284,-0.8989489740265335,-0.15347852784045707,-0.21929817584693584,-0.0014546354894757751,-0.3722919575606965,-0.6796507981795976,-5.47363487429013
850,28.333333333333332,-0.6072985529899597,-0.3155822010998385,-0.20267590690859508,-1.4322823073598667,-0.19982550613064376,-0.5569973894922111,-0.0028504007779513174,-0.40747304685931596,-0.8752849178676556,-11.906051997379317
851,28.366666666666667,-0.1973422020673751,-0.28690487811615717,-0.2681964282650351,-1.9656156406932,-0.2610745045784781,-1.349879813740118,-0.007121923686557008,0.06373230251110298,-0.6157358269530819,-27.02834142961363
852,28.4,-0.3139643371105194,-0.2934677405290024,-0.3159391718436973,-1.4322823073598667,-0.31075318997863577,-0.351059482493457,-0.005185981865061529,-0.0032111471318836404,-1.0812228248664097,-11.608228473616656
853,28.433333333333334,-0.4752560555934906,-0.3375577461820998,-0.3459041376445817,-0.8989489740265334,-0.34468650024077097,-0.3765289222234326,-0.0012176374038107562,-0.13056955535271964,-0.5224200518031008,-7.245957897029339
854,28.466666666666665,-0.3310126364231109,-0.33597032882707567,-0.35809132566768836,-0.3656156406932001,-0.356069302936554,0.3583791661688682,-0.0020220227311343875,0.02505666651344307,-0.7239948068620683,2.0637076191174586
855,28.5,-0.0604665577411651,-0.26915105708060283,-0.3525007359130173,0.16771769264013325,-0.3526309933794378,0.006573992676970439,0.00013025746642053582,0.2921644356382727,0.1611436999631628,0.4413868052395487
856,28.53333333333333,0.0034280086401849,-0.20304112837433674,-0.3291323683805684,0.7010510259734666,-0.33170316917301185,-0.34317388871576193,0.0025708007924434284,0.33513117781319673,1.0442249146892286,-0.866614807442273
857,28.566666666666666,0.0960488691926002,-0.13050137421668806,-0.2879862230703418,1.2343843593067998,-0.2887357993372769,0.7658961517820192,0.0007495762669351147,0.3847846685298771,0.4684882075247806,12.208157454317828
858,28.599999999999998,0.1492149084806442,-0.06266042150741274,-0.22906229998233735,1.767717692640133,-0.23547260674439277,0.39158311114609456,0.006410306762055423,0.38468751522503697,1.3761345814940384,13.803846933816105
859,28.633333333333333,0.1366960257291793,-0.014309531173648964,-0.1623956333156707,2.0,-0.1699903991312496,1.8578649135771796,0.007594765815578913,0.3066864248604289,0.14213508642282036,34.03853580736508
860,28.666666666666668,0.1219509467482566,0.01873838634370839,-0.09572896664900403,2.0,-0.10345319326693063,1.9844647037182783,0.0077242266179265995,0.22540414001518722,0.015535296281721678,35.78561291131224
861,28.7,0.1267255544662475,0.04492904029908361,-0.029062299982337364,2.0,-0.03680067660341912,1.9983019996213829,0.007738376621081754,0.16352623106966663,0.001698000378617115,35.976567594775084
862,28.733333333333334,0.1614404916763305,0.07318713019914727,0.0376043666843293,2.0,0.02986444347473844,1.999814409378907,0.007739923209590861,0.13157604820159208,0.0001855906210930236,35.99743884942892
863,28.766666666666666,0.1652212440967559,0.09550861219640275,0.09550861219640275,1.7371273653622035,0.088408769317238,1.025319101099947,0.00709984287916475,0.0768124747795179,0.7118082642622565,22.549403595179268
864,28.8,0.2707961797714233,0.13802195989181842,0.13802195989181842,1.2754004308624702,0.13487514112206894,0.5496174939301186,0.003146818769749482,0.13592103864935434,0.7257829369323516,11.895379331363936
865,28.833333333333332,0.3006075024604797,0.17745462358321823,0.17745462358321823,1.1829799107419943,0.17713283841190458,0.809762096156178,0.0003217851713136488,0.1234746640485751,0.37321781458581627,12.271595557176463
866,28.866666666666667,0.3274771571159363,0.2138403194911378,0.2138403194911378,1.0915708772375872,0.21304928365554932,0.4862724423464446,0.0007910358355884828,0.11442787346038696,0.6052984348911425,8.482999454058634
867,28.9,0.1430708765983581,0.19667626174571926,0.23244823762127959,0.5582375439042538,0.22947733171221374,-0.544047580658229,0.0029709059090658463,-0.08640645511385564,1.1022851245624827,-3.2271309842241296
868,28.933333333333334,0.2055018246173858,0.1988167685036234,0.2332783779736436,0.024904210570920515,0.23178118821091603,-0.36365985549196245,0.0014971897627275577,-0.026279363593530225,0.38856406606288296,-3.117204210073843
869,28.966666666666665,0.1279601454734802,0.18163156653478307,0.21633074054822982,-0.5084291227624128,0.21865961946947712,0.4461590999266625,-0.002328878921247307,-0.09069947399599693,-0.9545882226890753,2.6852814747352554
870,29.0,0.1905080378055572,0.18378442035472828,0.18378442035472828,-0.9763896058050462,0.184912591920296,-0.36622033463446385,-0.001128171565567715,0.005595445885261202,-0.6101692711705824,-7.129758314333836
871,29.03333333333333,0.2008016109466552,0.18791168248998563,0.16901587793900452,-0.44305627247171286,0.17150737304492664,0.4582917493406993,-0.0024914951059221147,0.029294237901728554,-0.9013480218124121,2.7663998341237104
872,29.066666666666666,0.2244293987751007,0.19676850212043204,0.17202511330105855,0.09027706086162046,0.17260077580799496,0.16370361017212154,-0.0005756625069364141,0.05182862296710575,-0.07342654931050108,1.638954289782716
873,29.099999999999998,0.2168925255537033,0.20164927955995693,0.19281212644089035,0.6236103941949538,0.18982761060766787,-0.547980726990527,0.002984515833222484,0.02706491494603544,1.1715911211854808,-3.1752209996409118
874,29.133333333333333,0.1816513389348983,0.19679908159813325,0.19679908159813325,0.11960865471728699,0.19471237254599819,-0.4868347240940121,0.002086709052135066,-0.013061033611099893,0.6064433788112991,-3.9738073772171214
875,29.166666666666668,0.0986329615116119,0.17299037426718084,0.18300825897759837,-0.41372467861604634,0.1844692458859796,0.2530294695538787,-0.0014609869083812288,-0.0858362843743677,-0.6667541481699251,1.2129287947757375
876,29.2,0.224524587392807,0.18548921803076796,0.18548921803076796,0.07442877159508754,0.18567454403263772,0.062101108154217585,-0.00018532600186976778,0.038850043360169284,0.012327663440869954,0.7092044182795934
877,29.233333333333334,0.3081756830215454,0.21524496406473623,0.20574795486171532,0.6077621049284209,0.20272744115115926,-0.5576061602512823,0.003020513710556061,0.10544824187038615,1.165368265179703,-3.283719988324883
878,29.266666666666666,0.1670500487089157,0.20355601645699323,0.2082289139148849,0.07442877159508754,0.20639941308563026,-0.4343390726196622,0.0018295008292546489,-0.039349364376714546,0.5087678442147497,-3.62121834026799
879,29.3,0.1036977022886276,0.17933689305167327,0.1929320951902767,-0.4589045617382458,0.19479383888377647,0.3417178137059911,-0.0018617436934997567,-0.09109613659514887,-0.8006223754442369,1.8845634340362687
880,29.333333333333332,0.150280624628067,0.17228973472029063,0.17228973472029063,-0.6192708140995823,0.17507202055786422,0.4099123265178528,-0.0027822858375735893,-0.024791395929797233,-1.0291831406174352,1.618898139705172
881,29.366666666666667,0.0816211029887199,0.1502994297648514,0.1502994297648514,-0.6597091486631773,0.15281545279457134,0.2696433440826651,-0.002516023029719955,-0.07119434980585145,-0.9293524927458424,0.03777006726827159
882,29.4,0.0643928572535514,0.12946409023096656,0.12946409023096656,-0.625060186016545,0.13216070782066025,0.3582856569655768,-0.002696617589693695,-0.06776785056710885,-0.9833458429821218,1.0369563939365072
883,29.433333333333334,0.0623146034777164,0.11317799808305742,0.11317799808305742,-0.48858276443727394,0.11647407517905747,0.6332130526282986,-0.0032960770960000496,-0.054159471701341076,-1.1217958170655726,4.135969558626374
884,29.466666666666665,0.0172046367079019,0.08990111120462255,0.08990111120462255,-0.6983066063530463,0.09219619486459224,0.1577871382758217,-0.0022950836599696933,-0.07499155815669034,-0.856093744628868,-1.2230859253186828
885,29.5,0.0211412459611892,0.07322444611636456,0.07322444611636456,-0.5002999526477397,0.07650418714818247,0.6329156045797566,-0.003279741031817912,-0.05536294118699327,-1.1332155572274965,4.132616690077133
886,29.53333333333333,0.0540334731340408,0.06856996594815938,0.06856996594815938,-0.1396344050461552,0.07095307046949816,0.5580253631348562,-0.0023831045213387747,-0.016919597335457358,-0.6976597681810114,4.560209335851218
887,29.566666666666666,0.1215670630335807,0.08142361008510554,0.08142361008510554,0.3856093241083848,0.08029120134710802,-0.17707129598032134,0.0011324087379975256,0.04127586168647268,0.5626806200887061,-0.6087230596186891
888,29.599999999999998,0.2236446291208267,0.11591716667618676,0.11205503199982948,0.9189426574417181,0.11055873073152751,0.1736704676698682,0.0014963012683019694,0.11308589838929918,0.74527218977185,4.959314109804259
889,29.633333333333333,0.24623703956604,0.147524280314851,0.147524280314851,1.064077449450645,0.14671605795441256,0.49960246606268566,0.0008082223604384264,0.09952098161162745,0.5644749833879594,8.6332570116319
890,29.666666666666668,0.2064543068408966,0.16181686673190881,0.16521575085209472,0.5307441161173118,0.16242715234863025,-0.5040868636738294,0.002788598503464468,0.04402715449226635,1.034830979791141,-2.935913462937302
891,29.7,0.2294107675552368,0.17821074478924284,0.17821074478924284,0.3898498181144436,0.17456370621036618,-0.8071405805002547,0.00364703857887666,0.05484706134487061,1.1969903986146984,-6.141543551908139
892,29.733333333333334,0.2758126258850097,0.2018826044890192,0.2018826044890192,0.710155790993291,0.19967293262978392,-0.11178177361396069,0.0022096718592352904,0.0761396932552258,0.8219375646072516,1.741663677054888
893,29.766666666666666,0.2778725922107696,0.22031282640423003,0.22031282640423003,0.5529066574563246,0.2172627157193405,-0.5278957487485836,0.0030501106848895287,0.0606098764914291,1.0808024062049082,-2.948820819206899
894,29.8,0.353288322687149,0.2525640213215574,0.2525640213215574,0.9675358475198218,0.2514615295273486,0.39122146408312186,0.001102491794208793,0.10182679315980037,0.5763143834366999,7.411573915528252
895,29.833333333333332,0.3467618227005005,0.27541027298428744,0.27541027298428744,0.6853875498819006,0.27285726334548593,-0.3172805186893288,0.0025530096388015067,0.07390455935501455,1.0026680685712295,-0.5747417680288378
896,29.866666666666667,0.2401879876852035,0.2668676405417087,0.2804787468692397,0.15205421654856732,0.2785838607507277,-0.4181276772233804,0.0018948861185119625,-0.03839587306552422,0.5701818937719477,-3.2435629523923826
897,29.9,0.323149561882019,0.2805179691075529,0.2805179691075529,0.0011766671493962377,0.279561533938774,-0.24221375701431103,0.000956435168778913,0.04358802794324501,0.24339042416370726,-2.1378040362610315
898,29.933333333333334,0.2595386505126953,0.27542975276583,0.27542975276583,-0.1526464902516872,0.27584768811872235,0.06090262359298862,-0.0004179353528923624,-0.016309037606027033,-0.21354911384467581,0.153817794334222
899,29.966666666666665,0.3098650872707367,0.28378152219858505,0.28378152219858505,0.2505530829826519,0.28241201299908214,-0.2800046518127396,0.0013695091995029052,0.027453074271654554,0.5305577347953915,-1.8700988954660345
900,30.0,0.3928874433040619,0.3102435127650326,0.3099110694091179,0.7838864163159852,0.30782686438836343,-0.09486897627891278,0.0020842050207544593,0.08506057891569846,0.878755392594898,1.9323066701502294
901,30.03333333333333,0.1952960342168808,0.28236474081426416,0.31826283884187295,0.2505530829826519,0.3161515577918724,-0.43587311746936175,0.0021112810500005796,-0.12085552357499157,0.6864262004520136,-3.1206476983390945
902,30.066666666666666,0.3696577548980713,0.3035363407769221,0.30883683049685023,-0.28278025035068144,0.3095542704492163,0.10555738204694493,-0.0007174399523660613,0.060103484448854994,-0.38833763239762636,0.24885306206706143
903,30.099999999999998,0.2728989422321319,0.29610570325461044,0.29610570325461044,-0.3819338172671938,0.2987421331014967,0.5578250064095784,-0.002636429846886279,-0.025843190869364818,-0.9397588236767722,3.976251478434518
904,30.133333333333333,0.3315482139587402,0.3047017480375257,0.30115235379014843,0.15139951606613955,0.3015125157520484,0.13158561556227738,-0.00036016196189997407,0.030035698206691774,0.01981390050386217,1.5266811248236367
905,30.166666666666668,-0.4796063899993896,0.11447967448152815,0.28842122654790864,-0.3819338172671938,0.2910140496739097,0.5552959267034581,-0.002592823126001065,-0.7706204396732993,-0.9372297439706518,3.9875058810420296
906,30.2,-0.4806779325008392,-0.029866799311509012,0.25791232152789106,-0.9152671506005271,0.2592923061014137,-0.2541443564874935,-0.001379984573522619,-0.7399702386022529,-0.6611227941130335,-5.866425022699812
907,30.233333333333334,-0.1643320173025131,-0.062479303692031106,0.2096256387300957,-1.4486004839338604,0.21265643308637566,-0.5391403651455003,-0.0030307943562799533,-0.37698845038888873,-0.9094601187883601,-11.88022750497597
908,30.266666666666666,0.2073103189468383,0.0029540877945179664,0.14356117815452257,-1.9819338172671936,0.15074256312320072,-1.4296643955809936,-0.007181384968678151,0.05656775582363757,-0.5522694216862001,-28.12936865901771
909,30.3,0.0861683264374733,0.023136442479331328,0.07689451148785591,-2.0,0.08457355577891715,-1.9402808813140304,-0.0076790442910612405,0.0015947706585561494,-0.059719118685969574,-35.17587616213362
910,30.333333333333332,0.0080803511664271,0.01948481530591255,0.019484815305912548,-1.7222908854583008,0.026541868599811842,-0.9638024614926382,-0.007057053293899294,-0.01846151743338474,-0.7584884239656626,-21.700473968598406
911,30.366666666666667,-0.937175452709198,-0.21253865996485594,-0.04718185136075412,-2.0,-0.03951639646168259,-1.9269918073793326,-0.007665454899071528,-0.8976590562475154,-0.07300819262066738,-34.99248694183479
912,30.4,-0.4399351775646209,-0.2676902451638919,-0.11384851802742078,-2.0,-0.10611656512681775,-1.992020239816221,-0.007731952900603037,-0.3338186124378032,-0.007979760183778994,-35.88987930946385
913,30.433333333333334,-0.6191913485527039,-0.35294152014262203,-0.18051518469408745,-2.0,-0.17277596359404165,-1.9991278160668713,-0.0077392211000457956,-0.4464153849586622,-0.0008721839331287118,-35.987963861722825
914,30.466666666666665,-0.6861398816108704,-0.4337537419596648,-0.2471818513607541,-2.0,-0.23944183585002043,-1.999904670717455,-0.0077400155107336666,-0.4466980457608499,-9.532928254496476e-05,-35.99868445590088
915,30.5,-0.7638496160507202,-0.51381350239903,-0.31384851802742075,-2.0,-0.3061084156879827,-1.9999895805554702,-0.00774010233943806,-0.4577412003627375,-1.0419444529841115e-05,-35.99985621166549
916,30.53333333333333,-0.7615577578544617,-0.5739001235863023,-0.3805151846940874,-2.0,-0.3727750728643139,-1.9999988611597441,-0.007740111829773522,-0.3887826849901478,-1.1388402558765165e-06,-35.99998428400447
917,30.566666666666666,-0.7050955891609192,-0.6057195989843422,-0.44718185136075406,-2.0,-0.43944173849369145,-1.9999998755253097,-0.00774011286706261,-0.26565385066722774,-1.2447469033283198e-07,-35.99999828224927
918,30.599999999999998,-0.8687446713447571,-0.6695123511376541,-0.5138485180274207,-2.0,-0.506108405046983,-1.9999999863949767,-0.007740112980437752,-0.3626362662977741,-1.360502333014324e-08,-35.99999981225068
919,30.633333333333333,-0.6751939058303833,-0.6708903262755608,-0.5805151846940874,-2.0,-0.5727750717012577,-1.999999998512954,-0.0077401129928296175,-0.10241883412912556,-1.4870460418592302e-09,-35.999999979478766
920,30.666666666666668,-0.7539263963699341,-0.6910294688743202,-0.647181851360754,-2.0,-0.6394417383665699,-1.999999999837447,-0.00774011299418409,-0.11448465800336416,-1.6255308210588737e-10,-35.99999999775677
921,30.7,-0.6447057723999023,-0.6797943570977193,-0.6960707402496429,-1.4666666666666668,-0.6901850563908783,-0.28525291333735736,-0.005885683858764534,0.045479283990976005,-1.1814137533293094,-11.513060252290048
922,30.733333333333334,-0.7001249194145203,-0.6847252274188421,-0.727181851360754,-0.9333333333333335,-0.7261830591001117,-0.490785702134338,-0.0009987922606422561,0.026058139685591453,-0.4425476311989955,-8.533873436495451
923,30.766666666666666,-0.551081120967865,-0.6523118712202522,-0.7405151846940873,-0.40000000000000013,-0.7384768151425797,0.34757546419761554,-0.0020383695515076017,0.1873956941747147,-0.7475754641976157,1.862736577333253
924,30.8,-0.6402905583381653,-0.6493962836438953,-0.7360707402496428,0.1333333333333332,-0.7360002854757062,0.04671658202587069,-7.045477393663457e-05,0.09570972713754089,0.0866167513074625,0.7072022397519704
925,30.833333333333332,-0.5535162687301636,-0.6261420365374964,-0.7138485180274206,0.6666666666666665,-0.7165927539184278,-0.4273044539522226,0.0027442358910072517,0.16307648518826423,1.0939711206188891,-1.8149441967056266
926,30.866666666666667,-0.4349261820316314,-0.5797655238164521,-0.6738485180274205,1.1999999999999997,-0.6742246335163625,0.8029366748732578,0.0003761154889420082,0.2392984514847311,0.3970633251267419,12.26172476142411
927,30.9,-0.6711443662643433,-0.6019280796367852,-0.6160707402496428,1.733333333333333,-0.6223564818043588,0.22417820544043576,0.006285741554715951,-0.0487878844599845,1.5091551278928972,11.493659235078013
928,30.933333333333334,-0.320293664932251,-0.5336219130274255,-0.5494040735829762,2.0,-0.5569852244815693,1.8445508787347182,0.007581150898593125,0.2366915595493183,0.15544912126528176,33.85480212653911
929,30.966666666666665,-0.3680248856544494,-0.4934588592556767,-0.4934588592556767,1.6783564298189846,-0.5003982066265997,0.7904421425963293,0.006939347370923055,0.13237332097215032,0.8879142872226553,19.308101567829343
930,31.0,-0.4481966495513916,-0.4824811950365783,-0.45529142270615497,1.1450230964856511,-0.4566850062057928,0.7197952237605524,0.0013935834996378071,0.008488356654401175,0.42522787272509877,12.141487160188001
931,31.03333333333333,-0.4216375052928924,-0.46772447855673865,-0.43490176393441105,0.6116897631523178,-0.4377608659167315,-0.4540545541045047,0.0028591019823204777,0.016123360623839122,1.0657443172568226,-2.116474396447502
932,31.066666666666666,-0.7818648219108582,-0.5439144663974629,-0.4322898829404449,0.0783564298189845,-0.4339749510227544,-0.3910923780348452,0.0016850680823095043,-0.34788987088810375,0.4694488078538297,-3.2075972370038324
933,31.099999999999998,-0.4355934560298919,-0.5176428440560532,-0.44745577972425654,-0.45497690351434883,-0.4455311167551647,0.3596934613405546,-0.0019246629690918282,0.009937660725272801,-0.8146703648549034,2.0567131276872903
934,31.133333333333333,-0.3080358505249023,-0.4668058387928776,-0.4668058387928776,-0.5805017720586325,-0.4638543222045117,0.48730932762707835,-0.002951516588365899,0.15581847167960944,-1.0678110996857109,2.4913260211348485
935,31.166666666666668,-0.4895665645599365,-0.4723261084943831,-0.4723261084943831,-0.1656080910451646,-0.47004240359281807,0.519627151554831,-0.0022837049015650424,-0.019524160967118454,-0.6852352425999956,4.1336776212833355
936,31.2,-0.4082516729831695,-0.4567858235046341,-0.4600686004181108,0.3677252422881687,-0.46116224366148817,-0.17356465980266306,0.0010936432433773513,0.05291057067831867,0.5412899020908317,-0.6268787491810759
937,31.233333333333334,-0.4482154846191406,-0.45470721746344644,-0.45470721746344644,0.1608414886399312,-0.4561551851165334,-0.31684729424327307,0.0014479676530869678,0.007939700497392788,0.47768878288320427,-2.3840320598345275
938,31.266666666666666,-0.2227968424558639,-0.39846086443757106,-0.4315680567310043,0.6941748219732645,-0.4340499715595246,-0.2780190439406732,0.0024819148285203374,0.21125312910366073,0.9721938659139377,-0.1321819175711222
939,31.3,-0.3585122525691986,-0.3887719329873559,-0.39065111822078435,1.2275081553065978,-0.39127508454997617,0.7777938093640455,0.0006239663291918163,0.03276283198077756,0.44971434594255233,12.22536362270727
940,31.333333333333332,-0.1594400405883789,-0.3331509519098893,-0.3331509519098893,1.7250049893268515,-0.33944349902897264,0.21979026252042377,0.006292547119083336,0.18000345844059373,1.5052147268064278,11.433105622781849
941,31.366666666666667,-0.2247274369001388,-0.3068544686182499,-0.29342856337677203,1.191671655993518,-0.2951592258916103,0.6844963466054881,0.001730662514838277,0.07043178899147151,0.50717530938803,12.090438588643298
942,31.4,0.0037250444293022,-0.23152810629872916,-0.23592839706587698,1.7250049893268513,-0.24234190554341564,0.3380784417833611,0.00641350847753866,0.24606694997271783,1.3869265475434902,13.065482496610379
943,31.433333333333334,-0.147115096449852,-0.21105500779340614,-0.1962060085327597,1.191671655993518,-0.19798652117895799,0.6801008530075383,0.0017805126461982734,0.050871424729105996,0.5115708029859798,12.084081908559034
944,31.466666666666665,-0.4737820327281952,-0.2747754730526122,-0.17426139777742022,0.6583383226601848,-0.17687477239041635,-0.3329957963182588,0.0026133746129961277,-0.2969072603377788,0.9913341189784436,-0.7518861815253887
945,31.5,-0.6095353364944458,-0.3559664135503263,-0.17009456479985852,0.12500498932685145,-0.17185669458096653,-0.3921962031955537,0.0017621297811080128,-0.43767864191347927,0.5172011925224052,-3.0815013377190423
946,31.53333333333333,-0.1730443090200424,-0.3116014244147172,-0.1837055096000746,-0.4083283440064819,-0.18208535396756614,0.296769070825586,-0.0016201556325084465,0.009041044947523752,-0.7050974148320679,1.6201140972762686
947,31.566666666666666,-0.5816956758499146,-0.3771086990072703,-0.21509423217806845,-0.9416616773398152,-0.21374484403931285,-0.25069934725922294,-0.0013493881387555973,-0.36795083181060173,-0.6909623300805923,-5.827592483202786
948,31.599999999999998,0.0007266601896844,-0.28547044867735083,-0.2642607325338401,-1.4749950106731484,-0.26090100030912416,-0.5069808622246526,-0.0033597322247159167,0.2616276604988086,-0.9680141484484959,-11.83371903734156
949,31.633333333333333,-0.4401190280914306,-0.3229781220291362,-0.3229781220291362,-1.7615216848588844,-0.3162976174025635,-0.6475940512127232,-0.006680504626572714,-0.1238214106888671,-1.1139276336461612,-17.336797906735576
950,31.666666666666668,-0.4013313353061676,-0.34198150855096615,-0.3639177337466546,-1.2281883515255512,-0.36155465889448984,-0.6243680483124019,-0.0023630748521647482,-0.03977667641167776,-0.6038203032131493,-12.003482175729909
951,31.7,-0.5637133717536926,-0.3957592175231408,-0.3957592175231408,-0.9552445132945864,-0.39453873450133137,-0.32399979361344555,-0.0012204830218094376,-0.16917463725236126,-0.6312447196811408,-6.6538435291627565
952,31.733333333333334,-0.6654035449028015,-0.46115736984265315,-0.4453784790774048,-1.4885778466279196,-0.4418961078202803,-0.4945433289769525,-0.0034823712571244725,-0.2235074370825212,-0.9940345176509671,-11.815732110929005
953,31.766666666666666,-0.2956474125385284,-0.42101543359887367,-0.477219962853891,-0.9552445132945863,-0.47610134023970363,-0.3915766597796145,-0.0011186226141873812,0.18045392770117524,-0.5636678535149717,-7.415577722194432
954,31.8,-0.2851535975933075,-0.3880642006475113,-0.49128366885259944,-0.42191117996125294,-0.48895680277064923,0.4205463195044463,-0.0023268660819502074,0.20380320517734174,-0.8424574994656993,2.477224656997394
955,31.833333333333332,0.0510197393596172,-0.2815710336349283,-0.4875695970735301,0.11142215337208039,-0.4872080677190698,0.11518006444171588,-0.000361529354460266,0.538227807078687,-0.0037579110696354945,1.2615181198127692
956,31.866666666666667,0.0109459124505519,-0.2106254736743749,-0.46607774751668296,0.6447554867054137,-0.46894735296316886,-0.4907674627200711,0.002869605446485901,0.47989326541372074,1.1355229494254848,-2.530306516885832
957,31.9,0.0191735867410898,-0.1548911880620124,-0.42680812018205805,1.178088820038747,-0.4269768567276836,0.8212939477121897,0.0001687365456255474,0.4461504434687734,0.35679487232655727,12.259400321931265
958,31.933333333333334,-0.0222221221774816,-0.12271431320201333,-0.36976071506965535,1.7114221533720801,-0.37569326662853586,0.25185787090720924,0.0059325515588805056,0.35347114445105426,1.459564282464871,11.464764970679663
959,31.966666666666665,0.0707888081669807,-0.07578305850599815,-0.3030940484029887,2.0,-0.3106365958056602,1.8068004987450779,0.007542547402671518,0.3814254039726409,0.19319950125492213,33.333846882682074
960,32.0,0.0842451006174087,-0.036970649480132844,-0.23642738173632205,2.0,-0.24414590090694416,1.9788833878459287,0.007718519170622107,0.32839100152435285,0.021116612154071346,35.708590752273814
961,32.03333333333333,0.1451556831598281,0.0072013372222314645,-0.1697607150696554,2.0,-0.177498467869504,1.9976919644928215,0.007737752799848591,0.3226541510293321,0.0023080355071785075,35.96814911000094
962,32.06666666666666,0.0694057047367096,0.02228806551050333,-0.10309404840298873,2.0,-0.11083390342922017,1.9997477328340594,0.0077398550262314375,0.18023960816592977,0.0002522671659406228,35.99651871311002
963,32.1,0.0713480338454246,0.03418681863146235,-0.03642738173632207,2.0,-0.044167466534881586,1.9999724273206316,0.007740084798559518,0.11551550038030618,2.75726793683706e-05,35.99961949702472
964,32.13333333333333,0.065558522939682,0.04179555090782474,0.030239284930344598,2.0,0.022499175017780627,1.9999969863194655,0.007740109912563971,0.04305934792190138,3.013680534458274e-06,35.999958411208624
965,32.166666666666664,0.0187914799898862,0.03621626152139544,0.07912817381923348,1.4666666666666668,0.07324249123045438,0.28525302531725605,0.005885682588779098,-0.054451011240568184,1.1814136413494107,11.51306041423324
966,32.2,-0.1841350197792053,-0.017226608196409685,0.1102392849303446,0.9333333333333335,0.10924049255412861,0.49078562545970955,0.0009987923762159873,-0.2933755123333339,0.4425477078736239,8.53387257221025
967,32.233333333333334,0.0206309240311384,-0.008044836478393606,0.12357261826367794,0.40000000000000013,0.12153424858822036,-0.34757549979199565,0.002038369675457577,-0.10090332455708195,0.7475754997919958,-1.8627369083163112
968,32.266666666666666,-0.4437645375728607,-0.11372205823825234,0.11912817381923349,-0.1333333333333332,0.11905771897256524,-0.0467166011402955,7.045484666824697e-05,-0.562822256545426,-0.0866167321930377,-0.707202411327437
969,32.3,-0.0687233507633209,-0.10280830249851737,0.09690595159701128,-0.6666666666666665,0.09965018749463742,0.4273044583433543,-0.0027442358976261377,-0.1683735382579583,-1.0939711250100208,1.8149442462029561
970,32.333333333333336,-0.3135783672332763,-0.1539273930867252,0.056905951597011284,-1.1999999999999997,0.05728206708868106,-0.8029366746327427,-0.0003761154916697776,-0.37086043432195737,-0.3970633253672571,-12.261724761076337
971,32.36666666666667,0.0114752892404794,-0.11381147476569928,-0.0008718261807664773,-1.733333333333333,0.005413915374247616,-0.2241782057320132,-0.006285741555014093,0.006061373866231784,-1.5091551276013198,-11.493659239101781
972,32.4,-0.1239218115806579,-0.11626358400697868,-0.06753849284743314,-2.0,-0.059957341948807405,-1.8445508787666036,-0.007581150898625738,-0.0639644696318505,-0.15544912123339638,-33.85480212697913
973,32.43333333333333,-0.1279198825359344,-0.11909064287406558,-0.11909064287406558,-1.5465645007989732,-0.11247228631254759,-0.30179332364882394,-0.006618356561517991,-0.015447596223386803,-1.2447711771501493,-12.564747866353771
974,32.46666666666667,0.0360105708241462,-0.08147318992429511,-0.15286501512292022,-1.0132311674656398,-0.15229346135254357,-0.7023539481321016,-0.0005715537703766538,0.18830403217668978,-0.3108772193335382,-10.918694992735574
975,32.5,0.0246906597167253,-0.05572475428272647,-0.1688616095939971,-0.47989783413230647,-0.16669807939208445,0.3475053814575635,-0.00216353020191265,0.19138873910880974,-0.82740321558987,1.6285326513573042
976,32.53333333333333,0.0174454562366008,-0.037978426669254495,-0.1670804262872962,0.05343549920102686,-0.16649242954613377,0.15343813106814036,-0.0005879967411624165,0.18393788578273457,-0.1000026318671135,1.4455410186549664
977,32.56666666666666,0.1674795895814895,0.011852306921933682,-0.1475214652028175,0.5867688325343602,-0.15067336183478666,-0.625884307546904,0.003151896631969159,0.3181529514162762,1.2126531400812643,-4.053359102752561
978,32.6,0.1130071952939033,0.03638589478524852,-0.11018472634056106,1.1201021658676935,-0.11058945502584576,0.7168931042868781,0.0004047286852846971,0.22359665031974907,0.4032090615808154,11.082582029960523
979,32.63333333333333,0.0457754395902156,0.03866318682893214,-0.05507020970052684,1.6534354992010267,-0.06034966578523746,0.31637679680192443,0.005279456084710622,0.10612510537545305,1.3370587023991023,11.55807102656506
980,32.666666666666664,0.1498671174049377,0.06563401785293631,0.011596456966139826,2.0,0.004125292583290013,1.7369950042232967,0.007471164382849813,0.1457418248216477,0.26300499577670333,32.37053105828149
981,32.7,0.1235175803303718,0.0796728002463273,0.07826312363280649,2.0,0.07055240659176634,1.9712536810171608,0.007710717041040149,0.05296517373860546,0.028746318982839192,35.60330079803682
982,32.733333333333334,0.0829699859023094,0.08047248274605227,0.1271520125216954,1.4666666666666668,0.12127844321045567,0.28632110342300865,0.005873569311239724,-0.03830845730814626,1.1803455632436581,11.514605048680306
983,32.766666666666666,0.1339995115995407,0.09345465381632496,0.1582631236328065,0.9333333333333335,0.15726322890034036,0.4900542934090698,0.0009998947324661445,-0.023263717300799652,0.44327903992426365,8.52562891338087
984,32.8,0.0647334605455398,0.08648876289410917,0.17159645696613984,0.40000000000000013,0.16955690504139825,-0.3479150033634043,0.0020395519247415894,-0.10482344449585845,0.7479150033634044,-1.86589386575669
985,32.833333333333336,0.0868865326046943,0.08658523591979352,0.1671520125216954,-0.1333333333333332,0.1670808639521929,-0.04689891687176727,7.114856950249382e-05,-0.0801943313474986,-0.08643441646156592,-0.7088389195319034
986,32.86666666666667,0.0811443254351615,0.08526562539399969,0.14492979029947317,-0.6666666666666665,0.14767408932862583,0.42734634145395645,-0.002744299029152658,-0.06652976389346434,-1.094013008120623,1.8154163574337023
987,32.9,-0.1508911103010177,0.02798938182401712,0.10492979029947318,-1.1999999999999997,0.10530593180866565,-0.8029343805594599,-0.00037614150919247635,-0.25619704210968336,-0.39706561944053986,-12.261721443430744
988,32.93333333333333,0.0442559495568275,0.031934591740516334,0.047152012521695416,-1.733333333333333,0.05343775692041217,-0.22418098659041918,-0.006285744398716757,-0.009181807363584676,-1.5091523467429138,-11.493697614947784
989,32.96666666666667,0.0138400616124272,0.027546037199183013,0.007152012521695422,-1.1999999999999997,0.008987640921010745,-0.6742453459107411,-0.0018356283993153227,0.004852420691416455,-0.5257546540892586,-12.075613784441433
990,33.0,-0.0188615713268518,0.016290573823917312,-0.01507020970052679,-0.6666666666666664,-0.012499434930388468,0.31222579656560956,-0.0025707747701383225,-0.006362136396463332,-0.978892463232276,0.517764359984438
991,33.03333333333333,-0.0071188756264746,0.010612966007168805,-0.019514654144971225,-0.13333333333333308,-0.01773740335125168,0.3927846526218164,-0.001777250793719546,0.01061852772477708,-0.5261179859551495,3.0626282962694855
992,33.06666666666666,-0.2181635200977325,-0.04487330967607661,-0.041736876367193435,-0.6666666666666664,-0.039160789003647646,0.315750310378901,-0.0025760873635457884,-0.17900273109408485,-0.9824169770455674,0.5574930842906901
993,33.1,-0.2178287357091903,-0.08682103172206582,-0.08173687636719343,-1.1999999999999997,-0.0814300576048175,-0.8090468557227483,-0.00030681876237592665,-0.1363986781043728,-0.3909531442772515,-12.270561189927994
994,33.13333333333333,-0.582690417766571,-0.20708664959824497,-0.1395146541449712,-1.733333333333333,-0.1332416643616563,-0.2192203545361131,-0.006272989783314892,-0.44944875340491475,-1.5141129787972198,-11.417565208993443
995,33.166666666666664,-0.3208498060703277,-0.23467818214635736,-0.20618132081163787,-2.0,-0.19860156367549858,-1.843187917661075,-0.007579757136139287,-0.12224824239482912,-0.15681208233892496,-33.835993263722834
996,33.2,-0.397348403930664,-0.2741313835004512,-0.2728479874783045,-2.0,-0.2651254013017901,-1.9828605151549836,-0.0077225861765144455,-0.13222300262887393,-0.017139484845016373,-35.763475109138774
997,33.233333333333334,-0.0665220022201538,-0.22377886886804904,-0.3217368763671934,-1.4666666666666668,-0.3158584155933405,-0.28588980280224363,-0.0058784607738529004,0.24933641337318668,-1.1807768638644232,-11.513981309842963
998,33.266666666666666,-0.1522424519062042,-0.20642879316526694,-0.3528479874783045,-0.9333333333333335,-0.3518485378883166,-0.4903496126050387,-0.0009994495899878775,0.1996060859821124,-0.4429837207282948,-8.528957785259532
999,33.3,0.1147261708974838,-0.1285375151916308,-0.36618132081163784,-0.40000000000000013,-0.3641422462909806,0.34777790842595546,-0.002039074520657269,0.4788684171884644,-0.7477779084259556,1.8646190547700996
1000,33.333333333333336,0.0230394415557384,-0.09177481744892906,-0.3617368763671934,0.1333333333333332,-0.36166600792990916,0.04682529595609424,-7.086843728426606e-05,0.38470544948564755,0.08650803737723894,0.7081780811525259
1001,33.36666666666667,0.0293922256678342,-0.06238758420408565,-0.33951465414497123,0.6666666666666665,-0.3422589276809821,-0.4273294286350331,0.002744273536010866,0.37165115334881627,1.0939960953016996,-1.8152257141972656
1002,33.4,0.0842464715242385,-0.026823712325384476,-0.29951465414497125,1.1999999999999997,-0.29989078514802786,0.8029353069291926,0.0003761310030566123,0.3841372566722664,0.39706469307080716,12.26172278312918
1003,33.43333333333333,0.1799098402261734,0.0233163832987466,-0.2417368763671935,1.733333333333333,-0.24802261961759467,0.22417986365198428,0.006285743250401182,0.42793245984376804,1.5091534696813487,11.493682118397384
1004,33.46666666666667,0.1570571362972259,0.0557531796553258,-0.17507020970052684,2.0,-0.18265136078445757,1.8445510599764545,0.007581151083930732,0.3397084970816835,0.15544894002354548,33.85480462767507
1005,33.5,0.2057511359453201,0.092132914724837,-0.10840354303386017,2.0,-0.1161262815681948,1.9830095059515345,0.007722738534334625,0.3218774175135149,0.016990494048465532,35.76553118213118
1006,33.53333333333333,0.1598442792892456,0.10855528183553204,-0.041736876367193504,2.0,-0.049475090341457535,1.9981429472084726,0.007738213974264031,0.20931936963070313,0.0018570527915273694,35.97437267147692
1007,33.56666666666666,0.1334352642297744,0.11458954517100534,0.024929790299473162,2.0,0.017189884867100904,1.9997970250270125,0.007739905432372258,0.11624537936267348,0.0002029749729874908,35.99719894537277
1008,33.6,0.0921206697821617,0.10914005936350758,0.09159645696613983,2.0,0.08385636665821347,1.9999778149335088,0.007740090307926356,0.008264303123948227,2.2185066491209327e-05,35.99969384608242
1009,33.63333333333333,0.1444768011569976,0.11771045149726123,0.14048534585502873,1.4666666666666668,0.13459967134563774,0.2852537377105364,0.005885674509390981,0.009877129811359853,1.1814129289561304,11.513061444482975
1010,33.666666666666664,0.0545379631221294,0.1023889201403545,0.17159645696613984,0.9333333333333335,0.17059766385466751,0.4907851376713742,0.0009987931114723292,-0.11605970073253812,0.44254819566195924,8.533867073804139
1011,33.7,0.1027955561876297,0.10248754356186955,0.18492979029947318,0.40000000000000013,0.18289141983547172,-0.3475757262361706,0.00203837046400146,-0.08009586364784202,0.7475757262361707,-1.8627390139631512
1012,33.733333333333334,0.0479095019400119,0.08925046524476729,0.18048534585502873,-0.1333333333333332,0.180414890545657,-0.046716722742358635,7.045530937174749e-05,-0.1325053886056451,-0.08661661059097456,-0.7072035028556942
1013,33.766666666666666,0.1462545394897461,0.10307594107262302,0.1582631236328065,-0.6666666666666665,0.1610073595725405,0.42730448627880624,-0.0027442359397339966,-0.01475282008279441,-1.0939711529454728,1.8149445610945718
1014,33.8,0.2456675916910171,0.13765938874701986,0.13765938874701986,-0.6181120465735995,0.140366593571418,0.3590592309763361,-0.0027072048243981517,0.10530099811959909,-0.9771712775499356,1.0456762089895988
1015,33.833333333333336,0.2209163308143615,0.15785210050138376,0.134833431639011,-0.0847787132402662,0.13640248527741355,0.35488210022511935,-0.0015690536384025677,0.08451384553694793,-0.43966081346538555,2.8521138563246557
1016,33.86666666666667,0.1824229806661605,0.1638113957673214,0.1497852523087799,0.4485546200930671,0.14782821141213298,-0.37055719645662133,0.0019570408966469166,0.03459476925402752,0.8191118165496885,-2.1718817299623145
1017,33.9,0.2662424147129059,0.18865448979545663,0.18251485075632656,0.9818879534264005,0.18137765336086992,0.35528626331781726,0.0011371973954566461,0.08486476135203597,0.6266016901085831,7.006508207256417
1018,33.93333333333333,0.2177419960498809,0.19570922439012586,0.19746667142609547,0.4485546200930671,0.1949253509085503,-0.47012173156887993,0.002541320517545187,0.02281664514133061,0.918676351661947,-2.8603314142855343
1019,33.96666666666667,0.0991500616073608,0.1722902602425115,0.1946407143180866,-0.0847787132402662,0.19400525341988273,-0.17740326255453676,0.0006354608982038767,-0.09485519181252193,0.09262454931427055,-1.7468120004400598
1020,34.0,-0.1030570417642593,0.10550893770405764,0.17403697943229995,-0.6181120465735995,0.17705175005966658,0.5631064519693891,-0.003014770627366631,-0.2801087918239259,-1.1812184985429885,3.3457199079871653
1021,34.03333333333333,0.0439514406025409,0.09057909804833716,0.13565546676873552,-1.1514453799069329,0.13593122903279545,-0.7742576782296117,-0.00027576226405992554,-0.09197978843025455,-0.3771877016773212,-11.729202092711365
1022,34.06666666666666,-0.0524347200989723,0.05589326002651988,0.07949617632739332,-1.684778713240266,0.08512806680329177,-0.2815538515779783,-0.005631890475898446,-0.13756278690226406,-1.4032248616622878,-11.507710738818451
1023,34.1,0.0732886716723442,0.06011225395652179,0.0411146636638289,-1.1514453799069329,0.04205252786853927,-0.7592100544996521,-0.0009378642047103702,0.031236143803804926,-0.3922353254072808,-12.198488146311922
1024,34.13333333333333,-0.2238267213106155,-0.00875284895299027,-0.00875284895299027,-1.496025378504575,-0.00529057785883831,-0.4954252306115011,-0.003462271094151961,-0.21853614345177722,-1.0006001478930737,-11.81700750046871
1025,34.166666666666664,0.0548476353287696,0.006672486336177116,-0.04084258379203166,-0.9626920451712416,-0.039755741151678264,-0.40596081885268165,-0.001086842640353393,0.09460337648044786,-0.55673122631856,-7.577717614521196
1026,34.2,-0.2598664164543152,-0.057972492229328376,-0.057972492229328376,-0.5138972531189016,-0.05510625138734472,0.5310875573592289,-0.0028662408419836555,-0.20476016506697048,-1.0449848104781303,3.226179482176997
1027,34.233333333333334,-0.0964409038424491,-0.06730242350068925,-0.06730242350068925,-0.27989793814082636,-0.06427887620610447,0.6804788717809365,-0.0030235472945847885,-0.03216202763634464,-0.9603768099217629,5.294987168791765
1028,34.266666666666666,-0.3868763148784637,-0.14481023621367956,-0.09441013254982791,-0.8132312714741596,-0.09260887880056118,-0.06645083196897339,-0.0018012537492667346,-0.2942674360779025,-0.7467804395051862,-3.750722067714878
1029,34.3,-0.3229898810386657,-0.1880250134935817,-0.13929561937674434,-1.3465646048074928,-0.1374115651044461,-0.6524524366967366,-0.0018840542722982356,-0.1855783159342196,-0.6941121681107563,-12.044097289446679
1030,34.333333333333336,-0.5318639278411865,-0.2714179404370045,-0.20195888398143855,-1.879897938140826,-0.19515135448841078,-0.9287747260757624,-0.006807529493027764,-0.3367125733527757,-0.9511232120650637,-21.21709121984552
1031,34.36666666666667,-0.7510507106781006,-0.3877456127840361,-0.2686255506481052,-2.0,-0.26098736857992605,-1.9003216909818348,-0.007638182068179178,-0.49006334209817454,-0.09967830901816521,-34.62443933554932
1032,34.4,-0.1298045367002487,-0.3251859070149064,-0.3251859070149064,-1.6968106910040355,-0.3181953791920058,-0.8649612734495733,-0.006990527822900605,0.1883908424917571,-0.8318494175544622,-20.336465573604112
1033,34.43333333333333,0.005615119356662,-0.24495512255772633,-0.3639684856039298,-1.1634773576707023,-0.36231501029003504,-0.6946731226140415,-0.0016534753138947589,0.367930129646697,-0.4688042350566608,-12.105156050501536
1034,34.46666666666667,-0.1704540848731994,-0.22688602294861682,-0.3849732864151754,-0.6301440243373689,-0.38222111587485663,0.39971416416627337,-0.002752170540318788,0.21176703100165722,-1.0298581885036424,1.5039432829619748
1035,34.5,-0.2253786623477935,-0.22652043543883665,-0.38820030944864325,-0.09681069100403561,-0.38649518136599004,0.38853511453181666,-0.0017051280826532178,0.16111651901819654,-0.48534580553585227,3.1298735761794463
1036,34.53333333333333,0.0775535628199577,-0.15277188731331892,-0.3736495547043333,0.4365226423292977,-0.37545987162602923,-0.33640821523096576,0.0018103169216959203,0.45301343444598696,0.7729308575602635,-1.8984253751937161
1037,34.56666666666666,0.1296596825122833,-0.08427238278902327,-0.3413210221822456,0.969855975662631,-0.3425258698634983,0.32122878710507996,0.0012048476812527298,0.47218555237578164,0.6486271885575511,6.62260842569785
1038,34.6,0.0768813118338584,-0.045186992155308185,-0.29121471188238013,1.5031893089959643,-0.2948797129808232,0.4766931756692325,0.003665001098443088,0.37176102481468165,1.0264961333267317,11.789917555292892
1039,34.63333333333333,0.1075877323746681,-0.008133793957241564,-0.22454804521571348,2.0,-0.2318427504484942,1.5644355038794842,0.007294705232780724,0.3394304828231623,0.43556449612051584,29.989209953536882
1040,34.666666666666664,0.0985949039459228,0.01775163708506136,-0.15788137854904682,2.0,-0.1655728086902304,1.952393010991659,0.007691430141183564,0.2641677126361532,0.04760698900834104,35.343023551684894
1041,34.7,0.1419716626405716,0.047879325033692584,-0.09121471188238016,2.0,-0.0989495038643976,1.9947965790999354,0.007734791982017444,0.2409211665049692,0.005203420900064648,35.92819279157911
1042,34.733333333333334,0.1589980721473693,0.07482949609759812,-0.024548045215713493,2.0,-0.03228757662598633,1.9994312686093536,0.007739531410272837,0.19128564877335563,0.0005687313906463931,35.99215150680908
1043,34.766666666666666,0.1254311203956604,0.0871021545496336,0.04211862145095317,2.0,0.0343785720234616,1.9999378379337516,0.007740049427491576,0.09105254837219881,6.21620662484279e-05,35.99914216348577
1044,34.8,0.0627870857715606,0.08120490246552474,0.09100751033984206,1.4666666666666668,0.08512185267793915,0.2852552232236931,0.00588565766190291,-0.022334766906378548,1.1814114434429737,11.513063592804137
1045,34.833333333333336,0.1153969168663024,0.08949765828806643,0.12211862145095317,0.9333333333333335,0.12111982680629269,0.49078412051413073,0.000998794644660489,-0.005722909939990292,0.44254921281920273,8.533855608290919
1046,34.86666666666667,0.1602073609828949,0.10664722695224532,0.1354519547842865,0.40000000000000013,0.13341358267597941,-0.347576198427311,0.002038372108307096,0.026793778306915483,0.7475761984273112,-1.8627434047485774
1047,34.9,0.1353718340396881,0.11361394584404584,0.13100751033984206,-0.1333333333333332,0.13093705406562103,-0.04671697631221981,7.045627422103129e-05,0.004434779974067077,-0.08661635702111338,-0.7072057789574635
1048,34.93333333333333,0.1027539372444152,0.11098001505272659,0.11098001505272659,-0.6008248586134644,0.11402138151823034,0.5651999486840833,-0.0030413664655037503,-0.011267444273815139,-1.1660248072975476,3.369318043281876
1049,34.96666666666667,0.0971835181117057,0.10763388343856445,0.10763388343856445,-0.1003839484248642,0.10963706196410358,0.4713908888128906,-0.0020031785255391343,-0.012453543852397886,-0.5717748372377548,3.885972102212497
1050,35.0,0.0160834249109029,0.08542970473435921,0.08650997404662453,-0.6337172817581975,0.0892141948387264,0.371117406480324,-0.0027042207921018774,-0.0731307699278235,-1.0048346882385215,1.1815973475102672
1051,35.03333333333333,0.0522124096751213,0.07737335234216686,0.07737335234216686,-0.2740986511337301,0.08011978262909394,0.6017181995971039,-0.0027464302869270873,-0.027907372953972644,-0.875816850730834,4.573316139684507
1052,35.06666666666666,0.0589381791651248,0.07290217998269327,0.07290217998269327,-0.13413517078420756,0.07509600258796732,0.5185923075220746,-0.002193822605274051,-0.01615782342284252,-0.6527274783062822,4.252904691802619
1053,35.1,0.0863196700811386,0.07615638922095468,0.07615638922095468,0.09762627714784214,0.07670044024118763,0.16798255473251045,-0.0005440510202329579,0.009619229839950963,-0.07035627758466831,1.7351746058680424
1054,35.13333333333333,-0.0582746230065822,0.043552180930883186,0.0616328206814383,-0.4357070561854912,0.06464254051723563,0.6456884995946366,-0.003009719835797328,-0.12291716352381782,-1.0813955557801278,4.653148020268146
1055,35.166666666666664,-0.3250518441200256,-0.04584714895720034,0.02933147436414415,-0.9690403895188245,0.03043085219933803,-0.39193391888236695,-0.0010993778351938814,-0.35548269631936363,-0.5771064706364576,-7.419604787812861
1056,35.2,-0.0983845517039299,-0.058589301186735256,-0.020747649730927777,-1.5023737228521579,-0.017136668206955884,-0.4815538164234069,-0.003610981523971893,-0.08124788349697401,-1.020819906428751,-11.796946922436838
1057,35.233333333333334,-0.1419286876916885,-0.07880200859218968,-0.07880200859218968,-1.7416307658378571,-0.07214248861752084,-0.6006984492677951,-0.006659519974668834,-0.06978619907416767,-1.140932316570062,-16.68963859989557
1058,35.266666666666666,-0.4703380763530731,-0.1737631585145322,-0.14546867525885634,-2.0,-0.13784667055953162,-1.8845018330412957,-0.007622004699324725,-0.33249140579354153,-0.1154981669587043,-34.40612529596988
1059,35.3,-0.5073403120040894,-0.25466725060582734,-0.21213534192552302,-2.0,-0.2044081381107619,-1.9873761061476332,-0.0077272038147611355,-0.3029321738933275,-0.012623893852366841,-35.82579026483734
1060,35.333333333333336,-0.4223374426364898,-0.29533311910164006,-0.2788020085921897,-2.0,-0.27106330656493216,-1.9986202145004317,-0.007738702027257516,-0.15127413607155765,-0.0013797854995682979,-35.98095896010596
1061,35.36666666666667,-0.2164665758609771,-0.27620523216299075,-0.32769089748107855,-1.4666666666666668,-0.32180579510459506,-0.28530418505066213,-0.0058851023764834864,0.10533921924361797,-1.1813624816160047,-11.513134400476444
1062,35.4,-0.3433900475502014,-0.29249989273660143,-0.35880200859218964,-0.9333333333333335,-0.35780316341435586,-0.4907505954815236,-0.0009988451778337737,0.014413115864154447,-0.44258273785180985,-8.533477710274813
1063,35.43333333333333,-0.437711238861084,-0.3277187079242065,-0.372135341925523,-0.40000000000000013,-0.3700969156216617,0.34759176162912964,-0.002038426303861307,-0.06761432323942229,-0.7475917616291298,1.8628881230075576
1064,35.46666666666667,0.0874436497688293,-0.22702735880671338,-0.3676908974810786,0.1333333333333332,-0.3676204094058711,0.046725333857652214,-7.048807520748657e-05,0.4550640591747004,0.08660799947568099,0.7072807982196878
1065,35.5,0.0670561119914054,-0.15570186197611716,-0.3454686752588564,0.6666666666666665,-0.3482129141804112,-0.42730646449698817,0.0027442389215548424,0.4152690261718166,1.0939731311636547,-1.8149668597970205
1066,35.53333333333333,0.0038878337945789,-0.1169957956032042,-0.3054686752588564,1.1999999999999997,-0.3058447919967361,0.802936564749227,0.0003761167378796837,0.309732625791315,0.3970634352507727,12.261724602164854
1067,35.56666666666666,-0.0511709339916706,-0.10103097124396344,-0.24769089748107864,1.733333333333333,-0.2539766391723029,0.2241783389319867,0.006285741691224256,0.2028057051806323,1.5091549944013463,11.493661077261415
1068,35.6,0.1645558476448059,-0.036616906225317644,-0.181024230814412,2.0,-0.18860538172792543,1.8445508933252974,0.00758115091351344,0.3531612293727313,0.15544910667470258,33.854802327889104
1069,35.63333333333333,0.089577130973339,-0.006010451616273019,-0.11435756414774532,2.0,-0.12208030266345342,1.9830094877366429,0.007722738515708094,0.2116574336367924,0.016990512263357127,35.76553093076567
1070,35.666666666666664,0.2058394253253936,0.045370531086892554,-0.04769089748107866,2.0,-0.05542911145330682,1.9981429452175932,0.00773821397222816,0.26126853677870043,0.0018570547824068306,35.974372644002784
1071,35.7,0.2153800874948501,0.08660377702158523,0.018975769185588007,2.0,0.011235863753438269,1.9997970248094104,0.007739905432149738,0.20414422374141183,0.0002029751905896493,35.99719894236986
1072,35.733333333333334,0.1921885013580322,0.11221175458176709,0.08564243585225467,2.0,0.07790234554435264,1.9999778149097243,0.007740090307902028,0.11428615581367955,2.2185090275739228e-05,35.999693845754194
1073,35.766666666666666,0.1233051195740699,0.11490228243582083,0.13453132474114357,1.4666666666666668,0.1286456502317626,0.28525373771141993,0.0058856745093809615,-0.005340530657692716,1.1814129289552469,11.513061444484247
1074,35.8,0.0700659751892089,0.10402791441460965,0.1656424358522547,0.9333333333333335,0.16464364274078147,0.49078513767076937,0.0009987931114732174,-0.09457766755157257,0.4425481956625641,8.533867073797314
1075,35.833333333333336,-0.0286894869059324,0.07183931652584372,0.17897576918558802,0.40000000000000013,0.1769373987215856,-0.3475757262364503,0.0020383704640024314,-0.205626885627518,0.7475757262364504,-1.8627390139657565
1076,35.86666666666667,0.1069283783435821,0.0803496376284798,0.17453132474114358,-0.1333333333333332,0.17446086943177125,-0.046716722742509965,7.045530937233035e-05,-0.06753249108818915,-0.08661661059082323,-0.7072035028570612
1077,35.9,0.1188500076532363,0.08968731992910339,0.15230910251892135,-0.6666666666666665,0.1550533384586554,0.4273044862788433,-0.002744235939734052,-0.0362033308054191,-1.0939711529455098,1.8149445610949848
1078,35.93333333333333,0.308883786201477,0.1428501067323122,0.1428501067323122,-0.28376987359827494,0.145737095877844,0.6385185538593923,-0.0028869891455318153,0.163146690323633,-0.9222884274576673,4.890010924954069
1079,35.96666666666667,0.2322482019662857,0.16453226228143972,0.1511688887234808,0.2495634597350584,0.15108461469638296,0.0483084816997923,8.427402709784704e-05,0.08116358726990275,0.2012549780352661,1.0396209874696305
1080,36.0,0.220301479101181,0.1780582421222174,0.1772654484924272,0.7828967930683917,0.17505981601407014,-0.17453691016902917,0.0022056324783570613,0.04524166308711086,0.9574337032374208,1.0342805737185765
1081,36.03333333333333,0.1684292405843734,0.175722873470571,0.18558423048359582,0.24956345973505834,0.18334994714634964,-0.47164142725330893,0.002234283337246179,-0.014920706561976249,0.7212048869883673,-3.456140925504659
1082,36.06666666666666,0.0026156906969845,0.13373834512301633,0.17612523469698665,-0.283769873598275,0.1767759997666933,0.08767188678416049,-0.0006507650697066547,-0.1741603090697088,-0.3714417603824355,0.08558849764787743
1083,36.1,0.1077134683728218,0.12742640498192312,0.1488884611325997,-0.8171032069316083,0.1508881742230521,0.0686953425572413,-0.001999713090452382,-0.0431747058502303,-0.8857985494888496,-2.2273388741097615
1084,36.13333333333333,-0.0719626173377037,0.07906761405457804,0.10387390979043498,-1.3504365402649416,0.10588985550061729,-0.6403600979984481,-0.002015945710182307,-0.177852472838321,-0.7100764422664936,-12.026609576892245
1085,36.166666666666664,-0.138110339641571,0.02639438693987297,0.041081580670492474,-1.883769873598275,0.04791295627257945,-0.9572279073645413,-0.006831375602086978,-0.18602329591415045,-0.9265419662337337,-21.60974512163067
1086,36.2,0.0641998648643493,0.03556353367417715,-0.0039329706716722534,-1.3504365402649419,7.418127137555396e-05,-0.46478715546080973,-0.004007151943047807,0.06412568359297374,-0.8856493848041321,-11.772699293030536
1087,36.233333333333334,-0.1860588639974594,-0.01818762608946966,-0.031169744236059203,-0.8171032069316085,-0.029475475649440464,-0.13394455294909713,-0.0016942685866187385,-0.15658338834801894,-0.6831586539825114,-4.511519038664647
1088,36.266666666666666,-0.1126334890723228,-0.04109404134145365,-0.04109404134145365,-0.29772891316183336,-0.039072718563530714,0.3882995455612259,-0.0020213227779229334,-0.07356077050879209,-0.6860284587230593,2.5387119382735728
1089,36.3,-0.3068195283412933,-0.10554173821261331,-0.06879611622462586,-0.8310622464951667,-0.06698412356928939,-0.043286310477975265,-0.001811992655336478,-0.23983540477200388,-0.7877759360171914,-3.4896089222558766
1090,36.333333333333336,0.0217157788574695,-0.07467735264949993,-0.0787204133300203,-0.29772891316183336,-0.07655662527672513,0.4296879766961217,-0.0021637880532951737,0.09827240413419464,-0.727416889857955,2.9252322730689073
1091,36.36666666666667,-0.1775839179754257,-0.09963578325793251,-0.09963578325793251,-0.6274610978373663,-0.09691794570739384,0.3745233021920218,-0.002717837550538671,-0.08066597226803185,-1.001984400029388,1.2199889949583809
1092,36.4,-0.2622986137866974,-0.1390871919748125,-0.1383289309636225,-1.1607944311706997,-0.13806833694441228,-0.775910647915965,-0.00026059401921021963,-0.1242302768422851,-0.3848837832547347,-11.747834556771544
1093,36.43333333333333,-0.4729926288127899,-0.22007090422586617,-0.19479985644709027,-1.694127764504033,-0.1890532396262022,-0.2703201965400479,-0.005746616820888062,-0.2839393891865877,-1.423807567963985,-11.491464838406579
1094,36.46666666666667,-0.5655884146690369,-0.3038709492578004,-0.26146652311375695,-2.0,-0.2539442982881245,-1.7869270394306709,-0.007522224825632473,-0.3116441163809124,-0.21307296056932912,-33.05959314414326
1095,36.5,-0.5994893908500671,-0.37556873003286967,-0.3281331897804236,-2.0,-0.3204168918576542,-1.9767112283435673,-0.0077162979227693995,-0.27907249899241293,-0.023288771656432727,-35.67861495114123
1096,36.53333333333333,-0.399750143289566,-0.3814335659922624,-0.3814335659922624,-1.5990112863551642,-0.3746726991772541,-0.5106968783519892,-0.006760866815008315,-0.025077444112311886,-1.088314408003175,-15.447616921257449
1097,36.56666666666666,-0.0280937943607568,-0.29573634984737,-0.41695616442632344,-1.0656779530218308,-0.4166342611304085,-0.8207995388081518,-0.00032190329591491595,0.3885404667696517,-0.24487841421367895,-12.25382728800839
1098,36.6,0.0447643399238586,-0.21315305877296073,-0.4347009850826067,-0.5323446196884974,-0.43242226565508946,0.356944773042713,-0.0022787194275172284,0.47718660557894804,-0.8892893927312104,1.562998062170379
1099,36.63333333333333,-0.2837826013565063,-0.23028318581484195,-0.43466802796111215,0.0009887136448358813,-0.4337209227741705,0.22858634528598154,-0.0009471051869416325,0.14993832141766422,-0.22759763164114566,1.9759260914185452
1100,36.666666666666664,-0.0578615553677082,-0.18846492781276067,-0.41685729306183983,0.5343220469781692,-0.41963838748048476,-0.5547326507333203,0.002781094418644936,0.36177683211277656,1.0890546977114894,-3.5857272800363402
1101,36.7,-0.1006339341402053,-0.1671628490396206,-0.38126878038478973,1.0676553803115025,-0.38194393501739793,0.584664519983634,0.0006751546326081992,0.2813100008771926,0.48299086032786853,9.592086248278692
1102,36.733333333333334,0.0822212845087051,-0.10667850022964365,-0.32790248992996185,1.6009887136448357,-0.33261472758431965,0.37266124960771063,0.004712237654357798,0.41483601209302473,1.2283274640371251,11.639468542505476
1103,36.766666666666666,-0.0167891662567853,-0.08487720215605424,-0.2612358232632952,2.0,-0.268644990945726,1.6763683966312377,0.007409167682430828,0.25185582468894074,0.3236316033687623,31.53388387351108
1104,36.8,0.0793265625834465,-0.0450520631582247,-0.19456915659662855,2.0,-0.202273097428263,1.9646272220955652,0.007703940831634448,0.2815996600117095,0.03537277790443483,35.5118556649188
1105,36.833333333333336,0.1382954567670822,-0.0005838959544057568,-0.1279024899299619,2.0,-0.1356386493244018,1.9961337724633432,0.007736159394439918,0.273934106091484,0.0038662275366567744,35.94664605999414
1106,36.86666666666667,0.1060270592570304,0.02527297837927667,-0.06123582326329523,2.0,-0.06897550413108526,1.9995774231979875,0.007739680867790033,0.17500256338811565,0.0004225768020125198,35.99416844013223
1107,36.9,0.1995148062705993,0.06753269773477648,0.005430843403371438,2.0,-0.0023092223597545695,1.999953812559684,0.007740065763126008,0.20182402863035387,4.61874403159257e-05,35.99936261332364
1108,36.93333333333333,0.2879600822925567,0.12099402514629021,0.0720975100700381,2.0,0.06435740223803782,1.9999949517350863,0.007740107832000284,0.2236026800545189,5.048264913654066e-06,35.99993033394419
1109,36.96666666666667,0.174354538321495,0.13393581035791047,0.13393581035791047,1.8551490086361708,0.12654849522963474,1.4629311589916314,0.007387315128275729,0.04780604309186026,0.39221784964453943,28.588449994084513
1110,37.0,0.0622622668743133,0.11655247669178179,0.17799633286800506,1.3218156753028376,0.17413042539580875,0.4806631271484739,0.0038659074721963116,-0.11186815852149545,0.8411525481543637,11.79565882437706
1111,37.03333333333333,0.0884077921509742,0.10972640924036914,0.20427907760032188,0.7884823419695043,0.2024427951736198,0.06547506007930026,0.001836282426702085,-0.11403500302264559,0.723007281890204,3.7397230549590073
1112,37.06666666666666,0.0611723698675632,0.09795036153527702,0.2127840445548609,0.25514900863617096,0.21090509771048802,-0.3670827742067675,0.0018789468443728974,-0.14973272784292482,0.6222317828429385,-2.4675492601769786
1113,37.1,0.1066766902804374,0.10006680055705035,0.20351123373162217,-0.27818432469716237,0.20433945750818377,0.13635720668119794,-0.0008282237765616096,-0.09766276722774637,-0.4145415313783603,0.5379524316230053
1114,37.13333333333333,0.0790462717413902,0.09496858929971634,0.17646064513060564,-0.8115176580304957,0.1784694152005436,0.06967943841361435,-0.002008770069937965,-0.0994231434591534,-0.88119709644411,-2.2162460326456945
1115,37.166666666666664,0.0927332714200019,0.09442644676476783,0.13163227875181133,-1.344850991363829,0.13357967956833455,-0.6470717847099337,-0.001947400816523226,-0.04084640814833265,-0.6977792066538953,-12.036315891848728
1116,37.2,0.0867577940225601,0.09256653105656823,0.09256653105656823,-1.171972430857293,0.09284679387451239,-0.7528065584775578,-0.0002802628179441602,-0.006088999851952284,-0.4191658723797351,-11.487402608346756
1117,37.233333333333334,0.1939021646976471,0.11714395595051934,0.07127856113910291,-0.6386390975239596,0.07411736295217136,0.46482945924411023,-0.002838801813068448,0.11978480174547573,-1.1034685567680698,2.2379303641055373
1118,37.266666666666666,0.149784967303276,0.12506053944795334,0.06776836899941537,-0.10530576419062632,0.06962843255820922,0.42919858449755854,-0.0018600635587938535,0.08015653474506679,-0.5345043486881849,3.4831605953048235
1119,37.3,0.0085368258878588,0.09679947554094714,0.0820359546375056,0.428027569142707,0.08036376966385267,-0.30322057006844694,0.0016721849736529293,-0.07182694377599387,0.731248139211154,-1.6238761566280735
1120,37.333333333333336,0.097228430211544,0.09690351200690388,0.09690351200690388,0.4460267210819484,0.09341207444801447,-0.7557231720537316,0.003491437558889407,0.0038163557635295248,1.20174989313568,-5.563885188959463
1121,37.36666666666667,0.1196429952979087,0.10241862966720706,0.10241862966720706,0.1654535298090956,0.0996727194665333,-0.6490215957476144,0.0027459102006737596,0.019970275831375395,0.81447512555671,-5.325485899924898
1122,37.4,0.1114876642823219,0.10461818681314741,0.10461818681314741,0.06598671437821044,0.10278185809762062,-0.4507871010868516,0.0018363287155267888,0.008705806184701279,0.5167738154650621,-3.8360102080871585
1123,37.43333333333333,0.0621937476098537,0.09432878089814586,0.09432878089814586,-0.30868217745004645,0.09524542657319601,0.14270665357117956,-0.0009166456750501484,-0.03305167896334231,-0.451388831021226,0.48941683575171724
1124,37.46666666666667,-0.0307145603001117,0.06400141019581215,0.06626159720536653,-0.8420155107833798,0.06812469004158854,0.0004680191126382738,-0.001863092836222005,-0.09883925034170024,-0.842483529896018,-2.996405096254345
1125,37.5,-0.0511676669120788,0.03606889286680995,0.03606889286680995,-0.9057811301566976,0.03755809423282326,-0.19022032557884594,-0.0014892013660133124,-0.08872576114490206,-0.7155608045778517,-5.145866008024647
1126,37.53333333333333,-0.084804430603981,0.006752896878589723,0.006752896878589723,-0.8794798796466068,0.008394815943979419,-0.11256297702597773,-0.0016419190653896958,-0.09319924654796043,-0.7669169026206291,-4.2705034603231855
1127,37.56666666666666,-0.2538508474826813,-0.05645259879934092,-0.040340876887408283,-1.4128132129799402,-0.03766522506024106,-0.5747334215506545,-0.0026756518271672247,-0.21618562242244022,-0.8380797914292857,-11.931701513013401
1128,37.6,-0.0844828113913536,-0.06325090281135044,-0.06965687287562851,-0.8794798796466069,-0.06812292550304597,-0.1841942300800526,-0.001533947372582542,-0.016359885888307626,-0.6952856495665543,-5.077939167785889
1129,37.63333333333333,0.0440849177539348,-0.03721822335214274,-0.08119509108607097,-0.3461465463132736,-0.07897598483090644,0.4237504059972885,-0.002219106255164527,0.12306090258484123,-0.7698969523105621,2.7284889798966883
1130,37.666666666666664,-0.2153617590665817,-0.08042424291355463,-0.08042424291355463,0.0231254451754902,-0.07953970707746642,0.22539294779027336,-0.0008845358360882044,-0.1358220519891153,-0.20226750261478316,2.0276307296116283
1131,37.7,-0.1732111722230911,-0.10292830890008281,-0.09743117251881607,-0.5102078881578431,-0.094067778506415,0.697325978344467,-0.003363394012401072,-0.0791433937166761,-1.20753386650231,4.858657817256437
1132,37.733333333333334,-0.6947885751724243,-0.24647506258738242,-0.1322158799018553,-1.0435412214911763,-0.13148489463687343,-0.5693171706178908,-0.0007309852649818593,-0.5633036805355509,-0.47422405087328556,-9.419089164401752
1133,37.766666666666666,-0.1018665060400962,-0.21140244489248633,-0.18477836506267228,-1.5768745548245096,-0.18035515772421648,-0.4010293008408987,-0.0044232073384558035,0.07848865168412028,-1.1758452539836108,-11.680493884093519
1134,37.8,-0.1184956952929496,-0.1888693183073075,-0.2195630724457115,-1.0435412214911763,-0.21892853439249305,-0.633302780665926,-0.0006345380532184475,0.10043283909954345,-0.4102384408252503,-10.14034230620519
1135,37.833333333333336,-0.3010530769824981,-0.21607779181354056,-0.23657000205097292,-0.510207888157843,-0.23411761806055767,0.4167932258646978,-0.0024523839904152522,-0.06693545892194044,-0.9270011140225408,2.184222296448751
1136,37.86666666666667,-0.0841652601957321,-0.18408440289478428,-0.23579915387845657,0.02312544517549031,-0.2348731890635487,0.23114635530880456,-0.0009259648149078648,0.1507079288678166,-0.20802091013331425,2.059753501687077
1137,37.9,-0.0294916424900293,-0.1465902675992585,-0.21725052792816246,0.5564587785088236,-0.22016880929573973,-0.5827640932794242,0.002918281367577269,0.19067716680571042,1.139222871788248,-3.7768513674914654
1138,37.93333333333333,-0.3884606063365936,-0.2052522591495003,-0.2052522591495003,0.35994806335986507,-0.20884527975857894,-0.8058482591382969,0.003593020609078651,-0.17961532657801463,1.165796322498162,-6.2195164394784515
1139,37.96666666666667,-0.3959519565105438,-0.25150358576369836,-0.2110317681486159,-0.17338526997346826,-0.21178380641628713,-0.240093787520893,0.0007520382676712289,-0.1841681500942567,0.06670851754742474,-2.5514499219188096
1140,38.0,-0.2716445028781891,-0.2563884605100287,-0.2345890549255093,-0.7067186033068016,-0.23196353832775324,0.3845721206017758,-0.0026255165977560613,-0.03968096455043585,-1.0912907239085774,1.333260429645114
1141,38.03333333333333,-0.1835551559925079,-0.23872384435044716,-0.2403685639246249,-0.17338526997346826,-0.23824017013810936,0.4755689973730717,-0.0021283937865155533,0.05468501414560145,-0.6489542673465399,3.715341619619462
1142,38.06666666666666,-0.3196041584014892,-0.2583401409340297,-0.2583401409340297,-0.5391473102821431,-0.25522054053949556,0.5616196728541114,-0.0031196003945341277,-0.06438361786199365,-1.1007669831362545,3.3289607631222937
1143,38.1,-0.3664763867855072,-0.28456695143725186,-0.28456695143725186,-0.7868043150966653,-0.28265517952192865,-0.016902840788494355,-0.0019117719153232127,-0.08382120726357856,-0.7699014743081709,-3.1922114231786782
1144,38.13333333333333,-0.7285932898521423,-0.3922588224130724,-0.3285715397182518,-1.3201376484299985,-0.32698390591880655,-0.6817486227144793,-0.001587633799445265,-0.4016093839333358,-0.6383890257155191,-12.086464882085473
1145,38.166666666666664,0.0189546048641204,-0.29252522662695507,-0.354798350221474,-0.7868043150966652,-0.3527471632761841,0.07558874688088824,-0.0020511869452898845,0.37170176814030453,-0.8623930619775534,-2.1496356292329954
1146,38.2,-0.2530088722705841,-0.2829411326969127,-0.3632473829469184,-0.2534709817633318,-0.3611502083096326,0.4305070368696515,-0.002097174637285759,0.10814133603904852,-0.6839780186329834,3.062220463096899
1147,38.233333333333334,-0.1918297260999679,-0.2608434393963509,-0.353918637894585,0.2798623515700015,-0.3546281365434632,-0.10454011857639478,0.000709498648878204,0.1627984104434953,0.3844024701463963,-0.24774242116553014
1148,38.266666666666666,-0.0799225196242332,-0.2169638073491176,-0.32681211506447383,0.8131956849033348,-0.32882411700382613,-0.07333303286708492,0.0020120019393523036,0.24890159737959294,0.8865287177704197,2.175062296545301
1149,38.3,0.0266644824296236,-0.15787545136876396,-0.2819278144565849,1.346529018236668,-0.28389826097221754,0.6448391276345123,0.0019704465156326623,0.31056274340184115,0.7016898906021557,12.03308706522204
1150,38.333333333333336,0.0789376869797706,-0.10044000726549071,-0.21926573607091818,1.8798623515700013,-0.22608262152019062,0.9378767342432308,0.006816885449272447,0.3050203084999612,0.9419856173267704,21.342698932556583
1151,38.36666666666667,0.0097737880423665,-0.07370931857161654,-0.1525990694042515,2.0,-0.16023827407392843,1.9013216935514659,0.0076392046696769356,0.17001206211629494,0.09867830644853415,34.63823937101023
1152,38.4,0.1213996708393096,-0.02638858487623994,-0.08593240273758483,2.0,-0.0936614865007963,1.9892145087758573,0.007729083763211464,0.2150611573401059,0.01078549122414274,35.85116022110683
1153,38.43333333333333,0.1146088019013404,0.0078081982222237695,-0.019265736070918166,2.0,-0.02700464357563311,1.998821151019584,0.007738907504714943,0.14161344547697352,0.0011788489804160918,35.98373188407026
1154,38.46666666666667,0.2094059884548187,0.05670269239174148,0.0474009305957485,2.0,0.039660949360832996,1.999871152375933,0.007739981234915504,0.1697450390939857,0.0001288476240670633,35.998221902787876
1155,38.5,0.1616828441619873,0.08216404002220502,0.09628981948463738,1.4666666666666668,0.09040418992599751,0.2852577012053843,0.005885629558639874,0.0712786542359898,1.1814089654612825,11.513067176414605
1156,38.53333333333333,0.0440203882753849,0.07291287434331918,0.1274009305957485,0.9333333333333335,0.12640213339357972,0.49078242379605164,0.0009987972021687774,-0.08238174511819482,0.4425509095372818,8.533836482689955
1157,38.56666666666666,0.1992683708667755,0.10355848846897323,0.14073426392908184,0.40000000000000013,0.13869588907791158,-0.347576986088467,0.002038374851170255,0.06057248178886393,0.7475769860884671,-1.862750729009518
1158,38.6,0.2412510961294174,0.13695374738858593,0.13695374738858593,-0.11341549621487723,0.13676099064006586,-0.07217947172803701,0.00019275674852006763,0.10449010548935153,-0.04123602448684022,-0.8833839933511162
1159,38.63333333333333,0.197858989238739,0.15172539240066452,0.1509510086258678,0.4199178371184561,0.1482378165625246,-0.5734058109830946,0.002713192063343195,0.04962117267621441,0.9933236481015507,-4.047183985633794
1160,38.666666666666664,-0.0494234450161457,0.10293978494467898,0.1471704920853719,-0.11341549621487723,0.14654040166077864,-0.18933904540614171,0.0006300904245932493,-0.19596384667692435,0.07592354919126448,-1.94349449357281
1161,38.7,0.1105083674192428,0.1047754301233643,0.1256121977670982,-0.6467488295482106,0.12849724779178515,0.5028069344619985,-0.002885050024686947,-0.017988880372542343,-1.1495557640102092,2.6660168244534326
1162,38.733333333333334,0.2288835048675537,0.13487596609634597,0.12183168122660229,-0.11341549621487723,0.12380055693063412,0.456790616703157,-0.0019688757040318278,0.1050829479369196,-0.5702061129180342,3.716026040907335
1163,38.766666666666666,0.154878094792366,0.13972717981142255,0.13582894246388416,0.4199178371184561,0.1342656832286758,-0.2775672674659829,0.001563259235208364,0.020612411563690203,0.697485104584439,-1.415897737271239
1164,38.8,0.1455292254686355,0.14113437820992963,0.14113437820992963,0.15916307238136418,0.13946098419346803,-0.37451145735470226,0.0016733940164616046,0.006068241275167474,0.5336745297360664,-2.897907172410203
1165,38.833333333333336,0.1779161244630813,0.15005523431477313,0.15005523431477313,0.267625683145305,0.14756692216969727,-0.5568428972089812,0.0024883121450758605,0.03034920229338403,0.8244685803542862,-4.266569202292915
1166,38.86666666666667,0.1213820874691009,0.1431009963261031,0.1431009963261031,-0.2086271396601011,0.14312549650402756,-0.052568637136731294,-2.4500177924463573e-05,-0.021743409034926664,-0.1560585025233698,-0.9788704600878165
1167,38.9,0.0680870115756988,0.12490748916623187,0.12490748916623187,-0.5458052147961368,0.12818850647137775,0.6746970764127389,-0.003281017305145878,-0.06010149489567895,-1.2205022912088757,4.603582236956926
1168,38.93333333333333,0.1426960080862045,0.12922182531849558,0.12449175978413843,-0.012471881462803425,0.12614827435157566,0.41258871662422936,-0.001656514567437234,0.01654773373462884,-0.4250605980870328,3.6000757298376422
1169,38.96666666666667,0.1865352541208267,0.14312233041419856,0.14185380817982277,0.5208614518705299,0.13954618130268334,-0.4361844654941518,0.0023076268771394237,0.04698907281814335,0.9570459173646817,-2.56221444825532
1170,39.0,0.2358791679143905,0.16561909808761105,0.16561909808761105,0.7129586972336486,0.16330018339175487,-0.1867777219257275,0.0023189146958561835,0.07257898452263564,0.8997364191593761,0.8963007383912924
1171,39.03333333333333,-0.149403303861618,0.08921518027877556,0.17160661021762155,0.17962536390031525,0.16976147804406946,-0.39141288594546564,0.0018451321735520887,-0.3191647819056874,0.5710382498457809,-2.914554680179313
1172,39.06666666666666,0.0647115111351013,0.08327218602921131,0.15981634456985427,-0.3537079694330181,0.16108419685426087,0.22420617948864363,-0.0012678522844065954,-0.09637268571915956,-0.5779141489216617,1.118910116911549
1173,39.1,0.0873007997870445,0.0842492653497056,0.13024830114430924,-0.8870413027663514,0.1318762407172472,-0.11503537773263484,-0.0016279395729379698,-0.044575440930202714,-0.7720059250337166,-4.298372644912263
1174,39.13333333333333,0.1076925620436668,0.08993508230332731,0.08993508230332731,-1.209396565229458,0.09007552999567042,-0.8118982887500186,-0.00014044769234311527,0.017617032047996375,-0.39749827647943947,-12.153491375518266
1175,39.166666666666664,0.0738080665469169,0.08602371860750621,0.06739964124012315,-0.6760632318961247,0.07008227941907709,0.3948916996102598,-0.002682638178953936,0.0037257871278398164,-1.0709549315063844,1.4495839088831897
1176,39.2,0.0371647849678993,0.07417372341056301,0.06264197795469678,-0.1427298985627914,0.06460780717572322,0.4427029574842387,-0.0019658292210264355,-0.027443022207823915,-0.5854328560470301,3.4993384894359
1177,39.233333333333334,-0.0355487205088138,0.0475622045626059,0.0475622045626059,-0.45239320176272635,0.05108810229384181,0.7531273713314453,-0.0035258977312359052,-0.08663682280265561,-1.2055205730941716,5.48765752482587
1178,39.266666666666666,0.058740459382534,0.050273321160103156,0.0502602089482928,0.08094013157060698,0.05149731650189033,0.3342520193017816,-0.00123710755359753,0.00724314288064367,-0.25331188773117463,3.1446987161032323
1179,39.3,-0.0384548045694828,0.028753656578700205,0.03518043555620192,-0.45239320176272635,0.03865700414682842,0.7605103909855762,-0.0034765685906264984,-0.07711180871631122,-1.2129035927483025,5.631288776144231
1180,39.333333333333336,-0.1872746646404266,-0.02364074457079961,0.002322884386333268,-0.9857265350960597,0.003304476017349879,-0.45506617058823173,-0.000981591631016611,-0.19057914065777648,-0.5306603645078279,-8.13123877642056
1181,39.36666666666667,-0.1033859252929687,-0.0429817317382116,-0.0429817317382116,-1.359138483736346,-0.04127276654049253,-0.6663874590962184,-0.00170896519771907,-0.062113158752476166,-0.6927510246401276,-12.06424985647627
1182,39.4,-0.3614640235900879,-0.12022479350034626,-0.10606412564053425,-1.8924718170696795,-0.099245108513138,-0.9566810367174574,-0.006819017127396243,-0.2622189150769499,-0.9357907803522221,-21.60219830670091
1183,39.43333333333333,-0.134475365281105,-0.1236810540974624,-0.1513687417650791,-1.3591384837363463,-0.14725407914865793,-0.45426710326100084,-0.004114662616421183,0.012778713867552915,-0.9048713804753454,-11.757485391607647
1184,39.46666666666667,-0.2641115486621856,-0.15774034606586806,-0.1788955801118462,-0.8258051504030129,-0.17725036549040185,-0.15866031123087715,-0.0016452146214443464,-0.08686118317178376,-0.6671448391721357,-4.790117903306325
1185,39.5,-0.5344788432121277,-0.24911256909915597,-0.22420019623639106,-1.3591384837363463,-0.22221774127575278,-0.6422727282174664,-0.0019824549606382857,-0.3122611019363749,-0.7168657555188799,-12.029375586704553
1186,39.53333333333333,-0.3962138593196869,-0.284789761635433,-0.284789761635433,-1.8176869619712586,-0.2781229972869067,-0.7086307213384697,-0.006666764348526311,-0.11809086203278019,-1.1090562406327888,-18.179103954470882
1187,39.56666666666666,-0.3525144159793854,-0.30121535198110333,-0.32760154925669716,-1.2843536286379251,-0.3245173541007445,-0.5540688505554582,-0.0030841951559526515,-0.027997061878640872,-0.730284778082467,-11.901816799506662
1188,39.6,-0.057395052164793,-0.24208042687094136,-0.35263555910018357,-0.7510202953045918,-0.35055907930064784,0.06017878156598422,-0.0020764797995357354,0.2931640271358548,-0.811199076870576,-2.3233385272769866
1189,39.63333333333333,-0.1903873234987259,-0.22954304668179873,-0.3598917911658922,-0.21768696197125847,-0.358028762729206,0.3793967008146677,-0.0018630284366862315,0.16764143923048008,-0.5970836627859262,2.6915599961632832
1190,39.666666666666664,-0.1471432596445083,-0.20955822491259218,-0.34937024545382306,0.31564637136207485,-0.35041603694159745,-0.1798011893225942,0.0010457914877743946,0.20327277729708915,0.49544756068466905,-0.8249421673997804
1191,39.7,-0.2122360914945602,-0.21020770094021984,-0.32107092196397613,0.8489797046954082,-0.32289083405533886,0.021914502472935138,0.0018199120913627298,0.11065474256077867,0.827065202222473,3.2487034490083393
1192,39.733333333333334,-0.0422727353870868,-0.16947761563213087,-0.2749938206963514,1.3823130380287414,-0.27734815177771505,0.6067121549165022,0.0023543310813636253,0.23507541639062823,0.7756008831122392,11.977948555120822
1193,39.766666666666666,-0.0715968832373619,-0.14573812476835468,-0.21113894165094893,1.9156463713620746,-0.2180849406184734,1.111585339108999,0.006945998967524458,0.14648805738111148,0.8040610322530757,23.739877679704186
1194,39.8,0.0091344444081187,-0.10817612608830678,-0.14447227498428228,2.0,-0.15212559169913045,1.9151218703211523,0.007653316714848174,0.16126003610724915,0.08487812967884767,34.8286818104319
1195,39.833333333333336,0.026496835052967,-0.0755132367495076,-0.07780560831761561,2.0,-0.08553623452054689,1.9907228614300292,0.007730626202931273,0.11203306957351389,0.009277138569970811,35.8719754877344
1196,39.86666666666667,0.0248762872070074,-0.051165276446424574,-0.02891671942872672,1.4666666666666668,-0.03479849362744632,0.2855976443386321,0.005881774198719596,0.05967478083445372,1.1810690223280347,11.513558795773553
1197,39.9,0.0535719655454158,-0.025762842907877715,0.0021943916823843924,0.9333333333333335,0.001195243627187535,0.4905496586945113,0.0009991480551968576,0.052376721918228265,0.4427836746388222,8.531212727744707
