sample_index,time_s,q_raw,q_ref,q_cmd,qdot_cmd,q_model,qdot_model,q_cmd_minus_model,q_raw_minus_model,qdot_cmd_minus_model,tau_model
0,0.0,-0.1778383255004882,-0.04313199544135939,-0.017777777777777778,-0.5333333333333333,-0.014372625424434508,0.7220748391469742,-0.0034051523533432694,-0.16346570007605368,-1.2554081724803074,5.146086256388716
1,0.03333333333333333,0.0862903296947479,-0.011742568431907546,-0.017777777777777778,0.0,-0.016030728656631184,0.4393339530080467,-0.0017470491211465933,0.10232105835137909,-0.4393339530080467,3.9006838988259678
2,0.06666666666666667,0.0716520473361015,0.008483533995770846,0.0,0.5333333333333333,-0.0024442999564435776,-0.47668640058968914,0.0024442999564435776,0.07409634729254508,1.0100197339230226,-2.952175961554767
3,0.1,0.1374940574169159,0.039773084729158414,0.035555555555555556,1.0666666666666667,0.0350663129154753,0.5870499689536475,0.0004892426400802535,0.1024277445014406,0.4796166977130192,9.526601797692383
4,0.13333333333333333,0.1732757687568664,0.07215214105847892,0.07215214105847892,1.097897565087701,0.07161265510577798,0.5324924723739225,0.0005394859527009382,0.10166311365108842,0.5654050927137785,8.915120659016738
5,0.16666666666666666,0.1532170921564102,0.09181321856452188,0.09181321856452188,0.5898323251812887,0.0887465136954082,-0.565846954344446,0.0030667048691136733,0.06447057846100199,1.1556792795257347,-3.395082070330828
6,0.2,0.1170045211911201,0.09792298791257704,0.09792298791257704,0.18329308044165504,0.09528429432257626,-0.6113075717840923,0.002638693590000782,0.021720226868543843,0.7946006522257474,-4.968113710837256
7,0.23333333333333334,0.1738024950027465,0.11632641442199276,0.11632641442199276,0.5521027952824715,0.11329274237894131,-0.5163635336102659,0.0030336720430514524,0.06050975262380519,1.0684663288927374,-2.840471240417002
8,0.26666666666666666,0.114235870540142,0.11581938463002758,0.1169520631536307,0.0187694619491382,0.11544764210113977,-0.3635758505799359,0.001504421052490934,-0.0012117715609977625,0.3823453125290741,-3.143049922643095
9,0.3,0.1018489971756935,0.11243107850254604,0.11243107850254604,-0.13562953953253992,0.11247192431471875,-0.02696683683154348,-4.0845812172715656e-05,-0.010622927139025254,-0.10866270270099644,-0.5736548998335651
10,0.3333333333333333,0.1307291388511657,0.11686899621978306,0.11686899621978306,0.13313753151711055,0.11598407223519219,-0.19228207899134486,0.000884923984590863,0.014745066615973496,0.3254196105084554,-1.4045835741194497
11,0.36666666666666664,0.1328376084566116,0.1207419415383209,0.1207419415383209,0.11618835955613513,0.1195334095961617,-0.27541024530720004,0.0012085319421591967,0.013304198860449909,0.3915986048633352,-2.1726818053600394
12,0.4,0.1013219505548477,0.11603191651861215,0.11603191651861215,-0.14130075059126226,0.116295718290028,0.02970994697127187,-0.00026380177141584193,-0.01497376773518029,-0.17101069756253412,-0.07566301814315415
13,0.43333333333333335,0.1284535080194473,0.11904458561837254,0.11904458561837254,0.0903800729928117,0.11856219320213049,-0.1009343276123768,0.00048239241624205287,0.00989131481731681,0.1913144006051885,-0.6913830332720756
14,0.4666666666666667,0.1080175787210464,0.11637015191636378,0.11637015191636378,-0.08023301106026282,0.11664117344082572,0.0483266441823286,-0.0002710215244619424,-0.008623594719779318,-0.12855965524259141,0.24025343580453012
15,0.5,0.0518446937203407,0.10072047819766441,0.10072047819766441,-0.46949021156098103,0.10387039481886748,0.6747349610732154,-0.003149916621203064,-0.05202570109852678,-1.1442251726341963,4.880335143753709
16,0.5333333333333333,0.1300069242715835,0.10782346263591154,0.10284858225674283,0.0638431217723523,0.10406279711568966,0.32174292658582615,-0.0012142148589468355,0.025944127155893837,-0.25789980481347385,3.0094091985560336
17,0.5666666666666667,0.1422003358602523,0.11616105316949078,0.11616105316949078,0.3993741273824386,0.11429975074840687,-0.3637292430560247,0.001861302421083913,0.027900585111845427,0.7631033704384633,-2.266736200959103
18,0.6,0.0431277826428413,0.09844793827956023,0.11169574630446095,-0.13395920595089472,0.11164560741508502,-0.04343441357856972,5.013888937593913e-05,-0.06851782477224372,-0.090524792372325,-0.6916901378326665
19,0.6333333333333333,0.0270599108189344,0.0811338522054035,0.08945266166165336,-0.667292539284228,0.09219535953416541,0.43478790293264113,-0.002742697872512051,-0.06513544871523101,-1.1020804422168693,1.9261704996921172
20,0.6666666666666666,-0.0877032652497291,0.040184963601596624,0.049431799241067984,-1.2006258726175614,0.049759217335159464,-0.7918593693241012,-0.0003274180940914806,-0.13746248258488858,-0.4087665032934602,-12.189665613810375
21,0.7,-0.136779174208641,-0.0027350108405508958,-0.0027350108405508958,-1.5650043024485665,0.0013548632634781941,-0.3975550343653269,-0.0040898741040290894,-0.1381340374721192,-1.1674492680832396,-11.4123227820345
22,0.7333333333333333,-0.0232875179499387,-0.007719710513446701,-0.037124043144391994,-1.031670969115233,-0.036633681264008136,-0.614090876824309,-0.0004903618803838578,0.013346163314069435,-0.4175800922909241,-9.829676648486032
23,0.7666666666666666,-0.2006791830062866,-0.05451911139908671,-0.05451911139908671,-0.5218520476408415,-0.05188511583976494,0.4756879059694361,-0.0026339955593217695,-0.14879406716652166,-0.9975399536102776,2.7620761361680026
24,0.8,-0.3798363208770752,-0.1334198790300878,-0.0896919574315592,-1.0551853809741747,-0.0891654647598249,-0.5740218586880512,-0.0005264926717342966,-0.2906708561172503,-0.48116352228612347,-9.380582566616459
25,0.8333333333333334,-0.2708660066127777,-0.16675535793568969,-0.14264258124180945,-1.588518714307508,-0.138162311454723,-0.3584105779101021,-0.0044802697870864605,-0.13270369515805472,-1.2301081363974058,-11.335152282165627
26,0.8666666666666667,-0.3551959693431854,-0.2124587774282038,-0.2093092479084761,-2.0,-0.20224468143094865,-1.6898843971470785,-0.007064566477527456,-0.15295128791223678,-0.3101156028529215,-31.720404680629684
27,0.9,-0.1470971852540969,-0.19660631206248694,-0.258198136797365,-1.4666666666666668,-0.25259322934666684,-0.2691071714109756,-0.005604907450698138,0.10549604409256993,-1.1975594952556912,-11.15909699506733
28,0.9333333333333333,-0.3648898601531982,-0.2374209407915705,-0.28930924790847606,-0.9333333333333335,-0.2884882821871615,-0.49564315490321964,-0.0008209657213145705,-0.0764015779660367,-0.4376901784301138,-8.502113024520924
29,0.9666666666666667,-0.1679327934980392,-0.22056764190980122,-0.3026425812418094,-0.40000000000000013,-0.3005577950876158,0.37169271621655753,-0.0020847861541936075,0.13262500158957663,-0.7716927162165577,2.141682870568821
30,1.0,0.0103955091908574,-0.16455102371257094,-0.298198136797365,0.1333333333333332,-0.2980830111186798,0.05649031018999979,-0.00011512567868521284,0.3084785203095372,0.07684302314333341,0.7934809791132734
31,1.0333333333333332,-0.1793107837438583,-0.16813078021665082,-0.2759759145751428,0.6666666666666665,-0.2787285769493148,-0.4402089494708086,0.002752662374171988,0.09941779320545649,1.106875616137475,-1.9869296605368303
32,1.0666666666666667,-0.0813670828938484,-0.14708755802666046,-0.23597591457514283,1.1999999999999997,-0.23629928851659776,0.7923121799508281,0.0003233739414549297,0.15493220562274934,0.4076878200491716,12.190558297617331
33,1.1,-0.3052718341350555,-0.18545276112222886,-0.18545276112222886,1.5156946035874193,-0.18889588479107264,0.46368523701024766,0.0034431236688437783,-0.11637594934398285,1.0520093665771717,11.542693752963046
34,1.1333333333333333,-0.3663838803768158,-0.22933486689963326,-0.15270738544709267,0.9823612702540859,-0.15351165662238106,0.4667411921908177,0.0008042711752883902,-0.21287222375443474,0.5156200780632683,8.178179446602533
35,1.1666666666666667,-0.0052393074147403,-0.17498387915315478,-0.13773978754973426,0.4490279369207526,-0.14017591786347758,-0.4504401813817054,0.0024361303137433177,0.13493661044873728,0.899468118302458,-2.735613368057637
36,1.2,-0.3456526398658752,-0.21637700511926328,-0.1405499674301536,-0.08430539641258072,-0.1411668538379681,-0.17082406054191196,0.0006168864078144876,-0.2044857860279071,0.08651866412933124,-1.6943206790389613
37,1.2333333333333334,-0.0322795026004314,-0.17172694098341923,-0.16113792508835073,-0.617638729745914,-0.15808802900816238,0.5778803751978028,-0.0030498960801883523,0.125808526407731,-1.1955191049437168,3.529952809401884
38,1.2666666666666666,0.0807692185044288,-0.11048781736177493,-0.16394810496877008,-0.08430539641258072,-0.16193422888181522,0.4800176724060967,-0.0020138760869548578,0.242703447386244,-0.5643230688186774,4.040940464846292
39,1.3,-0.1604568809270858,-0.12260705777771143,-0.14898050707141167,0.4490279369207526,-0.15076667170524993,-0.3333937112223657,0.0017861646338382664,-0.00969020922183586,0.7824216481431183,-1.883897484773577
40,1.3333333333333333,0.026163637638092,-0.08652497626674553,-0.11623513139627548,0.9823612702540859,-0.1172139226120219,0.3631178887964175,0.0009787912157464274,0.1433775602501139,0.6192433814576684,7.016768100311273
41,1.3666666666666667,0.0187454298138618,-0.06099323184438623,-0.0657119779433615,1.5156946035874193,-0.06942764148802519,0.4383895167516757,0.003715663544663683,0.08817307130188698,1.0773050868357434,11.492825047310436
42,1.4,0.0549612045288085,-0.032870237506811326,-0.032870237506811326,0.9852522130965053,-0.03363139303924338,0.4900528985927224,0.0007611555324320562,0.08859259756805188,0.49519931450378296,8.439457358324137
43,1.4333333333333333,0.0535343848168849,-0.011914103525625056,-0.011914103525625056,0.628684019435588,-0.014763800105279128,-0.46775395269617603,0.002849696579654072,0.06829818492216402,1.096437972131764,-2.295654418690985
44,1.4666666666666666,0.0628962442278862,0.006230014561351086,0.006230014561351086,0.5443235426092843,0.0031797899159139668,-0.5200331381098351,0.0030502246454371194,0.059716454311972235,1.0643566807191194,-2.8816002158751544
45,1.5,0.1247468441724777,0.03497447861388428,0.03497447861388428,0.8623339215759959,0.03353053474536839,0.1819516042669585,0.0014439438685158873,0.0912163094271093,0.6803823173090373,4.986254002366428
46,1.5333333333333332,0.1303680539131164,0.05811074715083786,0.05811074715083786,0.6940880561086075,0.05565897969182449,-0.2832581198245038,0.0024517674590133695,0.07470907422129192,0.9773461759331112,-0.22782269916874814
47,1.5666666666666667,0.1779558509588241,0.08717736401516003,0.08717736401516003,0.8719985059296652,0.08571856159868724,0.1654778895141527,0.0014588024164727958,0.09223728936013686,0.7065206164155124,4.801616390914749
48,1.6,0.1385012418031692,0.09962519412464463,0.09962519412464463,0.3734349032845379,0.097118737666033,-0.49980966834046225,0.002506456458611625,0.04138250413713619,0.8732445716250001,-3.4043912189076853
49,1.6333333333333333,0.0663553029298782,0.09155608533547506,0.09429524645635144,-0.15989843004879545,0.09408213236118101,-0.0908055452040241,0.00021311409517042745,-0.02772682943130282,-0.06909288484477134,-1.1732342231739592
50,1.6666666666666667,0.1675899177789688,0.10999694112464438,0.10674307656583604,0.3734349032845379,0.10416683896512569,-0.5586861386175257,0.0025762376007103516,0.06342307881384313,0.9321210419020636,-4.094130585677178
51,1.7,0.123136006295681,0.11318362260888563,0.11318362260888563,0.1932163812914879,0.11060075292432879,-0.6024943115171182,0.0025828696845568433,0.012535253371352209,0.7957106928086061,-4.897531893058805
52,1.7333333333333334,0.1216041296720504,0.11522588920828274,0.11522588920828274,0.06126799798191307,0.11343155344687843,-0.44035263545158565,0.0017943357614043087,0.008172576225171979,0.5016206334334987,-3.782787035447871
53,1.7666666666666666,0.1870926469564438,0.13265608407125928,0.13265608407125928,0.5229058458892965,0.12938794399589507,-0.6324669499776661,0.0032681400753642176,0.05770470296054872,1.1553727958669624,-4.141759856926827
54,1.8,0.0804089084267616,0.1199843220346999,0.13230850115645806,-0.010427487444036876,0.13078137782673016,-0.3818110390568785,0.001527123329727903,-0.05037246939996856,0.37138355161284164,-3.3951255073709827
55,1.8333333333333333,0.1074805334210395,0.1169517172687343,0.1169517172687343,-0.46070351663171305,0.11905597576733191,0.4100864377904345,-0.0021042584985976193,-0.011575442346292417,-0.8707899544221476,2.5356750945391044
56,1.8666666666666667,0.1340963244438171,0.12110988236862745,0.11937271115878831,0.07262981670162028,0.11993540505844802,0.15667911191473166,-0.0005626938996597108,0.014160919385369092,-0.08404929521311139,1.5508251220657097
57,1.9,0.1395629793405532,0.1255854018733918,0.1255854018733918,0.1863807214381044,0.12472476916250547,-0.1671481906402405,0.0008606327108863221,0.014838210178047734,0.3535289120783449,-1.0324170857450583
58,1.9333333333333333,0.0284280069172382,0.10202134556241586,0.11402031481021749,-0.3469526118952289,0.11583390022839168,0.37107741425610086,-0.0018135854181741962,-0.08740589331115348,-0.7180300261513297,2.4811791624994104
59,1.9666666666666666,0.0985030829906463,0.10116804420130597,0.10116804420130597,-0.38556811826734555,0.10456303332052058,0.7568701728833569,-0.0033949891192146114,-0.006059950329874275,-1.1424382911507025,5.806144710235337
60,2.0,0.1004328057169914,0.10098972322991513,0.10098972322991513,-0.005349629141725154,0.10281633824781825,0.4609476038019098,-0.0018266150179031132,-0.0023835325308268485,-0.46629723294363495,4.091821220476277
61,2.033333333333333,0.0947938784956932,0.09948701482282829,0.09948701482282829,-0.045081252212605255,0.10081474506538961,0.3285308508324265,-0.0013277302425613174,-0.006020866569696401,-0.3736121030450318,2.834183565315346
62,2.0666666666666664,0.0433809384703636,0.08587933479853327,0.08587933479853327,-0.40823040072885064,0.08925336837406601,0.7507723711039289,-0.003374033575532745,-0.04587242990370241,-1.1590027718327796,5.7179548441042
63,2.1,-0.0958868414163589,0.04179469858848003,0.05449387699646047,-0.941563734062184,0.05550878522787859,-0.37397167278854865,-0.0010149082314181157,-0.1513956266442375,-0.5675920612736354,-7.138417453938587
64,2.1333333333333333,-0.0854835733771324,0.010925279239444235,0.010925279239444231,-1.3070579327104872,0.01192657927727974,-0.7161418989941435,-0.0010013000378355091,-0.09741015265441214,-0.5909160337163437,-12.040394029445595
65,2.1666666666666665,-0.256254494190216,-0.05387513280424601,-0.05042109629534979,-1.8403912660438206,-0.04399268152648351,-0.7103112964515901,-0.0064284147688662835,-0.2122618126637325,-1.1300799695922306,-18.202295891031945
66,2.2,-0.3075406849384308,-0.11539787492122314,-0.11539787492122314,-1.9493033587762,-0.10824775206371892,-1.7106084644682495,-0.007150122857504215,-0.19929293287471186,-0.23869489430795054,-32.006396809661844
67,2.2333333333333334,-0.3389959037303924,-0.1696281941291464,-0.1696281941291464,-1.626909576237698,-0.16303306743244875,-0.5742378442475815,-0.006595126696697651,-0.17596283629794365,-1.0526717319901164,-16.324482250616626
68,2.2666666666666666,-0.2961584627628326,-0.20031619658611483,-0.2060807355592919,-1.0935762429043647,-0.20555179715559224,-0.7864030250327676,-0.0005289384036996636,-0.09060666560724034,-0.3071732178715971,-12.178908820778902
69,2.3,-0.3594942986965179,-0.238922437143476,-0.238922437143476,-0.9852510475255227,-0.23782563237917495,-0.290758186900276,-0.001096804764301046,-0.12166866631734294,-0.6944928606252467,-6.205759610487606
70,2.3333333333333335,-0.2136500924825668,-0.23279301227603477,-0.2539863609498823,-0.4519177141921894,-0.251226320805404,0.5402253354698618,-0.002760040144478282,0.03757622832283722,-0.9921430496620512,3.562530268017495
71,2.3666666666666667,-0.0981472954154014,-0.20013673062534265,-0.25127250697851083,0.08141561914114392,-0.25044208710392324,0.2254792142727634,-0.0008304198745875957,0.15229479168852184,-0.14406359513161948,2.1795372667955206
72,2.4,-0.1515413969755172,-0.18835066761807565,-0.23078087522936158,0.6147489524744773,-0.2338676662628873,-0.597499397623491,0.0030867910335257154,0.08232626928737011,1.2122483500979682,-3.7498430705877555
73,2.433333333333333,-0.2637470960617065,-0.20663693070997896,-0.20663693070997896,0.7243183355814786,-0.20876497809223687,-0.11497833322010353,0.002128047382257914,-0.05498211796946961,0.8392966688015822,1.6582593606740277
74,2.466666666666667,-0.5281577110290527,-0.2846169318823727,-0.20027076396837412,0.1909850022481453,-0.2021343901509447,-0.3944910296542947,0.0018636261825705769,-0.32602332087810804,0.58547603190244,-2.9441310493919186
75,2.5,-0.0681991353631019,-0.23212806939095992,-0.21168237500454706,-0.34234833108518803,-0.21043299663483245,0.2291754364632037,-0.0012493783697146155,0.14223386127173054,-0.5715237675483917,1.2274423790943583
76,2.533333333333333,-0.1186522245407104,-0.2046062199301589,-0.20531620826294222,0.1909850022481453,-0.20595377463660441,-0.11571557711002334,0.0006375663736621906,0.08730155009589402,0.30670057935816863,-0.5883670247672049
77,2.5666666666666664,-0.1677699536085128,-0.1956721408075033,-0.1956721408075033,0.28932202366316745,-0.19783582693381785,-0.47067120600840195,0.00216368612631454,0.030065873325305054,0.7599932296715695,-3.490199355922706
78,2.6,0.0103919832035899,-0.14569440494848124,-0.1682502955742866,0.8226553569965007,-0.16998539701857,0.04048622013703118,0.0017351014442833768,0.18037738022215988,0.7821691368594695,3.400708117860015
79,2.6333333333333333,-0.1436159908771515,-0.14519031705855334,-0.14519031705855334,0.6917993554719981,-0.1476228264969776,-0.2700115226726395,0.0024325094384242685,0.004006835619826121,0.9618108781446376,-0.07935466420012238
80,2.6666666666666665,0.011103494092822,-0.10728361763860575,-0.10728361763860575,1.1372009825984277,-0.1074225155447293,0.7392304682840982,0.00013889790612355013,0.1185260096375513,0.3979705143143295,11.232242834187332
81,2.7,0.109927624464035,-0.05460231692450634,-0.05460231692450634,1.5804390214229824,-0.05881571610827926,0.38417999228846833,0.00421339918377292,0.16874334057231427,1.196259029134514,11.385954841940121
82,2.7333333333333334,0.0625172778964042,-0.02619673103241749,-0.019698793988184707,1.047105688089649,-0.020099209359404464,0.6552782707384365,0.0004004153712197575,0.08261648725580867,0.3918274173512125,10.291305500771982
83,2.7666666666666666,0.0659094601869583,-0.0038577677711817276,-0.0025730488296408505,0.5137723547563157,-0.005078744799977482,-0.44367562770836444,0.002505695970336632,0.07098820498693578,0.9574479824646801,-2.489813771994542
84,2.8,0.1396144032478332,0.03093923680552353,0.03093923680552353,1.0053685690549314,0.030150913169435464,0.4579957607686615,0.0007883236360880681,0.10946349007839773,0.5473728082862699,8.080160536288071
85,2.8333333333333335,0.160184845328331,0.06228580387385858,0.06228580387385858,0.9403970120500516,0.0609927387848865,0.2097364771384153,0.0012930650889720827,0.09919210654344449,0.7306605349116362,5.297667222666393
86,2.8666666666666667,0.1345761269330978,0.07981872809517299,0.07981872809517299,0.525987726639432,0.07651315343142108,-0.657134042176964,0.0033055746637519062,0.05806297350167673,1.1831217688163962,-4.41822895047848
87,2.9,0.109826311469078,0.08709661347588037,0.08709661347588037,0.21833656142122138,0.0840543516856922,-0.7073131735369449,0.0030422617901881693,0.025771959783385798,0.9256497349581663,-5.7508885171267075
88,2.933333333333333,0.1012248396873474,0.09052320100605714,0.09052320100605714,0.10279762590530317,0.08821565185452786,-0.5596804172266785,0.002307549151529281,0.013009187832819541,0.6624780431319817,-4.746668017357729
89,2.966666666666667,0.167362242937088,0.10915934817489982,0.10915934817489982,0.5590844150652805,0.10612559888119133,-0.5219366259934504,0.0030337492937084903,0.06123664405589668,1.0810210410587309,-2.902934533090889
90,3.0,0.0735044628381729,0.10051179513773587,0.11001771756596472,0.02575108173194718,0.10846072925987087,-0.3755015782044371,0.0015569883060938539,-0.03495626642169797,0.40125265993638426,-3.234248548263838
91,3.033333333333333,0.108488842844963,0.10244650737917947,0.10244650737917947,-0.22713630560355746,0.10304858796791214,0.09136938353988355,-0.0006020805887326647,0.005440254877050868,-0.318505689143441,0.2609088621708089
92,3.0666666666666664,0.0244443099945783,0.08352825445175074,0.08352825445175074,-0.5675475878228619,0.08669944739832529,0.610245536102433,-0.003171192946574544,-0.06225513740374699,-1.1777931239252948,3.892701958173098
93,3.1,0.0555692017078399,0.07674720918436388,0.07674720918436388,-0.20343135802160583,0.07959948914546564,0.6617810117669913,-0.002852279961101753,-0.02403028743762573,-0.8652123697885972,5.375882561324755
94,3.1333333333333333,0.2407299280166626,0.11651873684147179,0.0877439416947548,0.3299019753117275,0.08716046750970513,-0.06023428061788322,0.0005834741850496705,0.15356946050695747,0.3901362559296107,0.2616609807966179
95,3.1666666666666665,0.1567939966917038,0.12628689181802663,0.11651845198292349,0.8632353086450608,0.11481918945602444,0.0296395698566414,0.0016992625268990452,0.041974807235679354,0.8335957387884194,3.279138718967662
96,3.2,0.1029292419552803,0.12062184720761683,0.1275151844933144,0.3299019753117275,0.1250501187339855,-0.5069556124350263,0.002465065759328894,-0.022120876778705195,0.8368575877467538,-3.5977505934927594
97,3.2333333333333334,0.0847562402486801,0.11192318682886625,0.12073413922592753,-0.20343135802160583,0.12080090607299798,-0.03250445900518755,-6.676684707045133e-05,-0.03604466582431788,-0.17092689901641828,-0.7633970500388528
98,3.2666666666666666,0.0670114159584045,0.10103051624733395,0.10103051624733395,-0.5911086893578076,0.1041406483060278,0.5926428279046831,-0.003110132058693857,-0.0371292323476233,-1.1837515172624906,3.695410573352941
99,3.3,0.0512281507253646,0.08895170591993576,0.08895170591993576,-0.3623643098219456,0.09278978015159034,0.8698208175965054,-0.0038380742316545813,-0.04156162942622574,-1.232185127418451,6.846599939927728
100,3.3333333333333335,-0.2560707032680511,0.005271740207358058,0.05909511781475979,-0.895697643155279,0.060289775644896876,-0.3035546247937014,-0.0011946578301370858,-0.31636047891294794,-0.5921430183615777,-6.349182254571528
101,3.3666666666666667,0.0055078668519854,0.0053290091527948055,0.011460751931806047,-1.4290309764886122,0.014132446216937947,-0.5460101456584436,-0.0026716942851318995,-0.008624579364952548,-0.8830208308301686,-11.704991430012361
102,3.4,-0.2461213618516922,-0.05565647429331361,-0.05395139172892547,-1.9623643098219454,-0.047129924277288515,-1.3514844593071746,-0.006821467451636955,-0.19899143757440368,-0.6108798505147708,-27.05048553843901
103,3.433333333333333,-0.0336574800312519,-0.0503209510445686,-0.10158575761187921,-1.4290309764886122,-0.09657428673608057,-0.3288443678910409,-0.005011470875798646,0.06291680670482866,-1.1001866085975713,-11.276864610985186
104,3.466666666666667,-0.3666870892047882,-0.12705077174280505,-0.13144234571705518,-0.8956976431552789,-0.13037127647630567,-0.37693678686852367,-0.0010710692407495115,-0.23631581272848254,-0.5187608562867552,-7.171650491515314
105,3.5,-0.5041006207466125,-0.2184985084588867,-0.17907671160000893,-1.4290309764886122,-0.1764564087263116,-0.5507800266288218,-0.0026203028736973277,-0.3276442120203009,-0.8782509498597905,-11.714394909639692
106,3.533333333333333,-0.4906125664710998,-0.2844956565802592,-0.24448885526074043,-1.9623643098219454,-0.23767222902902121,-1.345898436325156,-0.0068166262317192194,-0.25294033744207856,-0.6164658734967894,-26.973398421287154
107,3.5666666666666664,-0.4690168797969818,-0.3292484877611617,-0.3111555219274071,-2.0,-0.3038708639007475,-1.9438361846071581,-0.007284658026659563,-0.1651460158962343,-0.056163815392841876,-35.22493934757878
108,3.6,-0.5688895583152771,-0.3873698040388176,-0.37782218859407374,-2.0,-0.37049344061571693,-1.9947092057963292,-0.007328747978356809,-0.19839611769956017,-0.0052907942036708455,-35.92698703998934
109,3.6333333333333333,0.0412668250501155,-0.2834104742383761,-0.4267110774829626,-1.4666666666666668,-0.420996316361551,-0.2589111304999514,-0.005714761121411616,0.46226314141166647,-1.2077555361667154,-11.138996228699892
110,3.6666666666666665,0.0339807271957397,-0.2064320399506203,-0.4578221885940737,-0.9333333333333335,-0.457012793265661,-0.5025132102327976,-0.0008093953284126765,0.4909935204614007,-0.43082012310053586,-8.57911269494304
111,3.6999999999999997,0.1335892379283905,-0.123965022977935,-0.47115552192740706,-0.40000000000000013,-0.4690826878877512,0.36833637338800074,-0.0020728340396558576,0.6026719258161417,-0.7683363733880009,2.1104659771850125
112,3.7333333333333334,0.0628230199217796,-0.0786624089762708,-0.46671107748296264,0.1333333333333332,-0.4666032034225502,0.05460146675998586,-0.00010787406041246062,0.5294262233443298,0.07873186657334733,0.7764469204639206
113,3.7666666666666666,0.0732596218585968,-0.041816018734064084,-0.44448885526074045,0.6666666666666665,-0.44724075385458495,-0.4397554460199051,0.002751898593844504,0.5205003757131818,1.1064221126865716,-1.9818467878990347
114,3.8,0.1094240844249725,-0.005135019733157602,-0.40448885526074047,1.1999999999999997,-0.4048119116020897,0.7923416579250304,0.0003230563413492149,0.5142359960270622,0.4076583420749693,12.190616411337906
115,3.8333333333333335,-0.1928629428148269,-0.05066558745407442,-0.3467110774829627,1.733333333333333,-0.3528687244974054,0.23318245256211223,0.006157647014442713,0.1600057816825785,1.5001508807712207,11.617917845357148
116,3.8666666666666667,0.1614181101322174,0.0007721049091134677,-0.28004441081629605,2.0,-0.28726699109060344,1.8722080088162367,0.007222580274307389,0.44868510122282085,0.12779199118376328,34.23647052166407
117,3.9,0.1672284305095672,0.04114356846613226,-0.2133777441496294,2.0,-0.22070064422377914,1.9879616240189186,0.007322900074149735,0.38792907473334637,0.012038375981081373,35.83387041146108
118,3.933333333333333,0.1533487141132354,0.0683572290588521,-0.14671107748296275,2.0,-0.15404342797303966,1.9988659500887391,0.007332350490076911,0.3073921420862751,0.0011340499112608704,35.9843501112246
119,3.966666666666667,0.0313758961856365,0.05938796623873771,-0.08004441081629608,2.0,-0.08737765156294584,1.9998931692112594,0.007333240746649761,0.11875354774858235,0.00010683078874063057,35.99852573511538
120,4.0,0.1495031416416168,0.08124403873455983,-0.013377744149629417,2.0,-0.020711068761028795,1.9999899362300473,0.007333324611399378,0.1702142104026456,1.0063769952717294e-05,35.99986111997465
121,4.033333333333333,0.1261451542377472,0.09213412501795835,0.05328892251703725,2.0,0.045955590005335376,1.9999990519637003,0.007333332511701873,0.08018956423241182,9.480362996860947e-07,35.999986917099065
122,4.066666666666666,0.049674142152071,0.08183609852531336,0.10217781140592613,1.4666666666666668,0.09646114391402723,0.2587341912010319,0.005716667491898905,-0.04678700176195623,1.2079324754656349,11.138647405510604
123,4.1,-0.0291562173515558,0.054916591445193556,0.13328892251703725,0.9333333333333335,0.13247972797805121,0.5026324312896984,0.0008091945389860355,-0.161635945329607,0.4307009020436351,8.58044892611563
124,4.133333333333333,0.1200471296906471,0.0707130181759911,0.1466222558503706,0.40000000000000013,0.144549629224434,-0.36827812833462836,0.0020726266259365744,-0.024502499533786914,0.7682781283346285,-2.1099242477747358
125,4.166666666666667,0.0728928372263908,0.07124170030949764,0.14217781140592614,-0.1333333333333332,0.1420700631881093,-0.05456868828888673,0.00010774821781683874,-0.0691772259617185,-0.07876464504444647,-0.7761513160796414
126,4.2,0.1699610948562622,0.0951845959906264,0.11995558918370393,-0.6666666666666665,0.12270747452311401,0.43974757604533665,-0.002751885339410079,0.0472536203331482,-1.1064142427120032,1.9817585811206375
127,4.233333333333333,0.0307546202093362,0.07955808008712462,0.07995558918370393,-1.1999999999999997,0.08027864001350798,-0.7923421694777137,-0.0003230508298040502,-0.04952401980417179,-0.407657830522286,-12.190617419827486
128,4.266666666666667,0.1124744638800621,0.08754145100398089,0.05773336696148172,-0.6666666666666664,0.06043987817538131,0.4128061613992644,-0.0027065112138995873,0.052034585704680794,-1.079472828065931,1.6797988516957518
129,4.3,0.1057206317782402,0.09195053627891421,0.053288922517037283,-0.13333333333333308,0.05531667452376338,0.4639987175483571,-0.0020277520067260996,0.05040395725447682,-0.5973320508816902,3.753461231169192
130,4.333333333333333,0.0699502825736999,0.08661470757128589,0.06662225585037063,0.40000000000000024,0.06513310233032675,-0.2723915002839794,0.001489153520043876,0.004817180243373145,0.6723915002839796,-1.4640148381403806
131,4.366666666666666,0.1167843863368034,0.09393190673698545,0.09393190673698545,0.8192895265984449,0.09210898243136517,-0.008994957095858291,0.0018229243056202826,0.024675403905438223,0.8282844836943032,2.8461224331381416
132,4.4,0.0596781745553016,0.08562418220037606,0.1034637798458225,0.28595619326511157,0.10120135465547983,-0.467902056608537,0.0022624251903426706,-0.041523180100178234,0.7538582498736486,-3.3586522599609703
133,4.433333333333334,-0.2552351653575897,0.0029539041057110443,0.09521787517688178,-0.24737714006822176,0.09566626592219447,0.052232952289123,-0.0004483907453126934,-0.3509014312797842,-0.29961009235734476,-0.11596293446520667
134,4.466666666666667,-0.2037651985883712,-0.0471826869240925,0.06919419273016328,-0.7807104734015551,0.0713190377150025,0.15772152261524586,-0.002124844984839225,-0.2750842363033737,-0.9384319960168009,-1.1791931321901599
135,4.5,-0.2056827992200851,-0.08562449130886746,0.025392732505666996,-1.3140438067348885,0.02694696276994063,-0.6639572957644508,-0.0015542302642736344,-0.23262976199002572,-0.6500865109704377,-11.937515811649915
136,4.533333333333333,-0.2764106392860412,-0.13189678521214865,-0.03618650549660706,-1.8473771400682217,-0.029692503824236896,-0.7967359913013032,-0.006494001672370166,-0.24671813546180432,-1.0506411487669185,-19.394956679957982
137,4.566666666666666,-0.3429161012172699,-0.1830763279252107,-0.10285317216327372,-2.0,-0.0955989063052485,-1.9087682977213953,-0.007254265858025216,-0.2473171949120214,-0.09123170227860466,-34.741002508555255
138,4.6,-0.500207781791687,-0.2599917643699999,-0.16951983882994037,-2.0,-0.16219395388196214,-1.991405709205639,-0.007325884947978228,-0.3380138279097249,-0.008594290794361026,-35.88139878703782
139,4.633333333333333,-0.4792442321777344,-0.313168133498397,-0.23618650549660702,-2.0,-0.22885387382276368,-1.9991903928961838,-0.007332631673843348,-0.2503903583549707,-0.0008096071038161679,-35.988827421967336
140,4.666666666666667,-0.5270070433616638,-0.36503152604581707,-0.3028531721632737,-2.0,-0.2955199049282981,-1.9999237326641315,-0.007333267234975571,-0.2314871384333657,-7.626733586851842e-05,-35.998947510765014
141,4.7,-0.301300436258316,-0.3495745143670841,-0.35174206105216255,-1.4666666666666668,-0.34602542070405673,-0.25873671054538727,-0.005716640348105817,0.044724984445740745,-1.2079299561212795,-11.138652372218083
142,4.733333333333333,-0.1639959663152694,-0.3045652450430598,-0.38285317216327364,-0.9333333333333335,-0.382043974765354,-0.5026307337646265,-0.0008091973979196254,0.21804800845008462,-0.43070259956870693,-8.580429900232312
143,4.766666666666667,-0.3769492208957672,-0.3221208833326133,-0.396186505496607,-0.40000000000000013,-0.39411387591741703,0.36827895765489316,-0.0020726295791899663,0.01716465502164982,-0.7682789576548933,2.109931961171009
144,4.8,-0.2203750163316726,-0.29744396254340083,-0.3917420610521626,0.1333333333333332,-0.3916343110425401,0.054569155004064736,-0.00010775000962248704,0.17125929471086748,0.07876417832926846,0.7761555250329107
145,4.833333333333333,-0.2933846414089203,-0.2964594356132541,-0.3695198388299404,0.6666666666666665,-0.37227172435807326,-0.4397476881017135,0.0027518855281328802,0.07888708294915298,1.10641435476838,-1.9817598370499914
146,4.866666666666666,-0.449033111333847,-0.333463872464151,-0.333463872464151,1.081678990973682,-0.3338458878073381,0.6388324338555313,0.0003820153431871032,-0.1151872235265089,0.4428465571181506,10.106980344852524
147,4.9,-0.0474752821028232,-0.2641016664209338,-0.2796301283205838,1.6150123243070151,-0.2843969096286976,0.32853941920892193,0.00476678130811381,0.23692162752587442,1.2864729050980932,11.276263426440433
148,4.933333333333334,0.0097789214923977,-0.1976760731968106,-0.21296346165391716,2.0,-0.2200550183471936,1.7210269537804863,0.007091556693276435,0.2298339398395913,0.2789730462195137,32.15017196217071
149,4.966666666666667,0.0152665385976433,-0.1460300641864281,-0.1462967949872505,2.0,-0.15360735226028863,1.9737199304285975,0.007310557273038115,0.16887389085793192,0.026280069571402498,35.637335039914646
150,5.0,0.0851096957921981,-0.089970612177656,-0.089970612177656,1.6897854842878353,-0.09670235160055154,0.8286000791684507,0.0067317394228955385,0.18181204739274964,0.8611854051193846,19.83468109252462
151,5.033333333333333,0.1109046414494514,-0.04125135833097871,-0.04125135833097871,1.4615776154003188,-0.04665129257483378,0.2887614935817924,0.00539993424385507,0.1575559340242852,1.1728161218185265,11.197844087346963
152,5.066666666666666,0.0974601432681083,-0.007608982100780155,-0.007608982100780155,1.0092712869059568,-0.008073015085587755,0.6474573937759905,0.0004640329848075997,0.10553315835369606,0.36181389312996626,10.203649008992704
153,5.1,0.1297896802425384,0.025714984829085172,0.025714984829085172,0.9997190078959598,0.024683461115553064,0.31806554362528516,0.0010315237135321079,0.10510621912698534,0.6816534642706746,6.511820823542529
154,5.133333333333333,0.1809699088335037,0.06336971788823556,0.06336971788823556,1.1296419917745117,0.06304558178183899,0.6352274511321223,0.00032413610639657475,0.11792432705166471,0.49441454064238943,10.066575651110856
155,5.166666666666667,0.2032726109027862,0.09730104808241254,0.09730104808241254,1.0179399058253094,0.09634561386434065,0.3488194063150951,0.000955434218071885,0.10692699703844555,0.6691204995102142,6.856510520745902
156,5.2,0.1933816224336624,0.12060393784623863,0.12060393784623863,0.6990866929147828,0.11812563415539698,-0.3029716476830968,0.002478303690841649,0.0752559882782654,1.0020583405978796,-0.44877217848863243
157,5.233333333333333,0.2327929437160492,0.1478136839801451,0.1478136839801451,0.8162923840171943,0.1460800028028419,0.046366972434546905,0.0017336811773032146,0.0867129409132073,0.7699254115826474,3.466619666897091
158,5.266666666666667,0.2475318610668182,0.17199881925634994,0.17199881925634994,0.725554058286145,0.169734414505465,-0.19692040608128503,0.002264404750884935,0.0777974465613532,0.9224744643674301,0.739851531139958
159,5.3,0.198566734790802,0.1784424652392585,0.1784424652392585,0.19330937948725668,0.1764216825069636,-0.43764490114204735,0.00202078273229489,0.022145052283838396,0.630954280629304,-3.338810738762453
160,5.333333333333333,0.2185834944248199,0.18817806459879224,0.18817806459879224,0.2920679807860124,0.18524804733866454,-0.6649719626193229,0.002930017260127704,0.03333544708615535,0.9570399434053354,-5.21802813361302
161,5.366666666666666,0.212222158908844,0.19400959592509187,0.19400959592509187,0.1749459397889888,0.19132028258509537,-0.6362844243696444,0.002689313339996502,0.020901876323748625,0.8112303641586331,-5.25067136383919
162,5.4,0.2453671991825103,0.2064656056369694,0.2064656056369694,0.3736802913563256,0.20258957171310454,-0.8871069053404124,0.0038760339238648467,0.04277762746940575,1.2607871966967379,-7.0160217661331234
163,5.433333333333334,0.2546380758285522,0.21814910950968588,0.21814910950968588,0.3505051161814948,0.21424087366475117,-0.8760446723997131,0.003908235844934715,0.04039720216380102,1.2265497885812078,-6.871782171000604
164,5.466666666666667,0.2146669626235962,0.2173045674617652,0.2173045674617652,-0.025336261437620133,0.21539814773555424,-0.48946181699159164,0.0019064197262109728,-0.0007311851119580492,0.4641255555539715,-4.4206890099957
165,5.5,0.2203213721513748,0.2180362477998111,0.2180362477998111,0.021950410141376442,0.2168007371816262,-0.31200802353306,0.0012355106181848874,0.0035206349697485817,0.33395843367443645,-2.7457648943944784
166,5.533333333333333,0.1400712579488754,0.1991270189967826,0.2009901503600792,-0.5113829231919569,0.20358122807190582,0.5205480269076264,-0.0025910777118266226,-0.06350997012303042,-1.0319309500995832,3.3994340025775376
167,5.566666666666666,0.1879938691854477,0.19642684193675314,0.19642684193675314,-0.1368992526997817,0.19859843158533214,0.5097835780510391,-0.0021715896485789976,-0.010604562399884443,-0.6466828307508208,4.193983240832638
168,5.6,0.1653287708759308,0.1888844752649146,0.1888844752649146,-0.22627100015515655,0.19152286231380644,0.6111728895668522,-0.002638387048891855,-0.026194091437875655,-0.8374438897220088,4.908457039513365
169,5.633333333333333,0.116983063519001,0.1714458755990426,0.1714458755990426,-0.5231579899761599,0.17462385870790867,0.5791348207247036,-0.003177983108866078,-0.057640795188907676,-1.1022928107008636,3.5440126513536683
170,5.666666666666667,0.0469302721321582,0.14124649969962755,0.14124649969962755,-0.9059812769824513,0.1424594219781895,-0.28456852660200394,-0.0012129222785619564,-0.09552914984603131,-0.6214127503804474,-6.136385816518303
171,5.7,0.0280401669442653,0.11379001632015548,0.11379001632015548,-0.8236945013841621,0.1156200777058512,0.016720021384684314,-0.0018300613856957193,-0.0875799107615859,-0.8404145227688464,-2.759539811063994
172,5.733333333333333,0.1028166115283966,0.11112858299793812,0.10411131071846119,-0.2903611680508288,0.10641422482131438,0.4774826484041905,-0.0023029141028531874,-0.003597613292917773,-0.7678438164550193,3.4353173350925186
173,5.766666666666667,0.0704252794384956,0.10125661249532943,0.10125661249532943,-0.08564094669395297,0.10297484818619039,0.4099465910606951,-0.0017182356908609642,-0.032549568747694796,-0.49558753775464803,3.434266635372324
174,5.8,0.0981994047760963,0.10051513301368142,0.10051513301368142,-0.022244384449440074,0.10160203331425224,0.27141815626442833,-0.00108690030057082,-0.0034026285381559412,-0.29366254071386844,2.3719789667434243
175,5.833333333333333,0.0965824723243713,0.09956132565834129,0.09956132565834129,-0.028614220660204,0.10035899594852862,0.19673280411817734,-0.0007976702901873328,-0.003776523624157327,-0.22534702477838134,1.692357310990345
176,5.866666666666666,0.1849806457757949,0.12027848949544633,0.11638529608077894,0.5047191126731293,0.11358194024577772,-0.5773669588263453,0.0028033558350012144,0.07139870553001718,1.0820860714994747,-3.9268243701658587
177,5.9,0.2955392599105835,0.16278533794513037,0.15098704428099435,1.0380524460064626,0.15039298843995097,0.5474692804176913,0.0005940558410433838,0.14514627147063253,0.49058316558877135,9.082980920400757
178,5.933333333333334,0.2925402522087097,0.1942554294159102,0.1942554294159102,1.2980515540474755,0.19354695227331498,0.7444347489867373,0.0007084771425952263,0.09899329993539474,0.5536168050607382,12.096171362288137
179,5.966666666666667,0.2573648393154144,0.20956166204282967,0.21974603677304827,0.7647182207141422,0.21756887025781416,-0.17612725837002863,0.0021771665152341135,0.03979596905760022,0.9408454790841708,0.9729014039571604
180,6.0,0.2962021827697754,0.2305750096129594,0.2305750096129594,0.324869185197334,0.22775491950639107,-0.6057773620548239,0.002820090106568335,0.06844726326338432,0.9306465472521579,-4.520531915089235
181,6.033333333333333,0.2931818962097168,0.24575936281516964,0.24575936281516964,0.45553059606630697,0.24226342098970366,-0.7143871039924818,0.0034959418254659758,0.05091847522001314,1.1699177000587888,-5.059922019742771
182,6.066666666666666,0.3072977066040039,0.2606845571246579,0.2606845571246579,0.4477558292846473,0.2572210454825446,-0.6889761612734191,0.0034635116421132817,0.05007666112145931,1.1367319905580664,-4.775115839789695
183,6.1,0.4041626751422882,0.29548300405590877,0.2933875292119239,0.9810891626179806,0.29257906444031817,0.46525830054817263,0.0008084647716057325,0.11158361070197004,0.515830862069808,8.16155917758319
184,6.133333333333333,0.2214771211147308,0.27753399673890106,0.30831272352141215,0.4477558292846473,0.3058818248984338,-0.44948777995875555,0.0024308986229783502,-0.08440470378370299,0.8972436092434029,-2.7303485296680075
185,6.166666666666667,0.3007252812385559,0.2831586919473343,0.3054601400531226,-0.08557750404868603,0.304853915815163,-0.1684713725539828,0.000606224237959585,-0.004128634576607115,0.08289386850529679,-1.676483109102852
186,6.2,0.2384162843227386,0.2723070978588924,0.2848297788070553,-0.6189108373820194,0.28787221091904636,0.5744556622225583,-0.003042432111991067,-0.049455926596307764,-1.1933664996045776,3.4915685813668045
187,6.233333333333333,0.1471921950578689,0.24196237097242015,0.2464216397832102,-1.1522441707153526,0.24642131274143894,-0.8099874762186552,3.270417712475382e-07,-0.09922911768357004,-0.3422566944966974,-12.025288309026516
188,6.266666666666667,0.2224469780921936,0.23722920766593164,0.22579127853714287,-0.6189108373820192,0.2286734367476259,0.5066841033563674,-0.0028821582104830434,-0.00622645865543231,-1.1255949407383867,2.778862728837564
189,6.3,0.2018781453371048,0.2286553423029788,0.22293869506885333,-0.08557750404868592,0.22482617540894395,0.4450874264447371,-0.0018874803400906193,-0.022948030071839154,-0.530664930493423,3.7163751099425206
190,6.333333333333333,0.2306853383779525,0.2291476871403772,0.2291476871403772,0.186269762145716,0.22897765666917616,0.0070855721721394815,0.0001700304712010381,0.0017076817087763319,0.17918418997357652,0.516679403480483
191,6.366666666666666,0.1310493350028991,0.20535541590024478,0.21757890143412328,-0.3470635711876173,0.21978537404847712,0.47205674035109646,-0.0022064726143538327,-0.08873603904557803,-0.8191203115387138,3.386392489309299
192,6.4,-0.4341101348400116,0.05026272065689358,0.1882323379500916,-0.8803969045209507,0.18967511336549048,-0.16834524533835948,-0.0014427754153988892,-0.6237852482055021,-0.7120516591825912,-4.833753752676061
193,6.433333333333334,-0.3816729485988617,-0.0544967414268214,0.1411079966882821,-1.413730237854284,0.14368270080009202,-0.55690577657817,-0.0025747041118099057,-0.5253556493989537,-0.856824461276114,-11.726471388111262
194,6.466666666666667,0.0475517362356185,-0.029746426999676497,0.07620587764869487,-1.9470635711876172,0.08298864170016994,-1.2832870919906503,-0.006782764051475071,-0.03543690546455144,-0.6637764791969669,-26.109361869470973
195,6.5,0.1008932590484619,0.0019382524822693613,0.009539210982028201,-2.0,0.0168206790931575,-1.940155512841494,-0.0072814681111292995,0.0840725799553044,-0.05984448715850599,-35.17414607721262
196,6.533333333333333,-0.0536321960389614,-0.011539519114750327,-0.03934967790686069,-1.4666666666666668,-0.033654577007491415,-0.2607358890807241,-0.005695100899369275,-0.01997761903146998,-1.2059307775859427,-11.142593609902004
197,6.566666666666666,-0.3241969347000122,-0.08736984525945812,-0.08736984525945812,-1.440605020577923,-0.08267533597488458,-0.35683075586211355,-0.004694509284573545,-0.24152159872512763,-1.0837742647158095,-11.332037775842444
198,6.6,-0.8190962672233582,-0.26483901905901974,-0.15316779038983333,-1.9739383539112563,-0.14613340259942906,-1.6149679949453375,-0.007034387790404273,-0.6729628646239291,-0.3589703589659188,-30.686558330245656
199,6.633333333333333,-0.4537926316261291,-0.31066685922191295,-0.2198344570565,-2.0,-0.2125292852598194,-1.9675059192468438,-0.0073051717966806096,-0.2412633463663097,-0.032494080753156185,-35.55158168560644
200,6.666666666666667,-0.5118935108184814,-0.3594713393299951,-0.28650112372316666,-2.0,-0.27917044328821367,-1.9969389634073123,-0.007330680434952996,-0.23272306753026778,-0.003061036592687749,-35.95775769502091
201,6.7,-0.61708003282547,-0.42195043073074534,-0.3531677903898333,-2.0,-0.34583470696721696,-1.9997116414803975,-0.007333083422616349,-0.271245325858253,-0.00028835851960251624,-35.996020652429486
202,6.733333333333333,-0.4873854219913482,-0.4378206979344813,-0.41983445705649997,-2.0,-0.41250114726548054,-1.9999728357916318,-0.007333309791019427,-0.07488427472586767,-2.716420836823552e-05,-35.99962513392452
203,6.766666666666667,-0.622205376625061,-0.48254041230626765,-0.48254041230626765,-1.8811786574930307,-0.4754366876496392,-1.5522648460990398,-0.007103724656628452,-0.14676868897542183,-0.3289138113939909,-29.821254876166748
204,6.8,-0.3965756893157959,-0.46169096925338327,-0.5274685897782576,-1.3478453241596973,-0.5234018184076688,-0.4265733836268142,-0.004066771370588862,0.12682612909187285,-0.9212719405328831,-11.469530384864349
205,6.833333333333333,-0.4848130643367767,-0.4672988836156272,-0.5546189894724698,-0.8145119908263639,-0.5530437398705002,-0.14184706812638914,-0.0015752496019696416,0.06823067553372347,-0.6726649226999748,-4.536761834237767
206,6.866666666666666,-0.6905569434165955,-0.5214467484837975,-0.5639916113889042,-0.2811786574930306,-0.5620209492637863,0.387911045107593,-0.0019706621251178724,-0.12853599415280914,-0.6690897026006236,2.628161709989424
207,6.8999999999999995,-0.5756798386573792,-0.5346001640456829,-0.5555864555275608,0.2521546758403027,-0.5562399874493107,-0.10407219514496308,0.0006535319217498836,-0.01943985120806846,0.3562268709852658,-0.33884394306910315
208,6.933333333333334,-0.5994940996170044,-0.5503392063772888,-0.5503392063772888,0.15741747450815913,-0.551641202119882,-0.28556119064294583,0.0013019957425931539,-0.047852897497122404,0.44297866515110496,-2.1529953881120143
209,6.966666666666667,-0.5470765233039856,-0.5495478919570238,-0.5495478919570238,0.023739432607950972,-0.5503816635353851,-0.20452354123910943,0.0008337715783612865,0.003305140231399495,0.2282629738470604,-1.762929592849987
210,7.0,-0.3498779535293579,-0.5011209690774843,-0.530978799758981,0.5570727659412843,-0.5341778027150701,-0.6184653229061958,0.003199002956089103,0.18429984918571218,1.17553808884748,-3.984829436696444
211,7.033333333333333,-0.4963868260383606,-0.49997277430334003,-0.49997277430334003,0.9301807636692289,-0.5010628574743476,0.3383473729640486,0.0010900831710076164,0.004676031435987049,0.5918333907051803,6.739139833320944
212,7.066666666666666,-0.4932692945003509,-0.49834694669002855,-0.48674452662547685,0.39684743033589553,-0.48908360789361455,-0.4443834053494815,0.0023390812681376993,-0.00418568660673635,0.841230835685377,-2.826674252323284
213,7.1,-0.4039552807807922,-0.47545367611833544,-0.47545367611833544,0.3387255152142421,-0.4787646956634047,-0.7443654712717027,0.003311019545069238,0.0748094148826125,1.0830909864859448,-5.79338012695607
214,7.133333333333333,-0.5108526945114136,-0.48403917249917405,-0.4819406033889718,-0.19460781811909122,-0.48244371507119693,-0.17822818553210018,0.0005031116822251103,-0.028408979440216642,-0.016379632586991044,-2.0550289895650904
215,7.166666666666667,-0.4269316792488098,-0.4701886139561259,-0.4706497528818304,0.3387255152142421,-0.47318657915805695,-0.5594585147247659,0.0025368262762265337,0.04625489990924714,0.898184029939008,-4.19118180023016
216,7.2,-0.4573515951633453,-0.4670751892514531,-0.4670751892514531,0.1072369089113201,-0.4690966021468993,-0.48339205475317826,0.0020214128954462174,0.011745006983554018,0.5906289636644984,-4.04580843702632
217,7.233333333333333,-0.3795514106750488,-0.4458476208522125,-0.4458476208522125,0.6368270519772168,-0.4485239902923206,-0.3712856417714081,0.002676369440108073,0.06897257961727182,1.0081126937486249,-1.2144363220323104
218,7.266666666666667,-0.600620687007904,-0.483385486579891,-0.44239783023074974,0.10349371864388346,-0.44417011337811124,-0.4043801062602238,0.0017722831473614975,-0.1564505736297928,0.5078738249041073,-3.283244426848034
219,7.3,-0.627723217010498,-0.5183924194973516,-0.45672581738706475,-0.42983961468944987,-0.45490602073374503,0.3485571479997517,-0.0018197966533197163,-0.17281719627675302,-0.7783967626892015,2.071621915399108
220,7.333333333333333,-0.5215296149253845,-0.5191532987876832,-0.48883158232115753,-0.9631729480227832,-0.4877606869704711,-0.3236210402640782,-0.0010708953506864405,-0.03376892795491343,-0.6395519077587051,-6.574086902882045
221,7.366666666666666,-0.5012932419776917,-0.514821612202449,-0.514821612202449,-0.7797008964387453,-0.5127573004721682,0.12097993474025093,-0.0020643117302808767,0.011464058494476514,-0.9006808311789962,-1.5909933319614717
222,7.3999999999999995,-0.7944530844688416,-0.5826419954247458,-0.5585894198615183,-1.3130342297720787,-0.5570735682003138,-0.6676443343652155,-0.0015158516612044926,-0.2373795162685277,-0.6453898954068632,-11.944784544891485
223,7.433333333333334,0.0103532718494534,-0.43881996441519133,-0.5845794497428098,-0.7797008964387454,-0.5825620032588464,0.09315314977577127,-0.002017446483963403,0.5929152751082999,-0.8728540462145167,-1.902876303550853
224,7.466666666666667,-0.3491320312023163,-0.41706751304906525,-0.5927917018463236,-0.24636756310541208,-0.5906259622114998,0.4568324353486142,-0.0021657396348238045,0.24149393100918348,-0.7031999984540263,3.3675211035401014
225,7.5,-0.2778168618679046,-0.38329437424420365,-0.5832261761720595,0.28696577022792125,-0.5839662580857985,-0.11499940971363387,0.0007400819137389769,0.3061493962178939,0.4019651799415551,-0.3449071276760727
226,7.533333333333333,-0.2505452334880829,-0.3510980784355049,-0.5558828727200177,0.8202991035612546,-0.5577796610129764,-0.053651822572860386,0.0018967882929586954,0.3072344275248935,0.873950926134115,2.3456076979787084
227,7.566666666666666,-0.2358244657516479,-0.3231402075840078,-0.5107617914901981,1.3536324368945878,-0.5127390876256533,0.6197913312645041,0.0019772961354552754,0.27691462187400545,0.7338411056300836,11.850445767349957
228,7.6,-0.1454249173402786,-0.2800380524828491,-0.4478629324826007,1.886965770227921,-0.45447328795473857,0.991895960509773,0.0066103554721378965,0.30904837061446,0.895069809718148,22.088164255034865
229,7.633333333333333,-0.1640419214963913,-0.25190494574759986,-0.381196265815934,2.0,-0.38846149253915474,1.9214154498700609,0.007265226723220719,0.22441957104276344,0.07858455012993915,34.91553320820684
230,7.666666666666667,-0.3830567002296448,-0.2837138196814152,-0.31452959914926737,2.0,-0.32185651664251763,1.9925971075964546,0.007326917493250262,-0.061200183587127144,0.0074028924035454136,35.897840084831074
231,7.7,-0.4871583878993988,-0.33305622191249845,-0.2656407102603785,1.4666666666666668,-0.2713547102175621,0.2589817777669814,0.00571399995718358,-0.21580367768183673,1.2076848888996854,11.139135504740613
232,7.733333333333333,-0.0835663676261901,-0.2725462321369091,-0.23452959914926738,0.9333333333333335,-0.2353390746476837,0.5024656083608983,0.0008094754984163122,0.1517727070214936,0.4308677249724352,8.57857917253721
233,7.766666666666667,-0.0326575897634029,-0.21436487105982474,-0.21436487105982474,0.6049418426832792,-0.217327823981428,-0.5162049646706135,0.002962952921603257,0.1846702342180251,1.1211468073538926,-2.8386939976574235
234,7.8,-0.2951607406139374,-0.2339606869081869,-0.21197792074815988,0.07160850934994589,-0.2138065307772593,-0.4331496078395315,0.0018286100290994256,-0.08135420983667807,0.5047581171894774,-3.640891762271065
235,7.833333333333333,-0.2140841037034988,-0.22913992235273084,-0.2273687482142728,-0.46172482398338743,-0.2253954410098985,0.3779020948173355,-0.0019733072043743027,0.011311337306399688,-0.8396269188007229,2.25155385255644
236,7.866666666666666,-0.0978076159954071,-0.19728725829302707,-0.22498179790260794,0.07160850934994589,-0.22448572776988587,0.13932068202197923,-0.0004960701327220707,0.12667811177447877,-0.06771217267203333,1.392880043927579
237,7.8999999999999995,-0.3860450685024261,-0.24306760955623344,-0.24037262536872087,-0.46172482398338743,-0.2370983100206693,0.7113834887567403,-0.0032743153480515597,-0.14894675848175679,-1.1731083127401276,5.237926166972531
238,7.933333333333334,0.0123548926785588,-0.18111874577219256,-0.237985675057056,0.07160850934994589,-0.23674365397659644,0.3314803869419487,-0.0012420210804595655,0.24909854665515524,-0.2598718775920028,3.1174770428539356
239,7.966666666666667,-0.1597283035516739,-0.17593081761470694,-0.21782094696761337,0.6049418426832792,-0.2209865218734218,-0.6403346154547314,0.0031655749058084326,0.06125821832174791,1.2452764581380107,-4.236478921417948
240,8.0,0.0897197052836418,-0.1115013021522772,-0.17987844110039294,1.1382751760166125,-0.17993477407574837,0.7874039362405001,5.6332975355427584e-05,0.2696544793593902,0.35087123977611245,11.772171696152059
241,8.033333333333333,-0.4590322077274322,-0.1957896657140334,-0.1597137130109503,0.6049418426832792,-0.16254938234742142,-0.4993036073833763,0.002835669336471114,-0.2964828253800108,1.1042454500666556,-2.749675911790458
242,8.066666666666666,0.0037077078595757,-0.1474045958292157,-0.1474045958292157,0.36927351545203824,-0.15109848389321862,-0.8290549107858074,0.0036938880640029204,0.1548061917527943,1.1983284262378455,-6.457081616278651
243,8.1,-0.2415317296981811,-0.17023370815648678,-0.15287325642525887,-0.1640598178812951,-0.15377428773331708,-0.27098154140612335,0.0009010313080582144,-0.08775744196486401,0.10692172352482826,-2.807617209043002
244,8.133333333333333,-0.0230951067060232,-0.13454746634584866,-0.14056413924352426,0.36927351545203824,-0.14351324387929232,-0.656209603485622,0.0029491046357680573,0.12041813717326912,1.02548311893766,-4.980827823235883
245,8.166666666666666,-0.2238125801086425,-0.15619736925093805,-0.14603279983956743,-0.1640598178812951,-0.14653140128071165,-0.16859757008121545,0.0004986014411442197,-0.07728117882793084,0.004537752199920364,-1.8938030249193025
246,8.2,0.0125506212934851,-0.11527009703097646,-0.13372368265783283,0.36927351545203824,-0.13644309606928146,-0.5970949456133292,0.002719413411448629,0.14899371736276656,0.9663684610653674,-4.450500503500674
247,8.233333333333333,0.1004112064838409,-0.06295985977583532,-0.10363678769832044,0.9026068487853716,-0.10491482929339051,0.24857464983916866,0.0012780415950700702,0.2053260357772314,0.6540321989462029,5.732965972718712
248,8.266666666666666,0.0514919236302375,-0.03520131118270524,-0.055772114961030274,1.435940182118705,-0.05856886855428099,0.5335477624048993,0.0027967535932507184,0.1100607921845185,0.9023924197138057,11.680422731598235
249,8.3,0.0868942737579345,-0.0055888741658299025,-0.005588874165829906,1.5054972238560111,-0.009927092681282543,0.38186918951425963,0.004338218515452637,0.09682136643921704,1.1236280343417515,11.381399259328113
250,8.333333333333334,0.0386689640581607,0.005145194945253487,0.026816588851592688,0.9721638905226778,0.026055763953335413,0.5006110081096895,0.0007608248982572743,0.012613200104825285,0.4715528824129883,8.557792788547975
251,8.366666666666667,0.0177518166601657,0.008202740324227735,0.04144427409123751,0.4388305571893445,0.039129686771542174,-0.42045124165739867,0.0023145873196953326,-0.021377870111376474,0.8592817988467432,-2.4854947842397648
252,8.4,0.0016951346769928,0.006624419024132433,0.038294181553104545,-0.09450277614398883,0.03781106268559292,-0.1393842792708343,0.0004831188675116227,-0.03611592800860012,0.04488150312684547,-1.4378798748193762
253,8.433333333333334,-0.2449360638856887,-0.054387770398798156,0.017366311237193805,-0.6278361094773222,0.020351288148076838,0.5474069472478309,-0.0029849769108830325,-0.2652873520337655,-1.175243056725153,3.1884062284481707
254,8.466666666666667,-0.0832157284021377,-0.061379555491715754,-0.021339336856494705,-1.1611694428106554,-0.02137810146671843,-0.8257442506612769,3.8764610223725876e-05,-0.06183762693541927,-0.3354251921493785,-12.201890444059405
255,8.5,-0.2776353359222412,-0.11382912343184706,-0.07782276272796099,-1.6945027761439886,-0.07219105993364376,-0.23842476645482136,-0.005631702794317225,-0.20544427598859744,-1.4560780096891672,-11.09860882529665
256,8.533333333333333,-0.217980071902275,-0.13908936034645647,-0.13908936034645647,-1.8379979285548644,-0.13222937302321427,-1.2045975707484644,-0.006859987323242195,-0.08575069887906073,-0.6334003578064,-25.023446476328807
257,8.566666666666666,-0.3879965841770172,-0.19945804191926905,-0.19945804191926905,-1.8110604471843774,-0.1925343997372547,-1.2366032056848508,-0.006923642182014356,-0.19546218443976252,-0.5744572414995266,-25.46512423845094
258,8.6,-0.1515106558799743,-0.1878291288025276,-0.24204894571430385,-1.2777271138510442,-0.23897434282607333,-0.5273385914353528,-0.0030746028882305265,0.08746368694609902,-0.7503885224156914,-11.668181794543994
259,8.633333333333333,-0.2235420942306518,-0.1964907682872013,-0.2668620717315609,-0.7443937805177109,-0.26483280903827633,0.07221714727600004,-0.0020292626932845725,0.04129071480762453,-0.8166109277937109,-2.1375272947151647
260,8.666666666666666,-0.1668113023042678,-0.18929246281578394,-0.27389741997104017,-0.21106044718437755,-0.27198491135632596,0.4000631866186597,-0.0019125086147142034,0.10517360905205816,-0.6111236338030372,2.9392498740494193
261,8.7,0.1499499976634979,-0.10701433622114412,-0.26315499043274165,0.3222728861489558,-0.2642565409880106,-0.19736970672098197,0.0011015505552689486,0.41420653865150847,0.5196425928699377,-0.9939439945975921
262,8.733333333333333,0.1717721372842788,-0.039398894664843864,-0.23463478311666536,0.8556062194822891,-0.23631750708066376,0.045499347766079556,0.001682723963998406,0.40808964436494255,0.8101068717162095,3.4568953182103366
263,8.766666666666666,0.186263620853424,0.015332134561996794,-0.18833679802281128,1.3889395528156223,-0.1906869677173276,0.5808138038604858,0.0023501696945163186,0.3769505885707516,0.8081257489551366,11.773604356182089
264,8.8,0.165303885936737,0.051705514025751485,-0.12426103515117944,1.9222728861489555,-0.13097474270433235,1.1654670015594326,0.006713707553152912,0.29627862864106935,0.7568058845895229,24.48344462152017
265,8.833333333333334,0.1888094097375869,0.0849579897684972,-0.05759436848451277,2.0,-0.06486933127333636,1.9326493717195203,0.007274962788823586,0.25367874101092325,0.06735062828047966,35.07056132972938
266,8.866666666666667,0.1597213447093963,0.10309071045970018,0.009072298182153896,2.0,0.001744463523303364,1.9936553755967672,0.0073278346588505315,0.15797688118609293,0.006344624403232801,35.91244418323539
267,8.9,0.0367320477962493,0.0869964207308711,0.07573896484882056,2.0,0.0684061495065617,1.9994023179909997,0.0073328153422588666,-0.031674101710312395,0.0005976820090003443,35.991751988275794
268,8.933333333333334,0.1462448686361313,0.10136623543625241,0.12462785373770946,1.4666666666666668,0.11891140129857358,0.25875415126932677,0.005716452439135877,0.027333467337557704,1.20791251539734,11.138686755359528
269,8.966666666666667,0.0594843588769435,0.09120841988244632,0.15573896484882058,0.9333333333333335,0.15492974765929451,0.5026189822681842,0.0008092171895260625,-0.09544538878235101,0.4307143510651492,8.580298189305752
270,9.0,0.1517663747072219,0.10589583568041558,0.1690722981821539,0.40000000000000013,0.1669996481584079,-0.368284698809645,0.0020726500237460144,-0.015233273451185997,0.7682846988096451,-2.1099853588794497
271,9.033333333333333,0.0614710226655006,0.0951212693598544,0.16462785373770947,-0.1333333333333332,0.16452009132391235,-0.05457238594410404,0.00010776241379711893,-0.10304906865841175,-0.07876094738922915,-0.7761846624517443
272,9.066666666666666,0.0432287119328975,0.08253551460715436,0.14240563151548724,-0.6666666666666665,0.14515751835009605,0.4397484638369702,-0.0027518868346088077,-0.10192880641719855,-1.1064151305036367,1.981768531500936
273,9.1,-0.0483162738382816,0.050799392897513236,0.10240563151548725,-1.1999999999999997,0.10272868296703457,-0.7923421117707683,-0.0003230514515473182,-0.15104495680531616,-0.40765788822923144,-12.190617306062364
274,9.133333333333333,-0.0372735820710659,0.029438625221811707,0.044627853737709486,-1.733333333333333,0.050785500291518695,-0.23318192106190594,-0.0061576465538092096,-0.0880590823625846,-1.500151412271427,-11.617910510654301
275,9.166666666666666,-0.1880015879869461,-0.023298208970110607,-0.02203881292895718,-2.0,-0.014816232698042789,-1.8722079587473786,-0.007222580230914391,-0.17318535528890333,-0.12779204125262145,-34.23646983071382
276,9.2,0.0393733829259872,-0.008098162476432807,-0.07092770181784608,-1.4666666666666668,-0.06525708806001333,-0.2630086569844172,-0.005670613757832746,0.10463047098600053,-1.2036580096822496,-11.147074209483566
277,9.233333333333333,-0.0860285311937332,-0.026998994447260324,-0.1020388129289572,-0.9333333333333335,-0.10122476775735884,-0.4997523117714943,-0.0008140451715983599,0.015196236563625634,-0.43358102156183914,-8.54816850870425
278,9.266666666666666,-0.2956420183181762,-0.09215429574884358,-0.11537214626229053,-0.40000000000000013,-0.11329450897534578,0.3696852012076358,-0.002077637286944753,-0.18234750934283045,-0.769685201207636,2.1230112433838197
279,9.3,-0.3218968510627746,-0.14787487690366066,-0.14648325737340165,-0.9333333333333335,-0.1452907801550134,-0.2750538834663352,-0.0011924772183882493,-0.1766060709077612,-0.6582794498669983,-6.029745571209584
280,9.333333333333334,-0.1820376962423324,-0.15616055190556305,-0.15981659070673498,-0.40000000000000013,-0.15734803642964704,0.4794608758201715,-0.0024685542770879476,-0.024689659812685366,-0.8794608758201716,3.14402003347446
281,9.366666666666667,-0.1241719722747802,-0.14840220585204772,-0.15537214626229054,0.1333333333333332,-0.1550241797817806,0.1171388168027313,-0.0003479664805099425,0.030852207507000393,0.016194516530601888,1.340424257852591
282,9.4,-0.086163192987442,-0.133307074858231,-0.133307074858231,0.6619521421217859,-0.13610776140742703,-0.4649914568038609,0.0028006865491960187,0.04994456841998503,1.1269435989256467,-2.264692328424415
283,9.433333333333334,-0.1526488661766052,-0.13799813373220557,-0.12901978123194927,0.12861880878845255,-0.13110937198499426,-0.483279092578516,0.0020895907530449898,-0.02153949419161094,0.6118979013669685,-3.946102512505261
284,9.466666666666667,0.0001928750280058,-0.10448199516585402,-0.10695470982788974,0.6619521421217859,-0.10949865944030483,-0.31255091517451483,0.0025439496124150945,0.10969153446831063,0.9745030572963007,-0.5561367344258998
285,9.5,-0.1661666482686996,-0.11944267458603033,-0.10266741620160799,0.12861880878845255,-0.10449179994738095,-0.40880476971882995,0.0018243837457729561,-0.06167484832131864,0.5374235785072825,-3.253426848755753
286,9.533333333333333,-0.309451699256897,-0.1655264889879966,-0.11615790035310401,-0.40471452454488077,-0.11451760768593018,0.3101857543503479,-0.0016402926671738316,-0.1949340915709668,-0.7149002788952287,1.7923279216275314
287,9.566666666666666,-0.2323456108570099,-0.18173245613112518,-0.14742616228237782,-0.9380478578782141,-0.14621112162373748,-0.2579241734148018,-0.0012150406586403373,-0.08613448923327241,-0.6801236844634123,-5.837755555828499
288,9.6,0.0334400460124015,-0.12954562095124147,-0.16091664643387385,-0.40471452454488077,-0.15838934077032527,0.4940441176480068,-0.0025273056635485847,0.19182938678272676,-0.8987586421928876,3.2663396995277854
289,9.633333333333333,0.036132875829935,-0.08936280800703524,-0.1566293528075921,0.12861880878845255,-0.1562179895092532,0.13207865189646184,-0.00041136329833890706,0.1923508653391882,-0.003459843108009286,1.4626305211603945
290,9.666666666666666,0.085828348994255,-0.046872843237740415,-0.13456428140353258,0.6619521421217859,-0.13737164525432669,-0.4689561822734387,0.002807363850794109,0.22319999424858167,1.1309083243952247,-2.309129023592985
291,9.7,0.0136556765064597,-0.03219256647325916,-0.09472143222169527,1.1952854754551192,-0.09500587714500396,0.7965088035638468,0.0002844449233086882,0.10866155365146365,0.3987766718912724,12.19883164131159
292,9.733333333333333,0.1367246061563491,0.008775738302010332,-0.03710080526208018,1.7286188087884526,-0.043245704776669065,0.2112206842001878,0.006144899514588888,0.17997031093301816,1.5173981245882648,11.31484544196259
293,9.766666666666666,0.1250342279672622,0.0369724761657348,0.029565861404586488,2.0,0.022344481981714584,1.8708224110060383,0.007221379422871904,0.10268974598554763,0.1291775889939617,34.21734927188333
294,9.8,0.0877532884478569,0.04928859395247703,0.07845475029347537,1.4666666666666668,0.07278463586345657,0.26305500197030574,0.005670114430018802,0.014968652584400333,1.203611664696361,11.147165575312895
295,9.833333333333334,0.2398803681135177,0.09551374542721941,0.10956586140458649,0.9333333333333335,0.10875176364103598,0.4997210846883478,0.0008140977635505142,0.13112860447248173,0.43361224864498565,8.547818515145956
296,9.866666666666667,0.154861107468605,0.10990755025990562,0.12289919473791983,0.40000000000000013,0.12082150312394908,-0.36970045709591337,0.002077691613970742,0.03403960434465593,0.7697004570959135,-2.123153136349514
297,9.9,0.0935514420270919,0.10594062364973482,0.11845475029347538,-0.1333333333333332,0.11834392903283725,-0.05536912986273905,0.00011082126063813313,-0.02479248700574535,-0.07796420347059414,-0.7833698967717946
298,9.933333333333334,0.1727832555770874,0.12215229280184411,0.12215229280184411,0.11092627525106202,0.12133770624682509,-0.17981451142064891,0.0008145865550190229,0.05144554933026231,0.29074078667171094,-1.3450752187201962
299,9.966666666666667,0.1040407940745353,0.11775962278347776,0.11775962278347776,-0.13178010055099054,0.11818065799743585,0.07257291850425454,-0.0004210352139580875,-0.01413986392290055,-0.20435301905524508,0.3312283999397653
300,10.0,0.0721800774335861,0.10670499360431715,0.10670499360431715,-0.3316388753748184,0.10903386700446419,0.501916920150375,-0.0023288734001470357,-0.03685378957087808,-0.8335557955251934,3.6686897306403594
301,10.033333333333333,0.1172729581594467,0.1092680935308009,0.1092680935308009,0.07689299779451253,0.109978781002249,0.1984646121695975,-0.0007106874714481043,0.007294177157197698,-0.12157161437508496,1.9460621848605784
302,10.066666666666666,0.0516397431492805,0.09529120897032423,0.09529120897032423,-0.41930653681430025,0.09842105032211292,0.6866746960098042,-0.0031298413517886897,-0.046781307172832416,-1.1059812328241045,5.122978665302654
303,10.1,0.0569041445851326,0.08598100723844439,0.08598100723844439,-0.2793060519563952,0.08941672232629361,0.7964116199756142,-0.00343571508784922,-0.03251257774116101,-1.0757176719320094,6.4195798177682
304,10.133333333333333,0.0814430713653564,0.08488039954412219,0.08488039954412219,-0.03301823082966601,0.08694818044745539,0.5171734589769603,-0.002067780903333205,-0.005505109082098988,-0.5501916898066264,4.535680844207438
305,10.166666666666666,0.0412215813994407,0.07429161369106167,0.07429161369106167,-0.31766357559181546,0.07750532097822356,0.7354763360741094,-0.0032137072871618877,-0.03628373957878286,-1.0531399116659248,5.805955576684687
306,10.2,-0.1479518115520477,0.02038983308510576,0.04592505006022338,-0.8509969089251488,0.04740828570774985,-0.16759696437151533,-0.0014832356475264763,-0.19536009725979755,-0.6833999445536334,-4.825367009765552
307,10.233333333333333,-0.0125429397448897,0.012402487255250939,0.012402487255250935,-1.0056768841491732,0.013296965204293366,-0.3947213154939855,-0.0008944779490424309,-0.025839904949183066,-0.6109555686551877,-7.370979722078808
308,10.266666666666666,-0.1777898222208023,-0.03372578010340806,-0.03372578010340806,-1.3838480207597699,-0.03176999134489701,-0.61804826394113,-0.0019557887585110456,-0.1460198308759053,-0.7657997568186399,-11.847009434626798
309,10.3,-0.1451077759265899,-0.060739798159273085,-0.062076269684289274,-0.8505146874264365,-0.06045813944788884,-0.08788349979507626,-0.0016181302364004363,-0.08464963647870108,-0.7626311876313603,-3.931937451175876
310,10.333333333333334,-0.1060080528259277,-0.07171892849254359,-0.07264898148739271,-0.3171813540931032,-0.07036335764222583,0.46173270054806115,-0.0022856238451668814,-0.03564469518370188,-0.7789140546411644,3.213070276607467
311,10.366666666666667,-0.1094739064574241,-0.08087582722563125,-0.08087582722563125,-0.2468053721471561,-0.07814508962762164,0.6235582205941359,-0.002730737598009611,-0.03132881682980246,-0.870363592741292,4.946806689692515
312,10.4,-0.1756741851568222,-0.10386773479465106,-0.10386773479465106,-0.6897572270705943,-0.10152991200421184,0.2121735077397534,-0.0023378227904392174,-0.07414427315261037,-0.9019307348103477,-0.5688945672912546
313,10.433333333333334,-0.3398266434669494,-0.16109599841307887,-0.14463742014144865,-1.2230905604039277,-0.1441844771169027,-0.7774287318806512,-0.0004529430245459598,-0.19564216635004672,-0.4456618285232765,-12.161216642850441
314,10.466666666666667,-0.3957879245281219,-0.21801697457965946,-0.20318488326602402,-1.756423893737261,-0.19697038110914697,-0.33430847906931427,-0.00621450215687705,-0.19881754341897492,-1.4221154146679467,-13.013457011156536
315,10.5,-0.2975099980831146,-0.2372968048284069,-0.2439545686128216,-1.2230905604039277,-0.24188959954842995,-0.6278089390675964,-0.0020649690643916585,-0.05562039853468467,-0.5952816213363313,-11.866251908447559
316,10.533333333333333,-0.3264878690242767,-0.2589287481312901,-0.2669464761818414,-0.6897572270705944,-0.2645385309870651,0.25380950071969444,-0.0024079451947763286,-0.06194933803721159,-0.9435667277902888,-0.10223781078004945
317,10.566666666666666,-0.3688992261886596,-0.2856004239070584,-0.2856004239070584,-0.55961843175651,-0.2825799107457743,0.5145002899461577,-0.0030205131612840996,-0.08631931544288529,-1.0741187217026678,2.819587980942397
318,10.6,-0.5198948383331299,-0.3424249896271936,-0.3220321494100532,-1.0929517650898433,-0.3217346178725391,-0.6800712215910943,-0.0002975315375141063,-0.19816022046059079,-0.4128805434987489,-10.569185219764568
319,10.633333333333333,-0.1316372603178024,-0.2913016147636454,-0.3406860971352702,-0.5596184317565099,-0.3379420108421034,0.4919963652082193,-0.002744086293166803,0.206304750524301,-1.0516147969647291,2.8097371579794785
320,10.666666666666666,0.0593339242041111,-0.20626026934064012,-0.3415622670827094,-0.02628509842317661,-0.34010756993859353,0.35214569514816074,-0.0014546971441158907,0.39944149414270463,-0.37843079357133735,3.035723120432721
321,10.7,0.0041026594117283,-0.15523992342564635,-0.32466065925237086,0.5070482349101567,-0.32712000545340986,-0.48900187966920394,0.002459346201038992,0.3312226648651382,0.9960501145793607,-3.1316071486632895
322,10.733333333333333,0.1497469991445541,-0.08126995931947846,-0.2899812736442545,1.04038156824349,-0.29059995268918254,0.5310050422357534,0.0006186790449280166,0.4403469518337366,0.5093765260077366,8.898449522479922
323,10.766666666666666,0.1437273323535919,-0.02670027007252005,-0.2375241102583604,1.5737149015768233,-0.24184905031837708,0.374659483816449,0.004324940060016685,0.385576382671969,1.1990554177603743,11.367185839523867
324,10.8,0.1359566152095794,0.0127496967147233,-0.17085744359169375,2.0,-0.17790737755870015,1.6730007311612336,0.0070499339670064,0.3138639927682796,0.3269992688387664,31.487410090025023
325,10.833333333333334,0.151781752705574,0.04646981856317005,-0.10419077692502708,2.0,-0.11149741321660497,1.9691957210514215,0.007306636291577892,0.263279165922179,0.030804278948578512,35.574900950509615
326,10.866666666666667,0.0731937810778617,0.05295131138039507,-0.037524110258360416,2.0,-0.04485492865297766,1.9970981476352792,0.0073308183946172445,0.11804870973083936,0.002901852364720847,35.959954437366854
327,10.9,0.1219954416155815,0.06969692064192914,0.02914255640830625,2.0,0.02180945998948965,1.9997266370960773,0.0073330964188166,0.10018598162609185,0.00027336290392265816,35.996227591925866
328,10.933333333333334,0.1338057965040207,0.08524555861775633,0.08524555861775633,1.6830900662835024,0.07852463394780307,0.8058208749976108,0.006720924669953263,0.05528116255621762,0.8772691912858916,19.52032807496703
329,10.966666666666667,0.1951223462820053,0.11189451120605874,0.12357078304942863,1.149756732950169,0.12225458215341525,0.7063809500112387,0.001316200896013378,0.07286776412859006,0.4433757829389303,12.021151015736436
330,11.0,0.0994733795523643,0.10888195363526558,0.14411822970332316,0.6164233996168357,0.14126587905617186,-0.4596233220181358,0.0028523506471513083,-0.04179249950380756,1.0760467216349716,-2.2045262031964636
331,11.033333333333333,0.0539652407169342,0.09556273571875742,0.1468878985794399,0.08309006628350235,0.14508722198346077,-0.4206415594446339,0.0018006765959791282,-0.09112198126652657,0.5037316257281362,-3.492124161300842
332,11.066666666666666,0.1844699084758758,0.11712582544799385,0.13187978967777886,-0.450243267049831,0.1338024610421042,0.368544329071289,-0.0019226713643253346,0.050667447433771606,-0.81878759612112,2.1976657613132424
333,11.1,0.0559608303010463,0.10229118120342875,0.10229118120342875,-0.8876582542305032,0.10372765307779318,-0.16633936502408497,-0.0014364718743644228,-0.047766822776746876,-0.7213188892064182,-4.811271819751829
334,11.133333333333333,0.1594498306512832,0.11615414690826693,0.09048035050685643,-0.3543249208971698,0.092857566258012,0.4723651483631284,-0.0023772157511555703,0.0665922643932712,-0.8266900692602982,3.207041905817791
335,11.166666666666666,0.0553342886269092,0.10140321038908313,0.09644729758806188,0.1790084124361635,0.09647099050701702,0.04791663669501153,-2.369291895513992e-05,-0.04113670188010782,0.13109177574115197,0.8375044958575577
336,11.2,0.034547921270132,0.08518847142663463,0.08518847142663463,-0.33776478484281736,0.0874341168053793,0.4841983254909492,-0.002245645378744665,-0.052886195535247295,-0.8219631103337666,3.5160477085570987
337,11.233333333333333,0.0676419287919998,0.08093282296166632,0.08093282296166632,-0.12766945394904944,0.08291801159517048,0.46813258933763024,-0.0019851886335041646,-0.015276082803170679,-0.5958020432866797,3.8577917099509627
338,11.266666666666666,0.0442948825657367,0.07204684479193993,0.07204684479193993,-0.26657934509179165,0.07484627273773364,0.6414860424889299,-0.0027994279457937143,-0.030551390171996942,-0.9080653875807216,5.081833781627709
339,11.3,0.0341992825269699,0.0628674911375176,0.0628674911375176,-0.2753806096326697,0.06614229090686123,0.7588967693646176,-0.0032747997693436254,-0.03194300837989133,-1.0342773789972872,6.103741219084942
340,11.333333333333334,-0.1886206567287445,0.0018728454850890086,0.0359103597053175,-0.8087139429660031,0.03759792516300712,-0.07974843386759922,-0.0016875654576896174,-0.22621858189175162,-0.7289655090984039,-3.840759525347372
341,11.366666666666667,-0.0419839844107627,-0.008763965122617469,-0.00876396512261747,-1.3402297448380491,-0.007049003212124397,-0.6457984399351309,-0.0017149619104930734,-0.0349349811986383,-0.6944313049029183,-11.90171692444354
342,11.4,-0.2330518066883087,-0.06316158797887392,-0.06316158797887392,-1.6319286856876933,-0.05761923256000942,-0.2544612520723142,-0.0055423554188644975,-0.17543257412829927,-1.3774674336153792,-11.130223611228276
343,11.433333333333334,-0.1848867982625961,-0.09268419622588873,-0.09978143305735258,-1.09859535235436,-0.09962460493938695,-0.8203192180815742,-0.000156828117965635,-0.08526219332320915,-0.27827613427278575,-12.245772172789392
344,11.466666666666667,-0.4544833600521087,-0.18043310997056589,-0.15417905591360903,-1.6319286856876931,-0.1492846138271865,-0.3145971656150408,-0.004894442086422535,-0.3051987462249222,-1.3173315200726523,-11.248777269355369
345,11.5,-0.5427636504173279,-0.26831090107567906,-0.22084572258027568,-2.0,-0.21374213987165133,-1.7349031253357823,-0.007103582708624351,-0.3290215105456765,-0.2650968746642177,-32.341663129633794
346,11.533333333333333,-0.3152073621749878,-0.27968492824703656,-0.27968492824703656,-1.7651761700028263,-0.27282700394356163,-1.0901836886292366,-0.006857924303474927,-0.04238035823142616,-0.6749924813735897,-23.444534903083465
347,11.566666666666666,-0.2626437842845917,-0.27555185658413617,-0.32074635613601965,-1.2318428366694931,-0.3182993379359841,-0.5912660238714176,-0.0024470182000355667,0.05565555365139241,-0.6405768127980755,-11.794210161346527
348,11.6,-0.5067101716995239,-0.3316158088606203,-0.34403000624722496,-0.6985095033361598,-0.3417059273173331,0.2109419517977147,-0.0023240789298918374,-0.1650042443821908,-0.9094514551338745,-0.5826978624750845
349,11.633333333333333,0.0070267068222165,-0.24948318980015521,-0.3495358785806525,-0.16517617000282647,-0.347663782984432,0.4073531251241904,-0.00187209559622048,0.3546904898066485,-0.5725292951270169,3.136661812618528
350,11.666666666666666,-0.0532231144607067,-0.2018832776269004,-0.33726397313630224,0.36815716333050685,-0.3386601309946746,-0.2587948470730148,0.0013961578583723822,0.2854370165339679,0.6269520104035217,-1.4259923501332352
351,11.7,-0.3050442636013031,-0.22690341411464449,-0.3072142899141742,0.9014904966638402,-0.3086372686514637,0.16340033234422585,0.0014229787372894709,0.0035930050501605804,0.7380901643196143,4.778331102850369
352,11.733333333333333,0.0609237365424633,-0.15709529308615586,-0.25938682891426845,1.4348238299971734,-0.26222924711075507,0.5294475656250908,0.002842418196486618,0.3231529836532184,0.9053762643720826,11.67233948651801
353,11.766666666666666,0.0986799523234367,-0.09506087678150593,-0.1937815901365849,1.9681571633305066,-0.2006303341953467,1.3918695498490048,0.006848744058761791,0.2993102865187834,0.5762876134815018,27.607799787916264
354,11.8,0.0309762582182884,-0.06449247642711661,-0.12711492346991826,2.0,-0.13440260708898036,1.9473272527639622,0.007287683619062096,0.16537886530726875,0.052672747236037765,35.27311608814268
355,11.833333333333334,0.0772525072097778,-0.03011437502036833,-0.060448256803251596,2.0,-0.06777728980118257,1.9950380745357363,0.007329032997930973,0.14502979701096036,0.004961925464263661,35.93152542859316
356,11.866666666666667,0.146582618355751,0.012740807580750843,0.00621840986341507,2.0,-0.001114518365858623,1.9995325722388746,0.007332928229273693,0.14769713672160964,0.0004674277611254052,35.99354949689647
357,11.9,0.2075859308242797,0.05999754452909737,0.05999754452909737,1.613374039970469,0.05341135266214556,0.5431045233605025,0.006586191866951807,0.15417457816213415,1.0702695166099665,15.894842422374934
358,11.933333333333334,0.2347541153430938,0.10238210699325644,0.10238210699325645,1.271536873924772,0.09952880552027198,0.5486446875754685,0.0028533014729844736,0.13522530982282183,0.7228921863493036,11.71018524122021
359,11.966666666666667,0.0157736763358116,0.08137654238401282,0.12698889167963773,0.7382035405914388,0.12490546432648239,-0.09947734133320352,0.002083427353155337,-0.10913178799067079,0.8376808819246423,1.8319946814608297
360,12.0,0.2098900973796844,0.11254556094413741,0.13381789858824125,0.20487020725810545,0.13189597625599392,-0.4052212314381247,0.0019219223322473333,0.07799412112369047,0.6100914386962302,-3.0047097103334646
361,12.033333333333333,0.1817664206027984,0.12933403325370235,0.12933403325370235,-0.134515960036167,0.12921737058839533,-0.06257574266048765,0.0001166626653070213,0.052549050014403076,-0.07194021737567935,-0.8721413322539646
362,12.066666666666666,0.1333517879247665,0.13030847886698138,0.13030847886698138,0.029233368398370874,0.13000883470774854,-0.07109315532086255,0.00029964415923283694,0.0033429532170179688,0.10032652371923342,-0.5743940715303082
363,12.1,0.0603037662804126,0.11332989488819065,0.11350514670248263,-0.5040999649349625,0.11658731812583753,0.6492258340968688,-0.0030821714233549014,-0.05628355184542493,-1.1533257990318313,4.57272090944671
364,12.133333333333333,0.0750560387969017,0.1040471501153369,0.1040471501153369,-0.28373989761437196,0.10744971912520193,0.7848035018211537,-0.0034025690098650335,-0.03239368032830023,-1.0685433994355256,6.2972839667361225
365,12.166666666666666,-0.0463164672255516,0.06757872948979685,0.07681137575041339,-0.8170732309477053,0.07844381599678517,-0.10586176984239815,-0.001632440246371783,-0.12476028322233676,-0.7112114611053072,-4.1334381381417815
366,12.2,0.0811649560928344,0.07087386321453427,0.06735337916326765,-0.283739897614372,0.06940237399319416,0.40886771190417304,-0.002048994829926501,0.011762582099640248,-0.692607609518545,2.8158421217784744
367,12.233333333333333,0.0413943119347095,0.06372404402996693,0.06372404402996693,-0.10888005399902187,0.06544153491845608,0.4028121100445252,-0.0017174908884891593,-0.024047222983746584,-0.5116921640435471,3.311365316692413
368,12.266666666666666,0.155495598912239,0.08598184631014953,0.07787248667444398,0.42445327933431143,0.07607295453659083,-0.344001383837498,0.001799532137853152,0.07942264437564817,0.7684546631718094,-2.040653359758151
369,12.3,-0.0250248312950134,0.059058856010101995,0.07424315154114325,-0.1088800539990219,0.07407223502705224,-0.06704872551694095,0.00017091651409101294,-0.09909706632206564,-0.041831328482080946,-0.8400679562460243
370,12.333333333333334,0.0890902355313301,0.06634251278634502,0.06634251278634502,-0.23701916264394676,0.06773916689964365,0.28988073097771283,-0.0013966541132986315,0.02135106863168644,-0.5268998936216596,2.0047684953748823
371,12.366666666666667,0.0142635647207498,0.053711551804034835,0.053711551804034835,-0.3789288294693057,0.056859703493979286,0.6970200998250491,-0.0031481516899444506,-0.042596138773229486,-1.0759489292943547,5.292734222870037
372,12.4,-0.0686568692326545,0.024032942519635437,0.024032942519635437,-0.8903582785319819,0.025326881476743376,-0.24883238096056093,-0.0012939389571079395,-0.09398375070939788,-0.641525897571421,-5.735854626514451
373,12.433333333333334,-0.1313455402851104,-0.013651757857287752,-0.013651757857287752,-1.1305410113076957,-0.013359742036262964,-0.6535875063402581,-0.0002920158210247877,-0.11798579824884743,-0.4769535049674376,-10.27235539117669
374,12.466666666666667,-0.2017907947301864,-0.05928203500877462,-0.05928203500877462,-1.368908314544606,-0.0577722069938141,-0.6612888320179697,-0.0015098280149605167,-0.1440185877363723,-0.7076194825266362,-11.93225512597828
375,12.5,-0.136672705411911,-0.07805197131827199,-0.0871345343824837,-0.8355749812112726,-0.08539496438829304,-0.027604730520103482,-0.0017395699941906567,-0.05127774102361797,-0.8079702506911691,-3.256332212941307
376,12.533333333333333,-0.100669577717781,-0.08353752958234485,-0.09720925597841501,-0.3022416478779393,-0.09491050186116064,0.47148851452811713,-0.002298754117254373,-0.00575907585662036,-0.7737301624060564,3.346007940778223
377,12.566666666666666,-0.4068264961242676,-0.1619463775732675,-0.1250617553521241,-0.8355749812112726,-0.1234052793948903,-0.07694278120612352,-0.0016564759572338106,-0.28342121672937726,-0.7586322000051491,-3.8093137334448692
378,12.6,-0.2269881218671798,-0.17772126867442886,-0.17069203250361098,-1.368908314544606,-0.16861482579622034,-0.608627720900891,-0.002077206707390644,-0.05837329607095945,-0.7602805936437149,-11.828437506918895
379,12.633333333333333,-0.0474912300705909,-0.14613594298278892,-0.19854453187732007,-0.8355749812112726,-0.19686472132815253,-0.06308759590368329,-0.0016798105491675486,0.14937349125756164,-0.7724873853075893,-3.6540246344863374
380,12.666666666666666,-0.0799859464168548,-0.130092262059129,-0.2086192534732514,-0.3022416478779393,-0.20638223033935116,0.4541534779012546,-0.002237023133900229,0.12639628392249636,-0.7563951257791939,3.184777095829737
381,12.7,-0.0924339070916175,-0.12095879777230213,-0.20091619729140492,0.23109168545539405,-0.20128413925509023,-0.03671283472759937,0.00036794196368530874,0.10885023216347273,0.2678045201829934,0.21266233344550267
382,12.733333333333333,0.0074338372796773,-0.08981910651519516,-0.17543536333178067,0.7644250187887274,-0.1776498583847428,-0.19805938897682185,0.0022144950529621177,0.1850836956644201,0.9624844077655492,0.7270857958779442
383,12.766666666666666,0.0231805797666311,-0.06241274211164936,-0.13217675159437864,1.2977583521220608,-0.13355521465097125,0.6822864589373417,0.001378463056592616,0.15673579441760235,0.6154718931847191,11.973650447619338
384,12.8,0.0152627909556031,-0.04357371667248609,-0.07114036207919884,1.831091685455394,-0.07758633649362258,0.7162653788818427,0.0064459744144237385,0.09284912744922567,1.1148263065735513,18.284462228569428
385,12.833333333333334,0.0469903871417045,-0.02160876338206758,-0.021608763382067575,1.4859479609139379,-0.027208681469138605,0.2671841399554409,0.00559991808707103,0.0741990686108431,1.218763820958497,11.155305875912159
386,12.866666666666667,0.0624382346868515,-0.0012244354968018803,0.01014505753728591,0.9526146275806046,0.009419676182913936,0.5371328273688525,0.0007253813543719734,0.053018558503937566,0.4154818002117521,8.967129818784775
387,12.9,0.0597639121115207,0.013567365559663815,0.02412110067886162,0.41928129424727123,0.021990096571462864,-0.37683923558693655,0.0021310041073987554,0.037773815540057834,0.7961205298342078,-2.135086132616835
388,12.933333333333334,0.037613283842802,0.01939933926304177,0.020319366042659548,-0.1140520390860621,0.020062703744354343,-0.0869223719098495,0.0002566622983052047,0.017550580098447656,-0.027129667176212596,-1.0167010708030761
389,12.966666666666667,0.0898507460951805,0.03648626217332762,0.03429540918423526,0.41928129424727123,0.031419464873860214,-0.6216207912427858,0.0028759443103750434,0.05843128122132028,1.040902085490057,-4.54055054056569
390,13.0,0.0707824006676673,0.044804271719532156,0.044804271719532156,0.31526587605890694,0.04128252977620016,-0.8082194636557363,0.0035217419433319977,0.029499870891467148,1.1234853397146431,-6.435995393054526
391,13.033333333333333,0.0604896917939186,0.048608533063313114,0.048608533063313114,0.11412784031342876,0.04598306746386949,-0.636751191273766,0.002625465599443627,0.014506624330049116,0.7508790315871947,-5.403977949338873
392,13.066666666666666,0.0340902991592884,0.04508735506749767,0.04508735506749767,-0.10563533987446333,0.044311594826494625,-0.22768314082063673,0.0007757602410030442,-0.010221295667206226,0.1220478009461734,-2.29636563167086
393,13.1,0.0580822266638278,0.04823906458161151,0.04823906458161151,0.09455128542341512,0.04714612260674569,-0.2563682877458321,0.00109294197486582,0.010936104057082112,0.3509195731692472,-2.0734410660048033
394,13.133333333333333,0.0385752022266387,0.04589524096615879,0.04589524096615879,-0.07031470846358157,0.04575377691128276,-0.05499941245591353,0.0001414640548760282,-0.007178574684644064,-0.015315296007668039,-0.6620762811441613
395,13.166666666666666,0.0535798333585262,0.04775902259536327,0.04775902259536327,0.055913448876134475,0.04729232870388109,-0.10545297237438173,0.0004666938914821839,0.006287504654645115,0.1613664212505162,-0.8124094516597852
396,13.2,0.090215116739273,0.05805610593732272,0.05805610593732272,0.3089125002587836,0.05581855696083039,-0.4864404090149872,0.0022375489764923304,0.03439655977844261,0.7953529092737708,-3.59233116258468
397,13.233333333333333,-0.0941173657774925,0.02114873251358216,0.0505754115015044,-0.22442083307454974,0.05085629948397122,0.013923619334189924,-0.00028088798246681673,-0.1449736652614637,-0.23834445240873967,-0.40958828688686555
398,13.266666666666666,0.0837953314185142,0.03634271733535659,0.03634271733535659,-0.42698082498443424,0.03917424248155035,0.602332637717659,-0.00283152514619376,0.04462108893696384,-1.0293134627020932,4.326064021015252
399,13.299999999999999,0.0868781730532646,0.048599327599300204,0.03988780094698656,0.10635250834889909,0.04065826326671412,0.2203259120585886,-0.0007704623197275634,0.04621990978655048,-0.1139734037096895,2.207670001893553
400,13.333333333333334,0.0590688027441501,0.05113854040930752,0.05113854040930752,0.33752218386962884,0.049437899381833794,-0.33927692388460606,0.0017006410274737274,0.009630903362316305,0.6767991077542349,-2.1978801267044488
401,13.366666666666667,0.0062749348580837,0.04025755159729231,0.0446115020938507,-0.19581114946370448,0.045028994242497955,0.058029626733113404,-0.0004174921486472527,-0.03875405938441426,-0.2538407761968179,0.06018692086283728
402,13.4,-0.0303611904382705,0.02313004406492933,0.02313004406492933,-0.6444437408676411,0.02593738098149578,0.45507910064563406,-0.0028073369165664483,-0.05629857141976628,-1.0995228415132752,2.1535945103320144
403,13.433333333333334,0.0618276931345462,0.03251557341336811,0.01942636381378574,-0.11111040753430779,0.02139119708822227,0.4553572690422598,-0.0019648332744365317,0.040436496046323926,-0.5664676765765676,3.7358613222655936
404,13.466666666666667,0.0085631338879466,0.026706271568490578,0.026706271568490578,0.2183972326411452,0.026360686231850998,-0.02956585503090009,0.00034558533663957974,-0.0177975523439044,0.24796308767204528,0.2650805462967525
405,13.5,0.0493731163442134,0.0322037718558164,0.0322037718558164,0.16492500861977477,0.031023964429853064,-0.25223785157038237,0.001179807425963339,0.01834915191436034,0.41716286019015714,-1.8364669443245945
406,13.533333333333333,0.0100371669977903,0.026827597192699865,0.026827597192699865,-0.1612852398934962,0.027258094849714008,0.0680201724291451,-0.0004304976570141429,-0.01722092785192371,-0.2293054123226413,0.2228200898838789
407,13.566666666666666,0.0066353450529277,0.021930271912604143,0.021930271912604143,-0.14691975840287166,0.023065551198703217,0.24713788294232508,-0.0011352792860990744,-0.016430206145775516,-0.3940576413451967,1.8402191855922476
408,13.6,-0.1433282196521759,-0.018150675120370784,-0.0007448311452693569,-0.680253091736205,0.001808408569205135,0.33255555682390525,-0.002553239714474492,-0.14513662822138104,-1.0128086485601102,0.780349020938935
409,13.633333333333333,-0.2302535623311996,-0.06959302163668186,-0.041197711980920634,-1.2135864250695383,-0.040779525850665375,-0.781830849563611,-0.0004181861302552589,-0.1894740364805342,-0.43175557550592725,-12.169895103425404
410,13.666666666666666,-0.1989150047302246,-0.10095811220172393,-0.0994283705943497,-1.7469197584028717,-0.09323550811656647,-0.2947178719081329,-0.006192862477783223,-0.10567949661365814,-1.4522018864947388,-12.467106632332232
411,13.7,-0.1136841922998428,-0.10404463040433111,-0.13988125143000096,-1.2135864250695385,-0.1379496136791491,-0.6413602167642029,-0.0019316377508518667,0.02426542137930629,-0.5722262083053357,-11.89296728447799
412,13.733333333333333,-0.2429046183824539,-0.1377230197594039,-0.16255635448787448,-0.6802530917362052,-0.16008699162765624,0.282752699263516,-0.0024693628602182327,-0.08281762675479765,-0.9630057909997212,0.22215793887881818
413,13.766666666666666,-0.4315206110477447,-0.20897918083980216,-0.20300923532352577,-1.2135864250695385,-0.20262592741259708,-0.785068062747728,-0.000383307910928693,-0.22889468363514762,-0.4285183623218105,-12.17627703798837
414,13.799999999999999,-0.1445350497961044,-0.19334923179154986,-0.22568433838139929,-0.6802530917362052,-0.22305189690511565,0.37958252388041136,-0.0026324414762836368,0.07851684710901125,-1.0598356156166164,1.3074278857499806
415,13.833333333333334,-0.1912250071763992,-0.19283403324725829,-0.23058166366149502,-0.14691975840287186,-0.22852828300812494,0.4656767344805739,-0.002053380653370074,0.03730327583172574,-0.6125964928834458,3.73069070081908
416,13.866666666666667,-0.1362166553735733,-0.17910234477416367,-0.21770121116381297,0.38641357493046147,-0.21909484167018353,-0.25204428805515144,0.0013936305063705634,0.08287818629661023,0.6384578629856129,-1.3166131054302
417,13.9,-0.1398272067308426,-0.16957675421163537,-0.18704298088835314,0.9197469082637948,-0.18837522459393527,0.20282203694368411,0.0013322437055821312,0.04854801786309268,0.7169248713201106,5.220170086092312
418,13.933333333333334,0.038167018443346,-0.11919164498442968,-0.13860697283511553,1.453080241597128,-0.14165049111354458,0.5085232262393559,0.0030435182784290526,0.17981750955689058,0.9445570153577721,11.631088646014726
419,13.966666666666667,-0.0228028781712055,-0.09581400780140961,-0.09581400780140961,1.2837889510111775,-0.09735445318624461,0.6689808650278227,0.0015404453848349986,0.07455157501503912,0.6148080859833548,11.94741941962629
420,14.0,0.0872042477130889,-0.051425698699189525,-0.05142569869918952,1.3316492730666027,-0.05296723457571238,0.6629567929221399,0.0015415358765228648,0.14017148228880127,0.6686924801444628,11.935543391760792
421,14.033333333333333,0.0850080922245979,-0.018335746735173616,-0.018335746735173616,0.9926985589204771,-0.01928877616872155,0.3702303994082287,0.0009530294335479347,0.10429686839331945,0.6224681595122483,7.096485212723083
422,14.066666666666666,0.0541261062026023,-0.0007612205367922356,-0.0007612205367922356,0.5272357859514414,-0.003865790249845012,-0.6042606277239573,0.0031045697130527763,0.05799189645244732,1.1314964136753987,-3.937694594591029
423,14.1,0.125405803322792,0.029838682395528896,0.029838682395528896,0.917997087969634,0.028677922034401736,0.3060275683041003,0.0011607603611271597,0.09672788128839026,0.6119695196655337,6.376899037936205
424,14.133333333333333,0.0375201292335987,0.03170170111812568,0.04266080755007225,0.38466375463630065,0.04034031360363772,-0.44411289604552207,0.002320493946434528,-0.0028201843700390167,0.8287766506818227,-2.8585734793167568
425,14.166666666666666,0.0235504563897848,0.029724740024532622,0.037705154926837826,-0.14866957869703268,0.037537293468658486,-0.07534428426774767,0.00016786145817934,-0.013986837078873687,-0.07332529442928501,-1.0042539426406136
426,14.2,-0.0521056912839412,0.009878006873911067,0.014971724525825625,-0.682002912030366,0.01765349600740531,0.41025808967880995,-0.0026817714815796853,-0.0697591872913465,-1.092261001709176,1.651240030365419
427,14.233333333333333,0.1181288585066795,0.03613261327558359,0.010016071902591201,-0.14866957869703268,0.01213356507736289,0.48296975393211605,-0.0021174931747716882,0.1059952934293166,-0.6316393326291487,3.88658803674932
428,14.266666666666666,0.1378477811813354,0.06080208846368611,0.022838197057134555,0.38466375463630065,0.021493765004161565,-0.23981339274123692,0.0013444320529729901,0.11635401617717384,0.6244771473775376,-1.2109605299836006
429,14.299999999999999,0.1178927421569824,0.07464856282692298,0.05343809998945569,0.917997087969634,0.05209195224749456,0.1959516551927346,0.0013461477419611234,0.06580078990948783,0.7220454327768994,5.143166757135166
430,14.333333333333334,0.1065718308091163,0.08239106852813347,0.08239106852813347,0.8685890561603333,0.08079882135854097,0.08894271620845429,0.0015922471695924978,0.025773009450575327,0.779646339951879,3.9438091626575416
431,14.366666666666667,0.0711543932557106,0.0796657829336914,0.09356625928903346,0.335255722827,0.09117149026127129,-0.48504044396772716,0.0023947690277621725,-0.02001709700556069,0.8202961667947272,-3.3787978411558734
432,14.4,0.0717330351471901,0.07774181496783306,0.08696367227215568,-0.19807761050633332,0.08704157606706857,-0.027817024098953515,-7.790379491288968e-05,-0.015308540919878474,-0.17026058640737982,-0.7069015268597653
433,14.433333333333334,0.0988934934139251,0.08287183458394465,0.08287183458394465,-0.12275513064633092,0.08364190411629,0.1596289959727626,-0.0007700695323453466,0.015251589297635107,-0.2823841266190935,1.1135002300344226
434,14.466666666666667,0.1251219809055328,0.09311896839726042,0.09311896839726042,0.307414014399473,0.09152944714234215,-0.3236278216795241,0.0015895212549182636,0.03359253376319066,0.6310418360789971,-2.149407562836971
435,14.5,0.2214605063199997,0.12424626681868785,0.12114387998835396,0.8407473477328063,0.11943848599257875,0.04380225663088333,0.0017053939957752118,0.10202202032742094,0.796945091101923,3.4378742984634068
436,14.533333333333333,0.1662698239088058,0.13443844484184236,0.13443844484184236,0.398836945604652,0.13154738293917942,-0.595725446979001,0.0028910619026629447,0.03472244096962637,0.994562392583653,-4.218336769864884
437,14.566666666666666,-0.1493550539016723,0.06560862506230837,0.12995523191755298,-0.13449638772868133,0.12936165499658012,-0.18130987450244407,0.0005935769209728659,-0.2787167088982524,0.046813486773762736,-1.9214767745867185
438,14.6,0.0817894488573074,0.06953303908385977,0.10769424121548582,-0.6678297210620147,0.11049149932530615,0.46760895551366755,-0.0027972581098203303,-0.028702050467998744,-1.1354386765756823,2.2940292883638387
439,14.633333333333333,-0.2651814222335815,-0.011646889815444386,0.06765547273564089,-1.201163054395348,0.06801260582690472,-0.7890349014539269,-0.0003571330912638254,-0.3331940280604862,-0.41212815294142113,-12.184097377152025
440,14.666666666666666,-0.4756373465061188,-0.12418075565395001,0.009838926478018185,-1.7344963877286812,0.016002031069183003,-0.24126897092660649,-0.006163104591164818,-0.4916393775753018,-1.4932274168020747,-11.729511798787168
441,14.7,-0.1155660077929496,-0.12209137888758977,-0.05682774018864848,-2.0,-0.04960464579479479,-1.8728012236773355,-0.007223094393853692,-0.0659613619981548,-0.12719877632266452,-34.24465688674723
442,14.733333333333333,-0.2673432826995849,-0.1573200307287282,-0.12349440685531515,-2.0,-0.11617145834961395,-1.9880175065783017,-0.007322948505701199,-0.15117182434997095,-0.011982493421698326,-35.83464159078056
443,14.766666666666666,-0.2030155509710312,-0.16840278786352897,-0.17238329574420405,-1.4666666666666668,-0.16667094619724945,-0.259134960178687,-0.005712349546954598,-0.036344604773781736,-1.2075317064879798,-11.13943749292368
444,14.799999999999999,-0.3737671077251434,-0.21821079681300992,-0.21821079681300992,-1.3748250320641762,-0.21436964794456903,-0.44417565984001006,-0.003841148868440891,-0.15939745978057435,-0.9306493722241661,-11.504232015113157
445,14.833333333333334,0.0076747615821659,-0.1634256719106564,-0.246260520104038,-0.8414916987308428,-0.24479599021957968,-0.18622883415271713,-0.001464529884458332,0.25247075180174555,-0.6552628645781258,-5.034193251138575
446,14.866666666666667,-0.1850981563329696,-0.16868200513734088,-0.2565324656172883,-0.3081583653975095,-0.2544733439501405,0.40179251479925937,-0.002059121667147834,0.06937518761717087,-0.7099508801967689,2.6810618811371567
447,14.9,-0.0335281454026699,-0.13590248111993805,-0.24902663335276085,0.2251749679358238,-0.24946768469098213,-0.05773021670333614,0.0004410513382212822,0.21593953928831222,0.2829051846391599,0.007403677986723811
448,14.933333333333334,0.0364893861114978,-0.09409144173555456,-0.22374302331045562,0.7585083012691571,-0.22597931065482332,-0.20631465563479157,0.0022362873443677045,0.2624686967663211,0.9648229569039487,0.634560658682362
449,14.966666666666667,0.0295494813472032,-0.06410420633079736,-0.1806816354903726,1.2918416346024904,-0.181991757946125,0.689361686211841,0.0013101224557523772,0.2115412392933282,0.6024799483906493,11.987598752817641
450,15.0,-0.0908306762576103,-0.07058630728289927,-0.11984246989251182,1.8251749679358236,-0.12627057315367848,0.6865421750935805,0.006428103261166662,0.03543989689606819,1.138632792842243,17.87428201629141
451,15.033333333333333,0.0645964592695236,-0.037799772354164526,-0.053175803225845156,2.0,-0.06042386126252511,1.9016054269384066,0.007248058036679952,0.1250203205320487,0.09839457306159338,34.64215489175001
452,15.066666666666666,-0.0464930571615695,-0.03990819706873709,-0.004286914336956264,1.4666666666666668,-0.009968122441767447,0.26202534532522326,0.005681208104811182,-0.03652493471980205,1.2046413213414435,11.145135680784005
453,15.1,0.0728681534528732,-0.012555999375119632,0.02682419677415485,0.9333333333333335,0.026011267457459502,0.5004148635956607,0.0008129293166953475,0.0468568859954137,0.4329184697376728,8.555594398256952
454,15.133333333333333,-0.0312464218586683,-0.01708907859237356,0.04015753010748819,0.40000000000000013,0.03808104548888593,-0.3693615137034003,0.002076484618602256,-0.06932746734755424,0.7693615137034004,-2.1200006694271236
455,15.166666666666666,0.0448849275708198,-0.0020582209648578494,0.03571308566304375,-0.1333333333333332,0.03560299671380052,-0.05517838325764103,0.00011008894924323387,0.009281930857019283,-0.07815495007569216,-0.7816496965652677
456,15.2,0.0800142064690589,0.017847204684976435,0.017847204684976435,-0.5359764293420195,0.02119882691299494,0.7071365993687213,-0.0033516222280185054,0.05881537955606395,-1.2431130287107408,5.003906381684684
457,15.233333333333333,-0.2132710218429565,-0.038207024711096604,-0.017796454070868654,-1.0693097626753527,-0.017415950425856322,-0.6495225197390246,-0.0003805036450123325,-0.19585507141710018,-0.4197872429363281,-10.22679496792686
458,15.266666666666666,0.1039886176586151,-0.0037196228464476955,-0.03566233504893597,-0.5359764293420194,-0.033010278639687876,0.4757564848800664,-0.0026520564092480936,0.13699889629830297,-1.0117329142220859,2.725473718412479
459,15.299999999999999,0.1926798969507217,0.043914109470456236,-0.035750438249225504,-0.0026430960086860633,-0.0344907412189422,0.30924308061680816,-0.0012596970302833008,0.22717063816966393,-0.3118861766254942,2.7116253967981545
460,15.333333333333334,0.0685684531927108,0.049893647559590304,-0.018060763671737264,0.5306902373246473,-0.020774515594509598,-0.5472267014594663,0.0027137519227723346,0.0893429687872204,1.0779169387841137,-3.5932941419210476
461,15.366666666666667,0.1315589696168899,0.06970033595917785,0.017406688683528758,1.0640235706579806,0.01693265138452299,0.5981708090155001,0.00047403729900576813,0.11462631823236691,0.46585276164248046,9.65124431925886
462,15.4,0.1907093673944473,0.09904924586113838,0.07065191881657255,1.5973569039913138,0.06607784029393046,0.3486099911537528,0.004574078522642092,0.12463152710051684,1.248746912837561,11.315831125417393
463,15.433333333333334,0.1981734782457351,0.12309032883528581,0.12309032883528581,1.5731523005613977,0.11712798876488749,0.22275423585137877,0.005962340070398323,0.08104548948084762,1.3503980647100189,11.067715493535578
464,15.466666666666667,0.1746144890785217,0.13558673442433317,0.15775096107622127,1.0398189672280642,0.1574984322647058,0.7488564022247549,0.0002525288115154678,0.017116056813815894,0.2909625650033093,11.340130428300965
465,15.5,0.1484332382678985,0.13870245958458016,0.17463381553937896,0.5064856338947309,0.17233566627846206,-0.3883531517761061,0.0022981492609168985,-0.023902428010563553,0.894838785670837,-1.995849643350631
466,15.533333333333333,0.1747089922428131,0.1474352993597151,0.17373889222475888,-0.026847699438602435,0.1728675098160087,-0.21793922298346208,0.0008713824087501765,0.0018414824268044028,0.19109152354485964,-1.9665714937312124
467,15.566666666666666,0.1026447266340255,0.13657202355466364,0.15506619113236103,-0.5601810327719358,0.15818128544710225,0.6415370216980087,-0.003115094314741218,-0.055536558813076745,-1.2017180544699446,4.363951706428488
468,15.6,0.0507977567613124,0.11576877277109385,0.1186157122621854,-1.093514366105269,0.11890047764153652,-0.6872058752558219,-0.0002847653793511262,-0.06810272088022412,-0.4063084908494472,-10.649150511804471
469,15.633333333333333,0.0562099255621433,0.10132367541044633,0.09994301116978754,-0.5601810327719358,0.10267813973854212,0.48925236154775176,-0.0027351285687545746,-0.04646821417639882,-1.0494333943196876,2.7826263712156196
470,15.666666666666666,0.0536988712847232,0.08977299965669445,0.08977299965669445,-0.3051003453927927,0.09301740505986297,0.7328626463530408,-0.0032444054031685182,-0.039318533775139775,-1.0379629917458335,5.758016295422174
471,15.7,0.0931490063667297,0.09059179901064383,0.09059179901064383,0.024563980618481362,0.09215931806026947,0.4038541640751516,-0.0015675190496256403,0.0009896883064602208,-0.37929018345667026,3.6580138656408567
472,15.733333333333333,0.1204364001750946,0.09783015552210765,0.09783015552210765,0.2171506953439145,0.09733335882934536,-0.06530038426304743,0.0004967966927622858,0.02310304134574924,0.2824510796069619,-0.044625124867554655
473,15.766666666666666,0.101852960884571,0.0988058261041767,0.0988058261041767,0.02927011746207131,0.09841700082564488,-0.08732570447620652,0.00038882527853181803,0.0034359600589261297,0.11659582193827783,-0.6934388205019829
474,15.799999999999999,0.1102837175130844,0.10158961502330968,0.10158961502330968,0.08351366757398962,0.10084569197872024,-0.16671213600968837,0.0007439230445894368,0.009438025534364153,0.25022580358367796,-1.2847438880388842
475,15.833333333333334,0.0970037579536438,0.1004773847677284,0.1004773847677284,-0.03336690766743852,0.10029837093667046,-0.05401924847925117,0.00017901383105793645,-0.0032946129830266624,0.02065234081181265,-0.5611994664402428
476,15.866666666666667,0.2330378144979477,0.13262791157199008,0.1171429322899249,0.4999664256658948,0.11380963737030453,-0.715278427280063,0.0033332949196203665,0.11922817712764316,1.2152448529459576,-5.17650420256955
477,15.9,0.3067972064018249,0.17487003913073496,0.15158625758989916,1.033299758999228,0.15102432752223294,0.5703069494970335,0.000561930067666222,0.15577287887959196,0.46299280950219457,9.338945815581146
478,15.933333333333334,0.2047652155160904,0.18212066189690718,0.18212066189690718,0.9160321292102406,0.18068230217377138,0.14275534191784534,0.0014383597231358014,0.024082913342319018,0.7732767872923952,4.546941778829178
479,15.966666666666667,0.2997465133666992,0.2106490326803307,0.2106490326803307,0.8558511235027055,0.20900300406350453,0.06709375070772128,0.0016460286168261673,0.09074350930319469,0.7887573727949843,3.6989256701800226
480,16.0,0.005008915439248,0.16077413324883194,0.22139962568597643,0.3225177901693722,0.2190450640093295,-0.47892383192991717,0.002354561676646938,-0.2140361485700815,0.8014416220992894,-3.3578888608528823
481,16.03333333333333,0.2241109013557434,0.17613550816939283,0.2143724409138444,-0.21081554316396112,0.21454971848633347,-0.006183649636009106,-0.00017727757248908738,0.009561182869409934,-0.20463189352795202,-0.5456467105004501
482,16.066666666666666,0.1556897163391113,0.17117669067301314,0.18956747836393456,-0.7441488764972944,0.1919031240504224,0.2539417260590675,-0.002335645686487836,-0.036213407711311096,-0.998090602556362,-0.10075582743861522
483,16.1,0.1928212493658065,0.1764262509364741,0.1764262509364741,-0.39423682282381384,0.17983456619243832,0.7399743138827928,-0.003408315255964217,0.01298668317336818,-1.1342111367066066,5.562575341567267
484,16.133333333333333,0.1519491523504257,0.17048970097369207,0.17048970097369207,-0.17809649888346102,0.17340870793644192,0.6911648784921456,-0.002919006962749854,-0.021459555586016227,-0.8692613773756066,5.7220245663348
485,16.166666666666668,0.2529076039791107,0.19047891649690255,0.1823309287886878,0.3552368344498723,0.18163929432643944,-0.07992882003009616,0.000691634462248375,0.07126830965267128,0.43516565447996847,0.15144968340854503
486,16.2,0.1555727273225784,0.18201294838735663,0.18201294838735663,-0.00953941203993558,0.1818104284404878,-0.04799887716858013,0.0002025199468688177,-0.026237701117909407,0.03845946512864455,-0.427252493075029
487,16.233333333333334,0.2119258493185043,0.1892678699739668,0.1892678699739668,0.21764764759830524,0.18775552067487808,-0.32663570373518414,0.0015123492990887222,0.024170328643626227,0.5442833513334894,-2.3883030717908835
488,16.266666666666666,0.3058271408081054,0.21753755775986783,0.21430056933835476,0.7509809809316386,0.21213959617672704,-0.15563673854937543,0.0021609731616277217,0.09368754463137838,0.906617719481014,1.2025594193992577
489,16.3,0.2097163647413253,0.21564064571533306,0.22155549092496493,0.21764764759830524,0.21945740431987906,-0.44950064942062884,0.0020980866050858693,-0.009741039578553767,0.6671482970189341,-3.380454220439608
490,16.333333333333332,0.2570366561412811,0.2256806217888682,0.2256806217888682,0.12375392591709777,0.22380099525313277,-0.44228899358628304,0.0018796265357354236,0.033235660888148305,0.5660429195033808,-3.636478747326528
491,16.366666666666667,0.2308809161186218,0.22694187450643297,0.22694187450643297,0.037837581526943276,0.2256743195155059,-0.31282391499132034,0.0012675549909270667,0.005206596603115898,0.3506614965182636,-2.7022199134093503
492,16.4,0.1876156777143478,0.21740390041682897,0.21740390041682897,-0.28613922268811987,0.21853620594903705,0.21014901431305566,-0.0011323055322080833,-0.030920528234689243,-0.4962882370011755,1.1767486649975218
493,16.433333333333334,0.1231177002191543,0.19453620895794804,0.19453620895794804,-0.6860307437664279,0.19706096249988966,0.32021562473957743,-0.002524753541941621,-0.07394326228073536,-1.0062463685060052,0.6420428999629018
494,16.466666666666665,0.150203064084053,0.18378387535819923,0.18378387535819923,-0.32257000799246427,0.18686336038796378,0.6771682668962431,-0.003079485029764545,-0.03666029630391077,-0.9997382748887074,5.182392648989628
495,16.5,0.2186836004257202,0.1922482756964316,0.1908093195362282,0.21076332534086906,0.19106495165812237,0.11857087784497436,-0.00025563212189416706,0.027618648767597814,0.0921924474958947,1.5576543355342656
496,16.53333333333333,0.1855685114860534,0.19062819994132899,0.19062819994132899,-0.0054335878469766175,0.1908820148530112,0.06758841365610452,-0.0002538149116822208,-0.005313503366957795,-0.07302200150308114,0.6079283632808763
497,16.566666666666666,0.1757511049509048,0.18701998561800032,0.18701998561800032,-0.10824642969986004,0.18786602103082864,0.1869512988741202,-0.0008460354128283221,-0.012114916079923849,-0.29519772857398024,1.4089525692773872
498,16.6,0.215291678905487,0.19387685711948124,0.19387685711948124,0.2057061450444278,0.1929965414397426,-0.16966345767388646,0.0008803156797386469,0.022295137465744408,0.37536960271831427,-1.018729444992209
499,16.633333333333333,0.1349729299545288,0.17959060070761507,0.1829559508431844,-0.3276271882889055,0.18463724918103472,0.34274443444757163,-0.0016812983378503288,-0.04966431922650591,-0.6703716227364771,2.275738917607518
500,16.666666666666668,0.0344805493950843,0.1443963530442208,0.15425726678910975,-0.8609605216222389,0.15585223938003248,-0.0933638403868392,-0.0015949725909227275,-0.12137168998494818,-0.7675966812353997,-3.9933611805525455
501,16.7,0.0357016958296299,0.11803410831274425,0.11803410831274425,-1.0866947542909653,0.1185129744296873,-0.5773552703348617,-0.0004788661169430608,-0.08281127860005741,-0.5093394839561036,-9.417943488162555
502,16.733333333333334,0.0486877635121345,0.10121520148038866,0.09958872761415652,-0.553361420957632,0.10247309105809838,0.5339300550175985,-0.0028843634439418564,-0.05378532754596387,-1.0872914759752303,3.2174309312954588
503,16.766666666666666,0.0514945276081562,0.08915620422677045,0.08915620422677045,-0.312975701621582,0.0925456411356667,0.7684120914450085,-0.0033894369088962456,-0.0410511135275105,-1.0813877930665905,6.0592516298512145
504,16.8,0.0151372868567705,0.07120403560624197,0.07120403560624197,-0.5385650586158545,0.07422611567042706,0.49876307660761277,-0.0030220800641850842,-0.059088828813656555,-1.0373281352234671,2.643205087021064
505,16.833333333333332,-0.0343163795769214,0.04561165525829465,0.04561165525829465,-0.7677714104384197,0.0475299214042288,0.024819309395063494,-0.0019182661459341485,-0.0818463009811502,-0.7925907198334832,-2.668762884600526
506,16.866666666666667,0.0184631794691085,0.03902720316854632,0.0377970526881251,-0.23443807710508635,0.03977065464716417,0.40772298743558455,-0.001973601959039069,-0.021307475178055674,-0.6421610645406709,2.944457919993787
507,16.9,0.1134641841053962,0.05708076678258266,0.04776022789573334,0.298895256228247,0.04683335138473208,-0.15967324153845563,0.0009268765110012553,0.06663083272066411,0.4585684977667026,-0.7160942702588883
508,16.933333333333334,0.2029566913843155,0.09246076542583773,0.07550118088111935,0.8322285895615803,0.07368353074579533,-0.016106982611110765,0.0018176501353240199,0.12927316063852018,0.8483355721726911,2.7664107576949326
509,16.966666666666665,0.1786383539438247,0.11336183579210676,0.11336183579210676,1.1358196473296225,0.1131512920940839,0.6977835247292814,0.0002105436980228692,0.06548706184974082,0.4380361226003411,10.767704946117469
510,17.0,0.2060138136148452,0.13583317133711173,0.13583317133711173,0.674140066350149,0.13315206229104792,-0.4036398861493091,0.0026811090460638065,0.07286175132379727,1.077779952499458,-1.5770631182284596
511,17.03333333333333,0.1038220301270484,0.12806935331386243,0.14052672910433892,0.14080673301681568,0.13846903268446073,-0.46937182885746065,0.0020576964198781855,-0.034647002557412335,0.6101785618742763,-3.782325724017559
512,17.066666666666666,0.1042435616254806,0.12229076798588012,0.12744250909378832,-0.39252660031651765,0.12886950412037315,0.25869486424540256,-0.001426995026584832,-0.024625942494892555,-0.6512214645619202,1.3603494380505623
513,17.1,0.0059563512913882,0.09407561516986772,0.09658051130545996,-0.925859933649851,0.0978787697837305,-0.2181615876410865,-0.0012982584782705447,-0.0919224184923423,-0.7076983460087645,-5.392095971905522
514,17.133333333333333,0.0100297210738062,0.07369155503651728,0.07369155503651728,-0.6866686880682803,0.0761956495930302,0.30845416104219614,-0.0025040945565129175,-0.066165928519224,-0.9951228491104764,0.5102202602701604
515,17.166666666666668,0.0415757931768894,0.06590236285745883,0.06590236285745883,-0.2336757653717535,0.06838875326623034,0.5495231107755794,-0.0024863904087715077,-0.02681296008934094,-0.7831988761473329,4.2563976078614
516,17.2,0.0870401039719581,0.07102900218464207,0.07102900218464207,0.15379917981549723,0.07134460922827522,0.11934987157977534,-0.0003156070436331482,0.015695494743682883,0.0344493082357219,1.429598943403438
517,17.233333333333334,0.0110843665897846,0.05649033768735268,0.05837786373404753,-0.3795341535178361,0.061055239513299456,0.5831448887884565,-0.0026773757792519226,-0.049970872923514854,-0.9626790423062925,4.299088918244911
518,17.266666666666666,0.0079028503969311,0.04470617769585626,0.04470617769585626,-0.41015058114573816,0.04844335298983805,0.8216957323246268,-0.0037371752939817857,-0.040540502592906945,-1.231846313470365,6.262638536369865
519,17.3,-0.1354156583547592,0.0010203513164175892,0.013256713879887215,-0.9434839144790714,0.01422380266323045,-0.4008448535408893,-0.0009670887833432354,-0.14963946101798964,-0.5426390609381821,-7.439612416985776
520,17.333333333333332,0.0195534881204366,0.005515283271581795,-0.0004149721583040552,-0.4101505811457381,0.0018970693802957926,0.43138637733377827,-0.002312041538599848,0.017656418740140806,-0.8415369584795164,2.668213266069742
521,17.366666666666667,-0.0070544863119721,0.0024666758195548352,0.0024666758195548352,0.08644943933576671,0.0030159789473515786,0.15493798901302774,-0.0005493031277967434,-0.010070465259323678,-0.06848854967726103,1.5606610492329804
522,17.4,-0.0144913643598556,-0.0016462402779975583,-0.0016462402779975583,-0.12338748292657181,-0.0005174684708345702,0.25625015601788703,-0.0011287718071629881,-0.01397389588902103,-0.37963763894445884,1.9964387508585042
523,17.433333333333334,0.0307167842984199,0.00620292173232967,0.00620292173232967,0.23547486030981685,0.005288695810985061,-0.1700522846720008,0.0009142259213446094,0.02542808848743484,0.40552714498181763,-0.9489638501860909
524,17.466666666666665,0.1043868586421012,0.030015950264221457,0.030015950264221457,0.7143908559567537,0.027609591685771435,-0.27236943362433297,0.0024063585784500213,0.07677726695632978,0.9867602895810866,-0.10578216113503305
525,17.5,0.0779833570122718,0.04164971910099033,0.04164971910099033,0.3490130651030662,0.0384916702220436,-0.6885487216092607,0.0031580488789467315,0.0394916867902282,1.037561786712327,-5.213763696237356
526,17.53333333333333,0.0616008378565311,0.046488561126702285,0.046488561126702285,0.1451652607713587,0.04390777972827879,-0.6144236512831462,0.002580781398423493,0.01769305812825231,0.759588912054505,-5.11887475277945
527,17.566666666666666,0.1134838536381721,0.06273725579397929,0.06273725579397929,0.48746084001831025,0.05937526870748078,-0.6601285249187168,0.0033619870864985135,0.05410858493069132,1.147589364937027,-4.451791152402381
528,17.6,0.0360651314258575,0.05626833553497673,0.06120817268347852,-0.04587249331502308,0.05985057992345858,-0.3486022128075955,0.0013575927600199406,-0.02378544849760108,0.30272971949257244,-3.1863760970337025
529,17.633333333333333,-0.3777976334095001,-0.04900779851021832,0.04190131179519997,-0.5792058266483564,0.044851922183672094,0.5932582082002604,-0.002950610388472122,-0.4226495555931722,-1.1724640348486168,3.8815819492936
530,17.666666666666668,0.1192932203412056,-0.008188932512428491,0.004816673129143655,-1.1125391599816896,0.005023931542468562,-0.7181649474882765,-0.00020725841332490738,0.11426928879873703,-0.3943742124934131,-10.996140200258719
531,17.7,0.0998322516679763,0.018009971523173626,-0.014490187759134888,-0.5792058266483563,-0.011692095796789967,0.4992054579316245,-0.0027980919623449216,0.11152434746476626,-1.078411284579981,2.821459495758699
532,17.733333333333334,0.1183246299624443,0.042339774327644304,-0.016019270869635654,-0.045872493315022966,-0.01441651032762491,0.3841756524873512,-0.0016027605420107435,0.13274114029006923,-0.43004814580237416,3.2725402267295096
533,17.766666666666666,0.0657983720302581,0.04802930230943496,0.00022942379764135865,0.48746084001831036,-0.0020269605886086223,-0.4427793310711763,0.002256384386249981,0.06782533261886672,0.9302401710894866,-2.767214795043958
534,17.8,0.1695410758256912,0.07750014469745706,0.03425589624269615,1.0207941733516437,0.033518204474191376,0.4758468450093354,0.0007376917685047724,0.13602287135149982,0.5449473283423083,8.280235723061553
535,17.833333333333332,0.0189834348857402,0.06330780199664034,0.06330780199664034,0.8715571726183257,0.06166626382166618,0.05732580371073581,0.001641538174974158,-0.04268282893592598,0.8142313689075898,3.5894463918646853
536,17.866666666666667,0.0364106148481369,0.05678429616509529,0.07458192997280674,0.33822383928499233,0.07211392962302776,-0.5043992854192241,0.0024680003497789815,-0.03570331477489086,0.8426231247042164,-3.5504677916900547
537,17.9,0.0661557987332344,0.05905721233718641,0.06807828017119538,-0.195109494048341,0.06809428169489386,-0.04295035665864896,-1.6001523698475073e-05,-0.0019384829616594518,-0.15215913738969203,-0.8354924060748794
538,17.933333333333334,-0.1152910813689231,0.016771671308967152,0.04379685259180624,-0.7284428273816743,0.04622777340411944,0.2980782408433307,-0.002430920812313199,-0.16151885477304254,-1.026521068225005,0.39392681031799354
539,17.966666666666665,-0.3150168657302856,-0.06369861892120635,0.0017376472346393168,-1.2617761607150078,0.0027353873497503144,-0.7220760674192079,-0.0009977401151109976,-0.3177522530800359,-0.5397000932957998,-12.052092818626436
540,18.0,-0.0737263411283493,-0.06613069123918665,-0.05809933590030538,-1.795109494048341,-0.05175875749516528,-0.5392973813898716,-0.0063405784051401015,-0.021967583633184025,-1.2558121126584694,-15.842303863180225
541,18.03333333333333,0.1101668253540992,-0.023372395688300386,-0.10015854125747231,-1.2617761607150078,-0.097535061881828,-0.5711834854654289,-0.0026234793756443053,0.2077018872359272,-0.6905926752495789,-11.754618871346132
542,18.066666666666666,-0.2531198561191559,-0.07909416650502096,-0.12443996883686145,-0.7284428273816744,-0.12228368193558728,0.13501116263673674,-0.0021562869012741737,-0.1308361741835686,-0.8634539900184112,-1.4337311452952812
543,18.1,0.0007181405089795,-0.05973689887103847,-0.13094361863847281,-0.1951094940483411,-0.1290198135652692,0.40971481316494684,-0.0019238050732036105,0.1297379540742487,-0.604824307213288,3.074074971503786
544,18.133333333333333,-0.3044993281364441,-0.1191003232261702,-0.11966949066230641,0.3382238392849922,-0.12085807921444372,-0.21471775507081015,0.0011885885521373124,-0.18364124892200037,0.5529415943558024,-1.1080167826956226
545,18.166666666666668,0.1035581678152084,-0.06509787469012425,-0.09061758490836222,0.8715571726183255,-0.09221163215371199,0.08552409541428341,0.0015940472453497695,0.19576979996892038,0.7860330772040421,3.905493215867992
546,18.2,0.2525315880775451,0.011938346279572964,-0.043787901376640265,1.4048905059516588,-0.04630986707985465,0.5628946220867281,0.0025219657032143836,0.29884145515739974,0.8419958838649306,11.738277969256691
547,18.233333333333334,0.0705113634467125,0.026144345477607432,0.02081955993285947,1.938223839284992,0.014058845599880354,1.2442455215682005,0.0067607143329791175,0.05645251784683214,0.6939783177167915,25.570588197641165
548,18.266666666666666,0.0574512779712677,0.033737368330242164,0.06764924346458143,1.4048905059516588,0.06297884063329853,0.3634879685786643,0.004670402831282894,-0.005527562662030833,1.0414025373729945,11.345161995197936
549,18.3,-0.7632595300674438,-0.15956217209065662,0.0967011492185256,0.8715571726183254,0.0954738258064309,0.3032706357864534,0.001227323412094694,-0.8587333558738748,0.568286536831872,6.345999302046032
550,18.333333333333332,-0.4405812919139862,-0.22771910823500535,0.10797527719469201,0.3382238392849921,0.1059351570674028,-0.38424375045521264,0.0020401201272892133,-0.546516448981389,0.7224675897402048,-2.432917316055897
551,18.366666666666667,-0.2553727328777313,-0.23442607653708739,0.10147162739308063,-0.19510949404834121,0.10174723352733948,0.024669372430391745,-0.0002756061342588517,-0.3571199664050708,-0.21977886647873296,-0.22568091357459147
552,18.4,-0.7363579273223877,-0.3561620535207732,0.07719019981369148,-0.7284428273816745,0.07959377764034183,0.28184302515340554,-0.0024035778266503494,-0.8159517049627295,-1.01028585253508,0.21196229949750683
553,18.433333333333334,-0.181734561920166,-0.3138573042413807,0.03513099445652455,-1.2617761607150078,0.03611736463341542,-0.7231313653850866,-0.0009863701768908703,-0.2178519265535814,-0.5386447953299212,-12.054173263187742
554,18.466666666666665,-0.0992219373583793,-0.26180074309294193,-0.024705988678420145,-1.795109494048341,-0.018366481354416726,-0.5380615185398578,-0.006339507324003419,-0.08085545600396257,-1.2570479755084831,-15.825248955850034
555,18.5,-0.419289082288742,-0.2999971572187703,-0.09137265534508682,-2.0,-0.08413294330248747,-1.8919754337684882,-0.00723971204259935,-0.3351561389862545,-0.1080245662315118,-34.50926098600514
556,18.53333333333333,-0.498261034488678,-0.34808306123594696,-0.15803932201175347,-2.0,-0.15071480807537335,-1.9898237727463057,-0.007324513936380117,-0.3475462264133046,-0.01017622725369427,-35.85956806389902
557,18.566666666666666,-0.4200139939785003,-0.36552882077294857,-0.22470598867842012,-2.0,-0.21737348615784324,-1.9990413698963891,-0.007332502520576878,-0.20264050782065707,-0.000958630103610858,-35.98677090457017
558,18.6,0.0236452165991067,-0.27114054558768297,-0.273594877567309,-1.4666666666666668,-0.26787855520772047,-0.25876622456991116,-0.0057163223595885215,0.29152377180682715,-1.2079004420967556,-11.138710557009281
559,18.633333333333333,-0.6225160360336304,-0.35636135504744376,-0.34026154423397564,-2.0,-0.3330805380213574,-1.824237937636433,-0.007181006212618246,-0.289435498012273,-0.17576206236356695,-33.574483539382776
560,18.666666666666668,-0.5876190066337585,-0.4124493998821497,-0.4069282109006423,-2.0,-0.3996092272236082,-1.9834427042700988,-0.007318983677034097,-0.18800977941015035,-0.016557295729901167,-35.771509318927365
561,18.7,-0.4004869163036346,-0.40954808046338115,-0.45581709978953117,-1.4666666666666668,-0.45010639892343224,-0.25928798207904524,-0.005710700866098928,0.04961948261979765,-1.2073786845876215,-11.13973916467015
562,18.733333333333334,-0.6353737115859985,-0.46431867091237916,-0.48692821090064226,-0.9333333333333335,-0.4861183879238047,-0.5022592890076905,-0.0008098229768375709,-0.14925532366219385,-0.431074044325643,-8.576266742514942
563,18.766666666666666,-0.0253036022186279,-0.35784220759494323,-0.5002615442339756,-0.40000000000000013,-0.49818826843724207,0.3684604257634202,-0.0020732757967335536,0.4728846662186142,-0.7684604257634203,2.1116197716497815
564,18.8,0.1037380695343017,-0.24589289434690917,-0.4958170997895312,0.1333333333333332,-0.4957089577051062,0.05467127950744878,-0.00010814208442500028,0.5994470272394079,0.07866205382588441,0.777076509140176
565,18.833333333333332,0.2361074388027191,-0.12899100543384467,-0.473594877567309,0.6666666666666665,-0.4763468043909169,-0.43977220777018444,0.0027519268236079197,0.712454243193636,1.106438874436851,-1.9820346538164462
566,18.866666666666667,-0.3491353690624237,-0.18238369040063362,-0.433594877567309,1.1999999999999997,-0.43391794564734215,0.792340568402025,0.0003230680800331287,0.08478257658491845,0.4076594315979747,12.190614263421121
567,18.9,-0.4387988150119781,-0.2445732997253219,-0.37581709978953126,1.733333333333333,-0.381974747909792,0.23318372850601587,0.006157648120260761,-0.05682406710218607,1.500149604827317,11.617935453383016
568,18.933333333333334,-0.9438020586967468,-0.41416065700360494,-0.3358170997895313,1.1999999999999997,-0.33755635706029086,0.6608973236509337,0.0017392572707595755,-0.606245701636456,0.5391026763490661,11.931483295197575
569,18.966666666666665,-0.3059866726398468,-0.3879246935951523,-0.3135948775673091,0.6666666666666664,-0.31615222612833016,-0.32423910174365234,0.0025573485610210778,0.010165553488483359,0.9909057684103187,-0.6871380831022442
570,19.0,0.1138067543506622,-0.26623732128841004,-0.2735948775673091,1.1999999999999997,-0.27383703484806554,0.7998502839555488,0.00024215728075643872,0.3876437891987278,0.40014971604445093,12.205419131226625
571,19.03333333333333,-0.3449308276176452,-0.2853232407419636,-0.2513726553450869,0.6666666666666664,-0.2540876867125656,-0.41786510166183044,0.002715031367478693,-0.09084314090507961,1.084531768328497,-1.7364995206446285
572,19.066666666666666,-0.3072325885295868,-0.29063702159454097,-0.24692821090064246,0.13333333333333308,-0.24896476415139893,-0.4664702460959149,0.0020365532507564676,-0.058267824378187866,0.599803579429248,-3.7764485858898436
573,19.1,-0.138312429189682,-0.2536929961336441,-0.2536929961336441,-0.20294355699004923,-0.25347814418506187,0.0008550872152742056,-0.00021485194858222867,0.11516571499537986,-0.20379864420532345,-0.4822259143291886
574,19.133333333333333,-0.1192259714007377,-0.2210800535552067,-0.24268000358886796,0.3303897763432841,-0.24475823796906432,-0.44407556029214046,0.0020782343801963588,0.1255322665683266,0.7744653366354246,-3.177790590787068
575,19.166666666666668,-0.1853084415197372,-0.21240419022315057,-0.21388923326631404,0.8637231096766174,-0.21542862792532724,0.12417679202664855,0.0015393946590132046,0.030120186405590055,0.7395463176499688,4.3387131474840785
576,19.2,0.0800821632146835,-0.141466050046466,-0.16732068516598236,1.3970564430099506,-0.16971743977670514,0.5754855470348554,0.002396754610722779,0.24979960299138865,0.8215708959750951,11.76310007844016
577,19.233333333333334,0.1963096261024475,-0.05954366980106142,-0.10297435928787291,1.9303897763432838,-0.10970814008713092,1.2011159627489085,0.006733780799258016,0.30601776618957843,0.7292738135943753,24.97540028593494
578,19.266666666666666,0.0096703441813588,-0.04275685780670456,-0.04275685780670456,1.8065250444350505,-0.04965984690505988,1.2057951818485262,0.006902989098355322,0.05933019108641868,0.6007298625865243,25.03997350950966
579,19.3,0.2070246040821075,0.017823856981316492,0.017823856981316492,1.8174214436406315,0.010883872126851846,1.2652462838294078,0.006939984854464646,0.19614073195525564,0.5521751598112237,25.86039871684583
580,19.333333333333332,0.350401759147644,0.09848559578123298,0.08449052364798315,2.0,0.07719424488149977,1.9572447305577514,0.00729627876648338,0.2732075142661442,0.04275526944224861,35.40997728169697
581,19.366666666666667,0.0215916689485311,0.07983613710981056,0.13337941253687205,1.4666666666666668,0.12767815297441995,0.26016427431044087,0.005701259562452099,-0.10608648402588886,1.206502392356226,11.141466712212008
582,19.4,0.0288805123418569,0.06747762119926257,0.16449052364798317,0.9333333333333335,0.16367970626110914,0.5016688464852375,0.0008108173868740243,-0.13479919391925224,0.431664486848096,8.569649054963534
583,19.433333333333334,-0.0423448495566844,0.040841842355341065,0.1778238569813165,0.40000000000000013,0.17574955396772404,-0.36874888450659526,0.00207430301359246,-0.21809440352440845,0.7687488845065954,-2.114302687636429
584,19.466666666666665,0.0542995259165763,0.04410579990993951,0.17337941253687206,-0.1333333333333332,0.17327064721674088,-0.05483361495102715,0.00010876532013118223,-0.11897112130016457,-0.07849971838230604,-0.7785404904436944
585,19.5,-0.4300690591335296,-0.0708981386455548,0.15115719031464983,-0.6666666666666665,0.1539091827808707,0.4398111838349519,-0.002751992466220876,-0.5839782419144003,-1.1064778505016184,1.9824714980625995
586,19.53333333333333,0.1793211996555328,-0.010211223558104505,0.11115719031464984,-1.1999999999999997,0.11148028569062143,-0.7923380349363397,-0.00032309537597159654,0.06784091396491138,-0.40766196506366004,-12.190609268874498
587,19.566666666666666,0.0176453161984682,-0.0034550412649393446,0.053379412536872076,-1.733333333333333,0.05953706322848937,-0.23318669545584925,-0.006157650691617292,-0.041891747030021166,-1.5001466378774837,-11.617976397290718
588,19.6,0.0167082510888576,0.001435260257183225,0.0014352602571832268,-1.5583245683906655,0.00780436178299387,-0.20792417345946013,-0.0063691015258106436,0.008903889305863728,-1.3504003949312053,-11.269353593740547
589,19.633333333333333,0.1465653777122497,0.03663437465988095,-0.03273111424472785,-1.0249912350573323,-0.032447517215987515,-0.7421481381737888,-0.00028359702874033305,0.17901289492823722,-0.2828430968835435,-11.264944116655832
590,19.666666666666668,-0.0448866747319698,0.016862677412683873,-0.04911971096886114,-0.4916579017239989,-0.046900942630773504,0.37208487408567414,-0.002218768338087637,0.002014267898803705,-0.8637427758096731,1.8864244370691625
591,19.7,0.049110323190689,0.024683856040952454,-0.04773052991521666,0.0416754316093344,-0.04699458992616499,0.18760835399831394,-0.0007359399890516719,0.09610491311685398,-0.14593292238897954,1.7324323951222298
592,19.733333333333334,0.175916701555252,0.0613630948099245,-0.0285635710837944,0.5750087649426677,-0.03183850060498897,-0.6777472144646883,0.003274929521194566,0.20775520216024096,1.2527559794073562,-4.64926165638345
593,19.766666666666666,-0.1190165057778358,0.017614751541565582,0.008381165525405635,1.108342098276001,0.008187145440541502,0.7293480978744902,0.0001940200848641327,-0.12720365121837732,0.3789940004015109,11.121481096759535
594,19.8,0.1150548383593559,0.0412473704869068,0.0412473704869068,0.985986148845035,0.04011895448169234,0.27140667841416427,0.001128416005214461,0.07493588387766356,0.7145794704308708,5.988867649052252
595,19.833333333333332,0.0966315269470214,0.054679959762803015,0.05633579767063018,0.45265281551170167,0.053537576937648934,-0.5506484447637383,0.002798220732981249,0.04309395000937247,1.0033012602754399,-3.6573977673379465
596,19.866666666666667,-0.243627056479454,-0.01766989411979683,0.053646447076575794,-0.08068051782163166,0.0527885351612993,-0.2323948138370559,0.0008579119152764964,-0.2964155916407533,0.15171429601542424,-2.239950947065803
597,19.9,-0.27454873919487,-0.07997197182761526,0.033179318704743624,-0.614013851154965,0.03627266955003159,0.600812395528239,-0.0030933508452879663,-0.3108214087449016,-1.214826246683204,3.7869751946445227
598,19.933333333333334,-0.381688117980957,-0.1531486585954781,-0.005065587444866321,-1.1473471844882983,-0.0050468679251370226,-0.8025552155364126,-1.8719519729298167e-05,-0.37664125005581994,-0.3447919689518857,-11.941987433623055
599,19.966666666666665,-0.2687205076217651,-0.1811788621599938,-0.06108827137225404,-1.6806805178216315,-0.055613487736986655,-0.254699724790159,-0.005474783635267384,-0.21310701988477843,-1.4259807930314725,-11.130693743157735
600,20.0,-0.1771505773067474,-0.18020186261033125,-0.1277549380389207,-2.0,-0.12059668547424576,-1.7979837284710942,-0.0071582525646749495,-0.056553891832501646,-0.20201627152890578,-33.2121754529011
601,20.03333333333333,-0.3258406817913055,-0.21552435492080624,-0.1944216047055874,-2.0,-0.18710476448814217,-1.9809694816675694,-0.00731684021744522,-0.13873591730316331,-0.019030518332430635,-35.73737884701246
602,20.066666666666666,-0.3695253133773803,-0.25287495760681555,-0.25287495760681555,-1.753600587036845,-0.24601931210413477,-1.0697457139191144,-0.0068556455026807794,-0.12350600127324554,-0.6838548731177305,-23.162490852083778
603,20.1,-0.0842529907822609,-0.21197825053357122,-0.29355053273026593,-1.2202672537035117,-0.29125589372541416,-0.60684157378514,-0.002294639004851773,0.20700290294315327,-0.6134256799183717,-11.824916245462155
604,20.133333333333333,-0.3904117047786712,-0.2552545854485923,-0.31644833007593853,-0.6869339203701784,-0.3140505018790885,0.24556725397920687,-0.002397828196850027,-0.0763612028995827,-0.9325011743493853,-0.1946170205693707
605,20.166666666666668,-0.3198688924312591,-0.2709258080963524,-0.32156834964383335,-0.1536005870368451,-0.31970709633130706,0.4090105329700099,-0.0018612533125262898,-0.00016179609995203847,-0.562611120006855,3.1847746598181823
606,20.2,-0.3708524405956268,-0.29516150107928746,-0.3089105914339504,0.37973274629648823,-0.3103814647007281,-0.2743932889157623,0.0014708732667776947,-0.06047097589489869,0.6541260352122505,-1.535910611703658
607,20.233333333333334,-0.4311191737651825,-0.3281359777676083,-0.3140306110018452,-0.1536005870368451,-0.31374504003303105,0.036626574766465386,-0.0002855709688141528,-0.11737413373215144,-0.19022716180331048,-0.025089257394303344
608,20.266666666666666,-0.4246271252632141,-0.3515384458362844,-0.3369284083475178,-0.6869339203701784,-0.33431897405327804,0.3712108349248464,-0.0026094342942397653,-0.09030815120993607,-1.0581447552950247,1.2135978859129157
609,20.3,-0.4724736213684082,-0.38086944310625837,-0.3776039834709682,-1.2202672537035117,-0.377075031641061,-0.77072338633524,-0.0005289518299071982,-0.09539858972734722,-0.4495438673682718,-12.14799753306091
610,20.333333333333332,-0.5604828596115112,-0.42443196001654204,-0.42443196001654204,-1.4048392963672158,-0.42235355914263667,-0.6040703178734288,-0.0020784008739053728,-0.13812930046887456,-0.800768978493787,-11.819452912379067
611,20.366666666666667,-0.4524019658565521,-0.43121566179168497,-0.4534821587843381,-0.8715059630338825,-0.4519815762073689,-0.14106037081597583,-0.0015005825769692227,-0.0004203896491832282,-0.7304455922179067,-4.527944520443623
612,20.4,-0.4337167739868164,-0.43182226871679597,-0.4647545797743564,-0.3381726297005492,-0.462432570313863,0.463423536063551,-0.002322009460493435,0.028715796327046572,-0.8015961657641002,3.1695025077576
613,20.433333333333334,-0.3731111586093902,-0.41758277716522474,-0.4582492229865969,0.19516070363278415,-0.4583541019195272,0.01981737005050689,0.00010487893293026351,0.08524294331013699,0.17534333358227727,0.6270094401647894
614,20.466666666666665,0.134623035788536,-0.2836536112220356,-0.43396608842105966,0.7284940369661175,-0.43638739291553613,-0.2924089820212753,0.0024213044944764728,0.5710104287040721,1.0209030189873927,-0.3303856829334004
615,20.5,-0.643505334854126,-0.3709302028092749,-0.3919051760777446,1.261827370299451,-0.39289958739604414,0.7223786915212029,0.0009944113182995262,-0.25060574745808184,0.539448678778248,12.05268942042753
616,20.53333333333333,-0.2252916395664215,-0.3356077725727192,-0.3356077725727192,1.688922105150763,-0.3415960910471034,0.2060161962722311,0.005988318474384247,0.11630445148068191,1.482905908878532,11.034717644079521
617,20.566666666666666,-0.5032649040222168,-0.376270473422156,-0.2970881468454715,1.1555887718174298,-0.2981760053144958,0.7268527628344609,0.001087858469024261,-0.205088898707721,0.42873600898296893,12.061509732445085
618,20.6,-0.1449913382530212,-0.32017721806944927,-0.27634629889600165,0.6222554384840965,-0.2791936293414459,-0.4612596400703577,0.002847330445444274,0.1342022910884247,1.0835150785544543,-2.2228660774307114
619,20.633333333333333,-0.2423494160175323,-0.30130126209164126,-0.27338222872430956,0.08892210515076315,-0.2752215644607183,-0.4291286376694272,0.0018393357364087648,0.03287214844318603,0.5180507428201904,-3.554587589464451
620,20.666666666666668,-0.2860625386238098,-0.2976053402519766,-0.28819593633039525,-0.4444112281825702,-0.28633104936852466,0.3554392910118467,-0.0018648869618705932,0.00026851074471484493,-0.7998505191944169,2.094975005408168
621,20.7,-0.1624979823827743,-0.26483709455854454,-0.28523186615870316,0.08892210515076315,-0.2849021952018393,0.10181981140491528,-0.00032967095686387005,0.122404212819065,-0.012897706254152125,1.100933152993202
622,20.733333333333334,-0.5334152579307556,-0.3299766649274023,-0.30004557376478885,-0.4444112281825702,-0.2969711411563154,0.6652445803862246,-0.003074432608473454,-0.23644411677444022,-1.1096558085687946,4.868405022390357
623,20.766666666666666,-0.2150376886129379,-0.30209995506478954,-0.30209995506478954,-0.06163143900002055,-0.30010758807984744,0.4867670739498402,-0.0019923669849420955,0.08506989946690954,-0.5483985129498608,4.180713956555928
624,20.8,-0.3705255687236786,-0.318695552487907,-0.318695552487907,-0.4978679226935234,-0.31532346568357156,0.6743644516338647,-0.003372086804335428,-0.05520210304010703,-1.1722323743273881,4.611347606118348
625,20.833333333333332,-0.4503600597381592,-0.3506287868485236,-0.3506287868485236,-0.9579970308184987,-0.34969558726886496,-0.40947718685000467,-0.0009331995796586501,-0.10066447246929422,-0.5485198439684941,-7.5363637221629265
626,20.866666666666667,-0.7737194895744324,-0.45324303611058914,-0.400339798986918,-1.491330364151832,-0.39696182628193605,-0.47274735509148025,-0.0033779727049819686,-0.3767576632924963,-1.0185830090603518,-11.56055907146603
627,20.9,-0.4441073536872864,-0.4510273145470473,-0.4510273145470473,-1.5206254668038788,-0.44624950226248744,-0.33919623858829206,-0.004777812284559868,0.002142148575201064,-1.1814292282155867,-11.297272584645503
628,20.933333333333334,-0.8652524948120117,-0.5514913654573539,-0.517693981213714,-2.0,-0.5106013853704825,-1.7222259729594116,-0.0070925958432315195,-0.3546511094415292,-0.2777740270405884,-32.16671842683988
629,20.966666666666665,-0.4667073786258697,-0.5309282920971866,-0.5665828701026029,-1.4666666666666668,-0.5609663072986696,-0.26802538272202026,-0.0056165628039333,0.09425892867279989,-1.1986412839446465,-11.156964325937633
630,21.0,-0.4371351897716522,-0.508180194067413,-0.597693981213714,-0.9333333333333335,-0.5968742430983179,-0.4963720601923341,-0.0008197381153960404,0.15973905332666571,-0.43696127314099936,-8.510282604580807
631,21.03333333333333,-0.3158909976482391,-0.46154335850323813,-0.6110273145470473,-0.40000000000000013,-0.6089437964990165,0.3713366119462891,-0.0020835180480307525,0.29305279885077745,-0.7713366119462892,2.138370792629737
632,21.066666666666666,-0.4383319914340973,-0.4559137925713932,-0.6065828701026028,0.1333333333333332,-0.6064685138126139,0.0562899059864868,-0.0001143562899889039,0.16813652237851662,0.07704342734684638,0.7916736842883394
633,21.1,-0.1092269420623779,-0.3718301417967291,-0.5843606478803806,0.6666666666666665,-0.5871132292183027,-0.44016083325512634,0.002752581337922111,0.47788628715592474,1.1068274999217929,-1.9863903733591335
634,21.133333333333333,-0.3239684998989105,-0.3602220246243313,-0.5443606478803805,1.1999999999999997,-0.5446839881248147,0.7923153075313654,0.0003233402444341449,0.22071548822590414,0.40768469246863437,12.19056446341899
635,21.166666666666668,-0.2903595864772796,-0.3432779471584612,-0.48658287010260276,1.733333333333333,-0.492740543861539,0.2332133115930708,0.006157673758936222,0.20238095738425937,1.5001200217402622,11.618343699984376
636,21.2,-0.2086630314588546,-0.31062913586340396,-0.4199162034359361,2.0,-0.42713878622965235,1.8722109158264004,0.007222582793716237,0.21847575477079775,0.12778908417359958,34.236510638404326
637,21.233333333333334,-0.1141828894615173,-0.2629840707154245,-0.35324953676926946,2.0,-0.3605724370807548,1.9879618978677065,0.007322900311485359,0.2463895476192375,0.012038102132293504,35.83387419057435
638,21.266666666666666,-0.5266621708869934,-0.3269352048850678,-0.3043606478803806,1.4666666666666668,-0.31007297738690276,0.2591368202264015,0.0057123295065221735,-0.21658919350009065,1.2075298464402653,11.139441159874899
639,21.3,-0.326870709657669,-0.3269195625433716,-0.2732495367692695,0.9333333333333335,-0.2740591882087386,0.502361141314919,0.0008096514394690946,-0.05281152144893042,0.4309721920184144,8.577408304512941
640,21.333333333333332,-0.466318815946579,-0.3607287425690773,-0.25991620343593613,0.40000000000000013,-0.2619893020360703,-0.36841066615530704,0.00207309860013416,-0.2043295139105087,0.7684106661553072,-2.1111569642249877
641,21.366666666666667,-0.4406071305274963,-0.38010203713642976,-0.26436064788038055,-0.1333333333333332,-0.26446868245562016,-0.05464327637616532,0.0001080345752396128,-0.17613844807187612,-0.07869005695716788,-0.7768239699550619
642,21.4,-0.2262694090604782,-0.34279226043767164,-0.28658287010260275,-0.6666666666666665,-0.28383095460245367,0.43976548433484464,-0.0027519155001490825,0.057561545541975456,-1.1064321510015112,1.9819592974648093
643,21.433333333333334,-0.7587295770645142,-0.4436715641206732,-0.32658287010260273,-1.1999999999999997,-0.32625980673116395,-0.7923410054290312,-0.00032306337143878094,-0.4324697703333502,-0.40765899457096855,-12.190615124988685
644,21.466666666666665,-0.7061567902565002,-0.5073333847392193,-0.3843606478803805,-1.733333333333333,-0.37820300020368297,-0.23318321670228248,-0.00615764767669752,-0.3279537900528173,-1.5001501166310505,-11.617928390491496
645,21.5,-0.0902076214551925,-0.4061658412988105,-0.42436064788038047,-1.1999999999999997,-0.4226213907940663,-0.6608973407701806,-0.001739257086314172,0.3324137693388738,-0.5391026592298191,-11.93148332894692
646,21.53333333333333,-0.3087059259414673,-0.38252841324117476,-0.44658287010260267,-0.6666666666666664,-0.4440255215221548,0.3242391132785476,-0.0025573485804478713,0.1353195955806875,-0.990905779945214,0.6871382123855012
647,21.566666666666666,0.0550595037639141,-0.27639808397530663,-0.4510273145470471,-0.13333333333333308,-0.44915364623435644,0.42072957886667406,-0.0018736683126906462,0.5042131499982705,-0.5540629122000071,3.3510207898821833
648,21.6,0.1672676801681518,-0.16879366483411118,-0.4376939812137137,0.40000000000000024,-0.4392766207966352,-0.2967420009616888,0.0015826395829214857,0.6065443009647871,0.696742000961689,-1.6836136942944888
649,21.633333333333333,0.1565288007259369,-0.08989162241992261,-0.40658287010260263,0.9333333333333336,-0.40782748320214895,0.24409759777676954,0.0012446130995463212,0.5643562839280858,0.689235735556564,5.682787114364665
650,21.666666666666668,0.1083639040589332,-0.0418077437607815,-0.35769398121371376,1.4666666666666668,-0.36087879778013165,0.4937273002082948,0.003184816566417892,0.46924270183906486,0.972939366458372,11.601919534696336
651,21.7,-0.0145128145813941,-0.03518777161684489,-0.2910273145470471,2.0,-0.2979698455762507,1.5490742644657125,0.0069425310292036135,0.28345703099485664,0.4509257355342875,29.777224849626833
652,21.733333333333334,0.0957043841481208,-0.0034418594245446688,-0.22436064788038046,2.0,-0.23165716650390447,1.957521488681552,0.007296518623524012,0.32736155065202527,0.04247851131844804,35.41379654380542
653,21.766666666666666,-0.2744005620479584,-0.06915879357503886,-0.1576939812137138,2.0,-0.1650238464946738,1.9959984011076821,0.007329865280959996,-0.10937671555328457,0.004001598892317881,35.94477793528601
654,21.8,0.1067451834678649,-0.026495945088475234,-0.09102731454704714,2.0,-0.09836032117979458,1.999623037785508,0.007333006632747441,0.20510550464765948,0.00037696221449201595,35.99479792144001
655,21.833333333333332,0.0421427749097347,-0.009848661946712817,-0.024360647880380476,2.0,-0.03169395043757166,1.9999644890667518,0.007333302557191182,0.07383672534730636,3.551093324816179e-05,35.999509949121176
656,21.866666666666667,-0.2104151993989944,-0.058493041355566947,0.024528241008508415,1.4666666666666668,0.018811585972489064,0.2587353472903702,0.005716655036019352,-0.22922678537148344,1.2079313193762966,11.138649684658153
657,21.9,-0.6165246367454529,-0.1938351626938889,0.055639352119619526,0.9333333333333335,0.054830156268711724,0.5026316523209008,0.0008091958509078012,-0.6713547930141646,0.43070168101243267,8.58044019542311
658,21.933333333333334,-0.4845790565013885,-0.26435069564785685,0.06897268545295286,0.40000000000000013,0.0669000574718126,-0.36827850889726,0.00207262798114026,-0.5514791139732012,0.7682785088972601,-2.1099277873366002
659,21.966666666666665,-0.1247241497039794,-0.23048638925498346,0.06452824100850842,-0.1333333333333332,0.06442049196845885,-0.054568902457483213,0.00010774904004956509,-0.18914464167243825,-0.07876443087584997,-0.7761532475051877
660,22.0,0.0367221198976039,-0.16567900779642267,0.042306018786286204,-0.6666666666666665,0.04505790421229836,0.439747627466325,-0.0027518854260121586,-0.008335784314694464,-1.1064142941329915,1.9817591574477496
661,22.03333333333333,-0.7270411849021912,-0.3018289113435696,0.0023060187862862097,-1.1999999999999997,0.0026290696521017037,-0.7923421661353214,-0.000323050865815494,-0.7296702545542929,-0.40765783386467835,-12.190617413238202
662,22.066666666666666,-0.3422908186912536,-0.311642334846954,-0.05547175899149155,-1.733333333333333,-0.04931411249285998,-0.23318185739540187,-0.006157646498631569,-0.2929767061983936,-1.500151475937931,-11.617909632056545
663,22.1,-0.1337357312440872,-0.2684937795848009,-0.12213842565815822,-2.0,-0.11491584543244171,-1.8722079527498092,-0.007222580225716507,-0.01881988581164548,-0.12779204725019078,-34.23646974794737
664,22.133333333333333,-0.107495367527008,-0.2294460503880718,-0.1888050923248249,-2.0,-0.18148219225525256,-1.9879616187373041,-0.007322900069572341,0.07398682472824455,-0.012038381262695852,-35.8338703385748
665,22.166666666666668,0.019263170659542,-0.16912539139479832,-0.2376939812137138,-1.4666666666666668,-0.23198165180778546,-0.2591368295629928,-0.005712329405928335,0.2512448224673275,-1.207529837103674,-11.139441178281317
666,22.2,0.1747098416090011,-0.0857333573056227,-0.2688050923248249,-0.9333333333333335,-0.26799544087476074,-0.5023611350239578,-0.0008096514500641749,0.44270528248376184,-0.4309721983093756,-8.577408234003752
667,22.233333333333334,0.0789954885840416,-0.04578086781845707,-0.2821384256581583,-0.40000000000000013,-0.2800653270470795,0.36841066922873544,-0.002073098611078794,0.3590608156311211,-0.7684106692287356,2.111156992810538
668,22.266666666666666,0.0922650471329689,-0.012299919560389679,-0.27769398121371386,0.1333333333333332,-0.2775859466318339,0.054643278105789415,-0.00010803458187996773,0.3698509937648028,0.07869005522754377,0.7768239855532235
669,22.3,0.1157019734382629,0.018745003122983765,-0.25547175899149166,0.6666666666666665,-0.2582236744923402,-0.43976548475012267,0.002751915500848523,0.37392564793060307,1.1064321514167892,-1.9819593021192385
670,22.333333333333332,0.1649117171764373,0.05419552834857543,-0.21547175899149168,1.1999999999999997,-0.2157948223632213,0.7923410054020337,0.0003230633717296316,0.3807065395396586,0.40765899459796606,12.190615124935428
671,22.366666666666667,0.1174942702054977,0.06954768057747764,-0.15769398121371392,1.733333333333333,-0.16385162889043886,0.23318321673389675,0.006157647676724942,0.28134589909593655,1.5001501165994362,11.617928390927773
672,22.4,0.1386736929416656,0.08631314911065567,-0.09102731454704725,2.0,-0.09824989488374357,1.872208080803437,0.007222580336696316,0.23692358782540918,0.12779191919656308,34.23647151508743
673,22.433333333333334,0.1358945518732071,0.09833836826356937,-0.024360647880380587,2.0,-0.03168354796040754,1.9879616308003252,0.007322900080026951,0.16757809983361463,0.012038369199674825,35.83387050504449
674,22.466666666666665,0.0251362640410661,0.08058430531489266,0.04230601878628608,2.0,0.03497366829565552,1.998865950727567,0.007332350490630558,-0.00983740425458942,0.001134049272432991,35.984350120040425
675,22.5,0.1965808570384979,0.1087175140935719,0.1087175140935719,1.9923448592185746,0.10139906588944278,1.9710477112544724,0.0073184482041291216,0.09518179114905512,0.021297147964102203,35.60045841531172
676,22.53333333333333,0.1209082752466201,0.11167419878456969,0.15735123162307996,1.4590115258852414,0.15174089786210318,0.269550876412999,0.005610333760976777,-0.030832622615483085,1.1894606494722424,11.159971727785639
677,22.566666666666666,0.0729964971542358,0.10229350738575621,0.18820717137481022,0.9256781925519081,0.1873486192346571,0.47938622012516785,0.0008585521401531238,-0.1143521220804213,0.44629197242674024,8.319905085875273
678,22.6,-0.0909251198172569,0.05543125244575902,0.2012853333487627,0.39234485921857476,0.1992192717032616,-0.3695441562233257,0.002066061645501105,-0.2901443915205185,0.7618890154419005,-2.143322859579915
679,22.633333333333333,0.0048264944925904,0.043157833973084675,0.19658571754493742,-0.14098847411475857,0.19652701276927279,-0.04434880364207117,5.870477566463639e-05,-0.19170051827668239,-0.0966396704726874,-0.7043229463881734
680,22.666666666666668,-0.352194219827652,-0.052728825633472615,0.17410832396333437,-0.6743218074480919,0.1768168858299431,0.42008419876465086,-0.0027085618666087274,-0.529011105657595,-1.0944060062127428,1.7613711901370301
681,22.7,-0.2206464260816574,-0.0934546992980626,0.13385315260395353,-1.207655140781425,0.13425833282668442,-0.7837720038296515,-0.00040518022273089427,-0.35490475890834183,-0.4238831369517736,-12.173721950407037
682,22.733333333333334,-0.5741497874259949,-0.21004002077737954,0.07582020346679491,-1.7409884741147583,0.08200037933147682,-0.2709544194249134,-0.0061801758646819055,-0.6561501667574717,-1.470034054689845,-12.139170988063803
683,22.766666666666666,-0.8867567181587219,-0.3741674180883923,0.009153536800128245,-2.0,0.0163782393574292,-1.8746567968857153,-0.007224702557300955,-0.9031349575161511,-0.1253432031142847,-34.27026379702287
684,22.8,-0.6455828547477722,-0.4399951261696563,-0.05751312986653842,-2.0,-0.05019002986717915,-1.988192306953002,-0.0073230999993592685,-0.5953928248805931,-0.011807693046997914,-35.83705383595143
685,22.833333333333332,-0.6367049217224121,-0.4877041111771029,-0.12417979653320509,-2.0,-0.11684742720959394,-1.998887681089776,-0.007332369323611143,-0.5198574945128182,-0.0011123189102240083,-35.98464999903891
686,22.866666666666667,-0.3594226241111755,-0.45659137718252196,-0.19084646319987175,-2.0,-0.1835132206790485,-1.9998952163345438,-0.007333242520823263,-0.175909403432127,-0.00010478366545618734,-35.998553985416706
687,22.9,-0.4912071824073791,-0.4649869170581683,-0.2575131298665384,-2.0,-0.25017980508800675,-1.9999901290749917,-0.007333324778531658,-0.24102737731937235,-9.87092500825959e-06,-35.999863781234886
688,22.933333333333334,0.0389170907437801,-0.3427726232256687,-0.32417979653320506,-2.0,-0.31684646400575883,-1.9999990701302521,-0.0073333325274462235,0.3557635547495389,-9.298697478676843e-07,-35.99998716779748
689,22.966666666666665,0.0940594971179962,-0.23682560100603703,-0.3730686854220939,-1.4666666666666668,-0.36735201792364813,-0.25873419059338354,-0.005716667498445793,0.46141151504164435,-1.2079324760732832,-11.138647404312684
690,23.0,0.0929159671068191,-0.1568517721216025,-0.404179796533205,-0.9333333333333335,-0.40337060199490854,-0.5026324316991255,-0.000809194538296476,0.49628656910172764,-0.43070090163420793,-8.580448930704499
691,23.03333333333333,0.1749336123466491,-0.076382246499832,-0.4175131298665384,-0.40000000000000013,-0.4154405032413141,0.36827812813460137,-0.002072626625224283,0.5903741155879632,-0.7682781281346015,2.1099242459142977
692,23.066666666666666,0.1991646587848663,-0.009552513205994456,-0.41306868542209396,0.1333333333333332,-0.4129609372047093,0.054568688176323495,-0.00010774821738468443,0.6121255959895756,0.0787646451570097,0.7761513150645211
693,23.1,0.255415678024292,0.05471151303293112,-0.39084646319987176,0.6666666666666665,-0.3935983485392363,-0.4397475760183105,0.002751885339364546,0.6490140265635282,1.106414242684977,-1.9817585808177245
694,23.133333333333333,0.2587957978248596,0.10420906884113842,-0.3508464631998718,1.1999999999999997,-0.3511695140296569,0.7923421694794703,0.0003230508297851209,0.6099653118545165,0.4076578305205294,12.190617419830936
695,23.166666666666668,0.328627198934555,0.1586382912087381,-0.293068685422094,1.733333333333333,-0.29922633191733145,0.23318185347905862,0.006157646495237423,0.6278535308518864,1.5001514798542743,11.617909578011005
696,23.2,0.284997284412384,0.18928475340127293,-0.22640201875542737,2.0,-0.23362459898082413,1.872207952380879,0.007222580225396763,0.5186218833932081,0.127792047619121,34.23646974285613
697,23.233333333333334,0.1578790098428726,0.1816677654197385,-0.15973535208876072,2.0,-0.16705825215830292,1.9879616187025462,0.007322900069542199,0.3249372620011755,0.012038381297453826,35.83387033809514
698,23.266666666666666,0.0816546827554702,0.1574111052571366,-0.09306868542209405,2.0,-0.10040103591173692,1.9988659495879213,0.007332350489642869,0.18205571866720713,0.001134050412078702,35.984350104313314
699,23.3,0.0837765336036682,0.13955215387561828,-0.026402018755427387,2.0,-0.03373525950203626,1.9998931691640809,0.007333240746608877,0.11751179310570446,0.00010683083591911391,35.998525734464316
700,23.333333333333332,0.1344528049230575,0.1383153839321499,0.04026464791123928,2.0,0.03293132329984376,1.9999899362256024,0.00733332461139552,0.10152148162321374,1.0063774397606196e-05,35.99986111991331
701,23.366666666666667,0.1092953234910965,0.13127700729916675,0.10693131457790594,2.0,0.09959798206620443,1.9999990519632822,0.0073333325117015125,0.009697341424892064,9.480367177960858e-07,35.999986917093295
702,23.4,0.0576328411698341,0.11341572892267658,0.15582020346679484,1.4666666666666668,0.1501035359748961,0.2587341912010459,0.0057166674918987526,-0.09247069480506198,1.2079324754656209,11.138647405510637
703,23.433333333333334,0.0457712188363075,0.09700957635422895,0.18693131457790596,0.9333333333333335,0.1861221200389199,0.5026324312896889,0.0008091945389860633,-0.1403509012026124,0.43070090204364453,8.58044892611553
704,23.466666666666665,0.0316339842975139,0.08115371552878126,0.2002646479112393,0.40000000000000013,0.1981920212853027,-0.36827812833463125,0.002072626625936602,-0.1665580369877888,0.7682781283346314,-2.1099242477747477
705,23.5,0.1085049733519554,0.08778734933310627,0.19582020346679485,-0.1333333333333332,0.195712455248978,-0.05456868828889074,0.00010774821781683874,-0.08720748189702261,-0.07876464504444244,-0.7761513160796875
706,23.53333333333333,0.1549174040555954,0.10406872853592979,0.17359798124457262,-0.6666666666666665,0.1763498665839827,0.4397475760453342,-0.002751885339410065,-0.02143246252838729,-1.1064142427120007,1.9817585811206122
707,23.566666666666666,0.0802868828177452,0.09830080163818673,0.13359798124457262,-1.1999999999999997,0.13392103207437667,-0.7923421694777137,-0.0003230508298040502,-0.05363414925663147,-0.407657830522286,-12.190617419827486
708,23.6,-0.3113908171653747,-0.0010637025251740012,0.07582020346679486,-1.733333333333333,0.08197784996203404,-0.23318185348111609,-0.006157646495239186,-0.39336866712740876,-1.5001514798522169,-11.617909578039399
709,23.633333333333333,0.107812762260437,0.025342636882196366,0.025342636882196366,-1.5143269975379547,0.03119391472556374,-0.24034225628713046,-0.005851277843367374,0.07661884753487326,-1.2739847412508243,-11.102389019537487
710,23.666666666666668,-0.0240260120481252,0.013369017952665584,-0.007357151924624349,-0.9809936642046214,-0.006799703801328595,-0.6143779587718543,-0.0005574481232957533,-0.017226308246796607,-0.3666157054327671,-9.832894266727031
711,23.7,-0.201976403594017,-0.03885975621246022,-0.03885975621246022,-0.9450781286350761,-0.03756570761946767,-0.20544655364869296,-0.00129404859299255,-0.16441069597454933,-0.7396315749863831,-5.249585703814193
712,23.733333333333334,-0.1998684704303741,-0.07790998404227148,-0.07790998404227148,-1.1715068348943378,-0.07782217872441094,-0.7424079550593221,-8.78053178605398e-05,-0.12204629170596315,-0.4290988798350157,-11.267856147723474
713,23.766666666666666,0.0254751294851303,-0.05283548880723804,-0.09918243409430497,-0.6381735015610045,-0.09630911800337677,0.48929096598152055,-0.0028733160909281963,0.12178424748850707,-1.127464467542525,2.537041546638658
714,23.8,-0.5959709882736206,-0.18456478743336666,-0.13823266192411623,-1.1715068348943378,-0.13823186414402436,-0.8257781201459781,-7.977800918768096e-07,-0.4577391241295963,-0.34572871474835976,-12.256534008287767
715,23.833333333333332,-0.1796856075525283,-0.18338141616743941,-0.18338141616743941,-1.3544626272996954,-0.18218166260541752,-0.6918560117641359,-0.001199753562021899,0.002496055052889218,-0.6626066155355594,-11.992516137477853
716,23.866666666666667,-0.3710273206233978,-0.2288920915115004,-0.2288920915115004,-1.3653202603218293,-0.22705174095598876,-0.6310554977375376,-0.0018403505555116273,-0.14397557966740906,-0.7342647625842917,-11.872652266968274
717,23.9,-0.5634629130363464,-0.3100371827521504,-0.29218054463333915,-1.8986535936551627,-0.2855605046657327,-1.0210516451692664,-0.006620039967606461,-0.27790240837061375,-0.8776019484858963,-22.490512703335874
718,23.933333333333334,-0.3970136344432831,-0.3311320052955467,-0.33769121997740015,-1.3653202603218295,-0.33359697065871774,-0.42186044900278385,-0.004094249318682408,-0.06341666378456534,-0.9434598113190457,-11.4602391708912
719,23.966666666666665,-0.4405147731304168,-0.35766114084796136,-0.36542411754368337,-0.8319869269884962,-0.3639388679406461,-0.18145101863981794,-0.001485249603037253,-0.0765759051897707,-0.6505359083486782,-4.980643432078605
720,24.0,-0.1585445255041122,-0.3093684181115103,-0.3753792373321888,-0.29865359365516286,-0.37337016875673673,0.39159772773041035,-0.0020090685754520776,0.21482564325262454,-0.6902513213855732,2.613089641799082
721,24.03333333333333,-0.1901734620332718,-0.2804594847433455,-0.36755657934291647,0.23467973967817046,-0.36808394679425127,-0.07704135708876761,0.0005273674513348037,0.17791048476097948,0.31172109676693804,-0.14149805582326808
722,24.066666666666666,-0.3422199189662933,-0.29543854372775574,-0.34195614357586634,0.7680130730115038,-0.34413596198208035,-0.18031032529649482,0.002179818406214007,0.0019160430157870723,0.9483233983079986,0.9260175348702775
723,24.1,0.0028671363834291,-0.22308901390353392,-0.29857793003103844,1.301346406344837,-0.29998891249233084,0.6788241460704798,0.0014109824612923982,0.30285604887575995,0.6225222602743572,11.966824745110355
724,24.133333333333333,0.1536630243062973,-0.13171350669013132,-0.23742193870843276,1.8346797396781702,-0.24387790998315,0.7333203011017018,0.006455971274717254,0.3975409342894473,1.1013594385764685,18.519820155203483
725,24.166666666666668,0.1362062990665435,-0.0667336110010265,-0.1707552720417661,2.0,-0.17800595532609936,1.9046345588460782,0.007250683284333259,0.3142122543926429,0.09536544115392176,34.68395691207588
726,24.2,0.1108612269163131,-0.023660669789382985,-0.10408860537509944,2.0,-0.1114141528342516,1.991016299021732,0.007325547459152162,0.22227537975056472,0.008983700978268061,35.8760249264999
727,24.233333333333334,-0.0217884667217731,-0.023206595258765415,-0.03742193870843277,2.0,-0.04475453858985049,1.9991537093281346,0.007332599881417719,0.022966071868077392,0.0008462906718653684,35.98832118872826
728,24.266666666666666,0.0776193588972091,0.001247214586707207,0.011466950180456119,1.4666666666666668,0.005750587335649225,0.25876246694451277,0.005716362844806894,0.07186877156155988,1.207904199722154,11.138703149119177
729,24.3,0.197116419672966,0.048752327093291234,0.048752327093291234,1.1185613073850535,0.04826194773944984,0.786889896917442,0.0004903793538413928,0.14885447193351617,0.3316714104676115,12.179868653922957
730,24.333333333333332,0.0973759368062019,0.06054524803188804,0.06825992622834857,0.5852279740517202,0.06545318448384337,-0.48965917832639083,0.002806741744505209,0.03192275232235853,1.074887152378111,-2.6811793889559103
731,24.366666666666667,0.1499109715223312,0.08221955230435488,0.08221955230435488,0.41878878228018906,0.07853906067286835,-0.7948778584113929,0.003680491631486524,0.07137191084946286,1.213666640691582,-5.962063453102237
732,24.4,0.1149963438510894,0.09016906723370152,0.09016906723370152,0.23848544788039938,0.08672536844225444,-0.8078819418521264,0.0034436987914470835,0.028270975408834956,1.0463673897325259,-6.614961837748928
733,24.433333333333334,0.0327500812709331,0.0762429608456451,0.08034080438527039,-0.29484788545293394,0.08036693110167786,-0.07285597415307672,-2.6126716407476325e-05,-0.04761684983074476,-0.22199191129985724,-1.3672716259408357
734,24.466666666666665,0.0386458039283752,0.06712433922007593,0.06712433922007593,-0.39649395495583356,0.06958421541378465,0.5138471963818814,-0.0024598761937087155,-0.030938411485409448,-0.9103411513377149,3.6018372884185146
735,24.5,0.1324481219053268,0.08296763446626772,0.07168565183265926,0.13683937837749977,0.07205593322098283,0.12649833576517786,-0.00037028138832356783,0.060392188684343956,0.01034104261232191,1.4434185043102037
736,24.53333333333333,0.0494745261967182,0.07484438775252603,0.07484438775252603,0.09476207759600286,0.07448948882913566,-0.0618914544071936,0.00035489892339037044,-0.025014962632417453,0.15665353200319646,-0.3105872304597545
737,24.566666666666666,0.0656377673149108,0.07261146124679116,0.07261146124679116,-0.066987795172046,0.07287895645615196,0.05168445111074543,-0.00026749520936079907,-0.007241189141241153,-0.11867224628279144,0.3051624573471817
738,24.6,-0.4350756108760834,-0.05052035760505026,0.05260075696327851,-0.6003211285053793,0.05564382672248528,0.5601171315885234,-0.0030430697592067693,-0.4907194375985687,-1.1604382600939027,3.3308621415795
739,24.633333333333333,0.1286878883838653,-0.007056108673923776,0.014812274901988096,-1.1336544618387125,0.014904543285421255,-0.7697250068586966,-9.226838343315974e-05,0.11378334509844404,-0.36392945498001594,-11.574026023299304
740,24.666666666666668,0.0168468877673149,-0.0012587985011201855,-0.0051984293815245455,-0.6003211285053792,-0.002360377372045132,0.5018496700058466,-0.0028380520094794135,0.01920726513936003,-1.1021707985112257,2.7864086174681963
741,24.7,-0.0641937106847763,-0.016522709346931418,-0.016522709346931418,-0.3397283989622062,-0.013015077289644395,0.7897199079164308,-0.0035076320572870225,-0.051178633395131914,-1.129448306878637,6.178187759986345
742,24.733333333333334,-0.0616951063275337,-0.02747859084862305,-0.02747859084862305,-0.328676445050749,-0.023499883584220397,0.9225130035356295,-0.003978707264402654,-0.0381952227433133,-1.2511894485863784,7.4300893030711155
743,24.766666666666666,-0.1143311783671379,-0.048543372010817286,-0.048543372010817286,-0.631943434865827,-0.046048812618008333,0.25946753944723366,-0.0024945593928089524,-0.06828236574912956,-0.8914109743130607,-0.03882243836224353
744,24.8,-0.059665746986866,-0.05124093579755405,-0.051830375395233746,-0.09861010153249372,-0.050282615213898964,0.3433142693342274,-0.0015477601813347827,-0.009383131772967034,-0.4419243708667211,2.7290740287725077
745,24.833333333333332,-0.2761448323726654,-0.10578797347642062,-0.07289515655742798,-0.631943434865827,-0.07014455644524968,0.4114946938926294,-0.0027506001121783002,-0.2060002759274157,-1.0434381287584564,1.6650999066457068
746,24.866666666666667,-0.2875575423240661,-0.1498734325182231,-0.1117377154974,-1.1652767681991603,-0.11177226769934719,-0.8199913879830261,3.455220194718833e-05,-0.17578527462471893,-0.3452853802161342,-12.13741228355582
747,24.9,-0.2600702941417694,-0.17660001420314717,-0.16835805221514977,-1.6986101015324935,-0.16267086581831916,-0.23276677596005513,-0.005687186396830607,-0.09739942832345025,-1.4658433255724383,-11.087454501178403
748,24.933333333333334,-0.3501332700252533,-0.21868788012281803,-0.21868788012281803,-1.509894837230048,-0.213090213516096,-0.26442961277608945,-0.005597666606722035,-0.1370430565091573,-1.2454652244539586,-11.149875522329985
749,24.966666666666665,-0.3228987455368042,-0.24396264898564018,-0.2512399302527085,-0.9765615038967147,-0.25063367777561524,-0.5889086684877267,-0.0006062524770932831,-0.07226506776118896,-0.387652835408988,-9.547434126497892
750,25.0,-0.3323296904563904,-0.26539473804268854,-0.2660142026048212,-0.4432281705633814,-0.263826226213904,0.38311054498793196,-0.0021879763909172234,-0.06850346424248638,-0.8263387155513133,2.1257720577455776
751,25.03333333333333,-0.4667789041996002,-0.31423742092443907,-0.2985662527347117,-0.9765615038967147,-0.2976008729274671,-0.3756726401678765,-0.0009653798072445929,-0.1691780312721331,-0.6008888637288382,-7.157481918680687
752,25.066666666666666,-0.6536974310874939,-0.39656831090370004,-0.34889608064238,-1.509894837230048,-0.34526186637670664,-0.4466669496457454,-0.003634214265673341,-0.30843556471078726,-1.0632278875843026,-11.509143415015885
753,25.1,-0.2399854212999344,-0.35859149987841876,-0.38144813077227047,-0.9765615038967147,-0.3806350766937145,-0.4661178128669309,-0.0008130540785559748,0.1406496553937801,-0.5104436910297838,-8.171192602947775
754,25.133333333333333,-0.1521757245063781,-0.30852847630172026,-0.39622240312438317,-0.4432281705633814,-0.3938208024902594,0.4430996117281609,-0.0024016006341237572,0.24164507798388132,-0.8863277822915423,2.6837223018893175
755,25.166666666666668,-0.2544756829738617,-0.2954187890121628,-0.3932188976987181,0.09010516276995195,-0.3926571002909625,0.1584103298080763,-0.0005617974077555821,0.13818141731710082,-0.06830516703812434,1.5977785671022948
756,25.2,-0.1772137582302093,-0.2667499470486291,-0.37243761449527524,0.6234384961032853,-0.3754527986828237,-0.5618613569239146,0.003015184187548481,0.19823904045261442,1.1852998530271999,-3.3504114420616746
757,25.233333333333334,-0.4355950951576233,-0.3077007833660392,-0.3338785535140546,1.1567718294366185,-0.33385852772728125,0.818099368440361,-2.0025786773347765e-05,-0.10173656743034204,0.3386724609962575,12.116206503656183
758,25.266666666666666,-0.2727566957473755,-0.2992256235621614,-0.2992256235621614,1.0395878985567952,-0.30010939984351476,0.3742288096170882,0.0008837762813533323,0.02735270409613927,0.665359088939707,7.141299446892209
759,25.3,-0.1704914420843124,-0.2680030953865097,-0.2680030953865097,0.9366758452695523,-0.2693046554703599,0.20763845654283314,0.0013015600838502395,0.09881321338604751,0.7290373887267192,5.2741525802583205
760,25.333333333333332,0.0210285186767578,-0.19790284998045754,-0.21900278943308016,1.4700091786028855,-0.22225501275800888,0.4870573129368071,0.0032522233249287213,0.24328353143476666,0.9829518656660784,11.588770131218288
761,25.366666666666667,-0.1220634207129478,-0.17950914374061472,-0.17950914374061472,1.1848093707739633,-0.1798415247748301,0.7933560748191975,0.00033238103421537324,0.05777810406188229,0.39145329595476586,12.192616261786416
762,25.4,-0.021699545904994,-0.1412348131918261,-0.1412348131918261,1.1482299164636587,-0.14153993315895025,0.63180277637693,0.0003051199671241511,0.11984038725395625,0.5164271400867286,10.028191851446616
763,25.433333333333334,-0.0962402448058128,-0.13032206132549046,-0.12073826042081526,0.6148965831303254,-0.12370471426930384,-0.5261646712482162,0.002966453848488579,0.027464469463491042,1.1410612543785414,-2.950322519872472
764,25.466666666666665,0.0584546402096748,-0.08453712825701495,-0.08453712825701495,1.0860339649140092,-0.08487483620563063,0.6616927093782041,0.00033770794861567865,0.14332947641530544,0.42434125553580504,10.363198613346869
765,25.5,0.1575351506471634,-0.02582615917433633,-0.030558218315436876,1.6193672982473424,-0.03536354714070689,0.32442269998031836,0.004805328825270017,0.19289869778787028,1.294944598267024,11.268147608532626
766,25.53333333333333,0.2468313425779342,0.0403027930047545,0.03610844835122979,2.0,0.02901326037010532,1.7252169012974654,0.007095187981124469,0.2178180822078289,0.2747830987025346,32.20799323790502
767,25.566666666666666,0.1736463606357574,0.0726432580592302,0.08499733724011868,1.4666666666666668,0.07937969655653958,0.2679253395928829,0.005617640683579103,0.09426666407921781,1.198741327073784,11.156767098054553
768,25.6,0.2170223295688629,0.10766021762998418,0.1161084483512298,0.9333333333333335,0.11528882376404745,0.4964394688893519,0.0008196245871823493,0.10173350580481544,0.43689386444398154,8.511038122142882
769,25.633333333333333,0.2275672852993011,0.1367418628914582,0.1367418628914582,0.6190024362068522,0.13385006560638377,-0.48508699926943866,0.002891797285074438,0.09371721969291733,1.104089435476291,-2.4899234324799204
770,25.666666666666668,0.1575821936130523,0.1417963698271848,0.1417963698271848,0.1516352080717978,0.13951076181429037,-0.5269145958849599,0.00228560801289443,0.018071431798761944,0.6785498039567577,-4.279482726023743
771,25.7,0.2251185327768325,0.16200489991986464,0.16200489991986464,0.6062559027803952,0.15920397148163673,-0.4210413615468067,0.0028009284382279065,0.06591456129519577,1.0272972643272018,-1.7720990831787333
772,25.733333333333334,0.1028842404484748,0.14766607836588444,0.1644356522347667,0.07292256944706188,0.16276453304257965,-0.3883899080206359,0.0016711191921870427,-0.05988029259410485,0.46131247746769777,-3.2208759900514776
773,25.766666666666666,-0.0324696116149425,0.10397689192526072,0.14908862677189097,-0.46041076388627145,0.1511497523010572,0.40121481682376037,-0.0020611255291662356,-0.1836193639159997,-0.8616255807100318,2.4652847705147276
774,25.8,0.139870211482048,0.11268227357537278,0.11596382353123748,-0.9937440972196048,0.11685691531595514,-0.4049913413439302,-0.0008930917847176645,0.023013296166092864,-0.5887527558756745,-7.486086306776574
775,25.833333333333332,0.2279367595911026,0.14063550554287144,0.10061679806836177,-0.46041076388627145,0.10323025479478634,0.49561244950981664,-0.0026134567264245734,0.12470650479631626,-0.9560232133960881,3.1236015181640093
776,25.866666666666667,0.1534968912601471,0.14375484007644798,0.10304755038326383,0.07292256944706188,0.10383902727052914,0.21250148435153593,-0.0007914768872653161,0.049657863989617954,-0.13957891490447405,2.0399377564744987
777,25.9,0.1228838488459587,0.13869289689813322,0.12325608047594366,0.6062559027803952,0.12013105652906193,-0.6134768384917901,0.0031250239468817304,0.0027527923168967627,1.2197327412721855,-3.928918437819698
778,25.933333333333334,0.0278766434639692,0.11181609109994903,0.12568683279084572,0.07292256944706188,0.12368092577654743,-0.48240362436194983,0.002005907014298286,-0.09580428231257823,0.5553261938090117,-4.095284925477044
779,25.966666666666665,0.1445726752281189,0.11976070502562867,0.11976070502562867,-0.17778383295651135,0.11979870714617158,-0.03914758539950728,-3.8002120542904305e-05,0.024773968081947317,-0.13863624755700407,-0.7852450236702447
780,26.0,-0.2231906205415725,0.03658304931309739,0.09605679948263385,-0.7111171662898447,0.09857176486223841,0.3342642629800472,-0.002514965379604564,-0.3217623854038109,-1.045381429269892,0.7995002219932769
781,26.03333333333333,0.0597973428666591,0.042213325019465606,0.05457511616186125,-1.244450499623178,0.05538115018730459,-0.7420133225998768,-0.000806034025443346,0.0044161926793545095,-0.5024371770233012,-12.091397693125465
782,26.066666666666666,0.0336380153894424,0.04013351339939167,0.030871210618866423,-0.7111171662898447,0.033305282653322096,0.28623289864531376,-0.0024340720344556734,0.00033273273612030585,-0.9973500649351584,0.26116405928777203
783,26.099999999999998,0.0548622831702232,0.043705753684630935,0.024945082853649377,-0.17778383295651135,0.027025584117847314,0.4607554017835447,-0.0020805012641979363,0.027836699052375888,-0.638539234740056,3.5977363744484254
784,26.133333333333333,-0.1000580936670303,0.008838007426037658,0.008838007426037658,-0.48321226282835156,0.012273864299948391,0.7006260473614947,-0.003435856873910733,-0.1123319579669787,-1.1838383101898462,4.905687916170962
785,26.166666666666668,-0.258785218000412,-0.05606995719075601,-0.025046845779351838,-1.016545596161685,-0.02441220500985013,-0.540398096789685,-0.0006346407695017077,-0.23437301299056185,-0.47614749937199996,-9.003727001366562
786,26.2,-0.3511723577976227,-0.12764258003168938,-0.07670947676251912,-1.5498789294950184,-0.07268972123732083,-0.40593488294912716,-0.0040197555251982875,-0.27848263656030187,-1.1439440465458912,-11.428843054956847
787,26.233333333333334,-0.4235477149486542,-0.19940989393545377,-0.14337614342918578,-2.0,-0.13635495872995212,-1.6398284991157568,-0.007021184699233657,-0.28719275621870205,-0.3601715008842432,-31.029633287797445
788,26.266666666666666,-0.4766287803649902,-0.2666451409615773,-0.21004281009585246,-2.0,-0.20273888206862997,-1.966070800641342,-0.007303928027222489,-0.27388989829636023,-0.0339291993586579,-35.53177704885052
789,26.3,-0.4512813985347748,-0.3114258719853574,-0.2767094767625191,-2.0,-0.2693789134942542,-1.996803771074905,-0.0073305632682649224,-0.1819024850405206,-0.0031962289250950793,-35.95589204083369
790,26.333333333333332,-0.2227655500173568,-0.2899226521805648,-0.325598365651408,-1.4666666666666668,-0.3198828496843346,-0.25884106968907217,-0.00571551596707337,0.09711729966697782,-1.2078255969775946,-11.138858108815638
791,26.366666666666667,-0.0434076152741909,-0.2301341593562603,-0.3567094767625191,-0.9333333333333335,-0.3559001609386039,-0.5025604169526833,-0.000809315823915191,0.312492545664413,-0.4307729163806502,-8.57964178847993
792,26.4,-0.2337800711393356,-0.23101842010244447,-0.37004281009585244,-0.40000000000000013,-0.3679700581836462,0.36831331070100026,-0.0020727519122062388,0.1341899870443106,-0.7683133107010004,2.110251474234025
793,26.433333333333334,-0.261963814496994,-0.2385237573586318,-0.365598365651408,0.1333333333333332,-0.36549054141957715,0.05458848781026465,-0.00010782423183086642,0.10352672692258313,0.07874484552306854,0.7763298730754291
794,26.466666666666665,-0.1593905836343765,-0.21933120322987898,-0.3433761434291858,0.6666666666666665,-0.34612803677481,-0.4397523298280672,0.002751893345624201,0.18673745314043352,1.1064189964947337,-1.981811861579952
795,26.5,0.1312510818243026,-0.13430277373796495,-0.30337614342918584,1.1999999999999997,-0.3036991975881859,0.792341860479215,0.00032305415900008017,0.43495027941248854,0.4076581395207848,12.190616810658994
796,26.53333333333333,0.0130668533965945,-0.09856050014269765,-0.24559836565140808,1.733333333333333,-0.2517560124602672,0.23318221535024986,0.006157646808859107,0.2648228658568617,1.500151117983083,11.617914571833445
797,26.566666666666666,0.1950635313987732,-0.02734643335322194,-0.17893169898474143,2.0,-0.18615427923968225,1.8722079864701924,0.007222580254940825,0.38121781063845545,0.12779201352980762,34.236470213288655
798,26.599999999999998,0.1750789284706115,0.021748775785919106,-0.11226503231807476,2.0,-0.11958793239040011,1.9879616219138592,0.007322900072325347,0.29466686086101157,0.012038378086140833,35.833870382411256
799,26.633333333333333,0.1239096075296402,0.046526339995741614,-0.045598365651408096,2.0,-0.052930716141313144,1.9988659498904375,0.0073323504899050485,0.17684032367095334,0.0011340501095624678,35.98435010848804
800,26.666666666666668,0.0948847606778144,0.05825494334679362,0.02106830101525857,2.0,0.013735060268625005,1.9998931691925783,0.007333240746633565,0.0811497004091894,0.00010683080742168727,35.99852573485758
801,26.7,0.1780326515436172,0.08730521442521584,0.08730521442521584,1.987107402298718,0.079996803046091,1.9514091332959191,0.007308411379124843,0.0980358484975262,0.03569826900279893,35.329446039483685
802,26.733333333333334,0.1453550159931183,0.10138431559506864,0.13576435005739534,1.4537740689653846,0.13022670621018892,0.2769457235404984,0.005537643847206425,0.015128309782929367,1.1768283454248862,11.17455014069414
803,26.766666666666666,0.1709840595722198,0.118264680564171,0.16644570791179705,0.9204407356320513,0.16555339295133775,0.46348555422918875,0.0008923149604593006,0.005430666620882041,0.45695518140286256,8.141690213542077
804,26.8,0.0851107090711593,0.11022368634498277,0.17934928798842098,0.387107402298718,0.1772877245739045,-0.37040847789842246,0.002061563414516493,-0.0921770155027452,0.7575158801971404,-2.1661560304678176
805,26.833333333333332,0.064163252711296,0.0990524249876565,0.17447509028726713,-0.14622593103461534,0.1744499438402854,-0.03735556425796267,2.5146446981733073e-05,-0.1102866911289894,-0.10887036677665267,-0.6551703067368801
806,26.866666666666667,0.0632162913680076,0.0903609129214658,0.1518231148083355,-0.6795592643679487,0.15450203540844135,0.4066307533660716,-0.002678920600105855,-0.09128574404043374,-1.0861900177340202,1.6105847973007652
807,26.9,0.0813578590750694,0.08817735841279485,0.1113933615516261,-1.2128925977012819,0.11185473248593004,-0.7779085260183531,-0.0004613709343039424,-0.030496873410860645,-0.43498407168292874,-12.162162522721886
808,26.933333333333334,0.0710964202880859,0.0840346352778592,0.0840346352778592,-0.8207617882130069,0.08595847263840362,0.07007882017635658,-0.0019238373605444115,-0.01486205235031772,-0.8908406083893635,-2.1614936929504673
809,26.966666666666665,0.1253344267606735,0.09405127490237562,0.07445368678187009,-0.2874284548796736,0.07683142266041688,0.49968507769752546,-0.0023777358785467967,0.04850300410025661,-0.7871135325771991,3.650103172215763
810,27.0,0.2439455091953277,0.13040585377065178,0.08265051606365875,0.24590487845365971,0.08228075306900134,-0.0322439267030219,0.0003697629946574077,0.16166475612632636,0.2781488051566816,0.29231763168393493
811,27.03333333333333,0.0259662270545959,0.10507560231480441,0.10507560231480441,0.6727525875343697,0.10240434706992194,-0.3966906348736847,0.002671255244882473,-0.07643812001532604,1.0694432224080543,-1.4991758186022377
812,27.066666666666666,0.0008779866620898,0.07980404698113103,0.10972291078817228,0.1394192542010364,0.10768582425217973,-0.4641478522222602,0.0020370865359925494,-0.10680783759008994,0.6035671064232966,-3.7376574275744057
813,27.099999999999998,0.0428068377077579,0.07083093358034291,0.09659244148376239,-0.3939140791322969,0.09804010808519413,0.26361622192163914,-0.001447666601431738,-0.05523327037743623,-0.6575303010539361,1.401045406805171
814,27.133333333333333,-0.7144470810890198,-0.11962636888017607,0.06568419440157472,-0.9272474124656302,0.06697335958486686,-0.2224623950329329,-0.0012891651832921402,-0.7814204406738866,-0.7047850174326973,-5.440299477675763
815,27.166666666666668,0.0484871082007885,-0.07885298830160481,0.016998169541609265,-1.4605807457989637,0.02012189611637677,-0.500150503430092,-0.0031237265747675047,0.02836521208441173,-0.9604302423688716,-11.614582421047892
816,27.2,-0.2719956338405609,-0.12569681503846575,-0.04946563309613397,-1.993914079132297,-0.04254061715477704,-1.519501592538457,-0.0069250159413569295,-0.22945501668578389,-0.47441248659383994,-29.369121977030705
817,27.233333333333334,-0.2225704193115234,-0.14919204221255486,-0.11613229976280064,-2.0,-0.10883743111132016,-1.9556176747851748,-0.007294868651480477,-0.11373298820020325,-0.04438232521482521,-35.38752391203541
818,27.266666666666666,-0.4789710938930511,-0.2291749621692542,-0.1827989664294673,-2.0,-0.17546925658065635,-1.9958190563203426,-0.007329709848810956,-0.3035018373123948,-0.0041809436796573785,-35.94230297722073
819,27.3,-0.2371688932180404,-0.23111376920977508,-0.2316878553183562,-1.4666666666666668,-0.2259726942257134,-0.25887400727038856,-0.0057151610926428065,-0.011196198992327017,-1.2077926593962782,-11.138923042904485
820,27.333333333333332,-0.2761411070823669,-0.24203446881933055,-0.2627989664294673,-0.9333333333333335,-0.26198961322822495,-0.5025382237300375,-0.0008093532012423688,-0.014151493854141939,-0.4307951096032959,-8.579393046548844
821,27.366666666666667,-0.192903071641922,-0.23011839171323012,-0.2761322997628007,-0.40000000000000013,-0.27405950924014283,0.3683241531265855,-0.0020727905226578525,0.08115643759822083,-0.7683241531265856,2.1103523181766297
822,27.4,-0.4002067148685455,-0.2713707413308798,-0.27168785531835626,0.1333333333333332,-0.27158000766069096,0.05459458958394575,-0.00010784765766530535,-0.12862670720785452,0.07873874374938744,0.7763849003842702
823,27.433333333333334,-0.4397174417972564,-0.3122006867132868,-0.2850211886516896,-0.40000000000000013,-0.28234680911011106,0.5756625033157581,-0.0026743795415785643,-0.15737063268714535,-0.9756625033157582,4.177737968330194
824,27.466666666666665,-0.3959810435771942,-0.3325203448081309,-0.3161322997628007,-0.9333333333333335,-0.3150026747213351,-0.31237309437849164,-0.0011296250414656317,-0.08097836885585913,-0.6209602389548419,-6.44801977757268
825,27.5,-0.1826811879873275,-0.29617912414749054,-0.3294656330961341,-0.40000000000000013,-0.3270620045673673,0.4612286986536904,-0.002403628528766799,0.1443808165800398,-0.8612286986536906,2.974445004988675
826,27.53333333333333,0.0270548816770315,-0.2177836060471059,-0.32502118865168966,0.1333333333333332,-0.32471261409144697,0.10687832500707514,-0.0003085745602426915,0.3517674957684785,0.02645500832625805,1.2478925973447883
827,27.566666666666666,-0.1846699118614196,-0.20975238047947836,-0.30279896642946746,0.6666666666666665,-0.30557200390400263,-0.45230690223936754,0.002773037474535167,0.12090209204258304,1.118973568906034,-2.1225236741615614
828,27.599999999999998,0.0822232067584991,-0.1389381189174952,-0.2627989664294675,1.1999999999999997,-0.263130812877737,0.7915258063545794,0.0003318464482695016,0.3453540196362361,0.40847419364542037,12.189008018241854
829,27.633333333333333,0.0519289076328277,-0.09264620913985983,-0.20502118865168972,1.733333333333333,-0.21117966371968291,0.23413789896649106,0.006158475067993191,0.26310857135251065,1.4991954343668419,11.631103005737575
830,27.666666666666668,0.1430195569992065,-0.03548904280809084,-0.13835452198502307,2.0,-0.14557718026437508,1.8722980146369408,0.007222658279352007,0.2885967372635816,0.1277019853630592,34.237712601989784
831,27.7,0.1557027250528335,0.01088162806161544,-0.0716878553183564,2.0,-0.07901076274080744,1.9879701028281178,0.007322907422451036,0.23471348779364093,0.012029897171882187,35.83398741902803
832,27.733333333333334,0.1236035823822021,0.03822063277960194,-0.00502118865168974,2.0,-0.01235353983399793,1.9988667488171423,0.00733235118230819,0.13595712221620004,0.0011332511828576752,35.984361133676565
833,27.766666666666666,0.1383804678916931,0.06251288552829398,0.061645478014976926,2.0,0.054312237203116974,1.999893244453789,0.007333240811859952,0.0840682306885761,0.00010675554621109029,35.99852677346229
834,27.8,0.1669121980667114,0.08783335939024402,0.11053436690386581,1.4666666666666668,0.10481773754319187,0.25873773034111913,0.005716629360673936,0.062094460523519523,1.2079289363255477,11.138654382672492
835,27.833333333333332,0.058711789548397,0.08077036318777288,0.14164547801497693,0.9333333333333335,0.1408362794598005,0.5026300466299629,0.0008091985551764158,-0.0821244899114035,0.43070328670337055,8.580422198817974
836,27.866666666666667,0.1038218885660171,0.0863611619356394,0.15497881134831026,0.40000000000000013,0.15290618057368421,-0.36827929335226206,0.0020726307746260497,-0.04908429200766712,0.7682792933522622,-2.1099350834471062
837,27.9,-0.0297217518091201,0.05820700735524814,0.15053436690386582,-0.1333333333333332,0.15042661616894523,-0.05456934392390992,0.0001077507349205864,-0.18014836797806533,-0.07876398940942328,-0.7761572287589533
838,27.933333333333334,0.1406339704990387,0.07819842027795536,0.1283121446816436,-0.6666666666666665,0.1310640302861689,0.43974773346057594,-0.0027518856045253004,0.009569940212869804,-1.1064144001272425,1.9817603454327097
839,27.966666666666665,0.1733457446098327,0.10127496436815941,0.10127496436815941,-0.8111154094045253,0.10300563563090967,-0.052252662701537944,-0.0017306712627502552,0.07034010897892304,-0.7588627467029874,-3.5325865607609424
840,28.0,0.1600365489721298,0.11552669774527416,0.09201556183245302,-0.277782076071192,0.09412123784957956,0.4272047997431567,-0.002105676017126537,0.06591531112255024,-0.7049868758143487,3.0032219536341427
841,28.03333333333333,0.0984328091144561,0.11138083366100214,0.1005339370745244,0.25555125726214134,0.09994232789811547,-0.08680959856680995,0.000591609176408936,-0.0015095187836593749,0.34236085582895126,-0.17414201174568106
842,28.066666666666666,-0.1156495809555053,0.05631804120200404,0.09127453453881801,-0.277782076071192,0.09281244107730852,0.3207883496351993,-0.0015379065384905077,-0.20846202203281383,-0.5985704257063913,2.205317124885682
843,28.099999999999998,0.0513715520501136,0.05511834509066449,0.06423735422533383,-0.8111154094045253,0.06609588844138811,0.02366745265228376,-0.0018585342160542806,-0.01472433639127451,-0.8347828620568091,-2.6816729101116232
844,28.133333333333333,-0.2001669853925705,-0.006797249760224895,0.01942239613407188,-1.3444487427378586,0.02126364425584387,-0.6335551032471882,-0.0018412481217719885,-0.22143062964841437,-0.7108936394906704,-11.87758006068731
845,28.166666666666668,-0.1536871939897537,-0.042423183523710425,-0.042423183523710425,-1.8553673897334693,-0.035886703841256605,-0.8580417716520568,-0.0065364796824538204,-0.11780049014849708,-0.9973256180814125,-20.24097644879838
846,28.2,-0.2130194753408432,-0.08379873325553236,-0.08649098540371496,-1.322034056400136,-0.08299775216193248,-0.4830004030834377,-0.0034932332417824813,-0.13002172317891073,-0.8390336533166983,-11.58077222322164
847,28.233333333333334,0.1127535477280616,-0.036127951023893025,-0.11278100950594172,-0.7887007230668027,-0.11101669241968433,-0.05002037129405079,-0.0017643170862573915,0.22377024014774594,-0.7386803517727519,-3.5075670093284184
848,28.266666666666666,-0.4024268090724945,-0.12496819752904839,-0.12496819752904839,-0.36561564069320013,-0.12228632516550599,0.549888646417277,-0.0026818723635424063,-0.28014048390698854,-0.915504287110477,3.8837279525619066
849,28.3,-0.5257704854011536,-0.22217672895631152,-0.15493316332993284,-0.8989489740265335,-0.1536329345991351,-0.2382966542326635,-0.0013002287307977423,-0.3721375508020185,-0.6606523197938701,-5.61777006288467
850,28.333333333333332,-0.6072985529899597,-0.3155822010998385,-0.20267590690859508,-1.4322823073598667,-0.19991777958103213,-0.5375855225443298,-0.002758127327562948,-0.4073807734089276,-0.8946967848155369,-11.68838288730166
851,28.366666666666667,-0.1973422020673751,-0.28690487811615717,-0.2681964282650351,-1.9656156406932,-0.26136053580530194,-1.373130746912381,-0.0068358924597331505,0.06401833373792684,-0.5924848937808189,-27.34920430739086
852,28.4,-0.3139643371105194,-0.2934677405290024,-0.3159391718436973,-1.4322823073598667,-0.3108791688036034,-0.32393750528075915,-0.005060003040093908,-0.0030851683069160196,-1.1083448020791076,-11.267191081839233
853,28.433333333333334,-0.4752560555934906,-0.3375577461820998,-0.3459041376445817,-0.8989489740265334,-0.3448543867186773,-0.3870207635206242,-0.0010497509259044246,-0.1304016688748133,-0.5119282105059092,-7.284671834358531
854,28.466666666666665,-0.3310126364231109,-0.33597032882707567,-0.35809132566768836,-0.3656156406932001,-0.3560287062254142,0.37943514937634715,-0.0020626194422741495,0.02501606980230331,-0.7450507900695472,2.3108196124025087
855,28.5,-0.0604665577411651,-0.26915105708060283,-0.3525007359130173,0.16771769264013325,-0.35260145532694437,0.011742940080588224,0.00010071941392708617,0.29213489758577926,0.15597475255954502,0.48128555264078465
856,28.53333333333333,0.0034280086401849,-0.20304112837433674,-0.3291323683805684,0.7010510259734666,-0.3316909038876687,-0.35216534900739394,0.002558535507100279,0.3351189125278536,1.0532163749808605,-1.0001358294489315
857,28.566666666666666,0.0960488691926002,-0.13050137421668806,-0.2879862230703418,1.2343843593067998,-0.2886786896072753,0.7537997756324337,0.0006924665369335004,0.38472755879987547,0.4805845836743661,12.114633843389672
858,28.599999999999998,0.1492149084806442,-0.06266042150741274,-0.22906229998233735,1.767717692640133,-0.23532118971434826,0.4028999871512444,0.006258889732010914,0.38453609819499246,1.3648177054888886,13.960019822687173
859,28.633333333333333,0.1366960257291793,-0.014309531173648964,-0.1623956333156707,2.0,-0.16962775094743018,1.8832126520301713,0.007232117631759488,0.3063237766766095,0.1167873479698287,34.388334598016364
860,28.666666666666668,0.1219509467482566,0.01873838634370839,-0.09572896664900403,2.0,-0.10305276516987026,1.988998293307192,0.0073237985208662315,0.22500371191812685,0.011001706692808089,35.84817644763925
861,28.7,0.1267255544662475,0.04492904029908361,-0.029062299982337364,2.0,-0.03639473510869916,1.9989636073405337,0.007332435126361794,0.16312028957494668,0.001036392659466312,35.985697781299365
862,28.733333333333334,0.1614404916763305,0.07318713019914727,0.0376043666843293,2.0,0.030271117964696184,1.999902368807441,0.0073332487196331175,0.13116937371163434,9.763119255890018e-05,35.99865268954269
863,28.766666666666666,0.1652212440967559,0.09550861219640275,0.09550861219640275,1.7371273653622035,0.08868325327766977,1.0094562375568312,0.006825358918732982,0.07653799081908613,0.7276711278053722,22.33049607828427
864,28.8,0.2707961797714233,0.13802195989181842,0.13802195989181842,1.2754004308624702,0.1350186634229577,0.5342448128731094,0.0030032964688607167,0.13577751634846558,0.7411556179893608,11.681796916806977
865,28.833333333333332,0.3006075024604797,0.17745462358321823,0.17745462358321823,1.1829799107419943,0.17724968590382156,0.8054110990170853,0.00020493767939666618,0.12335781655665812,0.37756881172490897,12.216381880919407
866,28.866666666666667,0.3274771571159363,0.2138403194911378,0.2138403194911378,1.0915708772375872,0.21323935285788875,0.5009963293552081,0.0006009666332490449,0.11423780425804753,0.5905745478823791,8.562111474131743
867,28.9,0.1430708765983581,0.19667626174571926,0.23244823762127959,0.5582375439042538,0.22940108697465023,-0.5776625572098306,0.0030471506466293596,-0.08633021037629213,1.1359001011140846,-3.610407482249462
868,28.933333333333334,0.2055018246173858,0.1988167685036234,0.2332783779736436,0.024904210570920515,0.23164793312609214,-0.398383857992995,0.0016304448475514544,-0.02614610850870633,0.42328806856391554,-3.456378889817576
869,28.966666666666665,0.1279601454734802,0.18163156653478307,0.21633074054822982,-0.5084291227624128,0.21869659139621406,0.4644349679609028,-0.002365850847984241,-0.09073644592273386,-0.9728640907233156,2.9073509613166566
870,29.0,0.1905080378055572,0.18378442035472828,0.18378442035472828,-0.9763896058050462,0.18473192229188462,-0.3864239220765322,-0.000947501937156342,0.005776115513672575,-0.589965683728514,-7.2779824276092935
871,29.03333333333333,0.2008016109466552,0.18791168248998563,0.16901587793900452,-0.44305627247171286,0.1715550697126985,0.4818072065794825,-0.002539191773693966,0.029246541233956702,-0.9248634790511954,3.044221997416476
872,29.066666666666666,0.2244293987751007,0.19676850212043204,0.17202511330105855,0.09027706086162046,0.17266937852509887,0.17994824912918528,-0.000644265224040319,0.05176002025000184,-0.08967118826756482,1.7924695411340836
873,29.099999999999998,0.2168925255537033,0.20164927955995693,0.19281212644089035,0.6236103941949538,0.1897891131354904,-0.5666460753420008,0.0030230133053999464,0.027103412418212902,1.1902564695369546,-3.404038628973701
874,29.133333333333333,0.1816513389348983,0.19679908159813325,0.19679908159813325,0.11960865471728699,0.19457919723607417,-0.5226117106949575,0.0022198843620590825,-0.012927858301175876,0.6422203654122445,-4.334066749365909
875,29.166666666666668,0.0986329615116119,0.17299037426718084,0.18300825897759837,-0.41372467861604634,0.18446287632472536,0.2588773052903708,-0.0014546173471269852,-0.08582991481311346,-0.6726019839064171,1.3059186397554554
876,29.2,0.224524587392807,0.18548921803076796,0.18548921803076796,0.07442877159508754,0.18568870121579875,0.06472066063078581,-0.00019948318503079654,0.038835886177008255,0.009708110964301728,0.7342875051985044
877,29.233333333333334,0.3081756830215454,0.21524496406473623,0.20574795486171532,0.6077621049284209,0.20269279078948135,-0.5731891589543077,0.003055164072233968,0.10548289223206406,1.1809512638827284,-3.477373596091498
878,29.266666666666666,0.1670500487089157,0.20355601645699323,0.2082289139148849,0.07442877159508754,0.20628384798988877,-0.4647066529323134,0.001945065924996131,-0.039233799280973064,0.5391354245274009,-3.92643320822643
879,29.3,0.1036977022886276,0.17933689305167327,0.1929320951902767,-0.4589045617382458,0.19481814510827267,0.356115151363815,-0.0018860499179959578,-0.09112044281964507,-0.8150197131020608,2.062566261655771
880,29.333333333333332,0.150280624628067,0.17228973472029063,0.17228973472029063,-0.6192708140995823,0.17506787246203898,0.4178127937443996,-0.0027781377417483433,-0.024787247833971987,-1.0370836078439818,1.7359132528186076
881,29.366666666666667,0.0816211029887199,0.1502994297648514,0.1502994297648514,-0.6597091486631773,0.15278203828488424,0.27435319034854566,-0.0024826085200328474,-0.07116093529616434,-0.934062339011723,0.12801613257109667
882,29.4,0.0643928572535514,0.12946409023096656,0.12946409023096656,-0.625060186016545,0.13215053733529183,0.36795375409604225,-0.002686447104325279,-0.06775768008174043,-0.9930139401125873,1.177092481178194
883,29.433333333333334,0.0623146034777164,0.11317799808305742,0.11317799808305742,-0.48858276443727394,0.11652326351220248,0.6510880539803425,-0.003345265429145053,-0.05420866003448608,-1.1396708184176165,4.350465435312659
884,29.466666666666665,0.0172046367079019,0.08990111120462255,0.08990111120462255,-0.6983066063530463,0.09213159315893425,0.15520702924862584,-0.0022304819543117055,-0.07492695645103235,-0.8535136356016721,-1.2073756068894208
885,29.5,0.0211412459611892,0.07322444611636456,0.07322444611636456,-0.5002999526477397,0.07655933060351411,0.6542005379590932,-0.003334884487149553,-0.05541808464232491,-1.154500490606833,4.385350196651639
886,29.53333333333333,0.0540334731340408,0.06856996594815938,0.06856996594815938,-0.1396344050461552,0.07110799457435452,0.5993413406173889,-0.002538028626195135,-0.01707452144031372,-0.7389757456635441,4.974956780005772
887,29.566666666666666,0.1215670630335807,0.08142361008510554,0.08142361008510554,0.3856093241083848,0.08032589255428457,-0.17537701957860274,0.0010977175308209686,0.041241170479296124,0.5609863436869875,-0.6278968550908928
888,29.599999999999998,0.2236446291208267,0.11591716667618676,0.11205503199982948,0.9189426574417181,0.11068761222923713,0.1825725503427274,0.0013674197705923485,0.11295701689158956,0.7363701070989908,4.993213574144299
889,29.633333333333333,0.24623703956604,0.147524280314851,0.147524280314851,1.064077449450645,0.14690870847260293,0.514090373278843,0.0006155718422480583,0.09932833109343708,0.5499870761718021,8.708869690513476
890,29.666666666666668,0.2064543068408966,0.16181686673190881,0.16521575085209472,0.5307441161173118,0.16236020731240064,-0.5350242966838668,0.002855543539694083,0.04409409952849597,1.0657684128011784,-3.291495369180571
891,29.7,0.2294107675552368,0.17821074478924284,0.17821074478924284,0.3898498181144436,0.17439114356791505,-0.8545653330091412,0.0038196012213277952,0.05501962398732174,1.2444151511235848,-6.631041452823518
892,29.733333333333334,0.2758126258850097,0.2018826044890192,0.2018826044890192,0.710155790993291,0.1997611458411942,-0.09985396148722592,0.0021214586478250086,0.07605148004381551,0.8100097524805169,1.8277735178249008
893,29.766666666666666,0.2778725922107696,0.22031282640423003,0.22031282640423003,0.5529066574563246,0.2172286832771244,-0.5469677300116822,0.0030841431271056152,0.060643908933645185,1.0998743874680068,-3.183483475893099
894,29.8,0.353288322687149,0.2525640213215574,0.2525640213215574,0.9675358475198218,0.2516480412812333,0.412149777448364,0.0009159800403241158,0.10164028140591569,0.5553860700714578,7.56631815271327
895,29.833333333333332,0.3467618227005005,0.27541027298428744,0.27541027298428744,0.6853875498819006,0.2728595287761321,-0.3351386799004825,0.00255074420815532,0.07390229392436837,1.0205262297823832,-0.8093006983293585
896,29.866666666666667,0.2401879876852035,0.2668676405417087,0.2804787468692397,0.15205421654856732,0.27847115818911644,-0.4507319668441334,0.00200758868012324,-0.038283170503912944,0.6027861833927007,-3.5771881355533397
897,29.9,0.323149561882019,0.2805179691075529,0.2805179691075529,0.0011766671493962377,0.27944630335084164,-0.27118808840439124,0.0010716657567112486,0.04370325853117735,0.2723647555537875,-2.4130302596541586
898,29.933333333333334,0.2595386505126953,0.27542975276583,0.27542975276583,-0.1526464902516872,0.2758030554285227,0.05245780561674501,-0.0003733026626926983,-0.01626440491582737,-0.2051042958684322,0.0915859575521008
899,29.966666666666665,0.3098650872707367,0.28378152219858505,0.28378152219858505,0.2505530829826519,0.2823232195047825,-0.3065875869166108,0.0014583026938025379,0.027541867765954187,0.5571406698992627,-2.1396311038726084
900,30.0,0.3928874433040619,0.3102435127650326,0.3099110694091179,0.7838864163159852,0.307908424766403,-0.08767798587765863,0.002002644642714879,0.08497901853765888,0.8715644021936438,1.9642420124770423
901,30.03333333333333,0.1952960342168808,0.28236474081426416,0.31826283884187295,0.2505530829826519,0.316080922858718,-0.4596748188362374,0.002181915983154925,-0.12078488864183723,0.7102279018188893,-3.382134902879427
902,30.066666666666666,0.3696577548980713,0.3035363407769221,0.30883683049685023,-0.28278025035068144,0.3095424607023669,0.10742243340382512,-0.0007056302055166719,0.06011529419570438,-0.39020268375450656,0.2876955674105889
903,30.099999999999998,0.2728989422321319,0.29610570325461044,0.29610570325461044,-0.3819338172671938,0.29886973583401333,0.5968254595242197,-0.0027640325794028864,-0.025970793601881426,-0.9787592767914135,4.3845274181625005
904,30.133333333333333,0.3315482139587402,0.3047017480375257,0.30115235379014843,0.15139951606613955,0.30161009756831886,0.153578034642818,-0.00045774377817042744,0.02993811639042132,-0.0021785185766784454,1.724124307640603
905,30.166666666666668,-0.4796063899993896,0.11447967448152815,0.28842122654790864,-0.3819338172671938,0.29119254763405344,0.6064978546721032,-0.0027713210861448068,-0.770798937633443,-0.9884316719392969,4.502082459915911
906,30.2,-0.4806779325008392,-0.029866799311509012,0.25791232152789106,-0.9152671506005271,0.259121789160818,-0.27926830203317066,-0.0012094676329269527,-0.7397997216616572,-0.6359988485673564,-6.076980829893763
907,30.233333333333334,-0.1643320173025131,-0.062479303692031106,0.2096256387300957,-1.4486004839338604,0.21255949933794444,-0.5192554588932954,-0.002933860607848726,-0.3768915166404575,-0.929345025040565,-11.652246476103928
908,30.266666666666666,0.2073103189468383,0.0029540877945179664,0.14356117815452257,-1.9819338172671936,0.15044515790698598,-1.4537209717150146,-0.006883979752463409,0.05686516103985231,-0.5282128455521791,-28.4613494096672
909,30.3,0.0861683264374733,0.023136442479331328,0.07689451148785591,-2.0,0.08418551441139716,-1.9511572194706615,-0.007291002923541248,0.0019828120260761417,-0.04884278052933855,-35.32596962869513
910,30.333333333333332,0.0080803511664271,0.01948481530591255,0.019484815305912548,-1.7222908854583008,0.026277525021817738,-0.9489587267495314,-0.00679270971590519,-0.018197173855390637,-0.7733321587087694,-21.49563042914353
911,30.366666666666667,-0.937175452709198,-0.21253865996485594,-0.04718185136075412,-2.0,-0.039899446339207494,-1.941236563323028,-0.007282405021546624,-0.8972760063699905,-0.058763436676972036,-35.189064573857785
912,30.4,-0.4399351775646209,-0.2676902451638919,-0.11384851802742078,-2.0,-0.10651998228867605,-1.9944643139362277,-0.007328535738744729,-0.3334151952759449,-0.005535686063772305,-35.92360753231994
913,30.433333333333334,-0.6191913485527039,-0.35294152014262203,-0.18051518469408745,-2.0,-0.17318230330807044,-1.999478522327325,-0.0073328813860170095,-0.4460090452446334,-0.0005214776726749637,-35.992803608117086
914,30.466666666666665,-0.6861398816108704,-0.4337537419596648,-0.2471818513607541,-2.0,-0.23984856060216797,-1.9999508752917037,-0.007333290758586131,-0.4462913210087024,-4.9124708296321984e-05,-35.99932207902551
915,30.5,-0.7638496160507202,-0.51381350239903,-0.31384851802742075,-2.0,-0.30651518870475203,-1.999995372310086,-0.007333329322668725,-0.4573344273459682,-4.627689913938582e-06,-35.99993613787919
916,30.53333333333333,-0.7615577578544617,-0.5739001235863023,-0.3805151846940874,-2.0,-0.3731818517385703,-1.9999995640581945,-0.00733333295551708,-0.38837590611589135,-4.35941805543294e-07,-35.99999398400308
917,30.566666666666666,-0.7050955891609192,-0.6057195989843422,-0.44718185136075406,-2.0,-0.4398485180630121,-1.9999999589330153,-0.00733333329774194,-0.2652470710979071,-4.106698470174308e-08,-35.99999943327561
918,30.599999999999998,-0.8687446713447571,-0.6695123511376541,-0.5138485180274207,-2.0,-0.5065151846974402,-1.9999999961313697,-0.00733333332998054,-0.3622294866473169,-3.868630304992848e-09,-35.9999999466129
919,30.633333333333333,-0.6751939058303833,-0.6708903262755608,-0.5805151846940874,-2.0,-0.5731818513610699,-1.9999999996355478,-0.007333333333017444,-0.10201205446931338,-3.6445224615988536e-10,-35.99999999497056
920,30.666666666666668,-0.7539263963699341,-0.6910294688743202,-0.647181851360754,-2.0,-0.6398485180274505,-1.9999999999656457,-0.007333333333303549,-0.11407787834248362,-3.4354297184790994e-11,-35.99999999952591
921,30.7,-0.6447057723999023,-0.6797943570977193,-0.6960707402496429,-1.4666666666666668,-0.6903540724161003,-0.2587341594914554,-0.005716667833542632,0.04564830001619791,-1.2079325071752114,-11.138647342997412
922,30.733333333333334,-0.7001249194145203,-0.6847252274188421,-0.727181851360754,-0.9333333333333335,-0.7263726568577518,-0.5026324526554918,-0.0008091945030022085,0.0262477374432315,-0.4307008806778416,-8.580449165583733
923,30.766666666666666,-0.551081120967865,-0.6523118712202522,-0.7405151846940873,-0.40000000000000013,-0.7384425581053217,0.36827811789643405,-0.0020726265887656137,0.18736143713745668,-0.7682781178964342,2.109924150690469
924,30.8,-0.6402905583381653,-0.6493962836438953,-0.7360707402496428,0.1333333333333332,-0.7359629920543784,0.054568682414602,-0.00010774819526437884,0.09567243371621315,0.0787646509187312,0.7761512631039128
925,30.833333333333332,-0.5535162687301636,-0.6261420365374964,-0.7138485180274206,0.6666666666666665,-0.7166004033644553,-0.43974757463493974,0.002751885337034743,0.16308413463429172,1.1064142413016063,-1.981758565312881
926,30.866666666666667,-0.4349261820316314,-0.5797655238164521,-0.6738485180274205,1.1999999999999997,-0.6741715688562369,0.7923421695693957,0.0003230508288163403,0.23924538682460544,0.407657830430604,12.190617420008275
927,30.9,-0.6711443662643433,-0.6019280796367852,-0.6160707402496428,1.733333333333333,-0.622228386744789,0.23318185337373198,0.006157646495146163,-0.04891597951955429,1.500151479959601,11.617909576557501
928,30.933333333333334,-0.320293664932251,-0.5336219130274255,-0.5494040735829762,2.0,-0.5566266538083643,1.8722079523709412,0.007222580225388131,0.23633298887611331,0.12779204762905882,34.23646974271899
929,30.966666666666665,-0.3680248856544494,-0.4934588592556767,-0.4934588592556767,1.6783564298189846,-0.5001602258562692,0.7759713542513886,0.0067013666005925066,0.13213534020181977,0.902385075567596,19.10840468866916
930,31.0,-0.4481966495513916,-0.4824811950365783,-0.45529142270615497,1.1450230964856511,-0.4565375654745449,0.7134691792748407,0.0012461427683899129,0.00834091592315328,0.4315539172108105,12.035124953427514
931,31.03333333333333,-0.4216375052928924,-0.46772447855673865,-0.43490176393441105,0.6116897631523178,-0.43778508885548256,-0.47426712174327634,0.0028833249210715173,0.016147583562590162,1.085956884895594,-2.368654102968799
932,31.066666666666666,-0.7818648219108582,-0.5439144663974629,-0.4322898829404449,0.0783564298189845,-0.43408696845741895,-0.4215559679238021,0.0017970855169740507,-0.3477778534534392,0.4999123977427866,-3.5140000424645805
933,31.099999999999998,-0.4355934560298919,-0.5176428440560532,-0.44745577972425654,-0.45497690351434883,-0.4455030660503259,0.37478987134678443,-0.0019527136739306283,0.009909610020434001,-0.8297667748611333,2.2414139612248016
934,31.133333333333333,-0.3080358505249023,-0.4668058387928776,-0.4668058387928776,-0.5805017720586325,-0.46384147360435474,0.49769474640305633,-0.0029643651885228883,0.15580562307945245,-1.0781965184616888,2.6312312280481045
935,31.166666666666668,-0.4895665645599365,-0.4723261084943831,-0.4723261084943831,-0.1656080910451646,-0.4699170766112818,0.5542595815772888,-0.00240903188310132,-0.01964948794865473,-0.7198676726224534,4.488416718713437
936,31.2,-0.4082516729831695,-0.4567858235046341,-0.4600686004181108,0.3677252422881687,-0.46114148198609195,-0.17498291187552323,0.001072881567981132,0.05288980900292245,0.542708154163692,-0.6722718270528659
937,31.233333333333334,-0.4482154846191406,-0.45470721746344644,-0.45470721746344644,0.1608414886399312,-0.45622187715555795,-0.3367589481679185,0.0015146596921115085,0.008006392536417328,0.4976004368078497,-2.593704384414918
938,31.266666666666666,-0.2227968424558639,-0.39846086443757106,-0.4315680567310043,0.6941748219732645,-0.4340119435158347,-0.2786475688775869,0.002443886784830429,0.21121510105997082,0.9728223908508514,-0.17614758356254256
939,31.3,-0.3585122525691986,-0.3887719329873559,-0.39065111822078435,1.2275081553065978,-0.39120595637844324,0.767424670024021,0.0005548381576588879,0.032693703809244634,0.4600834852825768,12.141494349475893
940,31.333333333333332,-0.1594400405883789,-0.3331509519098893,-0.3331509519098893,1.7250049893268515,-0.33931434002488975,0.22699396242642256,0.0061633881150004455,0.17987429943651084,1.498011026900429,11.532516681484628
941,31.366666666666667,-0.2247274369001388,-0.3068544686182499,-0.29342856337677203,1.191671655993518,-0.29506125621331936,0.6718187324490574,0.0016326928365473226,0.07033381931318056,0.5198529235444607,11.953014072542441
942,31.4,0.0037250444293022,-0.23152810629872916,-0.23592839706587698,1.7250049893268513,-0.24219332221584516,0.3441520796969044,0.006264925149968181,0.24591836664514735,1.380852909629947,13.14929869981728
943,31.433333333333334,-0.147115096449852,-0.21105500779340614,-0.1962060085327597,1.191671655993518,-0.1978809231598925,0.6678999275393065,0.0016749146271327897,0.05076582671004051,0.5237717284542116,11.945288428577499
944,31.466666666666665,-0.4737820327281952,-0.2747754730526122,-0.17426139777742022,0.6583383226601848,-0.1768670368677897,-0.34631876361683167,0.0026056390903694826,-0.2969149958604055,1.0046570862770166,-0.9346072235540133
945,31.5,-0.6095353364944458,-0.3559664135503263,-0.17009456479985852,0.12500498932685145,-0.17195550472937574,-0.42053828620147826,0.001860939929517219,-0.4375798317650701,0.5455432755283297,-3.3727666545862003
946,31.53333333333333,-0.1730443090200424,-0.3116014244147172,-0.1837055096000746,-0.4083283440064819,-0.18206612443487397,0.3087434261242902,-0.0016393851652006242,0.009021815414831574,-0.7170717701307721,1.7697199680866584
947,31.566666666666666,-0.5816956758499146,-0.3771086990072703,-0.21509423217806845,-0.9416616773398152,-0.21389710944357823,-0.26570215279679466,-0.0011971227344902136,-0.36779856640633635,-0.6759595245430206,-5.9249312509622785
948,31.599999999999998,0.0007266601896844,-0.28547044867735083,-0.2642607325338401,-1.4749950106731484,-0.26098671244386606,-0.48441723998098474,-0.003274020089974017,0.2617133726335505,-0.9905777706921637,-11.583565415962527
949,31.633333333333333,-0.4401190280914306,-0.3229781220291362,-0.3229781220291362,-1.7615216848588844,-0.31648801543156113,-0.660156358523408,-0.006490106597575096,-0.12363101265986948,-1.1013653263354763,-17.51015774762303
950,31.666666666666668,-0.4013313353061676,-0.34198150855096615,-0.3639177337466546,-1.2281883515255512,-0.3616714718204348,-0.6103514206002544,-0.0022462619262197947,-0.039659863485732805,-0.6178369309252968,-11.831835657754777
951,31.7,-0.5637133717536926,-0.3957592175231408,-0.3957592175231408,-0.9552445132945864,-0.39469371962753075,-0.3331026423977837,-0.001065497895610057,-0.16901965212616188,-0.6221418708968027,-6.680356824206516
952,31.733333333333334,-0.6654035449028015,-0.46115736984265315,-0.4453784790774048,-1.4885778466279196,-0.4419815016203629,-0.47132406609153743,-0.003396977457041872,-0.2234220432824386,-1.0172537805363822,-11.557753158866195
953,31.766666666666666,-0.2956474125385284,-0.42101543359887367,-0.477219962853891,-0.9552445132945863,-0.4762756646480452,-0.40506636754239633,-0.0009442982058457949,0.18062825210951683,-0.5501781457521899,-7.4869272013950035
954,31.8,-0.2851535975933075,-0.3880642006475113,-0.49128366885259944,-0.42191117996125294,-0.4889067542108404,0.4448265233988853,-0.0023769146417590425,0.2037531566175329,-0.8667377033601382,2.7599981241119838
955,31.833333333333332,0.0510197393596172,-0.2815710336349283,-0.4875695970735301,0.11142215337208039,-0.48714825504116055,0.12893922384018633,-0.0004213420323695427,0.5381679944007778,-0.01751707046810594,1.388632760321992
956,31.866666666666667,0.0109459124505519,-0.2106254736743749,-0.46607774751668296,0.6447554867054137,-0.46897188112988336,-0.5068624521922755,0.0028941336132004003,0.47991779358043524,1.1516179388976893,-2.7339829950182555
957,31.9,0.0191735867410898,-0.1548911880620124,-0.42680812018205805,1.178088820038747,-0.42690367987445044,0.8161682766073519,9.555969239238848e-05,0.44607726661554026,0.361920543431395,12.237588888168776
958,31.933333333333334,-0.0222221221774816,-0.12271431320201333,-0.36976071506965535,1.7114221533720801,-0.37566961251841363,0.21060319041015396,0.005908897448758277,0.35344749034093204,1.5008189629619262,11.043760575380016
959,31.966666666666665,0.0707888081669807,-0.07578305850599815,-0.3030940484029887,2.0,-0.3102931957471954,1.845170012546189,0.00719914734420668,0.38108200391417607,0.15482998745381105,33.86334617313741
960,32.0,0.0842451006174087,-0.036970649480132844,-0.23642738173632205,2.0,-0.24374807436053475,1.9854145663992762,0.007320692624212699,0.32799317497794345,0.01458543360072384,35.79872101631001
961,32.03333333333333,0.1451556831598281,0.0072013372222314645,-0.1697607150696554,2.0,-0.17709285761154983,1.9986260098781916,0.007332142541894432,0.32224854077137793,0.0013739901218083883,35.981038936319045
962,32.06666666666666,0.0694057047367096,0.02228806551050333,-0.10309404840298873,2.0,-0.11042726956031695,1.9998705661479466,0.007333221157328221,0.17983297429702655,0.00012943385205343994,35.99821381284166
963,32.1,0.0713480338454246,0.03418681863146235,-0.03642738173632207,2.0,-0.043760704502350575,1.9999878069559671,0.007333322766028508,0.11510873834777517,1.2193044032882128e-05,35.999831735992345
964,32.13333333333333,0.065558522939682,0.04179555090782474,0.030239284930344598,2.0,0.022905952592482008,1.99999885137991,0.00733333233786259,0.0426525703472,1.148620089930219e-06,35.99998414904276
965,32.166666666666664,0.0187914799898862,0.03621626152139544,0.07912817381923348,1.4666666666666668,0.07341150639962156,0.25873419791033014,0.005716667419611923,-0.05462002640973536,1.2079324687563366,11.138647418737506
966,32.2,-0.1841350197792053,-0.017226608196409685,0.1102392849303446,0.9333333333333335,0.10943009038374489,0.5026324267689971,0.0008091945465997091,-0.29356511016295017,0.43070090656433635,8.580448875447553
967,32.233333333333334,0.0206309240311384,-0.008044836478393606,0.12357261826367794,0.40000000000000013,0.12149999162987653,-0.36827813054320135,0.002072626633801408,-0.10086906759873812,0.7682781305432015,-2.1099242683163775
968,32.266666666666666,-0.4437645375728607,-0.11372205823825234,0.11912817381923349,-0.1333333333333332,0.11902042559664489,-0.0545686895318034,0.00010774822258860506,-0.5627849631695057,-0.0787646438015298,-0.7761513272885849
969,32.3,-0.0687233507633209,-0.10280830249851737,0.09690595159701128,-0.6666666666666665,0.09965783693692395,0.43974757634375505,-0.002751885339912677,-0.16838118770024485,-1.1064142430104216,1.9817585844653165
970,32.333333333333336,-0.3135783672332763,-0.1539273930867252,0.056905951597011284,-1.1999999999999997,0.057229002427024334,-0.7923421694583168,-0.0003230508300130497,-0.37080736966030065,-0.4076578305416829,-12.190617419789255
971,32.36666666666667,0.0114752892404794,-0.11381147476569928,-0.0008718261807664773,-1.733333333333333,0.0052858203144923975,-0.2331818535038328,-0.006157646495258875,0.006189468925987002,-1.5001514798295001,-11.61790957835289
972,32.4,-0.1239218115806579,-0.11626358400697868,-0.06753849284743314,-2.0,-0.06031591262203436,-1.872207952383211,-0.007222580225398782,-0.06360589895862354,-0.12779204761678908,-34.23646974288831
973,32.43333333333333,-0.1279198825359344,-0.11909064287406558,-0.11909064287406558,-1.5465645007989732,-0.11264394666771357,-0.27936408548150604,-0.006446696206352007,-0.015275935868220819,-1.2672004153174672,-12.255224379644782
974,32.46666666666667,0.0360105708241462,-0.08147318992429511,-0.15286501512292022,-1.0132311674656398,-0.1525309713556245,-0.7215050363893791,-0.00033404376729573304,0.1885415421797707,-0.29172613107626066,-11.033575960558673
975,32.5,0.0246906597167253,-0.05572475428272647,-0.1688616095939971,-0.47989783413230647,-0.1666791417931868,0.36666814071241616,-0.0021824678008103005,0.1913698015099121,-0.8465659748447226,1.8692627611690755
976,32.53333333333333,0.0174454562366008,-0.037978426669254495,-0.1670804262872962,0.05343549920102686,-0.16643573373361412,0.16776534565098322,-0.0006446925536820747,0.1838811899702149,-0.11432984644995636,1.584725692215372
977,32.56666666666666,0.1674795895814895,0.011852306921933682,-0.1475214652028175,0.5867688325343602,-0.15072816460501257,-0.6465450237510026,0.0032066994021950623,0.31820775418650205,1.233313856285363,-4.299547092796421
978,32.6,0.1130071952939033,0.03638589478524852,-0.11018472634056106,1.1201021658676935,-0.11032731335973398,0.7505768428651011,0.00014258701917291283,0.22333450865363727,0.36952532300259244,11.359413149608484
979,32.63333333333333,0.0457754395902156,0.03866318682893214,-0.05507020970052684,1.6534354992010267,-0.060240081784776266,0.28637166673313064,0.005169872084249426,0.10601552137499187,1.367063832467896,11.193132714416738
980,32.666666666666664,0.1498671174049377,0.06563401785293631,0.011596456966139826,2.0,0.00446692795337237,1.764841168577836,0.007129529012767456,0.14540018945156533,0.23515883142216398,32.75480812637414
981,32.7,0.1235175803303718,0.0796728002463273,0.07826312363280649,2.0,0.07094898925720762,1.977847356460231,0.007314134375598871,0.05256859107316418,0.02215264353976898,35.69429351915119
982,32.733333333333334,0.0829699859023094,0.08047248274605227,0.1271520125216954,1.4666666666666668,0.1214433281236738,0.2594751400581885,0.0057086843980215934,-0.03847334222136439,1.2071915266084783,11.140108133257565
983,32.766666666666666,0.1339995115995407,0.09345465381632496,0.1582631236328065,0.9333333333333335,0.1574530882704585,0.5021331826411792,0.0008100353623479994,-0.023453576670917797,0.4312001506921542,8.574853340701758
984,32.8,0.0647334605455398,0.08648876289410917,0.17159645696613984,0.40000000000000013,0.16952296177703405,-0.368522034612049,0.002073495189105795,-0.10478950123149425,0.7685220346120492,-2.1121927872675075
985,32.833333333333336,0.0868865326046943,0.08658523591979352,0.1671520125216954,-0.1333333333333332,0.16704373732695502,-0.05470595101596222,0.0001082751947403815,-0.08015720472226072,-0.07862738231737097,-0.7773891854055092
986,32.86666666666667,0.0811443254351615,0.08526562539399969,0.14492979029947317,-0.6666666666666665,0.1476817311429917,0.4397805322551622,-0.002751940843518541,-0.06653740570783022,-1.1064471989218287,1.9821279547534851
987,32.9,-0.1508911103010177,0.02798938182401712,0.10492979029947318,-1.1999999999999997,0.10525286420935678,-0.7923400273059165,-0.00032307390988360607,-0.2561439745103745,-0.4076599726940833,-12.190613196688808
988,32.93333333333333,0.0442559495568275,0.031934591740516334,0.047152012521695416,-1.733333333333333,0.053309661191145,-0.23318436218541572,-0.006157648669449581,-0.0090537116343175,-1.5001489711479172,-11.617944198158735
989,32.96666666666667,0.0138400616124272,0.027546037199183013,0.007152012521695422,-1.1999999999999997,0.008891270020822246,-0.660897302455081,-0.0017392574991268242,0.0049487915916049535,-0.5391026975449187,-11.931483253411448
990,33.0,-0.0188615713268518,0.016290573823917312,-0.01507020970052679,-0.6666666666666664,-0.012512861163558636,0.32423908746196606,-0.002557348536968155,-0.006348710163293164,-0.9909057541286325,0.6871379230329208
991,33.03333333333333,-0.0071188756264746,0.010612966007168805,-0.019514654144971225,-0.13333333333333308,-0.01764098587719473,0.4207295662540662,-0.001873668267776494,0.010522110250720132,-0.5540628995873993,3.3510206725739993
992,33.06666666666666,-0.2181635200977325,-0.04487330967607661,-0.041736876367193435,-0.6666666666666664,-0.03919368471176982,0.3158332744243414,-0.0025431916554236114,-0.17896983538596267,-0.9824999410910078,0.5929254600356455
993,33.1,-0.2178287357091903,-0.08682103172206582,-0.08173687636719343,-1.1999999999999997,-0.08150060590304202,-0.8003966673631407,-0.0002362704641514085,-0.13632812980614828,-0.399603332636859,-12.206496287087335
994,33.13333333333333,-0.582690417766571,-0.20708664959824497,-0.1395146541449712,-1.733333333333333,-0.13336518261171376,-0.22374920504061002,-0.006149471533257428,-0.4493252351548573,-1.509584128292723,-11.487739029560416
995,33.166666666666664,-0.3208498060703277,-0.23467818214635736,-0.20618132081163787,-2.0,-0.19895951069135515,-1.8713193695569692,-0.007221810120282723,-0.12189029537897256,-0.1286806304430308,-34.224207299886174
996,33.2,-0.397348403930664,-0.2741313835004512,-0.2728479874783045,-2.0,-0.26552515995489623,-1.9878779116249334,-0.007322827523408293,-0.13182324397576778,-0.012122088375066564,-35.83271518042408
997,33.233333333333334,-0.0665220022201538,-0.22377886886804904,-0.3217368763671934,-1.4666666666666668,-0.31602457712788307,-0.25913962947008473,-0.005712299239310326,0.24950257490772926,-1.207527037196582,-11.139446698098197
998,33.266666666666666,-0.1522424519062042,-0.20642879316526694,-0.3528479874783045,-0.9333333333333335,-0.35203833285092617,-0.5023592484567325,-0.000809654627378309,0.19979588094472198,-0.43097408487660094,-8.5773870893335
999,33.3,0.1147261708974838,-0.1285375151916308,-0.36618132081163784,-0.40000000000000013,-0.3641082189184214,0.3684115909049188,-0.002073101893216467,0.4788343898159052,-0.768411590904919,2.111165565196808
1000,33.333333333333336,0.0230394415557384,-0.09177481744892906,-0.3617368763671934,0.1333333333333332,-0.3616288397939663,0.05464379679594942,-0.00010803657322711047,0.3846682813497047,0.07868953653738378,0.7768286632297856
1001,33.36666666666667,0.0293922256678342,-0.06238758420408565,-0.33951465414497123,0.6666666666666665,-0.34226656985555937,-0.4397656092854654,0.0027519157105881376,0.37165879552339354,1.106432275952132,-1.981960697913002
1002,33.4,0.0842464715242385,-0.026823712325384476,-0.29951465414497125,1.1999999999999997,-0.2998377176039162,0.7923409973071718,0.0003230634589449499,0.3840841891281547,0.40765900269282795,12.190615108977028
1003,33.43333333333333,0.1799098402261734,0.0233163832987466,-0.2417368763671935,1.733333333333333,-0.24789452405213436,0.23318322621382226,0.00615764768494087,0.42780436427830776,1.5001501071195107,11.617928521750748
1004,33.46666666666667,0.1570571362972259,0.0557531796553258,-0.17507020970052684,2.0,-0.18229279003799712,1.8722080816964708,0.00722258033747028,0.339349926335223,0.1277919183035292,34.2364715274113
1005,33.5,0.2057511359453201,0.092132914724837,-0.10840354303386017,2.0,-0.11572644311396002,1.9879616308844519,0.007322900080099851,0.3214775790592801,0.01203836911554812,35.833870506205436
1006,33.53333333333333,0.1598442792892456,0.10855528183553204,-0.041736876367193504,2.0,-0.049069226857830925,1.9988659507354922,0.007332350490637421,0.20891350614707654,0.0011340492645077749,35.98435012014979
1007,33.56666666666666,0.1334352642297744,0.11458954517100534,0.024929790299473162,2.0,0.017596549552770603,1.9998931692721837,0.007333240746702559,0.1158387146770038,0.00010683072781625391,35.998525735956136
1008,33.6,0.0921206697821617,0.10914005936350758,0.09159645696613983,2.0,0.08426313235473548,1.9999899362357858,0.007333324611404346,0.007857537427426217,1.0063764214196524e-05,35.99986112005384
1009,33.63333333333333,0.1444768011569976,0.11771045149726123,0.14048534585502873,1.4666666666666668,0.13476868164828296,0.2587344961116951,0.00571666420674577,0.009708119508714641,1.2079321705549717,11.138648006620196
1010,33.666666666666664,0.0545379631221294,0.1023889201403545,0.17159645696613984,0.9333333333333335,0.1707872620811434,0.5026322258420012,0.0008091948849964503,-0.116249298959014,0.4307011074913323,8.580446623455142
1011,33.7,0.1027955561876297,0.10248754356186955,0.18492979029947318,0.40000000000000013,0.1828571633161109,-0.3682782287054218,0.0020726269833622746,-0.0800616071284812,0.768278228705422,-2.1099251813099853
1012,33.733333333333334,0.0479095019400119,0.08925046524476729,0.18048534585502873,-0.1333333333333332,0.18037759742035364,-0.05456874477438942,0.00010774843467509232,-0.13246809548034175,-0.07876458855894378,-0.7761518254799287
1013,33.766666666666666,0.1462545394897461,0.10307594107262302,0.1582631236328065,-0.6666666666666665,0.1610150089950573,0.43974758960727023,-0.0027518853622507944,-0.014760469505311208,-1.1064142562739367,1.9817587331229656
1014,33.8,0.2456675916910171,0.13765938874701986,0.13765938874701986,-0.6181120465735995,0.14035210794957412,0.3661771672342564,-0.0026927192025542612,0.10531548374144298,-0.984289213807856,1.1571804722828771
1015,33.833333333333336,0.2209163308143615,0.15785210050138376,0.134833431639011,-0.0847787132402662,0.1364819055107035,0.37721468518064616,-0.0016484738716925074,0.084434425303658,-0.46199339842091236,3.0834467258207487
1016,33.86666666666667,0.1824229806661605,0.1638113957673214,0.1497852523087799,0.4485546200930671,0.1477801759612388,-0.39057202871698604,0.0020050763475411015,0.034642804704921704,0.8391266488100532,-2.400803177732226
1017,33.9,0.2662424147129059,0.18865448979545663,0.18251485075632656,0.9818879534264005,0.18155675722321588,0.37578209503411963,0.0009580935331106877,0.08468565748969001,0.6061058583922808,7.158708690260021
1018,33.93333333333333,0.2177419960498809,0.19570922439012586,0.19746667142609547,0.4485546200930671,0.19487520233513944,-0.4942540322821267,0.0025914690909560334,0.022866793714741457,0.9428086523751938,-3.144457081289275
1019,33.96666666666667,0.0991500616073608,0.1722902602425115,0.1946407143180866,-0.0847787132402662,0.19393236643652317,-0.19480516062420233,0.0007083478815634314,-0.09478230482916238,0.11002644738393613,-1.911845629575355
1020,34.0,-0.1030570417642593,0.10550893770405764,0.17403697943229995,-0.6181120465735995,0.17709414943475144,0.5825740676186775,-0.0030571700024514814,-0.2801511911990107,-1.200686114192277,3.5825597757408874
1021,34.03333333333333,0.0439514406025409,0.09057909804833716,0.13565546676873552,-1.1514453799069329,0.13565756911780458,-0.8091773855989672,-2.102349069055265e-06,-0.09170612851526368,-0.3422679943079656,-12.016208802714605
1022,34.06666666666666,-0.0524347200989723,0.05589326002651988,0.07949617632739332,-1.684778713240266,0.0850176626359876,-0.24985786389793474,-0.005521486308594281,-0.1374523827349599,-1.4349208493423313,-11.121148360255926
1023,34.1,0.0732886716723442,0.06011225395652179,0.0411146636638289,-1.1514453799069329,0.04195419715076645,-0.7504137409763992,-0.0008395334869375493,0.03133447452157775,-0.4010316389305336,-12.1079585179249
1024,34.13333333333333,-0.2238267213106155,-0.00875284895299027,-0.00875284895299027,-1.496025378504575,-0.00535240498212465,-0.4700806680741617,-0.003400443970865621,-0.21847431632849088,-1.0259447104304131,-11.555301888489064
1025,34.166666666666664,0.0548476353287696,0.006672486336177116,-0.04084258379203166,-0.9626920451712416,-0.039935773795225796,-0.42142934937897114,-0.0009068099968058616,0.0947834091239954,-0.5412626957922705,-7.670323716866279
1026,34.2,-0.2598664164543152,-0.057972492229328376,-0.057972492229328376,-0.5138972531189016,-0.05503391932404057,0.5625438546131305,-0.0029385729052878035,-0.20483249713027463,-1.0764411077320322,3.5854865362902943
1027,34.233333333333334,-0.0964409038424491,-0.06730242350068925,-0.06730242350068925,-0.27989793814082636,-0.06407486354621957,0.7372828352387175,-0.0032275599544696887,-0.03236604029622954,-1.017180773379544,5.866384630496654
1028,34.266666666666666,-0.3868763148784637,-0.14481023621367956,-0.09441013254982791,-0.8132312714741596,-0.09274010868910561,-0.08658767260520206,-0.0016700238607223056,-0.2941362061893581,-0.7266435988689576,-3.917413803001644
1029,34.3,-0.3229898810386657,-0.1880250134935817,-0.13929561937674434,-1.3465646048074928,-0.13750507918049182,-0.6379997023668434,-0.0017905401962525214,-0.1854848018581739,-0.7085649024406494,-11.886342270380332
1030,34.333333333333336,-0.5318639278411865,-0.2714179404370045,-0.20195888398143855,-1.879897938140826,-0.19537977910664023,-0.9449639911378089,-0.006579104874798319,-0.3364841487345463,-0.9349339470030171,-21.440503077701763
1031,34.36666666666667,-0.7510507106781006,-0.3877456127840361,-0.2686255506481052,-2.0,-0.26136326782173536,-1.918018645811414,-0.00726228282636987,-0.48968744285636523,-0.0819813541885861,-34.86865731219751
1032,34.4,-0.1298045367002487,-0.3251859070149064,-0.3251859070149064,-1.6968106910040355,-0.3184451399061343,-0.8498246501278743,-0.006740767108772083,0.18864060320588563,-0.8469860408761611,-20.127580171764663
1033,34.43333333333333,0.005615119356662,-0.24495512255772633,-0.3639684856039298,-1.1634773576707023,-0.36246454068118633,-0.6872575667718458,-0.001503944922743472,0.3680796600378483,-0.47621979089885647,-11.983450631635929
1034,34.46666666666667,-0.1704540848731994,-0.22688602294861682,-0.3849732864151754,-0.6301440243373689,-0.3822091020659648,0.41813593135840255,-0.0027641843492106077,0.2117550171927654,-1.0482799556957714,1.7395349834431206
1035,34.5,-0.2253786623477935,-0.22652043543883665,-0.38820030944864325,-0.09681069100403561,-0.38638755692338705,0.4184592460033816,-0.0018127525252562005,0.16100889457559356,-0.5152699370074172,3.4330701437617437
1036,34.53333333333333,0.0775535628199577,-0.15277188731331892,-0.3736495547043333,0.4365226423292977,-0.37548413585816764,-0.3501779369517263,0.001834581153834336,0.4530376986781254,0.786700579281024,-2.0684840782436997
1037,34.56666666666666,0.1296596825122833,-0.08427238278902327,-0.3413210221822456,0.969855975662631,-0.3423570480123699,0.339034389740037,0.0010360258301242986,0.4720167305246532,0.6308215859225941,6.746839926375197
1038,34.6,0.0768813118338584,-0.045186992155308185,-0.29121471188238013,1.5031893089959643,-0.2947905810133373,0.4529120679290862,0.003575869130957199,0.3716718928471957,1.050277241066878,11.521455219631648
1039,34.63333333333333,0.1075877323746681,-0.008133793957241564,-0.22454804521571348,2.0,-0.23152741452998238,1.5915799780025937,0.006979369314268902,0.3391151469046505,0.40842002199740635,30.36380369643579
1040,34.666666666666664,0.0985949039459228,0.01775163708506136,-0.15788137854904682,2.0,-0.1651813674458016,1.9615256501016918,0.007299988896754789,0.26377627139172444,0.038474349898308224,35.46905397140335
1041,34.7,0.1419716626405716,0.047879325033692584,-0.09121471188238016,2.0,-0.09854490407313726,1.9963756047197243,0.007330192190757104,0.24051656671370886,0.003624395280275694,35.949983345132196
1042,34.733333333333334,0.1589980721473693,0.07482949609759812,-0.024548045215713493,2.0,-0.03188108264431139,1.9996585714591064,0.007333037428597894,0.1908791547916807,0.00034142854089358465,35.99528828613567
1043,34.766666666666666,0.1254311203956604,0.0871021545496336,0.04211862145095317,2.0,0.03478531599270361,1.9999678364418003,0.007333305458249562,0.09064580440295679,3.216355819968264e-05,35.99955614289684
1044,34.8,0.0627870857715606,0.08120490246552474,0.09100751033984206,1.4666666666666668,0.08529085409748573,0.2587352353245065,0.00571665624235633,-0.022503768325925128,1.2079314313421603,11.138649463925455
1045,34.833333333333336,0.1153969168663024,0.08949765828806643,0.12211862145095317,0.9333333333333335,0.12130942572710343,0.5026317277630931,0.0008091957238497427,-0.0059125088608010384,0.4307016055702404,8.580441040980189
1046,34.86666666666667,0.1602073609828949,0.10664722695224532,0.1354519547842865,0.40000000000000013,0.1333793269343961,-0.36827847204022635,0.0020726278498904016,0.02682803404849879,0.7682784720402265,-2.109927444534293
1047,34.9,0.1353718340396881,0.11361394584404584,0.13100751033984206,-0.1333333333333332,0.13089976137942477,-0.05456888171551036,0.0001077489604172921,0.004472072660263338,-0.07876445161782283,-0.7761530604489283
1048,34.93333333333333,0.1027539372444152,0.11098001505272659,0.11098001505272659,-0.6008248586134644,0.1140600966902583,0.5824921588750087,-0.0030800816375317064,-0.011306159445843095,-1.183317017488473,3.581641741465375
1049,34.96666666666667,0.0971835181117057,0.10763388343856445,0.10763388343856445,-0.1003839484248642,0.10976434867855478,0.5051994457968265,-0.002130465239990331,-0.012580830566849083,-0.6055833942216907,4.2260192628415965
1050,35.0,0.0160834249109029,0.08542970473435921,0.08650997404662453,-0.6337172817581975,0.08919035850855252,0.37120765802634503,-0.00268038446192799,-0.07310693359764961,-1.0049249397845426,1.2135622791927498
1051,35.03333333333333,0.0522124096751213,0.07737335234216686,0.07737335234216686,-0.2740986511337301,0.08024505442480127,0.6383890035973425,-0.002871702082634417,-0.028032644749679973,-0.9124876547310726,4.958194741617252
1052,35.06666666666666,0.0589381791651248,0.07290217998269327,0.07290217998269327,-0.13413517078420756,0.07527940447555513,0.5668141193389187,-0.0023772244928618597,-0.016341225310430328,-0.7009492901231262,4.725574390230703
1053,35.1,0.0863196700811386,0.07615638922095468,0.07615638922095468,0.09762627714784214,0.07683280174659599,0.1993364029322529,-0.0006764125256413095,0.009486868334542611,-0.10171012578441077,2.020243176028245
1054,35.13333333333333,-0.0582746230065822,0.043552180930883186,0.0616328206814383,-0.4357070561854912,0.06486177696065111,0.708170672253932,-0.0032289562792128107,-0.1231363999672333,-1.1438777284394233,5.277759196216314
1055,35.166666666666664,-0.3250518441200256,-0.04584714895720034,0.02933147436414415,-0.9690403895188245,0.03022470232049685,-0.4244679727983318,-0.0008932279563527018,-0.3552765464405224,-0.5445724167204927,-7.704380648084922
1056,35.2,-0.0983845517039299,-0.058589301186735256,-0.020747649730927777,-1.5023737228521579,-0.017241829227203527,-0.4595145449384471,-0.0035058205037242496,-0.08114272247672638,-1.0428591779137109,-11.534471531450084
1057,35.233333333333334,-0.1419286876916885,-0.07880200859218968,-0.07880200859218968,-1.7416307658378571,-0.07232850228224878,-0.6104007666054312,-0.006473506309940896,-0.06960018540943973,-1.131229999232426,-16.82353057915495
1058,35.266666666666666,-0.4703380763530731,-0.1737631585145322,-0.14546867525885634,-2.0,-0.13821634012337883,-1.9065405409356058,-0.007252335135477517,-0.3321217362296943,-0.09345945906439423,-34.71025946491136
1059,35.3,-0.5073403120040894,-0.25466725060582734,-0.21213534192552302,-2.0,-0.2048096388572051,-1.9911958480591532,-0.007325703068317924,-0.30253067314688425,-0.008804151940846827,-35.87850270321631
1060,35.333333333333336,-0.4223374426364898,-0.29533311910164006,-0.2788020085921897,-2.0,-0.2714693940519375,-1.9991706233678899,-0.007332614540252191,-0.15086804858455233,-0.0008293766321101348,-35.98855460247688
1061,35.36666666666667,-0.2164665758609771,-0.27620523216299075,-0.32769089748107855,-1.4666666666666668,-0.3219745285407397,-0.2587619011892446,-0.005716368940338834,0.10550795267976262,-1.2079047654774222,-11.138702033773082
1062,35.4,-0.3433900475502014,-0.29249989273660143,-0.35880200859218964,-0.9333333333333335,-0.35799278260811096,-0.502613760400294,-0.0008092259840786764,0.014602735057909544,-0.4307195729330394,-8.580239662541812
1063,35.43333333333333,-0.437711238861084,-0.3277187079242065,-0.372135341925523,-0.40000000000000013,-0.3700626828170811,0.3682872499359482,-0.002072659108441899,-0.06764855604400288,-0.7682872499359483,2.1100090865621928
1064,35.46666666666667,0.0874436497688293,-0.22702735880671338,-0.3676908974810786,0.1333333333333332,-0.36758312955539096,0.05457382163718163,-0.0001077679256876185,0.45502677932422025,0.07875951169615156,0.7761976098880954
1065,35.5,0.0670561119914054,-0.15570186197611716,-0.3454686752588564,0.6666666666666665,-0.3482205626740078,-0.43974880854090737,0.0027518874151514217,0.4152766746654132,1.1064154752075739,-1.9817723949471948
1066,35.53333333333333,0.0038878337945789,-0.1169957956032042,-0.3054686752588564,1.1999999999999997,-0.30579172695180873,0.7923420893648219,0.0003230516929523253,0.30967956074638764,0.40765791063517787,12.190617261890623
1067,35.56666666666666,-0.0511709339916706,-0.10103097124396344,-0.24769089748107864,1.733333333333333,-0.2538485440576289,0.2331819473015806,0.006157646576550269,0.2026776100659583,1.5001513860317524,11.617910872761811
1068,35.6,0.1645558476448059,-0.036616906225317644,-0.181024230814412,2.0,-0.18824681104746865,1.8722079612192315,0.0072225802330566635,0.35280265869227456,0.1277920387807685,34.236469864825395
1069,35.63333333333333,0.089577130973339,-0.006010451616273019,-0.11435756414774532,2.0,-0.12168046421800911,1.987961619535146,0.007322900070263788,0.21125759519134812,0.01203838046485406,35.83387034958501
1070,35.666666666666664,0.2058394253253936,0.045370531086892554,-0.04769089748107866,2.0,-0.0550232479707895,1.998865949666355,0.007332350489710843,0.26086267329618307,0.001134050333644998,35.9843501053957
1071,35.7,0.2153800874948501,0.08660377702158523,0.018975769185588007,2.0,0.011642528438972736,1.999893169171469,0.007333240746615271,0.20373755905587737,0.00010683082853102377,35.99852573456627
1072,35.733333333333334,0.1921885013580322,0.11221175458176709,0.08564243585225467,2.0,0.07830911124085854,1.9999899362262974,0.00733332461139613,0.11387939011717366,1.0063773702606582e-05,35.999861119922905
1073,35.766666666666666,0.1233051195740699,0.11490228243582083,0.13453132474114357,1.4666666666666668,0.12881466053440122,0.25873449611201216,0.005716664206742356,-0.005509540960331322,1.2079321705546546,11.138648006620816
1074,35.8,0.0700659751892089,0.10402791441460965,0.1656424358522547,0.9333333333333335,0.16483324096725788,0.5026322258417842,0.0008091948849968111,-0.09476726577804898,0.4307011074915492,8.58044662345271
1075,35.833333333333336,-0.0286894869059324,0.07183931652584372,0.17897576918558802,0.40000000000000013,0.17690314220222536,-0.36827822870552707,0.002072626983362663,-0.20559262910815776,0.7682782287055272,-2.109925181310962
1076,35.86666666666667,0.1069283783435821,0.0803496376284798,0.17453132474114358,-0.1333333333333332,0.17442357630646826,-0.05456874477445052,0.00010774843467531436,-0.06749519796288617,-0.07876458855888267,-0.7761518254804827
1077,35.9,0.1188500076532363,0.08968731992910339,0.15230910251892135,-0.6666666666666665,0.15506098788117217,0.4397475896072829,-0.002751885362250822,-0.03621098022793587,-1.1064142562739494,1.9817587331231064
1078,35.93333333333333,0.308883786201477,0.1428501067323122,0.1428501067323122,-0.28376987359827494,0.14589347868157385,0.6833949555795373,-0.0030433719492616584,0.16299030751990315,-0.9671648291778123,5.352100923120469
1079,35.96666666666667,0.2322482019662857,0.16453226228143972,0.1511688887234808,0.2495634597350584,0.15117504833672574,0.06657882801170954,-6.159613244932638e-06,0.08107315362955997,0.18298463172334883,1.1920147777531314
1080,36.0,0.220301479101181,0.1780582421222174,0.1772654484924272,0.7828967930683917,0.17510362573033572,-0.1814083781481921,0.002161822762091481,0.04519785337084528,0.9643051712165838,0.9137105440775286
1081,36.03333333333333,0.1684292405843734,0.175722873470571,0.18558423048359582,0.24956345973505834,0.18324532483325387,-0.5041619934747748,0.002338905650341949,-0.014816084248880479,0.7537254532098331,-3.7986995190968917
1082,36.06666666666666,0.0026156906969845,0.13373834512301633,0.17612523469698665,-0.283769873598275,0.17674144092182287,0.08379974919280653,-0.0006162062248362132,-0.17412575022483837,-0.3675696227910815,0.07203125091132478
1083,36.1,0.1077134683728218,0.12742640498192312,0.1488884611325997,-0.8171032069316083,0.15081422701639452,0.06832746970982362,-0.001925765883794811,-0.043100758643572726,-0.8854306766414319,-2.181122851996112
1084,36.13333333333333,-0.0719626173377037,0.07906761405457804,0.10387390979043498,-1.3504365402649416,0.1058214469026546,-0.6229489093394298,-0.0019475371122196217,-0.1777840642403583,-0.7274876309255118,-11.856670706983454
1085,36.166666666666664,-0.138110339641571,0.02639438693987297,0.041081580670492474,-1.883769873598275,0.04768295711072239,-0.9766187750318669,-0.006601376440229914,-0.1857932967522934,-0.9071510985664082,-21.877339095439762
1086,36.2,0.0641998648643493,0.03556353367417715,-0.0039329706716722534,-1.3504365402649419,-4.119075350800944e-05,-0.4424945006553399,-0.003891779918164244,0.06424105561785731,-0.907942039609602,-11.500917729863383
1087,36.233333333333334,-0.1860588639974594,-0.01818762608946966,-0.031169744236059203,-0.8171032069316085,-0.029588979792496733,-0.13652114721046238,-0.0015807644435624699,-0.1564698842049627,-0.6805820597211462,-4.477068842617275
1088,36.266666666666666,-0.1126334890723228,-0.04109404134145365,-0.04109404134145365,-0.29772891316183336,-0.03900831138762747,0.4130651947199393,-0.002085729953826179,-0.07362517768469534,-0.7107941078817727,2.813790406032714
1089,36.3,-0.3068195283412933,-0.10554173821261331,-0.06879611622462586,-0.8310622464951667,-0.0670947091348198,-0.05383705038591913,-0.0017014070898060674,-0.23972481920647348,-0.7772251961092476,-3.5503443987499548
1090,36.333333333333336,0.0217157788574695,-0.07467735264949993,-0.0787204133300203,-0.29772891316183336,-0.07649500766362434,0.4527242174998878,-0.002225405666395966,0.09821078652109384,-0.7504531306617211,3.1842308472398493
1091,36.36666666666667,-0.1775839179754257,-0.09963578325793251,-0.09963578325793251,-0.6274610978373663,-0.09693421376095465,0.3788336096641942,-0.0027015694969778625,-0.08064970421447104,-1.0062947075015605,1.2990340453721807
1092,36.4,-0.2622986137866974,-0.1390871919748125,-0.1383289309636225,-1.1607944311706997,-0.13833597625646307,-0.8072074271523842,7.045292840568429e-06,-0.12396263753023432,-0.35358700401831544,-11.994129482555538
1093,36.43333333333333,-0.4729926288127899,-0.22007090422586617,-0.19479985644709027,-1.694127764504033,-0.18915986981668523,-0.23770231309993028,-0.005639986630405047,-0.2838327589961047,-1.4564254514041026,-11.097184560111302
1094,36.46666666666667,-0.5655884146690369,-0.3038709492578004,-0.26146652311375695,-2.0,-0.2542927079480908,-1.8159405757686673,-0.007173815165666175,-0.3112957067209461,-0.1840594242313327,-33.45997994560761
1095,36.5,-0.5994893908500671,-0.37556873003286967,-0.3281331897804236,-2.0,-0.320814883520856,-1.98266106873183,-0.007318306259567586,-0.2786745073292111,-0.017338931268169988,-35.760722748499255
1096,36.53333333333333,-0.399750143289566,-0.3814335659922624,-0.3814335659922624,-1.5990112863551642,-0.37487650567050573,-0.48739465795796644,-0.00655706032175668,-0.02487363761906025,-1.1116166283971978,-15.126046279819935
1097,36.56666666666666,-0.0280937943607568,-0.29573634984737,-0.41695616442632344,-1.0656779530218308,-0.4168080200562245,-0.8251988248536325,-0.00014814437009891268,0.3887142256954677,-0.24047912816819828,-12.255391968997156
1098,36.6,0.0447643399238586,-0.21315305877296073,-0.4347009850826067,-0.5323446196884974,-0.4323637069112555,0.38746309836265214,-0.002337278171351209,0.47712804683511406,-0.9198077180511496,1.909555950637512
1099,36.63333333333333,-0.2837826013565063,-0.23028318581484195,-0.43466802796111215,0.0009887136448358813,-0.4336225633422146,0.2545612276652597,-0.0010454646188975403,0.14983996198570831,-0.2535725140204238,2.2277794244434563
1100,36.666666666666664,-0.0578615553677082,-0.18846492781276067,-0.41685729306183983,0.5343220469781692,-0.41971695031131045,-0.5837502072704561,0.0028596572494706263,0.36185539494360225,1.1180722542486254,-3.9119751187228875
1101,36.7,-0.1006339341402053,-0.1671628490396206,-0.38126878038478973,1.0676553803115025,-0.3817093469506928,0.6151692070516999,0.00044056656590307774,0.28107541281048753,0.45248617325980267,9.841762587846338
1102,36.733333333333334,0.0822212845087051,-0.10667850022964365,-0.32790248992996185,1.6009887136448357,-0.33251016171607667,0.3450425934882815,0.00460767178611482,0.41473144622478175,1.2559461201565543,11.308798255734057
1103,36.766666666666666,-0.0167891662567853,-0.08487720215605424,-0.2612358232632952,2.0,-0.2683123913784123,1.7037324405197265,0.007076568115117088,0.251523225121627,0.2962675594802735,31.911507679172225
1104,36.8,0.0793265625834465,-0.0450520631582247,-0.19456915659662855,2.0,-0.20187830190215889,1.9720907371504077,0.00730914530553034,0.2812048644856054,0.027909262849592276,35.614852172675626
1105,36.833333333333336,0.1382954567670822,-0.0005838959544057568,-0.1279024899299619,2.0,-0.13523354468096596,1.9973708665431524,0.007331054751004068,0.27352900144804815,0.0026291334568475655,35.963717958295504
1106,36.86666666666667,0.1060270592570304,0.02527297837927667,-0.06123582326329523,2.0,-0.06856894194756856,1.9997523280076899,0.007333118684273332,0.17459600120459895,0.0002476719923101278,35.99658212650612
1107,36.9,0.1995148062705993,0.06753269773477648,0.005430843403371438,2.0,-0.0019024697093982731,1.9999766685804354,0.007333313112769711,0.2014172759799976,2.333141956456508e-05,35.99967802641001
1108,36.93333333333333,0.2879600822925567,0.12099402514629021,0.0720975100700381,2.0,0.06476417864154048,1.9999978021126503,0.007333331428497625,0.22319590365101621,2.197887349675298e-06,35.999969669154574
1109,36.96666666666667,0.174354538321495,0.13393581035791047,0.13393581035791047,1.8551490086361708,0.1268823825013396,1.4541844631758942,0.007053427856570871,0.047472155820155404,0.4009645454602766,28.467745591827338
1110,37.0,0.0622622668743133,0.11655247669178179,0.17799633286800506,1.3218156753028376,0.17429099573102586,0.4633410585330858,0.0037053371369792087,-0.11202872885671256,0.8584746167697518,11.542015229679507
1111,37.03333333333333,0.0884077921509742,0.10972640924036914,0.20427907760032188,0.7884823419695043,0.2025360119168747,0.06281152725166872,0.0017430656834471758,-0.1141282197659005,0.7256708147178356,3.650930453406401
1112,37.06666666666666,0.0611723698675632,0.09795036153527702,0.2127840445548609,0.25514900863617096,0.21083571943332938,-0.3922119087415674,0.0019483251215315356,-0.14966334956576618,0.6473609173777384,-2.741689347097912
1113,37.1,0.1066766902804374,0.10006680055705035,0.20351123373162217,-0.27818432469716237,0.20433153588119624,0.13882494574072318,-0.0008203021495740703,-0.09765484560075884,-0.41700927043788555,0.5831010135579222
1114,37.13333333333333,0.0790462717413902,0.09496858929971634,0.17646064513060564,-0.8115176580304957,0.1783927563329379,0.06767309689608048,-0.0019321112023322762,-0.09934648459154771,-0.8791907549265762,-2.1884570710925026
1115,37.166666666666664,0.0927332714200019,0.09442644676476783,0.13163227875181133,-1.344850991363829,0.13350938434550896,-0.6301772215046937,-0.0018771055936976366,-0.04077611292550706,-0.7146737698591352,-11.870920808109245
1116,37.2,0.0867577940225601,0.09256653105656823,0.09256653105656823,-1.171972430857293,0.09259060478600914,-0.7798807227510977,-2.4073729440909908e-05,-0.005832810763449034,-0.3920917081061953,-11.687851420490633
1117,37.233333333333334,0.1939021646976471,0.11714395595051934,0.07127856113910291,-0.6386390975239596,0.07415626897378635,0.4922672189275348,-0.0028777078346834406,0.11974589572386074,-1.1309063164514943,2.5703994287723537
1118,37.266666666666666,0.149784967303276,0.12506053944795334,0.06776836899941537,-0.10530576419062632,0.0697622558092736,0.4658738530432449,-0.0019938868098582363,0.0800227114940024,-0.5711796172338712,3.850071017331576
1119,37.3,0.0085368258878588,0.09679947554094714,0.0820359546375056,0.428027569142707,0.08036127615108152,-0.3113626190659238,0.0016746784864240805,-0.07182445026322272,0.7393901882086308,-1.74100640998549
1120,37.333333333333336,0.097228430211544,0.09690351200690388,0.09690351200690388,0.4460267210819484,0.09323955594842061,-0.8066234601861799,0.0036639560584832698,0.0039888742631233876,1.2526501812681283,-6.093708312158077
1121,37.36666666666667,0.1196429952979087,0.10241862966720706,0.10241862966720706,0.1654535298090956,0.09943293480812693,-0.7120642728051716,0.0029856948590801374,0.020210060489781773,0.8775178026142672,-5.941396933724672
1122,37.4,0.1114876642823219,0.10461818681314741,0.10461818681314741,0.06598671437821044,0.10255389646327824,-0.5089839293989591,0.0020642903498691717,0.008933767819043661,0.5749706437771696,-4.388757280629656
1123,37.43333333333333,0.0621937476098537,0.09432878089814586,0.09432878089814586,-0.30868217745004645,0.09516041788628707,0.12677728742505878,-0.0008316369881412045,-0.032966670276433366,-0.43545946487510523,0.37461571078665107
1124,37.46666666666667,-0.0307145603001117,0.06400141019581215,0.06626159720536653,-0.8420155107833798,0.06804049443365531,0.0008451244692823101,-0.0017788972282887783,-0.09875505473376701,-0.8428606352526621,-2.9374658643242153
1125,37.5,-0.0511676669120788,0.03606889286680995,0.03606889286680995,-0.9057811301566976,0.03743017222199527,-0.19663823988894125,-0.0013612793551853186,-0.08859783913407407,-0.7091428902677563,-5.15086200743354
1126,37.53333333333333,-0.084804430603981,0.006752896878589723,0.006752896878589723,-0.8794798796466068,0.008289263715546525,-0.11350024272210768,-0.0015363668369568016,-0.09309369431952753,-0.7659796369244991,-4.219050242564544
1127,37.56666666666666,-0.2538508474826813,-0.05645259879934092,-0.040340876887408283,-1.4128132129799402,-0.03773925148786354,-0.5545205685836945,-0.002601625399544741,-0.21611159599481772,-0.8582926443962458,-11.721769120922144
1128,37.6,-0.0844828113913536,-0.06325090281135044,-0.06965687287562851,-0.8794798796466069,-0.06825114610717699,-0.19106930251982085,-0.0014057267684515207,-0.016231665284176605,-0.6884105771267861,-5.088445284211885
1129,37.63333333333333,0.0440849177539348,-0.03721822335214274,-0.08119509108607097,-0.3461465463132736,-0.07891111935475871,0.4495028725160528,-0.0022839717313122565,0.1229960371086935,-0.7956494188293264,3.0175043858446897
1130,37.666666666666664,-0.2153617590665817,-0.08042424291355463,-0.08042424291355463,0.0231254451754902,-0.0794487765641163,0.24828326348392848,-0.0009754663494383337,-0.13591298250246542,-0.22515781830843828,2.247791152108916
1131,37.7,-0.1732111722230911,-0.10292830890008281,-0.09743117251881607,-0.5102078881578431,-0.09401349015176733,0.7112066778438364,-0.003417682367048744,-0.07919768207132377,-1.2214145660016795,5.024275761670694
1132,37.733333333333334,-0.6947885751724243,-0.24647506258738242,-0.1322158799018553,-1.0435412214911763,-0.13171388775616794,-0.5977878043878875,-0.0005019921456873577,-0.5630746874162564,-0.44575341710328886,-9.646951598359022
1133,37.766666666666666,-0.1018665060400962,-0.21140244489248633,-0.18477836506267228,-1.5768745548245096,-0.18046061197016838,-0.3749355238390708,-0.004317753092503901,0.07859410593007218,-1.2019390309854387,-11.367730032711302
1134,37.8,-0.1184956952929496,-0.1888693183073075,-0.2195630724457115,-1.0435412214911763,-0.2191558807000962,-0.6540766442987362,-0.0004071917456152929,0.10066018540714661,-0.3894645771924401,-10.277837655843703
1135,37.833333333333336,-0.3010530769824981,-0.21607779181354056,-0.23657000205097292,-0.510207888157843,-0.23408410361969864,0.4395640798667142,-0.0024858984312742805,-0.06696897336279947,-0.9497719680245572,2.461641358027414
1136,37.86666666666667,-0.0841652601957321,-0.18408440289478428,-0.23579915387845657,0.02312544517549031,-0.23479194956121663,0.25207489093395874,-0.0010072043172399403,0.1506266893654845,-0.22894944575846843,2.264526662043976
1137,37.9,-0.0294916424900293,-0.1465902675992585,-0.21725052792816246,0.5564587785088236,-0.22026470189412317,-0.616659660527318,0.003014173965960709,0.19077305940409386,1.1731184390361418,-4.1501434005179965
1138,37.93333333333333,-0.3884606063365936,-0.2052522591495003,-0.2052522591495003,0.35994806335986507,-0.2090859718715917,-0.8728474732482612,0.0038337127220914036,-0.17937463446500188,1.2327955366081262,-6.893407858997909
1139,37.96666666666667,-0.3959519565105438,-0.25150358576369836,-0.2110317681486159,-0.17338526997346826,-0.21196374930117,-0.2822047183546307,0.0009319811525541066,-0.1839882072093738,0.10881944838116242,-2.9337988624019635
1140,38.0,-0.2716445028781891,-0.2563884605100287,-0.2345890549255093,-0.7067186033068016,-0.231950000418292,0.4044613615544246,-0.0026390545072172977,-0.039694502459897085,-1.1111799648612262,1.586270225365058
1141,38.03333333333333,-0.1835551559925079,-0.23872384435044716,-0.2403685639246249,-0.17338526997346826,-0.23810938572893525,0.5127174413676652,-0.0022591781956896595,0.054554229736427345,-0.6861027113411334,4.09345292789161
1142,38.06666666666666,-0.3196041584014892,-0.2583401409340297,-0.2583401409340297,-0.5391473102821431,-0.2552019181064119,0.5681851512026601,-0.003138222827617776,-0.0644022402950773,-1.1073324614848032,3.421288611446952
1143,38.1,-0.3664763867855072,-0.28456695143725186,-0.28456695143725186,-0.7868043150966653,-0.28275578983316785,-0.02370724649114797,-0.0018111616040840106,-0.08372059695233935,-0.7630970686055173,-3.212649160722947
1144,38.13333333333333,-0.7285932898521423,-0.3922588224130724,-0.3285715397182518,-1.3201376484299985,-0.32706802776934746,-0.6679105723063395,-0.001503511948904357,-0.4015252620827949,-0.6522270761236589,-11.945309413975387
1145,38.166666666666664,0.0189546048641204,-0.29252522662695507,-0.354798350221474,-0.7868043150966652,-0.3528150118751392,0.07852469634411041,-0.0019833383463347953,0.37176961673925957,-0.8653290114407756,-2.0668322018641803
1146,38.2,-0.2530088722705841,-0.2829411326969127,-0.3632473829469184,-0.2534709817633318,-0.3610634735875984,0.4590493170187173,-0.002183909359320002,0.10805460131701428,-0.7125202987820491,3.3680750133340824
1147,38.233333333333334,-0.1918297260999679,-0.2608434393963509,-0.353918637894585,0.2798623515700015,-0.3546058830976191,-0.1036073724701943,0.0006872452030340925,0.1627761569976512,0.3834697240401958,-0.2610422584773757
1148,38.266666666666666,-0.0799225196242332,-0.2169638073491176,-0.32681211506447383,0.8131956849033348,-0.32874987623446583,-0.07235629485139228,0.0019377611699920028,0.24882735661023264,0.8855519797547271,2.13596772686145
1149,38.3,0.0266644824296236,-0.15787545136876396,-0.2819278144565849,1.346529018236668,-0.2838292213799481,0.6277140388251197,0.0019014069233632136,0.3104937038095717,0.7188149794115484,11.866064819398105
1150,38.333333333333336,0.0789376869797706,-0.10044000726549071,-0.21926573607091818,1.8798623515700013,-0.22585521614644274,0.9568806280206446,0.0065894800755245675,0.3047929031262133,0.9229817235493567,21.604952666684895
1151,38.36666666666667,0.0097737880423665,-0.07370931857161654,-0.1525990694042515,2.0,-0.15986232960460284,1.9191463850207888,0.00726326020035134,0.16963611764696934,0.08085361497921117,34.88422011328689
1152,38.4,0.1213996708393096,-0.02638858487623994,-0.08593240273758483,2.0,-0.09325913497868073,1.992383355110654,0.007326732241095896,0.21465880581799032,0.0076166448893459915,35.894890300527024
1153,38.43333333333333,0.1146088019013404,0.0078081982222237695,-0.019265736070918166,2.0,-0.026598447562229132,1.9992824899741928,0.007332711491310966,0.14120724946356952,0.000717510025807222,35.99009836164386
1154,38.46666666666667,0.2094059884548187,0.05670269239174148,0.0474009305957485,2.0,0.04006765584173611,1.9999324084758294,0.007333274754012388,0.1693383326130826,6.759152417057379e-05,35.99906723696645
1155,38.5,0.1616828441619873,0.08216404002220502,0.09628981948463738,1.4666666666666668,0.09057317600991675,0.25873642034941313,0.005716643474720631,0.07110966815207055,1.2079302463172537,11.138651800117408
1156,38.53333333333333,0.0440203882753849,0.07291287434331918,0.1274009305957485,0.9333333333333335,0.12659173352714112,0.5026309292976158,0.0008091970686073813,-0.08257134525175622,0.4307024040357177,8.580432091768627
1157,38.56666666666666,0.1992683708667755,0.10355848846897323,0.14073426392908184,0.40000000000000013,0.1386616346900686,-0.3682788621278965,0.002072629239013246,0.06060673617670692,0.7682788621278966,-2.1099310726872584
1158,38.6,0.2412510961294174,0.13695374738858593,0.13695374738858593,-0.11341549621487723,0.13671773498597273,-0.08187454878855084,0.00023601240261320044,0.10453336114344466,-0.03154094742632639,-0.9716069983394816
1159,38.63333333333333,0.197858989238739,0.15172539240066452,0.1509510086258678,0.4199178371184561,0.14808247106103792,-0.6195469183771287,0.0028685375648298816,0.049776518177701096,1.039464755495585,-4.520421237384632
1160,38.666666666666664,-0.0494234450161457,0.10293978494467898,0.1471704920853719,-0.11341549621487723,0.14641376574057954,-0.2193703856512464,0.0007567263447923467,-0.19583721075672525,0.10595488943636916,-2.218851949464187
1161,38.7,0.1105083674192428,0.1047754301233643,0.1256121977670982,-0.6467488295482106,0.12853171984967102,0.5235152450965097,-0.0029195220825728174,-0.018023352430428213,-1.1702640746447202,2.92062771674464
1162,38.733333333333334,0.2288835048675537,0.13487596609634597,0.12183168122660229,-0.11341549621487723,0.12392973033183269,0.4918300365175019,-0.0020980491052303984,0.10495377453572102,-0.6052455327323791,4.0685784506283005
1163,38.766666666666666,0.154878094792366,0.13972717981142255,0.13582894246388416,0.4199178371184561,0.13426519777085216,-0.2851737309143889,0.0015637446930319987,0.020612897021513837,0.705091568032845,-1.5263732981203186
1164,38.8,0.1455292254686355,0.14113437820992963,0.14113437820992963,0.15916307238136418,0.1393703733637477,-0.4003638423001974,0.0017640048461819435,0.006158852104887813,0.5595269146815616,-3.1643457144025997
1165,38.833333333333336,0.1779161244630813,0.15005523431477313,0.15005523431477313,0.267625683145305,0.147390970869408,-0.6055789806075174,0.0026642634453651337,0.030525153593673304,0.8732046637528224,-4.753864661684071
1166,38.86666666666667,0.1213820874691009,0.1431009963261031,0.1431009963261031,-0.2086271396601011,0.14302222147772137,-0.0748725480960588,7.877484838172966e-05,-0.02164013400862047,-0.1337545915640423,-1.1699157307797103
1167,38.9,0.0680870115756988,0.12490748916623187,0.12490748916623187,-0.5458052147961368,0.12825877096300464,0.6999623359537779,-0.0033512817967727704,-0.060171759387305845,-1.2457675507499146,4.89824902999058
1168,38.93333333333333,0.1426960080862045,0.12922182531849558,0.12449175978413843,-0.012471881462803425,0.1262769240481927,0.44497111196791794,-0.0017851642640542842,0.01641908403801179,-0.45744299343072137,3.9178850646452714
1169,38.96666666666667,0.1865352541208267,0.14312233041419856,0.14185380817982277,0.5208614518705299,0.13950604655845542,-0.4557027968762286,0.0023477616213673502,0.04702920756237128,0.9765642487467585,-2.79607413217083
1170,39.0,0.2358791679143905,0.16561909808761105,0.16561909808761105,0.7129586972336486,0.16335658861168864,-0.1858235417499361,0.0022625094759224085,0.07252257930270187,0.8987822389835847,0.8642253324038469
1171,39.03333333333333,-0.149403303861618,0.08921518027877556,0.17160661021762155,0.17962536390031525,0.16968948704005565,-0.41412820631878633,0.0019171231775658992,-0.31909279090167364,0.5937535702191016,-3.1588613307591844
1172,39.06666666666666,0.0647115111351013,0.08327218602921131,0.15981634456985427,-0.3537079694330181,0.1611001311411069,0.23434704177412802,-0.0012837865712526375,-0.09638862000600561,-0.5880550112071461,1.243902532899796
1173,39.1,0.0873007997870445,0.0842492653497056,0.13024830114430924,-0.8870413027663514,0.13175513914655265,-0.12504708783164903,-0.0015068380022434102,-0.044454339359508155,-0.7619942149347023,-4.34846743430419
1174,39.13333333333333,0.1076925620436668,0.08993508230332731,0.08993508230332731,-1.209396565229458,0.08986333517863,-0.8278223895349981,7.174712469730504e-05,0.017829226865036796,-0.38157417569445995,-12.260564139368999
1175,39.166666666666664,0.0738080665469169,0.08602371860750621,0.06739964124012315,-0.6760632318961247,0.07010089646413038,0.4171244494439228,-0.002701255224007229,0.0037071700827865234,-1.0931876813400474,1.7281982808524534
1176,39.2,0.0371647849678993,0.07417372341056301,0.06264197795469678,-0.1427298985627914,0.06473494345849015,0.4784947405972111,-0.0020929655037933703,-0.02757015849059085,-0.6212246391600025,3.861744338711436
1177,39.233333333333334,-0.0355487205088138,0.0475622045626059,0.0475622045626059,-0.45239320176272635,0.05115036986126409,0.7666620444693513,-0.003588165298658186,-0.08669909037007789,-1.2190552462320776,5.645820239619612
1178,39.266666666666666,0.058740459382534,0.050273321160103156,0.0502602089482928,0.08094013157060698,0.05158780514045063,0.35442345183059343,-0.0013275961921578316,0.007152654242083369,-0.27348332025998645,3.3395741268111783
1179,39.3,-0.0384548045694828,0.028753656578700205,0.03518043555620192,-0.45239320176272635,0.03884921376103949,0.8145268949049034,-0.003668778204837568,-0.07730401833052229,-1.2669200966676297,6.182290112354705
1180,39.333333333333336,-0.1872746646404266,-0.02364074457079961,0.002322884386333268,-0.9857265350960597,0.0030866138269943213,-0.4881490983811673,-0.0007637294406610531,-0.19036127846742093,-0.49757743671489235,-8.418119540532748
1181,39.36666666666667,-0.1033859252929687,-0.0429817317382116,-0.0429817317382116,-1.359138483736346,-0.041403561482202186,-0.6561547099092637,-0.0015781702560094119,-0.06198236381076651,-0.7029837738270823,-11.922133570963972
1182,39.4,-0.3614640235900879,-0.12022479350034626,-0.10606412564053425,-1.8924718170696795,-0.0994807292790847,-0.9692601356259032,-0.006583396361449542,-0.2619832943110032,-0.9232116814437763,-21.775789871637464
1183,39.43333333333333,-0.134475365281105,-0.1236810540974624,-0.1513687417650791,-1.3591384837363463,-0.1473705997412833,-0.43154563687946246,-0.003998142023795809,0.01289523446017829,-0.9275928468568838,-11.479332826990932
1184,39.46666666666667,-0.2641115486621856,-0.15774034606586806,-0.1788955801118462,-0.8258051504030129,-0.17736939416889977,-0.16203859310672825,-0.0015261859429464286,-0.08674215449328584,-0.6637665572962848,-4.763068711580127
1185,39.5,-0.5344788432121277,-0.24911256909915597,-0.22420019623639106,-1.3591384837363463,-0.22230497635626917,-0.6267278285198622,-0.0018952198801218956,-0.3121738668558585,-0.7324106552164841,-11.864120576224861
1186,39.53333333333333,-0.3962138593196869,-0.284789761635433,-0.284789761635433,-1.8176869619712586,-0.27832101007769927,-0.7219240465716161,-0.006468751557733743,-0.11789284924198762,-1.0957629153996424,-18.3625518426883
1187,39.56666666666666,-0.3525144159793854,-0.30121535198110333,-0.32760154925669716,-1.2843536286379251,-0.32462941397697537,-0.5360290457556884,-0.002972135279721788,-0.02788500200241001,-0.7483245828822367,-11.685314404489754
1188,39.6,-0.057395052164793,-0.24208042687094136,-0.35263555910018357,-0.7510202953045918,-0.3506285345953894,0.0642590578804777,-0.002007024504794175,0.2932334824305964,-0.8152793531850695,-2.2267216652476565
1189,39.63333333333333,-0.1903873234987259,-0.22954304668179873,-0.3598917911658922,-0.21768696197125847,-0.3579524366116699,0.40491020880411654,-0.0019393545542222834,0.16756511311294403,-0.622597170775375,2.965613476298515
1190,39.666666666666664,-0.1471432596445083,-0.20955822491259218,-0.34937024545382306,0.31564637136207485,-0.35041650243329964,-0.18517857976867685,0.0010462569794765786,0.20327324278879133,0.5008249511307516,-0.9016057660205242
1191,39.7,-0.2122360914945602,-0.21020770094021984,-0.32107092196397613,0.8489797046954082,-0.322792500392236,0.027675151412375087,0.0017215784282598734,0.11055640889767582,0.8213045532830331,3.257121491227391
1192,39.733333333333334,-0.0422727353870868,-0.16947761563213087,-0.2749938206963514,1.3823130380287414,-0.27727345913615487,0.5881801956656492,0.002279638439803444,0.23500072374906805,0.7941328423630922,11.788126671455114
1193,39.766666666666666,-0.0715968832373619,-0.14573812476835468,-0.21113894165094893,1.9156463713620746,-0.2178332000959779,1.1328310848212366,0.006694258445028967,0.146236316858616,0.782815286540838,24.033068970533066
1194,39.8,0.0091344444081187,-0.10817612608830678,-0.14447227498428228,2.0,-0.15174540561074634,1.9305353382277861,0.007273130626464064,0.16087985001886504,0.06946466177221389,35.04138766754345
1195,39.833333333333336,0.026496835052967,-0.0755132367495076,-0.07780560831761561,2.0,-0.08513327038146126,1.9934562275142111,0.00732766206384565,0.11163010543442826,0.006543772485788857,35.909695939696114
1196,39.86666666666667,0.0248762872070074,-0.051165276446424574,-0.02891671942872672,1.4666666666666668,-0.03463102899810024,0.2589530411891816,0.005714309569373521,0.059507316205107644,1.2077136254774852,11.139078852630103
1197,39.9,0.0535719655454158,-0.025762842907877715,0.0021943916823843924,0.9333333333333335,0.0013849487940271014,0.5024849709626367,0.000809442888357291,0.052187016751388704,0.4308483623706968,8.578796188831957
