sample_index,time_s,q_raw,q_ref,q_cmd,qdot_cmd,q_model,qdot_model,q_cmd_minus_model,q_raw_minus_model,qdot_cmd_minus_model,tau_model
0,0.0,-0.1778383255004882,-0.04313199544135939,-0.017777777777777778,-0.5333333333333333,-0.014929392212413881,0.5377440376866041,-0.0028483855653638965,-0.16290893328807432,-1.0710773710199373,3.2142575891502663
1,0.03333333333333333,0.0862903296947479,-0.011742568431907546,-0.017777777777777778,0.0,-0.01664517292666464,0.2810114943721348,-0.0011326048511131372,0.10293550262141254,-0.2810114943721348,2.3936083281804086
2,0.06666666666666667,0.0716520473361015,0.008483533995770846,0.0,0.5333333333333333,-0.002325860513642911,-0.4012155779747004,0.002325860513642911,0.07397790784974441,0.9345489113080337,-2.0251102898843
3,0.1,0.1374940574169159,0.039773084729158414,0.035555555555555556,1.0666666666666667,0.034148597838152356,0.48631166662452574,0.0014069577174031997,0.10334545957876354,0.5803550000421409,8.769311998071727
4,0.13333333333333333,0.1732757687568664,0.07215214105847892,0.07215214105847892,1.097897565087701,0.07079777341413153,0.4953269607750292,0.00135436764434739,0.10247799534273487,0.6025706043126717,8.873055250354788
5,0.16666666666666666,0.1532170921564102,0.09181321856452188,0.09181321856452188,0.5898323251812887,0.08893121841764422,-0.4512320270729615,0.0028820001468776585,0.06428587373876597,1.0410643522542502,-2.0395447220922716
6,0.2,0.1170045211911201,0.09792298791257704,0.09792298791257704,0.18329308044165504,0.09589783837932293,-0.43487578000148197,0.0020251495332541114,0.021106682811797173,0.618168860443137,-3.198446531543143
7,0.23333333333333334,0.1738024950027465,0.11632641442199276,0.11632641442199276,0.5521027952824715,0.11333002551590927,-0.49625703603572324,0.0029963889060834886,0.060472469486837224,1.0483598313181948,-2.5375706286958386
8,0.26666666666666666,0.114235870540142,0.11581938463002758,0.1169520631536307,0.0187694619491382,0.1157349383780115,-0.2889213371505479,0.0012171247756191939,-0.0014990678378695027,0.3076907990996861,-2.385808975968544
9,0.3,0.1018489971756935,0.11243107850254604,0.11243107850254604,-0.13562953953253992,0.11260794841145114,-0.005146813432412398,-0.00017686990890510013,-0.010758951235757638,-0.1304827261001275,-0.4143409911161984
10,0.3333333333333333,0.1307291388511657,0.11686899621978306,0.11686899621978306,0.13313753151711055,0.11618688075462327,-0.13100819631844246,0.0006821154651597827,0.014542258096542415,0.264145727835553,-0.7899083271809823
11,0.36666666666666664,0.1328376084566116,0.1207419415383209,0.1207419415383209,0.11618835955613513,0.11984778414533391,-0.1852679228638775,0.0008941573929869828,0.012989824311277695,0.30145628242001266,-1.2813307450144478
12,0.4,0.1013219505548477,0.11603191651861215,0.11603191651861215,-0.14130075059126226,0.11641333989879969,0.048181583577627446,-0.00038142338018753996,-0.015091389343951989,-0.1894823341688897,0.04203090894109181
13,0.43333333333333335,0.1284535080194473,0.11904458561837254,0.11904458561837254,0.0903800729928117,0.11868796363382171,-0.062288868206880205,0.00035662198455083116,0.009765544385625588,0.1526689411996919,-0.3083525696915885
14,0.4666666666666667,0.1080175787210464,0.11637015191636378,0.11637015191636378,-0.08023301106026282,0.11666226118459486,0.04757212187736065,-0.00029210926823107497,-0.00864468246354845,-0.12780513293762347,0.20165708371051339
15,0.5,0.0518446937203407,0.10072047819766441,0.10072047819766441,-0.46949021156098103,0.10333591064990032,0.4993965391228541,-0.0026154324522359024,-0.051491216929559616,-0.9688867506838351,3.048200643177702
16,0.5333333333333333,0.1300069242715835,0.10782346263591154,0.10284858225674283,0.0638431217723523,0.10355363823787,0.19573586743892885,-0.0007050559811271756,0.026453286033713497,-0.13189274566657655,1.8329794997554463
17,0.5666666666666667,0.1422003358602523,0.11616105316949078,0.11616105316949078,0.3993741273824386,0.11437572829294095,-0.3100110745961895,0.0017853248765498375,0.027824607567311352,0.7093852019786281,-1.5931669764993208
18,0.6,0.0431277826428413,0.09844793827956023,0.11169574630446095,-0.13395920595089472,0.11173032812459326,-0.031090468267002576,-3.4581820132301155e-05,-0.06860254548175196,-0.10286873768389215,-0.5974131050723137
19,0.6333333333333333,0.0270599108189344,0.0811338522054035,0.08945266166165336,-0.667292539284228,0.09218959486813294,0.3874574394913177,-0.0027369332064795804,-0.06512968404919854,-1.0547499787755457,1.2855622300600982
20,0.6666666666666666,-0.0877032652497291,0.040184963601596624,0.049431799241067984,-1.2006258726175614,0.05040939020382109,-0.7600846956931394,-0.0009775909627531068,-0.1381126554535502,-0.44054117692442196,-11.9197476853397
21,0.7,-0.136779174208641,-0.0027350108405508958,-0.0027350108405508958,-1.5650043024485665,0.0017321152176462467,-0.5103709648774992,-0.0044671260581971425,-0.13851128942628724,-1.0546333375710673,-12.63290785585611
22,0.7333333333333333,-0.0232875179499387,-0.007719710513446701,-0.037124043144391994,-1.031670969115233,-0.03571020188050687,-0.5362525430052625,-0.001413841263885121,0.012422683930568171,-0.49541842610997056,-9.344005274975492
23,0.7666666666666666,-0.2006791830062866,-0.05451911139908671,-0.05451911139908671,-0.5218520476408415,-0.05203254479778494,0.3693144163218871,-0.002486566601301768,-0.14864663820850166,-0.8911664639627286,1.4955650564822707
24,0.8,-0.3798363208770752,-0.1334198790300878,-0.0896919574315592,-1.0551853809741747,-0.08825737390191196,-0.4734309612057549,-0.001434583529647232,-0.29157894697516323,-0.5817544197684198,-8.621087630731614
25,0.8333333333333334,-0.2708660066127777,-0.16675535793568969,-0.14264258124180945,-1.588518714307508,-0.13769514635441105,-0.4727934430120653,-0.004947434887398405,-0.13317086025836666,-1.1157252712954426,-12.655454368975379
26,0.8666666666666667,-0.3551959693431854,-0.2124587774282038,-0.2093092479084761,-2.0,-0.20083021378673033,-1.5762080918783168,-0.008479034121745777,-0.1543657555564551,-0.4237919081216832,-30.15167166792077
27,0.9,-0.1470971852540969,-0.19660631206248694,-0.258198136797365,-1.4666666666666668,-0.2519435129227978,-0.3900027127651555,-0.006254623874567156,0.10484632766870092,-1.0766639539015113,-12.705128807123522
28,0.9333333333333333,-0.3648898601531982,-0.2374209407915705,-0.28930924790847606,-0.9333333333333335,-0.28767803615203086,-0.448131499709981,-0.0016312117564452056,-0.07721182400116733,-0.48520183362335245,-8.32995476553994
29,0.9666666666666667,-0.1679327934980392,-0.22056764190980122,-0.3026425812418094,-0.40000000000000013,-0.300669786650411,0.28527171153749176,-0.00197279459139843,0.1327369931523718,-0.6852717115374919,1.1102075876208692
30,1.0,0.0103955091908574,-0.16455102371257094,-0.298198136797365,0.1333333333333332,-0.2982194198113131,0.028030440005696922,2.1283013948103502e-05,0.3086149290021705,0.10530289332763627,0.5462779929286222
31,1.0333333333333332,-0.1793107837438583,-0.16813078021665082,-0.2759759145751428,0.6666666666666665,-0.2787153865748018,-0.38935113644486896,0.0027394719996590156,0.09940460283094352,1.0560178031115355,-1.3073538962575868
32,1.0666666666666667,-0.0813670828938484,-0.14708755802666046,-0.23597591457514283,1.1999999999999997,-0.23695530279472854,0.7590464712660621,0.0009793882195857084,0.15558821990088012,0.44095352873393767,11.90780034597765
33,1.1,-0.3052718341350555,-0.18545276112222886,-0.18545276112222886,1.5156946035874193,-0.18929989839946632,0.5608633940755332,0.0038471372772374557,-0.11597193573558917,0.954831209511886,12.602612398337286
34,1.1333333333333333,-0.3663838803768158,-0.22933486689963326,-0.15270738544709267,0.9823612702540859,-0.15430121837313066,0.41016247316577514,0.0015938329260379858,-0.21208266200368514,0.5721987970883108,7.8930272250782725
35,1.1666666666666667,-0.0052393074147403,-0.17498387915315478,-0.13773978754973426,0.4490279369207526,-0.14000792605140605,-0.3476301586827808,0.0022681385016717903,0.13476861863666575,0.7966580956035334,-1.5333510848229288
36,1.2,-0.3456526398658752,-0.21637700511926328,-0.1405499674301536,-0.08430539641258072,-0.14091505665408505,-0.10903682455838579,0.00036508922393144183,-0.20473758321179014,0.024731428145805062,-1.11326562640743
37,1.2333333333333334,-0.0322795026004314,-0.17172694098341923,-0.16113792508835073,-0.617638729745914,-0.15823026226925627,0.5022932057989333,-0.0029076628190944642,0.12595075966882485,-1.1199319355448474,2.6070316881037763
38,1.2666666666666666,0.0807692185044288,-0.11048781736177493,-0.16394810496877008,-0.08430539641258072,-0.16239177589284362,0.3546532411545116,-0.0015563290759264548,0.2431609943972724,-0.4389586375670923,2.7867220273410798
39,1.3,-0.1604568809270858,-0.12260705777771143,-0.14898050707141167,0.4490279369207526,-0.15069445366862316,-0.27675377181287586,0.0017139465972114964,-0.00976242725846263,0.7257817087336285,-1.183396649613321
40,1.3333333333333333,0.026163637638092,-0.08652497626674553,-0.11623513139627548,0.9823612702540859,-0.11792884299632309,0.2949375594279299,0.0016937116000476093,0.1440924806344151,0.687423710826156,6.567079663563354
41,1.3666666666666667,0.0187454298138618,-0.06099323184438623,-0.0657119779433615,1.5156946035874193,-0.06984720623975717,0.5398025009287623,0.004135228296395663,0.08859263605361897,0.975892102658657,12.615248934225344
42,1.4,0.0549612045288085,-0.032870237506811326,-0.032870237506811326,0.9852522130965053,-0.03444173094707579,0.43115284204479726,0.001571493440264464,0.0894029354758843,0.5540993710517081,8.134573324160284
43,1.4333333333333333,0.0535343848168849,-0.011914103525625056,-0.011914103525625056,0.628684019435588,-0.014697277645774443,-0.37694561882123634,0.0027831741201493863,0.06823166246265934,1.0056296382568244,-1.1645977395481926
44,1.4666666666666666,0.0628962442278862,0.006230014561351086,0.006230014561351086,0.5443235426092843,0.0032453009238371192,-0.4699211729168349,0.002984713637513967,0.05965094330404908,1.0142447155261192,-2.2345114000091586
45,1.5,0.1247468441724777,0.03497447861388428,0.03497447861388428,0.8623339215759959,0.032972798879776874,0.13817293631587302,0.002001679734107406,0.09177404529270082,0.7241609852601228,4.763115026018429
46,1.5333333333333332,0.1303680539131164,0.05811074715083786,0.05811074715083786,0.6940880561086075,0.05554795116165296,-0.2308834084088789,0.0025627959891849003,0.07482010275146345,0.9249714645174864,0.5162091748867854
47,1.5666666666666667,0.1779558509588241,0.08717736401516003,0.08717736401516003,0.8719985059296652,0.08518551795768951,0.13353254746119403,0.00199184605747052,0.09277033300113459,0.7384659584684712,4.709715877459799
48,1.6,0.1385012418031692,0.09962519412464463,0.09962519412464463,0.3734349032845379,0.09738609473319762,-0.3850200840465825,0.002239099391447008,0.041115147069971575,0.7584549873311204,-2.124100548577724
49,1.6333333333333333,0.0663553029298782,0.09155608533547506,0.09429524645635144,-0.15989843004879545,0.09429937640277017,-0.04577186982356889,-4.12994641872666e-06,-0.027944073472891975,-0.11412656022522655,-0.7847515031844268
50,1.6666666666666667,0.1675899177789688,0.10999694112464438,0.10674307656583604,0.3734349032845379,0.10470030527708492,-0.3932914635919813,0.002042771288751119,0.0628896125018839,0.7667263668765192,-2.411588699457138
51,1.7,0.123136006295681,0.11318362260888563,0.11318362260888563,0.1932163812914879,0.11133123474601996,-0.399165111828931,0.0018523878628656787,0.011804771549661044,0.5923814931204189,-2.9080702548625013
52,1.7333333333333334,0.1216041296720504,0.11522588920828274,0.11522588920828274,0.06126799798191307,0.1141089887425635,-0.26277138496619523,0.001116900465719231,0.0074951409294869015,0.3240393829481083,-2.100601949087814
53,1.7666666666666666,0.1870926469564438,0.13265608407125928,0.13265608407125928,0.5229058458892965,0.12952778253208344,-0.6001468119250486,0.003128301539175843,0.057564864424360346,1.1230526578143452,-3.7330793996565212
54,1.8,0.0804089084267616,0.1199843220346999,0.13230850115645806,-0.010427487444036876,0.1311100175641377,-0.3016396870858463,0.0011984835923203596,-0.050701109137376105,0.29121219964180944,-2.599756227848495
55,1.8333333333333333,0.1074805334210395,0.1169517172687343,0.1169517172687343,-0.46070351663171305,0.11885468868253417,0.3184635917653804,-0.0019029714137998727,-0.01137415526149467,-0.7791671083970935,1.50309047540474
56,1.8666666666666667,0.1340963244438171,0.12110988236862745,0.11937271115878831,0.07262981670162028,0.11969767511148394,0.0994575371565071,-0.0003249639526956283,0.014398649332333174,-0.026827720454886822,1.0172853126832266
57,1.9,0.1395629793405532,0.1255854018733918,0.1255854018733918,0.1863807214381044,0.12476014141858771,-0.14180202821489823,0.0008252604548040776,0.01480283792196549,0.32818274965300265,-0.7155517647655598
58,1.9333333333333333,0.0284280069172382,0.10202134556241586,0.11402031481021749,-0.3469526118952289,0.11556017930005653,0.2735694494701526,-0.0015398644898390462,-0.08713217238281834,-0.6205220613653815,1.4469479338499251
59,1.9666666666666666,0.0985030829906463,0.10116804420130597,0.10116804420130597,-0.38556811826734555,0.10382114347066752,0.5343502731941374,-0.002653099269361553,-0.005318060480021217,-0.919918391461483,3.55716755100434
60,2.0,0.1004328057169914,0.10098972322991513,0.10098972322991513,-0.005349629141725154,0.10210920184741717,0.27948975070147386,-0.0011194786175020427,-0.001676396130425778,-0.284839379843199,2.3800067891330974
61,2.033333333333333,0.0947938784956932,0.09948701482282829,0.09948701482282829,-0.045081252212605255,0.10024611417483704,0.1810404034763159,-0.0007590993520087547,-0.005452235679143838,-0.22612165568892115,1.4531882602697237
62,2.0666666666666664,0.0433809384703636,0.08587933479853327,0.08587933479853327,-0.40823040072885064,0.08840194796232892,0.5004176572186985,-0.0025226131637956506,-0.045021009491965316,-0.9086480579475491,3.231498961312573
63,2.1,-0.0958868414163589,0.04179469858848003,0.05449387699646047,-0.941563734062184,0.05627462859474845,-0.26200214683403894,-0.0017807515982879787,-0.15216147001110736,-0.6795615872281451,-6.18807629875533
64,2.1333333333333333,-0.0854835733771324,0.010925279239444235,0.010925279239444231,-1.3070579327104872,0.012469279619476812,-0.7511014265927158,-0.0015440003800325803,-0.09795285299660922,-0.5559565061177714,-12.488469578826981
65,2.1666666666666665,-0.256254494190216,-0.05387513280424601,-0.05042109629534979,-1.8403912660438206,-0.04312423302138717,-0.6712215169036782,-0.007296863273962624,-0.21313026116882883,-1.1691697491401425,-17.662856933270756
66,2.2,-0.3075406849384308,-0.11539787492122314,-0.11539787492122314,-1.9493033587762,-0.10675366367828547,-1.6355316788277967,-0.008644211242937669,-0.2007870212601453,-0.3137716799484034,-30.970337167823594
67,2.2333333333333334,-0.3389959037303924,-0.1696281941291464,-0.1696281941291464,-1.626909576237698,-0.16207600011030623,-0.638680371842492,-0.007552194018840164,-0.17691990362008617,-0.9882292043952059,-17.21378913142639
68,2.2666666666666666,-0.2961584627628326,-0.20031619658611483,-0.2060807355592919,-1.0935762429043647,-0.20489639799253861,-0.7997695982487731,-0.0011843375667532907,-0.09126206477029397,-0.2938066446555916,-12.459268675833343
69,2.3,-0.3594942986965179,-0.238922437143476,-0.238922437143476,-0.9852510475255227,-0.23721277571470464,-0.2717574339052482,-0.001709661428771353,-0.12228152298181325,-0.7134936136202745,-6.300334999450712
70,2.3333333333333335,-0.2136500924825668,-0.23279301227603477,-0.2539863609498823,-0.4519177141921894,-0.2515315584168399,0.4049689017413811,-0.0024548025330424217,0.03788146593427308,-0.8568866159335705,2.0598308831088827
71,2.3666666666666667,-0.0981472954154014,-0.20013673062534265,-0.25127250697851083,0.08141561914114392,-0.2507940247805079,0.13851961369641685,-0.00047848219800294967,0.15264672936510648,-0.05710399455527293,1.3656170128120806
72,2.4,-0.1515413969755172,-0.18835066761807565,-0.23078087522936158,0.6147489524744773,-0.23370269438332997,-0.5138450201815452,0.0029218191539683858,0.08216129740781278,1.1285939726560223,-2.739963877981966
73,2.433333333333333,-0.2637470960617065,-0.20663693070997896,-0.20663693070997896,0.7243183355814786,-0.20906409377618734,-0.12441082848132079,0.002427163066208382,-0.054683002285519144,0.8487291640627994,1.741439493082967
74,2.466666666666667,-0.5281577110290527,-0.2846169318823727,-0.20027076396837412,0.1909850022481453,-0.20189732878878164,-0.30885667549050033,0.0016265648204075167,-0.3262603822402711,0.49984167773864563,-2.011299052049921
75,2.5,-0.0681991353631019,-0.23212806939095992,-0.21168237500454706,-0.34234833108518803,-0.2105026699915968,0.18405213891850947,-0.001179705012950255,0.1423035346284949,-0.5264004700036975,0.6900914620735388
76,2.533333333333333,-0.1186522245407104,-0.2046062199301589,-0.20531620826294222,0.1909850022481453,-0.20590864789626903,-0.09044420607101256,0.0005924396333268078,0.08725642335555864,0.28142920831915785,-0.29626139006951224
77,2.5666666666666664,-0.1677699536085128,-0.1956721408075033,-0.1956721408075033,0.28932202366316745,-0.19742991377238922,-0.34226624904975855,0.001757772964885912,0.029659960163876425,0.6315882727129261,-2.165903432837208
78,2.6,0.0103919832035899,-0.14569440494848124,-0.1682502955742866,0.8226553569965007,-0.1704308992385211,-0.0026150183328172982,0.002180603664234476,0.18082288244211098,0.825270375329318,3.143001466360454
79,2.6333333333333333,-0.1436159908771515,-0.14519031705855334,-0.14519031705855334,0.6917993554719981,-0.14775174252429735,-0.2255168479283658,0.002561425465744005,0.004135751647145858,0.9173162034003639,0.5779647236828434
80,2.6666666666666665,0.011103494092822,-0.10728361763860575,-0.10728361763860575,1.1372009825984277,-0.10846360314953313,0.6314957615884846,0.0011799855109273782,0.11956709724235513,0.5057052210099431,10.440014022862947
81,2.7,0.109927624464035,-0.05460231692450634,-0.05460231692450634,1.5804390214229824,-0.05934536317482269,0.4885821066204461,0.004743046250316352,0.1692729876388577,1.0918569148025363,12.645981170810348
82,2.7333333333333334,0.0625172778964042,-0.02619673103241749,-0.019698793988184707,1.047105688089649,-0.0210524625022341,0.5801420974492544,0.0013536685140493922,0.08356974039863829,0.4669635906403946,9.849063129246407
83,2.7666666666666666,0.0659094601869583,-0.0038577677711817276,-0.0025730488296408505,0.5137723547563157,-0.004957597401725029,-0.34322934910670244,0.002384548572084179,0.07086705758868334,0.8570017038630181,-1.281378248658949
84,2.8,0.1396144032478332,0.03093923680552353,0.03093923680552353,1.0053685690549314,0.029347361115960226,0.3743668984121843,0.0015918756895633053,0.11026704213187297,0.6310016706427471,7.481110621994197
85,2.8333333333333335,0.160184845328331,0.06228580387385858,0.06228580387385858,0.9403970120500516,0.060457902023225804,0.20953704530525896,0.0018279018506327793,0.09972694330510519,0.7308599667447926,5.584335569601982
86,2.8666666666666667,0.1345761269330978,0.07981872809517299,0.07981872809517299,0.525987726639432,0.07687846774573057,-0.5060373880886881,0.0029402603494424195,0.057697659187367245,1.0320251147281203,-2.74655243443929
87,2.9,0.109826311469078,0.08709661347588037,0.08709661347588037,0.21833656142122138,0.08481408776387449,-0.4921196607436358,0.0022825257120058784,0.025012223705203507,0.7104562221648572,-3.6133709370567226
88,2.933333333333333,0.1012248396873474,0.09052320100605714,0.09052320100605714,0.10279762590530317,0.0890008465239557,-0.3514153195665256,0.0015223544821014318,0.012223993163391692,0.4542129454718288,-2.7538614241346613
89,2.966666666666667,0.167362242937088,0.10915934817489982,0.10915934817489982,0.5590844150652805,0.1061607921933746,-0.5103045171466629,0.002998555981525222,0.061201450743713415,1.0693889322119434,-2.6992216355853325
90,3.0,0.0735044628381729,0.10051179513773587,0.11001771756596472,0.02575108173194718,0.10874779520558453,-0.3012065038765639,0.0012699223603801907,-0.03524333236741163,0.32695758560851107,-2.4778907843145968
91,3.033333333333333,0.108488842844963,0.10244650737917947,0.10244650737917947,-0.22713630560355746,0.10308860634823402,0.08105281236374956,-0.0006420989690545525,0.00540023649672898,-0.308189117967307,0.08459005776436672
92,3.0666666666666664,0.0244443099945783,0.08352825445175074,0.08352825445175074,-0.5675475878228619,0.08654211486748446,0.5419583508459171,-0.0030138604157337184,-0.062097804872906164,-1.1095059386687791,3.0634772661134333
93,3.1,0.0555692017078399,0.07674720918436388,0.07674720918436388,-0.20343135802160583,0.07900305421720899,0.49247905402237113,-0.002255845032845108,-0.023433852509369087,-0.695910412043977,3.66320842723206
94,3.1333333333333333,0.2407299280166626,0.11651873684147179,0.0877439416947548,0.3299019753117275,0.08695055474146887,-0.08550389601912178,0.0007933869532859295,0.15377937327519373,0.4154058713308493,0.14274120946119603
95,3.1666666666666665,0.1567939966917038,0.12628689181802663,0.11651845198292349,0.8632353086450608,0.11441693119531657,0.02150055014098773,0.0021015207876069197,0.04237706549638723,0.8417347585040731,3.4205107147955496
96,3.2,0.1029292419552803,0.12062184720761683,0.1275151844933144,0.3299019753117275,0.12536687829099732,-0.3856431355653269,0.0021483062023170685,-0.02243763633571702,0.7155451108770544,-2.2765603231590226
97,3.2333333333333334,0.0847562402486801,0.11192318682886625,0.12073413922592753,-0.20343135802160583,0.12098778846743856,0.0005242685975781064,-0.0002536492415110281,-0.03623154821875846,-0.20395562661918393,-0.5088527557781763
98,3.2666666666666666,0.0670114159584045,0.10103051624733395,0.10103051624733395,-0.5911086893578076,0.10399043140459084,0.5186939825849235,-0.0029599151572568955,-0.03697901544618634,-1.109802671942731,2.7957631809804866
99,3.3,0.0512281507253646,0.08895170591993576,0.08895170591993576,-0.3623643098219456,0.09202086817944634,0.6425783129227702,-0.00306916225951058,-0.04079271745408174,-1.0049426227447158,4.529510594217083
100,3.3333333333333335,-0.2560707032680511,0.005271740207358058,0.05909511781475979,-0.895697643155279,0.06099069960178891,-0.20538988582305523,-0.0018955817870291228,-0.31706140286984,-0.6903077573322238,-5.53661224463467
101,3.3666666666666667,0.0055078668519854,0.0053290091527948055,0.011460751931806047,-1.4290309764886122,0.014586468467674165,-0.6226860728616452,-0.003125716535868118,-0.009078601615688766,-0.806344903626967,-12.565518791065625
102,3.4,-0.2461213618516922,-0.05565647429331361,-0.05395139172892547,-1.9623643098219454,-0.045911746262942005,-1.2597857676739408,-0.008039645465983465,-0.2002096155887502,-0.7025785421480046,-25.785043593900383
103,3.433333333333333,-0.0336574800312519,-0.0503209510445686,-0.10158575761187921,-1.4290309764886122,-0.09598210235041832,-0.44153636928377926,-0.005603655261460894,0.06232462231916642,-0.987494607204833,-12.674208613212347
104,3.466666666666667,-0.3666870892047882,-0.12705077174280505,-0.13144234571705518,-0.8956976431552789,-0.12966543208411643,-0.3422912609572002,-0.001776913632938748,-0.23702165712067177,-0.5534063821980787,-7.1120010962171865
105,3.5,-0.5041006207466125,-0.2184985084588867,-0.17907671160000893,-1.4290309764886122,-0.1759988546616125,-0.62618484860045,-0.003077856938396434,-0.3281017660850001,-0.8028461278881622,-12.563419525622333
106,3.533333333333333,-0.4906125664710998,-0.2844956565802592,-0.24448885526074043,-1.9623643098219454,-0.2364567528834889,-1.2549477866251724,-0.008032102377251521,-0.25415581358761086,-0.7074165231967731,-25.71827945542738
107,3.5666666666666664,-0.4690168797969818,-0.3292484877611617,-0.3111555219274071,-2.0,-0.3021903173860649,-1.888027740309118,-0.008965204541342198,-0.16682656241091692,-0.11197225969088209,-34.454782816265826
108,3.6,-0.5688895583152771,-0.3873698040388176,-0.37782218859407374,-2.0,-0.36870991903773903,-1.9823521982008958,-0.009112269556334707,-0.20017963927753807,-0.01764780179910419,-35.75646033517236
109,3.6333333333333333,0.0412668250501155,-0.2834104742383761,-0.4267110774829626,-1.4666666666666668,-0.4202010658572626,-0.3713325919355641,-0.0065100116257000296,0.46146789090737805,-1.0953340747311027,-12.716330879621289
110,3.6666666666666665,0.0339807271957397,-0.2064320399506203,-0.4578221885940737,-0.9333333333333335,-0.4562029344137516,-0.4619263432134392,-0.001619254180322105,0.4901836616094913,-0.4714069901198943,-8.48869855203134
111,3.6999999999999997,0.1335892379283905,-0.123965022977935,-0.47115552192740706,-0.40000000000000013,-0.46919987436119004,0.2798351843706752,-0.0019556475662170225,0.6027891122895805,-0.6798351843706754,1.0593975604941068
112,3.7333333333333334,0.0628230199217796,-0.0786624089762708,-0.46671107748296264,0.1333333333333332,-0.46674154100973503,0.025527301061006515,3.0463526772384064e-05,0.5295645609315146,0.10780603227232669,0.524098352733352
113,3.7666666666666666,0.0732596218585968,-0.041816018734064084,-0.44448885526074045,0.6666666666666665,-0.4472278974172278,-0.38885524838002916,0.002739042156487348,0.5204875192758246,1.0555219150466957,-1.3016474778361684
114,3.8,0.1094240844249725,-0.005135019733157602,-0.40448885526074047,1.1999999999999997,-0.40546826360612476,0.7590232531623835,0.0009794083453842917,0.5148923480310973,0.44097674683761623,11.907533164280938
115,3.8333333333333335,-0.1928629428148269,-0.05066558745407442,-0.3467110774829627,1.733333333333333,-0.3532978730504655,0.3377699602676796,0.006586795567502801,0.1604349302356386,1.3955633730656534,12.736468458621989
116,3.8666666666666667,0.1614181101322174,0.0007721049091134677,-0.28004441081629605,2.0,-0.28878182243653655,1.7419260736714786,0.008737411620240498,0.45019993256875396,0.25807392632852144,32.438579816666405
117,3.9,0.1672284305095672,0.04114356846613226,-0.2133777441496294,2.0,-0.22245411156079048,1.959325305089528,0.00907636741116108,0.3896825420703577,0.04067469491047193,35.43868921023549
118,3.933333333333333,0.1533487141132354,0.0683572290588521,-0.14671107748296275,2.0,-0.1558408672742146,1.9935893143891088,0.009129789791251841,0.30918958138745,0.006410685610891198,35.9115325385697
119,3.966666666666667,0.0313758961856365,0.05938796623873771,-0.08004441081629608,2.0,-0.08918262043919266,1.9989896202026327,0.009138209622896576,0.12055851662482917,0.001010379797367289,35.98605675879633
120,4.0,0.1495031416416168,0.08124403873455983,-0.013377744149629417,2.0,-0.022517280811209132,1.9998407553580246,0.009139536661579715,0.17202042245282592,0.0001592446419753646,35.99780242394074
121,4.033333333333333,0.1261451542377472,0.09213412501795835,0.05328892251703725,2.0,0.044149176702621605,1.9999749016596886,0.009139745814415644,0.08199597753512558,2.5098340311391354e-05,35.9996536429037
122,4.066666666666666,0.049674142152071,0.08183609852531336,0.10217781140592613,1.4666666666666668,0.09565671843610424,0.370522490304644,0.006521092969821896,-0.04598257628403324,1.0961441763620228,12.716816940599827
123,4.1,-0.0291562173515558,0.054916591445193556,0.13328892251703725,0.9333333333333335,0.1316701871792019,0.4625249052325285,0.001618735337835353,-0.1608264045307577,0.470808428100805,8.495586488189247
124,4.133333333333333,0.1200471296906471,0.0707130181759911,0.1466222558503706,0.40000000000000013,0.14466735229824923,-0.27959929197530287,0.0019549035521213565,-0.024620222607602132,0.679599291975303,-1.0571928995699298
125,4.166666666666667,0.0728928372263908,0.07124170030949764,0.14217781140592614,-0.1333333333333332,0.1422086732776519,-0.02541868918002125,-3.086187172576804e-05,-0.06931583605126111,-0.10791464415331195,-0.5231359721007003
126,4.2,0.1699610948562622,0.0951845959906264,0.11995558918370393,-0.6666666666666665,0.12269461268917892,0.3888337316617534,-0.0027390235054749884,0.04726648216708329,-1.05550039832842,1.3013998747857305
127,4.233333333333333,0.0307546202093362,0.07955808008712462,0.07995558918370393,-1.1999999999999997,0.08093499840235213,-0.7590222457225372,-0.0009794092186481973,-0.050180378193015934,-0.44097775427746255,-11.907521571194305
128,4.266666666666667,0.1124744638800621,0.08754145100398089,0.05773336696148172,-0.6666666666666664,0.06042797828564867,0.3375976714029165,-0.0026946113241669498,0.05204648559441343,-1.004264338069583,0.7118023046247977
129,4.3,0.1057206317782402,0.09195053627891421,0.053288922517037283,-0.13333333333333308,0.0548886829441021,0.3371418883252013,-0.0015997604270648197,0.0508319488341381,-0.4704752216585344,2.4633987859807625
130,4.333333333333333,0.0699502825736999,0.08661470757128589,0.06662225585037063,0.40000000000000024,0.06515980757237018,-0.23252182077017924,0.0014624482780004472,0.0047904750013297165,0.6325218207701795,-0.9422573696058532
131,4.366666666666666,0.1167843863368034,0.09393190673698545,0.09393190673698545,0.8192895265984449,0.09172717101616093,-0.024887931410563557,0.0022047357208245244,0.025057215320642465,0.8441774580090085,2.8866965247879826
132,4.4,0.0596781745553016,0.08562418220037606,0.1034637798458225,0.28595619326511157,0.10148023831498253,-0.36144273410486183,0.0019835415308399745,-0.04180206375968093,0.6473989273699734,-2.193493403442864
133,4.433333333333334,-0.2552351653575897,0.0029539041057110443,0.09521787517688178,-0.24737714006822176,0.09576432504728165,0.05854077096286536,-0.0005464498703998677,-0.3509994904048714,-0.3059179110310871,-0.12994183006594692
134,4.466666666666667,-0.2037651985883712,-0.0471826869240925,0.06919419273016328,-0.7807104734015551,0.07155992748818679,0.14681542091620992,-0.0023657347580235133,-0.275325126076558,-0.927525894317765,-1.483619254888949
135,4.5,-0.2056827992200851,-0.08562449130886746,0.025392732505666996,-1.3140438067348885,0.02726059882374831,-0.7266930184221188,-0.001867866318081314,-0.2329433980438334,-0.5873507883127698,-12.50311462372934
136,4.533333333333333,-0.2764106392860412,-0.13189678521214865,-0.03618650549660706,-1.8473771400682217,-0.028810334030739723,-0.7285119425385642,-0.007376171465867339,-0.24760030525530147,-1.1188651975296575,-18.453464807032187
137,4.566666666666666,-0.3429161012172699,-0.1830763279252107,-0.10285317216327372,-2.0,-0.09399134803731275,-1.8217216807887642,-0.008861824125960968,-0.24892475317995716,-0.17827831921123583,-33.539759194884944
138,4.6,-0.500207781791687,-0.2599917643699999,-0.16951983882994037,-2.0,-0.16042386292602986,-1.9719017866460529,-0.009095975903910508,-0.3397839188656572,-0.028098213353947132,-35.61224465571553
139,4.633333333333333,-0.4792442321777344,-0.313168133498397,-0.23618650549660702,-2.0,-0.22705362523638925,-1.9955714772431268,-0.009132880260217774,-0.2521906069413451,-0.004428522756873221,-35.93888638595515
140,4.666666666666667,-0.5270070433616638,-0.36503152604581707,-0.3028531721632737,-2.0,-0.2937144754555944,-1.9993020263046195,-0.00913869670767925,-0.2332925679060694,-0.0006979736953804938,-35.99036796300375
141,4.7,-0.301300436258316,-0.3495745143670841,-0.35174206105216255,-1.4666666666666668,-0.34522139119354933,-0.37055342184836637,-0.006520669858613215,0.04392095493523335,-1.0961132448183004,-12.716798381673595
142,4.733333333333333,-0.1639959663152694,-0.3045652450430598,-0.38285317216327364,-0.9333333333333335,-0.3812344170148386,-0.46250205075778456,-0.0016187551484350138,0.21723845069956924,-0.4708312825755489,-8.495323490942635
143,4.766666666666667,-0.3769492208957672,-0.3221208833326133,-0.396186505496607,-0.40000000000000013,-0.39423157353631605,0.27960829888957695,-0.001954931960290951,0.017282352640548837,-0.6796082988895771,1.057277078595348
144,4.8,-0.2203750163316726,-0.29744396254340083,-0.3917420610521626,0.1333333333333332,-0.39177290771416173,0.02542283623147394,3.084666199915098e-05,0.17139789138248912,0.10791049710185925,0.5231727180069907
145,4.833333333333333,-0.2933846414089203,-0.2964594356132541,-0.3695198388299404,0.6666666666666665,-0.3722588630475539,-0.38883455321955096,0.002739024217613517,0.07887422163863361,1.0555012198862175,-1.3014093288397508
146,4.866666666666666,-0.449033111333847,-0.333463872464151,-0.333463872464151,1.081678990973682,-0.3348055246906151,0.5368212327284778,0.0013416522264640962,-0.1142275866432319,0.5448577582452041,9.350549456500943
147,4.9,-0.0474752821028232,-0.2641016664209338,-0.2796301283205838,1.6150123243070151,-0.2848735866888606,0.44837585116650525,0.005243458368276777,0.2373983045860374,1.1666364731405099,12.670104924082711
148,4.933333333333334,0.0097789214923977,-0.1976760731968106,-0.21296346165391716,2.0,-0.2214891516503666,1.6061322046192825,0.008525689996449426,0.2312680731427643,0.3938677953807175,30.5646244237461
149,4.966666666666667,0.0152665385976433,-0.1460300641864281,-0.1462967949872505,2.0,-0.15533979322944452,1.9379230105106484,0.009042998242194011,0.17060633182708781,0.062076989489351586,35.14333754504695
150,5.0,0.0851096957921981,-0.089970612177656,-0.089970612177656,1.6897854842878353,-0.0978400477367992,0.8999694591174396,0.007869435559143198,0.1829497435289973,0.7898160251703956,20.819578535820668
151,5.033333333333333,0.1109046414494514,-0.04125135833097871,-0.04125135833097871,1.4615776154003188,-0.04719606604943397,0.4131925161127967,0.005944707718455261,0.15810070749888538,1.048385099287522,12.691214925114926
152,5.066666666666666,0.0974601432681083,-0.007608982100780155,-0.007608982100780155,1.0092712869059568,-0.009022218377103021,0.5739990407366957,0.0014132362763228656,0.10648236164521133,0.4352722461692611,9.778372071175431
153,5.1,0.1297896802425384,0.025714984829085172,0.025714984829085172,0.9997190078959598,0.024060334786920812,0.31129158408136354,0.0016546500421643594,0.10572934545561759,0.6884274238145962,6.755273157546009
154,5.133333333333333,0.1809699088335037,0.06336971788823556,0.06336971788823556,1.1296419917745117,0.06212413395061307,0.5683206098845783,0.001245583937622488,0.11884577488289062,0.5613213818899334,9.713027682558863
155,5.166666666666667,0.2032726109027862,0.09730104808241254,0.09730104808241254,1.0179399058253094,0.09569433212950988,0.3364537469456236,0.0016067159529026542,0.10757827877327632,0.6814861588796858,7.044826062469113
156,5.2,0.1933816224336624,0.12060393784623863,0.12060393784623863,0.6990866929147828,0.11803795262024512,-0.2428302969430668,0.0025659852259935084,0.07534366981341727,0.9419169898578496,0.3787306799526269
157,5.233333333333333,0.2327929437160492,0.1478136839801451,0.1478136839801451,0.8162923840171943,0.14565144141403746,0.029091450374005068,0.0021622425661076417,0.08714150230201173,0.7872009336431892,3.5078627928068338
158,5.266666666666667,0.2475318610668182,0.17199881925634994,0.17199881925634994,0.725554058286145,0.1695398750569803,-0.16311895171210566,0.0024589441993696504,0.07799198600983792,0.8886730099982507,1.2960068175988255
159,5.3,0.198566734790802,0.1784424652392585,0.1784424652392585,0.19330937948725668,0.17675571747762503,-0.3264037098325583,0.001686747761633467,0.021811017313176972,0.519713089319815,-2.167572516266098
160,5.333333333333333,0.2185834944248199,0.18817806459879224,0.18817806459879224,0.2920679807860124,0.1859389538077655,-0.4638303491079827,0.0022391107910267327,0.03264454061705438,0.7558983298939952,-3.20579246247573
161,5.366666666666666,0.212222158908844,0.19400959592509187,0.19400959592509187,0.1749459397889888,0.19214076237048502,-0.41246360905016743,0.0018688335546068469,0.02008139653835897,0.5874095488391562,-3.0812080049983925
162,5.4,0.2453671991825103,0.2064656056369694,0.2064656056369694,0.3736802913563256,0.20366270925519803,-0.5831509039729401,0.0028028963817713637,0.041704489927312266,0.9568311953292656,-4.033261852893611
163,5.433333333333334,0.2546380758285522,0.21814910950968588,0.21814910950968588,0.3505051161814948,0.2151046459793429,-0.6498494189025312,0.003044463530342989,0.039533429849209295,1.0003545350840262,-4.6585462966809335
164,5.466666666666667,0.2146669626235962,0.2173045674617652,0.2173045674617652,-0.025336261437620133,0.2161486578046215,-0.302514535160328,0.001155909657143711,-0.001481695181025311,0.27717827372270787,-2.67097149427405
165,5.5,0.2203213721513748,0.2180362477998111,0.2180362477998111,0.021950410141376442,0.21736885424557362,-0.1672700248411036,0.0006673935542374776,0.002952517905801172,0.18922043498248003,-1.4014466724220127
166,5.533333333333333,0.1400712579488754,0.1991270189967826,0.2009901503600792,-0.5113829231919569,0.20341159699242328,0.43454119333004493,-0.0024214466323440875,-0.06334033904354788,-0.9459241165220018,2.375312633311659
167,5.566666666666666,0.1879938691854477,0.19642684193675314,0.19642684193675314,-0.1368992526997817,0.1980965475847819,0.36858361756693947,-0.001669705648028763,-0.010102678399334208,-0.5054828702667211,2.7800393319475294
168,5.6,0.1653287708759308,0.1888844752649146,0.1888844752649146,-0.22627100015515655,0.19081416745629565,0.41255769633750794,-0.0019296921913810605,-0.02548539658036486,-0.6388286964926645,2.9553191922563133
169,5.633333333333333,0.116983063519001,0.1714458755990426,0.1714458755990426,-0.5231579899761599,0.17453534925996297,0.5557701167237308,-0.0030894736609203832,-0.05755228574096198,-1.0789281066998906,3.2224157863675567
170,5.666666666666667,0.0469302721321582,0.14124649969962755,0.14124649969962755,-0.9059812769824513,0.1431096468519207,-0.22579917199418426,-0.0018631471522931597,-0.09617937471976251,-0.680182104988267,-5.771471550257047
171,5.7,0.0280401669442653,0.11379001632015548,0.11379001632015548,-0.8236945013841621,0.11596250486295655,-0.005028261176079796,-0.002172488542801068,-0.08792233791869125,-0.8186662402080823,-3.2309562974645725
172,5.733333333333333,0.1028166115283966,0.11112858299793812,0.10411131071846119,-0.2903611680508288,0.10607996153462294,0.35391106095443936,-0.0019686508161617516,-0.003263350006226337,-0.6442722290052681,2.1087570790200587
173,5.766666666666667,0.0704252794384956,0.10125661249532943,0.10125661249532943,-0.08564094669395297,0.10247772869107225,0.27402066916957013,-0.001221116195742819,-0.03205244925257665,-0.3596616158635231,2.1077622416448456
174,5.8,0.0981994047760963,0.10051513301368142,0.10051513301368142,-0.022244384449440074,0.10116619688719378,0.1589443664955088,-0.0006510638735123531,-0.0029667921110974743,-0.18118875094494888,1.3138527653443726
175,5.833333333333333,0.0965824723243713,0.09956132565834129,0.09956132565834129,-0.028614220660204,0.10001172968321047,0.10637635526765366,-0.00045040402486917763,-0.0034292573588391717,-0.13499057592785765,0.8468606961413252
176,5.866666666666666,0.1849806457757949,0.12027848949544633,0.11638529608077894,0.5047191126731293,0.1138917522101287,-0.45658247469588065,0.0024935438706502333,0.0710888935656662,0.96130158736901,-2.5879034748449485
177,5.9,0.2955392599105835,0.16278533794513037,0.15098704428099435,1.0380524460064626,0.1495003344816903,0.44163302891348216,0.0014867097993040423,0.14603892542889318,0.5964194170929804,8.255173789562836
178,5.933333333333334,0.2925402522087097,0.1942554294159102,0.1942554294159102,1.2980515540474755,0.19294339077201436,0.7690029474960084,0.001312038643895841,0.09959686143669536,0.5290486065514671,12.477728666285001
179,5.966666666666667,0.2573648393154144,0.20956166204282967,0.21974603677304827,0.7647182207141422,0.2173671871216725,-0.1354945872523763,0.002378849651375775,0.03999765219374188,0.9002128079665185,1.6138934404268814
180,6.0,0.2962021827697754,0.2305750096129594,0.2305750096129594,0.324869185197334,0.22823091532910364,-0.4465364304542234,0.0023440942838557632,0.06797126744067175,0.7714056156515574,-2.8489672794670216
181,6.033333333333333,0.2931818962097168,0.24575936281516964,0.24575936281516964,0.45553059606630697,0.2424822488454748,-0.6603869961462969,0.0032771139696948226,0.050699647364241984,1.115917592212604,-4.426291681464798
182,6.066666666666666,0.3072977066040039,0.2606845571246579,0.2606845571246579,0.4477558292846473,0.25742732564812104,-0.6245902976815625,0.003257231476536837,0.049870380955882865,1.0723461269662098,-4.014362147305311
183,6.1,0.4041626751422882,0.29548300405590877,0.2933875292119239,0.9810891626179806,0.2917621815607101,0.37590958437603456,0.0016253476512138043,0.11240049358157811,0.605179578241946,7.4988630387727895
184,6.133333333333333,0.2214771211147308,0.27753399673890106,0.30831272352141215,0.4477558292846473,0.3060084471946622,-0.35989943468327534,0.0023042763267499544,-0.08453132607993138,0.8076552639679226,-1.6521629566532545
185,6.166666666666667,0.3007252812385559,0.2831586919473343,0.3054601400531226,-0.08557750404868603,0.305081624830617,-0.1133290954991717,0.0003785152225055932,-0.004356343592061107,0.02775159145048567,-1.1552107207859585
186,6.2,0.2384162843227386,0.2723070978588924,0.2848297788070553,-0.6189108373820194,0.2877341756556041,0.5006294592634082,-0.002904396848548818,-0.049317891332865516,-1.1195402966454275,2.5878861700886473
187,6.233333333333333,0.1471921950578689,0.24196237097242015,0.2464216397832102,-1.1522441707153526,0.24753951180566253,-0.6782718298126038,-0.0011178720224523375,-0.10034731674779362,-0.47397234090274876,-10.9782883559654
188,6.266666666666667,0.2224469780921936,0.23722920766593164,0.22579127853714287,-0.6189108373820192,0.22858599590717624,0.40619309052718666,-0.002794717370033367,-0.0061390178149826335,-1.025103927909206,1.5274527158880238
189,6.3,0.2018781453371048,0.2286553423029788,0.22293869506885333,-0.08557750404868592,0.22437658916482683,0.3172032465975426,-0.001437894095973502,-0.022498443827722037,-0.40278075064622854,2.435287996596701
190,6.333333333333333,0.2306853383779525,0.2291476871403772,0.2291476871403772,0.186269762145716,0.22877375677463765,-0.02907483049544518,0.0003739303657395443,0.001911581603314838,0.21534459264116118,0.2473354990770458
191,6.366666666666666,0.1310493350028991,0.20535541590024478,0.21757890143412328,-0.3470635711876173,0.21932838149561776,0.32836209185527954,-0.0017494800614944739,-0.08827904649271867,-0.6754256630428969,1.9241185793173627
192,6.4,-0.4341101348400116,0.05026272065689358,0.1882323379500916,-0.8803969045209507,0.1902365525539872,-0.10537283218689453,-0.0020042146038956044,-0.6243466873939988,-0.7750240723340561,-4.385668719690932
193,6.433333333333334,-0.3816729485988617,-0.0544967414268214,0.1411079966882821,-1.413730237854284,0.14408491883714336,-0.6351673570091485,-0.0029769221488612496,-0.525757867436005,-0.7785628808451355,-12.558030020577126
194,6.466666666666667,0.0475517362356185,-0.029746426999676497,0.07620587764869487,-1.9470635711876172,0.08416016666307279,-1.190970260888471,-0.007954289014377919,-0.036608430427454285,-0.7560933102991463,-24.835389600260896
195,6.5,0.1008932590484619,0.0019382524822693613,0.009539210982028201,-2.0,0.018492151460743567,-1.8801618242795077,-0.008952940478715365,0.08240110758771833,-0.11983817572049227,-34.34623317505721
196,6.533333333333333,-0.0536321960389614,-0.011539519114750327,-0.03934967790686069,-1.4666666666666668,-0.03290392467953928,-0.37603020196863235,-0.00644575322732141,-0.020728271359422117,-1.0906364646980344,-12.713512313601427
197,6.566666666666666,-0.3241969347000122,-0.08736984525945812,-0.08736984525945812,-1.440605020577923,-0.08226332175211439,-0.4766661088436036,-0.005106523507343738,-0.24193361294789784,-0.9639389117343194,-12.653130769476444
198,6.6,-0.8190962672233582,-0.26483901905901974,-0.15316779038983333,-1.9739383539112563,-0.14476912516844315,-1.5006964099594517,-0.008398665221390184,-0.6743271420549151,-0.4732419439518045,-29.109610457440436
199,6.633333333333333,-0.4537926316261291,-0.31066685922191295,-0.2198344570565,-2.0,-0.21081147902341857,-1.9250824625970535,-0.009022978033081441,-0.24298115260271053,-0.07491753740294649,-34.96613798383934
200,6.666666666666667,-0.5118935108184814,-0.3594713393299951,-0.28650112372316666,-2.0,-0.27737974856215564,-1.9881923446484497,-0.009121375161011025,-0.2345137622563258,-0.011807655351550261,-35.837054356148606
201,6.7,-0.61708003282547,-0.42195043073074534,-0.3531677903898333,-2.0,-0.3440309069858334,-1.9981390108413313,-0.00913688340399993,-0.2730491258396366,-0.0018609891586687244,-35.97431834961037
202,6.733333333333333,-0.4873854219913482,-0.4378206979344813,-0.41983445705649997,-2.0,-0.4106951294185507,-1.9997066919260795,-0.00913932763794928,-0.07669029257279752,-0.000293308073920473,-35.9959523485799
203,6.766666666666667,-0.622205376625061,-0.48254041230626765,-0.48254041230626765,-1.8811786574930307,-0.4738814379592217,-1.582357024880525,-0.008658974347045933,-0.14832393866583932,-0.2988216326125057,-30.236526943351244
204,6.8,-0.3965756893157959,-0.46169096925338327,-0.5274685897782576,-1.3478453241596973,-0.5226371255198564,-0.5064964611983122,-0.004831464258401197,0.12606143620406052,-0.8413488629613851,-12.635232558063699
205,6.833333333333333,-0.4848130643367767,-0.4672988836156272,-0.5546189894724698,-0.8145119908263639,-0.5525573687646353,-0.1481184667758796,-0.002061620707834444,0.06774430442785867,-0.6663935240504844,-4.877562947337106
206,6.866666666666666,-0.6905569434165955,-0.5214467484837975,-0.5639916113889042,-0.2811786574930306,-0.5622472981016232,0.2886427664134583,-0.0017443132872809741,-0.12830964531497224,-0.5698214239064889,1.5286598629077561
207,6.8999999999999995,-0.5756798386573792,-0.5346001640456829,-0.5555864555275608,0.2521546758403027,-0.5562832295288092,-0.09715590921480394,0.0006967740012483459,-0.019396609128569997,0.34931058505510665,-0.19752293731752446
208,6.933333333333334,-0.5994940996170044,-0.5503392063772888,-0.5503392063772888,0.15741747450815913,-0.5514200524771594,-0.2147729670989974,0.0010808460998705804,-0.04807404713984498,0.37219044160715653,-1.412748375085581
209,6.966666666666667,-0.5470765233039856,-0.5495478919570238,-0.5495478919570238,0.023739432607950972,-0.5501159705154507,-0.13452379496193967,0.0005680785584268877,0.003039447211465096,0.15826322756989064,-1.0892254068122802
210,7.0,-0.3498779535293579,-0.5011209690774843,-0.530978799758981,0.5570727659412843,-0.5340281948604148,-0.5656277865275869,0.0030493951014337606,0.18415024133105684,1.1227005524688711,-3.3358526535747828
211,7.033333333333333,-0.4963868260383606,-0.49997277430334003,-0.49997277430334003,0.9301807636692289,-0.5017637105865609,0.26907976601529576,0.0017909362832208564,0.005376884548200289,0.661100997653933,6.269521809021164
212,7.066666666666666,-0.4932692945003509,-0.49834694669002855,-0.48674452662547685,0.39684743033589553,-0.4889239266645979,-0.3527881680227358,0.0021794000391210377,-0.004345367835753011,0.7496355983586314,-1.7514858866299798
213,7.1,-0.4039552807807922,-0.47545367611833544,-0.47545367611833544,0.3387255152142421,-0.47806630562089153,-0.5348958492907374,0.0026126295025560853,0.07411102484009935,0.8736213645049795,-3.665600757865947
214,7.133333333333333,-0.5108526945114136,-0.48403917249917405,-0.4819406033889718,-0.19460781811909122,-0.4819848650825717,-0.0769062831938096,4.426169359988963e-05,-0.028867829428841862,-0.11770153492528163,-1.169828887497662
215,7.166666666666667,-0.4269316792488098,-0.4701886139561259,-0.4706497528818304,0.3387255152142421,-0.4725500216799575,-0.371185780449083,0.0019002687981271027,0.04561834243114771,0.7099112956633251,-2.3207909765798185
216,7.2,-0.4573515951633453,-0.4670751892514531,-0.4670751892514531,0.1072369089113201,-0.46841687395710635,-0.3001857853705533,0.0013416847056532677,0.011065278793761069,0.4074226942818734,-2.2870932131721
217,7.233333333333333,-0.3795514106750488,-0.4458476208522125,-0.4458476208522125,0.6368270519772168,-0.4486166247874073,-0.3740665886149255,0.0027690039351948026,0.06906521411235855,1.0108936405921423,-1.1314673777388404
218,7.266666666666667,-0.600620687007904,-0.483385486579891,-0.44239783023074974,0.10349371864388346,-0.44389189241351384,-0.32266851946772146,0.0014940621827640999,-0.1567287945943902,0.4261622381116049,-2.4253038765963115
219,7.3,-0.627723217010498,-0.5183924194973516,-0.45672581738706475,-0.42983961468944987,-0.4550678626332326,0.27101363761238173,-0.0016579547538321249,-0.17265535437726542,-0.7008532523018316,1.1915496110375043
220,7.333333333333333,-0.5215296149253845,-0.5191532987876832,-0.48883158232115753,-0.9631729480227832,-0.48707650353335014,-0.2558784157679846,-0.001755078787807396,-0.034453111392034386,-0.7072945322547985,-6.117607630035975
221,7.366666666666666,-0.5012932419776917,-0.514821612202449,-0.514821612202449,-0.7797008964387453,-0.5125093761245995,0.08342691515695788,-0.002312236077849583,0.011216134146907808,-0.8631278115957032,-2.2130607611831805
222,7.3999999999999995,-0.7944530844688416,-0.5826419954247458,-0.5585894198615183,-1.3130342297720787,-0.5567558385096961,-0.7293052345778372,-0.001833581351822211,-0.23769724595914543,-0.5837289951942415,-12.501547294035934
223,7.433333333333334,0.0103532718494534,-0.43881996441519133,-0.5845794497428098,-0.7797008964387454,-0.5822708892538673,0.07918657637642168,-0.002308560488942568,0.5926241611033207,-0.8588874728151671,-2.2618563443922097
224,7.466666666666667,-0.3491320312023163,-0.41706751304906525,-0.5927917018463236,-0.24636756310541208,-0.5909410394951381,0.3445717397386301,-0.0018506623511854725,0.24180900829282181,-0.5909393028440422,2.164738219974823
225,7.5,-0.2778168618679046,-0.38329437424420365,-0.5832261761720595,0.28696577022792125,-0.5840280708555368,-0.10853512446116192,0.0008018946834772445,0.30621120898763216,0.39550089468908317,-0.19128765589296426
226,7.533333333333333,-0.2505452334880829,-0.3510980784355049,-0.5558828727200177,0.8202991035612546,-0.5581154455441962,-0.058671989525963975,0.002232572824178547,0.30757021205611335,0.8789710930872185,2.497927394718518
227,7.566666666666666,-0.2358244657516479,-0.3231402075840078,-0.5107617914901981,1.3536324368945878,-0.5130742969747271,0.6900383878206097,0.0023125054845289927,0.27724983122307917,0.6635940490739781,12.525107402090295
228,7.6,-0.1454249173402786,-0.2800380524828491,-0.4478629324826007,1.886965770227921,-0.4554693543376666,0.9125931164472585,0.007606421855065937,0.31004443699738804,0.9743726537806625,20.993785006972168
229,7.633333333333333,-0.1640419214963913,-0.25190494574759986,-0.381196265815934,2.0,-0.39009437940541,1.8449969918707956,0.008898113589475953,0.22605245790901868,0.15500300812920442,33.86095848781698
230,7.666666666666667,-0.3830567002296448,-0.2837138196814152,-0.31452959914926737,2.0,-0.3236312945881884,1.9755701780665906,0.009101695438921031,-0.059425405641456375,0.024429821933409368,35.66286845731895
231,7.7,-0.4871583878993988,-0.33305622191249845,-0.2656407102603785,1.4666666666666668,-0.2721464572793952,0.3716443559951754,0.006505747019016683,-0.21501193062000362,1.0950223106714914,12.716143821185472
232,7.733333333333333,-0.0835663676261901,-0.2725462321369091,-0.23452959914926738,0.9333333333333335,-0.23614905300384492,0.46169598924563937,0.0016194538545775405,0.15258268537765482,0.4716373440876941,8.486047760010928
233,7.766666666666667,-0.0326575897634029,-0.21436487105982474,-0.21436487105982474,0.6049418426832792,-0.21721848694366697,-0.41894166653972476,0.0028536158838422254,0.18456089718026408,1.0238835092230039,-1.6478661166656987
234,7.8,-0.2951607406139374,-0.2339606869081869,-0.21197792074815988,0.07160850934994589,-0.21336638006331804,-0.309530546176103,0.0013884593151581581,-0.08179436055061934,0.3811390555260489,-2.4063511912028304
235,7.833333333333333,-0.2140841037034988,-0.22913992235273084,-0.2273687482142728,-0.46172482398338743,-0.2255058149661334,0.31107249244201174,-0.001862933248139409,0.011421711262634582,-0.7727973164253992,1.448435614930886
236,7.866666666666666,-0.0978076159954071,-0.19728725829302707,-0.22498179790260794,0.07160850934994589,-0.2246671197314005,0.0965991320694504,-0.0003146781712074498,0.1268595037359934,-0.0249906227195045,0.9903872164262562
237,7.8999999999999995,-0.3860450685024261,-0.24306760955623344,-0.24037262536872087,-0.46172482398338743,-0.23774160809399764,0.5103104626570965,-0.0026310172747232297,-0.14830346040842846,-0.9720352866404839,3.178525544274958
238,7.933333333333334,0.0123548926785588,-0.18111874577219256,-0.237985675057056,0.07160850934994589,-0.23730733246138003,0.19238503477128338,-0.0006783425956759792,0.24966222513993883,-0.12077652542133749,1.8274400794950392
239,7.966666666666667,-0.1597283035516739,-0.17593081761470694,-0.21782094696761337,0.6049418426832792,-0.2207129563416504,-0.5192898817825347,0.0028920093740370245,0.0609846527899765,1.124231724465814,-2.8485378732593087
240,8.0,0.0897197052836418,-0.1115013021522772,-0.17987844110039294,1.1382751760166125,-0.18103965958356766,0.6513696298981152,0.001161218483174714,0.2707593648672095,0.48690554611849735,10.668712022003806
241,8.033333333333333,-0.4590322077274322,-0.1957896657140334,-0.1597137130109503,0.6049418426832792,-0.1624711676935323,-0.4032914928736566,0.0027574546825819835,-0.29656104003389994,1.0082333355569357,-1.5458248192067527
242,8.066666666666666,0.0037077078595757,-0.1474045958292157,-0.1474045958292157,0.36927351545203824,-0.1503472544088357,-0.6010942238030852,0.0029426585796200055,0.1540549622684114,0.9703677392551234,-4.128337404251609
243,8.1,-0.2415317296981811,-0.17023370815648678,-0.15287325642525887,-0.1640598178812951,-0.15321607707370946,-0.1417025772190084,0.00034282064845059246,-0.08831565262447164,-0.022357240662286698,-1.6450218959505674
244,8.133333333333333,-0.0230951067060232,-0.13454746634584866,-0.14056413924352426,0.36927351545203824,-0.14275532901136426,-0.4345521051697572,0.002191189767839996,0.11966022230534105,0.8038256206217954,-2.7855752029075904
245,8.166666666666666,-0.2238125801086425,-0.15619736925093805,-0.14603279983956743,-0.1640598178812951,-0.146050312250817,-0.05846199670354322,1.751241124955949e-05,-0.0777622678578255,-0.10559782117775188,-0.9263637662516175
246,8.2,0.0125506212934851,-0.11527009703097646,-0.13372368265783283,0.36927351545203824,-0.1357620766701972,-0.39440545747702727,0.0020383940123643862,0.14831269796368232,0.7636789729290655,-2.4350950063615637
247,8.233333333333333,0.1004112064838409,-0.06295985977583532,-0.10363678769832044,0.9026068487853716,-0.10555947862864626,0.16268778905990622,0.001922690930325821,0.20597068511248717,0.7399190597254653,5.045219027335392
248,8.266666666666666,0.0514919236302375,-0.03520131118270524,-0.055772114961030274,1.435940182118705,-0.0589957383013126,0.6148044421378859,0.003223623340282325,0.1104876619315501,0.8211357399808191,12.57024776949987
249,8.3,0.0868942737579345,-0.0055888741658299025,-0.005588874165829906,1.5054972238560111,-0.010212760025747067,0.5051479788134884,0.004623885859917161,0.09710703378368157,1.0003492450425227,12.636041647494515
250,8.333333333333334,0.0386689640581607,0.005145194945253487,0.026816588851592688,0.9721638905226778,0.025227904712327227,0.43296859434221435,0.0015886841392654602,0.013441059345833471,0.5391952961804635,8.155468044346865
251,8.366666666666667,0.0177518166601657,0.008202740324227735,0.04144427409123751,0.4388305571893445,0.03925609632283647,-0.32878457585312637,0.0021881777684010367,-0.02150427966267077,0.7676151330424709,-1.3904275780843554
252,8.4,0.0016951346769928,0.006624419024132433,0.038294181553104545,-0.09450277614398883,0.0380193762763079,-0.08948291966757121,0.0002748052767966441,-0.0363242415993151,-0.005019856476417617,-0.9713663449116262
253,8.433333333333334,-0.2449360638856887,-0.054387770398798156,0.017366311237193805,-0.6278361094773222,0.020238527288143012,0.47826631322220536,-0.002872216050949207,-0.2651745911738317,-1.1061024226995275,2.3305428751429256
254,8.466666666666667,-0.0832157284021377,-0.061379555491715754,-0.021339336856494705,-1.1611694428106554,-0.020247283055910236,-0.693294797911856,-0.0010920538005844693,-0.06296844534622746,-0.4678746448987994,-11.151164752846372
255,8.5,-0.2776353359222412,-0.11382912343184706,-0.07782276272796099,-1.6945027761439886,-0.07167933807834329,-0.3742524219094465,-0.006143424649617701,-0.20595599784389793,-1.320250354234542,-12.714578981636949
256,8.533333333333333,-0.217980071902275,-0.13908936034645647,-0.13908936034645647,-1.8379979285548644,-0.13107727100172953,-1.1277519508063505,-0.008012089344726941,-0.08690280090054547,-0.710245977748514,-23.962976921127638
257,8.566666666666666,-0.3879965841770172,-0.19945804191926905,-0.19945804191926905,-1.8110604471843774,-0.19126042095603896,-1.2219779945171312,-0.008197620963230096,-0.19673616322097826,-0.5890824526672462,-25.26329632433641
258,8.6,-0.1515106558799743,-0.1878291288025276,-0.24204894571430385,-1.2777271138510442,-0.23828620060864533,-0.5919742637126459,-0.0037627451056585215,0.08677554472867102,-0.6857528501383983,-12.58394587655501
259,8.633333333333333,-0.2235420942306518,-0.1964907682872013,-0.2668620717315609,-0.7443937805177109,-0.26453574340724045,0.04128726820706097,-0.002326328324320448,0.040993649176588653,-0.7856810487247718,-2.6979816025512076
260,8.666666666666666,-0.1668113023042678,-0.18929246281578394,-0.27389741997104017,-0.21106044718437755,-0.27227256877821415,0.2955045753435622,-0.0016248511928260156,0.10546126647394635,-0.5065650225279398,1.821133270244404
261,8.7,0.1499499976634979,-0.10701433622114412,-0.26315499043274165,0.3222728861489558,-0.2642421534790768,-0.16878675884814098,0.00108716304633516,0.4141921511425747,0.49105964499709676,-0.6165721794903418
262,8.733333333333333,0.1717721372842788,-0.039398894664843864,-0.23463478311666536,0.8556062194822891,-0.23674590560508255,0.02304189582440419,0.0021111224884171886,0.40851804288936133,0.8325643236578849,3.4382477083334853
263,8.766666666666666,0.186263620853424,0.015332134561996794,-0.18833679802281128,1.3889395528156223,-0.19104477005986079,0.657427266665767,0.0027079720370495053,0.3773083909132848,0.7315122861498553,12.544674074783137
264,8.8,0.165303885936737,0.051705514025751485,-0.12426103515117944,1.9222728861489555,-0.13207263481233156,1.076656229703508,0.0078115996611521216,0.29737652074906856,0.8456166564454475,23.257855969908412
265,8.833333333333334,0.1888094097375869,0.0849579897684972,-0.05759436848451277,2.0,-0.06652481988038277,1.865737791833857,0.008930451395869995,0.25533422961796964,0.1342622081661431,34.147181527307225
266,8.866666666666667,0.1597213447093963,0.10309071045970018,0.009072298182153896,2.0,-3.449397625315126e-05,1.9788391084955548,0.009106792158407047,0.15975583868564946,0.021160891504445223,35.707979697238656
267,8.9,0.0367320477962493,0.0869964207308711,0.07573896484882056,2.0,0.06660437985283973,1.9966648594911474,0.009134584995980827,-0.029872332056590435,0.003335140508852641,35.95397506097783
268,8.933333333333334,0.1462448686361313,0.10136623543625241,0.12462785373770946,1.4666666666666668,0.11810884215774996,0.3706746503046898,0.006519011579959502,0.02813602647838133,1.095992016361977,12.716725644599777
269,8.966666666666667,0.0594843588769435,0.09120841988244632,0.15573896484882058,0.9333333333333335,0.15412013205769073,0.46241247835499,0.0016188327911298428,-0.09463577318074723,0.47092085497834346,8.494292738953211
270,9.0,0.1517663747072219,0.10589583568041558,0.1690722981821539,0.40000000000000013,0.16711725488314094,-0.27964359923937965,0.0019550432990129707,-0.01535088017591904,0.6796435992393798,-1.05760699725041
271,9.033333333333333,0.0614710226655006,0.0951212693598544,0.16462785373770947,-0.1333333333333332,0.1646586407889858,-0.025439089563359704,-3.0787051276320865e-05,-0.10318761812348519,-0.10789424376997349,-0.5233167344044698
272,9.066666666666666,0.0432287119328975,0.08253551460715436,0.14240563151548724,-0.6666666666666665,0.1451446585241499,0.38883777311004564,-0.002739027008662659,-0.1019159465912524,-1.0555044397767122,1.3014463816420527
273,9.1,-0.0483162738382816,0.050799392897513236,0.10240563151548725,-1.1999999999999997,0.10338504057011179,-0.7590224349482373,-0.0009794090546245415,-0.15170131440839338,-0.44097756505176244,-11.907523748703905
274,9.133333333333333,-0.0372735820710659,0.029438625221811707,0.044627853737709486,-1.733333333333333,0.05121464959125325,-0.33776993935665667,-0.006586795853543763,-0.08848823166231914,-1.3955633939766763,-12.736468471168614
275,9.166666666666666,-0.1880015879869461,-0.023298208970110607,-0.02203881292895718,-2.0,-0.013301401263634159,-1.7419261025864885,-0.008737411665323021,-0.17470018672331195,-0.2580738974135115,-32.43858021569354
276,9.2,0.0393733829259872,-0.008098162476432807,-0.07092770181784608,-1.4666666666666668,-0.06456887268849834,-0.38238478790696573,-0.006358829129347737,0.10394225561448554,-1.084281878759701,-12.709699562038423
277,9.233333333333333,-0.0860285311937332,-0.026998994447260324,-0.1020388129289572,-0.9333333333333335,-0.10041248019376865,-0.45376017679241676,-0.0016263327351885432,0.01438394900003545,-0.4795731565409167,-8.394726614004862
278,9.266666666666666,-0.2956420183181762,-0.09215429574884358,-0.11537214626229053,-0.40000000000000013,-0.11340634813066683,0.28305345832829554,-0.0019657981316237028,-0.18223567018750939,-0.6830534583282957,1.0894756934768943
279,9.3,-0.3218968510627746,-0.14787487690366066,-0.14648325737340165,-0.9333333333333335,-0.1446512373946656,-0.21646933237794946,-0.0018320199787360547,-0.177245613668109,-0.7168640009553839,-5.664108674580549
280,9.333333333333334,-0.1820376962423324,-0.15616055190556305,-0.15981659070673498,-0.40000000000000013,-0.15755583945850107,0.376569424766934,-0.002260751248233911,-0.02448185678383133,-0.7765694247669341,1.9634801168403926
281,9.366666666666667,-0.1241719722747802,-0.14840220585204772,-0.15537214626229054,0.1333333333333332,-0.1552392573570321,0.07006662496970409,-0.0001328889052584492,0.031067285082251886,0.0632667083636291,0.9187493092581213
282,9.4,-0.086163192987442,-0.133307074858231,-0.133307074858231,0.6619521421217859,-0.13606819902856776,-0.40653242326305095,0.0027611241703367484,0.04990500604112576,1.068484565384837,-1.5050670871052576
283,9.433333333333334,-0.1526488661766052,-0.13799813373220557,-0.12901978123194927,0.12861880878845255,-0.13068136579652528,-0.3597514780025932,0.0016615845645760186,-0.021967500380079913,0.48837028679104577,-2.690062056237782
284,9.466666666666667,0.0001928750280058,-0.10448199516585402,-0.10695470982788974,0.6619521421217859,-0.10963181449055158,-0.30960341794599633,0.0026771046626618417,0.10982468951855738,0.9715555600677822,-0.3896591942200055
285,9.5,-0.1661666482686996,-0.11944267458603033,-0.10266741620160799,0.12861880878845255,-0.10420851776871,-0.32155190215917084,0.0015411015671020073,-0.06195813049998959,0.4501707109476234,-2.333047104361441
286,9.533333333333333,-0.309451699256897,-0.1655264889879966,-0.11615790035310401,-0.40471452454488077,-0.11464209808843306,0.2447285707693938,-0.0015158022646709485,-0.1948096011684639,-0.6494430953142746,1.035918313897871
287,9.566666666666666,-0.2323456108570099,-0.18173245613112518,-0.14742616228237782,-0.9380478578782141,-0.14558750657773065,-0.2010163208677042,-0.0018386557046471685,-0.08675810427927924,-0.7370315370105098,-5.4862835648417905
288,9.6,0.0334400460124015,-0.12954562095124147,-0.16091664643387385,-0.40471452454488077,-0.15861282512096953,0.3872169262623981,-0.002303821312904325,0.19205287113337102,-0.7919314508072789,2.0476391146968203
289,9.633333333333333,0.036132875829935,-0.08936280800703524,-0.1566293528075921,0.12861880878845255,-0.1564514561526099,0.07999770789638859,-0.00017789665498219032,0.1925843319825449,0.048621100892063965,0.9922461803651288
290,9.666666666666666,0.085828348994255,-0.046872843237740415,-0.13456428140353258,0.6619521421217859,-0.1373275128933906,-0.40896352992782825,0.00276323148985802,0.22315586188764558,1.070915672049614,-1.533042980940838
291,9.7,0.0136556765064597,-0.03219256647325916,-0.09472143222169527,1.1952854754551192,-0.09571414163929769,0.7514762011713154,0.0009927094176024193,0.10936981814575739,0.4438092742838038,11.820685668721515
292,9.733333333333333,0.1367246061563491,0.008775738302010332,-0.03710080526208018,1.7286188087884526,-0.043633618499087326,0.34221046785456677,0.0065328132370071484,0.18035822465543644,1.3864083409338859,12.733804154069862
293,9.766666666666666,0.1250342279672622,0.0369724761657348,0.029565861404586488,2.0,0.020836957869043694,1.7364691641757224,0.008728903535542794,0.10419727009821853,0.2635308358242776,32.36327446562497
294,9.8,0.0877532884478569,0.04928859395247703,0.07845475029347537,1.4666666666666668,0.07209935254527317,0.38263563901597664,0.006355397748202207,0.015653935902583738,1.0840310276506901,12.709549051373024
295,9.833333333333334,0.2398803681135177,0.09551374542721941,0.10956586140458649,0.9333333333333335,0.10793936800781151,0.453574829743886,0.0016264933967749806,0.1319410001057062,0.47975850358944744,8.39259373788405
296,9.866666666666667,0.154861107468605,0.10990755025990562,0.12289919473791983,0.40000000000000013,0.1209331662194485,-0.2831265033225616,0.00196602851847133,0.03392794124915652,0.6831265033225618,-1.090158375274713
297,9.9,0.0935514420270919,0.10594062364973482,0.11845475029347538,-0.1333333333333332,0.11847965586110963,-0.027042722283979324,-2.490556763425078e-05,-0.024928213834017734,-0.10629061104935386,-0.5375260921487399
298,9.933333333333334,0.1727832555770874,0.12215229280184411,0.12215229280184411,0.11092627525106202,0.12153567254644053,-0.12109905163047519,0.0006166202554035854,0.05124758303064687,0.2320253268815372,-0.7597477794097579
299,9.966666666666667,0.1040407940745353,0.11775962278347776,0.11775962278347776,-0.13178010055099054,0.11821320152041548,0.07030674477507937,-0.00045357873693771533,-0.014172407445880178,-0.2020868453260699,0.2594713395304914
300,10.0,0.0721800774335861,0.10670499360431715,0.10670499360431715,-0.3316388753748184,0.10864008217474934,0.37347607089334045,-0.001935088570432189,-0.03646000474116323,-0.7051149462681588,2.325719069469822
301,10.033333333333333,0.1172729581594467,0.1092680935308009,0.1092680935308009,0.07689299779451253,0.10963563611911827,0.11638793715549758,-0.0003675425883173655,0.007637322040328437,-0.039494939360985054,1.1915189118760314
302,10.066666666666666,0.0516397431492805,0.09529120897032423,0.09529120897032423,-0.41930653681430025,0.09772723784641363,0.47637576314932395,-0.0024360288760894022,-0.04608749469713313,-0.8956822999636243,3.0019596136192166
303,10.1,0.0569041445851326,0.08598100723844439,0.08598100723844439,-0.2793060519563952,0.08845904412151753,0.5280263190300298,-0.0024780368830731453,-0.031554899536384934,-0.8073323709864251,3.7886165318565777
304,10.133333333333333,0.0814430713653564,0.08488039954412219,0.08488039954412219,-0.03301823082966601,0.08610674471721302,0.2999769443567868,-0.001226345173090837,-0.00466367335185662,-0.33299517518645283,2.4940691071546857
305,10.166666666666666,0.0412215813994407,0.07429161369106167,0.07429161369106167,-0.31766357559181546,0.07654932818005289,0.46653517235357245,-0.0022577144889912165,-0.035327746780612186,-0.7841987479453879,3.1868753743791984
306,10.2,-0.1479518115520477,0.02038983308510576,0.04592505006022338,-0.8509969089251488,0.04799547738773157,-0.07761351260509308,-0.002070427327508194,-0.19594728893977928,-0.7733833963200557,-4.066229104465481
307,10.233333333333333,-0.0125429397448897,0.012402487255250939,0.012402487255250935,-1.0056768841491732,0.014008126581877514,-0.3579785488376007,-0.001605639326626579,-0.026551066326767216,-0.6476983353115725,-7.29252213491481
308,10.266666666666666,-0.1777898222208023,-0.03372578010340806,-0.03372578010340806,-1.3838480207597699,-0.03128576506836855,-0.6775499061822152,-0.0024400150350395097,-0.14650405715243375,-0.7062981145775546,-12.532600491073282
309,10.3,-0.1451077759265899,-0.060739798159273085,-0.062076269684289274,-0.8505146874264365,-0.06001290156346832,-0.08655494119017704,-0.0020633681208209534,-0.08509487436312159,-0.7639597462362595,-4.169122350763114
310,10.333333333333334,-0.1060080528259277,-0.07171892849254359,-0.07264898148739271,-0.3171813540931032,-0.07064592177182623,0.3477083756794459,-0.0020030597155664825,-0.03536213105410148,-0.6648897297725491,1.9634455424863853
311,10.366666666666667,-0.1094739064574241,-0.08087582722563125,-0.08087582722563125,-0.2468053721471561,-0.0787939341707799,0.43522727588301957,-0.002081893054851347,-0.030679972286644194,-0.6820326480301757,3.0631077459596106
312,10.4,-0.1756741851568222,-0.10386773479465106,-0.10386773479465106,-0.6897572270705943,-0.10129543554129393,0.23468374711894657,-0.002572299253357127,-0.07437874961552828,-0.9244409741895409,-0.4724768805236985
313,10.433333333333334,-0.3398266434669494,-0.16109599841307887,-0.14463742014144865,-1.2230905604039277,-0.1437208970725753,-0.7933795267295993,-0.0009165230688733539,-0.19610574639437411,-0.4297110336743284,-12.302887048101873
314,10.466666666666667,-0.3957879245281219,-0.21801697457965946,-0.20318488326602402,-1.756423893737261,-0.19633278427478704,-0.31595483184979467,-0.006852098991236982,-0.19945514025333486,-1.4404690618874663,-12.749557535672748
315,10.5,-0.2975099980831146,-0.2372968048284069,-0.2439545686128216,-1.2230905604039277,-0.24142224921616745,-0.6876509906202816,-0.002532319396654159,-0.056087748866947174,-0.5354395697836462,-12.526539840410436
316,10.533333333333333,-0.3264878690242767,-0.2589287481312901,-0.2669464761818414,-0.6897572270705944,-0.26439526645703865,0.2103538375307209,-0.002551209724802772,-0.06209260256723803,-0.9001110646013153,-0.752452653504385
317,10.566666666666666,-0.3688992261886596,-0.2856004239070584,-0.2856004239070584,-0.55961843175651,-0.2826516751305228,0.45372774543474037,-0.0029487487765356146,-0.0862475510581368,-1.0133461771912504,2.0481659736085573
318,10.6,-0.5198948383331299,-0.3424249896271936,-0.3220321494100532,-1.0929517650898433,-0.3207348286612399,-0.5693192825262754,-0.0012973207488132799,-0.19916000967188996,-0.5236324825635679,-9.724519880826172
319,10.633333333333333,-0.1316372603178024,-0.2913016147636454,-0.3406860971352702,-0.5596184317565099,-0.338056052018691,0.3918136366171052,-0.002630045116579216,0.2064187917008886,-0.9514320683736152,1.5861496796241799
320,10.666666666666666,0.0593339242041111,-0.20626026934064012,-0.3415622670827094,-0.02628509842317661,-0.34048856897158486,0.24733942208582937,-0.0010736981111245658,0.39982249317569596,-0.273624520509006,1.9986005279154917
321,10.7,0.0041026594117283,-0.15523992342564635,-0.32466065925237086,0.5070482349101567,-0.326893783662516,-0.3888450949905182,0.0022331244101451153,0.3309964430742443,0.8958933299006749,-1.9958718213491582
322,10.733333333333333,0.1497469991445541,-0.08126995931947846,-0.2899812736442545,1.04038156824349,-0.29147304593851325,0.4319403734885699,0.0014917722942587308,0.44122004508306734,0.6084411947549202,8.143635820834067
323,10.766666666666666,0.1437273323535919,-0.02670027007252005,-0.2375241102583604,1.5737149015768233,-0.24230825839049502,0.48628210888053036,0.004784148132134625,0.3860355907440869,1.0874327926962928,12.647361169454282
324,10.8,0.1359566152095794,0.0127496967147233,-0.17085744359169375,2.0,-0.1793107423009251,1.5597019307483913,0.008453298709231366,0.3152673575105045,0.44029806925160875,29.923886644327798
325,10.833333333333334,0.151781752705574,0.04646981856317005,-0.10419077692502708,2.0,-0.11322236567086609,1.9306051956070847,0.009031588745839009,0.2650041183764401,0.06939480439291534,35.04235169937777
326,10.866666666666667,0.0731937810778617,0.05295131138039507,-0.037524110258360416,2.0,-0.046646842542577796,1.9890627753945964,0.00912273228421738,0.1198406236204395,0.010937224605403584,35.84906630044543
327,10.9,0.1219954416155815,0.06969692064192914,0.02914255640830625,2.0,0.020005459109887932,1.9982761982958877,0.009137097298418318,0.10198998250569356,0.0017238017041123488,35.97621153648325
328,10.933333333333334,0.1338057965040207,0.08524555861775633,0.08524555861775633,1.6830900662835024,0.07738838117875474,0.8859506482640171,0.007857177439001592,0.05641741532526595,0.7971394180194853,20.626118946043434
329,10.966666666666667,0.1951223462820053,0.11189451120605874,0.12357078304942863,1.149756732950169,0.12155624020862936,0.7331891650711565,0.0020145428407992716,0.07356610607337595,0.4165675678790125,12.499216935739916
330,11.0,0.0994733795523643,0.10888195363526558,0.14411822970332316,0.6164233996168357,0.14131826348742024,-0.37603901950897356,0.0027999662159029215,-0.04184488393505595,0.9924624191258092,-1.1541650726155828
331,11.033333333333333,0.0539652407169342,0.09556273571875742,0.1468878985794399,0.08309006628350235,0.1454946550048586,-0.3037218055843097,0.0013932435745813154,-0.09152941428792438,0.3868118718678121,-2.314672311536695
332,11.066666666666666,0.1844699084758758,0.11712582544799385,0.13187978967777886,-0.450243267049831,0.13368671007097188,0.3015004292396768,-0.0018069203931930233,0.05078319840490392,-0.7517436962895078,1.3989323028557772
333,11.1,0.0559608303010463,0.10229118120342875,0.10229118120342875,-0.8876582542305032,0.10427047555571878,-0.12211194697040262,-0.001979294352290023,-0.048309645254672476,-0.7655463072601005,-4.578293627873621
334,11.133333333333333,0.1594498306512832,0.11615414690826693,0.09048035050685643,-0.3543249208971698,0.09262720994711057,0.3696017989848337,-0.0021468594402541397,0.06682262070417264,-0.7239267198820035,2.0471030147468894
335,11.166666666666666,0.0553342886269092,0.10140321038908313,0.09644729758806188,0.1790084124361635,0.09630657259419852,0.0181400843141699,0.00014072499386336146,-0.040972283967289316,0.1608683281219936,0.5991184430999426
336,11.2,0.034547921270132,0.08518847142663463,0.08518847142663463,-0.33776478484281736,0.08698444335571182,0.3431699614055347,-0.0017959719290771836,-0.05243652208557981,-0.680934746248352,2.0753129960121157
337,11.233333333333333,0.0676419287919998,0.08093282296166632,0.08093282296166632,-0.12766945394904944,0.08233321795363101,0.3074258982061343,-0.0014003949919646902,-0.014691289161631205,-0.43509535215518375,2.2931752579533415
338,11.266666666666666,0.0442948825657367,0.07204684479193993,0.07204684479193993,-0.26657934509179165,0.07407364740356916,0.42282441588267283,-0.0020268026116292276,-0.029778764837832455,-0.6894037609744645,2.935492416697835
339,11.3,0.0341992825269699,0.0628674911375176,0.0628674911375176,-0.2753806096326697,0.06518730526206974,0.49244222477953636,-0.002319814124552136,-0.03098802273509984,-0.767822834412206,3.5048240245339803
340,11.333333333333334,-0.1886206567287445,0.0018728454850890086,0.0359103597053175,-0.8087139429660031,0.03810732991925382,-0.001562506297259958,-0.0021969702139363195,-0.22672798664799831,-0.8071514366687431,-3.191074217441193
341,11.366666666666667,-0.0419839844107627,-0.008763965122617469,-0.00876396512261747,-1.3402297448380491,-0.006634532330204493,-0.7048266530446677,-0.002129432792412977,-0.0353494520805582,-0.6354030917933814,-12.5162344429558
342,11.4,-0.2330518066883087,-0.06316158797887392,-0.06316158797887392,-1.6319286856876933,-0.057387468623017926,-0.4078088767847692,-0.005774119355855992,-0.17566433806529075,-1.2241198089029242,-12.694445108711754
343,11.433333333333334,-0.1848867982625961,-0.09268419622588873,-0.09978143305735258,-1.09859535235436,-0.09863367771558715,-0.7325308745011374,-0.0011477553417654357,-0.08625312054700895,-0.3660644778532225,-11.602672837246725
344,11.466666666666667,-0.4544833600521087,-0.18043310997056589,-0.15417905591360903,-1.6319286856876931,-0.1488008531201632,-0.43675235596826356,-0.005378202793445835,-0.30568250693194554,-1.1951763297194296,-12.677079021201667
345,11.5,-0.5427636504173279,-0.26831090107567906,-0.22084572258027568,-2.0,-0.21229879569072896,-1.6197531084678938,-0.008546926889546724,-0.3304648547265989,-0.3802468915321062,-30.752592896856935
346,11.533333333333333,-0.3152073621749878,-0.27968492824703656,-0.27968492824703656,-1.7651761700028263,-0.2715886551448683,-1.1147831344967223,-0.008096273102168261,-0.0436187070301195,-0.6503930355061041,-23.784007256054768
347,11.566666666666666,-0.2626437842845917,-0.27555185658413617,-0.32074635613601965,-1.2318428366694931,-0.31760207944669794,-0.6419965281039649,-0.0031442766893217122,0.05495829516210626,-0.5898463085655282,-12.553932517920192
348,11.6,-0.5067101716995239,-0.3316158088606203,-0.34403000624722496,-0.6985095033361598,-0.34153424446933595,0.16086244120834026,-0.002495761777889016,-0.16517592723018798,-0.8593719445445,-1.3219735508593844
349,11.633333333333333,0.0070267068222165,-0.24948318980015521,-0.3495358785806525,-0.16517617000282647,-0.3479946322503466,0.2982730117951953,-0.0015412463303058899,0.3550213390725631,-0.46344918179802175,1.9964311047035463
350,11.666666666666666,-0.0532231144607067,-0.2018832776269004,-0.33726397313630224,0.36815716333050685,-0.3386095083620209,-0.21645366370177765,0.0013455352257186748,0.2853863939013142,0.5846108270322845,-0.8978161595074565
351,11.7,-0.3050442636013031,-0.22690341411464449,-0.3072142899141742,0.9014904966638402,-0.3091728391083135,0.12316636606911824,0.001958549194139292,0.004128575507010401,0.7783241305947219,4.590427326979169
352,11.733333333333333,0.0609237365424633,-0.15709529308615586,-0.25938682891426845,1.4348238299971734,-0.2626108614016991,0.6148915363381309,0.003224032487430639,0.3235345979441624,0.8199322936590425,12.570195512979701
353,11.766666666666666,0.0986799523234367,-0.09506087678150593,-0.1937815901365849,1.9681571633305066,-0.201860168321086,1.290083169673573,0.008078578184501084,0.3005401206445227,0.6780739936569335,26.203147741495307
354,11.8,0.0309762582182884,-0.06449247642711661,-0.12711492346991826,2.0,-0.13608745300262043,1.8927258382158703,0.008972529532702167,0.16706371122090882,0.10727416178412974,34.51961656737901
355,11.833333333333334,0.0772525072097778,-0.03011437502036833,-0.060448256803251596,2.0,-0.06956168084192024,1.9830926592840243,0.009113424038668647,0.14681418805169805,0.01690734071597566,35.766678698119534
356,11.866666666666667,0.146582618355751,0.012740807580750843,0.00621840986341507,2.0,-0.0029172203745635034,1.9973352560828097,0.009135630237978573,0.14949983873031453,0.002664743917190293,35.96322653394277
357,11.9,0.2075859308242797,0.05999754452909737,0.05999754452909737,1.613374039970469,0.05242266194460791,0.6407858783005693,0.007574882584489462,0.1551632688796718,0.9725881616698997,17.242845120547855
358,11.933333333333334,0.2347541153430938,0.10238210699325644,0.10238210699325645,1.271536873924772,0.09894843924538645,0.6166802622735508,0.0034336677478700034,0.13580567609770733,0.6548566116512213,12.569122277418472
359,11.966666666666667,0.0157736763358116,0.08137654238401282,0.12698889167963773,0.7382035405914388,0.12462820394829388,-0.07068744416070272,0.002360687731343847,-0.10885452761248228,0.8088909847521415,2.3596598772467763
360,12.0,0.2098900973796844,0.11254556094413741,0.13381789858824125,0.20487020725810545,0.1321878339703297,-0.30110708571911793,0.0016300646179115419,0.07770226340935468,0.5059772929772234,-1.893653336898682
361,12.033333333333333,0.1817664206027984,0.12933403325370235,0.12933403325370235,-0.134515960036167,0.12941140506531043,-0.02274122701081533,-7.737181160807904e-05,0.052355015537487976,-0.11177473302535168,-0.5356860940027479
362,12.066666666666666,0.1333517879247665,0.13030847886698138,0.13030847886698138,0.029233368398370874,0.13014300117606395,-0.03562189722373707,0.00016547769091743159,0.0032087867487025634,0.06485526562210794,-0.2431144209181592
363,12.1,0.0603037662804126,0.11332989488819065,0.11350514670248263,-0.5040999649349625,0.11612689977788491,0.4903268660550817,-0.002621753075402286,-0.05582313349747232,-0.9944268309900441,2.883538671616766
364,12.133333333333333,0.0750560387969017,0.1040471501153369,0.1040471501153369,-0.28373989761437196,0.10660004052901918,0.543030377310012,-0.002552890413682285,-0.03154400173211748,-0.8267702749243839,3.89682201809556
365,12.166666666666666,-0.0463164672255516,0.06757872948979685,0.07681137575041339,-0.8170732309477053,0.07897184084765285,-0.02985052252223752,-0.0021604650972394668,-0.12528830807320446,-0.7872227084254678,-3.5165977949110934
366,12.2,0.0811649560928344,0.07087386321453427,0.06735337916326765,-0.283739897614372,0.0692576631755234,0.33772791627577736,-0.0019042840122557442,0.011907292917311005,-0.6214678138901494,1.9790711021950207
367,12.233333333333333,0.0413943119347095,0.06372404402996693,0.06372404402996693,-0.10888005399902187,0.06503934952624858,0.28961434294046606,-0.0013153054962816574,-0.023645037591539082,-0.39849439693948796,2.1794852907934015
368,12.266666666666666,0.155495598912239,0.08598184631014953,0.07787248667444398,0.42445327933431143,0.07617296423563306,-0.28296251225155933,0.0016995224388109131,0.07932263467660593,0.7074157915858708,-1.3068549166813066
369,12.3,-0.0250248312950134,0.059058856010101995,0.07424315154114325,-0.1088800539990219,0.07418956423058036,-0.04390884754331635,5.358731056288868e-05,-0.09921439552559376,-0.06497120645570555,-0.6381222700809266
370,12.333333333333334,0.0890902355313301,0.06634251278634502,0.06634251278634502,-0.23701916264394676,0.0675507622976248,0.22122463751045662,-0.001208249511279777,0.021539473233705295,-0.45824380015440336,1.2640319466031131
371,12.366666666666667,0.0142635647207498,0.053711551804034835,0.053711551804034835,-0.3789288294693057,0.056208353047587784,0.4987258383886055,-0.0024968012435529485,-0.041944788326837984,-0.8776546678579111,3.274735733117792
372,12.4,-0.0686568692326545,0.024032942519635437,0.024032942519635437,-0.8903582785319819,0.025971669582665592,-0.16444657454526102,-0.0019387270630301552,-0.0946285388153201,-0.7259117039867209,-5.065458203481273
373,12.433333333333334,-0.1313455402851104,-0.013651757857287752,-0.013651757857287752,-1.1305410113076957,-0.01242222713668837,-0.5853534272072727,-0.0012295307205993818,-0.11892331314842203,-0.545187584100423,-9.909032364724556
374,12.466666666666667,-0.2017907947301864,-0.05928203500877462,-0.05928203500877462,-1.368908314544606,-0.0571817688632645,-0.7039530788811998,-0.0021002661455101143,-0.1446090258669219,-0.6649552356634061,-12.516758587453893
375,12.5,-0.136672705411911,-0.07805197131827199,-0.0871345343824837,-0.8355749812112726,-0.08500952046708492,-0.040147270811509594,-0.0021250139153987796,-0.05166318494482609,-0.795427710399763,-3.6350873458493167
376,12.533333333333333,-0.100669577717781,-0.08353752958234485,-0.09720925597841501,-0.3022416478779393,-0.09522412672734301,0.35155547574334345,-0.0019851292510719987,-0.005445450990437986,-0.6537971236212827,2.048052437012823
377,12.566666666666666,-0.4068264961242676,-0.1619463775732675,-0.1250617553521241,-0.8355749812112726,-0.12293135058233348,-0.03392811804007967,-0.0021304047697906225,-0.28389514554193407,-0.8016468631711929,-3.563520614450171
378,12.6,-0.2269881218671798,-0.17772126867442886,-0.17069203250361098,-1.368908314544606,-0.16822843830520012,-0.6773919825939038,-0.0024635941984108567,-0.058759683561979664,-0.6915163319507022,-12.532695245226279
379,12.633333333333333,-0.0474912300705909,-0.14613594298278892,-0.19854453187732007,-0.8355749812112726,-0.19643652943890458,-0.059772541044509686,-0.002108002438415496,0.1489452993683137,-0.7758024401667629,-3.8609246093835026
380,12.666666666666666,-0.0799859464168548,-0.130092262059129,-0.2086192534732514,-0.3022416478779393,-0.20665851848245448,0.3438211861335324,-0.0019607349907969085,0.12667257206559968,-0.6460628340114717,1.9757674188711936
381,12.7,-0.0924339070916175,-0.12095879777230213,-0.20091619729140492,0.23109168545539405,-0.20139904229677144,-0.049283691526406714,0.0004828450053665223,0.10896513520515394,0.28037537698180076,0.16187950312291172
382,12.733333333333333,0.0074338372796773,-0.08981910651519516,-0.17543536333178067,0.7644250187887274,-0.17785393451933576,-0.18083434114483354,0.002418571187555091,0.18528777179901307,0.9452593599335609,1.0921474554381772
383,12.766666666666666,0.0231805797666311,-0.06241274211164936,-0.13217675159437864,1.2977583521220608,-0.13386092483139525,0.7418287796137836,0.0016841732370166118,0.15704150459802635,0.5559295725082772,12.494033167014353
384,12.8,0.0152627909556031,-0.04357371667248609,-0.07114036207919884,1.831091685455394,-0.078421692699617,0.6527078558133912,0.007281330620418164,0.0936844836552201,1.1783838296420028,17.407368410224795
385,12.833333333333334,0.0469903871417045,-0.02160876338206758,-0.021608763382067575,1.4859479609139379,-0.027623060215801624,0.4055509473470247,0.006014296833734049,0.07461344735750612,1.0803970135669132,12.695799866374394
386,12.866666666666667,0.0624382346868515,-0.0012244354968018803,0.01014505753728591,0.9526146275806046,0.00856162358167914,0.47135948971879266,0.0015834339556067695,0.05387661110517236,0.4812551378618119,8.59725022892514
387,12.9,0.0597639121115207,0.013567365559663815,0.02412110067886162,0.41928129424727123,0.022079588857513426,-0.294756666881028,0.0020415118213481936,0.03768432325400727,0.7140379611282992,-1.1360641344236173
388,12.933333333333334,0.037613283842802,0.01939933926304177,0.020319366042659548,-0.1140520390860621,0.020214095524843833,-0.05296361479958296,0.00010527051781571498,0.017399188317958166,-0.061088424286479134,-0.7079034557256078
389,12.966666666666667,0.0898507460951805,0.03648626217332762,0.03429540918423526,0.41928129424727123,0.03197874348633871,-0.4453431715624394,0.0023166656978965486,0.05787200260884179,0.8646244658097106,-2.732265272742982
390,13.0,0.0707824006676673,0.044804271719532156,0.044804271719532156,0.31526587605890694,0.042190773672836974,-0.5493721192040109,0.0026134980466951813,0.02859162699483033,0.8646379952629177,-3.875007386400751
391,13.033333333333333,0.0604896917939186,0.048608533063313114,0.048608533063313114,0.11412784031342876,0.04689968152808038,-0.3935615634080455,0.0017088515352327374,0.013590010265838226,0.5076894037214743,-3.081791529015882
392,13.066666666666666,0.0340902991592884,0.04508735506749767,0.04508735506749767,-0.10563533987446333,0.04489582617008197,-0.08825759603317604,0.00019152889741570062,-0.01080552701079357,-0.01737774384128729,-1.0500412615842551
393,13.1,0.0580822266638278,0.04823906458161151,0.04823906458161151,0.09455128542341512,0.0476019749551092,-0.1334512558237223,0.0006370896265023088,0.0104802517087186,0.22800254124713742,-0.9148505334023023
394,13.133333333333333,0.0385752022266387,0.04589524096615879,0.04589524096615879,-0.07031470846358157,0.04600329405274343,0.003181930388645046,-0.00010805308658463908,-0.007428091826104731,-0.07349663885222661,-0.1581528315227852
395,13.166666666666666,0.0535798333585262,0.04775902259536327,0.04775902259536327,0.055913448876134475,0.04748487640474108,-0.0520682299519431,0.0002741461906221876,0.006094956953785119,0.10798167882807758,-0.30700306010682926
396,13.2,0.090215116739273,0.05805610593732272,0.05805610593732272,0.3089125002587836,0.05629694540800193,-0.3386287809334545,0.0017591605293207913,0.03391817133127107,0.6475412811922381,-2.093212586995964
397,13.233333333333333,-0.0941173657774925,0.02114873251358216,0.0505754115015044,-0.22442083307454974,0.05106748363692234,0.050319273770500494,-0.0004920721354179369,-0.14518484941441484,-0.27474010684505024,-0.14879599053700385
398,13.266666666666666,0.0837953314185142,0.03634271733535659,0.03634271733535659,-0.42698082498443424,0.038773032762381615,0.4633482613242583,-0.002430315427025022,0.04502229865613258,-0.8903290863086926,2.8363764282092867
399,13.299999999999999,0.0868781730532646,0.048599327599300204,0.03988780094698656,0.10635250834889909,0.04029103616899815,0.13420601097773013,-0.00040323522201159145,0.04658713688426645,-0.027853502628831045,1.4173387569899805
400,13.333333333333334,0.0590688027441501,0.05113854040930752,0.05113854040930752,0.33752218386962884,0.049558649981223626,-0.2791027107976547,0.0015798904280838952,0.009510152762926473,0.6166248946672835,-1.4901065016229569
401,13.366666666666667,0.0062749348580837,0.04025755159729231,0.0446115020938507,-0.19581114946370448,0.04504964600283699,0.04863470634720604,-0.00043814390898629096,-0.038774711144753296,-0.24444585581091052,-0.07983732026783133
402,13.4,-0.0303611904382705,0.02313004406492933,0.02313004406492933,-0.6444437408676411,0.025918034214403134,0.408567838851041,-0.002787990149473802,-0.05627922465267363,-1.053011579718682,1.5284895766347752
403,13.433333333333334,0.0618276931345462,0.03251557341336811,0.01942636381378574,-0.11111040753430779,0.02100186198474613,0.34362840215341584,-0.0015754981709603898,0.04082583114980007,-0.4547388096877236,2.5963918431660793
404,13.466666666666667,0.0085631338879466,0.026706271568490578,0.026706271568490578,0.2183972326411452,0.02621595299118861,-0.047727543978936054,0.0004903185773019667,-0.017652819103242012,0.26612477662008127,0.1709251209689749
405,13.5,0.0493731163442134,0.0322037718558164,0.0322037718558164,0.16492500861977477,0.03117614940384097,-0.19811812515049798,0.0010276224519754316,0.01819696694037243,0.36304313377027275,-1.2475754348542987
406,13.533333333333333,0.0100371669977903,0.026827597192699865,0.026827597192699865,-0.1612852398934962,0.027275943867002068,0.059719544806785485,-0.0004483466743022031,-0.01723877686921177,-0.22100478470028168,0.09393661806719589
407,13.566666666666666,0.0066353450529277,0.021930271912604143,0.021930271912604143,-0.14691975840287166,0.022866435647956825,0.18317132443394535,-0.0009361637353526818,-0.016231090595029123,-0.330091082836817,1.1741547054594819
408,13.6,-0.1433282196521759,-0.018150675120370784,-0.0007448311452693569,-0.680253091736205,0.0019102097708187985,0.31441894885089416,-0.0026550409160881554,-0.1452384294229947,-0.9946720405870991,0.44507378515886353
409,13.633333333333333,-0.2302535623311996,-0.06959302163668186,-0.041197711980920634,-1.2135864250695383,-0.04025596580774296,-0.7800005416651377,-0.0009417461731776738,-0.18999759652345663,-0.43358588340440063,-12.148928741288751
410,13.666666666666666,-0.1989150047302246,-0.10095811220172393,-0.0994283705943497,-1.7469197584028717,-0.09268573762990671,-0.3249534741580469,-0.006742632964442982,-0.1062292671003179,-1.4219662842448249,-12.744158350287787
411,13.7,-0.1136841922998428,-0.10404463040433111,-0.13988125143000096,-1.2135864250695385,-0.13751271901631976,-0.7006207662774935,-0.002368532413681207,0.02382852671647695,-0.512965658792045,-12.518757975016097
412,13.733333333333333,-0.2429046183824539,-0.1377230197594039,-0.16255635448787448,-0.6802530917362052,-0.15996837887711693,0.2370491389475473,-0.002587975610757548,-0.08293623950533696,-0.9173022306837525,-0.44525719837842703
413,13.766666666666666,-0.4315206110477447,-0.20897918083980216,-0.20300923532352577,-1.2135864250695385,-0.20206434906829582,-0.7763779897320744,-0.0009448862552299542,-0.22945626197944888,-0.4372084353374641,-12.107242323427462
414,13.799999999999999,-0.1445350497961044,-0.19334923179154986,-0.22568433838139929,-0.6802530917362052,-0.22302970586467624,0.31394779940802,-0.0026546325167230433,0.07849465606857184,-0.9942008911442252,0.439652045757013
415,13.833333333333334,-0.1912250071763992,-0.19283403324725829,-0.23058166366149502,-0.14691975840287186,-0.2289425342199638,0.34095539657075447,-0.0016391294415312174,0.0377175270435646,-0.4878751549736263,2.454795292645878
416,13.866666666666667,-0.1362166553735733,-0.17910234477416367,-0.21770121116381297,0.38641357493046147,-0.2190793308922387,-0.21627427094073315,0.0013781197284257196,0.08286267551866539,0.6026878458711946,-0.840078006190854
417,13.9,-0.1398272067308426,-0.16957675421163537,-0.18704298088835314,0.9197469082637948,-0.18894411192606902,0.15921107297201698,0.0019011310377158863,0.049116905195226435,0.7605358352917778,5.005210811496714
418,13.933333333333334,0.038167018443346,-0.11919164498442968,-0.13860697283511553,1.453080241597128,-0.14203766109685545,0.5978705114567603,0.0034306882617399226,0.18020467954020145,0.8552097301403677,12.580408127908541
419,13.966666666666667,-0.0228028781712055,-0.09581400780140961,-0.09581400780140961,1.2837889510111775,-0.0977305263787627,0.7263073075356727,0.001916518577353088,0.07492764820755721,0.5574816434755048,12.503346050261204
420,14.0,0.0872042477130889,-0.051425698699189525,-0.05142569869918952,1.3316492730666027,-0.05333401209471121,0.7218909054530053,0.0019083133955216935,0.1405382598078001,0.6097583676135975,12.505995891510803
421,14.033333333333333,0.0850080922245979,-0.018335746735173616,-0.018335746735173616,0.9926985589204771,-0.019988709941836814,0.32484925953837523,0.0016529632066631973,0.10499680216643471,0.6678492993821019,6.911287739192261
422,14.066666666666666,0.0541261062026023,-0.0007612205367922356,-0.0007612205367922356,0.5272357859514414,-0.0035502022335411193,-0.45967679657431293,0.0027889816967488837,0.05767630843614342,0.9869125825257543,-2.3163507766045246
423,14.1,0.125405803322792,0.029838682395528896,0.029838682395528896,0.917997087969634,0.027998252568677582,0.23213311500609024,0.0018404298268513142,0.09740755075411442,0.6858639729635437,5.844359227226971
424,14.133333333333333,0.0375201292335987,0.03170170111812568,0.04266080755007225,0.38466375463630065,0.04049714876820326,-0.35557092696118153,0.002163658781868985,-0.0029770195346045594,0.7402346815974822,-1.8171702824343554
425,14.166666666666666,0.0235504563897848,0.029724740024532622,0.037705154926837826,-0.14866957869703268,0.037695645824519855,-0.04404018245579997,9.509102317971363e-06,-0.014145189434735056,-0.10462939624123271,-0.7353034797997763
426,14.2,-0.0521056912839412,0.009878006873911067,0.014971724525825625,-0.682002912030366,0.017665685911858978,0.36221366497213814,-0.0026939613860333528,-0.06977137719580018,-1.044216577002504,0.9950701812372864
427,14.233333333333333,0.1181288585066795,0.03613261327558359,0.010016071902591201,-0.14866957869703268,0.011724052416743699,0.36166843905682045,-0.001707980514152498,0.1064048060899358,-0.5103380177538531,2.6426819615230555
428,14.266666666666666,0.1378477811813354,0.06080208846368611,0.022838197057134555,0.38466375463630065,0.021505086307316592,-0.2048709576644695,0.0013331107498179631,0.1163426948740188,0.5895347123007701,-0.7444179866739853
429,14.299999999999999,0.1178927421569824,0.07464856282692298,0.05343809998945569,0.917997087969634,0.05152950445146091,0.15349382324268013,0.0019085955379947797,0.0663632377055215,0.7645032647269538,4.939419715706155
430,14.333333333333334,0.1065718308091163,0.08239106852813347,0.08239106852813347,0.8685890561603333,0.08035815385693712,0.09179294077145406,0.0020329146711963453,0.026213676952179174,0.7767961153888793,4.229398488507184
431,14.366666666666667,0.0711543932557106,0.0796657829336914,0.09356625928903346,0.335255722827,0.09147822943146373,-0.36311643416436223,0.0020880298575697287,-0.020323836175753132,0.6983721569913622,-2.048590076413471
432,14.4,0.0717330351471901,0.07774181496783306,0.08696367227215568,-0.19807761050633332,0.0872246695591825,0.0051857614309949035,-0.0002609972870268179,-0.015491634411992403,-0.20326337193732824,-0.45108277670637464
433,14.433333333333334,0.0988934934139251,0.08287183458394465,0.08287183458394465,-0.12275513064633092,0.08358386153371206,0.13325278297579235,-0.0007120269497674081,0.015309631880213045,-0.2560079136221233,0.8033766036787874
434,14.466666666666667,0.1251219809055328,0.09311896839726042,0.09311896839726042,0.307414014399473,0.09175902209591304,-0.24014205376800934,0.0013599463013473784,0.03336295880961977,0.5475560681674824,-1.2584924772048753
435,14.5,0.2214605063199997,0.12424626681868785,0.12114387998835396,0.8407473477328063,0.11900003870869276,0.00987213018165789,0.0021438412796612044,0.10246046761130694,0.8308752175511485,3.2866969883264194
436,14.533333333333333,0.1662698239088058,0.13443844484184236,0.13443844484184236,0.398836945604652,0.13190123973119167,-0.46066595357601536,0.0025372051106506976,0.034368584177614125,0.8595028991806674,-2.7404323251073204
437,14.566666666666666,-0.1493550539016723,0.06560862506230837,0.12995523191755298,-0.13449638772868133,0.12968435879124263,-0.10793959670405379,0.00027087312631035587,-0.27903941269291493,-0.026556791024627546,-1.2567754335444876
438,14.6,0.0817894488573074,0.06953303908385977,0.10769424121548582,-0.6678297210620147,0.11044383161035572,0.4029478760507599,-0.002749590394869897,-0.02865438275304831,-1.0707775971127744,1.4638180075347915
439,14.633333333333333,-0.2651814222335815,-0.011646889815444386,0.06765547273564089,-1.201163054395348,0.0686308264760263,-0.761777178428396,-0.000975353740385404,-0.3338122487096078,-0.439385875966952,-11.939223884391797
440,14.666666666666666,-0.4756373465061188,-0.12418075565395001,0.009838926478018185,-1.7344963877286812,0.01643872740105806,-0.3366973040194732,-0.006599800923039873,-0.49207607390717684,-1.397799083709208,-12.73711205237093
441,14.7,-0.1155660077929496,-0.12209137888758977,-0.05682774018864848,-2.0,-0.048088278811285315,-1.7432407454812047,-0.008739461377363165,-0.06747772898166428,-0.25675925451879533,-32.45672228764062
442,14.733333333333333,-0.2673432826995849,-0.1573200307287282,-0.12349440685531515,-2.0,-0.11441771638460754,-1.9595325087986695,-0.00907669047070761,-0.15292556631497736,-0.04046749120133053,-35.44154862142164
443,14.766666666666666,-0.2030155509710312,-0.16840278786352897,-0.17238329574420405,-1.4666666666666668,-0.16588763338288395,-0.37238159486777356,-0.006495662361320098,-0.037127917588147236,-1.0942850717988932,-12.715701477861943
444,14.799999999999999,-0.3737671077251434,-0.21821079681300992,-0.21821079681300992,-1.3748250320641762,-0.21391218732399755,-0.5426230635746417,-0.004298609489012367,-0.15985492040114582,-0.8322019684895344,-12.613556596637821
445,14.833333333333334,0.0076747615821659,-0.1634256719106564,-0.246260520104038,-0.8414916987308428,-0.24425654958670676,-0.17000272987199955,-0.002003970517331255,0.25193131116887263,-0.6714889688588432,-5.129395509814593
446,14.866666666666667,-0.1850981563329696,-0.16868200513734088,-0.2565324656172883,-0.3081583653975095,-0.2546788003578482,0.30609927682660243,-0.0018536652594401404,0.06958064402487857,-0.6142576422241119,1.6039487430765151
447,14.9,-0.0335281454026699,-0.13590248111993805,-0.24902663335276085,0.2251749679358238,-0.24953925871405264,-0.06034102936830246,0.0005126253612917908,0.21601111331138273,0.28551599730412625,0.04570621822533061
448,14.933333333333334,0.0364893861114978,-0.09409144173555456,-0.22374302331045562,0.7585083012691571,-0.22617831433854912,-0.19033705187030125,0.002435291028093506,0.26266770045004695,0.9488453531394584,0.9827952701730762
449,14.966666666666667,0.0295494813472032,-0.06410420633079736,-0.1806816354903726,1.2918416346024904,-0.18229807192558137,0.7474008096712604,0.0016164364352087568,0.21184755327278457,0.5444408249312299,12.490689948979854
450,15.0,-0.0908306762576103,-0.07058630728289927,-0.11984246989251182,1.8251749679358236,-0.1270891861936951,0.6250662878263538,0.007246716301183287,0.036258509936084815,1.2001086801094698,17.02591477200368
451,15.033333333333333,0.0645964592695236,-0.037799772354164526,-0.053175803225845156,2.0,-0.06201722409215484,1.8086354521848333,0.008841420866309686,0.12661368336167844,0.19136454781516665,33.3591692401507
452,15.066666666666666,-0.0464930571615695,-0.03990819706873709,-0.004286914336956264,1.4666666666666668,-0.010687691017698295,0.37931821228005,0.006400776680742031,-0.035805366143871205,1.0873484543866168,12.711539507414578
453,15.1,0.0728681534528732,-0.012555999375119632,0.02682419677415485,0.9333333333333335,0.025199828076147998,0.45602598595620913,0.0016243686980068513,0.047668325376725204,0.4773073473771243,8.42080035134281
454,15.133333333333333,-0.0312464218586683,-0.01708907859237356,0.04015753010748819,0.40000000000000013,0.03819454838235566,-0.2821605063299133,0.001962981725132526,-0.06944097024102397,0.6821605063299134,-1.0811301239858322
455,15.166666666666666,0.0448849275708198,-0.0020582209648578494,0.03571308566304375,-0.1333333333333332,0.03573962248303949,-0.02659794851231267,-2.6536819995738592e-05,0.00914530508778031,-0.10673538482102052,-0.533585071517507
456,15.2,0.0800142064690589,0.017847204684976435,0.017847204684976435,-0.5359764293420195,0.020686308125533296,0.5313649954213497,-0.002839103440556861,0.0593278983435256,-1.0673414247633692,3.1408162436098457
457,15.233333333333333,-0.2132710218429565,-0.038207024711096604,-0.017796454070868654,-1.0693097626753527,-0.016421618945163148,-0.518998236953881,-0.0013748351257055064,-0.19684940289779335,-0.5503115257214717,-9.145451817287398
458,15.266666666666666,0.1039886176586151,-0.0037196228464476955,-0.03566233504893597,-0.5359764293420194,-0.033089401564509395,0.38879055253344985,-0.0025729334844265747,0.1370780192231245,-0.9247669818754692,1.63488688478075
459,15.299999999999999,0.1926798969507217,0.043914109470456236,-0.035750438249225504,-0.0026430960086860633,-0.034817380923546234,0.2207302202869379,-0.0009330573256792693,0.22749727787426793,-0.22337331629562396,1.8355358399679749
460,15.333333333333334,0.0685684531927108,0.049893647559590304,-0.018060763671737264,0.5306902373246473,-0.020476138566089624,-0.426579044543981,0.002415374894352361,0.08904459175880042,0.9572692818686283,-2.256745803183264
461,15.366666666666667,0.1315589696168899,0.06970033595917785,0.017406688683528758,1.0640235706579806,0.015995830230635444,0.4861832072160924,0.001410858452893314,0.11556313938625445,0.5778403634418883,8.767833754922389
462,15.4,0.1907093673944473,0.09904924586113838,0.07065191881657255,1.5973569039913138,0.0656027967048505,0.4644332678213938,0.005049122111722051,0.1251065706895968,1.13292363616992,12.660470474089768
463,15.433333333333334,0.1981734782457351,0.12309032883528581,0.12309032883528581,1.5731523005613977,0.11687856166792318,0.3819749895484288,0.006211767167362631,0.08129491657781193,1.1911773110129689,12.709945441053554
464,15.466666666666667,0.1746144890785217,0.13558673442433317,0.15775096107622127,1.0398189672280642,0.15644375142767514,0.6457913797042245,0.001307209648546137,0.018170737650846563,0.3940275875238397,10.60452045958756
465,15.5,0.1484332382678985,0.13870245958458016,0.17463381553937896,0.5064856338947309,0.17236774994881665,-0.31031305107529017,0.002266065590562305,-0.023934511680918147,0.8167986849700211,-0.9974705336465871
466,15.533333333333333,0.1747089922428131,0.1474352993597151,0.17373889222475888,-0.026847699438602435,0.17310742365613402,-0.15314105677782264,0.0006314685686248656,0.0016015685866790919,0.1262933573392202,-1.3273470316058393
467,15.566666666666666,0.1026447266340255,0.13657202355466364,0.15506619113236103,-0.5601810327719358,0.1577704309478113,0.4899977455954183,-0.00270423981545026,-0.05512570431378579,-1.050178778367354,2.725550960181061
468,15.6,0.0507977567613124,0.11576877277109385,0.1186157122621854,-1.093514366105269,0.11992275880990506,-0.5571685971369196,-0.0013070465477196674,-0.06912500204859266,-0.5363457689683495,-9.584696199123046
469,15.633333333333333,0.0562099255621433,0.10132367541044633,0.09994301116978754,-0.5601810327719358,0.10259100714831766,0.3971460653910095,-0.0026479959785301183,-0.046381081586174364,-0.9573270981629453,1.6341546667767286
470,15.666666666666666,0.0536988712847232,0.08977299965669445,0.08977299965669445,-0.3051003453927927,0.09234499808144962,0.5309485335044799,-0.0025719984247551675,-0.038646126796726424,-0.8360488788972726,3.7008967743773984
471,15.7,0.0931490063667297,0.09059179901064383,0.09059179901064383,0.024563980618481362,0.09153206087136913,0.24572166073001434,-0.0009402618607252944,0.0016169454953605666,-0.22115768011153297,2.1736485671769463
472,15.733333333333333,0.1204364001750946,0.09783015552210765,0.09783015552210765,0.2171506953439145,0.09711755562630564,-0.10101672422839353,0.0007125998958020102,0.023318844548788964,0.31816741957230804,-0.2775829868971088
473,15.766666666666666,0.101852960884571,0.0988058261041767,0.0988058261041767,0.02927011746207131,0.09840214892069336,-0.08744927241854794,0.0004036771834833308,0.0034508119638776424,0.11671938988061925,-0.6568221032060175
474,15.799999999999999,0.1102837175130844,0.10158961502330968,0.10158961502330968,0.08351366757398962,0.10097100501896537,-0.1281765778828765,0.0006186100043443082,0.009312712494119024,0.21169024545686613,-0.8822490551006477
475,15.833333333333334,0.0970037579536438,0.1004773847677284,0.1004773847677284,-0.03336690766743852,0.10039737621624087,-0.03158936198908089,8.000855148752872e-05,-0.00339361826259707,-0.0017775456783576324,-0.35898853407364495
476,15.866666666666667,0.2330378144979477,0.13262791157199008,0.1171429322899249,0.4999664256658948,0.11442323012839453,-0.5180767096825332,0.002719702161530363,0.11861458436955316,1.018043135348428,-3.138638644756071
477,15.9,0.3067972064018249,0.17487003913073496,0.15158625758989916,1.033299758999228,0.1500955863238774,0.4449237215510738,0.0014906712660217591,0.1567016200779475,0.5883760374481544,8.293041345605776
478,15.933333333333334,0.2047652155160904,0.18212066189690718,0.18212066189690718,0.9160321292102406,0.1802134277651198,0.15831440408571418,0.0019072341317873664,0.024551787750970583,0.7577177251245264,4.994892418670801
479,15.966666666666667,0.2997465133666992,0.2106490326803307,0.2106490326803307,0.8558511235027055,0.20857705673329777,0.06779819126795372,0.002071975947032928,0.09116945663340145,0.7880529322347518,3.953279561087422
480,16.0,0.005008915439248,0.16077413324883194,0.22139962568597643,0.3225177901693722,0.2193462416289328,-0.3602590723901655,0.002053384057043639,-0.2143373261896848,0.6827768625595377,-2.063366609641442
481,16.03333333333333,0.2241109013557434,0.17613550816939283,0.2143724409138444,-0.21081554316396112,0.21471128786222568,0.020088044967423002,-0.0003388469483812939,0.009399613493517728,-0.23090358813138412,-0.35821387040449937
482,16.066666666666666,0.1556897163391113,0.17117669067301314,0.18956747836393456,-0.7441488764972944,0.19205486769219493,0.2266900386931764,-0.00248738932826037,-0.03636515135308363,-0.9708389151904708,-0.5644642628594748
483,16.1,0.1928212493658065,0.1764262509364741,0.1764262509364741,-0.39423682282381384,0.1792599209257373,0.5532729694149523,-0.00283366998926321,0.013561328440069187,-0.9475097922387661,3.6080362756007225
484,16.133333333333333,0.1519491523504257,0.17048970097369207,0.17048970097369207,-0.17809649888346102,0.17258728218446573,0.46588365898911555,-0.0020975812107736636,-0.020638129834040037,-0.6439801578725766,3.5192612473708476
485,16.166666666666668,0.2529076039791107,0.19047891649690255,0.1823309287886878,0.3552368344498723,0.18134283122331607,-0.12545068960894973,0.0009880975653717428,0.07156477275579465,0.48068752405882204,-0.13134127555999803
486,16.2,0.1555727273225784,0.18201294838735663,0.18201294838735663,-0.00953941203993558,0.1817366163785553,-0.06532358760211315,0.0002763320088013388,-0.026163889055976886,0.055784175562177574,-0.5570091942032105
487,16.233333333333334,0.2119258493185043,0.1892678699739668,0.1892678699739668,0.21764764759830524,0.1879814662179988,-0.2515632514594325,0.001286403755968002,0.023944383100505506,0.4692108990577377,-1.5903938139911025
488,16.266666666666666,0.3058271408081054,0.21753755775986783,0.21430056933835476,0.7509809809316386,0.2118784624897627,-0.16267712568216397,0.002422106848592065,0.09394867831834272,0.9136581066138025,1.30109111862376
489,16.3,0.2097163647413253,0.21564064571533306,0.22155549092496493,0.21764764759830524,0.21974641160412997,-0.3497119298302127,0.001809079320834961,-0.010030046862804676,0.567359577428518,-2.3063061704316494
490,16.333333333333332,0.2570366561412811,0.2256806217888682,0.2256806217888682,0.12375392591709777,0.2242915578071518,-0.3062718388373341,0.0013890639817163986,0.03274509833412928,0.4300257647544319,-2.2949623284779372
491,16.366666666666667,0.2308809161186218,0.22694187450643297,0.22694187450643297,0.037837581526943276,0.226140165722168,-0.19143653189630755,0.0008017087842649706,0.004740750396453802,0.22927411342325082,-1.5508854029581383
492,16.4,0.1876156777143478,0.21740390041682897,0.21740390041682897,-0.28613922268811987,0.21857025400124092,0.1946229884715983,-0.0011663535844119444,-0.030954576286893104,-0.4807622111597182,0.9091656084342157
493,16.433333333333334,0.1231177002191543,0.19453620895794804,0.19453620895794804,-0.6860307437664279,0.1971627836539559,0.291135030215138,-0.002626574696007855,-0.0740450834348016,-0.9771657739815659,0.17713472461997848
494,16.466666666666665,0.150203064084053,0.18378387535819923,0.18378387535819923,-0.32257000799246427,0.1863311337574493,0.5088275838928877,-0.002547258399250074,-0.036128069673396296,-0.831397591885352,3.427931140430827
495,16.5,0.2186836004257202,0.1922482756964316,0.1908093195362282,0.21076332534086906,0.19072656149028835,0.049103204501198684,8.275804593985137e-05,0.027957038935431833,0.16166012083967038,0.9690328593595235
496,16.53333333333333,0.1855685114860534,0.19062819994132899,0.19062819994132899,-0.0054335878469766175,0.19069383553773556,0.02119560676170007,-6.563559640657135e-05,-0.005125324051682145,-0.026629194608676687,0.1918827660487386
497,16.566666666666666,0.1757511049509048,0.18701998561800032,0.18701998561800032,-0.10824642969986004,0.1876336552632107,0.11886545293843159,-0.0006136696452103962,-0.011882550312305923,-0.22711188263829163,0.7386341580730793
498,16.6,0.215291678905487,0.19387685711948124,0.19387685711948124,0.2057061450444278,0.19302548581661502,-0.1457538418609906,0.0008513713028662218,0.022266193088871983,0.3514599869054184,-0.7134066584451402
499,16.633333333333333,0.1349729299545288,0.17959060070761507,0.1829559508431844,-0.3276271882889055,0.184383271204761,0.25186890686190366,-0.0014273203615766117,-0.04941034125023219,-0.5794960951508092,1.3119907785188434
500,16.666666666666668,0.0344805493950843,0.1443963530442208,0.15425726678910975,-0.8609605216222389,0.15633607033959201,-0.05147070873475579,-0.002078803550482261,-0.12185552094450772,-0.8094898128874831,-3.7653914998316154
501,16.7,0.0357016958296299,0.11803410831274425,0.11803410831274425,-1.0866947542909653,0.11939131700417209,-0.5105785792582788,-0.0013572086914278442,-0.08368962117454219,-0.5761161750326865,-9.048562835311905
502,16.733333333333334,0.0486877635121345,0.10121520148038866,0.09958872761415652,-0.553361420957632,0.10226011855329162,0.40891465800628857,-0.0026713909391350987,-0.053572355041157114,-0.9622760789639205,1.766352788660311
503,16.766666666666666,0.0514945276081562,0.08915620422677045,0.08915620422677045,-0.312975701621582,0.09178746196598668,0.5439096335091658,-0.002631257739216228,-0.04029293435783048,-0.8568853351307477,3.7939933472982026
504,16.8,0.0151372868567705,0.07120403560624197,0.07120403560624197,-0.5385650586158545,0.07421349191801246,0.48894113082004065,-0.003009456311770492,-0.05907620506124196,-1.0275061894358952,2.4533830483685657
505,16.833333333333332,-0.0343163795769214,0.04561165525829465,0.04561165525829465,-0.7677714104384197,0.047901682252094485,0.038074338701297616,-0.0022900269937998347,-0.08221806182901589,-0.8058457491397173,-2.7349543014692363
506,16.866666666666667,0.0184631794691085,0.03902720316854632,0.0377970526881251,-0.23443807710508635,0.03953623293404142,0.3168373306697446,-0.001739180245916315,-0.02107305346493292,-0.551275407774831,1.9443800141820646
507,16.9,0.1134641841053962,0.05708076678258266,0.04776022789573334,0.298895256228247,0.04684310906458573,-0.1340292271575006,0.0009171188311476036,0.06662107504081047,0.43292448338574757,-0.3804942421775619
508,16.933333333333334,0.2029566913843155,0.09246076542583773,0.07550118088111935,0.8322285895615803,0.07331052544792446,-0.03004513416296417,0.0021906554331948824,0.12964616593639103,0.8622737237245445,2.8273501543550923
509,16.966666666666665,0.1786383539438247,0.11336183579210676,0.11336183579210676,1.1358196473296225,0.11216026136521251,0.6088744307826268,0.001201574426894253,0.0664780925786122,0.5269452165469957,10.179699673758796
510,17.0,0.2060138136148452,0.13583317133711173,0.13583317133711173,0.674140066350149,0.13317184208757094,-0.3115626751512157,0.0026613292495407948,0.07284197152727426,0.9857027415013647,-0.41220529323078064
511,17.03333333333333,0.1038220301270484,0.12806935331386243,0.14052672910433892,0.14080673301681568,0.13892150463483297,-0.3341060104045408,0.0016052244695059503,-0.03509947450778457,0.4749127434213565,-2.410687922740393
512,17.066666666666666,0.1042435616254806,0.12229076798588012,0.12744250909378832,-0.39252660031651765,0.12886724017958281,0.22594827233692083,-0.001424731085794495,-0.02462367855410222,-0.6184748726534385,0.906995780487185
513,17.1,0.0059563512913882,0.09407561516986772,0.09658051130545996,-0.925859933649851,0.09846074474445743,-0.17320876080828707,-0.0018802334389974723,-0.09250439345306923,-0.7526511728415639,-5.1662888236319855
514,17.133333333333333,0.0100297210738062,0.07369155503651728,0.07369155503651728,-0.6866686880682803,0.07628275189460819,0.2513765745583154,-0.002591196858090908,-0.06625303082080199,-0.9380452626265957,-0.2803846226949911
515,17.166666666666668,0.0415757931768894,0.06590236285745883,0.06590236285745883,-0.2336757653717535,0.0679252636615376,0.40350290722638804,-0.00202290080407877,-0.026349470484648203,-0.6371786725981415,2.7455899104123365
516,17.2,0.0870401039719581,0.07102900218464207,0.07102900218464207,0.15379917981549723,0.07103517241676668,0.05247106481881895,-6.170232124610986e-06,0.01600493155519142,0.10132811499667829,0.8493327176145612
517,17.233333333333334,0.0110843665897846,0.05649033768735268,0.05837786373404753,-0.3795341535178361,0.06046241205558902,0.4022116044510886,-0.0020845483215414864,-0.04937804546580442,-0.7817457579689246,2.4738010265666235
518,17.266666666666666,0.0079028503969311,0.04470617769585626,0.04470617769585626,-0.41015058114573816,0.04773487248440192,0.6223961155229636,-0.0030286947885456578,-0.03983202208747082,-1.0325466966687018,4.254231529214405
519,17.3,-0.1354156583547592,0.0010203513164175892,0.013256713879887215,-0.9434839144790714,0.015007891413738848,-0.2929442973251164,-0.0017511775338516326,-0.15042354976849803,-0.650539617153955,-6.544142254118215
520,17.333333333333332,0.0195534881204366,0.005515283271581795,-0.0004149721583040552,-0.4101505811457381,0.001802096318613479,0.35624324041477107,-0.002217068476917534,0.01775139180182312,-0.7663938215605092,1.7404549291636844
521,17.366666666666667,-0.0070544863119721,0.0024666758195548352,0.0024666758195548352,0.08644943933576671,0.0028196145515261223,0.10857186530639565,-0.0003529387319712871,-0.009874100863498221,-0.02212242597062894,1.1219213009422513
522,17.4,-0.0144913643598556,-0.0016462402779975583,-0.0016462402779975583,-0.12338748292657181,-0.0008018739259539685,0.1747020953409958,-0.0008443663520435898,-0.013689490433901632,-0.2980895782675676,1.1883887618111304
523,17.433333333333334,0.0307167842984199,0.00620292173232967,0.00620292173232967,0.23547486030981685,0.005297489876511954,-0.1484768677268848,0.0009054318558177161,0.025419294421907948,0.38395172803670163,-0.6555533139014044
524,17.466666666666665,0.1043868586421012,0.030015950264221457,0.030015950264221457,0.7143908559567537,0.027463984152032165,-0.2519698934504385,0.002551966112189292,0.07692287449006904,0.9663607494071922,0.27355702167806994
525,17.5,0.0779833570122718,0.04164971910099033,0.04164971910099033,0.3490130651030662,0.03901784062825493,-0.5188752442849891,0.0026318784727353967,0.038965516384016866,0.8678883093880553,-3.435992713848041
526,17.53333333333333,0.0616008378565311,0.046488561126702285,0.046488561126702285,0.1451652607713587,0.04464312262905476,-0.4141365783388602,0.0018454384976475252,0.01695771522747634,0.5593018391102189,-3.1642863953792166
527,17.566666666666666,0.1134838536381721,0.06273725579397929,0.06273725579397929,0.48746084001831025,0.05953454945725824,-0.6273586011675378,0.0032027063367210534,0.05394930418091386,1.114819441185848,-4.046218324391393
528,17.6,0.0360651314258575,0.05626833553497673,0.06120817268347852,-0.04587249331502308,0.060155264903073956,-0.2780994115754122,0.0010529077804045661,-0.024090133477216454,0.2322269182603891,-2.4951757722752745
529,17.633333333333333,-0.3777976334095001,-0.04900779851021832,0.04190131179519997,-0.5792058266483564,0.04449082157176295,0.4508531581774169,-0.0025895097765629774,-0.42228845498126305,-1.0300589848257733,2.325675143383939
530,17.666666666666668,0.1192932203412056,-0.008188932512428491,0.004816673129143655,-1.1125391599816896,0.0060708465492054975,-0.5866990505447744,-0.0012541734200618429,0.1132223737920001,-0.5258401094369152,-9.924517088689178
531,17.7,0.0998322516679763,0.018009971523173626,-0.014490187759134888,-0.5792058266483563,-0.011782606770677105,0.4038992725101245,-0.0027075809884577837,0.1116148584386534,-0.9831050991584808,1.6353154752203083
532,17.733333333333334,0.1183246299624443,0.042339774327644304,-0.016019270869635654,-0.045872493315022966,-0.014812872703916704,0.27379652394588194,-0.0012063981657189499,0.133137502666361,-0.3196690172609049,2.1727876686726617
533,17.766666666666666,0.0657983720302581,0.04802930230943496,0.00022942379764135865,0.48746084001831036,-0.0018448152996312726,-0.3554856908876578,0.002074239097272631,0.06764318732988937,0.8429465309059682,-1.7613477417766283
534,17.8,0.1695410758256912,0.07750014469745706,0.03425589624269615,1.0207941733516437,0.03269671738687398,0.3865739703267327,0.0015591788558221714,0.1368443584388172,0.634220203024911,7.621583170102656
535,17.833333333333332,0.0189834348857402,0.06330780199664034,0.06330780199664034,0.8715571726183257,0.06126761416697291,0.07849307439196829,0.002040187829667424,-0.04228417928123271,0.7930640982263574,4.076350637809928
536,17.866666666666667,0.0364106148481369,0.05678429616509529,0.07458192997280674,0.33822383928499233,0.07246234562524503,-0.3712271457955578,0.0021195843475617093,-0.03605173077710813,0.7094509850805502,-2.114727366946379
537,17.9,0.0661557987332344,0.05905721233718641,0.06807828017119538,-0.195109494048341,0.06830856539118728,-0.0017145355705056736,-0.00023028521999189644,-0.002152766657952873,-0.19339495847783533,-0.5030958443410405
538,17.933333333333334,-0.1152910813689231,0.016771671308967152,0.04379685259180624,-0.7284428273816743,0.04633740942060316,0.26204922183998547,-0.0025405568287969194,-0.16162849078952626,-0.9904920492216598,-0.157569424323603
539,17.966666666666665,-0.3150168657302856,-0.06369861892120635,0.0017376472346393168,-1.2617761607150078,0.003018071917975272,-0.7751161111233483,-0.0012804246833359552,-0.31803493764826085,-0.4866600495916594,-12.4740607681086
540,18.0,-0.0737263411283493,-0.06613069123918665,-0.05809933590030538,-1.795109494048341,-0.05102721968504296,-0.4854349923621879,-0.007072116215262422,-0.022699121443306346,-1.309674501686153,-15.099002894598195
541,18.03333333333333,0.1101668253540992,-0.023372395688300386,-0.10015854125747231,-1.2617761607150078,-0.097050510761796,-0.6415089933430471,-0.003108030495676317,0.2072173361158952,-0.6202671673719606,-12.554225038776778
542,18.066666666666666,-0.2531198561191559,-0.07909416650502096,-0.12443996883686145,-0.7284428273816744,-0.12203415166587575,0.10660697551149856,-0.0024058171709857024,-0.13108570445328013,-0.835049802893173,-1.946316846991128
543,18.1,0.0007181405089795,-0.05973689887103847,-0.13094361863847281,-0.1951094940483411,-0.12931830849106846,0.30582731660797224,-0.0016253101474043574,0.13003644900004796,-0.5009368106563133,1.969554962599355
544,18.133333333333333,-0.3044993281364441,-0.1191003232261702,-0.11966949066230641,0.3382238392849922,-0.1208306662233484,-0.18104763664634704,0.001161175561041991,-0.1836686619130957,0.5192714759313393,-0.6761544787997007
545,18.166666666666668,0.1035581678152084,-0.06509787469012425,-0.09061758490836222,0.8715571726183255,-0.09267640775350497,0.056994810904398396,0.0020588228451427493,0.19623457556871338,0.8145623617139272,3.828959955331286
546,18.2,0.2525315880775451,0.011938346279572964,-0.043787901376640265,1.4048905059516588,-0.046675572258091755,0.6426185632445437,0.00288767088145149,0.2992071603356369,0.7622719427071151,12.553559296835882
547,18.233333333333334,0.0705113634467125,0.026144345477607432,0.02081955993285947,1.938223839284992,0.012915102310112921,1.1508809481845612,0.00790445762274655,0.057596261136599575,0.7873428911004308,24.282157084946945
548,18.266666666666666,0.0574512779712677,0.033737368330242164,0.06764924346458143,1.4048905059516588,0.06240399207160087,0.4702676465679103,0.005245251392980557,-0.004952714100333169,0.9346228593837484,12.656969846841864
549,18.3,-0.7632595300674438,-0.15956217209065662,0.0967011492185256,0.8715571726183254,0.09483354794699471,0.27759735236506605,0.0018676012715308915,-0.8580930780144386,0.5939598202532594,6.367537702321544
550,18.333333333333332,-0.4405812919139862,-0.22771910823500535,0.10797527719469201,0.3382238392849921,0.10610317996557983,-0.29276044800674705,0.0018720972291121768,-0.546684471879566,0.6309842872917392,-1.3813740844441114
551,18.366666666666667,-0.2553727328777313,-0.23442607653708739,0.10147162739308063,-0.19510949404834121,0.10183441715194858,0.034413867924944996,-0.00036278975886794296,-0.3572071500296799,-0.2295233619732862,-0.1829717888789344
552,18.4,-0.7363579273223877,-0.3561620535207732,0.07719019981369148,-0.7284428273816745,0.07972455261311254,0.2548919507132995,-0.0025343527994210607,-0.8160824799355002,-0.983334778094974,-0.23993152718551058
553,18.433333333333334,-0.181734561920166,-0.3138573042413807,0.03513099445652455,-1.2617761607150078,0.036408917016600005,-0.7752990288372823,-0.001277922560075452,-0.218143478936766,-0.48647713187772545,-12.47395101748023
554,18.466666666666665,-0.0992219373583793,-0.26180074309294193,-0.024705988678420145,-1.795109494048341,-0.017634266819541174,-0.48518206033694145,-0.007071721858878971,-0.08158767053883811,-1.3099274337113995,-15.095512432649791
555,18.5,-0.419289082288742,-0.2999971572187703,-0.09137265534508682,-2.0,-0.0825588151245751,-1.790945796604071,-0.008813840220511723,-0.33673026716416693,-0.20905420339592906,-33.11505199313618
556,18.53333333333333,-0.498261034488678,-0.34808306123594696,-0.15803932201175347,-2.0,-0.1489509087885931,-1.9670512396821616,-0.009088413223160369,-0.3493101257000849,-0.032948760317838444,-35.54530710761383
557,18.566666666666666,-0.4200139939785003,-0.36552882077294857,-0.22470598867842012,-2.0,-0.215574300362451,-1.9948069888629503,-0.009131688315969111,-0.2044396936160493,-0.00519301113704973,-35.92833644630871
558,18.6,0.0236452165991067,-0.27114054558768297,-0.273594877567309,-1.4666666666666668,-0.26707703423624013,-0.37076005513655774,-0.006517843331068862,0.2907222508353468,-1.095906611530109,-12.71667440170065
559,18.633333333333333,-0.6225160360336304,-0.35636135504744376,-0.34026154423397564,-2.0,-0.3315350000857818,-1.734955901945004,-0.008726544148193849,-0.2909810359478486,-0.26504409805499596,-32.342391446841056
560,18.666666666666668,-0.5876190066337585,-0.4124493998821497,-0.4069282109006423,-2.0,-0.3978535562975755,-1.958226745415247,-0.009074654603066779,-0.18976545033618303,-0.041773254584752895,-35.42352908673041
561,18.7,-0.4004869163036346,-0.40954808046338115,-0.45581709978953117,-1.4666666666666668,-0.4493222585061704,-0.3724416197696838,-0.006494841283360753,0.048835342202535825,-1.094225046896983,-12.715665462920777
562,18.733333333333334,-0.6353737115859985,-0.46431867091237916,-0.48692821090064226,-0.9333333333333335,-0.4853082464257875,-0.46110691276880633,-0.0016199644748547404,-0.15006546516021102,-0.4722264205645271,-8.479268978472579
563,18.766666666666666,-0.0253036022186279,-0.35784220759494323,-0.5002615442339756,-0.40000000000000013,-0.4983048781136543,0.2801581206817966,-0.0019566661203213043,0.47300127589502644,-0.6801581206817967,1.06241573776513
564,18.8,0.1037380695343017,-0.24589289434690917,-0.4958170997895312,0.1333333333333332,-0.4958470179827009,0.02567599055196309,2.991819316972011e-05,0.5995850875170026,0.1076573427813701,0.5254158502766586
565,18.833333333333332,0.2361074388027191,-0.12899100543384467,-0.473594877567309,0.6666666666666665,-0.4763339452570024,-0.3888847047328621,0.0027390676896933974,0.7124413840597215,1.0555513713995286,-1.3019864460153947
566,18.866666666666667,-0.3491353690624237,-0.18238369040063362,-0.433594877567309,1.1999999999999997,-0.4345742847171965,0.759024632345916,0.000979407149887479,0.0854389156547728,0.44097536765408374,11.907549035197937
567,18.9,-0.4387988150119781,-0.2445732997253219,-0.37581709978953126,1.733333333333333,-0.38240389487488285,0.3377699955153466,0.006586795085351593,-0.05639492013709524,1.3955633378179864,12.736468437473427
568,18.933333333333334,-0.9438020586967468,-0.41416065700360494,-0.3358170997895313,1.1999999999999997,-0.3379517550437357,0.7191423490082809,0.0021346552542044206,-0.6058503036530112,0.48085765099171884,12.507645025377677
569,18.966666666666665,-0.3059866726398468,-0.3879246935951523,-0.3135948775673091,0.6666666666666664,-0.31623539881726626,-0.2751967214834592,0.002640521249957173,0.010248726177419454,0.9418633881501256,0.006274929697692888
570,19.0,0.1138067543506622,-0.26623732128841004,-0.2735948775673091,1.1999999999999997,-0.2745788987856066,0.7537016178005715,0.0009840212182974928,0.3883856531362688,0.4462983821994282,11.8462945900667
571,19.03333333333333,-0.3449308276176452,-0.2853232407419636,-0.2513726553450869,0.6666666666666664,-0.25406705072962227,-0.3373485529032312,0.002694395384535364,-0.09086377688802294,1.0040152195698977,-0.7089355802639776
572,19.066666666666666,-0.3072325885295868,-0.29063702159454097,-0.24692821090064246,0.13333333333333308,-0.24852766167278542,-0.3370437110975334,0.001599450772142963,-0.05870492685680137,0.4703770444308665,-2.462481217200552
573,19.1,-0.138312429189682,-0.2536929961336441,-0.2536929961336441,-0.20294355699004923,-0.25328280593116304,0.03388091077026473,-0.0004101902024810644,0.11497037674148103,-0.23682446776031396,-0.24494865636055763
574,19.133333333333333,-0.1192259714007377,-0.2210800535552067,-0.24268000358886796,0.3303897763432841,-0.2443282060191168,-0.3087255884072415,0.0016482024302488518,0.1251022346183791,0.6391153647505257,-1.8003646667599629
575,19.166666666666668,-0.1853084415197372,-0.21240419022315057,-0.21388923326631404,0.8637231096766174,-0.21594923710045522,0.06858972264964924,0.0020600038341411775,0.030640795580718028,0.7951333870269681,3.9623880869380934
576,19.2,0.0800821632146835,-0.141466050046466,-0.16732068516598236,1.3970564430099506,-0.17011021666495899,0.6506141309110296,0.0027895314989766218,0.2501923798796425,0.746442312098921,12.548761956235982
577,19.233333333333334,0.1963096261024475,-0.05954366980106142,-0.10297435928787291,1.9303897763432838,-0.11083165350449906,1.1134275792551929,0.007857294216626148,0.3071412796069466,0.8169621970880909,23.765300593721662
578,19.266666666666666,0.0096703441813588,-0.04275685780670456,-0.04275685780670456,1.8065250444350505,-0.050911731954201095,1.1903905860357562,0.008154874147496535,0.060582076135559895,0.6161344583992943,24.827390087293438
579,19.3,0.2070246040821075,0.017823856981316492,0.017823856981316492,1.8174214436406315,0.00957799597594884,1.2587673516179927,0.008245861005367653,0.19744660810615866,0.5586540920226388,25.7709894523283
580,19.333333333333332,0.350401759147644,0.09848559578123298,0.08449052364798315,2.0,0.0754916288880792,1.9096359494556434,0.008998894759903953,0.2749101302595648,0.09036405054435659,34.75297610248788
581,19.366666666666667,0.0215916689485311,0.07983613710981056,0.13337941253687205,1.4666666666666668,0.12691512566489555,0.3746752999281542,0.0064642868719765045,-0.10532345671636445,1.0919913667385126,12.714325254825727
582,19.4,0.0288805123418569,0.06747762119926257,0.16449052364798317,0.9333333333333335,0.1628691285771096,0.4594565073695016,0.0016213950708735547,-0.1339886162352527,0.47387682596383185,8.460276983219734
583,19.433333333333334,-0.0423448495566844,0.040841842355341065,0.1778238569813165,0.40000000000000013,0.1758651394029316,-0.2808085429781707,0.0019587175783848942,-0.21820998895961602,0.6808085429781708,-1.0684946137660538
584,19.466666666666665,0.0542995259165763,0.04410579990993951,0.17337941253687206,-0.1333333333333332,0.1734082323799279,-0.025975464339291557,-2.881984305583285e-05,-0.11910870646335159,-0.10735786899404164,-0.5280694068700704
585,19.5,-0.4300690591335296,-0.0708981386455548,0.15115719031464983,-0.6666666666666665,0.15389630943047872,0.3889440324330562,-0.0027391191158288863,-0.5839653685640083,-1.0556106990997227,1.302669157912077
586,19.53333333333333,0.1793211996555328,-0.010211223558104505,0.11115719031464984,-1.1999999999999997,0.11213659505670086,-0.7590274101435543,-0.000979404742051021,0.06718460459883195,-0.4409725898564454,-11.907581000628724
587,19.566666666666666,0.0176453161984682,-0.0034550412649393446,0.053379412536872076,-1.733333333333333,0.05996620665112838,-0.33777006650726227,-0.006586794114256306,-0.04232089045266018,-1.3955632668260707,-12.736468394878258
588,19.6,0.0167082510888576,0.001435260257183225,0.0014352602571832268,-1.5583245683906655,0.008080527578622041,-0.35183805708229543,-0.006645267321438815,0.008627723510235557,-1.20648651130837,-12.72802760053323
589,19.633333333333333,0.1465653777122497,0.03663437465988095,-0.03273111424472785,-1.0249912350573323,-0.03139880610722743,-0.6413612626138568,-0.001332308137500418,0.17796418381947712,-0.3836299724434754,-10.553541007638799
590,19.666666666666668,-0.0448866747319698,0.016862677412683873,-0.04911971096886114,-0.4916579017239989,-0.04692318730556281,0.2977251046544045,-0.0021965236632983318,0.0020365125735930106,-0.7893830063784034,0.928110097655864
591,19.7,0.049110323190689,0.024683856040952454,-0.04773052991521666,0.0416754316093344,-0.04720532326026986,0.13152947823736116,-0.0005252066549467985,0.09631564645095886,-0.08985404662802676,1.1814561626573268
592,19.733333333333334,0.175916701555252,0.0613630948099245,-0.0285635710837944,0.5750087649426677,-0.031390920068034546,-0.51600359279465,0.0028273489842401446,0.20730762162328653,1.0910123577373176,-2.9096876217983407
593,19.766666666666666,-0.1190165057778358,0.017614751541565582,0.008381165525405635,1.108342098276001,0.007125278616086382,0.5916641283571384,0.001255886909319253,-0.12614178439392218,0.5166779699188626,9.981652586599068
594,19.8,0.1150548383593559,0.0412473704869068,0.0412473704869068,0.985986148845035,0.03954330962147595,0.27700267663335126,0.0017040608654308453,0.07551152873787995,0.7089834722116837,6.360694487509916
595,19.833333333333332,0.0966315269470214,0.054679959762803015,0.05633579767063018,0.45265281551170167,0.053883794370943545,-0.40361237594550037,0.002452003299686638,0.042747732576077856,0.856265191457202,-2.044758846527834
596,19.866666666666667,-0.243627056479454,-0.01766989411979683,0.053646447076575794,-0.08068051782163166,0.053166041388790906,-0.1386791104207319,0.0004804056877848878,-0.2967930978682449,0.05799859259910023,-1.3647694256249188
597,19.9,-0.27454873919487,-0.07997197182761526,0.033179318704743624,-0.614013851154965,0.03610347845194393,0.515329402262692,-0.002924159747200304,-0.31065221764681394,-1.129343253417657,2.7570453644158004
598,19.933333333333334,-0.381688117980957,-0.1531486585954781,-0.005065587444866321,-1.1473471844882983,-0.003933648487462284,-0.670143028575795,-0.001131938957404037,-0.37775446949349467,-0.4772041559125033,-10.884746396780177
599,19.966666666666665,-0.2687205076217651,-0.1811788621599938,-0.06108827137225404,-1.6806805178216315,-0.05510275626017696,-0.3872451095425897,-0.0059855151120770805,-0.21361775136158812,-1.2934354082790418,-12.706783369057057
600,20.0,-0.1771505773067474,-0.18020186261033125,-0.1277549380389207,-2.0,-0.11911229344698103,-1.6811444624164884,-0.008642644591939683,-0.05803828385976638,-0.3188555375835116,-31.59979358134754
601,20.03333333333333,-0.3258406817913055,-0.21552435492080624,-0.1944216047055874,-2.0,-0.1853601734021476,-1.9497455946199909,-0.009061431303439782,-0.14048050838915788,-0.05025440538000914,-35.306489205755874
602,20.066666666666666,-0.3695253133773803,-0.25287495760681555,-0.25287495760681555,-1.753600587036845,-0.2447444277134915,-1.126110517361267,-0.008130529893324051,-0.12478088566388881,-0.6274900696755779,-23.940325139585486
603,20.1,-0.0842529907822609,-0.21197825053357122,-0.29355053273026593,-1.2202672537035117,-0.290538154240734,-0.6528521828482765,-0.0030123784895319528,0.2062851634584731,-0.5674150708552352,-12.547419125073663
604,20.133333333333333,-0.3904117047786712,-0.2552545854485923,-0.31644833007593853,-0.6869339203701784,-0.3139109536908741,0.18972533779617617,-0.0025373763850644604,-0.07650075108779714,-0.8766592581663546,-0.9898345532466617
605,20.166666666666668,-0.3198688924312591,-0.2709258080963524,-0.32156834964383335,-0.1536005870368451,-0.32004981491820267,0.298457813555947,-0.0015185347256306825,0.00018092248694356883,-0.4520584005927921,2.0358545987795997
606,20.2,-0.3708524405956268,-0.29516150107928746,-0.3089105914339504,0.37973274629648823,-0.31032217554040575,-0.22871544680403966,0.0014115841064553658,-0.06053026505522102,0.6084481931005279,-0.9708631731268321
607,20.233333333333334,-0.4311191737651825,-0.3281359777676083,-0.3140306110018452,-0.1536005870368451,-0.3137309861672596,0.029546966101230948,-0.00029962483458562117,-0.11738818759792291,-0.18314755313807604,-0.12703547623551797
608,20.266666666666666,-0.4246271252632141,-0.3515384458362844,-0.3369284083475178,-0.6869339203701784,-0.3342640174201024,0.3362555138418599,-0.002664390927415383,-0.09036310784311169,-1.0231894342120382,0.6963574629883826
609,20.3,-0.4724736213684082,-0.38086944310625837,-0.3776039834709682,-1.2202672537035117,-0.3766831286187087,-0.7930518537294913,-0.0009208548522595117,-0.09579049274969953,-0.42721539997402047,-12.299116359963591
610,20.333333333333332,-0.5604828596115112,-0.42443196001654204,-0.42443196001654204,-1.4048392963672158,-0.42200388326534977,-0.6762225581250481,-0.0024280767511922763,-0.13847897634616146,-0.7286167382421678,-12.533396899907574
611,20.366666666666667,-0.4524019658565521,-0.43121566179168497,-0.4534821587843381,-0.8715059630338825,-0.45148249706879395,-0.12533067731921999,-0.0019996617155441654,-0.0009194687877581709,-0.7461752857146625,-4.615333079835364
612,20.4,-0.4337167739868164,-0.43182226871679597,-0.4647545797743564,-0.3381726297005492,-0.46269347387550314,0.35271901272996264,-0.002061105898853277,0.02897669988868673,-0.6908916424305118,1.9419162898421685
613,20.433333333333334,-0.3731111586093902,-0.41758277716522474,-0.4582492229865969,0.19516070363278415,-0.4585110559544745,-0.006861781562925995,0.00026183296787757326,0.0853998973450843,0.20202248519571014,0.42726090538122447
614,20.466666666666665,0.134623035788536,-0.2836536112220356,-0.43396608842105966,0.7284940369661175,-0.43650501136501296,-0.26024899199341855,0.0025389229439533034,0.5711280471535489,0.988743028959536,0.17828552032913503
615,20.5,-0.643505334854126,-0.3709302028092749,-0.3919051760777446,1.261827370299451,-0.39318558643476564,0.7751117911703845,0.0012804103570210335,-0.25031974841936033,0.4867155791290664,12.474063360080343
616,20.53333333333333,-0.2252916395664215,-0.3356077725727192,-0.3356077725727192,1.688922105150763,-0.34175691274028197,0.3744194992904737,0.006149140167562794,0.11646527317386046,1.3145026058602893,12.714478735208296
617,20.566666666666666,-0.5032649040222168,-0.376270473422156,-0.2970881468454715,1.1555887718174298,-0.29848724181040015,0.7775702241296263,0.0013990949649286266,-0.20477766221181665,0.3780185476878035,12.472588300304848
618,20.6,-0.1449913382530212,-0.32017721806944927,-0.27634629889600165,0.6222554384840965,-0.2791070190107762,-0.3810838734024282,0.002760720114774573,0.134115680757755,1.0033393118865246,-1.2455371272661186
619,20.633333333333333,-0.2423494160175323,-0.30130126209164126,-0.27338222872430956,0.08892210515076315,-0.2748043911206075,-0.3103252595231898,0.0014221623962979435,0.03245497510307521,0.39924736467395294,-2.3608407735296146
620,20.666666666666668,-0.2860625386238098,-0.2976053402519766,-0.28819593633039525,-0.4444112281825702,-0.2864328909071232,0.2923450794846312,-0.0017630454232720472,0.000370352283313391,-0.7367563076672013,1.335441169020691
621,20.7,-0.1624979823827743,-0.26483709455854454,-0.28523186615870316,0.08892210515076315,-0.2850492335745936,0.06933585872563573,-0.0001826325841095544,0.12255125119181931,0.01958624642512742,0.8025636090444
622,20.733333333333334,-0.5334152579307556,-0.3299766649274023,-0.30004557376478885,-0.4444112281825702,-0.2975620364583782,0.4789651969752484,-0.0024835373064106547,-0.23585322147237742,-0.9233764251578186,2.954970287716062
623,20.766666666666666,-0.2150376886129379,-0.30209995506478954,-0.30209995506478954,-0.06163143900002055,-0.30077241956367035,0.3108847001759416,-0.0013275355011191925,0.08573473095073245,-0.37251613917596216,2.49413364875628
624,20.8,-0.3705255687236786,-0.318695552487907,-0.318695552487907,-0.4978679226935234,-0.3155004588520881,0.6357892910355534,-0.0031950936358188797,-0.05502510987159048,-1.1336572137290768,4.14323425879093
625,20.833333333333332,-0.4503600597381592,-0.3506287868485236,-0.3506287868485236,-0.9579970308184987,-0.34892983262526667,-0.3291872999937018,-0.0016989542232569432,-0.10143022711289251,-0.628809730824797,-6.961207621767148
626,20.866666666666667,-0.7737194895744324,-0.45324303611058914,-0.400339798986918,-1.491330364151832,-0.3965091549040439,-0.5646227457136159,-0.0038306440828740906,-0.37721033467038845,-0.9267076184382161,-12.60035678735447
627,20.9,-0.4441073536872864,-0.4510273145470473,-0.4510273145470473,-1.5206254668038788,-0.4459681781982558,-0.471743401421551,-0.005059136348791515,0.0018608245109694166,-1.0488820653823279,-12.656084393929682
628,20.933333333333334,-0.8652524948120117,-0.5514913654573539,-0.517693981213714,-2.0,-0.5091973419703356,-1.5874996526495824,-0.008496639243378401,-0.3560551528416761,-0.41250034735041763,-30.307495206564237
629,20.966666666666665,-0.4667073786258697,-0.5309282920971866,-0.5665828701026029,-1.4666666666666668,-0.560321145974044,-0.3894836487170239,-0.006261724128558854,0.09361376734817434,-1.0771830179496429,-12.705440245552417
630,21.0,-0.4371351897716522,-0.508180194067413,-0.597693981213714,-0.9333333333333335,-0.5960631019001021,-0.4485150219901829,-0.0016308793136118327,0.15892791212844992,-0.48481831134315057,-8.334368137750204
631,21.03333333333333,-0.3158909976482391,-0.46154335850323813,-0.6110273145470473,-0.40000000000000013,-0.609054996674808,0.2851205659811954,-0.001972317872239282,0.2931639990265689,-0.6851205659811955,1.1087949744618
632,21.066666666666666,-0.4383319914340973,-0.4559137925713932,-0.6065828701026028,0.1333333333333332,-0.6066044083518648,0.027960848092210916,2.1538249261987552e-05,0.1682724169177675,0.10537248524112228,0.5456613577215121
633,21.1,-0.1092269420623779,-0.3718301417967291,-0.5843606478803806,0.6666666666666665,-0.5871001079296008,-0.3893373498353079,0.0027394600492202104,0.47787316586722284,1.0560040165019744,-1.3071952472229533
634,21.133333333333333,-0.3239684998989105,-0.3602220246243313,-0.5443606478803805,1.1999999999999997,-0.5453400366595008,0.7590458257596443,0.0009793887791202938,0.2213715367605903,0.44095417424035543,11.907792917830092
635,21.166666666666668,-0.2903595864772796,-0.3432779471584612,-0.48658287010260276,1.733333333333333,-0.49316965777891075,0.3377705371534552,0.0065867876763079924,0.20281007130163115,1.3955627961798778,12.736468112490515
636,21.2,-0.2086630314588546,-0.31062913586340396,-0.4199162034359361,2.0,-0.42865361381245565,1.741925275974612,0.008737410376519539,0.21999058235360106,0.258074724025388,32.438568808449645
637,21.233333333333334,-0.1141828894615173,-0.2629840707154245,-0.35324953676926946,2.0,-0.36232590398440934,1.9593251793655615,0.00907636721513988,0.24814301452289203,0.0406748206344385,35.43868747524475
638,21.266666666666666,-0.5266621708869934,-0.3269352048850678,-0.3043606478803806,1.4666666666666668,-0.31085617987073916,0.3723911256365531,0.006495531990358572,-0.21580599101625425,1.0942755410301137,12.715695759400699
639,21.3,-0.326870709657669,-0.3269195625433716,-0.2732495367692695,0.9333333333333335,-0.2748694689043528,0.4611442215077682,0.001619932135083324,-0.05200124075331619,0.4721891118255653,8.479698307771653
640,21.333333333333332,-0.466318815946579,-0.3607287425690773,-0.25991620343593613,0.40000000000000013,-0.26187282318140104,-0.2801434173636487,0.001956619745464905,-0.20444599276517794,0.6801434173636488,-1.0622783198932122
641,21.366666666666667,-0.4406071305274963,-0.38010203713642976,-0.26436064788038055,-0.1333333333333332,-0.26433070485812477,-0.025669220706593956,-2.9943022255785046e-05,-0.17627642566937152,-0.10766411262673924,-0.5253558644996956
642,21.4,-0.2262694090604782,-0.34279226043767164,-0.28658287010260275,-0.6666666666666665,-0.2838438035754384,0.38888336358257036,-0.0027390665271643244,0.057574394514960214,-1.0555500302492369,1.3019710127648856
643,21.433333333333334,-0.7587295770645142,-0.4436715641206732,-0.32658287010260273,-1.1999999999999997,-0.32560346289828423,-0.7590245695515732,-0.0009794072043184943,-0.4331261141662299,-0.4409754304484266,-11.90754831259374
644,21.466666666666665,-0.7061567902565002,-0.5073333847392193,-0.3843606478803805,-1.733333333333333,-0.37777385277307657,-0.33776999391051965,-0.006586795107303922,-0.3283829374834237,-1.3955633394228133,-12.736468438436328
645,21.5,-0.0902076214551925,-0.4061658412988105,-0.42436064788038047,-1.1999999999999997,-0.4222259926173225,-0.7191423483610418,-0.0021346552630579496,0.33201837116213,-0.4808576516389579,-12.50764502576597
646,21.53333333333333,-0.3087059259414673,-0.38252841324117476,-0.44658287010260267,-0.6666666666666664,-0.44394234885306005,0.2751967210052365,-0.0026405212495426156,0.13523642291159277,-0.9418633876719029,-0.006274935200812459
647,21.566666666666666,0.0550595037639141,-0.27639808397530663,-0.4510273145470471,-0.13333333333333308,-0.44950511865832193,0.3125497672194405,-0.001522195888725153,0.504564622422236,-0.4458831005527736,2.23355971737179
648,21.6,0.1672676801681518,-0.16879366483411118,-0.4376939812137137,0.40000000000000024,-0.439197957525376,-0.24384476539707134,0.0015039763116622695,0.6064656376935278,0.6438447653970716,-1.04258693313582
649,21.633333333333333,0.1565288007259369,-0.08989162241992261,-0.40658287010260263,0.9333333333333336,-0.408436513160531,0.1915238927294552,0.0018536430579283447,0.5649653138864679,0.7418094406038784,5.377049706169497
650,21.666666666666668,0.1083639040589332,-0.0418077437607815,-0.35769398121371376,1.4666666666666668,-0.3612765440636752,0.5853437264673809,0.003582562849961446,0.4696404481226084,0.8813229401992859,12.587924198902185
651,21.7,-0.0145128145813941,-0.03518777161684489,-0.2910273145470471,2.0,-0.2992912329672403,1.4382373315721892,0.008263918420193195,0.2847784183858462,0.5617626684278108,28.247675175696212
652,21.733333333333334,0.0957043841481208,-0.0034418594245446688,-0.22436064788038046,2.0,-0.23336238864588194,1.9114613185630074,0.009001740765501476,0.32906677279400276,0.08853868143699262,34.7781661961695
653,21.766666666666666,-0.2744005620479584,-0.06915879357503886,-0.1576939812137138,2.0,-0.16681200919668235,1.9860455339039529,0.00911802798296854,-0.10758855285127603,0.013954466096047113,35.80742836787455
654,21.8,0.1067451834678649,-0.026495945088475234,-0.09102731454704714,2.0,-0.10016367040668167,1.997800654800082,0.009136355859634529,0.20690885387454655,0.0021993451999180458,35.96964903624113
655,21.833333333333332,0.0421427749097347,-0.009848661946712817,-0.024360647880380476,2.0,-0.03349989237275041,1.9996533640717524,0.009139244492369934,0.07564266728248512,0.00034663592824757394,35.99521642419018
656,21.866666666666667,-0.2104151993989944,-0.058493041355566947,0.024528241008508415,1.4666666666666668,0.018007350224955396,0.3705372711312622,0.006520890783553019,-0.22842254962394978,1.0961293955354046,12.716808072103849
657,21.9,-0.6165246367454529,-0.1938351626938889,0.055639352119619526,0.9333333333333335,0.054020607315168445,0.4625139840825306,0.0016187448044510805,-0.6705452440606213,0.4708193492508029,8.49546081335263
658,21.933333333333334,-0.4845790565013885,-0.26435069564785685,0.06897268545295286,0.40000000000000013,0.06701776832581459,-0.2796035959841632,0.0019549171271382726,-0.5515968248272031,0.6796035959841633,-1.0572331250300895
659,21.966666666666665,-0.1247241497039794,-0.23048638925498346,0.06452824100850842,-0.1333333333333332,0.06455909561217364,-0.025420670873822084,-3.0854603665225744e-05,-0.18928324531615304,-0.10791266245951112,-0.5231535313558757
660,22.0,0.0367221198976039,-0.16567900779642267,0.042306018786286204,-0.6666666666666665,0.04504504263206095,0.38883412424815345,-0.002739023845774749,-0.008322922734457054,-1.05550079091482,1.3014043924630467
661,22.03333333333333,-0.7270411849021912,-0.3018289113435696,0.0023060187862862097,-1.1999999999999997,0.0032854279890011462,-0.7590222641039281,-0.0009794092027149365,-0.7303266128911923,-0.4409777358960716,-11.907521782717666
662,22.066666666666666,-0.3422908186912536,-0.311642334846954,-0.05547175899149155,-1.733333333333333,-0.04888496307822202,-0.33776993499040486,-0.006586795913269529,-0.29340585561303156,-1.395563398342928,-12.73646847378836
663,22.1,-0.1337357312440872,-0.2684937795848009,-0.12213842565815822,-2.0,-0.1134010139834219,-1.7419261086239857,-0.008737411674736323,-0.020334717260665297,-0.25807389137601433,-32.438580299011
664,22.133333333333333,-0.107495367527008,-0.2294460503880718,-0.1888050923248249,-2.0,-0.17972872490507477,-1.959325310598348,-0.009076367419750125,0.07223335737806677,-0.04067468940165209,-35.4386892862572
665,22.166666666666668,0.019263170659542,-0.16912539139479832,-0.2376939812137138,-1.4666666666666668,-0.23119844914083465,-0.3723911196038847,-0.0064955320728791455,0.2504616198003766,-1.094275547062782,-12.715695763020276
666,22.2,0.1747098416090011,-0.0857333573056227,-0.2688050923248249,-0.9333333333333335,-0.26718516019360533,-0.46114422596514754,-0.0016199321312195814,0.44189500180260644,-0.4721891073681859,-8.47969835906482
667,22.233333333333334,0.0789954885840416,-0.04578086781845707,-0.2821384256581583,-0.40000000000000013,-0.2801818059182339,0.2801434156069975,-0.0019566197399243923,0.3591772945022755,-0.6801434156069976,1.0622783034754602
668,22.266666666666666,0.0922650471329689,-0.012299919560389679,-0.27769398121371386,0.1333333333333332,-0.27772392423893605,0.025669219897780135,2.9943025222189945e-05,0.36998897137190495,0.10766411343555306,0.5253558573330197
669,22.3,0.1157019734382629,0.018745003122983765,-0.25547175899149166,0.6666666666666665,-0.2582108255185171,-0.3888833634223381,0.0027390665270254355,0.37391279895678,1.0555500300890046,-1.3019710109210165
670,22.333333333333332,0.1649117171764373,0.05419552834857543,-0.21547175899149168,1.1999999999999997,-0.2164511661958167,0.7590245695440707,0.0009794072043250168,0.381362883372254,0.440975430455929,11.907548312507412
671,22.366666666666667,0.1174942702054977,0.06954768057747764,-0.15769398121371392,1.733333333333333,-0.16428077632102048,0.33776999391032425,0.006586795107306559,0.2817750465265182,1.3955633394230087,12.736468438436404
672,22.4,0.1386736929416656,0.08631314911065567,-0.09102731454704725,2.0,-0.09976472609475681,1.7419260271516421,0.008737411547709559,0.2384384190364224,0.25807397284835787,32.43857917469266
673,22.433333333333334,0.1358945518732071,0.09833836826356937,-0.024360647880380587,2.0,-0.03343701528011017,1.9593252977575977,0.009076367399729585,0.16933156715331726,0.04067470224240233,35.43868910905485
674,22.466666666666665,0.0251362640410661,0.08058430531489266,0.04230601878628608,2.0,0.03317622899683595,1.993589313233534,0.00912978978945013,-0.008039964955769849,0.006410686766465945,35.91153252262277
675,22.5,0.1965808570384979,0.1087175140935719,0.1087175140935719,1.9923448592185746,0.09961027635697109,1.9720856832162188,0.009107237736600812,0.09697058068152681,0.020259176002355828,35.61478242838382
676,22.53333333333333,0.1209082752466201,0.11167419878456969,0.15735123162307996,1.4590115258852414,0.15093961276034945,0.37932793014508825,0.006411618862730506,-0.030031337513729356,1.0796835957401532,12.711533676695542
677,22.566666666666666,0.0729964971542358,0.10229350738575621,0.18820717137481022,0.9256781925519081,0.1865598738962218,0.44223565065039205,0.001647297478588411,-0.11356337674198601,0.48344254190151603,8.262108442813176
678,22.6,-0.0909251198172569,0.05543125244575902,0.2012853333487627,0.39234485921857476,0.1993439556685799,-0.28019509405675025,0.0019413776801827931,-0.2902690754858368,0.672539953275325,-1.0876905512354926
679,22.633333333333333,0.0048264944925904,0.043157833973084675,0.19658571754493742,-0.14098847411475857,0.19665945898974913,-0.01752780657154117,-7.374144481170353e-05,-0.19183296449715873,-0.1234606675432174,-0.47676079434608437
680,22.666666666666668,-0.352194219827652,-0.052728825633472615,0.17410832396333437,-0.6743218074480919,0.17682190336800233,0.37214160016290965,-0.0027135794046679595,-0.5290161231956543,-1.0464634076110015,1.1093156254736898
681,22.7,-0.2206464260816574,-0.0934546992980626,0.13385315260395353,-1.207655140781425,0.13481031672224775,-0.7720238541451798,-0.0009571641182942181,-0.35545674280390516,-0.4356312866362453,-12.057137226563743
682,22.733333333333334,-0.5741497874259949,-0.21004002077737954,0.07582020346679491,-1.7409884741147583,0.08249439119957852,-0.33057882072130673,-0.00667418773278361,-0.6566441786255734,-1.4104096533934516,-12.740783142349839
683,22.766666666666666,-0.8867567181587219,-0.3741674180883923,0.009153536800128245,-2.0,0.017904722185548852,-1.7507602816835615,-0.008751185385420607,-0.9046614403442708,-0.24923971831643854,-32.56049188723315
684,22.8,-0.6455828547477722,-0.4399951261696563,-0.05751312986653842,-2.0,-0.04843459159021307,-1.9607176530914303,-0.009078538276325349,-0.5971482631575591,-0.03928234690856969,-35.45790361266174
685,22.833333333333332,-0.6367049217224121,-0.4877041111771029,-0.12417979653320509,-2.0,-0.11504966459472626,-1.9938087605415853,-0.009130131938478822,-0.5216552571276858,-0.00619123945841471,-35.914560895473876
686,22.866666666666667,-0.3594226241111755,-0.45659137718252196,-0.19084646319987175,-2.0,-0.181708199651597,-1.9990242068244908,-0.009138263548274739,-0.17771442445957847,-0.0009757931755092208,-35.98653405417797
687,22.9,-0.4912071824073791,-0.4649869170581683,-0.2575131298665384,-2.0,-0.24837358470585016,-1.9998462065103808,-0.00913954516068824,-0.24283359770152893,-0.0001537934896191917,-35.997877649843254
688,22.933333333333334,0.0389170907437801,-0.3427726232256687,-0.32417979653320506,-2.0,-0.315040049379256,-1.9999757608086994,-0.009139747153949052,0.3539571401230361,-2.4239191300567953e-05,-35.99966549916005
689,22.966666666666665,0.0940594971179962,-0.23682560100603703,-0.3730686854220939,-1.4666666666666668,-0.36654759191202996,-0.3705224508102467,-0.006521093510063969,0.4606070890300262,-1.09614421585642,-12.716816964296436
690,23.0,0.0929159671068191,-0.1568517721216025,-0.404179796533205,-0.9333333333333335,-0.4025610612206645,-0.4625249344138574,-0.0016187353125405313,0.4954770283274836,-0.47080839891947607,-8.4955868239926
691,23.03333333333333,0.1749336123466491,-0.076382246499832,-0.4175131298665384,-0.40000000000000013,-0.4155582263506895,0.2795992804749827,-0.0019549035158488715,0.5904918386973386,-0.6795992804749829,1.057192792087403
692,23.066666666666666,0.1991646587848663,-0.009552513205994456,-0.41306868542209396,0.1333333333333332,-0.41309954731324,0.025418683884934373,3.086189114603899e-05,0.6122642060981063,0.10791464944839882,0.5231359251823636
693,23.1,0.255415678024292,0.05471151303293112,-0.39084646319987176,0.6666666666666665,-0.3935854867044375,-0.3888337306127636,0.0027390235045657296,0.6490011647287295,1.0555003972794301,-1.3013998627145065
694,23.133333333333333,0.2587957978248596,0.10420906884113842,-0.3508464631998718,1.1999999999999997,-0.35182587241856256,0.7590222456734207,0.0009794092186907744,0.6106216702434222,0.44097775432657904,11.907521570629092
695,23.166666666666668,0.328627198934555,0.1586382912087381,-0.293068685422094,1.733333333333333,-0.2996554813418067,0.337769934519381,0.0065867959197126735,0.6282826802763617,1.395563398813952,12.736468474071021
696,23.2,0.284997284412384,0.18928475340127293,-0.22640201875542737,2.0,-0.23513943043117919,1.7419261092753024,0.008737411675751816,0.5201367148435632,0.25807389072469755,32.438580307999175
697,23.233333333333334,0.1578790098428726,0.1816677654197385,-0.15973535208876072,2.0,-0.16881171950867088,1.9593253107009987,0.009076367419910164,0.3266907293515435,0.04067468929900131,35.43868928767378
698,23.266666666666666,0.0816546827554702,0.1574111052571366,-0.09306868542209405,2.0,-0.10219847521472482,1.9935893152735287,0.009129789792630766,0.18385315797019502,0.006410684726471327,35.911532550774695
699,23.3,0.0837765336036682,0.13955215387561828,-0.026402018755427387,2.0,-0.035540228378541296,1.998989620342024,0.009138209623113909,0.1193167619822095,0.0010103796579759017,35.98605676071993
700,23.333333333333332,0.1344528049230575,0.1383153839321499,0.04026464791123928,2.0,0.03112511124962531,1.9998407553799928,0.009139536661613969,0.1033276936734322,0.00015924462000715955,35.9978024242439
701,23.366666666666667,0.1092953234910965,0.13127700729916675,0.10693131457790594,2.0,0.09779156876348491,1.9999749016631516,0.009139745814421035,0.011503754727611587,2.5098336848383695e-05,35.99965364295149
702,23.4,0.0576328411698341,0.11341572892267658,0.15582020346679484,1.4666666666666668,0.14929911049697075,0.3705224903044848,0.006521092969824088,-0.09166626932713665,1.096144176362182,12.716816940599932
703,23.433333333333334,0.0457712188363075,0.09700957635422895,0.18693131457790596,0.9333333333333335,0.1853125792400707,0.46252490523264655,0.0016187353378352698,-0.1395413604037632,0.4708084281006869,8.495586488190611
704,23.466666666666665,0.0316339842975139,0.08115371552878126,0.2002646479112393,0.40000000000000013,0.1983097443591181,-0.2795992919752588,0.00195490355212119,-0.1666757600616042,0.6795992919752589,-1.0571928995695237
705,23.5,0.1085049733519554,0.08778734933310627,0.19582020346679485,-0.1333333333333332,0.19585106533852067,-0.02541868917999883,-3.086187172582355e-05,-0.08734609198656527,-0.10791464415333436,-0.5231359721004956
706,23.53333333333333,0.1549174040555954,0.10406872853592979,0.17359798124457262,-0.6666666666666665,0.17633700475004763,0.3888337316617485,-0.0027390235054750023,-0.02141960069445223,-1.055500398328415,1.3013998747856688
707,23.566666666666666,0.0802868828177452,0.09830080163818673,0.13359798124457262,-1.1999999999999997,0.13457739046322081,-0.7590222457225397,-0.0009794092186481973,-0.05429050764547562,-0.44097775427746,-11.90752157119434
708,23.6,-0.3113908171653747,-0.0010637025251740012,0.07582020346679486,-1.733333333333333,0.08240699938649036,-0.33776993452063286,-0.006586795919695507,-0.3937978165518651,-1.3955633988127,-12.736468474070222
709,23.633333333333333,0.107812762260437,0.025342636882196366,0.025342636882196366,-1.5143269975379547,0.031434060711328767,-0.3969381708334474,-0.0060914238291324,0.07637870154910822,-1.1173888267045073,-12.70096753228254
710,23.666666666666668,-0.0240260120481252,0.013369017952665584,-0.007357151924624349,-0.9809936642046214,-0.005864212357482251,-0.5288199655864729,-0.0014929395671420976,-0.018161799690642952,-0.4521736986181485,-9.25847509244364
711,23.7,-0.201976403594017,-0.03885975621246022,-0.03885975621246022,-0.9450781286350761,-0.03704155341585909,-0.2129838892805978,-0.0018182027966011302,-0.1649348501781579,-0.7320942393544783,-5.624000032917799
712,23.733333333333334,-0.1998684704303741,-0.07790998404227148,-0.07790998404227148,-1.1715068348943378,-0.07680022822551023,-0.6557750813496315,-0.001109755816761246,-0.12306824220486386,-0.5157317535447064,-10.71940763478422
713,23.766666666666666,0.0254751294851303,-0.05283548880723804,-0.09918243409430497,-0.6381735015610045,-0.09640669314909465,0.38406572858877364,-0.0027757409452103116,0.12188182263422495,-1.0222392301497782,1.2465322090802273
714,23.8,-0.5959709882736206,-0.18456478743336666,-0.13823266192411623,-1.1715068348943378,-0.13716773924932033,-0.7074967823711475,-0.0010649226747959095,-0.45880324902430025,-0.4640100525231903,-11.314593702815593
715,23.833333333333332,-0.1796856075525283,-0.18338141616743941,-0.18338141616743941,-1.3544626272996954,-0.18152938069057897,-0.7236140341557119,-0.001852035476860442,0.001843773138050675,-0.6308485931439834,-12.504962014289202
716,23.866666666666667,-0.3710273206233978,-0.2288920915115004,-0.2288920915115004,-1.3653202603218293,-0.22658593201830374,-0.6892773103538552,-0.0023061594931966523,-0.1444413886050941,-0.6760429499679741,-12.525564048570303
717,23.9,-0.5634629130363464,-0.3100371827521504,-0.29218054463333915,-1.8986535936551627,-0.28452783527028724,-0.9530283902380243,-0.007652709363051902,-0.2789350777660592,-0.9456252034171384,-21.551791785284735
718,23.933333333333334,-0.3970136344432831,-0.3311320052955467,-0.33769121997740015,-1.3653202603218295,-0.33304561297711405,-0.5182520069158716,-0.0046456070002861005,-0.06396802146616903,-0.8470682534059579,-12.628179230633082
719,23.966666666666665,-0.4405147731304168,-0.35766114084796136,-0.36542411754368337,-0.8319869269884962,-0.36340729476527883,-0.17089640602361117,-0.0020168227784045367,-0.07710747836513798,-0.661090520964885,-5.13967946382742
720,24.0,-0.1585445255041122,-0.3093684181115103,-0.3753792373321888,-0.29865359365516286,-0.37357479003945415,0.29655889431627747,-0.0018044472927346566,0.21503026453534196,-0.5952124879714403,1.545736552142845
721,24.03333333333333,-0.1901734620332718,-0.2804594847433455,-0.36755657934291647,0.23467973967817046,-0.36813980460743145,-0.07487178613586024,0.000583225264514986,0.17796634257415966,0.30955152581403067,-0.05381445441018484
722,24.066666666666666,-0.3422199189662933,-0.29543854372775574,-0.34195614357586634,0.7680130730115038,-0.34435902990605083,-0.16867408247067195,0.002402886330184484,0.002139110939757549,0.9366871554821757,1.232081301455888
723,24.1,0.0028671363834291,-0.22308901390353392,-0.29857793003103844,1.301346406344837,-0.3003009441232498,0.7386132549265576,0.0017230140922113724,0.3031680805066789,0.5627331514182794,12.495962481826659
724,24.133333333333333,0.1536630243062973,-0.13171350669013132,-0.23742193870843276,1.8346797396781702,-0.24472390787142242,0.6692443502192864,0.007301969162989669,0.3983869321777197,1.1654353894588838,17.63557203302615
725,24.166666666666668,0.1362062990665435,-0.0667336110010265,-0.1707552720417661,2.0,-0.17960540123955615,1.8142207958239553,0.008850129197790046,0.3158117003060996,0.18577920417604465,33.436246982370584
726,24.2,0.1108612269163131,-0.023660669789382985,-0.10408860537509944,2.0,-0.11318273805663519,1.9707195819505163,0.00909413268153575,0.2240439649729483,0.02928041804948367,35.595930230917126
727,24.233333333333334,-0.0217884667217731,-0.023206595258765415,-0.03742193870843277,2.0,-0.046554528460776276,1.9953851515030712,0.009132589752343503,0.024766061739003177,0.004614848496928836,35.93631509074238
728,24.266666666666666,0.0776193588972091,0.001247214586707207,0.011466950180456119,1.4666666666666668,0.004948743294545107,0.3707334774608466,0.0065182068859110116,0.072670615602664,1.0959331892058202,12.716690348306098
729,24.3,0.197116419672966,0.048752327093291234,0.048752327093291234,1.1185613073850535,0.04767048932509956,0.8046441603316826,0.0010818377681916722,0.14944593034786643,0.3139171470533709,12.456343938583597
730,24.333333333333332,0.0973759368062019,0.06054524803188804,0.06825992622834857,0.5852279740517202,0.06578785782578349,-0.3245602848597431,0.0024720684025650863,0.031588078980418405,0.9097882589114633,-0.8717348415713856
731,24.366666666666667,0.1499109715223312,0.08221955230435488,0.08221955230435488,0.41878878228018906,0.0791526197703005,-0.613693883740549,0.0030669325340543785,0.07075835175203071,1.032482666020738,-4.099124447853747
732,24.4,0.1149963438510894,0.09016906723370152,0.09016906723370152,0.23848544788039938,0.08763861553636935,-0.5558297328303876,0.0025304516973321672,0.02735772831472004,0.794315180710787,-4.137111786241583
733,24.433333333333334,0.0327500812709331,0.0762429608456451,0.08034080438527039,-0.29484788545293394,0.08082542447606342,0.018822225065744824,-0.0004846200907930309,-0.048075343205130315,-0.31367011051867877,-0.6254230321147559
734,24.466666666666665,0.0386458039283752,0.06712433922007593,0.06712433922007593,-0.39649395495583356,0.06935654963006987,0.42077198998301135,-0.00223221040999394,-0.030710745701694672,-0.8172659449388449,2.540069245269056
735,24.5,0.1324481219053268,0.08296763446626772,0.07168565183265926,0.13683937837749977,0.07184173276103921,0.08201286663331946,-0.00015608092837994525,0.06060638914428758,0.05482651174418031,1.0488396695877988
736,24.53333333333333,0.0494745261967182,0.07484438775252603,0.07484438775252603,0.09476207759600286,0.074456792584252,-0.06075981673648559,0.0003875951682740242,-0.0249822663875338,0.15552189433248845,-0.2542979760261237
737,24.566666666666666,0.0656377673149108,0.07261146124679116,0.07261146124679116,-0.066987795172046,0.07282843866603053,0.0338832804777606,-0.00021697741923937253,-0.007190671351119726,-0.1008710756498066,0.12186476318454555
738,24.6,-0.4350756108760834,-0.05052035760505026,0.05260075696327851,-0.6003211285053793,0.05553418500422654,0.5033743128478543,-0.0029334280409480315,-0.4906097958803099,-1.1036954413532336,2.6194724980705746
739,24.633333333333333,0.1286878883838653,-0.007056108673923776,0.014812274901988096,-1.1336544618387125,0.015985700555254577,-0.6449293966269343,-0.0011734256532664813,0.11270218782861072,-0.4887250652117783,-10.594601212765637
740,24.666666666666668,0.0168468877673149,-0.0012587985011201855,-0.0051984293815245455,-0.6003211285053792,-0.0024563565967011844,0.4013627720853232,-0.002742072784823361,0.019303244364016085,-1.0016839005907023,1.5428464404670275
741,24.7,-0.0641937106847763,-0.016522709346931418,-0.016522709346931418,-0.3397283989622062,-0.013742911880946996,0.5701470591891422,-0.0027797974659844217,-0.050450798803829314,-0.9098754581513484,3.940796305491117
742,24.733333333333334,-0.0616951063275337,-0.02747859084862305,-0.02747859084862305,-0.328676445050749,-0.02456917652380972,0.6223724357163605,-0.0029094143248133315,-0.03712592980372398,-0.9510488807671095,4.477043989050848
743,24.766666666666666,-0.1143311783671379,-0.048543372010817286,-0.048543372010817286,-0.631943434865827,-0.04583281982182859,0.29855641160434954,-0.0027105521889886977,-0.0684983585453093,-0.9304998464701766,0.2625360691459197
744,24.8,-0.059665746986866,-0.05124093579755405,-0.051830375395233746,-0.09861010153249372,-0.05045489032425968,0.288189118566349,-0.0013754850709740696,-0.00921085666260632,-0.3867992200988427,2.118961532697289
745,24.833333333333332,-0.2761448323726654,-0.10578797347642062,-0.07289515655742798,-0.631943434865827,-0.07011278386906594,0.3814120454717522,-0.002782372688362039,-0.20603204850359946,-1.0133554803375793,1.2159950227729888
746,24.866666666666667,-0.2875575423240661,-0.1498734325182231,-0.1117377154974,-1.1652767681991603,-0.11065402980769765,-0.6961552382254379,-0.0010836856897023517,-0.17690351251636846,-0.46912152997372236,-11.184081191970662
747,24.9,-0.2600702941417694,-0.17660001420314717,-0.16835805221514977,-1.6986101015324935,-0.16216629920294803,-0.37028888819376404,-0.006191753012201734,-0.09790399493882138,-1.3283212133387294,-12.716957101866331
748,24.933333333333334,-0.3501332700252533,-0.21868788012281803,-0.21868788012281803,-1.509894837230048,-0.2128115718473859,-0.413128727645679,-0.005876308275432146,-0.1373216981778674,-1.096766109584369,-12.691253198195206
749,24.966666666666665,-0.3228987455368042,-0.24396264898564018,-0.2512399302527085,-0.9765615038967147,-0.24972334952309405,-0.5088770568497288,-0.0015165807296144695,-0.07317539601371015,-0.46768444704698586,-9.02898261246519
750,25.0,-0.3323296904563904,-0.26539473804268854,-0.2660142026048212,-0.4432281705633814,-0.26389812131711865,0.30312030178349625,-0.002116081287702576,-0.06843156913927173,-0.7463484723468776,1.1362471236164264
751,25.03333333333333,-0.4667789041996002,-0.31423742092443907,-0.2985662527347117,-0.9765615038967147,-0.2968736134422007,-0.3057673047057806,-0.0016926392925110112,-0.16990529075739952,-0.6707941991909341,-6.691702662853816
752,25.066666666666666,-0.6536974310874939,-0.39656831090370004,-0.34889608064238,-1.509894837230048,-0.34483429264203147,-0.5457792272615596,-0.00406178800034851,-0.3088631384454624,-0.9641156099684884,-12.611662898425669
753,25.1,-0.2399854212999344,-0.35859149987841876,-0.38144813077227047,-0.9765615038967147,-0.37984659191831394,-0.4108652175285779,-0.00160153885395653,0.13986117061837955,-0.5656962863681367,-7.90111403672343
754,25.133333333333333,-0.1521757245063781,-0.30852847630172026,-0.39622240312438317,-0.4432281705633814,-0.39398449287381515,0.34174662088637775,-0.0022379102505680204,0.24180876836743706,-0.7849747914497591,1.4972504371662934
755,25.166666666666668,-0.2544756829738617,-0.2954187890121628,-0.3932188976987181,0.09010516276995195,-0.39289699296727704,0.10014166017813347,-0.00032190473144105836,0.13842130999341534,-0.010036497408181522,1.0522854717529238
756,25.2,-0.1772137582302093,-0.2667499470486291,-0.37243761449527524,0.6234384961032853,-0.3753254992169595,-0.4890689061546356,0.002887884721684275,0.19811174098675022,1.1125074022579209,-2.454853419556811
757,25.233333333333334,-0.4355950951576233,-0.3077007833660392,-0.3338785535140546,1.1567718294366185,-0.3349833371026987,0.685882643490178,0.001104783588644076,-0.10061175805492462,0.47088918594644047,11.065869587398426
758,25.266666666666666,-0.2727566957473755,-0.2992256235621614,-0.2992256235621614,1.0395878985567952,-0.3007726560363194,0.36950224377235974,0.0015470324741579944,0.02801596028894393,0.6700856547844355,7.42513074101149
759,25.3,-0.1704914420843124,-0.2680030953865097,-0.2680030953865097,0.9366758452695523,-0.2698444893079626,0.20012665731404433,0.0018413939214529385,0.09935304722365021,0.736549187955508,5.476045785690758
760,25.333333333333332,0.0210285186767578,-0.19790284998045754,-0.21900278943308016,1.4700091786028855,-0.22262248788371403,0.5822785997020894,0.003619698450633868,0.24365100656047184,0.8877305789007961,12.589763274961342
761,25.366666666666667,-0.1220634207129478,-0.17950914374061472,-0.17950914374061472,1.1848093707739633,-0.18049382518073262,0.778064901894257,0.0009846814401179016,0.058430404467784816,0.4067444688797063,12.126654419261394
762,25.4,-0.021699545904994,-0.1412348131918261,-0.1412348131918261,1.1482299164636587,-0.1424548584576391,0.5670392722401743,0.0012200452658130134,0.12075531255264511,0.5811906442234844,9.698282724459434
763,25.433333333333334,-0.0962402448058128,-0.13032206132549046,-0.12073826042081526,0.6148965831303254,-0.12358010040460186,-0.4218213230972123,0.0028418399837866065,0.02733985559878907,1.0367179062275378,-1.6810036861941868
764,25.466666666666665,0.0584546402096748,-0.08453712825701495,-0.08453712825701495,1.0860339649140092,-0.08586063364667894,0.5505532836346287,0.0013235053896639842,0.14431527385635373,0.5354806812793804,9.508570658886365
765,25.5,0.1575351506471634,-0.02582615917433633,-0.030558218315436876,1.6193672982473424,-0.03584917864162623,0.4444467757094155,0.005290960326189351,0.19338432928878962,1.174920522537927,12.67246236935696
766,25.53333333333333,0.2468313425779342,0.0403027930047545,0.03610844835122979,2.0,0.027575271633152845,1.6109340329734887,0.008533176718076945,0.21925607094478136,0.3890659670265113,30.630889655034142
767,25.566666666666666,0.1736463606357574,0.0726432580592302,0.08499733724011868,1.4666666666666668,0.07872087732296418,0.38840638893310864,0.006276459917154503,0.09492548331279321,1.0782602777335581,12.706086601422754
768,25.6,0.2170223295688629,0.10766021762998418,0.1161084483512298,0.9333333333333335,0.11447825898579714,0.4493109798882255,0.0016301893654326605,0.10254407058306575,0.48402235344510797,8.343527601617359
769,25.633333333333333,0.2275672852993011,0.1367418628914582,0.1367418628914582,0.6190024362068522,0.1339317965536549,-0.39195667982139715,0.002810066337803313,0.0936354887456462,1.0109591160282494,-1.3373371158101686
770,25.666666666666668,0.1575821936130523,0.1417963698271848,0.1417963698271848,0.1516352080717978,0.14001798042266828,-0.3789997150679639,0.0017783894045165227,0.017564213190384037,0.5306349231397618,-2.78576354116189
771,25.7,0.2251185327768325,0.16200489991986464,0.16200489991986464,0.6062559027803952,0.15916274862994742,-0.4078889762694511,0.0028421512899172163,0.06595578414688508,1.0141448790498462,-1.5206775839375137
772,25.733333333333334,0.1028842404484748,0.14766607836588444,0.1644356522347667,0.07292256944706188,0.16305428050281318,-0.3064449887748585,0.001381371731953518,-0.060170040054338375,0.37936755822192036,-2.373234146168958
773,25.766666666666666,-0.0324696116149425,0.10397689192526072,0.14908862677189097,-0.46041076388627145,0.15094923722071954,0.3110915581746031,-0.0018606104488285702,-0.18341884883566204,-0.7715023220608745,1.4526460156714238
774,25.8,0.139870211482048,0.11268227357537278,0.11596382353123748,-0.9937440972196048,0.11761581930552227,-0.32423604067049266,-0.0016519957742847924,0.022254392176525736,-0.669508056549112,-6.904231139745426
775,25.833333333333332,0.2279367595911026,0.14063550554287144,0.10061679806836177,-0.46041076388627145,0.10304935599096361,0.3924973239468308,-0.002432557922601844,0.12488740360013899,-0.8529080878331022,1.9156130157205926
776,25.866666666666667,0.1534968912601471,0.14375484007644798,0.10304755038326383,0.07292256944706188,0.10355366145755482,0.14183627495304063,-0.0005061110742909936,0.049943229802592276,-0.06891370550597875,1.3688842116726678
777,25.9,0.1228838488459587,0.13869289689813322,0.12325608047594366,0.6062559027803952,0.12030696599669036,-0.5312869327059828,0.0029491144792533064,0.0025768828492683388,1.1375428354863781,-2.9406762120571495
778,25.933333333333334,0.0278766434639692,0.11181609109994903,0.12568683279084572,0.07292256944706188,0.1241520770885831,-0.35507593861698306,0.0015347557022626218,-0.0962754336246139,0.42799850806404494,-2.827741188046927
779,25.966666666666665,0.1445726752281189,0.11976070502562867,0.11976070502562867,-0.17778383295651135,0.12002976160454916,0.0037361455787099374,-0.0002690565789204846,0.024542913623569737,-0.18151997853522128,-0.449072865625312
780,26.0,-0.2231906205415725,0.03658304931309739,0.09605679948263385,-0.7111171662898447,0.0986485839781331,0.292491717363516,-0.0025917844954992525,-0.3218392045197056,-1.0036088836533605,0.19274676508740285
781,26.03333333333333,0.0597973428666591,0.042213325019465606,0.05457511616186125,-1.244450499623178,0.05565810475485223,-0.7913655790440239,-0.0010829885929909827,0.004139238111806873,-0.45308492057915406,-12.464311087356194
782,26.066666666666666,0.0336380153894424,0.04013351339939167,0.030871210618866423,-0.7111171662898447,0.03342488579246561,0.24852694338062886,-0.0025536751735991854,0.0002131295969767938,-0.9596441096704735,-0.3131766759818928
783,26.099999999999998,0.0548622831702232,0.043705753684630935,0.024945082853649377,-0.17778383295651135,0.02665910837263732,0.34500918677345294,-0.0017140255189879439,0.02820317479758588,-0.5227930197299643,2.392172159125176
784,26.133333333333333,-0.1000580936670303,0.008838007426037658,0.008838007426037658,-0.48321226282835156,0.01205987382046696,0.6424355309278869,-0.003221866394429302,-0.11211796748749726,-1.1256477937562384,4.219715683620052
785,26.166666666666668,-0.258785218000412,-0.05606995719075601,-0.025046845779351838,-1.016545596161685,-0.023528393142256798,-0.44058477230462817,-0.00151845263709504,-0.2352568248581552,-0.5759608238570568,-8.243111005141808
786,26.2,-0.3511723577976227,-0.12764258003168938,-0.07670947676251912,-1.5498789294950184,-0.07221461701648564,-0.5099287845265945,-0.004494859746033475,-0.27895774078113705,-1.0399501449684239,-12.633173164066651
787,26.233333333333334,-0.4235477149486542,-0.19940989393545377,-0.14337614342918578,-2.0,-0.13496843908515513,-1.5304586482403413,-0.008407704344030653,-0.2885792758634991,-0.4695413517596587,-29.52032934571671
788,26.266666666666666,-0.4766287803649902,-0.2666451409615773,-0.21004281009585246,-2.0,-0.20101840741844182,-1.9259961999944055,-0.009024402677410642,-0.27561037294654833,-0.07400380000559448,-34.978747559922795
789,26.3,-0.4512813985347748,-0.3114258719853574,-0.2767094767625191,-2.0,-0.2675878770651736,-1.9883363576078117,-0.009121599697345495,-0.18369352146960116,-0.011663642392188311,-35.8390417349878
790,26.333333333333332,-0.2227655500173568,-0.2899226521805648,-0.325598365651408,-1.4666666666666668,-0.31908459112237003,-0.3710575048976106,-0.006513774529037952,0.09631904110501324,-1.0956091617690562,-12.716495931844062
791,26.366666666666667,-0.0434076152741909,-0.2301341593562603,-0.3567094767625191,-0.9333333333333335,-0.35509039876606996,-0.4621295975294157,-0.0016190779964491142,0.31168278349187906,-0.4712037358039178,-8.491037495545326
792,26.4,-0.2337800711393356,-0.23101842010244447,-0.37004281009585244,-0.40000000000000013,-0.36808741517526156,0.2797550821491225,-0.0019553949205908805,0.13430734403592595,-0.6797550821491226,1.058648921533018
793,26.433333333333334,-0.261963814496994,-0.2385237573586318,-0.365598365651408,0.1333333333333332,-0.3656289644445829,0.025490419613681897,3.0598793174907435e-05,0.10366514994758891,0.1078429137196513,0.5237715561592695
794,26.466666666666665,-0.1593905836343765,-0.21933120322987898,-0.3433761434291858,0.6666666666666665,-0.3461151792523299,-0.38884794192603866,0.0027390358231440537,0.18672459561795338,1.0555146085927052,-1.3015633990155593
795,26.5,0.1312510818243026,-0.13430277373796495,-0.30337614342918584,1.1999999999999997,-0.30435555207110526,0.7590229110650084,0.0009794086419194215,0.4356066338954079,0.4409770889349913,11.907529227604702
796,26.53333333333333,0.0130668533965945,-0.09856050014269765,-0.24559836565140808,1.733333333333333,-0.2521851613385053,0.3377699515247272,0.006586795687097247,0.26525201473509985,1.3955633818086057,12.736468463867745
797,26.566666666666666,0.1950635313987732,-0.02734643335322194,-0.17893169898474143,2.0,-0.18766911062383104,1.741926085760917,0.008737411639089615,0.38273264202260426,0.2580739142390831,32.43857998350065
798,26.599999999999998,0.1750789284706115,0.021748775785919106,-0.11226503231807476,2.0,-0.12134139973220665,1.9593253069949292,0.009076367414131883,0.29642032820281816,0.04067469300507076,35.438689236530024
799,26.633333333333333,0.1239096075296402,0.046526339995741614,-0.045598365651408096,2.0,-0.05472815544312816,1.9935893146894197,0.009129789791720064,0.17863776297276834,0.006410685310580311,35.91153254271399
800,26.666666666666668,0.0948847606778144,0.05825494334679362,0.02106830101525857,2.0,0.011930091392288199,1.9989896202499635,0.009138209622970371,0.0829546692855262,0.001010379750036483,35.9860567594495
801,26.7,0.1780326515436172,0.08730521442521584,0.08730521442521584,1.987107402298718,0.07821783984369611,1.9545298141689498,0.00908737458151973,0.09981481169992108,0.0325775881297683,35.37251143553151
802,26.733333333333334,0.1453550159931183,0.10138431559506864,0.13576435005739534,1.4537740689653846,0.1294266715683011,0.3852822789785988,0.006337678489094251,0.015928344424817192,1.0684917899867858,12.707961067395463
803,26.766666666666666,0.1709840595722198,0.118264680564171,0.16644570791179705,0.9204407356320513,0.16477891383260468,0.4284060527022499,0.001666794079192374,0.006205145739615114,0.4920346829298014,8.102964720494658
804,26.8,0.0851107090711593,0.11022368634498277,0.17934928798842098,0.387107402298718,0.17741722876762792,-0.28058231059449334,0.0019320592207930642,-0.09230651969646862,0.6676897128932113,-1.108365473104569
805,26.833333333333332,0.064163252711296,0.0990524249876565,0.17447509028726713,-0.14622593103461534,0.17457820334611548,-0.012119660626232397,-0.00010311305884835864,-0.11041495063481949,-0.13410627040838294,-0.4449487573940556
806,26.866666666666667,0.0632162913680076,0.0903609129214658,0.1518231148083355,-0.6795592643679487,0.15451928437785026,0.36071939670057196,-0.002696169569514767,-0.09130299300984265,-1.0402786610685206,0.9778749297360256
807,26.9,0.0813578590750694,0.08817735841279485,0.1113933615516261,-1.2128925977012819,0.11233530620113107,-0.7809191440512633,-0.0009419446495049638,-0.030977447126061666,-0.4319734536500186,-12.159499533267436
808,26.933333333333334,0.0710964202880859,0.0840346352778592,0.0840346352778592,-0.8207617882130069,0.08625923426440418,0.050238250879712454,-0.002224598986544979,-0.015162813976318287,-0.8710000390927194,-2.5949784128506854
809,26.966666666666665,0.1253344267606735,0.09405127490237562,0.07445368678187009,-0.2874284548796736,0.07647619047792106,0.37285648045728625,-0.0020225036960509757,0.04885823628275243,-0.6602849353369599,2.295372313354229
810,27.0,0.2439455091953277,0.13040585377065178,0.08265051606365875,0.24590487845365971,0.08213178050894605,-0.0517151830412059,0.0005187355547126987,0.16181372868638166,0.29762006149486564,0.18589350486262074
811,27.03333333333333,0.0259662270545959,0.10507560231480441,0.10507560231480441,0.6727525875343697,0.1023780538845915,-0.35105203218734027,0.002697548430212915,-0.07641182682999559,1.02380461972171,-0.8666279954856944
812,27.066666666666666,0.0008779866620898,0.07980404698113103,0.10972291078817228,0.1394192542010364,0.1080756234861067,-0.3483274423116922,0.0016472873020655782,-0.10719763682401691,0.4877466965127286,-2.548120442029052
813,27.099999999999998,0.0428068377077579,0.07083093358034291,0.09659244148376239,-0.3939140791322969,0.09800111142374883,0.2208802291379034,-0.0014086699399864372,-0.05519427371599093,-0.6147943082702003,0.8578219465762061
814,27.133333333333333,-0.7144470810890198,-0.11962636888017607,0.06568419440157472,-0.9272474124656302,0.0675609320388815,-0.1749468305177445,-0.0018767376373067801,-0.7820080131279012,-0.7523005819478857,-5.186289613550049
815,27.166666666666668,0.0484871082007885,-0.07885298830160481,0.016998169541609265,-1.4605807457989637,0.0205134366186929,-0.5909012493144661,-0.0035152670770836336,0.0279736715820956,-0.8696794964844976,-12.584589685193931
816,27.2,-0.2719956338405609,-0.12569681503846575,-0.04946563309613397,-1.993914079132297,-0.04123694406394483,-1.4100456819165275,-0.008228689032189138,-0.23075868977661607,-0.5838683972157694,-27.85863041044808
817,27.233333333333334,-0.2225704193115234,-0.14919204221255486,-0.11613229976280064,-2.0,-0.10713611145519111,-1.9079000869495553,-0.008996188307609523,-0.1154343078563323,-0.09209991305044474,-34.72902119990386
818,27.266666666666666,-0.4789710938930511,-0.2291749621692542,-0.1827989664294673,-2.0,-0.1736818135621448,-1.985484252834442,-0.009117152867322509,-0.3052892803309063,-0.014515747165557924,-35.7996826891153
819,27.3,-0.2371688932180404,-0.23111376920977508,-0.2316878553183562,-1.4666666666666668,-0.2251758742232564,-0.37118861388062285,-0.006511981095099789,-0.011993018994784,-1.095478052786044,-12.716417266454236
820,27.333333333333332,-0.2761411070823669,-0.24203446881933055,-0.2627989664294673,-0.9333333333333335,-0.2611798044621827,-0.46203272467470013,-0.0016191619672846214,-0.014961302620184191,-0.4713006086586333,-8.489922733803953
821,27.366666666666667,-0.192903071641922,-0.23011839171323012,-0.2761322997628007,-0.40000000000000013,-0.27417678442900767,0.2797932595960996,-0.001955515333793012,0.08127371278708567,-0.6797932595960997,1.0590057296675237
822,27.4,-0.4002067148685455,-0.2713707413308798,-0.27168785531835626,0.1333333333333332,-0.2717183896423341,0.02550799764675358,3.0534323977815525e-05,-0.1284883252262114,0.10782533568657962,0.5239273103772721
823,27.433333333333334,-0.4397174417972564,-0.3122006867132868,-0.2850211886516896,-0.40000000000000013,-0.2828634509484733,0.41183394598160983,-0.0021577377032163114,-0.1568539908487831,-0.81183394598161,2.49552001911295
824,27.466666666666665,-0.3959810435771942,-0.3325203448081309,-0.3161322997628007,-0.9333333333333335,-0.3143092666365201,-0.22683700404776969,-0.0018230331262806265,-0.08167177694067412,-0.7064963292855637,-5.783414374391798
825,27.5,-0.1826811879873275,-0.29617912414749054,-0.3294656330961341,-0.40000000000000013,-0.3272177688898699,0.3724835408875369,-0.0022478642062641607,0.14453658090254243,-0.772483540887537,1.9252932625529429
826,27.53333333333333,0.0270548816770315,-0.2177836060471059,-0.32502118865168966,0.1333333333333332,-0.32489519946535145,0.06818536240112284,-0.00012598918633821565,0.35195008114238296,0.06514797093221035,0.9020799481855014
827,27.566666666666666,-0.1846699118614196,-0.20975238047947836,-0.30279896642946746,0.6666666666666665,-0.3055453338990068,-0.39730608708892423,0.0027463674695393236,0.1208754220375872,1.0639727537555907,-1.3988952744742185
828,27.599999999999998,0.0822232067584991,-0.1389381189174952,-0.2627989664294675,1.1999999999999997,-0.2637780317944698,0.759418932073048,0.0009790653650023073,0.3460012385529689,0.44058106792695173,11.912086428585681
829,27.633333333333333,0.0519289076328277,-0.09264620913985983,-0.20502118865168972,1.733333333333333,-0.21160784589309192,0.3377800725968787,0.0065866572414021995,0.26353675352591965,1.3955532607364542,12.736462391224494
830,27.666666666666668,0.1430195569992065,-0.03548904280809084,-0.13835452198502307,2.0,-0.14709191180386727,1.7419120907069612,0.008737389818844199,0.29011146880307376,0.2580879092930388,32.438386851756064
831,27.7,0.1557027250528335,0.01088162806161544,-0.0716878553183564,2.0,-0.08076421929342786,1.95932310125273,0.009076363975071458,0.23646694434626137,0.040676898747270096,35.43865879728767
832,27.733333333333334,0.1236035823822021,0.03822063277960194,-0.00502118865168974,2.0,-0.014150977901383973,1.9935889670452678,0.009129789249694233,0.13775456028358607,0.006411032954732221,35.911527745224696
833,27.766666666666666,0.1383804678916931,0.06251288552829398,0.061645478014976926,2.0,0.05250726847743453,1.9989895654582213,0.009138209537542394,0.08587319941425856,0.0010104345417787375,35.986056003323455
834,27.8,0.1669121980667114,0.08783335939024402,0.11053436690386581,1.4666666666666668,0.10401389352396946,0.3705677854244114,0.006520473379896349,0.06289830454274194,1.0960988812422554,12.716789763527956
835,27.833333333333332,0.058711789548397,0.08077036318777288,0.14164547801497693,0.9333333333333335,0.140026713667161,0.4624914379028644,0.0016187643478159375,-0.08131492411876398,0.47084189543046906,8.495201363803224
836,27.866666666666667,0.1038218885660171,0.0863611619356394,0.15497881134831026,0.40000000000000013,0.15302386619621394,-0.27961248139980677,0.0019549451520963212,-0.04920197763019685,0.6796124813998069,-1.0573161685238532
837,27.9,-0.0297217518091201,0.05820700735524814,0.15053436690386582,-0.1333333333333332,0.1505652065029758,-0.02542476198369134,-3.083959910998857e-05,-0.1802869583120959,-0.10790857134964185,-0.523189781578866
838,27.933333333333334,0.1406339704990387,0.07819842027795536,0.1283121446816436,-0.6666666666666665,0.1310511692299505,0.38883493472355757,-0.0027390245483069064,0.009582801269088198,-1.055501601390224,1.3014137189867219
839,27.966666666666665,0.1733457446098327,0.10127496436815941,0.10127496436815941,-0.8111154094045253,0.10344495446622405,-0.02871611519448891,-0.0021699900980646364,0.06990079014360866,-0.7823992942100364,-3.503543633435084
840,28.0,0.1600365489721298,0.11552669774527416,0.09201556183245302,-0.277782076071192,0.09389110120269364,0.33241560653789726,-0.0018755393702406253,0.06614544776943615,-0.6101976826090892,1.9488238903904846
841,28.03333333333333,0.0984328091144561,0.11138083366100214,0.1005339370745244,0.25555125726214134,0.09989160900227646,-0.08062448834777458,0.0006423280722479413,-0.0014587998878203695,0.3361757456099159,-0.04059609446387148
842,28.066666666666666,-0.1156495809555053,0.05631804120200404,0.09127453453881801,-0.277782076071192,0.09254633397753255,0.2317041242769412,-0.001271799438714541,-0.20819591493303785,-0.5094862003481332,1.2779266689417268
843,28.099999999999998,0.0513715520501136,0.05511834509066449,0.06423735422533383,-0.8111154094045253,0.06647604165073627,0.0505364749606122,-0.0022386874254024386,-0.015104489600622668,-0.8616518843651375,-2.5915466073493656
844,28.133333333333333,-0.2001669853925705,-0.006797249760224895,0.01942239613407188,-1.3444487427378586,0.021621762748743945,-0.6992719478606345,-0.0021993666146720645,-0.22178874814131444,-0.6451767948772241,-12.519567266066229
845,28.166666666666668,-0.1536871939897537,-0.042423183523710425,-0.042423183523710425,-1.8553673897334693,-0.0349624370275488,-0.7901039731551296,-0.007460746496161623,-0.11872475696220489,-1.0652634165783397,-19.303434829540787
846,28.2,-0.2130194753408432,-0.08379873325553236,-0.08649098540371496,-1.322034056400136,-0.08246768769830123,-0.5682827545807226,-0.0040232977054137226,-0.13055178764254197,-0.7537513018194134,-12.598160782034167
847,28.233333333333334,0.1127535477280616,-0.036127951023893025,-0.11278100950594172,-0.7887007230668027,-0.11060252751233027,-0.05599282100333569,-0.002178481993611453,0.22335607524039186,-0.732707902063467,-3.8174295837920234
848,28.266666666666666,-0.4024268090724945,-0.12496819752904839,-0.12496819752904839,-0.36561564069320013,-0.12265120673329998,0.4111578131626701,-0.0023169907957484165,-0.2797756023391945,-0.7767734538558702,2.383276680136169
849,28.3,-0.5257704854011536,-0.22217672895631152,-0.15493316332993284,-0.8989489740265335,-0.1530123179671194,-0.1708669657936846,-0.0019208453628134503,-0.37275816743403417,-0.728082008232849,-5.139340681182125
850,28.333333333333332,-0.6072985529899597,-0.3155822010998385,-0.20267590690859508,-1.4322823073598667,-0.19949907345718912,-0.6186083988026925,-0.003176833451405958,-0.4077994795327706,-0.8136739085571743,-12.567965395500993
851,28.366666666666667,-0.1973422020673751,-0.28690487811615717,-0.2681964282650351,-1.9656156406932,-0.2601355717895149,-1.2763797998790976,-0.008060856475520184,0.06279336972213981,-0.6892358408141024,-26.014041238331547
852,28.4,-0.3139643371105194,-0.2934677405290024,-0.3159391718436973,-1.4322823073598667,-0.3102860340916277,-0.43757817985468495,-0.0056531377520696036,-0.0036783030188917154,-0.9947041275051818,-12.676583526869837
853,28.433333333333334,-0.4752560555934906,-0.3375577461820998,-0.3459041376445817,-0.8989489740265334,-0.34413949488354156,-0.35106991195234877,-0.0017646427610401583,-0.13111656070994904,-0.5478790620741847,-7.213021183825067
854,28.466666666666665,-0.3310126364231109,-0.33597032882707567,-0.35809132566768836,-0.3656156406932001,-0.3561719150928518,0.29028445548839077,-0.0019194105748365775,0.02515927866974088,-0.6559000961815908,1.2690308985338619
855,28.5,-0.0604665577411651,-0.26915105708060283,-0.3525007359130173,0.16771769264013325,-0.3527106740318614,-0.006336954235320713,0.00020993811884412183,0.2922441162906963,0.17405464687545397,0.347508762750079
856,28.53333333333333,0.0034280086401849,-0.20304112837433674,-0.3291323683805684,0.7010510259734666,-0.3317577386437631,-0.3145887359267292,0.002625370263194704,0.335185747283948,1.0156397619001958,-0.44702760531699426
857,28.566666666666666,0.0960488691926002,-0.13050137421668806,-0.2879862230703418,1.2343843593067998,-0.28895604379573275,0.8006937481740506,0.0009698207253909796,0.38500491298833295,0.4336906111327492,12.458714185878193
858,28.599999999999998,0.1492149084806442,-0.06266042150741274,-0.22906229998233735,1.767717692640133,-0.23597463799563198,0.3577686960120925,0.006912338013294633,0.3851895464762762,1.4099489966280405,13.337208004966874
859,28.633333333333333,0.1366960257291793,-0.014309531173648964,-0.1623956333156707,2.0,-0.17118435325617185,1.774834168735218,0.00878871994050115,0.30788037898535114,0.22516583126478196,32.89271152854601
860,28.666666666666668,0.1219509467482566,0.01873838634370839,-0.09572896664900403,2.0,-0.10481342069759751,1.9645119070289216,0.009084454048593482,0.2267643674458541,0.035488092971078355,35.51026431699912
861,28.7,0.1267255544662475,0.04492904029908361,-0.029062299982337364,2.0,-0.03819336429796714,1.9944067679556463,0.009131064315629774,0.16491891876421463,0.005593232044353691,35.92281339778792
862,28.733333333333334,0.1614404916763305,0.07318713019914727,0.0376043666843293,2.0,0.02846595618530794,1.9991184579930095,0.009138410499021362,0.13297453549102256,0.0008815420069905322,35.98783472030353
863,28.766666666666666,0.1652212440967559,0.09550861219640275,0.09550861219640275,1.7371273653622035,0.08743259861658914,1.0759970917537438,0.008076013579813607,0.07778864548016676,0.6611302736084597,23.248759866201667
864,28.8,0.2707961797714233,0.13802195989181842,0.13802195989181842,1.2754004308624702,0.13433754822637645,0.5979446893578235,0.003684411665441978,0.13645863154504684,0.6774557415046467,12.580363621167903
865,28.833333333333332,0.3006075024604797,0.17745462358321823,0.17745462358321823,1.1829799107419943,0.17646737115483294,0.7781247687676449,0.0009872524283852935,0.12414013130564674,0.40485514197434935,12.127343335678944
866,28.866666666666667,0.3274771571159363,0.2138403194911378,0.2138403194911378,1.0915708772375872,0.21244693138680504,0.46077524830299316,0.00139338810433276,0.11503022572913124,0.630795628934594,8.475452358651225
867,28.9,0.1430708765983581,0.19667626174571926,0.23244823762127959,0.5582375439042538,0.22969026117538532,-0.4332557848249421,0.0027579764458942613,-0.08661938457702723,0.9914933287291959,-1.9779667725735548
868,28.933333333333334,0.2055018246173858,0.1988167685036234,0.2332783779736436,0.024904210570920515,0.23214261406222977,-0.26494772351230356,0.0011357639114138174,-0.026640789444843965,0.28985193408322407,-2.1588699425255546
869,28.966666666666665,0.1279601454734802,0.18163156653478307,0.21633074054822982,-0.5084291227624128,0.21854023315557003,0.3819406850001339,-0.0022094926073402132,-0.09058008768208983,-0.8903698077625467,1.931225005407194
870,29.0,0.1905080378055572,0.18378442035472828,0.18378442035472828,-0.9763896058050462,0.1854732122823803,-0.31049012806376297,-0.0016887919276520336,0.0050348255231768835,-0.6658994777412832,-6.746050424217546
871,29.03333333333333,0.2008016109466552,0.18791168248998563,0.16901587793900452,-0.44305627247171286,0.1713776846392195,0.38113812083502885,-0.002361806700214991,0.029423926307435677,-0.8241943933067417,1.865964957983062
872,29.066666666666666,0.2244293987751007,0.19676850212043204,0.17202511330105855,0.09027706086162046,0.17241255190320431,0.11809532760959726,-0.00038743860214576764,0.052016846871896394,-0.0278182667479768,1.211896766746611
873,29.099999999999998,0.2168925255537033,0.20164927955995693,0.19281212644089035,0.6236103941949538,0.1899216996116128,-0.49228592101710666,0.0028904268292775648,0.02697082594209052,1.1158963152120605,-2.4918731306060637
874,29.133333333333333,0.1816513389348983,0.19679908159813325,0.19679908159813325,0.11960865471728699,0.1950683149091558,-0.386056313209734,0.0017307666889774531,-0.013416975974257506,0.505664967927021,-2.9611417752757667
875,29.166666666666668,0.0986329615116119,0.17299037426718084,0.18300825897759837,-0.41372467861604634,0.18446594107748937,0.22451324595903333,-0.001457682099891,-0.08583297956587747,-0.6382379245750797,0.8294480804488775
876,29.2,0.224524587392807,0.18548921803076796,0.18548921803076796,0.07442877159508754,0.18561689660719416,0.050066037667564164,-0.0001276785764262045,0.03890769078561285,0.024362733927523375,0.5973273920743963
877,29.233333333333334,0.3081756830215454,0.21524496406473623,0.20574795486171532,0.6077621049284209,0.20282117034810826,-0.5080172177374576,0.0029267845136070614,0.10535451267343715,1.1157793226658783,-2.6729005998326834
878,29.266666666666666,0.1670500487089157,0.20355601645699323,0.2082289139148849,0.07442877159508754,0.2067154590870916,-0.3473614122460177,0.0015134548277933035,-0.03966541037817589,0.4217901838411052,-2.750735873139075
879,29.3,0.1036977022886276,0.17933689305167327,0.1929320951902767,-0.4589045617382458,0.19471497639424437,0.2906458574454004,-0.0017828812039676623,-0.09101727410561677,-0.7495504191836462,1.276114574615628
880,29.333333333333332,0.150280624628067,0.17228973472029063,0.17228973472029063,-0.6192708140995823,0.17509183018758553,0.3832049853253303,-0.0028020954672949017,-0.024811205559518545,-1.0024757994249125,1.2366272293824387
881,29.366666666666667,0.0816211029887199,0.1502994297648514,0.1502994297648514,-0.6597091486631773,0.15293000125727996,0.25221062220297197,-0.0026305714924285684,-0.07130889826856006,-0.9119197708661493,-0.2707868421044499
882,29.4,0.0643928572535514,0.12946409023096656,0.12946409023096656,-0.625060186016545,0.13220877144922005,0.32654459185401885,-0.0027446812182534974,-0.06781591419566865,-0.9516047778705639,0.5846092922834228
883,29.433333333333334,0.0623146034777164,0.11317799808305742,0.11317799808305742,-0.48858276443727394,0.11633516594053077,0.5766788255799118,-0.0031571678574733447,-0.05402056246281437,-1.0652615900171858,3.4630221849573144
884,29.466666666666665,0.0172046367079019,0.08990111120462255,0.08990111120462255,-0.6983066063530463,0.09239689057650927,0.1605471516014394,-0.0024957793718867194,-0.07519225386860737,-0.8588537579544857,-1.3256017374370794
885,29.5,0.0211412459611892,0.07322444611636456,0.07322444611636456,-0.5002999526477397,0.07635739537600092,0.568119026308427,-0.003132949259636364,-0.05521614941481172,-1.0684189789561667,3.364520527608237
886,29.53333333333333,0.0540334731340408,0.06856996594815938,0.06856996594815938,-0.1396344050461552,0.07053639303473476,0.4412604108388136,-0.0019664270865753786,-0.01650291990069396,-0.5808948158849688,3.391790579955404
887,29.566666666666666,0.1215670630335807,0.08142361008510554,0.08142361008510554,0.3856093241083848,0.0802212979772721,-0.16896292976587957,0.0012023121078334476,0.0413457650563086,0.5545722538742643,-0.42411724920172905
888,29.599999999999998,0.2236446291208267,0.11591716667618676,0.11205503199982948,0.9189426574417181,0.11014320719178695,0.14820442972135084,0.0019118248080425282,0.11350142192903974,0.7707382277203673,4.878552163594494
889,29.633333333333333,0.24623703956604,0.147524280314851,0.147524280314851,1.064077449450645,0.14609000996419938,0.45908498487914695,0.0014342703506516064,0.10014702960184063,0.6049924645714981,8.456001698264835
890,29.666666666666668,0.2064543068408966,0.16181686673190881,0.16521575085209472,0.5307441161173118,0.16259482769491423,-0.407344240520366,0.002620923157180488,0.04385947914598237,0.9380883566376778,-1.8253297142682496
891,29.7,0.2294107675552368,0.17821074478924284,0.17821074478924284,0.3898498181144436,0.17518044421593462,-0.619376478890991,0.00303030057330822,0.05423032333930217,1.0092262970054346,-4.242996430333836
892,29.733333333333334,0.2758126258850097,0.2018826044890192,0.2018826044890192,0.710155790993291,0.19941716163757234,-0.14514773721136254,0.0024654428514468696,0.07639546424743737,0.8553035282046535,1.502810079772984
893,29.766666666666666,0.2778725922107696,0.22031282640423003,0.22031282640423003,0.5529066574563246,0.2173395136320498,-0.4709648509247861,0.0029733127721802144,0.060533078578719784,1.0238715083811107,-2.2465214963048146
894,29.8,0.353288322687149,0.2525640213215574,0.2525640213215574,0.9675358475198218,0.25088388639008735,0.3351211721711861,0.0016801349314700675,0.10240443629706164,0.6324146753486357,7.029491494489122
895,29.833333333333332,0.3467618227005005,0.27541027298428744,0.27541027298428744,0.6853875498819006,0.2728057850221,-0.2645908681966428,0.0026044879621874295,0.07395603767840048,0.9499784180785434,0.12832149798963788
896,29.866666666666667,0.2401879876852035,0.2668676405417087,0.2804787468692397,0.15205421654856732,0.2788749808474039,-0.32646734311336134,0.0016037660218357619,-0.03868699316220042,0.47852155966192866,-2.302668734918522
897,29.9,0.323149561882019,0.2805179691075529,0.2805179691075529,0.0011766671493962377,0.27984852901308677,-0.1681502885717549,0.0006694400944661227,0.04330103286893222,0.16932695572115114,-1.4385084333168487
898,29.933333333333334,0.2595386505126953,0.27542975276583,0.27542975276583,-0.1526464902516872,0.27593394323808823,0.07245385122922499,-0.000504190472258248,-0.016395292725392918,-0.22510034148091218,0.20983920727713207
899,29.966666666666665,0.3098650872707367,0.28378152219858505,0.28378152219858505,0.2505530829826519,0.2826194528197996,-0.21127068057097187,0.0011620693787854353,0.027245634450937084,0.46182376355362376,-1.1666373185933052
900,30.0,0.3928874433040619,0.3102435127650326,0.3099110694091179,0.7838864163159852,0.30758388196879866,-0.10759828947043149,0.002327187440319234,0.08530356133526323,0.8914847057864167,1.9349093285656143
901,30.03333333333333,0.1952960342168808,0.28236474081426416,0.31826283884187295,0.2505530829826519,0.3163556762133875,-0.35981486158282494,0.0019071626284854482,-0.1210596419965067,0.6103679445654768,-2.2935708159865813
902,30.066666666666666,0.3696577548980713,0.3035363407769221,0.30883683049685023,-0.28278025035068144,0.30958898963227555,0.09705233370246352,-0.0007521591354253121,0.06006876526579574,-0.37983258405314496,0.1024145364206484
903,30.099999999999998,0.2728989422321319,0.29610570325461044,0.29610570325461044,-0.3819338172671938,0.298396309573612,0.4427140714910014,-0.0022906063190015757,-0.025497367341480115,-0.8246478887581952,2.775083294455666
904,30.133333333333333,0.3315482139587402,0.3047017480375257,0.30115235379014843,0.15139951606613955,0.3012656196372786,0.07712159625452224,-0.00011326584713017285,0.030282594321461576,0.07427791981161731,1.0487337629631959
905,30.166666666666668,-0.4796063899993896,0.11447967448152815,0.28842122654790864,-0.3819338172671938,0.29056593576212186,0.4168320329029813,-0.002144709214213225,-0.7701723257615114,-0.7987658501701751,2.593918187659792
906,30.2,-0.4806779325008392,-0.029866799311509012,0.25791232152789106,-0.9152671506005271,0.2597912747824689,-0.19220586138322937,-0.0018789532545778198,-0.7404692072833081,-0.7230612892172977,-5.384897441907954
907,30.233333333333334,-0.1643320173025131,-0.062479303692031106,0.2096256387300957,-1.4486004839338604,0.2129909910808842,-0.6031164165866596,-0.0033653523507884975,-0.3773230083833973,-0.8454840673472008,-12.577260584830606
908,30.266666666666666,0.2073103189468383,0.0029540877945179664,0.14356117815452257,-1.9819338172671936,0.15171776845599963,-1.3527867149861508,-0.008156590301477057,0.055592550490838666,-0.6291471022810429,-27.06845666680888
909,30.3,0.0861683264374733,0.023136442479331328,0.07689451148785591,-2.0,0.08587933640855971,-1.9006118456927903,-0.008984824920703807,0.0002889900289135827,-0.09938815430720971,-34.628443470560505
910,30.333333333333332,0.0080803511664271,0.01948481530591255,0.019484815305912548,-1.7222908854583008,0.027476595642189305,-1.0083288919644504,-0.007991780336276757,-0.019396244475762204,-0.7139619934938504,-22.314938709109416
911,30.366666666666667,-0.937175452709198,-0.21253865996485594,-0.04718185136075412,-2.0,-0.03822300192369601,-1.8839517079062376,-0.00895884943705811,-0.898952450785502,-0.11604829209376244,-34.39853356910608
912,30.4,-0.4399351775646209,-0.2676902451638919,-0.11384851802742078,-2.0,-0.104737250090783,-1.98170978005044,-0.009111267936637787,-0.3351979274738379,-0.018290219949560038,-35.74759496469607
913,30.433333333333334,-0.6191913485527039,-0.35294152014262203,-0.18051518469408745,-2.0,-0.17137989427653766,-1.9971173022905597,-0.00913529041754979,-0.4478114542761662,-0.002882697709440274,-35.960218771609725
914,30.466666666666665,-0.6861398816108704,-0.4337537419596648,-0.2471818513607541,-2.0,-0.23804277479132144,-1.9995456617740544,-0.009139076569432664,-0.44809710681954895,-0.00045433822594564965,-35.99373013248195
915,30.5,-0.7638496160507202,-0.51381350239903,-0.31384851802742075,-2.0,-0.3047088447275283,-1.9999283923448206,-0.009139673299892459,-0.4591407713231919,-7.160765517943979e-05,-35.999011814358525
916,30.53333333333333,-0.7615577578544617,-0.5739001235863023,-0.3805151846940874,-2.0,-0.37137541734428553,-1.9999887140108679,-0.009139767349801875,-0.39018234051017614,-1.1285989132137075e-05,-35.99984425334998
917,30.566666666666666,-0.7050955891609192,-0.6057195989843422,-0.44718185136075406,-2.0,-0.4380420691878686,-1.9999982212299716,-0.009139782172885469,-0.2670535199730506,-1.778770028382226e-06,-35.99997545297361
918,30.599999999999998,-0.8687446713447571,-0.6695123511376541,-0.5138485180274207,-2.0,-0.5047087335182884,-1.9999997196503785,-0.009139784509132332,-0.3640359378264687,-2.803496215175727e-07,-35.99999613117522
919,30.633333333333333,-0.6751939058303833,-0.6708903262755608,-0.5805151846940874,-2.0,-0.5713753998167422,-1.9999999558144468,-0.009139784877345125,-0.10381850601364107,-4.418555321628048e-08,-35.99999939023937
920,30.666666666666668,-0.7539263963699341,-0.6910294688743202,-0.647181851360754,-2.0,-0.6380420664253754,-1.9999999930359573,-0.009139784935378592,-0.11588432994455866,-6.9640426758610374e-09,-35.99999990389621
921,30.7,-0.6447057723999023,-0.6797943570977193,-0.6960707402496429,-1.4666666666666668,-0.6895496315020957,-0.3705213368740845,-0.0065211087475471885,0.04484385910219335,-1.0961453297925823,-12.7168176326582
922,30.733333333333334,-0.7001249194145203,-0.6847252274188421,-0.727181851360754,-0.9333333333333335,-0.7255631167616516,-0.4625257574709313,-0.0016187345991023339,0.025438197347131375,-0.4708075758624022,-8.495596295299466
923,30.766666666666666,-0.551081120967865,-0.6523118712202522,-0.7405151846940873,-0.40000000000000013,-0.7385602822013004,0.2795989561094193,-0.0019549024927868475,0.18747916123343544,-0.6795989561094194,1.0571897605522946
924,30.8,-0.6402905583381653,-0.6493962836438953,-0.7360707402496428,0.1333333333333332,-0.736101602688536,0.02541853453736071,3.086243889316442e-05,0.09581104435037069,0.10791479879597249,0.523134601853716
925,30.833333333333332,-0.5535162687301636,-0.6261420365374964,-0.7138485180274206,0.6666666666666665,-0.7165875415063401,-0.38883370102603876,0.0027390234789195222,0.1630712727761765,1.0555003676927053,-1.3013995222460557
926,30.866666666666667,-0.4349261820316314,-0.5797655238164521,-0.6738485180274205,1.1999999999999997,-0.6748279272473121,0.7590222442881398,0.0009794092198915916,0.2399017452156807,0.44097775571185993,11.90752155468801
927,30.9,-0.6711443662643433,-0.6019280796367852,-0.6160707402496428,1.733333333333333,-0.6226575361698398,0.33776993448398174,0.006586795920196953,-0.0484868300945035,1.3955633988493512,12.73646847409227
928,30.933333333333334,-0.320293664932251,-0.5336219130274255,-0.5494040735829762,2.0,-0.5581414852588042,1.7419261093242397,0.008737411675828088,0.23784782032655327,0.25807389067576025,32.43858030867451
929,30.966666666666665,-0.3680248856544494,-0.4934588592556767,-0.4934588592556767,1.6783564298189846,-0.5012338909749873,0.8289113140580231,0.007775031719310599,0.13320900532053787,0.8494451157609615,19.83897613400072
930,31.0,-0.4481966495513916,-0.4824811950365783,-0.45529142270615497,1.1450230964856511,-0.4572132483553247,0.740463387693395,0.001921825649169706,0.009016598803933074,0.4045597087922561,12.494852402166533
931,31.03333333333333,-0.4216375052928924,-0.46772447855673865,-0.43490176393441105,0.6116897631523178,-0.4377205634449259,-0.3899367026275844,0.0028187995105148356,0.01608305815203348,1.001626465779902,-1.3140922831818338
932,31.066666666666666,-0.7818648219108582,-0.5439144663974629,-0.4322898829404449,0.0783564298189845,-0.4336764427052101,-0.3046228935508064,0.001386559764765205,-0.34818837920564805,0.3829793233697909,-2.338509188287343
933,31.099999999999998,-0.4355934560298919,-0.5176428440560532,-0.44745577972425654,-0.45497690351434883,-0.44562324379889273,0.30613458315309594,-0.0018325359253638096,0.01002978776900082,-0.7611114866674448,1.4254357324593887
934,31.133333333333333,-0.3080358505249023,-0.4668058387928776,-0.4668058387928776,-0.5805017720586325,-0.46388737572785016,0.45332923051890384,-0.0029184630650274657,0.15585152520294787,-1.0338310025775364,2.04358007405142
935,31.166666666666668,-0.4895665645599365,-0.4723261084943831,-0.4723261084943831,-0.1656080910451646,-0.4703860521165281,0.4188757713777749,-0.0019400563778549929,-0.019180512443408404,-0.5844838624229395,3.1055939588572263
936,31.2,-0.4082516729831695,-0.4567858235046341,-0.4600686004181108,0.3677252422881687,-0.46120458036707085,-0.15995475720542685,0.0011359799489600308,0.05295290738390135,0.5276799994935956,-0.3999909295560031
937,31.233333333333334,-0.4482154846191406,-0.45470721746344644,-0.45470721746344644,0.1608414886399312,-0.45595938268597636,-0.25413287967886344,0.0012521652225299107,0.0077438980668357305,0.41497436831879464,-1.7313872235611414
938,31.266666666666666,-0.2227968424558639,-0.39846086443757106,-0.4315680567310043,0.6941748219732645,-0.4341656802974062,-0.2712057102594234,0.0025976235664019187,0.2113688378415423,0.9653805322326879,0.05220138283029546
939,31.3,-0.3585122525691986,-0.3887719329873559,-0.39065111822078435,1.2275081553065978,-0.39155293098447175,0.803043453399024,0.0009018127636873929,0.03304067841527314,0.4244647019075738,12.414094421458106
940,31.333333333333332,-0.1594400405883789,-0.3331509519098893,-0.3331509519098893,1.7250049893268515,-0.33960161497725466,0.34859482030835554,0.006450663067365359,0.18016157438887576,1.376410169018496,12.72997354259763
941,31.366666666666667,-0.2247274369001388,-0.3068544686182499,-0.29342856337677203,1.191671655993518,-0.295403478025533,0.7316930795210674,0.0019749146487609837,0.07067604112539422,0.45997857647245066,12.500114587069957
942,31.4,0.0037250444293022,-0.23152810629872916,-0.23592839706587698,1.7250049893268513,-0.24281184873317804,0.3169558109250683,0.00688345166730106,0.24653689316248023,1.408049178401783,12.748956948227557
943,31.433333333333334,-0.147115096449852,-0.21105500779340614,-0.1962060085327597,1.191671655993518,-0.19835546948960164,0.7189328721588343,0.002149460956841931,0.051240373039749654,0.4727387838346838,12.507770711487318
944,31.466666666666665,-0.4737820327281952,-0.2747754730526122,-0.17426139777742022,0.6583383226601848,-0.17692672326122094,-0.2900372087079295,0.002665325483800718,-0.29685530946697425,0.9483755313681143,-0.16450157347895994
945,31.5,-0.6095353364944458,-0.3559664135503263,-0.17009456479985852,0.12500498932685145,-0.17159305465804128,-0.31034743831279565,0.0014984898581827666,-0.4379422818364045,0.4353524276396471,-2.240098223164037
946,31.53333333333333,-0.1730443090200424,-0.3116014244147172,-0.1837055096000746,-0.4083283440064819,-0.18215006922351867,0.25374204998758887,-0.0015554403765559166,0.009105760203476282,-0.6620703939940707,1.1046698249041786
947,31.566666666666666,-0.5816956758499146,-0.3771086990072703,-0.21509423217806845,-0.9416616773398152,-0.21326849618795432,-0.20994396068185256,-0.0018257359901141246,-0.36842717966196026,-0.7317177166579627,-5.58901813723284
948,31.599999999999998,0.0007266601896844,-0.28547044867735083,-0.2642607325338401,-1.4749950106731484,-0.26058458705212423,-0.5776294744353898,-0.0036761454817158534,0.26131124724180865,-0.8973655362377586,-12.59255275012136
949,31.633333333333333,-0.4401190280914306,-0.3229781220291362,-0.3229781220291362,-1.7615216848588844,-0.31566431208995605,-0.6095670045398205,-0.0073138099391801825,-0.12445471600147456,-1.151954680319064,-16.812024662649524
950,31.666666666666668,-0.4013313353061676,-0.34198150855096615,-0.3639177337466546,-1.2281883515255512,-0.36113503216192855,-0.6688125018145539,-0.002782701584726044,-0.040196303144239054,-0.5593758497109973,-12.537842933693849
951,31.7,-0.5637133717536926,-0.3957592175231408,-0.3957592175231408,-0.9552445132945864,-0.39403252767620095,-0.3017427307550645,-0.001726689846939855,-0.16968084407749168,-0.6535017825395218,-6.645389987556613
952,31.733333333333334,-0.6654035449028015,-0.46115736984265315,-0.4453784790774048,-1.4885778466279196,-0.4415712979123347,-0.5666264937030582,-0.003807181165070117,-0.22383224699046683,-0.9219513529248614,-12.599154538560747
953,31.766666666666666,-0.2956474125385284,-0.42101543359887367,-0.477219962853891,-0.9552445132945863,-0.475541240431051,-0.35708029264141716,-0.0016787224228400066,0.17989382789252262,-0.5981642206531691,-7.28218547616361
954,31.8,-0.2851535975933075,-0.3880642006475113,-0.49128366885259944,-0.42191117996125294,-0.48908679688860873,0.3423362165943524,-0.0021968719639907097,0.20393319929530124,-0.7642473965556054,1.572180420085064
955,31.833333333333332,0.0510197393596172,-0.2815710336349283,-0.4875695970735301,0.11142215337208039,-0.4873689035774826,0.07767577250992697,-0.0002006934960475104,0.5383886429370998,0.033746380862153424,0.9187828724281228
956,31.866666666666667,0.0109459124505519,-0.2106254736743749,-0.46607774751668296,0.6447554867054137,-0.4688946944194582,-0.4424893833131849,0.0028169469027752303,0.47984060687001007,1.0872448700185986,-1.9188408271007429
957,31.9,0.0191735867410898,-0.1548911880620124,-0.42680812018205805,1.178088820038747,-0.4278509626124928,0.7220831793924265,0.0010428424304347317,0.4470245493535826,0.45600564064632043,11.48244626988852
958,31.933333333333334,-0.0222221221774816,-0.12271431320201333,-0.36976071506965535,1.7114221533720801,-0.3760972746673177,0.3583599716092509,0.006336559597662328,0.3538751524898361,1.3530621817628292,12.72411445181708
959,31.966666666666665,0.0707888081669807,-0.07578305850599815,-0.3030940484029887,2.0,-0.3117920206584174,1.716630481068039,0.008697972255428676,0.38258082882539807,0.28336951893196094,32.08950063873894
960,32.0,0.0842451006174087,-0.036970649480132844,-0.23642738173632205,2.0,-0.2454975331606378,1.9553384997335508,0.009070151424315748,0.32974263377804647,0.04466150026644922,35.383671296323
961,32.03333333333333,0.1451556831598281,0.0072013372222314645,-0.1697607150696554,2.0,-0.17888952516732834,1.9929609591971351,0.00912881009767294,0.32404520832715644,0.007039040802864882,35.902861236920465
962,32.06666666666666,0.0694057047367096,0.02228806551050333,-0.10309404840298873,2.0,-0.1122321036176582,1.9988905859604176,0.009138055214669469,0.1816378083543678,0.0011094140395824237,35.984690086253764
963,32.1,0.0713480338454246,0.03418681863146235,-0.03642738173632207,2.0,-0.04556689406182251,1.9998251467002846,0.009139512325500442,0.11691492790724711,0.0001748532997154495,35.997587024463925
964,32.13333333333333,0.065558522939682,0.04179555090782474,0.030239284930344598,2.0,0.021099542951506668,1.9999724415995013,0.00913974197883793,0.04445897998817534,2.7558400498728375e-05,35.99961969407312
965,32.166666666666664,0.0187914799898862,0.03621626152139544,0.07912817381923348,1.4666666666666668,0.0726070823963237,0.37052260339164955,0.006521091422909783,-0.0538156024064375,1.0961440632750172,12.716816872747616
966,32.2,-0.1841350197792053,-0.017226608196409685,0.1102392849303446,0.9333333333333335,0.10862054952008086,0.4625248216756227,0.0016187354102637358,-0.29275556929928614,0.47080851165771076,8.495585526660431
967,32.233333333333334,0.0206309240311384,-0.008044836478393606,0.12357261826367794,0.40000000000000013,0.12161771460769515,-0.2795993249049552,0.00195490365598279,-0.10098679057655674,0.6795993249049553,-1.0571932073319392
968,32.266666666666666,-0.4437645375728607,-0.11372205823825234,0.11912817381923349,-0.1333333333333332,0.11915903563535186,-0.025418704341812155,-3.086181611837435e-05,-0.5629235732082126,-0.10791462899152104,-0.5231361064452479
969,32.3,-0.0687233507633209,-0.10280830249851737,0.09690595159701128,-0.6666666666666665,0.09964497510508989,0.38883373466540294,-0.002739023508078614,-0.16836832586841077,-1.0555004013320695,1.3013999093501372
970,32.333333333333336,-0.3135783672332763,-0.1539273930867252,0.056905951597011284,-1.1999999999999997,0.05788536081553758,-0.7590222458631732,-0.0009794092185262948,-0.3714637280488139,-0.4409777541368265,-11.907521572812671
971,32.36666666666667,0.0114752892404794,-0.11381147476569928,-0.0008718261807664773,-1.733333333333333,0.005714969738879872,-0.3377699345242273,-0.006586795919646349,0.005760319501599528,-1.3955633988091056,-12.736468474068069
972,32.4,-0.1239218115806579,-0.11626358400697868,-0.06753849284743314,-2.0,-0.05880108117169178,-1.7419261092685983,-0.008737411675741366,-0.06512073040896613,-0.25807389073140174,-32.438580307906655
973,32.43333333333333,-0.1279198825359344,-0.11909064287406558,-0.11909064287406558,-1.5465645007989732,-0.11184882729271195,-0.36572953452242163,-0.007241815581353631,-0.016071055243222443,-1.1808349662765516,-13.447067576409417
974,32.46666666666667,0.0360105708241462,-0.08147318992429511,-0.15286501512292022,-1.0132311674656398,-0.151524634354052,-0.6514991598993903,-0.0013403807688682212,0.18753520517819822,-0.36173200756624946,-10.67020258497115
975,32.5,0.0246906597167253,-0.05572475428272647,-0.1688616095939971,-0.47989783413230647,-0.16673720936442463,0.2823614121560205,-0.0021244002295724707,0.19142786908114992,-0.762259246288327,0.8228174471366828
976,32.53333333333333,0.0174454562366008,-0.037978426669254495,-0.1670804262872962,0.05343549920102686,-0.16664858244522535,0.11191192857105361,-0.0004318438420708448,0.18409403868182614,-0.058476429370026756,1.0437990747803818
977,32.56666666666666,0.1674795895814895,0.011852306921933682,-0.1475214652028175,0.5867688325343602,-0.15045088460660044,-0.5378066045966929,0.00292941940378294,0.31793047418808995,1.1245754371310532,-3.0660553671369914
978,32.6,0.1130071952939033,0.03638589478524852,-0.11018472634056106,1.1201021658676935,-0.11139983041215547,0.6192623218158071,0.0012151040715944056,0.22440702570605875,0.5008398440518864,10.299238047344087
979,32.63333333333333,0.0457754395902156,0.03866318682893214,-0.05507020970052684,1.6534354992010267,-0.0607463037880334,0.4127208839436347,0.005676094087506557,0.10652174337824899,1.240714615257392,12.691497904416423
980,32.666666666666664,0.1498671174049377,0.06563401785293631,0.011596456966139826,2.0,0.0030025798182900607,1.6498660327588146,0.008593877147849765,0.14686453758664764,0.3501339672411854,31.16815125207164
981,32.7,0.1235175803303718,0.0796728002463273,0.07826312363280649,2.0,0.06920937850262002,1.9448158421195965,0.009053745130186475,0.054308201827751784,0.05518415788040354,35.23845862125043
982,32.733333333333334,0.0829699859023094,0.08047248274605227,0.1271520125216954,1.4666666666666668,0.12066560415753746,0.3730581083043354,0.006486408364157925,-0.03769561825522806,1.0936085583623314,12.71529556980002
983,32.766666666666666,0.1339995115995407,0.09345465381632496,0.1582631236328065,0.9333333333333335,0.15664276431805493,0.4606514061904208,0.0016203593147515738,-0.022643252718514223,0.4726819271429127,8.47402724890845
984,32.8,0.0647334605455398,0.08648876289410917,0.17159645696613984,0.40000000000000013,0.1696392246499956,-0.2803376351422159,0.001957232316144253,-0.10490576410445579,0.680337635142216,-1.0640934879765696
985,32.833333333333336,0.0868865326046943,0.08658523591979352,0.1671520125216954,-0.1333333333333332,0.16718162757376873,-0.02575864435341398,-2.9615052073328485e-05,-0.08029509496907443,-0.10757468897991922,-0.5261482233560251
986,32.86666666666667,0.0811443254351615,0.08526562539399969,0.14492979029947317,-0.6666666666666665,0.14766887218261443,0.3889010789871674,-0.002739081883141259,-0.06652454674745294,-1.055567745653834,1.3021748723015443
987,32.9,-0.1508911103010177,0.02798938182401712,0.10492979029947318,-1.1999999999999997,0.10590919678480552,-0.7590253990091249,-0.0009794064853323459,-0.25680030708582324,-0.4409746009908748,-11.907557857553972
988,32.93333333333333,0.0442559495568275,0.031934591740516334,0.047152012521695416,-1.733333333333333,0.05373880733902781,-0.3377700151088856,-0.006586794817332396,-0.009482857782200316,-1.3955633182244473,-12.736468425717272
989,32.96666666666667,0.0138400616124272,0.027546037199183013,0.007152012521695422,-1.1999999999999997,0.009286667667806052,-0.7191423569104746,-0.0021346551461106297,0.004553393944621148,-0.48085764308952517,-12.507645020636321
990,33.0,-0.0188615713268518,0.016290573823917312,-0.01507020970052679,-0.6666666666666664,-0.012429688445508534,0.27519672732217726,-0.0026405212550182564,-0.006431882881343266,-0.9418633939888437,-0.0062748625088007715
991,33.03333333333333,-0.0071188756264746,0.010612966007168805,-0.019514654144971225,-0.13333333333333308,-0.01799245824839409,0.3125497697089371,-0.001522195896577136,0.01087358262191949,-0.4458831030422702,2.2335597406387238
992,33.06666666666666,-0.2181635200977325,-0.04487330967607661,-0.041736876367193435,-0.6666666666666664,-0.03906767899882952,0.3082788914513508,-0.002669197368363914,-0.17909584109890297,-0.9749455581180172,0.3744172416008566
993,33.1,-0.2178287357091903,-0.08682103172206582,-0.08173687636719343,-1.1999999999999997,-0.0807541978008722,-0.7552505666595228,-0.0009826785663212267,-0.1370745379083181,-0.4447494333404769,-11.864119076940337
994,33.13333333333333,-0.582690417766571,-0.20708664959824497,-0.1395146541449712,-1.733333333333333,-0.13292653967722187,-0.3376735420688599,-0.0065881144677493175,-0.44976387808934915,-1.395659791264473,-12.73652630954128
995,33.166666666666664,-0.3208498060703277,-0.23467818214635736,-0.20618132081163787,-2.0,-0.19744370132124983,-1.7420593972833573,-0.008737619490388038,-0.12340610474907787,-0.25794060271664265,-32.44041968251033
996,33.2,-0.397348403930664,-0.2741313835004512,-0.2728479874783045,-2.0,-0.2637715873050006,-1.9593463180500947,-0.009076400173303911,-0.1335768166256634,-0.04065368194990526,-35.438979189091306
997,33.233333333333334,-0.0665220022201538,-0.22377886886804904,-0.3217368763671934,-1.4666666666666668,-0.3152413310846043,-0.37239015390807384,-0.00649554528258911,0.24871932886445047,-1.094276512758593,-12.715696342437758
998,33.266666666666666,-0.1522424519062042,-0.20642879316526694,-0.3528479874783045,-0.9333333333333335,-0.35122805596558015,-0.4611449394914595,-0.0016199315127243263,0.19898560405937596,-0.47218839384187394,-8.479706569949442
999,33.3,0.1147261708974838,-0.1285375151916308,-0.36618132081163784,-0.40000000000000013,-0.3642247019586285,0.2801431344073445,-0.001956618853009351,0.47895087285611226,-0.6801431344073446,1.062275675370873
1000,33.333333333333336,0.0230394415557384,-0.09177481744892906,-0.3617368763671934,0.1333333333333332,-0.3617668198672697,0.025669090425091523,2.994350007629043e-05,0.3848062614230081,0.10766424290824167,0.5253547101103995
1001,33.36666666666667,0.0293922256678342,-0.06238758420408565,-0.33951465414497123,0.6666666666666665,-0.3422537206497634,-0.3888833377729559,0.0027390665047921647,0.3716459463175976,1.0555500044396224,-1.3019707157614484
1002,33.4,0.0842464715242385,-0.026823712325384476,-0.29951465414497125,1.1999999999999997,-0.3004940613503373,0.7590245683431323,0.0009794072053660452,0.38474053287457577,0.4409754316568675,11.907548298687646
1003,33.43333333333333,0.1799098402261734,0.0233163832987466,-0.2417368763671935,1.733333333333333,-0.2483236714749199,0.33776999387963236,0.0065867951077264175,0.4282335117010933,1.3955633394537006,12.73646843845484
1004,33.46666666666667,0.1570571362972259,0.0557531796553258,-0.17507020970052684,2.0,-0.18380762124830255,1.7419260271940833,0.008737411547775714,0.3408647575455285,0.2580739728059167,32.43857917527835
1005,33.5,0.2057511359453201,0.092132914724837,-0.10840354303386017,2.0,-0.11747991043360019,1.959325297764285,0.00907636739974002,0.3232310463789203,0.04067470223571501,35.438689109147134
1006,33.53333333333333,0.1598442792892456,0.10855528183553204,-0.041736876367193504,2.0,-0.050866666156645285,1.99358931323459,0.009129789789451781,0.2107109454458909,0.006410686765409901,35.911532522637344
1007,33.56666666666666,0.1334352642297744,0.11458954517100534,0.024929790299473162,2.0,0.01579158067686029,1.9989896200206694,0.009138209622612872,0.1176436835529141,0.0010103799793306223,35.98605675628524
1008,33.6,0.0921206697821617,0.10914005936350758,0.09159645696613983,2.0,0.08245692030460483,1.9998407553293456,0.009139536661534997,0.009663749477556868,0.00015924467065442371,35.99780242354497
1009,33.63333333333333,0.1444768011569976,0.11771045149726123,0.14048534585502873,1.4666666666666668,0.13396433723785184,0.3705286569045221,0.006521008617176888,0.01051246391914576,1.0961380097621447,12.716813240639915
1010,33.666666666666664,0.0545379631221294,0.1023889201403545,0.17159645696613984,0.9333333333333335,0.16997771767880743,0.4625203488999267,0.0016187392873324158,-0.11543975455667803,0.47081298443340674,8.495534056315735
1011,33.7,0.1027955561876297,0.10248754356186955,0.18492979029947318,0.40000000000000013,0.18297488108381896,-0.279601087619159,0.0019549092156542214,-0.08017932489618926,0.6796010876191592,-1.0572096817380796
1012,33.733333333333334,0.0479095019400119,0.08925046524476729,0.18048534585502873,-0.1333333333333332,0.18051620469450047,-0.025419515947904425,-3.085883947173684e-05,-0.13260670275448858,-0.10791381738542877,-0.5231432978683053
1013,33.766666666666666,0.1462545394897461,0.10307594107262302,0.1582631236328065,-0.6666666666666665,0.16100214728025547,0.3888338954498347,-0.0027390236474489627,-0.014747607790509376,-1.0555005621165012,1.3014017595726144
1014,33.8,0.2456675916910171,0.13765938874701986,0.13765938874701986,-0.6181120465735995,0.14042026401984628,0.33373478229915765,-0.002760875272826424,0.10524732767117081,-0.9518468288727572,0.6673502133072471
1015,33.833333333333336,0.2209163308143615,0.15785210050138376,0.134833431639011,-0.0847787132402662,0.13618263779997186,0.28868217042549316,-0.0013492061609608752,0.08473369301438963,-0.37346088366575936,2.168612062335531
1016,33.86666666666667,0.1824229806661605,0.1638113957673214,0.1497852523087799,0.4485546200930671,0.14796261564099647,-0.30662396240891854,0.0018226366677834283,0.03446036502516403,0.7551785825019857,-1.4495240777059142
1017,33.9,0.2662424147129059,0.18865448979545663,0.18251485075632656,0.9818879534264005,0.1808247790897018,0.2999196193502251,0.0016900716666247706,0.08541763562320409,0.6819683340761753,6.624410582641484
1018,33.93333333333333,0.2177419960498809,0.19570922439012586,0.19746667142609547,0.4485546200930671,0.19506389640929245,-0.39061915072731757,0.002402775016803027,0.02267809964058845,0.8391737708203847,-1.9366695100168687
1019,33.96666666666667,0.0991500616073608,0.1722902602425115,0.1946407143180866,-0.0847787132402662,0.1942057442232095,-0.12832538198679005,0.0004349700948771129,-0.0950556826158487,0.04354666874652385,-1.2856320522054308
1020,34.0,-0.1030570417642593,0.10550893770405764,0.17403697943229995,-0.6181120465735995,0.17694646508921755,0.5051789755390854,-0.002909485656917593,-0.28000350685347686,-1.123291022112685,2.640239604915526
1021,34.03333333333333,0.0439514406025409,0.09057909804833716,0.13565546676873552,-1.1514453799069329,0.13677554604692116,-0.6770466133150985,-0.0011200792781856372,-0.09282410544438026,-0.47439876659183433,-10.9641892104378
1022,34.06666666666666,-0.0524347200989723,0.05589326002651988,0.07949617632739332,-1.684778713240266,0.08552849670239691,-0.3833938789355287,-0.006032320375003591,-0.13796321680136922,-1.3013848343047374,-12.709094107421297
1023,34.1,0.0732886716723442,0.06011225395652179,0.0411146636638289,-1.1514453799069329,0.0424144872059578,-0.7852617302526759,-0.0012998235421289028,0.030874184466386394,-0.366183649654257,-12.467973396631006
1024,34.13333333333333,-0.2238267213106155,-0.00875284895299027,-0.00875284895299027,-1.496025378504575,-0.005024075592920245,-0.571577920014517,-0.0037287733600700253,-0.21880264571769525,-0.9244474584900579,-12.596183682773898
1025,34.166666666666664,0.0548476353287696,0.006672486336177116,-0.04084258379203166,-0.9626920451712416,-0.039182991041813914,-0.3668311718692048,-0.0016595927502177435,0.09403062637058351,-0.5958608733020369,-7.394393453720673
1026,34.2,-0.2598664164543152,-0.057972492229328376,-0.057972492229328376,-0.5138972531189016,-0.055298549024579084,0.43093055959835347,-0.002673943204749292,-0.2045678674297361,-0.944827812717255,2.0887899765289197
1027,34.233333333333334,-0.0964409038424491,-0.06730242350068925,-0.06730242350068925,-0.27989793814082636,-0.06482368029123545,0.5187553239671245,-0.002478743209453807,-0.03161722355121366,-0.798653262107951,3.6728671757443103
1028,34.266666666666666,-0.3868763148784637,-0.14481023621367956,-0.09441013254982791,-0.8132312714741596,-0.09223443352193834,-0.018630428316469105,-0.002175699027889569,-0.29464188135652536,-0.7946008431576905,-3.3874828659474265
1029,34.3,-0.3229898810386657,-0.1880250134935817,-0.13929561937674434,-1.3465646048074928,-0.13709502176444485,-0.6989601922116985,-0.0022005976122994875,-0.18589485927422086,-0.6476044125957944,-12.519754319455586
1030,34.333333333333336,-0.5318639278411865,-0.2714179404370045,-0.20195888398143855,-1.879897938140826,-0.19439869547760177,-0.8764408455788315,-0.007560188503836773,-0.3374652323635847,-1.0034570925619946,-20.494883668987875
1031,34.36666666666667,-0.7510507106781006,-0.3877456127840361,-0.2686255506481052,-2.0,-0.2597347238368121,-1.8403234031052413,-0.008890826811293107,-0.49131598684128847,-0.15967659689475866,-33.79646296285233
1032,34.4,-0.1298045367002487,-0.3251859070149064,-0.3251859070149064,-1.6968106910040355,-0.3173120317567696,-0.9092769503948999,-0.00787387525813682,0.1875074950565209,-0.7875337406091356,-20.948021915449615
1033,34.43333333333333,0.005615119356662,-0.24495512255772633,-0.3639684856039298,-1.1634773576707023,-0.3617744923331134,-0.7186323827750293,-0.00219399327081643,0.36738961168977535,-0.444844974895673,-12.507951005117553
1034,34.46666666666667,-0.1704540848731994,-0.22688602294861682,-0.3849732864151754,-0.6301440243373689,-0.3822237283664008,0.34057929219987315,-0.0027495580487746363,0.21176964349320138,-0.9707233165372421,0.7461132248662494
1035,34.5,-0.2253786623477935,-0.22652043543883665,-0.38820030944864325,-0.09681069100403561,-0.38678169730596285,0.30301079725463964,-0.0014186121426804088,0.16140303495816935,-0.39982148825867525,2.263345456739886
1036,34.53333333333333,0.0775535628199577,-0.15277188731331892,-0.3736495547043333,0.4365226423292977,-0.3753790176287975,-0.2871929600713128,0.0017294629244641868,0.4529325804487552,0.7237156024006105,-1.3143562102335742
1037,34.56666666666666,0.1296596825122833,-0.08427238278902327,-0.3413210221822456,0.969855975662631,-0.34305229259352177,0.27229134847369996,0.0017312704112761867,0.4727119751058051,0.6975646271889311,6.306479006828381
1038,34.6,0.0768813118338584,-0.045186992155308185,-0.29121471188238013,1.5031893089959643,-0.29520767043494217,0.5515138104763228,0.003992958552562043,0.3720889822688006,0.9516754985196415,12.608222148496804
1039,34.63333333333333,0.1075877323746681,-0.008133793957241564,-0.22454804521571348,2.0,-0.23287664556729482,1.4797229841176844,0.008328600351581339,0.34046437794196294,0.5202770158823156,28.820177180824043
1040,34.666666666666664,0.0985949039459228,0.01775163708506136,-0.15788137854904682,2.0,-0.16689331374938665,1.9179998181489828,0.009011935200339827,0.26548821769530945,0.0820001818510172,34.86839749045596
1041,34.7,0.1419716626405716,0.047879325033692584,-0.09121471188238016,2.0,-0.10033434659692647,1.987076058295223,0.009119634714546312,0.24230600923749807,0.012923941704777064,35.821649604474075
1042,34.733333333333334,0.1589980721473693,0.07482949609759812,-0.024548045215713493,2.0,-0.033684654310216264,1.9979630744052261,0.00913660909450277,0.19268272645758555,0.002036925594773864,35.97189042679212
1043,34.766666666666666,0.1254311203956604,0.0871021545496336,0.04211862145095317,2.0,0.03297933704656596,1.9996789628138671,0.009139284404387216,0.09245178334909444,0.00032103718613285537,35.99556968683137
1044,34.8,0.0627870857715606,0.08120490246552474,0.09100751033984206,1.4666666666666668,0.08448660345952663,0.37053609437749313,0.006520906880315425,-0.021699517687966033,1.0961305722891737,12.716808778156123
1045,34.833333333333336,0.1153969168663024,0.08949765828806643,0.12211862145095317,0.9333333333333335,0.12049987740017278,0.46251485355382455,0.001618744050780399,-0.005102960533870382,0.4708184797795089,8.4954708187699
1046,34.86666666666667,0.1602073609828949,0.10664722695224532,0.1354519547842865,0.40000000000000013,0.13349703873790325,-0.27960325332682767,0.0019549160463832593,0.026710322244991647,0.6796032533268278,-1.0572299225392414
1047,34.9,0.1353718340396881,0.11361394584404584,0.13100751033984206,-0.1333333333333332,0.13103836552214324,-0.025420513104184063,-3.085518230117046e-05,0.004333468517544875,-0.10791282022914914,-0.523152133401593
1048,34.93333333333333,0.1027539372444152,0.11098001505272659,0.11098001505272659,-0.6008248586134644,0.11392061538753967,0.5124817790621643,-0.0029406003348130816,-0.01116667814312447,-1.1133066376756287,2.7242764178714514
1049,34.96666666666667,0.0971835181117057,0.10763388343856445,0.10763388343856445,-0.1003839484248642,0.10929344510594263,0.37557915500333006,-0.0016595616673781843,-0.012109926994236936,-0.47596310342819426,2.925329023418046
1050,35.0,0.0160834249109029,0.08542970473435921,0.08650997404662453,-0.6337172817581975,0.08927361522968484,0.3627363682050655,-0.002763641183060314,-0.07319019031878193,-0.996453649963263,1.0010851744762732
1051,35.03333333333333,0.0522124096751213,0.07737335234216686,0.07737335234216686,-0.2740986511337301,0.07976535344527141,0.49034844239224706,-0.0023920011031045574,-0.027552943770150114,-0.7644470935259772,3.412534931808799
1052,35.06666666666666,0.0589381791651248,0.07290217998269327,0.07290217998269327,-0.13413517078420756,0.0746113286084625,0.3855333883472032,-0.0017091486257692218,-0.01567314944333769,-0.5196685591314107,2.955443866365448
1053,35.1,0.0863196700811386,0.07615638922095468,0.07615638922095468,0.09762627714784214,0.07638212711197512,0.09337943294375636,-0.00022573789102044162,0.00993754296916348,0.004246844204085776,1.069997675367688
1054,35.13333333333333,-0.0582746230065822,0.043552180930883186,0.0616328206814383,-0.4357070561854912,0.0641040958145443,0.48031024968974156,-0.0024712751331060073,-0.1223787188211265,-0.9160173058752328,2.994930734792299
1055,35.166666666666664,-0.3250518441200256,-0.04584714895720034,0.02933147436414415,-0.9690403895188245,0.031030509133165726,-0.31082891945902946,-0.0016990347690215776,-0.3560823532531913,-0.6582114700597951,-6.749949056985786
1056,35.2,-0.0983845517039299,-0.058589301186735256,-0.020747649730927777,-1.5023737228521579,-0.016777958661695153,-0.5533002613894829,-0.003969691069232624,-0.08160659304223475,-0.949073461462675,-12.607150277948918
1057,35.233333333333334,-0.1419286876916885,-0.07880200859218968,-0.07880200859218968,-1.7416307658378571,-0.0715224098601949,-0.5693341438199708,-0.0072795987319947825,-0.07040627783149361,-1.1722966220178863,-16.256811184715595
1058,35.266666666666666,-0.4703380763530731,-0.1737631585145322,-0.14546867525885634,-2.0,-0.13662207183551658,-1.8119594370386043,-0.00884660342333976,-0.33371600451755656,-0.1880405629613957,-33.40504023113274
1059,35.3,-0.5073403120040894,-0.25466725060582734,-0.21213534192552302,-2.0,-0.20304176493669954,-1.9703631721419563,-0.009093576988823487,-0.3042985470673898,-0.02963682785804367,-35.591011775559
1060,35.333333333333336,-0.4223374426364898,-0.29533311910164006,-0.2788020085921897,-2.0,-0.2696695064218497,-1.9953289782180235,-0.009132502170339951,-0.1526679362146401,-0.0046710217819765365,-35.935539899408724
1061,35.36666666666667,-0.2164665758609771,-0.27620523216299075,-0.32769089748107855,-1.4666666666666668,-0.32117272591752904,-0.3707360597019853,-0.006518171563549502,0.10470615005655196,-1.0959306069646815,-12.716688798961437
1062,35.4,-0.3433900475502014,-0.29249989273660143,-0.35880200859218964,-0.9333333333333335,-0.3571831364704336,-0.46236710462478936,-0.0016188721217560431,0.013793088920232177,-0.4709662287085441,-8.493770601986792
1063,35.43333333333333,-0.437711238861084,-0.3277187079242065,-0.372135341925523,-0.40000000000000013,-0.3701802422268492,0.27966148095850984,-0.001955099698673801,-0.06753099663423479,-0.67966148095851,1.057774120600703
1064,35.46666666666667,0.0874436497688293,-0.22702735880671338,-0.3676908974810786,0.1333333333333332,-0.36772165433599113,0.025447322839159223,3.075685491255031e-05,0.4551653041048204,0.10788601049417397,0.5233896872444255
1065,35.5,0.0670561119914054,-0.15570186197611716,-0.3454686752588564,0.6666666666666665,-0.3482077036813508,-0.3888394041754015,0.002739028422494405,0.41526381567275616,1.055506070842068,-1.3014651510822899
1066,35.53333333333333,0.0038878337945789,-0.1169957956032042,-0.3054686752588564,1.1999999999999997,-0.30644808424728354,0.7590225113167712,0.0009794089884271329,0.31033591804186245,0.4409774886832285,11.907524627512732
1067,35.56666666666666,-0.0511709339916706,-0.10103097124396344,-0.24769089748107864,1.733333333333333,-0.2542776933079246,0.3377699413084012,0.006586795826845959,0.203106759316254,1.3955633920249317,12.736468469997568
1068,35.6,0.1645558476448059,-0.036616906225317644,-0.181024230814412,2.0,-0.1897616424755272,1.741926099887689,0.008737411661115219,0.3543174901203331,0.2580739001123109,32.43858017845011
1069,35.63333333333333,0.089577130973339,-0.006010451616273019,-0.11435756414774532,2.0,-0.12343393156534863,1.9593253092214309,0.009076367417603301,0.21301106253868762,0.04067469077856911,35.43868926725575
1070,35.666666666666664,0.2058394253253936,0.045370531086892554,-0.04769089748107866,2.0,-0.05682068727334585,1.9935893150403345,0.009129789792267189,0.26266011259873945,0.006410684959665458,35.91153254755662
1071,35.7,0.2153800874948501,0.08660377702158523,0.018975769185588007,2.0,0.009837559562531406,1.99898962030527,0.0091382096230566,0.2055425279323187,0.001010379694730057,35.986056760212726
1072,35.733333333333334,0.1921885013580322,0.11221175458176709,0.08564243585225467,2.0,0.07650289919064973,1.9998407553741993,0.009139536661604941,0.11568560216738247,0.00015924462580074739,35.99780242416395
1073,35.766666666666666,0.1233051195740699,0.11490228243582083,0.13453132474114357,1.4666666666666668,0.12801031612393848,0.3705286569024582,0.006521008617205087,-0.00470519654986859,1.0961380097642086,12.716813240641127
1074,35.8,0.0700659751892089,0.10402791441460965,0.1656424358522547,0.9333333333333335,0.16402369656492358,0.4625203489014468,0.0016187392873311113,-0.09395772137571468,0.4708129844318867,8.49553405633323
1075,35.833333333333336,-0.0286894869059324,0.07183931652584372,0.17897576918558802,0.40000000000000013,0.1770208599699357,-0.2796010876185593,0.001954909215652334,-0.2057103468758681,0.6796010876185594,-1.0572096817324714
1076,35.86666666666667,0.1069283783435821,0.0803496376284798,0.17453132474114358,-0.1333333333333332,0.17456218358061631,-0.025419515947626876,-3.0858839472736044e-05,-0.06763380523703422,-0.10791381738570632,-0.523143297865837
1077,35.9,0.1188500076532363,0.08968731992910339,0.15230910251892135,-0.6666666666666665,0.15504812616637026,0.3888338954497783,-0.002739023647448907,-0.03619811851313395,-1.0555005621164448,1.301401759571971
1078,35.93333333333333,0.308883786201477,0.1428501067323122,0.1428501067323122,-0.28376987359827494,0.14531699379563676,0.5090146685785173,-0.0024668870633245688,0.16356679240584024,-0.7927845421767923,3.558756097398218
1079,35.96666666666667,0.2322482019662857,0.16453226228143972,0.1511688887234808,0.2495634597350584,0.15086345036479218,0.007720387419935165,0.00030543835868862557,0.08138475160149353,0.24184307231512323,0.7219237119193125
1080,36.0,0.220301479101181,0.1780582421222174,0.1772654484924272,0.7828967930683917,0.1748951227500347,-0.1557279265764231,0.002370325742392515,0.045406356351146315,0.9386247196448148,1.3810588383627649
1081,36.03333333333333,0.1684292405843734,0.175722873470571,0.18558423048359582,0.24956345973505834,0.18362225144018787,-0.37782601869107135,0.0019619790434079465,-0.015193010855814482,0.6273894784261297,-2.465126645381212
1082,36.06666666666666,0.0026156906969845,0.13373834512301633,0.17612523469698665,-0.283769873598275,0.1768526522408293,0.0898150232717958,-0.0007274175438426456,-0.1742369615438448,-0.3735848968700708,0.03524303644312937
1083,36.1,0.1077134683728218,0.12742640498192312,0.1488884611325997,-0.8171032069316083,0.15113430539615683,0.06869663095615097,-0.0022458442635571174,-0.04342083702333503,-0.8857998378877593,-2.382569106061754
1084,36.13333333333333,-0.0719626173377037,0.07906761405457804,0.10387390979043498,-1.3504365402649416,0.10615153757815407,-0.6929230837754135,-0.0022776277877190887,-0.17811415491585778,-0.6575134564895282,-12.523376584517363
1085,36.166666666666664,-0.138110339641571,0.02639438693987297,0.041081580670492474,-1.883769873598275,0.04866957523915378,-0.8978354806800359,-0.007587994568661306,-0.18677991488072476,-0.9859343929182391,-20.790129633384495
1086,36.2,0.0641998648643493,0.03556353367417715,-0.0039329706716722534,-1.3504365402649419,0.0004991792386443315,-0.5354167500515539,-0.004432149910316585,0.06370068562570497,-0.815019790213388,-12.617880384751675
1087,36.233333333333334,-0.1860588639974594,-0.01818762608946966,-0.031169744236059203,-0.8171032069316085,-0.029097360207345872,-0.13141556311342273,-0.0020723840287133304,-0.15696150379011353,-0.6856876438181858,-4.685354737645202
1088,36.266666666666666,-0.1126334890723228,-0.04109404134145365,-0.04109404134145365,-0.29772891316183336,-0.03924129984801845,0.31180474522198565,-0.0018527414934352004,-0.07339218922430435,-0.609533658383819,1.6892810279022594
1089,36.3,-0.3068195283412933,-0.10554173821261331,-0.06879611622462586,-0.8310622464951667,-0.06664569703117645,-0.018302460432824685,-0.00215041919344941,-0.24017383131011683,-0.812759786062342,-3.3837087844448535
1090,36.333333333333336,0.0217157788574695,-0.07467735264949993,-0.0787204133300203,-0.29772891316183336,-0.07673097152506925,0.35580205859820024,-0.0019894418049510587,0.09844675038253875,-0.6535309717600336,2.1024370842902864
1091,36.36666666666667,-0.1775839179754257,-0.09963578325793251,-0.09963578325793251,-0.6274610978373663,-0.09686843399825733,0.3566666033723902,-0.0027673492596751864,-0.08071548397716836,-0.9841277012097565,0.931237520720022
1092,36.4,-0.2622986137866974,-0.1390871919748125,-0.1383289309636225,-1.1607944311706997,-0.13723081905930345,-0.6869261342777129,-0.001098111904319049,-0.12506779472739393,-0.4738682968929868,-11.07787752926022
1093,36.43333333333333,-0.4729926288127899,-0.22007090422586617,-0.19479985644709027,-1.694127764504033,-0.18865870919729916,-0.3744582161992902,-0.006141147249791118,-0.28433391961549076,-1.3196695483047427,-12.714455505063023
1094,36.46666666666667,-0.5655884146690369,-0.3038709492578004,-0.26146652311375695,-2.0,-0.2527993495435906,-1.6968768415549742,-0.008667173570166331,-0.31278906512544624,-0.3031231584450258,-31.816900413458644
1095,36.5,-0.5994893908500671,-0.37556873003286967,-0.3281331897804236,-2.0,-0.31906789249671985,-1.9522251543755094,-0.009065297283703755,-0.2804214983533473,-0.047774845624490636,-35.34070713038203
1096,36.53333333333333,-0.399750143289566,-0.3814335659922624,-0.3814335659922624,-1.5990112863551642,-0.37392787866760885,-0.5831983405066827,-0.007505687324653565,-0.025822264621957136,-1.0158129458484815,-16.44813709899222
1097,36.56666666666666,-0.0280937943607568,-0.29573634984737,-0.41695616442632344,-1.0656779530218308,-0.4157887057491086,-0.7642447595303945,-0.0011674586772148499,0.38769491138835177,-0.30143319349143627,-11.967619506821853
1098,36.6,0.0447643399238586,-0.21315305877296073,-0.4347009850826067,-0.5323446196884974,-0.43245127555931,0.28862842418538925,-0.0022497095232966724,0.4772156154831686,-0.8209730438738867,0.7105942606435276
1099,36.63333333333333,-0.2837826013565063,-0.23028318581484195,-0.43466802796111215,0.0009887136448358813,-0.43392493222593076,0.17073879530895086,-0.0007430957351813872,0.15014233086942447,-0.16975008166411498,1.4037451151089453
1100,36.666666666666664,-0.0578615553677082,-0.18846492781276067,-0.41685729306183983,0.5343220469781692,-0.4193827746846455,-0.45419476639272127,0.002525481622805692,0.3615212193169373,0.9885168133708905,-2.48818274176269
1101,36.7,-0.1006339341402053,-0.1671628490396206,-0.38126878038478973,1.0676553803115025,-0.3826633646163096,0.49895101450565116,0.0013945842315198909,0.2820294304761043,0.5687043658058514,8.91475895011065
1102,36.733333333333334,0.0822212845087051,-0.10667850022964365,-0.32790248992996185,1.6009887136448357,-0.3329907659988916,0.4611902678043076,0.0050882760689297535,0.4152120505075967,1.1397984458405281,12.662416274100043
1103,36.766666666666666,-0.0167891662567853,-0.08487720215605424,-0.2612358232632952,2.0,-0.2697370551799562,1.5904452982722463,0.008501231916661023,0.25294788892317094,0.40955470172775366,30.348145116157
1104,36.8,0.0793265625834465,-0.0450520631582247,-0.19456915659662855,2.0,-0.20360830003276897,1.9354506176624726,0.009039143436140429,0.2829348626162155,0.06454938233752738,35.10921852374212
1105,36.833333333333336,0.1382954567670822,-0.0005838959544057568,-0.1279024899299619,2.0,-0.13702641289906373,1.98982645604463,0.009123922969101833,0.2753218696661459,0.010173543955370068,35.859605093415894
1106,36.86666666666667,0.1060270592570304,0.02527297837927667,-0.06123582326329523,2.0,-0.07037310822400512,1.9983965610070342,0.009137284960709896,0.17640016748103554,0.0016034389929657777,35.97787254189707
1107,36.9,0.1995148062705993,0.06753269773477648,0.005430843403371438,2.0,-0.003708547523407116,1.999747284071762,0.009139390926778554,0.2032233537940064,0.0002527159282379454,35.996512520190315
1108,36.93333333333333,0.2879600822925567,0.12099402514629021,0.0720975100700381,2.0,0.06295778722469439,1.9999601697721796,0.009139722845343715,0.22500229506786232,3.983022782039214e-05,35.99945034285608
1109,36.96666666666667,0.174354538321495,0.13393581035791047,0.13393581035791047,1.8551490086361708,0.12538208691558134,1.490915962906434,0.00855372344232913,0.048972451405913664,0.3642330457297369,28.974640288108787
1110,37.0,0.0622622668743133,0.11655247669178179,0.17799633286800506,1.3218156753028376,0.17353497982324098,0.5362816087570718,0.0044613530447640826,-0.11127271294892768,0.7855340665457659,12.61736146952835
1111,37.03333333333333,0.0884077921509742,0.10972640924036914,0.20427907760032188,0.7884823419695043,0.20212043732958246,0.07924439831400665,0.0021586402707394203,-0.11371264517860825,0.7092379436554976,4.084996477411955
1112,37.06666666666666,0.0611723698675632,0.09795036153527702,0.2127840445548609,0.25514900863617096,0.2110858661972389,-0.2906232823354171,0.00169817835762201,-0.1499134963296757,0.5457722909715881,-1.6319364004246963
1113,37.1,0.1066766902804374,0.10006680055705035,0.20351123373162217,-0.27818432469716237,0.20435388706959437,0.12400804144704902,-0.0008426533379722045,-0.09767719678915697,-0.4021923661442114,0.35539682789602545
1114,37.13333333333333,0.0790462717413902,0.09496858929971634,0.17646064513060564,-0.8115176580304957,0.1787181942215852,0.0729615229615882,-0.002257549090979555,-0.09967192248019499,-0.8844791809920839,-2.3334909772848507
1115,37.166666666666664,0.0927332714200019,0.09442644676476783,0.13163227875181133,-1.344850991363829,0.13384431592367715,-0.698303507121269,-0.002212037171865827,-0.041111044503675254,-0.6465474842425599,-12.520148330509839
1116,37.2,0.0867577940225601,0.09256653105656823,0.09256653105656823,-1.171972430857293,0.09365642161699979,-0.6779225258211028,-0.0010898905604315584,-0.006898627594439682,-0.4940499050361902,-10.974268749781864
1117,37.233333333333334,0.1939021646976471,0.11714395595051934,0.07127856113910291,-0.6386390975239596,0.07405380676571521,0.3842643897937348,-0.0027752456266122993,0.11984835793193188,-1.0229034873176945,1.2488182974941022
1118,37.266666666666666,0.149784967303276,0.12506053944795334,0.06776836899941537,-0.10530576419062632,0.06928427849974851,0.32843914743589586,-0.0015159095003331458,0.0805006888035275,-0.4337449116265222,2.4733354292153535
1119,37.3,0.0085368258878588,0.09679947554094714,0.0820359546375056,0.428027569142707,0.08039813274815678,-0.26642388543269635,0.0016378218893488145,-0.07186130686029799,0.6944514545754034,-1.1564540989839345
1120,37.333333333333336,0.097228430211544,0.09690351200690388,0.09690351200690388,0.4460267210819484,0.09391610798854101,-0.5955132829044172,0.002987404018362866,0.0033123222230029836,1.0415400039863656,-3.9132706524667253
1121,37.36666666666667,0.1196429952979087,0.10241862966720706,0.10241862966720706,0.1654535298090956,0.1003132453001155,-0.47317953006290536,0.0021053843670915673,0.019329749997793202,0.6386330598720009,-3.6189498270760736
1122,37.4,0.1114876642823219,0.10461818681314741,0.10461818681314741,0.06598671437821044,0.10334728914135224,-0.3021745913245546,0.001270897671795168,0.008140375140969658,0.36816130570276506,-2.4343895616377766
1123,37.43333333333333,0.0621937476098537,0.09432878089814586,0.09432878089814586,-0.30868217745004645,0.09540516390932514,0.1628876038114775,-0.00107638301117928,-0.03321141629947144,-0.47156978126152393,0.5724559303568335
1124,37.46666666666667,-0.0307145603001117,0.06400141019581215,0.06626159720536653,-0.8420155107833798,0.06841483275912164,0.003063075233468604,-0.0021532355537551007,-0.09912939305923334,-0.8450785860168484,-3.137845463760267
1125,37.5,-0.0511676669120788,0.03606889286680995,0.03606889286680995,-0.9057811301566976,0.037976488621346303,-0.17485213297174962,-0.001907595754536355,-0.08914415553342511,-0.730928997184948,-5.185199884114635
1126,37.53333333333333,-0.084804430603981,0.006752896878589723,0.006752896878589723,-0.8794798796466068,0.008752515803630796,-0.11219136950431208,-0.001999618925041073,-0.09355694640761181,-0.7672885101422947,-4.464132852453902
1127,37.56666666666666,-0.2538508474826813,-0.05645259879934092,-0.040340876887408283,-1.4128132129799402,-0.037377351771583314,-0.6362428604779109,-0.0029635251158249692,-0.21647349571109797,-0.7765703525020293,-12.557384718495857
1128,37.6,-0.0844828113913536,-0.06325090281135044,-0.06965687287562851,-0.8794798796466069,-0.06770669389303648,-0.1692277004366496,-0.0019501789825920324,-0.016776117498317117,-0.7102521792099573,-5.120476879662762
1129,37.63333333333333,0.0440849177539348,-0.03721822335214274,-0.08119509108607097,-0.3461465463132736,-0.07914819038992796,0.3431275824430917,-0.0020469006961430086,0.12323310814386276,-0.6892741287563653,1.8263069871741826
1130,37.666666666666664,-0.2153617590665817,-0.08042424291355463,-0.08042424291355463,0.0231254451754902,-0.07978035331492295,0.16264540283357087,-0.0006438895986316806,-0.13558140575165875,-0.13951995765808067,1.42772249881399
1131,37.7,-0.1732111722230911,-0.10292830890008281,-0.09743117251881607,-0.5102078881578431,-0.09440613277733483,0.5931103121745973,-0.0030250397414812447,-0.07880503944575627,-1.1033182003324404,3.7611292745288925
1132,37.733333333333334,-0.6947885751724243,-0.24647506258738242,-0.1322158799018553,-1.0435412214911763,-0.13077085944647912,-0.4806495837855332,-0.0014450204553761725,-0.5640177157259452,-0.5628916377056432,-8.704155733771643
1133,37.766666666666666,-0.1018665060400962,-0.21140244489248633,-0.18477836506267228,-1.5768745548245096,-0.17997329831906503,-0.48442169049012906,-0.004805066743607256,0.07810679227896883,-1.0924528643343805,-12.64847742048854
1134,37.8,-0.1184956952929496,-0.1888693183073075,-0.2195630724457115,-1.0435412214911763,-0.2182013950961994,-0.5767982589562427,-0.0013616773495120915,0.09970569980324981,-0.46674296253493364,-9.81058399871743
1135,37.833333333333336,-0.3010530769824981,-0.21607779181354056,-0.23657000205097292,-0.510207888157843,-0.2341993381479535,0.3411014097773335,-0.002370663903019432,-0.06685373883454462,-0.8513092979351765,1.2730982538574251
1136,37.86666666666667,-0.0841652601957321,-0.18408440289478428,-0.23579915387845657,0.02312544517549031,-0.2350943547779861,0.17128720405062592,-0.0007047991004704712,0.150929094582254,-0.1481617588751356,1.4766871579656027
1137,37.9,-0.0294916424900293,-0.1465902675992585,-0.21725052792816246,0.5564587785088236,-0.21990110881896202,-0.4774228606752373,0.0026505808907995587,0.1904094663289327,1.0338816391840608,-2.6262959594251987
1138,37.93333333333333,-0.3884606063365936,-0.2052522591495003,-0.2052522591495003,0.35994806335986507,-0.20820391319152035,-0.615943753885684,0.002951654042020052,-0.18025669314507323,0.9758918172455491,-4.315515584886288
1139,37.96666666666667,-0.3959519565105438,-0.25150358576369836,-0.2110317681486159,-0.17338526997346826,-0.21134248683452983,-0.1380397639885332,0.0003107186859139244,-0.184609469676014,-0.03534550598493505,-1.6428426531985658
1140,38.0,-0.2716445028781891,-0.2563884605100287,-0.2345890549255093,-0.7067186033068016,-0.23195665829977807,0.3320687321110607,-0.002632396625731226,-0.03968784457841101,-1.0387873354178623,0.6481781860728012
1141,38.03333333333333,-0.1835551559925079,-0.23872384435044716,-0.2403685639246249,-0.17338526997346826,-0.23857295848755702,0.37368082529720636,-0.0017956054370678876,0.05501780249504912,-0.5470660952706746,2.6744626693195466
1142,38.06666666666666,-0.3196041584014892,-0.2583401409340297,-0.2583401409340297,-0.5391473102821431,-0.2552933409086963,0.5329856923971377,-0.0030468000253333627,-0.06431081749279288,-1.0721330026792808,2.960224643008569
1143,38.1,-0.3664763867855072,-0.28456695143725186,-0.28456695143725186,-0.7868043150966653,-0.28233694268709203,0.00031434576516387036,-0.0022300087501598287,-0.08413944409841517,-0.7871186608618291,-3.169476393370282
1144,38.13333333333333,-0.7285932898521423,-0.3922588224130724,-0.3285715397182518,-1.3201376484299985,-0.3266817028682659,-0.7244481670069562,-0.001889836849985893,-0.4019115869838764,-0.5956894814230422,-12.504461534578404
1145,38.166666666666664,0.0189546048641204,-0.29252522662695507,-0.354798350221474,-0.7868043150966652,-0.35251417099845694,0.06280804748884328,-0.0022841792230170466,0.3714687758625773,-0.8496123625855084,-2.450331820182928
1146,38.2,-0.2530088722705841,-0.2829411326969127,-0.3632473829469184,-0.2534709817633318,-0.3613811261493093,0.3449838034762942,-0.0018662567976091005,0.10837225387872518,-0.598454785239626,2.145456831721294
1147,38.233333333333334,-0.1918297260999679,-0.2608434393963509,-0.353918637894585,0.2798623515700015,-0.3546791139838454,-0.10076867414229118,0.0007604760892603868,0.16284938788387748,0.3806310257122927,-0.14431818728388335
1148,38.266666666666666,-0.0799225196242332,-0.2169638073491176,-0.32681211506447383,0.8131956849033348,-0.32906837447205056,-0.07424909874044949,0.002256259407576733,0.24914585484781737,0.8874447836437843,2.3186742340228035
1149,38.3,0.0266644824296236,-0.15787545136876396,-0.2819278144565849,1.346529018236668,-0.28416045460020034,0.6966214528794203,0.002232640143615461,0.31082493702982394,0.6499075653572477,12.521157563054949
1150,38.333333333333336,0.0789376869797706,-0.10044000726549071,-0.21926573607091818,1.8798623515700013,-0.22683083077683766,0.8795548588035242,0.007565094705919484,0.3057685177566083,1.000307492766477,20.537857051488636
1151,38.36666666666667,0.0097737880423665,-0.07370931857161654,-0.1525990694042515,2.0,-0.1614906694756555,1.8408193561418633,0.008891600071403993,0.171264457518022,0.15918064385813668,33.803307114757715
1152,38.4,0.1213996708393096,-0.02638858487623994,-0.08593240273758483,2.0,-0.09503307158941843,1.974911746348448,0.009100668851833596,0.216432742428728,0.025088253651551984,35.653782099608584
1153,38.43333333333333,0.1146088019013404,0.0078081982222237695,-0.019265736070918166,2.0,-0.028399355980536868,1.9960458730657886,0.009133619909618702,0.14300815788187726,0.003954126934211377,35.94543304830788
1154,38.46666666666667,0.2094059884548187,0.05670269239174148,0.0474009305957485,2.0,0.03826211731289193,1.9993767952114558,0.009138813282856567,0.17114387114192675,0.0006232047885441627,35.99139977391809
1155,38.5,0.1616828441619873,0.08216404002220502,0.09628981948463738,1.4666666666666668,0.08976910261053711,0.37054998478131673,0.006520716874100274,0.0719137415514502,1.09611668188535,12.716800443913812
1156,38.53333333333333,0.0440203882753849,0.07291287434331918,0.1274009305957485,0.9333333333333335,0.12578217764863783,0.4625045903129635,0.0016187529471106687,-0.08176178937325293,0.47082874302037,8.495352714804783
1157,38.56666666666666,0.1992683708667755,0.10355848846897323,0.14073426392908184,0.40000000000000013,0.13877933512546436,-0.279607298054681,0.001954928803617473,0.06048903574131115,0.6796072980546811,-1.0572677247474507
1158,38.6,0.2412510961294174,0.13695374738858593,0.13695374738858593,-0.11341549621487723,0.13687822009115194,-0.045504934456160835,7.552729743398601e-05,0.10437287603826545,-0.0679105617587164,-0.6432081207018376
1159,38.63333333333333,0.197858989238739,0.15172539240066452,0.1509510086258678,0.4199178371184561,0.14864475023105236,-0.4423704464714793,0.002306258394815436,0.04921423900768665,0.8622882835899354,-2.7045941297684104
1160,38.666666666666664,-0.0494234450161457,0.10293978494467898,0.1471704920853719,-0.11341549621487723,0.14685168336670634,-0.11574688473178196,0.0003188087186655475,-0.19627512838285205,0.002331388516904731,-1.2791525082532216
1161,38.7,0.1105083674192428,0.1047754301233643,0.1256121977670982,-0.6467488295482106,0.12842857229910462,0.44512601125779905,-0.0028163745320064215,-0.017920204879861817,-1.0918748408060095,1.949181751475276
1162,38.733333333333334,0.2288835048675537,0.13487596609634597,0.12183168122660229,-0.11341549621487723,0.12346428819445923,0.36026423376300887,-0.0016326069678569421,0.10541921667309448,-0.4736797299778861,2.7443644632998625
1163,38.766666666666666,0.154878094792366,0.13972717981142255,0.13582894246388416,0.4199178371184561,0.13429135450203847,-0.2431205797376571,0.0015375879618456934,0.020586740290327532,0.6630384168561132,-0.9749117106776667
1164,38.8,0.1455292254686355,0.14113437820992963,0.14113437820992963,0.15916307238136418,0.1397235943431956,-0.29477239907793107,0.0014107838667340444,0.005805631125439914,0.45393547145929525,-2.0847142123117237
1165,38.833333333333336,0.1779161244630813,0.15005523431477313,0.15005523431477313,0.267625683145305,0.14803441036182585,-0.4195120547307891,0.0020208239529472816,0.029881714101255452,0.6871377378760941,-2.898894436139024
1166,38.86666666666667,0.1213820874691009,0.1431009963261031,0.1431009963261031,-0.2086271396601011,0.14337085625507315,-0.003036182090631709,-0.00026985992897005096,-0.02198876878597225,-0.20559095756946938,-0.5750995989124166
1167,38.9,0.0680870115756988,0.12490748916623187,0.12490748916623187,-0.5458052147961368,0.1278718050970281,0.5570249745128648,-0.002964315930796241,-0.059784793521329316,-1.1028301893090016,3.325474650697266
1168,38.93333333333333,0.1426960080862045,0.12922182531849558,0.12449175978413843,-0.012471881462803425,0.12573427242535684,0.3040624861747243,-0.0012425126412184129,0.01696173566084766,-0.31653436763752774,2.55698873172856
1169,38.96666666666667,0.1865352541208267,0.14312233041419856,0.14185380817982277,0.5208614518705299,0.13964073137122177,-0.3769482451323847,0.002213076808601,0.04689452274960493,0.8978096970029146,-1.849454260796248
1170,39.0,0.2358791679143905,0.16561909808761105,0.16561909808761105,0.7129586972336486,0.16312397296531977,-0.1840265956198185,0.002495125122291275,0.07275519494907073,0.8969852928534671,1.055412673874605
1171,39.03333333333333,-0.149403303861618,0.08921518027877556,0.17160661021762155,0.17962536390031525,0.1699634381317553,-0.32136988940084876,0.0016431720858662568,-0.3193667419933733,0.500995253301164,-2.1652412080011088
1172,39.06666666666666,0.0647115111351013,0.08327218602921131,0.15981634456985427,-0.3537079694330181,0.16104004183979465,0.19040722092535567,-0.0012236972699403714,-0.09632853070469334,-0.5441151903583737,0.7114649373229576
1173,39.1,0.0873007997870445,0.0842492653497056,0.13024830114430924,-0.8870413027663514,0.13225679155166334,-0.08945037609902806,-0.0020084904073540966,-0.04495599176461884,-0.7975909266673233,-4.2024414892408455
1174,39.13333333333333,0.1076925620436668,0.08993508230332731,0.08993508230332731,-1.209396565229458,0.09091992815730417,-0.7372085770027799,-0.0009848458539768595,0.01677263388636263,-0.4721879882266782,-11.656501371583115
1175,39.166666666666664,0.0738080665469169,0.08602371860750621,0.06739964124012315,-0.6760632318961247,0.07006523016987687,0.31965772135599324,-0.002665588929753715,0.0037428363770400375,-0.995720953252118,0.5053588173027971
1176,39.2,0.0371647849678993,0.07417372341056301,0.06264197795469678,-0.1427298985627914,0.06426699843099343,0.33915536459213214,-0.0016250204762966458,-0.027102213463094126,-0.4818852631549235,2.451616551678094
1177,39.233333333333334,-0.0355487205088138,0.0475622045626059,0.0475622045626059,-0.45239320176272635,0.05065923685018682,0.6283961862031413,-0.003097032287580917,-0.08620795735900062,-1.0807893879658677,4.206381203682517
1178,39.266666666666666,0.058740459382534,0.050273321160103156,0.0502602089482928,0.08094013157060698,0.05110635389069524,0.24005996157479476,-0.0008461449424024409,0.007634105491838759,-0.15911983000418778,2.2691800727436915
1179,39.3,-0.0384548045694828,0.028753656578700205,0.03518043555620192,-0.45239320176272635,0.03801926402098188,0.5692459445479767,-0.002838828464779959,-0.07647406859046468,-1.021639146310703,3.7212616842139394
1180,39.333333333333336,-0.1872746646404266,-0.02364074457079961,0.002322884386333268,-0.9857265350960597,0.003953624749378451,-0.3620181823117414,-0.0016307403630451828,-0.19122828938980507,-0.6237083527843184,-7.339008107268301
1181,39.36666666666667,-0.1033859252929687,-0.0429817317382116,-0.0429817317382116,-1.359138483736346,-0.04084263852432912,-0.7021386024347053,-0.002139093213882476,-0.06254328676863957,-0.6569998813016408,-12.517847273321788
1182,39.4,-0.3614640235900879,-0.12022479350034626,-0.10606412564053425,-1.8924718170696795,-0.098462758186917,-0.9144143595105452,-0.007601367453617253,-0.2630012654031709,-0.9780574575591343,-21.018918161245523
1183,39.43333333333333,-0.134475365281105,-0.1236810540974624,-0.1513687417650791,-1.3591384837363463,-0.1468216578699673,-0.5261024504436527,-0.004547083895111825,0.012346292588862273,-0.8330360332926936,-12.623468964516405
1184,39.46666666666667,-0.2641115486621856,-0.15774034606586806,-0.1788955801118462,-0.8258051504030129,-0.17685521867761916,-0.15396557868193217,-0.0020403614342270338,-0.08725632998456645,-0.6718395717210808,-4.944848428594852
1185,39.5,-0.5344788432121277,-0.24911256909915597,-0.22420019623639106,-1.3591384837363463,-0.2218959003214726,-0.690061459439262,-0.0023042959149184583,-0.3125829428906551,-0.6690770242970843,-12.525093559119055
1186,39.53333333333333,-0.3962138593196869,-0.284789761635433,-0.284789761635433,-1.8176869619712586,-0.2774649283751666,-0.6682833664432828,-0.007324833260266395,-0.11874893094452027,-1.1494035955279758,-17.6223104569173
1187,39.56666666666666,-0.3525144159793854,-0.30121535198110333,-0.32760154925669716,-1.2843536286379251,-0.3241073898178796,-0.6109146929073774,-0.0034941594388175345,-0.028407026161505755,-0.6734389357305477,-12.572581619038186
1188,39.6,-0.057395052164793,-0.24208042687094136,-0.35263555910018357,-0.7510202953045918,-0.3503169425149745,0.04335073121030786,-0.0023186165852090435,0.2929218903501815,-0.7943710265148997,-2.674236358153303
1189,39.63333333333333,-0.1903873234987259,-0.22954304668179873,-0.3598917911658922,-0.21768696197125847,-0.3582308358691846,0.3027235813479776,-0.0016609552967076224,0.1678435123704587,-0.5204105433192361,1.8670229258952784
1190,39.666666666666664,-0.1471432596445083,-0.20955822491259218,-0.34937024545382306,0.31564637136207485,-0.35040722922408335,-0.15839486995310081,0.0010369837702602913,0.20326396957957504,0.47404124131517567,-0.5448726623821152
1191,39.7,-0.2122360914945602,-0.21020770094021984,-0.32107092196397613,0.8489797046954082,-0.32320468116755924,0.00788717791487581,0.0021337592035831077,0.11096858967299905,0.8410925267805324,3.2638552040934443
1192,39.733333333333334,-0.0422727353870868,-0.16947761563213087,-0.2749938206963514,1.3823130380287414,-0.27762750727042584,0.6635524304536644,0.002633686574074423,0.23535477188333903,0.718760607575077,12.54099897651043
1193,39.766666666666666,-0.0715968832373619,-0.14573812476835468,-0.21113894165094893,1.9156463713620746,-0.2189120231026152,1.0458581001372798,0.007773081451666275,0.1473151398652533,0.8697882712247949,22.83284178189446
1194,39.8,0.0091344444081187,-0.10817612608830678,-0.14447227498428228,2.0,-0.15339665557539633,1.8618441032662645,0.008924380591114056,0.16253109998351503,0.13815589673373552,34.09344862507445
1195,39.833333333333336,0.026496835052967,-0.0755132367495076,-0.07780560831761561,2.0,-0.08691144366440352,1.978225429319139,0.00910583534678791,0.11340827871737053,0.021774570680860972,35.69951092460412
1196,39.86666666666667,0.0248762872070074,-0.051165276446424574,-0.02891671942872672,1.4666666666666668,-0.03542413609808554,0.3715222962116016,0.00650741666935882,0.06030042330509294,1.0951443704550652,12.716217057055644
1197,39.9,0.0535719655454158,-0.025762842907877715,0.0021943916823843924,0.9333333333333335,0.0005750160029385065,0.4617861758934841,0.001619375679445886,0.052996949542477294,0.4715471574398494,8.487085580408543
