sample_index,time_s,q_raw,q_ref,q_cmd,qdot_cmd,q_model,qdot_model,q_cmd_minus_model,q_raw_minus_model,qdot_cmd_minus_model,tau_model
0,0.0,-0.1778383255004882,-0.04313199544135939,-0.017777777777777778,-0.5333333333333333,-0.014973968783418237,0.5211377539304398,-0.0028038089943595405,-0.16286435671706995,-1.054471087263773,3.04125769517238
1,0.03333333333333333,0.0862903296947479,-0.011742568431907546,-0.017777777777777778,0.0,-0.016691293997623674,0.2686171412315683,-0.0010864837801541037,0.10298162369237157,-0.2686171412315683,2.276608527425025
2,0.06666666666666667,0.0716520473361015,0.008483533995770846,0.0,0.5333333333333333,-0.002312909233896556,-0.3927596925638832,0.002312909233896556,0.07396495656999806,0.9260930258972165,-1.9266129997130896
3,0.1,0.1374940574169159,0.039773084729158414,0.035555555555555556,1.0666666666666667,0.03406354555907323,0.4780042731976759,0.0014920099964823227,0.10343051185784266,0.5886623934689907,8.710193102104975
4,0.13333333333333333,0.1732757687568664,0.07215214105847892,0.07215214105847892,1.097897565087701,0.07071622412776299,0.49213522591120024,0.0014359169307159303,0.10255954462910341,0.6057623391765008,8.873267039339654
5,0.16666666666666666,0.1532170921564102,0.09181321856452188,0.09181321856452188,0.5898323251812887,0.08895152698283192,-0.4374154104428969,0.0028616915816899596,0.06426556517357827,1.0272477356241856,-1.8831170785854883
6,0.2,0.1170045211911201,0.09792298791257704,0.09792298791257704,0.18329308044165504,0.0959495055290987,-0.4188470136619884,0.001973482383478345,0.021055015662021406,0.6021400941036434,-3.039415752247144
7,0.23333333333333334,0.1738024950027465,0.11632641442199276,0.11632641442199276,0.5521027952824715,0.11333549070453348,-0.4935030761373058,0.002990923717459279,0.060467004298213015,1.0456058714197773,-2.501190285856796
8,0.26666666666666666,0.114235870540142,0.11581938463002758,0.1169520631536307,0.0187694619491382,0.11575981577871157,-0.2821480266428473,0.001192247374919131,-0.0015239452385695657,0.3009174885919855,-2.3179749462221393
9,0.3,0.1018489971756935,0.11243107850254604,0.11243107850254604,-0.13562953953253992,0.11261864088184585,-0.0037505476999577236,-0.000187562379299816,-0.010769643706152354,-0.1318789918325822,-0.4057518401184963
10,0.3333333333333333,0.1307291388511657,0.11686899621978306,0.11686899621978306,0.13313753151711055,0.11620128327555992,-0.12618945206658372,0.0006677129442231311,0.014527855575605764,0.25932698358369427,-0.7415195330122084
11,0.36666666666666664,0.1328376084566116,0.1207419415383209,0.1207419415383209,0.11618835955613513,0.11987019882402523,-0.17826016705071662,0.0008717427142956591,0.012967409632586371,0.2944485266068517,-1.2119730030732074
12,0.4,0.1013219505548477,0.11603191651861215,0.11603191651861215,-0.14130075059126226,0.11641993929093519,0.0486402088240559,-0.0003880227723230406,-0.01509798873608749,-0.18994095941531816,0.04133050237424339
13,0.43333333333333335,0.1284535080194473,0.11904458561837254,0.11904458561837254,0.0903800729928117,0.11869519366408744,-0.05969261488586938,0.00034939195428509984,0.009758314355359857,0.15007268787868108,-0.28217904293975427
14,0.4666666666666667,0.1080175787210464,0.11637015191636378,0.11637015191636378,-0.08023301106026282,0.1166620585986149,0.04683683639312741,-0.00029190668225112515,-0.0086444798775685,-0.12706984745339023,0.19211836533002846
15,0.5,0.0518446937203407,0.10072047819766441,0.10072047819766441,-0.46949021156098103,0.1032939931525091,0.48401779305812154,-0.0025735149548446884,-0.0514492994321684,-0.9535080046191026,2.8883547318472296
16,0.5333333333333333,0.1300069242715835,0.10782346263591154,0.10284858225674283,0.0638431217723523,0.10351615200802805,0.18624138635254156,-0.0006675697512852213,0.02649077226355545,-0.12239826458018926,1.7453778139405145
17,0.5666666666666667,0.1422003358602523,0.11616105316949078,0.11616105316949078,0.3993741273824386,0.11438532575581557,-0.30364152162311564,0.00177572741367521,0.027815010104436724,0.7030156490055542,-1.518609632599569
18,0.6,0.0431277826428413,0.09844793827956023,0.11169574630446095,-0.13395920595089472,0.11173956976034094,-0.029606222049370585,-4.382345587998493e-05,-0.06861178711749964,-0.10435298390152414,-0.5858825347172931
19,0.6333333333333333,0.0270599108189344,0.0811338522054035,0.08945266166165336,-0.667292539284228,0.09219117800408425,0.3828794882098625,-0.0027385163424308856,-0.06513126718514985,-1.0501720274940904,1.2245726083318238
20,0.6666666666666666,-0.0877032652497291,0.040184963601596624,0.049431799241067984,-1.2006258726175614,0.05051960952106227,-0.7488897209540594,-0.0010878102799942863,-0.13822287477079137,-0.451736151663502,-11.836263750047472
21,0.7,-0.136779174208641,-0.0027350108405508958,-0.0027350108405508958,-1.5650043024485665,0.001794970192579715,-0.5193486658624935,-0.004529981033130611,-0.1385741444012207,-1.045655636586073,-12.742965413835147
22,0.7333333333333333,-0.0232875179499387,-0.007719710513446701,-0.037124043144391994,-1.031670969115233,-0.03562295040515422,-0.5312831917176893,-0.0015010927392377707,0.012335432455215522,-0.5003877773975437,-9.325042163651172
23,0.7666666666666666,-0.2006791830062866,-0.05451911139908671,-0.05451911139908671,-0.5218520476408415,-0.05204327557479192,0.35856010492095747,-0.002475835824294788,-0.14863590743149468,-0.8804121525617989,1.3696719018961274
24,0.8,-0.3798363208770752,-0.1334198790300878,-0.0896919574315592,-1.0551853809741747,-0.08817357026393938,-0.4654113065784804,-0.0015183871676198168,-0.29166275061313585,-0.5897740743956943,-8.564867822933131
25,0.8333333333333334,-0.2708660066127777,-0.16675535793568969,-0.14264258124180945,-1.588518714307508,-0.13764405527858783,-0.4835632041999609,-0.004998525963221617,-0.13322195133418988,-1.104955510107547,-12.775331207702454
26,0.8666666666666667,-0.3551959693431854,-0.2124587774282038,-0.2093092479084761,-2.0,-0.20069133293100042,-1.5656733182895122,-0.008617914977475688,-0.154504636412185,-0.4343266817104878,-30.006291792395267
27,0.9,-0.1470971852540969,-0.19660631206248694,-0.258198136797365,-1.4666666666666668,-0.2518716685993981,-0.4015250612525336,-0.006326468197966895,0.10477448334530118,-1.0651416054141332,-12.849529764896749
28,0.9333333333333333,-0.3648898601531982,-0.2374209407915705,-0.28930924790847606,-0.9333333333333335,-0.2875988565991748,-0.4447893251753375,-0.0017103913093012846,-0.07729100355402341,-0.488544008157996,-8.326886154664425
29,0.9666666666666667,-0.1679327934980392,-0.22056764190980122,-0.3026425812418094,-0.40000000000000013,-0.30067635224339745,0.2768828537950734,-0.0019662289984119785,0.13274355874535826,-0.6768828537950735,1.0106950030157593
30,1.0,0.0103955091908574,-0.16455102371257094,-0.298198136797365,0.1333333333333332,-0.29823000929610516,0.025822673574829126,3.1872498740148636e-05,0.30862551848696257,0.10751065975850407,0.5273971318349124
31,1.0333333333333332,-0.1793107837438583,-0.16813078021665082,-0.2759759145751428,0.6666666666666665,-0.27871673234905653,-0.3846758784994724,0.0027408177739137174,0.09940594860519822,1.051342545166139,-1.2453033009663321
32,1.0666666666666667,-0.0813670828938484,-0.14708755802666046,-0.23597591457514283,1.1999999999999997,-0.23706543549644188,0.7478526724597171,0.0010895209212990475,0.15569835260259346,0.45214732754028264,11.824296009124117
33,1.1,-0.3052718341350555,-0.18545276112222886,-0.18545276112222886,1.5156946035874193,-0.18936434738863075,0.5684583592566685,0.003911586266401895,-0.11590748674642473,0.9472362443307507,12.698548655200828
34,1.1333333333333333,-0.3663838803768158,-0.22933486689963326,-0.15270738544709267,0.9823612702540859,-0.15437640171289216,0.4069714425633458,0.001669016265799489,-0.21200747866392364,0.5753898276907401,7.890460448596211
35,1.1666666666666667,-0.0052393074147403,-0.17498387915315478,-0.13773978754973426,0.4490279369207526,-0.13999542917729188,-0.3374034017909484,0.0022556416275576197,0.13475612176255158,0.786431338711701,-1.4153325441305447
36,1.2,-0.3456526398658752,-0.21637700511926328,-0.1405499674301536,-0.08430539641258072,-0.14089504187706248,-0.10390738264433624,0.0003450744469088718,-0.2047575979888127,0.01960198623175552,-1.065422807558821
37,1.2333333333333334,-0.0322795026004314,-0.17172694098341923,-0.16113792508835073,-0.617638729745914,-0.1582400053480173,0.49560164916826,-0.0028979197403334322,0.1259605027475859,-1.113240378914174,2.5254082259822885
38,1.2666666666666666,0.0807692185044288,-0.11048781736177493,-0.16394810496877008,-0.08430539641258072,-0.16242704705488523,0.3443367190230323,-0.001521057913884849,0.243196265559314,-0.42864211543561304,2.683751078184414
39,1.3,-0.1604568809270858,-0.12260705777771143,-0.14898050707141167,0.4490279369207526,-0.15068710921090583,-0.27058895520957815,0.0017066021394941677,-0.009769771716179959,0.7196168921303308,-1.1106315245156106
40,1.3333333333333333,0.026163637638092,-0.08652497626674553,-0.11623513139627548,0.9823612702540859,-0.11799554868961377,0.28949382882447633,0.0017604172933382983,0.14415918632770577,0.6928674414296097,6.534745982791164
41,1.3666666666666667,0.0187454298138618,-0.06099323184438623,-0.0657119779433615,1.5156946035874193,-0.06989362220340935,0.5492262490642738,0.004181644260047843,0.08863905201727115,0.9664683545231455,12.715942940064066
42,1.4,0.0549612045288085,-0.032870237506811326,-0.032870237506811326,0.9852522130965053,-0.03451971711812148,0.42671620983207703,0.0016494796113101576,0.08948092164692997,0.5585360032644283,8.118318895480174
43,1.4333333333333333,0.0535343848168849,-0.011914103525625056,-0.011914103525625056,0.628684019435588,-0.014697472307575218,-0.36886981597750834,0.002783368781950162,0.06823185712446012,0.9975538354130964,-1.0628982713912771
44,1.4666666666666666,0.0628962442278862,0.006230014561351086,0.006230014561351086,0.5443235426092843,0.0032502141762569795,-0.46476777046928275,0.0029798003850941067,0.05964603005162922,1.009091313078567,-2.1695792807161745
45,1.5,0.1247468441724777,0.03497447861388428,0.03497447861388428,0.8623339215759959,0.032920482765746495,0.13493170501462504,0.002053995848137785,0.0918263614067312,0.7274022165613708,4.751069072394104
46,1.5333333333333332,0.1303680539131164,0.05811074715083786,0.05811074715083786,0.6940880561086075,0.05553287859334813,-0.22613231272372525,0.002577868557489732,0.07483517531976827,0.9202203688323327,0.5843202225439819
47,1.5666666666666667,0.1779558509588241,0.08717736401516003,0.08717736401516003,0.8719985059296652,0.08513459575235172,0.13142477654651508,0.002042768262808317,0.09282125520647239,0.7405737293831501,4.710598437151817
48,1.6,0.1385012418031692,0.09962519412464463,0.09962519412464463,0.3734349032845379,0.09740612785714359,-0.3744157791903808,0.002219066267501041,0.04109511394602561,0.7478506824749187,-2.0062126993975067
49,1.6333333333333333,0.0663553029298782,0.09155608533547506,0.09429524645635144,-0.15989843004879545,0.09431582893916747,-0.042498059747910794,-2.058248281602837e-05,-0.027960526009289277,-0.11740037030088465,-0.7574056468182352
50,1.6666666666666667,0.1675899177789688,0.10999694112464438,0.10674307656583604,0.3734349032845379,0.10473929855216657,-0.37979848439532304,0.002003778013669466,0.06285061922680224,0.7532333876798609,-2.2742483560110993
51,1.7,0.123136006295681,0.11318362260888563,0.11318362260888563,0.1932163812914879,0.11138367210230445,-0.38345018527702224,0.0017999505065811883,0.011752334193376554,0.5766665665685101,-2.7544585718255203
52,1.7333333333333334,0.1216041296720504,0.11522588920828274,0.11522588920828274,0.06126799798191307,0.11415505771879103,-0.2501223597146145,0.0010708314894917054,0.007449071953259376,0.31139035769652756,-1.9813517028819325
53,1.7666666666666666,0.1870926469564438,0.13265608407125928,0.13265608407125928,0.5229058458892965,0.12954349190364928,-0.5956930433735335,0.0031125921676100066,0.05754915505279451,1.11859888926283,-3.6804823435780794
54,1.8,0.0804089084267616,0.1199843220346999,0.13230850115645806,-0.010427487444036876,0.13113919324010254,-0.2942627750104685,0.0011693079163555276,-0.05073028481334094,0.2838352875664316,-2.527704411937292
55,1.8333333333333333,0.1074805334210395,0.1169517172687343,0.1169517172687343,-0.46070351663171305,0.11883996191726602,0.3101214449613684,-0.0018882446485317256,-0.011359428496226523,-0.7708249615930814,1.4094613331001058
56,1.8666666666666667,0.1340963244438171,0.12110988236862745,0.11937271115878831,0.07262981670162028,0.1196797775714524,0.09505507903651972,-0.00030706641266409207,0.01441654687236471,-0.022425262334899443,0.9766452057306155
57,1.9,0.1395629793405532,0.1255854018733918,0.1255854018733918,0.1863807214381044,0.12476437066628075,-0.13886474002649513,0.0008210312071110365,0.014798608674272448,0.32524546146459954,-0.6810642751081647
58,1.9333333333333333,0.0284280069172382,0.10202134556241586,0.11402031481021749,-0.3469526118952289,0.11554054186136763,0.2653652101397408,-0.0015202270511501387,-0.08711253494412943,-0.6123178220349696,1.359692849180726
59,1.9666666666666666,0.0985030829906463,0.10116804420130597,0.10116804420130597,-0.38556811826734555,0.10376609894043444,0.5161316991433564,-0.002598054739128469,-0.005263015949788133,-0.901699817410702,3.373074580866903
60,2.0,0.1004328057169914,0.10098972322991513,0.10098972322991513,-0.005349629141725154,0.10205943735492179,0.266239808065887,-0.0010697141250066572,-0.0016266316379303924,-0.27158943720761214,2.255924104622282
61,2.033333333333333,0.0947938784956932,0.09948701482282829,0.09948701482282829,-0.045081252212605255,0.10020919004070529,0.1710912694624207,-0.0007221752178769997,-0.005415311545012083,-0.21617252167502596,1.3606762198995577
62,2.0666666666666664,0.0433809384703636,0.08587933479853327,0.08587933479853327,-0.40823040072885064,0.08834394139710117,0.48151113077028884,-0.0024646065985678978,-0.044963002926737564,-0.8897415314991395,3.04277537473515
63,2.1,-0.0958868414163589,0.04179469858848003,0.05449387699646047,-0.941563734062184,0.05634060030060157,-0.25428615662854437,-0.0018467233041410958,-0.15222744171696048,-0.6872775774336396,-6.128442611585095
64,2.1333333333333333,-0.0854835733771324,0.010925279239444235,0.010925279239444231,-1.3070579327104872,0.012522230753111804,-0.7547500798685387,-0.001596951513667573,-0.0980058041302442,-0.5523078528419485,-12.530059018672812
65,2.1666666666666665,-0.256254494190216,-0.05387513280424601,-0.05042109629534979,-1.8403912660438206,-0.043037727274790945,-0.6671949633483294,-0.007383369020558847,-0.21321676691542507,-1.1731963026954912,-17.607290494206946
66,2.2,-0.3075406849384308,-0.11539787492122314,-0.11539787492122314,-1.9493033587762,-0.10660500457422391,-1.628073275931956,-0.00879287034699923,-0.2009356803642069,-0.32123008284424404,-30.867411207860993
67,2.2333333333333334,-0.3389959037303924,-0.1696281941291464,-0.1696281941291464,-1.626909576237698,-0.1619739276938151,-0.644270774350945,-0.007654266435331292,-0.1770219760365773,-0.9826388018867529,-17.29093668604304
68,2.2666666666666666,-0.2961584627628326,-0.20031619658611483,-0.2060807355592919,-1.0935762429043647,-0.20482631872295043,-0.8010974515522227,-0.0012544168363414765,-0.09133214403988216,-0.29247879135214205,-12.488140613585546
69,2.3,-0.3594942986965179,-0.238922437143476,-0.238922437143476,-0.9852510475255227,-0.2371516147037192,-0.27075660430683623,-0.0017708224397567918,-0.12234268399279868,-0.7144944432186865,-6.318514774826166
70,2.3333333333333335,-0.2136500924825668,-0.23279301227603477,-0.2539863609498823,-0.4519177141921894,-0.2515531388362503,0.3927076068089086,-0.0024332221136320054,0.037903046353683495,-0.844625321001098,1.9233982828671061
71,2.3666666666666667,-0.0981472954154014,-0.20013673062534265,-0.25127250697851083,0.08141561914114392,-0.25082005659225687,0.13186663437610208,-0.0004524503862539664,0.15267276117685546,-0.05045101523495815,1.3038292764690649
72,2.4,-0.1515413969755172,-0.18835066761807565,-0.23078087522936158,0.6147489524744773,-0.23369158476237428,-0.506676847655035,0.002910709533012701,0.08215018778685709,1.1214258001295123,-2.6532181662961722
73,2.433333333333333,-0.2637470960617065,-0.20663693070997896,-0.20663693070997896,0.7243183355814786,-0.20909205319303825,-0.12447516489634303,0.002455122483059291,-0.054655042868668235,0.8487935004778216,1.7574634408630698
74,2.466666666666667,-0.5281577110290527,-0.2846169318823727,-0.20027076396837412,0.1909850022481453,-0.20187833891179655,-0.30094248262410894,0.001607574943422424,-0.3262793721172562,0.49192748487225424,-1.9255906291703848
75,2.5,-0.0681991353631019,-0.23212806939095992,-0.21168237500454706,-0.34234833108518803,-0.21050779042173076,0.17972547757213997,-0.0011745845828163015,0.14230865505862886,-0.522073808657328,0.6394082591842831
76,2.533333333333333,-0.1186522245407104,-0.2046062199301589,-0.20531620826294222,0.1909850022481453,-0.20590553833820213,-0.08814567458788602,0.0005893300752599084,0.08725331379749174,0.2791306768360313,-0.26988308509711734
77,2.5666666666666664,-0.1677699536085128,-0.1956721408075033,-0.1956721408075033,0.28932202366316745,-0.19739909325789243,-0.3313740112039575,0.0017269524503891187,0.029629139649379632,0.6206960348671249,-2.0537565322027356
78,2.6,0.0103919832035899,-0.14569440494848124,-0.1682502955742866,0.8226553569965007,-0.17047072236566452,-0.005337272933907511,0.0022204267913779052,0.1808627055692544,0.8279926299304082,3.1323378396401402
79,2.6333333333333333,-0.1436159908771515,-0.14519031705855334,-0.14519031705855334,0.6917993554719981,-0.1477678910745575,-0.22150584907087967,0.0025775740160041694,0.004151900197406022,0.9133052045428778,0.6377105111280419
80,2.6666666666666665,0.011103494092822,-0.10728361763860575,-0.10728361763860575,1.1372009825984277,-0.10856112041858375,0.622796514633813,0.0012775027799779987,0.11966461451140575,0.5144044679646147,10.381123673504213
81,2.7,0.109927624464035,-0.05460231692450634,-0.05460231692450634,1.5804390214229824,-0.05940243839095887,0.4985234219036444,0.004800121466452534,0.16933006285499388,1.0819155995193381,12.761800592197933
82,2.7333333333333334,0.0625172778964042,-0.02619673103241749,-0.019698793988184707,1.047105688089649,-0.021144149889421173,0.5742744189560476,0.0014453559012364663,0.08366142778582537,0.4728312691336014,9.821169270891435
83,2.7666666666666666,0.0659094601869583,-0.0038577677711817276,-0.0025730488296408505,0.5137723547563157,-0.004950608083867532,-0.33343837934023535,0.002377559254226682,0.07086006827082583,0.847210734096551,-1.1645765720191523
84,2.8,0.1396144032478332,0.03093923680552353,0.03093923680552353,1.0053685690549314,0.029273022713383785,0.36787090757863916,0.0016662140921397464,0.11034138053444942,0.6374976614762923,7.439232685174728
85,2.8333333333333335,0.160184845328331,0.06228580387385858,0.06228580387385858,0.9403970120500516,0.06040261885979978,0.20958743892717852,0.0018831850140588052,0.09978222646853122,0.730809573122873,5.612610732965418
86,2.8666666666666667,0.1345761269330978,0.07981872809517299,0.07981872809517299,0.525987726639432,0.07691034488432182,-0.49052349711393317,0.0029083832108511704,0.057665782048775996,1.0165112237533651,-2.577453709943551
87,2.9,0.109826311469078,0.08709661347588037,0.08709661347588037,0.21833656142122138,0.08487424112172579,-0.47374716274364714,0.002222372354154581,0.02495207034735221,0.6920837241648685,-3.432056178333462
88,2.933333333333333,0.1012248396873474,0.09052320100605714,0.09052320100605714,0.10279762590530317,0.08905800320772957,-0.3354642563488204,0.0014651977983275721,0.012166836479617832,0.43826188225412355,-2.6022399437516928
89,2.966666666666667,0.167362242937088,0.10915934817489982,0.10915934817489982,0.5590844150652805,0.10616750144911355,-0.5076474914063949,0.0029918467257862708,0.06119474148797446,1.0667319064716754,-2.664419583595876
90,3.0,0.0735044628381729,0.10051179513773587,0.11001771756596472,0.02575108173194718,0.1087737637011217,-0.29414843367665366,0.0012439538648430226,-0.0352693008629488,0.31989951540860084,-2.4072505441308447
91,3.033333333333333,0.108488842844963,0.10244650737917947,0.10244650737917947,-0.22713630560355746,0.10309259252684712,0.07983948706384414,-0.0006460851476676466,0.005396250318115886,-0.3069757926674016,0.0657365656982795
92,3.0666666666666664,0.0244443099945783,0.08352825445175074,0.08352825445175074,-0.5675475878228619,0.08652963341251207,0.5356071358659982,-0.0030013789607613306,-0.062085323417933776,-1.10315472368886,2.987079307829857
93,3.1,0.0555692017078399,0.07674720918436388,0.07674720918436388,-0.20343135802160583,0.07895639572742397,0.47821865717440804,-0.002209186543060085,-0.023387194019584064,-0.6816500151960139,3.5194875509969448
94,3.1333333333333333,0.2407299280166626,0.11651873684147179,0.0877439416947548,0.3299019753117275,0.0869365222909918,-0.08608253980304786,0.0008074194037629989,0.1537934057256708,0.41598451511477536,0.14825904012758157
95,3.1666666666666665,0.1567939966917038,0.12628689181802663,0.11651845198292349,0.8632353086450608,0.114377007647777,0.020861287503941228,0.0021414443351464862,0.042416989043926795,0.8423740211411196,3.4346743124238652
96,3.2,0.1029292419552803,0.12062184720761683,0.1275151844933144,0.3299019753117275,0.1253900777240751,-0.3749266436222325,0.002125106769239299,-0.02246083576879479,0.70482861893396,-2.159616410367397
97,3.2333333333333334,0.0847562402486801,0.11192318682886625,0.12073413922592753,-0.20343135802160583,0.12100114990473432,0.0024932786345485403,-0.00026701067880678664,-0.03624490965605422,-0.20592463665615438,-0.49554005707697923
98,3.2666666666666666,0.0670114159584045,0.10103051624733395,0.10103051624733395,-0.5911086893578076,0.10397961985539594,0.5121477353077406,-0.002949103608061998,-0.036968203896991444,-1.103256424665548,2.7163532717474443
99,3.3,0.0512281507253646,0.08895170591993576,0.08895170591993576,-0.3623643098219456,0.09196176405780579,0.6235028192232757,-0.003010058137870031,-0.04073361333244119,-0.9858671290452212,4.335420739018775
100,3.3333333333333335,-0.2560707032680511,0.005271740207358058,0.05909511781475979,-0.895697643155279,0.06105158387741894,-0.19836263891686579,-0.0019564660626591526,-0.31712228714547,-0.6973350042384132,-5.4830743620311635
101,3.3666666666666667,0.0055078668519854,0.0053290091527948055,0.011460751931806047,-1.4290309764886122,0.014633250318309275,-0.6300045538334197,-0.003172498386503228,-0.009125383466323876,-0.7990264226551925,-12.6428838305921
102,3.4,-0.2461213618516922,-0.05565647429331361,-0.05395139172892547,-1.9623643098219454,-0.045792146937164165,-1.251047670656813,-0.008159244791761305,-0.20032921491452804,-0.7113166391651324,-25.66445785506402
103,3.433333333333333,-0.0336574800312519,-0.0503209510445686,-0.10158575761187921,-1.4290309764886122,-0.09591643550054431,-0.4521938978381601,-0.005669322111334904,0.06225895546929241,-0.9768370786504521,-12.803702855189925
104,3.466666666666667,-0.3666870892047882,-0.12705077174280505,-0.13144234571705518,-0.8956976431552789,-0.12959611149539005,-0.34004347103356747,-0.0018462342216651328,-0.23709097770939816,-0.5556541721217114,-7.118098665936955
105,3.5,-0.5041006207466125,-0.2184985084588867,-0.17907671160000893,-1.4290309764886122,-0.17594858517772463,-0.6331644917926349,-0.0031281264222842997,-0.32815203556888795,-0.7958664846959773,-12.640025857105929
106,3.533333333333333,-0.4906125664710998,-0.2844956565802592,-0.24448885526074043,-1.9623643098219454,-0.23633687182302704,-1.2465943974362896,-0.008151983437713395,-0.25427569464807276,-0.7157699123856558,-25.603002684620794
107,3.5666666666666664,-0.4690168797969818,-0.3292484877611617,-0.3111555219274071,-2.0,-0.3020215520129826,-1.8821616227946654,-0.0091339699144245,-0.16699532778399923,-0.11783837720533463,-34.37383039456638
108,3.6,-0.5688895583152771,-0.3873698040388176,-0.37782218859407374,-2.0,-0.36852751920187826,-1.980716062667483,-0.009294669392195476,-0.20036203911339884,-0.019283937332517098,-35.733881664811264
109,3.6333333333333333,0.0412668250501155,-0.2834104742383761,-0.4267110774829626,-1.4666666666666668,-0.4201121932352938,-0.3821250227078006,-0.0065988842476688014,0.4613790182854093,-1.0845416439588662,-12.867075930836323
110,3.6666666666666665,0.0339807271957397,-0.2064320399506203,-0.4578221885940737,-0.9333333333333335,-0.45612308947801633,-0.4593031654667989,-0.0016990991160573676,0.490103816673756,-0.47403016786653457,-8.494378688869757
111,3.6999999999999997,0.1335892379283905,-0.123965022977935,-0.47115552192740706,-0.40000000000000013,-0.46920668127907167,0.2712785054221114,-0.0019488406483353926,0.6027959192074621,-0.6712785054221115,0.9582429433258546
112,3.7333333333333334,0.0628230199217796,-0.0786624089762708,-0.46671107748296264,0.1333333333333332,-0.46675217462870505,0.02329257520480133,4.109714574240808e-05,0.5295751945504846,0.11004075812853187,0.5050072186272292
113,3.7666666666666666,0.0732596218585968,-0.041816018734064084,-0.44448885526074045,0.6666666666666665,-0.4472292906544799,-0.384184405792626,0.002740435393739471,0.5204889125130767,1.0508510724592925,-1.239631610530898
114,3.8,0.1094240844249725,-0.005135019733157602,-0.40448885526074047,1.1999999999999997,-0.40557839203246693,0.7478322999273902,0.0010895367717264626,0.5150024764574395,0.45216770007260954,11.82406090614661
115,3.8333333333333335,-0.1928629428148269,-0.05066558745407442,-0.3467110774829627,1.733333333333333,-0.35335512476681896,0.3514855029601207,0.006644047283856258,0.16049218195199205,1.3818478303732122,12.894787530303729
116,3.8666666666666667,0.1614181101322174,0.0007721049091134677,-0.28004441081629605,2.0,-0.2889316109857355,1.730821653730018,0.008887200169439446,0.4503497211179529,0.26917834626998194,32.28533882147425
117,3.9,0.1672284305095672,0.04114356846613226,-0.2133777441496294,2.0,-0.22263203032872647,1.9559496788410842,0.009254286179097071,0.3898604608382937,0.04405032115891583,35.39210556800696
118,3.933333333333333,0.1533487141132354,0.0683572290588521,-0.14671107748296275,2.0,-0.15602543631219098,1.9927912819842586,0.009314358829228236,0.3093741504254264,0.007208718015741411,35.90051969138277
119,3.966666666666667,0.0313758961856365,0.05938796623873771,-0.08004441081629608,2.0,-0.08936860037510497,1.9988203124503225,0.009324189558808885,0.12074449656074146,0.001179687549677455,35.98372031181445
120,4.0,0.1495031416416168,0.08124403873455983,-0.013377744149629417,2.0,-0.022703542481213885,1.999806947266931,0.009325798331584468,0.1722066841228307,0.00019305273306891024,35.99733587228365
121,4.033333333333333,0.1261451542377472,0.09213412501795835,0.05328892251703725,2.0,0.043962860914062575,1.9999684074331754,0.009326061602974674,0.08218229332368462,3.159256682461198e-05,35.99956402257782
122,4.066666666666666,0.049674142152071,0.08183609852531336,0.10217781140592613,1.4666666666666668,0.09556629075446615,0.3812251244790308,0.006611520651459979,-0.045892148602395155,1.085441542187636,12.867889834562098
123,4.1,-0.0291562173515558,0.054916591445193556,0.13328892251703725,0.9333333333333335,0.13159034720533602,0.45997641047818727,0.001698575311701228,-0.16074656455689182,0.4733569228551462,8.502148066982922
124,4.133333333333333,0.1200471296906471,0.0707130181759911,0.1466222558503706,0.40000000000000013,0.1446742217852489,-0.2710185397956222,0.0019480340651216732,-0.024627092094601816,0.6710185397956223,-0.9558098803450298
125,4.166666666666667,0.0728928372263908,0.07124170030949764,0.14217781140592614,-0.1333333333333332,0.1422193364499678,-0.023175213013143636,-4.152504404164592e-05,-0.06932649922357699,-0.11015812032018955,-0.50396863083308
126,4.2,0.1699610948562622,0.0951845959906264,0.11995558918370393,-0.6666666666666665,0.12269600684019814,0.38416160813594424,-0.002740417656494215,0.047265088016064064,-1.0508282748026108,1.2393685211475995
127,4.233333333333333,0.0307546202093362,0.07955808008712462,0.07995558918370393,-1.1999999999999997,0.08104512669067489,-0.7478313549186602,-0.0010895375069709529,-0.05029050648133869,-0.4521686450813396,-11.82405000056243
128,4.266666666666667,0.1124744638800621,0.08754145100398089,0.05773336696148172,-0.6666666666666664,0.06043034239323777,0.3283253770215757,-0.002696975431756045,0.05204412148682434,-0.9949920436882421,0.5950075758695902
129,4.3,0.1057206317782402,0.09195053627891421,0.053288922517037283,-0.13333333333333308,0.05485367939021916,0.32566257633449824,-0.0015647568731818745,0.050866952388021046,-0.4589959096678313,2.347191897314191
130,4.333333333333333,0.0699502825736999,0.08661470757128589,0.06662225585037063,0.40000000000000024,0.0651622477559916,-0.22825690541122845,0.0014600080943790311,0.0047880348177083,0.6282569054112287,-0.8889962893800556
131,4.366666666666666,0.1167843863368034,0.09393190673698545,0.09393190673698545,0.8192895265984449,0.09169070200525312,-0.025796059134986615,0.002241204731732338,0.02509368433155028,0.8450855857334315,2.8962394756806207
132,4.4,0.0596781745553016,0.08562418220037606,0.1034637798458225,0.28595619326511157,0.10150157640284192,-0.35178495419534217,0.0019622034429805785,-0.041823401847540326,0.6377411474604537,-2.088043699865439
133,4.433333333333334,-0.2552351653575897,0.0029539041057110443,0.09521787517688178,-0.24737714006822176,0.09577156023093134,0.058441238758709296,-0.0005536850540495547,-0.3510067255885211,-0.3058183788269311,-0.13755430603395535
134,4.466666666666667,-0.2037651985883712,-0.0471826869240925,0.06919419273016328,-0.7807104734015551,0.07158429146208192,0.14556555121097803,-0.002390098731918644,-0.2753494900504531,-0.9262760246125331,-1.514076288994943
135,4.5,-0.2056827992200851,-0.08562449130886746,0.025392732505666996,-1.3140438067348885,0.027296118273238218,-0.7322090361802455,-0.0019033857675712224,-0.2329789174933233,-0.581834770554643,-12.550446034507587
136,4.533333333333333,-0.2764106392860412,-0.13189678521214865,-0.03618650549660706,-1.8473771400682217,-0.028723319046430957,-0.7223324783603011,-0.007463186450176105,-0.24768732023961024,-1.1250446617079206,-18.368188201372156
137,4.566666666666666,-0.3429161012172699,-0.1830763279252107,-0.10285317216327372,-2.0,-0.09383192204572277,-1.8130323599150169,-0.00902125011755095,-0.24908417917154713,-0.18696764008498312,-33.41984656682723
138,4.6,-0.500207781791687,-0.2599917643699999,-0.16951983882994037,-2.0,-0.16024361573300622,-1.9694032424740138,-0.009276223096934155,-0.3399641660586808,-0.03059675752598623,-35.57776474614139
139,4.633333333333333,-0.4792442321777344,-0.313168133498397,-0.23618650549660702,-2.0,-0.22686855674906123,-1.9949929219266036,-0.009317948747545796,-0.2523756754286731,-0.005007078073396398,-35.93090232258713
140,4.666666666666667,-0.5270070433616638,-0.36503152604581707,-0.3028531721632737,-2.0,-0.2935283951238706,-1.9991806049771172,-0.009324777039403098,-0.23347864823779324,-0.0008193950228827518,-35.98869234868422
141,4.7,-0.301300436258316,-0.3495745143670841,-0.35174206105216255,-1.4666666666666668,-0.3451310574800539,-0.38126194815133796,-0.006611003572108642,0.04383062122173792,-1.0854047185153288,-12.867856529769222
142,4.733333333333333,-0.1639959663152694,-0.3045652450430598,-0.38285317216327364,-0.9333333333333335,-0.3811545754175932,-0.4599488614144204,-0.0016985967456804585,0.2171586091023238,-0.4733844719189131,-8.50183014543958
143,4.766666666666667,-0.3769492208957672,-0.3221208833326133,-0.396186505496607,-0.40000000000000013,-0.3942384384262465,0.27102917754190636,-0.001948067070360493,0.017289217530479295,-0.6710291775419065,0.9559094408408904
144,4.8,-0.2203750163316726,-0.29744396254340083,-0.3917420610521626,0.1333333333333332,-0.39178356858668345,0.023180015452738158,4.1507534520868195e-05,0.17140855225501084,0.11015331788059504,0.5040111296572249
145,4.833333333333333,-0.2933846414089203,-0.2964594356132541,-0.3695198388299404,0.6666666666666665,-0.37226025721223943,-0.38416254101191605,0.002740418382299048,0.07887561580331914,1.0508292076785826,-1.239379286717399
146,4.866666666666666,-0.449033111333847,-0.333463872464151,-0.333463872464151,1.081678990973682,-0.3348948412498983,0.5285971791974292,0.001430968785747333,-0.11413827008394867,0.5530818117762527,9.294045057792824
147,4.9,-0.0474752821028232,-0.2641016664209338,-0.2796301283205838,1.6150123243070151,-0.28492609281234593,0.4596566683723773,0.005295964491762117,0.23745081070952273,1.1553556559346378,12.79695322890123
148,4.933333333333334,0.0097789214923977,-0.1976760731968106,-0.21296346165391716,2.0,-0.2216300516562929,1.5955249387263666,0.00866659000237574,0.2314089731486906,0.4044750612736334,30.41824415442386
149,4.966666666666667,0.0152665385976433,-0.1460300641864281,-0.1462967949872505,2.0,-0.1555149788986699,1.9338087309147631,0.009218183911419375,0.17078151749631318,0.06619126908523687,35.08656048662373
150,5.0,0.0851096957921981,-0.089970612177656,-0.089970612177656,1.6897854842878353,-0.09796152547042115,0.9064144113898489,0.007990913292765148,0.18307122126261927,0.7833710728979864,20.90851887717991
151,5.033333333333333,0.1109046414494514,-0.04125135833097871,-0.04125135833097871,1.4615776154003188,-0.04726154455202689,0.4245723441013871,0.0060101862210481805,0.1581661860014783,1.0370052712989317,12.828684886244023
152,5.066666666666666,0.0974601432681083,-0.007608982100780155,-0.007608982100780155,1.0092712869059568,-0.009113354676527706,0.5686420345810275,0.0015043725757475507,0.106573497944636,0.44062925232492933,9.756170461916968
153,5.1,0.1297896802425384,0.025714984829085172,0.025714984829085172,0.9997190078959598,0.023996272818177004,0.3108811428490633,0.0017187120109081674,0.10579340742436139,0.6888378650468965,6.781559738067963
154,5.133333333333333,0.1809699088335037,0.06336971788823556,0.06336971788823556,1.1296419917745117,0.062034801057912245,0.5630320055912019,0.0013349168303233155,0.11893510777559145,0.5666099861833098,9.691429638426985
155,5.166666666666667,0.2032726109027862,0.09730104808241254,0.09730104808241254,1.0179399058253094,0.09562789066063365,0.33561391673631435,0.0016731574217788842,0.10764472024215255,0.682325989088995,7.066980749537976
156,5.2,0.1933816224336624,0.12060393784623863,0.12060393784623863,0.6990866929147828,0.11802470701391655,-0.23716084692453476,0.002579230832322074,0.07535691541974583,0.9362475398393175,0.45704879714801283
157,5.233333333333333,0.2327929437160492,0.1478136839801451,0.1478136839801451,0.8162923840171943,0.14561022462114154,0.028280793183924735,0.002203459359003568,0.08718271909490766,0.7880115908332695,3.5202968481508483
158,5.266666666666667,0.2475318610668182,0.17199881925634994,0.17199881925634994,0.725554058286145,0.16951794567625028,-0.1598665487038522,0.0024808735800996573,0.07801391539056793,0.8854206069899972,1.3490400019996422
159,5.3,0.198566734790802,0.1784424652392585,0.1784424652392585,0.19330937948725668,0.17678061380069862,-0.316829537757396,0.0016618514385598748,0.02178612099010338,0.5101389172446527,-2.066454593402937
160,5.333333333333333,0.2185834944248199,0.18817806459879224,0.18817806459879224,0.2920679807860124,0.18599032240125943,-0.44749612172537745,0.002187742197532816,0.03259317202356046,0.7395641025113899,-3.0425483965495363
161,5.366666666666666,0.212222158908844,0.19400959592509187,0.19400959592509187,0.1749459397889888,0.1921992916855763,-0.3954271000327967,0.0018103042395155589,0.020022867223267682,0.5703730398217854,-2.9164566095976627
162,5.4,0.2453671991825103,0.2064656056369694,0.2064656056369694,0.3736802913563256,0.20373782992415576,-0.5600446456310002,0.0027277757128136293,0.04162936925835453,0.9337249369873257,-3.806292039927152
163,5.433333333333334,0.2546380758285522,0.21814910950968588,0.21814910950968588,0.3505051161814948,0.21519384159903582,-0.6231439931013318,0.0029552679106500668,0.03944423422951637,0.9736491092828267,-4.39849078435609
164,5.466666666666667,0.2146669626235962,0.2173045674617652,0.2173045674617652,-0.025336261437620133,0.21621517926082648,-0.28527438523117754,0.0010893882009387346,-0.0015482166372302875,0.2599381237935574,-2.512597143173748
165,5.5,0.2203213721513748,0.2180362477998111,0.2180362477998111,0.021950410141376442,0.21741193291406213,-0.1559760115256928,0.0006243148857489611,0.0029094392373126554,0.17792642166706923,-1.298363216327064
166,5.533333333333333,0.1400712579488754,0.1991270189967826,0.2009901503600792,-0.5113829231919569,0.20339478082997708,0.4253293807370977,-0.0024046304698978893,-0.06332352288110168,-0.9367123039290546,2.26993236151069
167,5.566666666666666,0.1879938691854477,0.19642684193675314,0.19642684193675314,-0.1368992526997817,0.19805568736445375,0.3562694260829443,-0.0016288454277006148,-0.01006181817900606,-0.493168678782726,2.6577820989753818
168,5.6,0.1653287708759308,0.1888844752649146,0.1888844752649146,-0.22627100015515655,0.1907612919057719,0.3966434246420716,-0.001876816640857315,-0.025432521029841115,-0.6229144247972281,2.7994402787863426
169,5.633333333333333,0.116983063519001,0.1714458755990426,0.1714458755990426,-0.5231579899761599,0.17452433046489502,0.5522844030431227,-0.0030784548658524258,-0.05754126694589402,-1.0754423930192827,3.1795382082326142
170,5.666666666666667,0.0469302721321582,0.14124649969962755,0.14124649969962755,-0.9059812769824513,0.14317045576106743,-0.22106099757063719,-0.0019239560614398854,-0.09624018362890924,-0.6849202794118141,-5.745017826812034
171,5.7,0.0280401669442653,0.11379001632015548,0.11379001632015548,-0.8236945013841621,0.11599927832359191,-0.007084133588702413,-0.002209262003436435,-0.08795911137932662,-0.8166103677954597,-3.275683281996324
172,5.733333333333333,0.1028166115283966,0.11112858299793812,0.10411131071846119,-0.2903611680508288,0.10605605384106148,0.34321417970989765,-0.0019447431226002898,-0.0032394423126648753,-0.6335753477607264,1.9932926073609099
173,5.766666666666667,0.0704252794384956,0.10125661249532943,0.10125661249532943,-0.08564094669395297,0.10244130303382873,0.263349095033212,-0.0011846905384993028,-0.032016023595333135,-0.34899004172716497,2.0037989661245073
174,5.8,0.0981994047760963,0.10051513301368142,0.10051513301368142,-0.022244384449440074,0.10113637629932236,0.15095405264890338,-0.000621243285640935,-0.0029369715232260563,-0.17319843709834346,1.2392265376317233
175,5.833333333333333,0.0965824723243713,0.09956132565834129,0.09956132565834129,-0.028614220660204,0.09998968122323877,0.10040411261492779,-0.0004283555648974813,-0.0034072088988674754,-0.1290183332751318,0.7913127568752107
176,5.866666666666666,0.1849806457757949,0.12027848949544633,0.11638529608077894,0.5047191126731293,0.11391969227625337,-0.4445674054282496,0.002465603804525568,0.07106095349954153,0.9492865181013789,-2.457807659770096
177,5.9,0.2955392599105835,0.16278533794513037,0.15098704428099435,1.0380524460064626,0.14941879356951268,0.43312095066275225,0.0015682507114816724,0.14612046634107081,0.6049314953437104,8.192230847872901
178,5.933333333333334,0.2925402522087097,0.1942554294159102,0.1942554294159102,1.2980515540474755,0.19288364743713463,0.7717116605864562,0.001371781978775577,0.09965660477157509,0.5263398934610193,12.514718290911446
179,5.966666666666667,0.2573648393154144,0.20956166204282967,0.21974603677304827,0.7647182207141422,0.21734370199158692,-0.1316104779113364,0.002402334781461346,0.04002113732382745,0.8963286986254786,1.6751205436539427
180,6.0,0.2962021827697754,0.2305750096129594,0.2305750096129594,0.324869185197334,0.22826627930727747,-0.43288124674570594,0.002308730305681933,0.06793590346249792,0.7577504319430399,-2.705267016511314
181,6.033333333333333,0.2931818962097168,0.24575936281516964,0.24575936281516964,0.45553059606630697,0.24250366362815465,-0.6545780222513642,0.0032556991870149876,0.05067823258156215,1.1101086183176712,-4.360026429830543
182,6.066666666666666,0.3072977066040039,0.2606845571246579,0.2606845571246579,0.4477558292846473,0.2574456765593216,-0.6185308950746795,0.0032388805653362773,0.049852030044682305,1.0662867243593268,-3.944035585202279
183,6.1,0.4041626751422882,0.29548300405590877,0.2933875292119239,0.9810891626179806,0.29168695710261466,0.36877382669221315,0.0017005721093092396,0.11247571803967354,0.6123153359257675,7.449652547008526
184,6.133333333333333,0.2214771211147308,0.27753399673890106,0.30831272352141215,0.4477558292846473,0.3060176528115919,-0.3509615554904333,0.0022950707098202683,-0.08454053169686107,0.7987173847750806,-1.546423394986955
185,6.166666666666667,0.3007252812385559,0.2831586919473343,0.3054601400531226,-0.08557750404868603,0.3050999449535039,-0.108711133408401,0.00036019509961870977,-0.0043746637149479906,0.02313362935971497,-1.1119025183179105
186,6.2,0.2384162843227386,0.2723070978588924,0.2848297788070553,-0.6189108373820194,0.2877246544898534,0.4940501922069287,-0.002894875682798115,-0.04930837016711481,-1.112961029588948,2.5075041114994434
187,6.233333333333333,0.1471921950578689,0.24196237097242015,0.2464216397832102,-1.1522441707153526,0.24764258061254904,-0.6675749497934171,-0.0012209408293388513,-0.10045038555468014,-0.48466922092193543,-10.897875507065695
188,6.266666666666667,0.2224469780921936,0.23722920766593164,0.22579127853714287,-0.6189108373820192,0.22858053195526654,0.3958800057050549,-0.002789253418123666,-0.0061335538630729325,-1.014790843087074,1.4020376236738352
189,6.3,0.2018781453371048,0.2286553423029788,0.22293869506885333,-0.08557750404868592,0.2243409800805703,0.3062001527219592,-0.0014022850117169638,-0.0224628347434655,-0.39177765677064513,2.3255215598639545
190,6.333333333333333,0.2306853383779525,0.2291476871403772,0.2291476871403772,0.186269762145716,0.22875958357169857,-0.031068650164202627,0.0003881035686786327,0.0019257548062539265,0.21733841230991863,0.2352769193203026
191,6.366666666666666,0.1310493350028991,0.20535541590024478,0.21757890143412328,-0.3470635711876173,0.21929611676833047,0.3169052690316153,-0.0017172153342071839,-0.08824678176543138,-0.6639688402192326,1.8071278620195117
192,6.4,-0.4341101348400116,0.05026272065689358,0.1882323379500916,-0.8803969045209507,0.1902865473028083,-0.10113190608596734,-0.0020542093527167182,-0.62439668214282,-0.7792649984349833,-4.361012831970813
193,6.433333333333334,-0.3816729485988617,-0.0544967414268214,0.1411079966882821,-1.413730237854284,0.14412773918329994,-0.6424565098366071,-0.003019742495017824,-0.5258006877821616,-0.7712737280176769,-12.63162178666365
194,6.466666666666667,0.0475517362356185,-0.029746426999676497,0.07620587764869487,-1.9470635711876172,0.08427513932351537,-1.1823119831741498,-0.0080692616748205,-0.036723403087896865,-0.7647515880134674,-24.715905367803266
195,6.5,0.1008932590484619,0.0019382524822693613,0.009539210982028201,-2.0,0.018659643699747416,-1.873859474852155,-0.009120432717719215,0.08223361534871448,-0.1261405251478449,-34.25926075295974
196,6.533333333333333,-0.0536321960389614,-0.011539519114750327,-0.03934967790686069,-1.4666666666666668,-0.0328209296871832,-0.38711974180711617,-0.006528748219677492,-0.0208112663517782,-1.0795469248595506,-12.862558508361344
197,6.566666666666666,-0.3241969347000122,-0.08736984525945812,-0.08736984525945812,-1.440605020577923,-0.08221153983706724,-0.4873955772549293,-0.005158305422390888,-0.24198539486294496,-0.9532094433229937,-12.771865057188883
198,6.6,-0.8190962672233582,-0.26483901905901974,-0.15316779038983333,-1.9739383539112563,-0.1446344164816346,-1.4907451973480832,-0.008533373908198721,-0.6744618507417235,-0.4831931565631731,-28.97228372340355
199,6.633333333333333,-0.4537926316261291,-0.31066685922191295,-0.2198344570565,-2.0,-0.2106380736049369,-1.9204388547962752,-0.009196383451563123,-0.2431545580211922,-0.07956114520372481,-34.902056196188596
200,6.666666666666667,-0.5118935108184814,-0.3594713393299951,-0.28650112372316666,-2.0,-0.27719624052145153,-1.9869800299817548,-0.00930488320171513,-0.23469727029702991,-0.013019970018245175,-35.82032441374822
201,6.7,-0.61708003282547,-0.42195043073074534,-0.3531677903898333,-2.0,-0.34384515149229017,-1.9978693165006363,-0.009322638897543145,-0.2732348813331798,-0.002130683499363739,-35.97059656770878
202,6.733333333333333,-0.4873854219913482,-0.4378206979344813,-0.41983445705649997,-2.0,-0.4105089124865115,-1.999651319306564,-0.009325544569988464,-0.07687650950483671,-0.00034868069343607644,-35.99518820643058
203,6.766666666666667,-0.622205376625061,-0.48254041230626765,-0.48254041230626765,-1.8811786574930307,-0.4737190480936059,-1.5852162728513295,-0.008821364212661775,-0.14848632853145516,-0.2959623846417012,-30.275984565348345
204,6.8,-0.3965756893157959,-0.46169096925338327,-0.5274685897782576,-1.3478453241596973,-0.5225520286952613,-0.5141504827134705,-0.004916561082996318,0.1259763393794654,-0.8336948414462267,-12.74766685728362
205,6.833333333333333,-0.4848130643367767,-0.4672988836156272,-0.5546189894724698,-0.8145119908263639,-0.5525072795881906,-0.14951072321680559,-0.0021117098842792226,0.06769421525141389,-0.6650012676095584,-4.919313772340641
206,6.866666666666666,-0.6905569434165955,-0.5214467484837975,-0.5639916113889042,-0.2811786574930306,-0.5622632215989878,0.27961785606031564,-0.001728389789916407,-0.12829372181760768,-0.5607965135533463,1.4283845595005444
207,6.8999999999999995,-0.5756798386573792,-0.5346001640456829,-0.5555864555275608,0.2521546758403027,-0.5562859508012101,-0.09596783690233107,0.0006994952736493198,-0.019393887856169023,0.3481225127426338,-0.17962740459169635
208,6.933333333333334,-0.5994940996170044,-0.5503392063772888,-0.5503392063772888,0.15741747450815913,-0.5514021441087325,-0.2084304179958899,0.001062937731443614,-0.048091955508271944,0.36584789250404903,-1.3469239482840671
209,6.966666666666667,-0.5470765233039856,-0.5495478919570238,-0.5495478919570238,0.023739432607950972,-0.5500959723655099,-0.12898837880062586,0.0005480804084860846,0.003019449061524293,0.15272781140857683,-1.0363219269657182
210,7.0,-0.3498779535293579,-0.5011209690774843,-0.530978799758981,0.5570727659412843,-0.5340144677316291,-0.5602372042925243,0.003035667972648093,0.18413651420227117,1.1173099702338085,-3.271315078347228
211,7.033333333333333,-0.4963868260383606,-0.49997277430334003,-0.49997277430334003,0.9301807636692289,-0.501828673068721,0.26362004800922245,0.0018558987653810033,0.005441847030360436,0.6665607156600064,6.23615752989425
212,7.066666666666666,-0.4932692945003509,-0.49834694669002855,-0.48674452662547685,0.39684743033589553,-0.4889121097183208,-0.3438866634406126,0.0021675830928439277,-0.004357184782030121,0.7407340937765081,-1.648198170217724
213,7.1,-0.4039552807807922,-0.47545367611833544,-0.47545367611833544,0.3387255152142421,-0.47801251159289837,-0.5171525147967424,0.002558835474562926,0.07405723081210619,0.8558780300109845,-3.485860851585477
214,7.133333333333333,-0.5108526945114136,-0.48403917249917405,-0.4819406033889718,-0.19460781811909122,-0.48195262571662745,-0.07012465463754325,1.2022327655625276e-05,-0.028900068794786127,-0.12448316348154798,-1.1128233699643155
215,7.166666666666667,-0.4269316792488098,-0.4701886139561259,-0.4706497528818304,0.3387255152142421,-0.4725062977061533,-0.35686263976553345,0.0018565448243229032,0.04557461845734351,0.6955881549797756,-2.177985443431777
216,7.2,-0.4573515951633453,-0.4670751892514531,-0.4670751892514531,0.1072369089113201,-0.4683707235112333,-0.2869449726650477,0.00129553425978024,0.01101912834788804,0.3941818815763678,-2.1600687050801124
217,7.233333333333333,-0.3795514106750488,-0.4458476208522125,-0.4458476208522125,0.6368270519772168,-0.4486221635568577,-0.37263935831880746,0.0027745427046451665,0.06907075288180892,1.0094664102960242,-1.1063995217054372
218,7.266666666666667,-0.600620687007904,-0.483385486579891,-0.44239783023074974,0.10349371864388346,-0.4438671093850154,-0.3148273000501872,0.0014692791542656458,-0.15675357762288866,0.4183210186940707,-2.344248834571931
219,7.3,-0.627723217010498,-0.5183924194973516,-0.45672581738706475,-0.42983961468944987,-0.45507918394507624,0.26404385899154126,-0.0016466334419885098,-0.1726440330654218,-0.6938834736809911,1.112583399571458
220,7.333333333333333,-0.5215296149253845,-0.5191532987876832,-0.48883158232115753,-0.9631729480227832,-0.48701330870007864,-0.25074521289134744,-0.001818273621078892,-0.03451630622530588,-0.7124277351314358,-6.0875794335349305
221,7.366666666666666,-0.5012932419776917,-0.514821612202449,-0.514821612202449,-0.7797008964387453,-0.5124810199392763,0.0800611537212329,-0.002340592263172736,0.011187777961584655,-0.8597620501599782,-2.2700097509061643
222,7.3999999999999995,-0.7944530844688416,-0.5826419954247458,-0.5585894198615183,-1.3130342297720787,-0.556718637326632,-0.7346346890056659,-0.0018707825348863727,-0.2377344471422096,-0.5783995407664129,-12.548252177681576
223,7.433333333333334,0.0103532718494534,-0.43881996441519133,-0.5845794497428098,-0.7797008964387454,-0.5822410340797398,0.07726357263262695,-0.002338415663070026,0.5925943059291933,-0.8569644690713724,-2.3022943796994895
224,7.466666666666667,-0.3491320312023163,-0.41706751304906525,-0.5927917018463236,-0.24636756310541208,-0.590964945106208,0.33458138940145365,-0.0018267567401155649,0.24183291390389172,-0.5809489525068657,2.0576689857060937
225,7.5,-0.2778168618679046,-0.38329437424420365,-0.5832261761720595,0.28696577022792125,-0.5840321149097858,-0.10719710864118936,0.000805938737726275,0.3062152530418812,0.3941628788691106,-0.17038095687262178
226,7.533333333333333,-0.2505452334880829,-0.3510980784355049,-0.5558828727200177,0.8202991035612546,-0.5581482766711241,-0.05877308415908733,0.002265403951106415,0.3076030431830412,0.8790721877203419,2.515678205822291
227,7.566666666666666,-0.2358244657516479,-0.3231402075840078,-0.5107617914901981,1.3536324368945878,-0.5131120188033281,0.6963161482873284,0.00235022731313006,0.27728755305168024,0.6573162886072594,12.582908988927498
228,7.6,-0.1454249173402786,-0.2800380524828491,-0.4478629324826007,1.886965770227921,-0.4555673834804638,0.9053562387437235,0.007704450997863099,0.31014246614018515,0.9816095314841975,20.893916094663382
229,7.633333333333333,-0.1640419214963913,-0.25190494574759986,-0.381196265815934,2.0,-0.3902569982356729,1.8372462293749072,0.00906073241973887,0.2262150767392816,0.16275377062509278,33.75399796537372
230,7.666666666666667,-0.3830567002296448,-0.2837138196814152,-0.31452959914926737,2.0,-0.3238122834200499,1.9733657778747584,0.009282684270782549,-0.05924441680959486,0.02663422212524158,35.632447734671665
231,7.7,-0.4871583878993988,-0.33305622191249845,-0.2656407102603785,1.4666666666666668,-0.2722347701000205,0.38246859167804814,0.006594059839642008,-0.2149236177993783,1.0841980749886186,12.866765193404067
232,7.733333333333333,-0.0835663676261901,-0.2725462321369091,-0.23452959914926738,0.9333333333333335,-0.2362288982467421,0.45904612962886643,0.0016992990974747102,0.152662530620552,0.47428720370446703,8.491412445407482
233,7.766666666666667,-0.0326575897634029,-0.21436487105982474,-0.21436487105982474,0.6049418426832792,-0.217214685992909,-0.41020684361077553,0.002849814933084255,0.1845570962295061,1.0151486862940549,-1.539935594096617
234,7.8,-0.2951607406139374,-0.2339606869081869,-0.21197792074815988,0.07160850934994589,-0.21333345472911916,-0.2994711211897946,0.0013555339809592781,-0.08182728588481822,0.37107963053974047,-2.3057440159248257
235,7.833333333333333,-0.2140841037034988,-0.22913992235273084,-0.2273687482142728,-0.46172482398338743,-0.22551647700233812,0.3039897540025961,-0.0018522712119346807,0.01143237329883931,-0.7657145779859835,1.3665919958811292
236,7.866666666666666,-0.0978076159954071,-0.19728725829302707,-0.22498179790260794,0.07160850934994589,-0.22468272083032578,0.0928086531212888,-0.0002990770722821612,0.12687510483491868,-0.02120014377134291,0.9551932960122931
237,7.8999999999999995,-0.3860450685024261,-0.24306760955623344,-0.24037262536872087,-0.46172482398338743,-0.23779036779091103,0.4933779642727736,-0.0025822575778098322,-0.14825470071151506,-0.955102788256161,3.005523835559827
238,7.933333333333334,0.0123548926785588,-0.18111874577219256,-0.237985675057056,0.07160850934994589,-0.23734743371793612,0.18230891259313214,-0.0006382413391198827,0.24970232639649492,-0.11070040324318625,1.7351632474841474
239,7.966666666666667,-0.1597283035516739,-0.17593081761470694,-0.21782094696761337,0.6049418426832792,-0.22068714602569517,-0.5067651280522472,0.002866199058081803,0.06095884247402128,1.1117069707355265,-2.709349309221499
240,8.0,0.0897197052836418,-0.1115013021522772,-0.17987844110039294,1.1382751760166125,-0.1811408800610824,0.6401642887884329,0.0012624389606894493,0.2708605853447242,0.49811088722817964,10.581551158459694
241,8.033333333333333,-0.4590322077274322,-0.1957896657140334,-0.1597137130109503,0.6049418426832792,-0.16246625573864934,-0.3933815038109352,0.0027525427276990366,-0.2965659519887829,0.9983233464942144,-1.4247492543309788
242,8.066666666666666,0.0037077078595757,-0.1474045958292157,-0.1474045958292157,0.36927351545203824,-0.15028861853767386,-0.581467366620525,0.002884022708458167,0.15399632639724956,0.9507408820725632,-3.9285277888319534
243,8.1,-0.2415317296981811,-0.17023370815648678,-0.15287325642525887,-0.1640598178812951,-0.15317594433554688,-0.13253933630724057,0.00030268791028800757,-0.08835578536263422,-0.031520481574054515,-1.5645640170372337
244,8.133333333333333,-0.0230951067060232,-0.13454746634584866,-0.14056413924352426,0.36927351545203824,-0.14270270610367675,-0.4176151828905714,0.0021385668601524854,0.11960759939765354,0.7868886983426097,-2.6174409811445427
245,8.166666666666666,-0.2238125801086425,-0.15619736925093805,-0.14603279983956743,-0.1640598178812951,-0.14602010792856376,-0.05190664830872818,-1.2691911003670509e-05,-0.07779247218007873,-0.11215316957256691,-0.8710854171931737
246,8.2,0.0125506212934851,-0.11527009703097646,-0.13372368265783283,0.36927351545203824,-0.13571696556516005,-0.3793812962186274,0.0019932829073272262,0.14826758685864516,0.7486548116706656,-2.284614178727818
247,8.233333333333333,0.1004112064838409,-0.06295985977583532,-0.10363678769832044,0.9026068487853716,-0.10561546369027501,0.1569925763083384,0.0019786759919545732,0.2060266701741159,0.7456142724770332,5.005655809298983
248,8.266666666666666,0.0514919236302375,-0.03520131118270524,-0.055772114961030274,1.435940182118705,-0.05904029866804547,0.6224798253070586,0.0032681837070151973,0.11053222229828297,0.8134603568116464,12.649689494151453
249,8.3,0.0868942737579345,-0.0055888741658299025,-0.005588874165829906,1.5054972238560111,-0.010249416187651291,0.5161703384723805,0.004660542021821385,0.0971436899455858,0.9893268853836307,12.74584001945352
250,8.333333333333334,0.0386689640581607,0.005145194945253487,0.026816588851592688,0.9721638905226778,0.02514919238705641,0.42797998171391677,0.001667396464536279,0.01351977167110429,0.544183908808761,8.132903068303913
251,8.366666666666667,0.0177518166601657,0.008202740324227735,0.04144427409123751,0.4388305571893445,0.039264573459249635,-0.31974074118054685,0.0021797006319878715,-0.021512756799083935,0.7585712983698913,-1.2836744562332525
252,8.4,0.0016951346769928,0.006624419024132433,0.038294181553104545,-0.09450277614398883,0.03803586197246968,-0.08537536386658134,0.0002583195806348665,-0.036340727295476875,-0.009127412277407487,-0.9332434072913995
253,8.433333333333334,-0.2449360638856887,-0.054387770398798156,0.017366311237193805,-0.6278361094773222,0.02023120889243138,0.4720850198993787,-0.002864897655237574,-0.2651672727781201,-1.0999211293767008,2.254021759470768
254,8.466666666666667,-0.0832157284021377,-0.061379555491715754,-0.021339336856494705,-1.1611694428106554,-0.020142908459979552,-0.6825152007774898,-0.0011964283965151534,-0.06307281994215815,-0.47865424203316553,-11.070288903433177
255,8.5,-0.2776353359222412,-0.11382912343184706,-0.07782276272796099,-1.6945027761439886,-0.07162320574168957,-0.3871329892562454,-0.006199556986271421,-0.20601213018055164,-1.3073697868877432,-12.862546526841806
256,8.533333333333333,-0.217980071902275,-0.13908936034645647,-0.13908936034645647,-1.8379979285548644,-0.1309629521092692,-1.1207695641095585,-0.008126408237187271,-0.0870171197930058,-0.7172283644453059,-23.866619984711907
257,8.566666666666666,-0.3879965841770172,-0.19945804191926905,-0.19945804191926905,-1.8110604471843774,-0.19113071797957026,-1.220131904436128,-0.008327323939698789,-0.19686586619744695,-0.5909285427482494,-25.237820281218568
258,8.6,-0.1515106558799743,-0.1878291288025276,-0.24204894571430385,-1.2777271138510442,-0.23821158644638754,-0.5982163193773882,-0.0038373592679163127,0.08670093056641323,-0.679510794473656,-12.671634373298833
259,8.633333333333333,-0.2235420942306518,-0.1964907682872013,-0.2668620717315609,-0.7443937805177109,-0.2645032911614377,0.03790760335007315,-0.0023587805701231757,0.040961196930785926,-0.782301383867784,-2.756469904499766
260,8.666666666666666,-0.1668113023042678,-0.18929246281578394,-0.27389741997104017,-0.21106044718437755,-0.2722936040840714,0.28631730332378025,-0.0016038158869687846,0.10548230177980358,-0.4973777505081578,1.722465174114559
261,8.7,0.1499499976634979,-0.10701433622114412,-0.26315499043274165,0.3222728861489558,-0.2642400890565405,-0.16554234167266213,0.0010850986237988525,0.41419008672003843,0.4878152278216179,-0.5765359200739525
262,8.733333333333333,0.1717721372842788,-0.039398894664843864,-0.23463478311666536,0.8556062194822891,-0.23678673186040192,0.021519780252310272,0.002151948743736559,0.4085588691446807,0.8340864392299788,3.442273446558274
263,8.766666666666666,0.186263620853424,0.015332134561996794,-0.18833679802281128,1.3889395528156223,-0.19108463676295045,0.664369469373336,0.0027478387401391746,0.37734825761637447,0.7245700834422864,12.61180283509957
264,8.8,0.165303885936737,0.051705514025751485,-0.12426103515117944,1.9222728861489555,-0.13218050994857802,1.0684952177246947,0.007919474797398587,0.29748439588531506,0.8537776684242608,23.145234004600788
265,8.833333333333334,0.1888094097375869,0.0849579897684972,-0.05759436848451277,2.0,-0.06669028897772634,1.8588265165022024,0.009095920493213575,0.25549969871531325,0.14117348349779757,34.05180592773039
266,8.866666666666667,0.1597213447093963,0.10309071045970018,0.009072298182153896,2.0,-0.00021614452335791054,1.9768973345242131,0.009288442705511806,0.15993748923275422,0.023102665475786877,35.68118321643414
267,8.9,0.0367320477962493,0.0869964207308711,0.07573896484882056,2.0,0.06641901639479861,1.9962193101787815,0.009319948454021953,-0.02968696859854931,0.003780689821218486,35.947826480467185
268,8.933333333333334,0.1462448686361313,0.10136623543625241,0.12462785373770946,1.4666666666666668,0.11801879383102293,0.3814003657818321,0.006609059906686532,0.02822607480510836,1.0852663008848347,12.867731339362651
269,8.966666666666667,0.0594843588769435,0.09120841988244632,0.15573896484882058,0.9333333333333335,0.15404028753429855,0.4598453063942728,0.001698677314522029,-0.09455592865735504,0.47348802693906067,8.500635100406292
270,9.0,0.1517663747072219,0.10589583568041558,0.1690722981821539,0.40000000000000013,0.16712410704738964,-0.2710691640924714,0.001948191134764271,-0.01535773234016774,0.6710691640924715,-0.9562836818404727
271,9.033333333333333,0.0614710226655006,0.0951212693598544,0.16462785373770947,-0.1333333333333332,0.1646692954551559,-0.023198067490135026,-4.1441717446438764e-05,-0.10319827278965531,-0.11013526584319816,-0.5041708797900054
272,9.066666666666666,0.0432287119328975,0.08253551460715436,0.14240563151548724,-0.6666666666666665,0.14514605262603644,0.3841660476280204,-0.0027404211105492016,-0.10191734069313894,-1.050832714294687,1.2394197537479066
273,9.1,-0.0483162738382816,0.050799392897513236,0.10240563151548725,-1.1999999999999997,0.10349516887928067,-0.7478315389445362,-0.0010895373637934275,-0.15181144271756228,-0.4521684610554635,-11.824052124256763
274,9.133333333333333,-0.0372735820710659,0.029438625221811707,0.044627853737709486,-1.733333333333333,0.05127190125989231,-0.3514854859877561,-0.006644047522182825,-0.08854548333095821,-1.3818478473455769,-12.894787545654198
275,9.166666666666666,-0.1880015879869461,-0.023298208970110607,-0.02203881292895718,-2.0,-0.013151612720516228,-1.7308216776490253,-0.008887200208440952,-0.17484997526642987,-0.2691783223509747,-32.28533915155655
276,9.2,0.0393733829259872,-0.008098162476432807,-0.07092770181784608,-1.4666666666666668,-0.06449283740218625,-0.3938056526360181,-0.0064348644156598245,0.10386622032817346,-1.0728610140306487,-12.856511504867461
277,9.233333333333333,-0.0860285311937332,-0.026998994447260324,-0.1020388129289572,-0.9333333333333335,-0.10033291486092578,-0.45056448193836784,-0.0017058980680314112,0.014304383667192583,-0.4827688513949656,-8.393532584709684
278,9.266666666666666,-0.2956420183181762,-0.09215429574884358,-0.11537214626229053,-0.40000000000000013,-0.11341283620783317,0.2746528450752217,-0.001959310054457361,-0.18222918211034306,-0.6746528450752218,0.9898239681159668
279,9.3,-0.3218968510627746,-0.14787487690366066,-0.14648325737340165,-0.9333333333333335,-0.14459183857421046,-0.21211494386844182,-0.0018914187991911913,-0.17730501248856415,-0.7212183894648916,-5.641778630594668
280,9.333333333333334,-0.1820376962423324,-0.15616055190556305,-0.15981659070673498,-0.40000000000000013,-0.15757160546498714,0.3667273239091384,-0.002244985241747849,-0.024466090777345267,-0.7667273239091386,1.8515648411516976
281,9.366666666666667,-0.1241719722747802,-0.14840220585204772,-0.15537214626229054,0.1333333333333332,-0.15525613653338277,0.06638320483804543,-0.00011600972890776773,0.031084164258602567,0.06695012849528777,0.8863344701609288
282,9.4,-0.086163192987442,-0.133307074858231,-0.133307074858231,0.6619521421217859,-0.1360676270475405,-0.4012902109378622,0.002760552189309484,0.04990443406009849,1.063242353059648,-1.43703592226801
283,9.433333333333334,-0.1526488661766052,-0.13799813373220557,-0.12901978123194927,0.12861880878845255,-0.13064848073581917,-0.3494216505822574,0.0016286995038699015,-0.02200038544078603,0.47804045937070994,-2.5851143645501673
284,9.466666666666667,0.0001928750280058,-0.10448199516585402,-0.10695470982788974,0.6619521421217859,-0.10964294030989696,-0.30833522099771327,0.0026882304820072256,0.10983581533790276,0.9702873631194991,-0.36431729511967753
285,9.5,-0.1661666482686996,-0.11944267458603033,-0.10266741620160799,0.12861880878845255,-0.1041847506998013,-0.3135281767553473,0.0015173344981933151,-0.061981897568898284,0.44214698554379983,-2.249181173685412
286,9.533333333333333,-0.309451699256897,-0.1655264889879966,-0.11615790035310401,-0.40471452454488077,-0.11465125110731846,0.23861633737194987,-0.0015066492457855574,-0.19480044814957853,-0.6433308619168306,0.965960838170886
287,9.566666666666666,-0.2323456108570099,-0.18173245613112518,-0.14742616228237782,-0.9380478578782141,-0.14552958418169293,-0.19673341656643523,-0.001896578100684887,-0.08681602667531696,-0.7413144413117789,-5.464272819863301
288,9.6,0.0334400460124015,-0.12954562095124147,-0.16091664643387385,-0.40471452454488077,-0.15862976019865876,0.3770821558232056,-0.0022868862352150854,0.19206980621106026,-0.7817966803680864,1.9329202851334277
289,9.633333333333333,0.036132875829935,-0.08936280800703524,-0.1566293528075921,0.12861880878845255,-0.1564696310605926,0.07593924611904156,-0.0001597217469994916,0.1926025068905276,0.052679562669411,0.9561894741988837
290,9.666666666666666,0.085828348994255,-0.046872843237740415,-0.13456428140353258,0.6619521421217859,-0.1373266455439217,-0.40361910914373333,0.002762364140389134,0.22315499453817672,1.0655712512655193,-1.4639118596198282
291,9.7,0.0136556765064597,-0.03219256647325916,-0.09472143222169527,1.1952854754551192,-0.0958236644023463,0.740265192729179,0.0011022321806510305,0.109479340908806,0.4550202827259402,11.736735020248757
292,9.733333333333333,0.1367246061563491,0.008775738302010332,-0.03710080526208018,1.7286188087884526,-0.04369077200418957,0.35582166312816876,0.0065899667421093905,0.18041537816053865,1.3727971456602839,12.890865734701418
293,9.766666666666666,0.1250342279672622,0.0369724761657348,0.029565861404586488,2.0,0.02068751137211166,1.7253940051561476,0.008878350032474829,0.10434671659515055,0.2746059948438524,32.21043727115484
294,9.8,0.0877532884478569,0.04928859395247703,0.07845475029347537,1.4666666666666668,0.0720234483665462,0.3940593543498687,0.006431301926929173,0.015729840081310703,1.072607312316798,12.856282046953748
295,9.833333333333334,0.2398803681135177,0.09551374542721941,0.10956586140458649,0.9333333333333335,0.107859815664231,0.4503746789053476,0.0017060457403554885,0.1320205524492867,0.48295865442798586,8.391342220866479
296,9.866666666666667,0.154861107468605,0.10990755025990562,0.12289919473791983,0.40000000000000013,0.12093965728936706,-0.27472613527946343,0.0019595374485527617,0.03392145017923795,0.6747261352794636,-0.9905099037344769
297,9.9,0.0935514420270919,0.10594062364973482,0.11845475029347538,-0.1333333333333332,0.11849017270839948,-0.024849017114196584,-3.542241492410225e-05,-0.024938730681307586,-0.10848431621913661,-0.5187808329961322
298,9.933333333333334,0.1727832555770874,0.12215229280184411,0.12215229280184411,0.11092627525106202,0.12154991796198228,-0.116446451412068,0.0006023748398618356,0.05123333761510512,0.22737272666313002,-0.7133659089657856
299,9.966666666666667,0.1040407940745353,0.11775962278347776,0.11775962278347776,-0.13178010055099054,0.11821428730459617,0.06942302355753419,-0.00045466452111840583,-0.014173493230060868,-0.20120312410852473,0.24671292792988864
300,10.0,0.0721800774335861,0.10670499360431715,0.10670499360431715,-0.3316388753748184,0.10860883941767929,0.3621192921564662,-0.0019038458133621428,-0.036428761984093186,-0.6937581675312846,2.2077076615043736
301,10.033333333333333,0.1172729581594467,0.1092680935308009,0.1092680935308009,0.07689299779451253,0.1096102547721782,0.11026940142559247,-0.00034216124137730064,0.007662703387268502,-0.03337640363107994,1.136176444166788
302,10.066666666666666,0.0516397431492805,0.09529120897032423,0.09529120897032423,-0.41930653681430025,0.09767707063955283,0.45950073923503454,-0.002385861669228606,-0.04603732749027233,-0.8788072760493348,2.831578467445534
303,10.1,0.0569041445851326,0.08598100723844439,0.08598100723844439,-0.2793060519563952,0.0883907051213751,0.507340383414326,-0.002409697882930717,-0.031486560536242506,-0.7866464353707212,3.585892943032761
304,10.133333333333333,0.0814430713653564,0.08488039954412219,0.08488039954412219,-0.03301823082966601,0.08605006282150161,0.28478100976597276,-0.0011696632773794263,-0.00460699145614521,-0.3177992405956388,2.352166273300165
305,10.166666666666666,0.0412215813994407,0.07429161369106167,0.07429161369106167,-0.31766357559181546,0.07648548556277016,0.4470029369486055,-0.002193871871708483,-0.03526390416332945,-0.764666512540421,2.99606801865575
306,10.2,-0.1479518115520477,0.02038983308510576,0.04592505006022338,-0.8509969089251488,0.048044338712821794,-0.07205275429667912,-0.0021192886525984167,-0.1959961502648695,-0.7789441546284697,-4.025433775847757
307,10.233333333333333,-0.0125429397448897,0.012402487255250939,0.012402487255250935,-1.0056768841491732,0.014078517498363708,-0.3546819812668144,-0.0016760302431127732,-0.026621457243253408,-0.6509949028823588,-7.287029915469832
308,10.266666666666666,-0.1777898222208023,-0.03372578010340806,-0.03372578010340806,-1.3838480207597699,-0.031233438504679648,-0.6830882309951471,-0.002492341598728409,-0.14655638371612267,-0.7007597897646227,-12.594872843087265
309,10.3,-0.1451077759265899,-0.060739798159273085,-0.062076269684289274,-0.8505146874264365,-0.059967961686773194,-0.08706119108314048,-0.0021083079975160804,-0.08513981423981672,-0.7634534963432961,-4.198634049610161
310,10.333333333333334,-0.1060080528259277,-0.07171892849254359,-0.07264898148739271,-0.3171813540931032,-0.07066652031074763,0.3374507024950102,-0.0019824611766450784,-0.035341532515180074,-0.6546320565881134,1.8508487344163518
311,10.366666666666667,-0.1094739064574241,-0.08087582722563125,-0.08087582722563125,-0.2468053721471561,-0.07884264552868613,0.4197884686451261,-0.0020331816969451216,-0.03063126092873797,-0.6665938407922822,2.9089072088729195
312,10.4,-0.1756741851568222,-0.10386773479465106,-0.10386773479465106,-0.6897572270705943,-0.10127650625453233,0.2352657447537323,-0.0025912285401187285,-0.07439767890228988,-0.9250229718243266,-0.4789186440521759
313,10.433333333333334,-0.3398266434669494,-0.16109599841307887,-0.14463742014144865,-1.2230905604039277,-0.14360832938725684,-0.782666781634346,-0.0010290907541918026,-0.19621831407969256,-0.4404237787695817,-12.226057586670906
314,10.466666666666667,-0.3957879245281219,-0.21801697457965946,-0.20318488326602402,-1.756423893737261,-0.19627526547800253,-0.3301984002445264,-0.006909617788021488,-0.19951265905011936,-1.4262254934927345,-12.914040432083283
315,10.5,-0.2975099980831146,-0.2372968048284069,-0.2439545686128216,-1.2230905604039277,-0.24137384501639936,-0.6933259724434453,-0.002580723596422252,-0.056136153066715266,-0.5297645879604824,-12.585613422809082
316,10.533333333333333,-0.3264878690242767,-0.2589287481312901,-0.2669464761818414,-0.6897572270705944,-0.2643779443548745,0.2060936908656006,-0.0025685318269669244,-0.06210992466940218,-0.895850917936195,-0.8155698084288558
317,10.566666666666666,-0.3688992261886596,-0.2856004239070584,-0.2856004239070584,-0.55961843175651,-0.28265585357373574,0.4478743591709129,-0.0029445703333226825,-0.08624337261492387,-1.007492790927423,1.9746260351990852
318,10.6,-0.5198948383331299,-0.3424249896271936,-0.3220321494100532,-1.0929517650898433,-0.32064217225097397,-0.5603610882998976,-0.0013899771590792365,-0.19925266608215592,-0.5325906767899456,-9.660606734440867
319,10.633333333333333,-0.1316372603178024,-0.2913016147636454,-0.3406860971352702,-0.5596184317565099,-0.3380636063091466,0.38174846271152396,-0.0026224908261235913,0.2064263459913442,-0.9413668944680339,1.4654339255586584
320,10.666666666666666,0.0593339242041111,-0.20626026934064012,-0.3415622670827094,-0.02628509842317661,-0.3405186355986277,0.23843026156707614,-0.0010436314840817085,0.3998525598027388,-0.26471535999025275,1.9108037062995633
321,10.7,0.0041026594117283,-0.15523992342564635,-0.32466065925237086,0.5070482349101567,-0.32687528107758707,-0.3792760790266305,0.002214621825216201,0.3309779404893154,0.8863243139367872,-1.8889947389391957
322,10.733333333333333,0.1497469991445541,-0.08126995931947846,-0.2899812736442545,1.04038156824349,-0.29155320706574034,0.42406465514248115,0.001571933421485816,0.4413002062102944,0.6163169131010089,8.08771943967621
323,10.766666666666666,0.1437273323535919,-0.02670027007252005,-0.2375241102583604,1.5737149015768233,-0.24235832846588978,0.4967867207713281,0.004834218207529384,0.3860856608194817,1.0769281808054951,12.763371333729433
324,10.8,0.1359566152095794,0.0127496967147233,-0.17085744359169375,2.0,-0.1794484700415169,1.5491830109247482,0.008591026449823153,0.31540508525109634,0.4508169890752518,29.778725550761525
325,10.833333333333334,0.151781752705574,0.04646981856317005,-0.10419077692502708,2.0,-0.11339659506184396,1.9262249975607546,0.009205818136816882,0.265178347767418,0.0737750024392454,34.98190496633841
326,10.866666666666667,0.0731937810778617,0.05295131138039507,-0.037524110258360416,2.0,-0.04683053742124933,1.9879269168713571,0.009306427162888917,0.12002431849911104,0.012073083128642859,35.83339145282473
327,10.9,0.1219954416155815,0.06969692064192914,0.02914255640830625,2.0,0.01981966484561932,1.998024272024238,0.009322891562686932,0.10217577676996217,0.001975727975761954,35.972734953934484
328,10.933333333333334,0.1338057965040207,0.08524555861775633,0.08524555861775633,1.6830900662835024,0.07726594685466326,0.8935538410852737,0.007979611763093072,0.05653984964935743,0.7895362251982287,20.731043006976776
329,10.966666666666667,0.1951223462820053,0.11189451120605874,0.12357078304942863,1.149756732950169,0.12148005779912364,0.7357625213799053,0.0020907252503049867,0.07364228848288167,0.4139942115702637,12.547232121255131
330,11.0,0.0994733795523643,0.10888195363526558,0.14411822970332316,0.6164233996168357,0.14131777176040505,-0.368078450943897,0.002800457942918111,-0.04184439220804076,0.9845018505607327,-1.053765765293695
331,11.033333333333333,0.0539652407169342,0.09556273571875742,0.1468878985794399,0.08309006628350235,0.14552567121469442,-0.2939569090511811,0.0013622273647454775,-0.09156043049776022,0.37704697533468345,-2.2162481804133507
332,11.066666666666666,0.1844699084758758,0.11712582544799385,0.13187978967777886,-0.450243267049831,0.13367619062551245,0.29459138637149507,-0.0017964009477335896,0.05079371785036335,-0.744834653421326,1.3192470906494491
333,11.1,0.0559608303010463,0.10229118120342875,0.10229118120342875,-0.8876582542305032,0.10432115454438183,-0.11880515813148818,-0.0020299733409530757,-0.04836032424333553,-0.768853096099015,-4.564965591082774
334,11.133333333333333,0.1594498306512832,0.11615414690826693,0.09048035050685643,-0.3543249208971698,0.09260971453431273,0.3599803330735383,-0.002129364027456296,0.06684011611697048,-0.7143052539707081,1.9391393476322434
335,11.166666666666666,0.0553342886269092,0.10140321038908313,0.09644729758806188,0.1790084124361635,0.0962938363548116,0.016046196656415948,0.00015346123325027383,-0.040959547727902404,0.16296221577974757,0.5833982369221646
336,11.2,0.034547921270132,0.08518847142663463,0.08518847142663463,-0.33776478484281736,0.08695139726751472,0.3315747217331839,-0.0017629258408800863,-0.052403475997382716,-0.6693395065760013,1.9568359914149778
337,11.233333333333333,0.0676419287919998,0.08093282296166632,0.08093282296166632,-0.12766945394904944,0.08229122957059848,0.29506806388400597,-0.0013584066089321611,-0.014649300778598676,-0.4227375178330554,2.1730690810718363
338,11.266666666666666,0.0442948825657367,0.07204684479193993,0.07204684479193993,-0.26657934509179165,0.07401931043528379,0.4061372682853346,-0.001972465643343857,-0.029724427869547085,-0.6727166133771263,2.771579603016871
339,11.3,0.0341992825269699,0.0628674911375176,0.0628674911375176,-0.2753806096326697,0.0651209637578271,0.47245045171153244,-0.0022534726203094907,-0.030921681230857194,-0.7478310613442021,3.3096807678548554
340,11.333333333333334,-0.1886206567287445,0.0018728454850890086,0.0359103597053175,-0.8087139429660031,0.03814919101633493,0.003116937345365667,-0.0022388313110174307,-0.22676984774507944,-0.8118308803113687,-3.1579609433151807
341,11.366666666666667,-0.0419839844107627,-0.008763965122617469,-0.00876396512261747,-1.3402297448380491,-0.006592704999057569,-0.7104395453645993,-0.0021712601235599014,-0.035391279411705126,-0.6297901994734498,-12.570135227257975
342,11.4,-0.2330518066883087,-0.06316158797887392,-0.06316158797887392,-1.6319286856876933,-0.057355246775982575,-0.42157069208938003,-0.005806341202891342,-0.1756965599123261,-1.2103579935983133,-12.83139969962825
343,11.433333333333334,-0.1848867982625961,-0.09268419622588873,-0.09978143305735258,-1.09859535235436,-0.09852636739345524,-0.7232879960292988,-0.0012550656638973395,-0.08636043086914086,-0.37530735632506107,-11.540814874934892
344,11.466666666666667,-0.4544833600521087,-0.18043310997056589,-0.15417905591360903,-1.6319286856876931,-0.14874151330298602,-0.4478345884827004,-0.005437542610623014,-0.3057418467491227,-1.1840940972049927,-12.807645587837442
345,11.5,-0.5427636504173279,-0.26831090107567906,-0.22084572258027568,-2.0,-0.21215596369492212,-1.6097340470323336,-0.00868975888535356,-0.33060768672240576,-0.3902659529676664,-30.614329849046204
346,11.533333333333333,-0.3152073621749878,-0.27968492824703656,-0.27968492824703656,-1.7651761700028263,-0.2714602923450937,-1.1165194380205912,-0.008224635901942834,-0.04374706982989407,-0.6486567319822352,-23.807968244684158
347,11.566666666666666,-0.2626437842845917,-0.27555185658413617,-0.32074635613601965,-1.2318428366694931,-0.3175264093830697,-0.6469038012886588,-0.0032199467529499537,0.05488262509847802,-0.5849390353808344,-12.627599479511021
348,11.6,-0.5067101716995239,-0.3316158088606203,-0.34403000624722496,-0.6985095033361598,-0.34151322738539214,0.15582013663107974,-0.0025167788618328246,-0.1651969443141318,-0.8543296399672395,-1.3957363827574198
349,11.633333333333333,0.0070267068222165,-0.24948318980015521,-0.3495358785806525,-0.16517617000282647,-0.34801925008680934,0.288874446880812,-0.001516628493843153,0.35504595690902585,-0.45405061688363846,1.897808995120724
350,11.666666666666666,-0.0532231144607067,-0.2018832776269004,-0.33726397313630224,0.36815716333050685,-0.338604411649738,-0.21189557248174606,0.0013404385134357377,0.28538129718903127,0.5800527358122529,-0.8435652696639975
351,11.7,-0.3050442636013031,-0.22690341411464449,-0.3072142899141742,0.9014904966638402,-0.3092232490048552,0.12014173111831927,0.002008959090680995,0.004178985403552105,0.7813487655455209,4.580389902789333
352,11.733333333333333,0.0609237365424633,-0.15709529308615586,-0.25938682891426845,1.4348238299971734,-0.26265318676790506,0.6227246554781967,0.0032663578536366034,0.32357692331036836,0.8120991745189767,12.649468060013568
353,11.766666666666666,0.0986799523234367,-0.09506087678150593,-0.1937815901365849,1.9681571633305066,-0.2019807980837025,1.2806866421043062,0.008199207947117593,0.3006607504071392,0.6874705212262004,26.073475661039424
354,11.8,0.0309762582182884,-0.06449247642711661,-0.12711492346991826,2.0,-0.13625662154983104,1.886901184064579,0.009141698079912774,0.16723287976811943,0.11309881593542093,34.43923634009119
355,11.833333333333334,0.0772525072097778,-0.03011437502036833,-0.060448256803251596,2.0,-0.06974419088919545,1.9814916792762711,0.009295934085943855,0.14699669809897326,0.018508320723728877,35.74458517401254
356,11.866666666666667,0.146582618355751,0.012740807580750843,0.00621840986341507,2.0,-0.0031027645351099607,1.9969711624902597,0.00932117439852503,0.14968538289086097,0.0030288375097402565,35.958202042365585
357,11.9,0.2075859308242797,0.05999754452909737,0.05999754452909737,1.613374039970469,0.05231431042495531,0.650048995207833,0.00768323410414206,0.1552716203993244,0.963325044762636,17.370676133868095
358,11.933333333333334,0.2347541153430938,0.10238210699325644,0.10238210699325645,1.271536873924772,0.09888173367409589,0.6228512733548435,0.00350037331916056,0.1358723816689979,0.6486856005699286,12.649353541773353
359,11.966666666666667,0.0157736763358116,0.08137654238401282,0.12698889167963773,0.7382035405914388,0.12459827958773105,-0.06733136241779936,0.002390612091906677,-0.10882460325191945,0.8055349030092381,2.4169140134927662
360,12.0,0.2098900973796844,0.11254556094413741,0.13381789858824125,0.20487020725810545,0.13220965201390011,-0.2918814082693417,0.0016082465743411378,0.07768044536578428,0.4967516155274472,-1.7949674306741468
361,12.033333333333333,0.1817664206027984,0.12933403325370235,0.12933403325370235,-0.134515960036167,0.1294253814013516,-0.02007257060649291,-9.134814764924504e-05,0.05234103920144681,-0.1144433894296741,-0.5142462980755421
362,12.066666666666666,0.1333517879247665,0.13030847886698138,0.13030847886698138,0.029233368398370874,0.1301513578144103,-0.03331030335222057,0.00015712105257106868,0.0032004301103562005,0.06254367175059145,-0.2217012693819223
363,12.1,0.0603037662804126,0.11332989488819065,0.11350514670248263,-0.5040999649349625,0.116090082651537,0.4760240432812355,-0.0025849359490543733,-0.055786316371124405,-0.9801240082161979,2.7326640276640326
364,12.133333333333333,0.0750560387969017,0.1040471501153369,0.1040471501153369,-0.28373989761437196,0.1065358352610588,0.5232852708701639,-0.0024886851457218973,-0.03147979646415709,-0.8070251684845358,3.7014242498101133
365,12.166666666666666,-0.0463164672255516,0.06757872948979685,0.07681137575041339,-0.8170732309477053,0.0790163351706109,-0.024903493726592618,-0.002204959420197508,-0.12533280239616248,-0.7921697372211127,-3.4813221568548673
366,12.2,0.0811649560928344,0.07087386321453427,0.06735337916326765,-0.283739897614372,0.06924380715763866,0.33013222491150773,-0.0018904279943710023,0.011921148935195747,-0.6138721225258797,1.8927055204719585
367,12.233333333333333,0.0413943119347095,0.06372404402996693,0.06372404402996693,-0.10888005399902187,0.06500672830729341,0.27976524933375835,-0.0012826842773264874,-0.023612416372583912,-0.38864530333278025,2.081802330365435
368,12.266666666666666,0.155495598912239,0.08598184631014953,0.07787248667444398,0.42445327933431143,0.07618146555752503,-0.2767957482126042,0.0016910211169189476,0.07931413335471396,0.7012490275469156,-1.234703090604539
369,12.3,-0.0250248312950134,0.059058856010101995,0.07424315154114325,-0.1088800539990219,0.07419959025223025,-0.04195259305723829,4.356128891300215e-05,-0.09922442154724365,-0.06692746094178362,-0.6214096698087559
370,12.333333333333334,0.0890902355313301,0.06634251278634502,0.06634251278634502,-0.23701916264394676,0.0675361903834442,0.215092970887389,-0.0011936775970991798,0.021554045147885892,-0.4521121335313357,1.1981635825359684
371,12.366666666666667,0.0142635647207498,0.053711551804034835,0.053711551804034835,-0.3789288294693057,0.05615908853333025,0.48215615712754745,-0.002447536729295416,-0.04189552381258045,-0.8610849865968531,3.1064042470362208
372,12.4,-0.0686568692326545,0.024032942519635437,0.024032942519635437,-0.8903582785319819,0.026028133686552782,-0.15849932043997572,-0.001995191166917345,-0.09468500291920728,-0.7318589580920062,-5.023043929048062
373,12.433333333333334,-0.1313455402851104,-0.013651757857287752,-0.013651757857287752,-1.1305410113076957,-0.012330895886854782,-0.5794280930711461,-0.0013208619704329697,-0.11901464439825561,-0.5511129182365496,-9.880643670545268
374,12.466666666666667,-0.2017907947301864,-0.05928203500877462,-0.05928203500877462,-1.368908314544606,-0.05712022843237475,-0.7081635542825756,-0.0021618065763998676,-0.14467056629781166,-0.6607447602620303,-12.572193724054786
375,12.5,-0.136672705411911,-0.07805197131827199,-0.0871345343824837,-0.8355749812112726,-0.0849694144961753,-0.04176944557167073,-0.002165119886308395,-0.05170329091573571,-0.7938055356396019,-3.675958514950876
376,12.533333333333333,-0.100669577717781,-0.08353752958234485,-0.09720925597841501,-0.3022416478779393,-0.09524691607280916,0.3409476407924781,-0.0019623399056058477,-0.005422661644971835,-0.6431892886704174,1.9328759193877176
377,12.566666666666666,-0.4068264961242676,-0.1619463775732675,-0.1250617553521241,-0.8355749812112726,-0.12288836717107025,-0.031142217820067652,-0.002173388181053851,-0.2839381289531973,-0.804432763391205,-3.553318243875252
378,12.6,-0.2269881218671798,-0.17772126867442886,-0.17069203250361098,-1.368908314544606,-0.16818705591233823,-0.6837247904020546,-0.002504976591272745,-0.05880106595484155,-0.6851835241425513,-12.594297113458794
379,12.633333333333333,-0.0474912300705909,-0.14613594298278892,-0.19854453187732007,-0.8355749812112726,-0.19639363707843843,-0.06005293068253181,-0.002150894798881642,0.14890240700784754,-0.7755220505287408,-3.886953482087538
380,12.666666666666666,-0.0799859464168548,-0.130092262059129,-0.2086192534732514,-0.3022416478779393,-0.20667881815205214,0.33388768850036354,-0.001940435321199252,0.12669287173519733,-0.6361293363783028,1.8668006124313514
381,12.7,-0.0924339070916175,-0.12095879777230213,-0.20091619729140492,0.23109168545539405,-0.20140722062678507,-0.049659375154529756,0.0004910233353801474,0.10897331353516757,0.28075106060992383,0.1644541830404598
382,12.733333333333333,0.0074338372796773,-0.08981910651519516,-0.17543536333178067,0.7644250187887274,-0.17787505340461443,-0.17907899137211558,0.002439690072833761,0.18530889068429174,0.943504010160843,1.127324684333152
383,12.766666666666666,0.0231805797666311,-0.06241274211164936,-0.13217675159437864,1.2977583521220608,-0.1338956356064511,0.7470230310872767,0.001718884012072458,0.1570762153730822,0.5507353210347841,12.53704766871217
384,12.8,0.0152627909556031,-0.04357371667248609,-0.07114036207919884,1.831091685455394,-0.07850418801819314,0.6469737105909552,0.007363825938994303,0.09376697897379624,1.1841179748644388,17.32823720615518
385,12.833333333333334,0.0469903871417045,-0.02160876338206758,-0.021608763382067575,1.4859479609139379,-0.027672495920274133,0.4182528795622291,0.006063732538206558,0.07466288306197863,1.0676950813517088,12.834400461148583
386,12.866666666666667,0.0624382346868515,-0.0012244354968018803,0.01014505753728591,0.9526146275806046,0.008479414094327927,0.46651709532201024,0.0016656434429579824,0.053958820592523576,0.4860975322585943,8.577628839675095
387,12.9,0.0597639121115207,0.013567365559663815,0.02412110067886162,0.41928129424727123,0.02208490322000138,-0.2865510257704782,0.002036197458860238,0.03767900889151932,0.7058323200177494,-1.037555773487426
388,12.933333333333334,0.037613283842802,0.01939933926304177,0.020319366042659548,-0.1140520390860621,0.020226258395796032,-0.05015086152207815,9.310764686351614e-05,0.017387025447005967,-0.06390117756398395,-0.6825252801306374
389,12.966666666666667,0.0898507460951805,0.03648626217332762,0.03429540918423526,0.41928129424727123,0.032020682281499374,-0.4305785968474585,0.002274726902735884,0.057830063813681123,0.8498598910947297,-2.581002821012694
390,13.0,0.0707824006676673,0.044804271719532156,0.044804271719532156,0.31526587605890694,0.04225725662243901,-0.5288196900413777,0.0025470150970931457,0.028525144045228296,0.8440855661002846,-3.6718931840664784
391,13.033333333333333,0.0604896917939186,0.048608533063313114,0.048608533063313114,0.11412784031342876,0.04696349243923937,-0.37571852511811255,0.0016450406240737445,0.013526199354679233,0.4898463654315413,-2.912082520885589
392,13.066666666666666,0.0340902991592884,0.04508735506749767,0.04508735506749767,-0.10563533987446333,0.04493191121902487,-0.07986660475594343,0.00015544384847279713,-0.010841612059736473,-0.025768735118519903,-0.9772535395463942
393,13.1,0.0580822266638278,0.04823906458161151,0.04823906458161151,0.09455128542341512,0.04762833181939777,-0.12585033742804214,0.0006107327622137393,0.010453894844430031,0.22040162285145726,-0.8430969587877913
394,13.133333333333333,0.0385752022266387,0.04589524096615879,0.04589524096615879,-0.07031470846358157,0.046015306177513836,0.00570268242498824,-0.00012006521135504711,-0.007440103950875139,-0.0760173908885698,-0.13794053549442473
395,13.166666666666666,0.0535798333585262,0.04775902259536327,0.04775902259536327,0.055913448876134475,0.04749418998200764,-0.049184080770576705,0.00026483261335562974,0.006085643376518561,0.10509752964671118,-0.27927010680200204
396,13.2,0.090215116739273,0.05805610593732272,0.05805610593732272,0.3089125002587836,0.05632952740936971,-0.32720632066820954,0.001726578527953014,0.03388558932990329,0.6361188209269931,-1.976427184767348
397,13.233333333333333,-0.0941173657774925,0.02114873251358216,0.0505754115015044,-0.22442083307454974,0.05107957585235158,0.0515836323786133,-0.0005041643508471791,-0.1451969416298441,-0.27600446545316304,-0.14413454733891065
398,13.266666666666666,0.0837953314185142,0.03634271733535659,0.03634271733535659,-0.42698082498443424,0.03873862922046376,0.4501733730996633,-0.0023959118851071687,0.045056702198050434,-0.8771541980840976,2.6973033859708417
399,13.299999999999999,0.0868781730532646,0.048599327599300204,0.03988780094698656,0.10635250834889909,0.04026219727501645,0.12738519012065697,-0.00037439632802988704,0.04661597577824816,-0.021032681771757877,1.3558590271628805
400,13.333333333333334,0.0590688027441501,0.05113854040930752,0.05113854040930752,0.33752218386962884,0.04956979711830729,-0.27288118793988025,0.0015687432910002283,0.009499005625842806,0.6104033718095091,-1.4191726297214826
401,13.366666666666667,0.0062749348580837,0.04025755159729231,0.0446115020938507,-0.19581114946370448,0.04505261437484925,0.04785227925964297,-0.0004411122809985443,-0.03877767951676555,-0.24366342872334745,-0.0920002660300493
402,13.4,-0.0303611904382705,0.02313004406492933,0.02313004406492933,-0.6444437408676411,0.02591802529115911,0.4040486507250258,-0.00278798122622978,-0.05627921572942961,-1.048492391592667,1.4688688528450846
403,13.433333333333334,0.0618276931345462,0.03251557341336811,0.01942636381378574,-0.11111040753430779,0.02097119563650523,0.3340891164133527,-0.0015448318227194897,0.04085649749804097,-0.4451995239476605,2.4993895798545736
404,13.466666666666667,0.0085631338879466,0.026706271568490578,0.026706271568490578,0.2183972326411452,0.026205967826264064,-0.04829702265708058,0.0005003037422265134,-0.017642833938317462,0.26669425529822577,0.1726786490451349
405,13.5,0.0493731163442134,0.0322037718558164,0.0322037718558164,0.16492500861977477,0.03118971328105834,-0.19280420081437577,0.0010140585747580623,0.018183403063155062,0.35772920943415054,-1.1908759314806265
406,13.533333333333333,0.0100371669977903,0.026827597192699865,0.026827597192699865,-0.1612852398934962,0.027278014567381485,0.05887102451040341,-0.00045041737468162063,-0.017240847569591183,-0.2201562644038996,0.08124827516138536
407,13.566666666666666,0.0066353450529277,0.021930271912604143,0.021930271912604143,-0.14691975840287166,0.022851144817934547,0.17766090077280905,-0.0009208729053304041,-0.016215799765006846,-0.3245806591756807,1.1168886073226405
408,13.6,-0.1433282196521759,-0.018150675120370784,-0.0007448311452693569,-0.680253091736205,0.0019199303024529843,0.3121375581538426,-0.0026647614477223413,-0.1452481499546289,-0.9923906498900475,0.40819700396267616
409,13.633333333333333,-0.2302535623311996,-0.06959302163668186,-0.041197711980920634,-1.2135864250695383,-0.040144243842960635,-0.7689744947424775,-0.0010534681379599994,-0.19010931848823895,-0.4446119303270608,-12.068045938166359
410,13.666666666666666,-0.1989150047302246,-0.10095811220172393,-0.0994283705943497,-1.7469197584028717,-0.09262826453851424,-0.33897462833506076,-0.0068001060558354615,-0.10628674019171037,-1.407945130067811,-12.906102862575601
411,13.7,-0.1136841922998428,-0.10404463040433111,-0.13988125143000096,-1.2135864250695385,-0.13746393436611332,-0.705940304805981,-0.0024173170638876473,0.02377974206627051,-0.5076461202635575,-12.574204519247349
412,13.733333333333333,-0.2429046183824539,-0.1377230197594039,-0.16255635448787448,-0.6802530917362052,-0.15995362366072552,0.23240968769188086,-0.002602730827148958,-0.08295099472172837,-0.912662779428086,-0.511878096927371
413,13.766666666666666,-0.4315206110477447,-0.20897918083980216,-0.20300923532352577,-1.2135864250695385,-0.2019531958915641,-0.7656696141336911,-0.0010560394319616695,-0.2295674151561806,-0.44791681093584745,-12.029906974439625
414,13.799999999999999,-0.1445350497961044,-0.19334923179154986,-0.22568433838139929,-0.6802530917362052,-0.22302517985810263,0.3049361271719848,-0.002659158523296651,0.07849013006199823,-0.98518921890819,0.3250910925819481
415,13.833333333333334,-0.1912250071763992,-0.19283403324725829,-0.23058166366149502,-0.14691975840287186,-0.22897728300699252,0.3293555992320998,-0.0016043806545024963,0.03775227583059332,-0.47627535763497164,2.3369224151220793
416,13.866666666666667,-0.1362166553735733,-0.17910234477416367,-0.21770121116381297,0.38641357493046147,-0.21907828767423426,-0.21252256814332438,0.0013770765104212934,0.08286163230066096,0.5989361430737858,-0.792149400155943
417,13.9,-0.1398272067308426,-0.16957675421163537,-0.18704298088835314,0.9197469082637948,-0.18899773991020002,0.15592061373446053,0.0019547590218468858,0.049170533179357434,0.7638262945293343,4.9932851531207
418,13.933333333333334,0.038167018443346,-0.11919164498442968,-0.13860697283511553,1.453080241597128,-0.14208072264719515,0.6060778530446693,0.003473749812079624,0.18024774109054115,0.8470023885524587,12.664524089783281
419,13.966666666666667,-0.0228028781712055,-0.09581400780140961,-0.09581400780140961,1.2837889510111775,-0.09777374922596693,0.731307006433715,0.001959741424557321,0.07497087105476144,0.5524819445774625,12.55126186606269
420,14.0,0.0872042477130889,-0.051425698699189525,-0.05142569869918952,1.3316492730666027,-0.05337688806845013,0.7269942186807659,0.0019511893692606141,0.14058113578153902,0.6046550543858369,12.555162522723824
421,14.033333333333333,0.0850080922245979,-0.018335746735173616,-0.018335746735173616,0.9926985589204771,-0.020056195748263304,0.3216787183314861,0.001720449013089688,0.10506428797286121,0.671019840588991,6.906165855022987
422,14.066666666666666,0.0541261062026023,-0.0007612205367922356,-0.0007612205367922356,0.5272357859514414,-0.0035273207772037545,-0.4463382598377148,0.002766100240411519,0.057653426979806056,0.9735740457891562,-2.1670963575303617
423,14.1,0.125405803322792,0.029838682395528896,0.029838682395528896,0.917997087969634,0.027936451857776906,0.22668311487169351,0.00190223053775199,0.09746935146501509,0.6913139730979405,5.809898151760052
424,14.133333333333333,0.0375201292335987,0.03170170111812568,0.04266080755007225,0.38466375463630065,0.04050963325821979,-0.34673867811870696,0.0021511742918524576,-0.002989504024621087,0.7314024327550076,-1.715094926327412
425,14.166666666666666,0.0235504563897848,0.029724740024532622,0.037705154926837826,-0.14866957869703268,0.03770879708558608,-0.0414804353016127,-3.6421587482557416e-06,-0.014158340695801283,-0.10718914339541998,-0.7138120990425563
426,14.2,-0.0521056912839412,0.009878006873911067,0.014971724525825625,-0.682002912030366,0.017669457689436313,0.3577637722796789,-0.0026977331636106883,-0.06977514897337751,-1.0397666843100448,0.934732371354538
427,14.233333333333333,0.1181288585066795,0.03613261327558359,0.010016071902591201,-0.14866957869703268,0.011692455042625841,0.35139318396512365,-0.0016763831400346402,0.10643640346405366,-0.5000627626621563,2.5374018199210013
428,14.266666666666666,0.1378477811813354,0.06080208846368611,0.022838197057134555,0.38466375463630065,0.02150729200646955,-0.2007619115293715,0.0013309050506650037,0.11634048917486584,0.5854256661656722,-0.693534225957047
429,14.299999999999999,0.1178927421569824,0.07464856282692298,0.05343809998945569,0.917997087969634,0.05147637772409406,0.15021848000950222,0.0019617222653616276,0.06641636443288834,0.7677786079601318,4.927481423109097
430,14.333333333333334,0.1065718308091163,0.08239106852813347,0.08239106852813347,0.8685890561603333,0.0803129213326667,0.09228031394333602,0.00207814719546677,0.0262589094764496,0.7763087422169973,4.258863740486493
431,14.366666666666667,0.0711543932557106,0.0796657829336914,0.09356625928903346,0.335255722827,0.09150006056907029,-0.35236313555746634,0.0020661987199631776,-0.020345667313359683,0.6876188583844663,-1.9307741148002695
432,14.4,0.0717330351471901,0.07774181496783306,0.08696367227215568,-0.19807761050633332,0.08723753804470767,0.007136473145493372,-0.00027386577255199274,-0.015504502897517577,-0.2052140836518267,-0.4377454730072125
433,14.433333333333334,0.0988934934139251,0.08287183458394465,0.08287183458394465,-0.12275513064633092,0.08357742637912742,0.13024253933311392,-0.0007055917951827723,0.015316067034797681,-0.25299766997944484,0.7697791306063408
434,14.466666666666667,0.1251219809055328,0.09311896839726042,0.09311896839726042,0.307414014399473,0.09177532032670468,-0.2331150880397812,0.0013436480705557308,0.033346660578828125,0.5405291024392542,-1.1832180282658191
435,14.5,0.2214605063199997,0.12424626681868785,0.12114387998835396,0.8407473477328063,0.11895977135086003,0.00776317877669408,0.0021841086374939367,0.10250073496913967,0.8329841689561123,3.283519595273355
436,14.533333333333333,0.1662698239088058,0.13443844484184236,0.13443844484184236,0.398836945604652,0.1319289876527785,-0.44825538239004037,0.0025094571890638684,0.034340836256027296,0.8470923279946924,-2.6053686134610756
437,14.566666666666666,-0.1493550539016723,0.06560862506230837,0.12995523191755298,-0.13449638772868133,0.1297089234470849,-0.10237644739707558,0.0002463084704680818,-0.2790639773487572,-0.032119940331605756,-1.207303470958173
438,14.6,0.0817894488573074,0.06953303908385977,0.10769424121548582,-0.6678297210620147,0.11044323399905451,0.3973418672687876,-0.002748992783568688,-0.0286537851417471,-1.0651715883308022,1.391471269924691
439,14.633333333333333,-0.2651814222335815,-0.011646889815444386,0.06765547273564089,-1.201163054395348,0.06874129863524611,-0.7504432184954349,-0.0010858258996052222,-0.33392272086882757,-0.45071983589991305,-11.854191413220109
440,14.666666666666666,-0.4756373465061188,-0.12418075565395001,0.009838926478018185,-1.7344963877286812,0.016496082163023063,-0.3504323863369565,-0.006657155685004877,-0.49213342866914184,-1.3840640013917247,-12.895740010835201
441,14.7,-0.1155660077929496,-0.12209137888758977,-0.05682774018864848,-2.0,-0.04793839486419016,-1.732137243265586,-0.008889345324458321,-0.06762761292875943,-0.26786275673441406,-32.303493957065086
442,14.733333333333333,-0.2673432826995849,-0.1573200307287282,-0.12349440685531515,-2.0,-0.11423976962729893,-1.9561649715730531,-0.009254637228016227,-0.15310351307228598,-0.043835028426946865,-35.395076607708134
443,14.766666666666666,-0.2030155509710312,-0.16840278786352897,-0.17238329574420405,-1.4666666666666668,-0.16580052576751678,-0.38327259634931043,-0.006582769976687275,-0.03721502520351441,-1.0833940703173564,-12.866038019623177
444,14.799999999999999,-0.3737671077251434,-0.21821079681300992,-0.21821079681300992,-1.3748250320641762,-0.2138566137177317,-0.5514255688468295,-0.0043541830952782135,-0.15991049400741167,-0.8233994632173467,-12.713953787837895
445,14.833333333333334,0.0076747615821659,-0.1634256719106564,-0.246260520104038,-0.8414916987308428,-0.2442033521249135,-0.1695382952004989,-0.0020571679791245023,0.2518781137070794,-0.6719534035303439,-5.150435840529719
446,14.866666666666667,-0.1850981563329696,-0.16868200513734088,-0.2565324656172883,-0.3081583653975095,-0.25469374086952695,0.29715256796943834,-0.0018387247477613666,0.06959558453655734,-0.6053109333669479,1.503466045356144
447,14.9,-0.0335281454026699,-0.13590248111993805,-0.24902663335276085,0.2251749679358238,-0.2495446534819484,-0.060117494944292194,0.0005180201291875575,0.2160165080792785,0.285292462880116,0.05344425713838527
448,14.933333333333334,0.0364893861114978,-0.09409144173555456,-0.22374302331045562,0.7585083012691571,-0.22619866780223913,-0.1886035971588359,0.0024556444917835096,0.26268805391373695,0.947111898427993,1.017408884759207
449,14.966666666666667,0.0295494813472032,-0.06410420633079736,-0.1806816354903726,1.2918416346024904,-0.18233265728516826,0.7524642798402842,0.0016510217947956485,0.21188213863237146,0.5393773547622062,12.532126387070452
450,15.0,-0.0908306762576103,-0.07058630728289927,-0.11984246989251182,1.8251749679358236,-0.12717006098402042,0.6195115561377413,0.007327591091508601,0.03633938472641013,1.2056634117980822,16.94925947470083
451,15.033333333333333,0.0645964592695236,-0.037799772354164526,-0.053175803225845156,2.0,-0.06217486352322771,1.7994236952951272,0.008999060297382552,0.12677132279275133,0.20057630470487275,33.23204699507276
452,15.066666666666666,-0.0464930571615695,-0.03990819706873709,-0.004286914336956264,1.4666666666666668,-0.010766806140522221,0.39059903884838154,0.006479891803565957,-0.035726251021047276,1.0760676278182852,12.859411693828033
453,15.1,0.0728681534528732,-0.012555999375119632,0.02682419677415485,0.9333333333333335,0.025120165181927865,0.4529634606972416,0.0017040315922269844,0.04774798827094534,0.4803698726360919,8.421217265246295
454,15.133333333333333,-0.0312464218586683,-0.01708907859237356,0.04015753010748819,0.40000000000000013,0.038201094156758576,-0.2737265077010982,0.0019564359507296125,-0.06944751601542687,0.6737265077010983,-0.9811542174140113
455,15.166666666666666,0.0448849275708198,-0.0020582209648578494,0.03571308566304375,-0.1333333333333332,0.03575015344526669,-0.024397732515463316,-3.706778222294094e-05,0.009134774125553108,-0.10893560081786988,-0.5147872242426954
456,15.2,0.0800142064690589,0.017847204684976435,0.017847204684976435,-0.5359764293420195,0.020646479185928688,0.5158743383979181,-0.002799274500952253,0.05936772728313021,-1.0518507677399376,2.9773481475982893
457,15.233333333333333,-0.2132710218429565,-0.038207024711096604,-0.017796454070868654,-1.0693097626753527,-0.016332231904843505,-0.5088142758612254,-0.0014642221660251496,-0.19693878993811298,-0.5604954868141273,-9.065746513287738
458,15.266666666666666,0.1039886176586151,-0.0037196228464476955,-0.03566233504893597,-0.5359764293420194,-0.033095799384664226,0.3795104964167477,-0.0025665356642717435,0.13708441704327934,-0.9154869257587671,1.5225033950584463
459,15.299999999999999,0.1926798969507217,0.043914109470456236,-0.035750438249225504,-0.0026430960086860633,-0.03484422371045372,0.21294147048574563,-0.0009062145387717865,0.22752412066117544,-0.2155845664944317,1.7590113530152656
460,15.333333333333334,0.0685684531927108,0.049893647559590304,-0.018060763671737264,0.5306902373246473,-0.020452869182889428,-0.4155234518944355,0.0023921055111521643,0.08902132237560022,0.9462136892190828,-2.135204975962905
461,15.366666666666667,0.1315589696168899,0.06970033595917785,0.017406688683528758,1.0640235706579806,0.015910334520267237,0.4773263788959857,0.0014963541632615207,0.11564863509662265,0.5866971917619949,8.70237007027926
462,15.4,0.1907093673944473,0.09904924586113838,0.07065191881657255,1.5973569039913138,0.06555129837968479,0.475383678224395,0.005100620436887762,0.1251580690147625,1.1219732257669188,12.782729096100638
463,15.433333333333334,0.1981734782457351,0.12309032883528581,0.12309032883528581,1.5731523005613977,0.11684276077582931,0.3961932327936073,0.006247568059456504,0.0813307174699058,1.1769590677677904,12.854352082475469
464,15.466666666666667,0.1746144890785217,0.13558673442433317,0.15775096107622127,1.0398189672280642,0.15634457792721038,0.6378903930084177,0.001406383149010898,0.018269911151311324,0.40192857421964656,10.555309959778622
465,15.5,0.1484332382678985,0.13870245958458016,0.17463381553937896,0.5064856338947309,0.1723687513903922,-0.3020493673868089,0.0022650641489867507,-0.0239355131224937,0.8085350012815398,-0.8948464749322261
466,15.533333333333333,0.1747089922428131,0.1474352993597151,0.17373889222475888,-0.026847699438602435,0.17312699474439175,-0.1474372542750676,0.0006118974803671351,0.0015819974984213614,0.12058955483646516,-1.2713551856394223
467,15.566666666666666,0.1026447266340255,0.13657202355466364,0.15506619113236103,-0.5601810327719358,0.1577387026520974,0.4764710095320712,-0.0026725115197363813,-0.05509397601807191,-1.036652042304007,2.580001913638956
468,15.6,0.0507977567613124,0.11576877277109385,0.1186157122621854,-1.093514366105269,0.12001534334486762,-0.5469087110978227,-0.0013996310826822206,-0.06921758658355522,-0.5466056550074464,-9.50536369032477
469,15.633333333333333,0.0562099255621433,0.10132367541044633,0.09994301116978754,-0.5601810327719358,0.10258441978660907,0.3874698493871762,-0.0026414086168215223,-0.04637449422446577,-0.947650882159112,1.5171248698055422
470,15.666666666666666,0.0536988712847232,0.08977299965669445,0.08977299965669445,-0.3051003453927927,0.0922920444720707,0.5134856260133496,-0.0025190448153762507,-0.03859317318734751,-0.8185859714061423,3.5237568397778123
471,15.7,0.0931490063667297,0.09059179901064383,0.09059179901064383,0.024563980618481362,0.09148625533200974,0.23382639107423264,-0.0008944563213659079,0.0016627510347199531,-0.20926241045575128,2.063165760771288
472,15.733333333333333,0.1204364001750946,0.09783015552210765,0.09783015552210765,0.2171506953439145,0.09710599643341598,-0.10187597786740138,0.0007241590886916671,0.02333040374167862,0.3190266732113159,-0.2764057671700425
473,15.766666666666666,0.101852960884571,0.0988058261041767,0.0988058261041767,0.02927011746207131,0.0984056322500859,-0.08605855027300613,0.0004001938540907912,0.003447328634485103,0.11532866773507744,-0.6408238025953836
474,15.799999999999999,0.1102837175130844,0.10158961502330968,0.10158961502330968,0.08351366757398962,0.10098325817924843,-0.12419739759998477,0.0006063568440612538,0.00930045933383597,0.2077110651739744,-0.8418749117569435
475,15.833333333333334,0.0970037579536438,0.1004773847677284,0.1004773847677284,-0.03336690766743852,0.10040578584172051,-0.029675164603832717,7.159892600788753e-05,-0.0034020278880767113,-0.0036917430636058055,-0.3421498740411632
476,15.866666666666667,0.2330378144979477,0.13262791157199008,0.1171429322899249,0.4999664256658948,0.11446963799479441,-0.5013555508139269,0.0026732942951304822,0.11856817650315328,1.0013219764798218,-2.966185909322899
477,15.9,0.3067972064018249,0.17487003913073496,0.15158625758989916,1.033299758999228,0.15001290154449481,0.4353801868775378,0.001573356045404345,0.15678430485733008,0.5979195721216903,8.218302872325697
478,15.933333333333334,0.2047652155160904,0.18212066189690718,0.18212066189690718,0.9160321292102406,0.1801633195581523,0.1594950098592518,0.001957342338754886,0.024601895957938102,0.7565371193509888,5.03453437821706
479,15.966666666666667,0.2997465133666992,0.2106490326803307,0.2106490326803307,0.8558511235027055,0.20853394689690316,0.06844514349085717,0.002115085783427534,0.09121256646979606,0.7874059800118484,3.983801246885106
480,16.0,0.005008915439248,0.16077413324883194,0.22139962568597643,0.3225177901693722,0.21936829195876426,-0.34963696393615185,0.0020313337272121756,-0.21435937651951625,0.672154754105524,-1.9472926294881858
481,16.03333333333333,0.2241109013557434,0.17613550816939283,0.2143724409138444,-0.21081554316396112,0.21472284727196267,0.02155581074145571,-0.0003504063581182826,0.00938805408378074,-0.23237135390541683,-0.3498880718701721
482,16.066666666666666,0.1556897163391113,0.17117669067301314,0.18956747836393456,-0.7441488764972944,0.19207150685016186,0.22413999972444842,-0.0025040284862273,-0.03638179051105056,-0.9682888762217429,-0.6073119012780722
483,16.1,0.1928212493658065,0.1764262509364741,0.1764262509364741,-0.39423682282381384,0.1792162354443156,0.5372264191257701,-0.002789984507841514,0.013605013921490883,-0.9314632419495839,3.4400920388965797
484,16.133333333333333,0.1519491523504257,0.17048970097369207,0.17048970097369207,-0.17809649888346102,0.172526662610612,0.4481134828935185,-0.0020369616369199373,-0.02057751026018631,-0.6262099817769795,3.346002706216149
485,16.166666666666668,0.2529076039791107,0.19047891649690255,0.1823309287886878,0.3552368344498723,0.18132558043497693,-0.1266436991140008,0.0010053483537108832,0.07158202354413379,0.4818805335638731,-0.12940623019072178
486,16.2,0.1555727273225784,0.18201294838735663,0.18201294838735663,-0.00953941203993558,0.18173663998041212,-0.06505932577004325,0.00027630840694450876,-0.026163912657833716,0.05551991373010767,-0.5519731074024621
487,16.233333333333334,0.2119258493185043,0.1892678699739668,0.1892678699739668,0.21764764759830524,0.18800223305865715,-0.2441338318938875,0.001265636915309648,0.023923616259847152,0.4617814794921927,-1.5132308201847542
488,16.266666666666666,0.3058271408081054,0.21753755775986783,0.21430056933835476,0.7509809809316386,0.21185419396314656,-0.16271910565571746,0.0024463753752081985,0.09397294684495885,0.913700086587356,1.3161209410730874
489,16.3,0.2097163647413253,0.21564064571533306,0.22155549092496493,0.21764764759830524,0.21976934728254557,-0.34068110421443343,0.0017861436424193577,-0.010052982541220279,0.5583287518127387,-2.2095285798925635
490,16.333333333333332,0.2570366561412811,0.2256806217888682,0.2256806217888682,0.12375392591709777,0.22432878114537805,-0.29521167269122517,0.001351840643490143,0.032707874995903025,0.41896559860832294,-2.186296451467612
491,16.366666666666667,0.2308809161186218,0.22694187450643297,0.22694187450643297,0.037837581526943276,0.22617305142603253,-0.18249390747522393,0.0007688230804004381,0.00470786469258927,0.2203314890021672,-1.4666362044616215
492,16.4,0.1876156777143478,0.21740390041682897,0.21740390041682897,-0.28613922268811987,0.21856875343284352,0.19151615581088055,-0.0011648530160145443,-0.030953075718495704,-0.4776553784990004,0.8693664658993487
493,16.433333333333334,0.1231177002191543,0.19453620895794804,0.19453620895794804,-0.6860307437664279,0.19717418474125917,0.2884334583345717,-0.002637975783311125,-0.07405648452210487,-0.9744642021009996,0.13464709091026977
494,16.466666666666665,0.150203064084053,0.18378387535819923,0.18378387535819923,-0.32257000799246427,0.18629029559008708,0.4943825774590882,-0.0025064202318878515,-0.03608723150603407,-0.8169525854515525,3.277535487769646
495,16.5,0.2186836004257202,0.1922482756964316,0.1908093195362282,0.21076332534086906,0.19070244428692235,0.04457128079481304,0.00010687524930586001,0.02798115613879784,0.16619204454605602,0.932720232990456
496,16.53333333333333,0.1855685114860534,0.19062819994132899,0.19062819994132899,-0.0054335878469766175,0.1906828882655411,0.018542826468129762,-5.468832421212655e-05,-0.0051143767794877,-0.02397641431510638,0.16885183930748845
497,16.566666666666666,0.1757511049509048,0.18701998561800032,0.18701998561800032,-0.10824642969986004,0.1876190256472182,0.11406250230743276,-0.0005990400292178732,-0.0118679206963134,-0.2223089320072928,0.6908740328385166
498,16.6,0.215291678905487,0.19387685711948124,0.19387685711948124,0.2057061450444278,0.19303041161379045,-0.1426207404513316,0.000846445505690796,0.022261267291696557,0.3483268854957594,-0.6771238233642717
499,16.633333333333333,0.1349729299545288,0.17959060070761507,0.1829559508431844,-0.3276271882889055,0.1843657475695333,0.24439940613997124,-0.0014097967263489164,-0.0493928176150045,-0.5720265944288767,1.2322304650483642
500,16.666666666666668,0.0344805493950843,0.1443963530442208,0.15425726678910975,-0.8609605216222389,0.15638030557879196,-0.048739975373166544,-0.0021230387896822023,-0.12189975618370766,-0.8122205462490724,-3.7563997818906256
501,16.7,0.0357016958296299,0.11803410831274425,0.11803410831274425,-1.0866947542909653,0.1194761950596151,-0.5049978876923649,-0.001442086746870852,-0.0837744992299852,-0.5816968665986004,-9.02170465303041
502,16.733333333333334,0.0486877635121345,0.10121520148038866,0.09958872761415652,-0.553361420957632,0.10224639350875751,0.39726624234637153,-0.002657665894600994,-0.05355862999662301,-0.9506276633040035,1.6313146679938844
503,16.766666666666666,0.0514945276081562,0.08915620422677045,0.08915620422677045,-0.312975701621582,0.09173005144302056,0.5252062875192551,-0.0025738472162501053,-0.04023552383486436,-0.8381819891408371,3.605484382657935
504,16.8,0.0151372868567705,0.07120403560624197,0.07120403560624197,-0.5385650586158545,0.07420913796777372,0.48660046458842365,-0.0030051023615317446,-0.059071851111003215,-1.025165523204278,2.4215328087356394
505,16.833333333333332,-0.0343163795769214,0.04561165525829465,0.04561165525829465,-0.7677714104384197,0.04793747523157253,0.03893290341579425,-0.0023258199732778817,-0.08225385480849393,-0.8067043138542139,-2.744637742723161
506,16.866666666666667,0.0184631794691085,0.03902720316854632,0.0377970526881251,-0.23443807710508635,0.03951849163259402,0.30860777048680266,-0.0017214389444689185,-0.021055312163485523,-0.543045847591889,1.8539428955040438
507,16.9,0.1134641841053962,0.05708076678258266,0.04776022789573334,0.298895256228247,0.046844056789744556,-0.1312745203184043,0.0009161711059887806,0.06662012731565164,0.4301697765466513,-0.3462292995755827
508,16.933333333333334,0.2029566913843155,0.09246076542583773,0.07550118088111935,0.8322285895615803,0.07327477043220271,-0.03079623657926911,0.002226410448916638,0.12968192095211278,0.8630248261408494,2.83853645740282
509,16.966666666666665,0.1786383539438247,0.11336183579210676,0.11336183579210676,1.1358196473296225,0.11206579054573779,0.6015277037195081,0.0012960452463689764,0.06657256339808693,0.5342919436101143,10.135677467122385
510,17.0,0.2060138136148452,0.13583317133711173,0.13583317133711173,0.674140066350149,0.13316632157429517,-0.3034757272391886,0.002666849762816559,0.07284749204055002,0.9776157935893376,-0.30823779388324174
511,17.03333333333333,0.1038220301270484,0.12806935331386243,0.14052672910433892,0.14080673301681568,0.1389545341793237,-0.32306646624206947,0.0015721949250152023,-0.03513250405227532,0.46387319925888515,-2.298233384388819
512,17.066666666666666,0.1042435616254806,0.12229076798588012,0.12744250909378832,-0.39252660031651765,0.12886451631864212,0.2216911182675948,-0.0014220072248538052,-0.02462095469316153,-0.6142177185841124,0.8542116697699839
513,17.1,0.0059563512913882,0.09407561516986772,0.09658051130545996,-0.925859933649851,0.09851576789549694,-0.16964112284615745,-0.0019352565900369878,-0.09255941660410874,-0.7562188108036936,-5.151622491520211
514,17.133333333333333,0.0100297210738062,0.07369155503651728,0.07369155503651728,-0.6866686880682803,0.07629575516721454,0.2462057007136399,-0.0026042001306972595,-0.06626603409340834,-0.9328743887819202,-0.35266942874989216
515,17.166666666666668,0.0415757931768894,0.06590236285745883,0.06590236285745883,-0.2336757653717535,0.06789068484481137,0.39118941958600995,-0.0019883219873525343,-0.026314891667921968,-0.6248651849577634,2.617869300879563
516,17.2,0.0870401039719581,0.07102900218464207,0.07102900218464207,0.15379917981549723,0.07101360371547552,0.04808493176886031,1.539846916655263e-05,0.016026500256482584,0.10571424804663693,0.8128301919206594
517,17.233333333333334,0.0110843665897846,0.05649033768735268,0.05837786373404753,-0.3795341535178361,0.06042056107097684,0.38793909404980287,-0.002042697336929307,-0.04933619448119224,-0.7674732475676389,2.329356335705027
518,17.266666666666666,0.0079028503969311,0.04470617769585626,0.04470617769585626,-0.41015058114573816,0.04766261382162851,0.5994827677669008,-0.0029564361257722466,-0.039759763424697406,-1.009633348912639,4.0262576988105865
519,17.3,-0.1354156583547592,0.0010203513164175892,0.013256713879887215,-0.9434839144790714,0.015077508919920886,-0.28404781201250573,-0.0018207950400336709,-0.15049316727468007,-0.6594361024665657,-6.471897891669586
520,17.333333333333332,0.0195534881204366,0.005515283271581795,-0.0004149721583040552,-0.4101505811457381,0.0017943723409643724,0.34845792577461343,-0.0022093444992684276,0.017759115779472225,-0.7586085069203515,1.6470830434572694
521,17.366666666666667,-0.0070544863119721,0.0024666758195548352,0.0024666758195548352,0.08644943933576671,0.002803144470032993,0.10453848609083241,-0.0003364686504781578,-0.009857630782005092,-0.018089046755065702,1.0841455612821083
522,17.4,-0.0144913643598556,-0.0016462402779975583,-0.0016462402779975583,-0.12338748292657181,-0.0008231707287129682,0.16810079051019966,-0.0008230695492845901,-0.013668193631142632,-0.2914882734367715,1.1232285827889958
523,17.433333333333334,0.0307167842984199,0.00620292173232967,0.00620292173232967,0.23547486030981685,0.005299785158761951,-0.1457292650637197,0.0009031365735677191,0.025416999139657948,0.38120412537353654,-0.6217450910768701
524,17.466666666666665,0.1043868586421012,0.030015950264221457,0.030015950264221457,0.7143908559567537,0.027448962755585875,-0.2498294579028505,0.0025669875086355813,0.07693789588651533,0.9642203138596042,0.31085056738879757
525,17.5,0.0779833570122718,0.04164971910099033,0.04164971910099033,0.3490130651030662,0.03905842480402647,-0.5041638339490695,0.002591294296963857,0.038924932208245326,0.8531768990521357,-3.2820959669953123
526,17.53333333333333,0.0616008378565311,0.046488561126702285,0.046488561126702285,0.1451652607713587,0.04469766299882357,-0.39830873827343183,0.0017908981278787137,0.01690317485770753,0.5434739990447905,-3.01037010706475
527,17.566666666666666,0.1134838536381721,0.06273725579397929,0.06273725579397929,0.48746084001831025,0.059552230468311394,-0.6230043973312465,0.0031850253256678965,0.0539316231698607,1.1104652373495567,-3.9956606695823558
528,17.6,0.0360651314258575,0.05626833553497673,0.06120817268347852,-0.04587249331502308,0.060182621172024234,-0.271612347831633,0.0010255515114542882,-0.02411748974616673,0.22573985451660994,-2.432678252098077
529,17.633333333333333,-0.3777976334095001,-0.04900779851021832,0.04190131179519997,-0.5792058266483564,0.04446398077065613,0.4382041470026645,-0.0025626689754561574,-0.42226161418015623,-1.017409973651021,2.187742920831135
530,17.666666666666668,0.1192932203412056,-0.008188932512428491,0.004816673129143655,-1.1125391599816896,0.006165958784877148,-0.5763070896973466,-0.001349285655733493,0.11312726155632845,-0.536232070284343,-9.844626685802186
531,17.7,0.0998322516679763,0.018009971523173626,-0.014490187759134888,-0.5792058266483563,-0.011789277565060086,0.39393587825274046,-0.002700910194074802,0.11162152923303638,-0.9731417049010967,1.5148626444028908
532,17.733333333333334,0.1183246299624443,0.042339774327644304,-0.016019270869635654,-0.045872493315022966,-0.014844781126469067,0.2642126993660099,-0.0011744897431665863,0.13316941108891336,-0.31008519268103285,2.0778460200682227
533,17.766666666666666,0.0657983720302581,0.04802930230943496,0.00022942379764135865,0.48746084001831036,-0.001829985987392973,-0.3470679072311036,0.0020594097850343317,0.06762835801765107,0.834528747249414,-1.665956978533499
534,17.8,0.1695410758256912,0.07750014469745706,0.03425589624269615,1.0207941733516437,0.03262100688707463,0.37950221177617843,0.0016348893556215188,0.13692006893861658,0.6412919615754653,7.573460193334995
535,17.833333333333332,0.0189834348857402,0.06330780199664034,0.06330780199664034,0.8715571726183257,0.06122467182195802,0.08036679376458356,0.0020831301746823197,-0.04224123693621781,0.7911903788537421,4.12137940512285
536,17.866666666666667,0.0364106148481369,0.05678429616509529,0.07458192997280674,0.33822383928499233,0.07248668029293953,-0.3597432209467173,0.0020952496798672116,-0.03607606544480263,0.6979670602317096,-1.990051273506449
537,17.9,0.0661557987332344,0.05905721233718641,0.06807828017119538,-0.195109494048341,0.06832320902782277,0.0007315852064255501,-0.0002449288566273855,-0.002167410294588362,-0.19584107925476654,-0.48516380071431825
538,17.933333333333334,-0.1152910813689231,0.016771671308967152,0.04379685259180624,-0.7284428273816743,0.046350575266178265,0.2588610214613538,-0.002553722674372025,-0.16164165663510138,-0.9873038488430281,-0.20662457083155272
539,17.966666666666665,-0.3150168657302856,-0.06369861892120635,0.0017376472346393168,-1.2617761607150078,0.003050676666043129,-0.7796261669115211,-0.0013130294314038123,-0.31806754239632873,-0.48214999380348667,-12.507560096818711
540,18.0,-0.0737263411283493,-0.06613069123918665,-0.05809933590030538,-1.795109494048341,-0.05095474989946978,-0.4806511878615487,-0.007144586000835604,-0.022771591228879527,-1.3144583061867923,-15.032986392489368
541,18.03333333333333,0.1101668253540992,-0.023372395688300386,-0.10015854125747231,-1.2617761607150078,-0.09699753739854396,-0.6480231458601432,-0.0031610038589283546,0.20716436275264316,-0.6137530148548646,-12.626587099790761
542,18.066666666666666,-0.2531198561191559,-0.07909416650502096,-0.12443996883686145,-0.7284428273816744,-0.12200712333722188,0.10349775667707728,-0.0024328454996395688,-0.131112732781934,-0.8319405840587517,-1.9995468035807662
543,18.1,0.0007181405089795,-0.05973689887103847,-0.13094361863847281,-0.1951094940483411,-0.12934064034308584,0.29670513886906313,-0.0016029782953869698,0.13005878085206535,-0.49181463291740424,1.8723224105148173
544,18.133333333333333,-0.3044993281364441,-0.1191003232261702,-0.11966949066230641,0.3382238392849922,-0.12082771923855667,-0.17736802189524503,0.001158228576250267,-0.18367160889788742,0.5155918611802373,-0.6314155463933955
545,18.166666666666668,0.1035581678152084,-0.06509787469012425,-0.09061758490836222,0.8715571726183255,-0.09272047363118568,0.05497115928354379,0.002102888722823465,0.19627864144639406,0.8165860133347818,3.828308853734456
546,18.2,0.2525315880775451,0.011938346279572964,-0.043787901376640265,1.4048905059516588,-0.046716256079530394,0.649873720852109,0.002928354702890129,0.2992478441570755,0.7550167850995497,12.624913366214518
547,18.233333333333334,0.0705113634467125,0.026144345477607432,0.02081955993285947,1.938223839284992,0.012802797577311363,1.142286438821011,0.008016762355548109,0.05770856586940113,0.795937400463981,24.16355285572995
548,18.266666666666666,0.0574512779712677,0.033737368330242164,0.06764924346458143,1.4048905059516588,0.06234035889971753,0.4803449022318058,0.0053088845648638985,-0.004889080928449828,0.924545603719853,12.778241967918044
549,18.3,-0.7632595300674438,-0.15956217209065662,0.0967011492185256,0.8715571726183254,0.09477031353576253,0.27611069269011984,0.001930835682763074,-0.8580298436032063,0.5954464799282055,6.380301994036713
550,18.333333333333332,-0.4405812919139862,-0.22771910823500535,0.10797527719469201,0.3382238392849921,0.1061145390825097,-0.2841590213530807,0.0018607381121823058,-0.5466958309964959,0.6223828606380728,-1.2826457582060034
551,18.366666666666667,-0.2553727328777313,-0.23442607653708739,0.10147162739308063,-0.19510949404834121,0.10184096635304216,0.03485427841983066,-0.00036933895996152377,-0.3572136992307735,-0.22996377246817187,-0.18319762085704067
552,18.4,-0.7363579273223877,-0.3561620535207732,0.07719019981369148,-0.7284428273816745,0.07973876543902075,0.2522326734898882,-0.002548565625329277,-0.8160966927614084,-0.9806755008715627,-0.2831169930327724
553,18.433333333333334,-0.181734561920166,-0.3138573042413807,0.03513099445652455,-1.2617761607150078,0.03644194800501163,-0.7797740003767045,-0.0013109535484870788,-0.21817650992517762,-0.48200216033830323,-12.507426390356965
554,18.466666666666665,-0.0992219373583793,-0.26180074309294193,-0.024705988678420145,-1.795109494048341,-0.01756174239030823,-0.4804428474383835,-0.007144246288111916,-0.08166019496807106,-1.3146666466099575,-15.030111294649693
555,18.5,-0.419289082288742,-0.2999971572187703,-0.09137265534508682,-2.0,-0.0824035989376321,-1.781022785678866,-0.008969056407454712,-0.3368854833511099,-0.21897721432113393,-32.97811444236835
556,18.53333333333333,-0.498261034488678,-0.34808306123594696,-0.15803932201175347,-2.0,-0.14877164027679762,-1.9641649606998626,-0.009267681734955846,-0.34948939421188036,-0.03583503930013743,-35.505476457658105
557,18.566666666666666,-0.4200139939785003,-0.36552882077294857,-0.22470598867842012,-2.0,-0.21538943770206764,-1.9941356910324042,-0.009316550976352478,-0.20462455627643267,-0.0058643089675958215,-35.91907253624718
558,18.6,0.0236452165991067,-0.27114054558768297,-0.273594877567309,-1.4666666666666668,-0.26698718525782694,-0.38149775886314896,-0.0066076923094820494,0.2906324018569336,-1.0851689078035178,-12.867643253188916
559,18.633333333333333,-0.6225160360336304,-0.35636135504744376,-0.34026154423397564,-2.0,-0.3313802934594972,-1.7271729842004326,-0.008881250774478433,-0.29113574257413316,-0.27282701579956736,-32.23498718196597
560,18.666666666666668,-0.5876190066337585,-0.4124493998821497,-0.4069282109006423,-2.0,-0.39767489832422304,-1.9553525837670984,-0.00925331257641926,-0.1899441083095355,-0.04464741623290158,-35.38386565598596
561,18.7,-0.4004869163036346,-0.40954808046338115,-0.45581709978953117,-1.4666666666666668,-0.44923486302895216,-0.38331056919659967,-0.006582236760579008,0.04874794672531757,-1.0833560974700671,-12.866003675470855
562,18.733333333333334,-0.6353737115859985,-0.46431867091237916,-0.48692821090064226,-0.9333333333333335,-0.48522842171275743,-0.45841621710549774,-0.001699789187884826,-0.1501452898732411,-0.4749171162278357,-8.484143132617218
563,18.766666666666666,-0.0253036022186279,-0.35784220759494323,-0.5002615442339756,-0.40000000000000013,-0.49831164097448455,0.2716209900785388,-0.0019499032594910704,0.4730080387558567,-0.6716209900785389,0.9614483160911529
564,18.8,0.1037380695343017,-0.24589289434690917,-0.4958170997895312,0.1333333333333332,-0.49585763321227694,0.023447190837750487,4.053342274573657e-05,0.5995957027465786,0.1098861424955827,0.506375477918361
565,18.833333333333332,0.2361074388027191,-0.12899100543384467,-0.473594877567309,0.6666666666666665,-0.4763353363285006,-0.38421443994645377,0.002740458761191611,0.7124427751312197,1.0508811066131203,-1.2399782104959252
566,18.866666666666667,-0.3491353690624237,-0.18238369040063362,-0.433594877567309,1.1999999999999997,-0.4346844133704076,0.7478335449034773,0.0010895358030985625,0.08554904430798388,0.4521664550965224,11.824075273412323
567,18.9,-0.4387988150119781,-0.2445732997253219,-0.37581709978953126,1.733333333333333,-0.38246114668348274,0.3514855307270903,0.006644046893951483,-0.05633766832849535,1.3818478026062426,12.894787505190198
568,18.933333333333334,-0.9438020586967468,-0.41416065700360494,-0.3358170997895313,1.1999999999999997,-0.33800102028505363,0.7239587706045323,0.0021839204955223512,-0.6058010384116932,0.47604122939546745,12.557907902611799
569,18.966666666666665,-0.3059866726398468,-0.3879246935951523,-0.3135948775673091,0.6666666666666664,-0.3162464886227624,-0.2700186071711568,0.0026516110554533068,0.010259815982915588,0.9366852738378232,0.07786386597197859
570,19.0,0.1138067543506622,-0.26623732128841004,-0.2735948775673091,1.1999999999999997,-0.27468809628653384,0.7430998979221068,0.0010932187192247422,0.388494850637196,0.4569001020778929,11.769448068412025
571,19.03333333333333,-0.3449308276176452,-0.2853232407419636,-0.2513726553450869,0.6666666666666664,-0.25406947818319003,-0.32812924861141424,0.00269682283810313,-0.09086134943445517,0.9947959152780806,-0.5927442159463845
572,19.066666666666666,-0.3072325885295868,-0.29063702159454097,-0.24692821090064246,0.13333333333333308,-0.24849273280159181,-0.32558684366042345,0.001564521900949356,-0.05873985572799498,0.45892017699375653,-2.346483102200698
573,19.1,-0.138312429189682,-0.2536929961336441,-0.2536929961336441,-0.20294355699004923,-0.25326881706097776,0.035740684931662936,-0.0004241790726663419,0.11495638787129575,-0.23868424192171217,-0.23438757068390265
574,19.133333333333333,-0.1192259714007377,-0.2210800535552067,-0.24268000358886796,0.3303897763432841,-0.24429771417125587,-0.29789722269281227,0.00161771058238791,0.1250717427705182,0.6282869990360964,-1.6898442963421987
575,19.166666666666668,-0.1853084415197372,-0.21240419022315057,-0.21388923326631404,0.8637231096766174,-0.21599568178615616,0.06493598848092141,0.0021064485198421246,0.030687240266418975,0.798787121195696,3.943304916917951
576,19.2,0.0800821632146835,-0.141466050046466,-0.16732068516598236,1.3970564430099506,-0.17015211613088937,0.6575817526686867,0.0028314309649070113,0.25023427934557285,0.7394746903412639,12.617941915873864
577,19.233333333333334,0.1963096261024475,-0.05954366980106142,-0.10297435928787291,1.9303897763432838,-0.11094198764039157,1.1052154188597383,0.007967628352518658,0.30725161374283905,0.8251743574835455,23.651972780264387
578,19.266666666666666,0.0096703441813588,-0.04275685780670456,-0.04275685780670456,1.8065250444350505,-0.05103893515939724,1.1883662977193201,0.00828207735269268,0.06070927934075604,0.6181587467157303,24.799454908526616
579,19.3,0.2070246040821075,0.017823856981316492,0.017823856981316492,1.8174214436406315,0.009444041895053112,1.2579572465340425,0.00837981508626338,0.1975805621870544,0.559464197106589,25.759810002169786
580,19.333333333333332,0.350401759147644,0.09848559578123298,0.08449052364798315,2.0,0.07531926968962321,1.9050273353484142,0.009171253958359937,0.2750824894580208,0.09497266465158583,34.689377227808116
581,19.366666666666667,0.0215916689485311,0.07983613710981056,0.13337941253687205,1.4666666666666668,0.1268302070858634,0.38566288536720794,0.0065492054510086495,-0.1052385381373323,1.0810037812994588,12.863876147230258
582,19.4,0.0288805123418569,0.06747762119926257,0.16449052364798317,0.9333333333333335,0.1627893652458719,0.45665636796207665,0.0017011584021112691,-0.133908852904015,0.4766769653712568,8.463834131902631
583,19.433333333333334,-0.0423448495566844,0.040841842355341065,0.1778238569813165,0.40000000000000013,0.1758718453292585,-0.2723005350842329,0.0019520116520579944,-0.21821669488594292,0.672300535084233,-0.9678082945986508
584,19.466666666666665,0.0542995259165763,0.04410579990993951,0.17337941253687206,-0.1333333333333332,0.17341882744192716,-0.023753973285390653,-3.941490505510181e-05,-0.11911930152535086,-0.10957936004794254,-0.5090903258696091
585,19.5,-0.4300690591335296,-0.0708981386455548,0.15115719031464983,-0.6666666666666665,0.1538976954406497,0.38427403257010107,-0.0027405051259998814,-0.5839667545741793,-1.0509406992367676,1.2406659209401747
586,19.53333333333333,0.1793211996555328,-0.010211223558104505,0.11115719031464984,-1.1999999999999997,0.11224672419583383,-0.747836015137604,-0.0010895338811839905,0.06707447545969898,-0.45216398486239573,-11.824103780393624
587,19.566666666666666,0.0176453161984682,-0.0034550412649393446,0.053379412536872076,-1.733333333333333,0.06002345865718934,-0.35148558582125,-0.006644046120317264,-0.04237814245872114,-1.381847747512083,-12.894787455360824
588,19.6,0.0167082510888576,0.001435260257183225,0.0014352602571832268,-1.5583245683906655,0.008117946031592889,-0.36673127926554994,-0.006682685774409662,0.00859030505726471,-1.1915932891251155,-12.880998644249889
589,19.633333333333333,0.1465653777122497,0.03663437465988095,-0.03273111424472785,-1.0249912350573323,-0.031299980169330804,-0.6335987311088733,-0.0014311340753970433,0.1778653578815805,-0.3913925039484589,-10.50578334841512
590,19.666666666666668,-0.0448866747319698,0.016862677412683873,-0.04911971096886114,-0.4916579017239989,-0.04692333085790681,0.2898194770541296,-0.0021963801109543338,0.0020366561259370086,-0.7814773787781285,0.8293140704822511
591,19.7,0.049110323190689,0.024683856040952454,-0.04773052991521666,0.0416754316093344,-0.047222637109322514,0.12656370042778714,-0.0005078928058941459,0.09633296030001151,-0.08488826881845274,1.1329023683348485
592,19.733333333333334,0.175916701555252,0.0613630948099245,-0.0285635710837944,0.5750087649426677,-0.03135595287822718,-0.5014856576286475,0.0027923817944327765,0.20727265443347917,1.0764944225713151,-2.7543811097363657
593,19.766666666666666,-0.1190165057778358,0.017614751541565582,0.008381165525405635,1.108342098276001,0.007029290737677376,0.5807691412629239,0.0013518747877282588,-0.12604579651551318,0.5275729570130772,9.896119626985584
594,19.8,0.1150548383593559,0.0412473704869068,0.0412473704869068,0.985986148845035,0.03948270910977204,0.2773110417322556,0.0017646613771347547,0.07557212924958386,0.7086751071127794,6.394154254979438
595,19.833333333333332,0.0966315269470214,0.054679959762803015,0.05633579767063018,0.45265281551170167,0.053906768130447695,-0.3908651547433364,0.0024290295401824882,0.042724758816573706,0.843517970255038,-1.9037287357354
596,19.866666666666667,-0.243627056479454,-0.01766989411979683,0.053646447076575794,-0.08068051782163166,0.05319287115767516,-0.13179596352370077,0.00045357591890063387,-0.29681992763712917,0.05111544570206911,-1.3009101862132681
597,19.9,-0.27454873919487,-0.07997197182761526,0.033179318704743624,-0.614013851154965,0.03609219612784225,0.5080988659663319,-0.002912877423098627,-0.31064093532271225,-1.122112717121297,2.6696285336326255
598,19.933333333333334,-0.381688117980957,-0.1531486585954781,-0.005065587444866321,-1.1473471844882983,-0.003831261906375371,-0.6594605397560045,-0.0012343255384909498,-0.3778568560745816,-0.4878866447322938,-10.804233640168
599,19.966666666666665,-0.2687205076217651,-0.1811788621599938,-0.06108827137225404,-1.6806805178216315,-0.05504699800979798,-0.3998265585542964,-0.006041273362456058,-0.2136735096119671,-1.2808539592673351,-12.85106595824624
600,20.0,-0.1771505773067474,-0.18020186261033125,-0.1277549380389207,-2.0,-0.11896638022014519,-1.6703258652416664,-0.008788557818775522,-0.05818419708660222,-0.3296741347583336,-31.450496940334997
601,20.03333333333333,-0.3258406817913055,-0.21552435492080624,-0.1944216047055874,-2.0,-0.18518346108508327,-1.9460497037925697,-0.009238143620504125,-0.14065722070622222,-0.053950296207430304,-35.25548591233746
602,20.066666666666666,-0.3695253133773803,-0.25287495760681555,-0.25287495760681555,-1.753600587036845,-0.24460974360722873,-1.131153902657458,-0.008265213999586823,-0.12491556977015159,-0.622446684379387,-24.00992385667292
603,20.1,-0.0842529907822609,-0.21197825053357122,-0.29355053273026593,-1.2202672537035117,-0.29045958341467093,-0.6572807206505319,-0.003090949315595004,0.20620659263241004,-0.5629865330529799,-12.618214181195949
604,20.133333333333333,-0.3904117047786712,-0.2552545854485923,-0.31644833007593853,-0.6869339203701784,-0.3138928010972286,0.1841410149493775,-0.00255552897870992,-0.0765189036814426,-0.8710749353195559,-1.0689079496760034
605,20.166666666666668,-0.3198688924312591,-0.2709258080963524,-0.32156834964383335,-0.1536005870368451,-0.32007542481338663,0.2889689890375111,-0.001492924830446718,0.00020653238212753333,-0.4425695760743562,1.9368914792275094
606,20.2,-0.3708524405956268,-0.29516150107928746,-0.3089105914339504,0.37973274629648823,-0.31031635274903685,-0.22383801758715627,0.0014057613150864623,-0.060536087846589925,0.6035707638836445,-0.9131304111604188
607,20.233333333333334,-0.4311191737651825,-0.3281359777676083,-0.3140306110018452,-0.1536005870368451,-0.3137285970401735,0.029051558554162804,-0.0003020139616717321,-0.11739057672500902,-0.1826521455910079,-0.13499400470097195
608,20.266666666666666,-0.4246271252632141,-0.3515384458362844,-0.3369284083475178,-0.6869339203701784,-0.3342572723882509,0.33273050648025815,-0.0026711359592668793,-0.09036985287496319,-1.0196644268504365,0.6458436248904238
609,20.3,-0.4724736213684082,-0.38086944310625837,-0.3776039834709682,-1.2202672537035117,-0.3765700580058822,-0.7816928675501443,-0.0010339254650859608,-0.09590356336252598,-0.4385743861533674,-12.214818429095422
610,20.333333333333332,-0.5604828596115112,-0.42443196001654204,-0.42443196001654204,-1.4048392963672158,-0.42193454133958525,-0.6805679847667101,-0.0024974186769567974,-0.13854831827192599,-0.7242713116005057,-12.597152253946746
611,20.366666666666667,-0.4524019658565521,-0.43121566179168497,-0.4534821587843381,-0.8715059630338825,-0.4514346344128658,-0.12622592953863698,-0.00204752437147232,-0.0009673314436863256,-0.7452800334952455,-4.65060273354692
612,20.4,-0.4337167739868164,-0.43182226871679597,-0.4647545797743564,-0.3381726297005492,-0.46271452673721847,0.3419872952862655,-0.0020400530371379455,0.02899775275040206,-0.6801599249868147,1.824039497159149
613,20.433333333333334,-0.3731111586093902,-0.41758277716522474,-0.4582492229865969,0.19516070363278415,-0.45852366741904393,-0.008800567687159089,0.00027444443244700745,0.08541250880965373,0.20396127131994324,0.413917739880464
614,20.466666666666665,0.134623035788536,-0.2836536112220356,-0.43396608842105966,0.7284940369661175,-0.43651843984324445,-0.2571935992947513,0.0025523514221847954,0.5711414756317804,0.9856876362608687,0.22586694629290438
615,20.5,-0.643505334854126,-0.3709302028092749,-0.3919051760777446,1.261827370299451,-0.3932182964711836,0.779614422824874,0.0013131203934390046,-0.25028703838294236,0.4822129474745769,12.507570718637467
616,20.53333333333333,-0.2252916395664215,-0.3356077725727192,-0.3356077725727192,1.688922105150763,-0.3417842366155793,0.3893514476719344,0.006176464042860097,0.11649259704915776,1.2995706574788286,12.860540064875167
617,20.566666666666666,-0.5032649040222168,-0.376270473422156,-0.2970881468454715,1.1555887718174298,-0.29852626671993726,0.7816378941025841,0.0014381198744657375,-0.20473863730227954,0.3739508777148457,12.505740610788362
618,20.6,-0.1449913382530212,-0.32017721806944927,-0.27634629889600165,0.6222554384840965,-0.27907542968083837,-0.36369953516895226,0.0027291307848367197,0.13408409142781716,0.9859549736530487,-1.0590552708574787
619,20.633333333333333,-0.2423494160175323,-0.30130126209164126,-0.27338222872430956,0.08892210515076315,-0.27475678235363415,-0.29605637987110756,0.001374553629324593,0.03240736633610186,0.3849784850218707,-2.2225427344591706
620,20.666666666666668,-0.2860625386238098,-0.2976053402519766,-0.28819593633039525,-0.4444112281825702,-0.28643477089339514,0.2877815871735573,-0.0017611654370001117,0.0003722322695853264,-0.7321928153561275,1.276650093623405
621,20.7,-0.1624979823827743,-0.26483709455854454,-0.28523186615870316,0.08892210515076315,-0.28505835247463057,0.0674269010256609,-0.00017351368407259038,0.12256037009185627,0.021495204125102252,0.7850190449263504
622,20.733333333333334,-0.5334152579307556,-0.3299766649274023,-0.30004557376478885,-0.4444112281825702,-0.29760513431124763,0.4636863272493701,-0.002440439453541221,-0.23581012361950798,-0.9080975554319403,2.7977172141149804
623,20.766666666666666,-0.2150376886129379,-0.30209995506478954,-0.30209995506478954,-0.06163143900002055,-0.30081969994945706,0.29770145249519586,-0.0012802551153324737,0.08578201133651916,-0.3593328914952164,2.368175791142397
624,20.8,-0.3705255687236786,-0.318695552487907,-0.318695552487907,-0.4978679226935234,-0.3155194686905106,0.6309005149259019,-0.0031760837973963674,-0.05500610003316797,-1.1287684376194254,4.086836560146432
625,20.833333333333332,-0.4503600597381592,-0.3506287868485236,-0.3506287868485236,-0.9579970308184987,-0.3488589762106312,-0.3226412592998235,-0.0017698106378923883,-0.10150108352752796,-0.6353557715186753,-6.9172737646338005
626,20.866666666666667,-0.7737194895744324,-0.45324303611058914,-0.400339798986918,-1.491330364151832,-0.3964602666640394,-0.5732466220325868,-0.0038795323228786316,-0.377259222910393,-0.9180837421192453,-12.694217960030548
627,20.9,-0.4441073536872864,-0.4510273145470473,-0.4510273145470473,-1.5206254668038788,-0.4459307493572415,-0.48356331558228804,-0.005096565189805835,0.0018233956699550968,-1.0370621512215907,-12.775331106963813
628,20.933333333333334,-0.8652524948120117,-0.5514913654573539,-0.517693981213714,-2.0,-0.5090600223772985,-1.5755127624068468,-0.00863395883641549,-0.3561924724347132,-0.4244872375931532,-30.142076121214487
629,20.966666666666665,-0.4667073786258697,-0.5309282920971866,-0.5665828701026029,-1.4666666666666668,-0.5602499437204272,-0.40106514333390786,-0.006332926382175641,0.09354256509455755,-1.065601523332759,-12.84994573294234
630,21.0,-0.4371351897716522,-0.508180194067413,-0.597693981213714,-0.9333333333333335,-0.5959838576091392,-0.4451334056885102,-0.001710123604574787,0.15884866783748697,-0.4881999276448233,-8.330856910574967
631,21.03333333333333,-0.3158909976482391,-0.46154335850323813,-0.6110273145470473,-0.40000000000000013,-0.6090614977753305,0.276749991160131,-0.0019658167717168107,0.2931705001270914,-0.6767499911601311,1.009451518779088
632,21.066666666666666,-0.4383319914340973,-0.4559137925713932,-0.6065828701026028,0.1333333333333332,-0.6066149612906223,0.025762692375631894,3.209118801950073e-05,0.16828296985652502,0.1075706409577013,0.526866332771882
633,21.1,-0.1092269420623779,-0.3718301417967291,-0.5843606478803806,0.6666666666666665,-0.5871014565891838,-0.384664227125495,0.002740808708803222,0.47787451452680585,1.0513308937921615,-1.2451688418490188
634,21.133333333333333,-0.3239684998989105,-0.3602220246243313,-0.5443606478803805,1.1999999999999997,-0.5454501691774466,0.747852189486829,0.0010895212970660761,0.22148166927853608,0.45214781051317077,11.824290435523254
635,21.166666666666668,-0.2903595864772796,-0.3432779471584612,-0.48658287010260276,1.733333333333333,-0.49322691115739603,0.3514859465612312,0.0066440410547932705,0.20286732468011642,1.3818473867721017,12.894787129093249
636,21.2,-0.2086630314588546,-0.31062913586340396,-0.4199162034359361,2.0,-0.42880340258600597,1.730821028566812,0.008887199150069858,0.22014037112715137,0.26917897143318803,32.285330194222006
637,21.233333333333334,-0.1141828894615173,-0.2629840707154245,-0.35324953676926946,2.0,-0.3625038227815494,1.9559495765347885,0.009254286012279955,0.2483209333200321,0.044050423465211486,35.39210415618008
638,21.266666666666666,-0.5266621708869934,-0.3269352048850678,-0.3043606478803806,1.4666666666666668,-0.3109432764811102,0.383282664401581,0.006582628600729612,-0.2157188944058832,1.0833840022650858,12.866028913676537
639,21.3,-0.326870709657669,-0.3269195625433716,-0.2732495367692695,0.9333333333333335,-0.27494930971459186,0.458437093648458,0.0016997729453223642,-0.05192139994307715,0.47489623968487543,8.484384051975267
640,21.333333333333332,-0.466318815946579,-0.3607287425690773,-0.25991620343593613,0.40000000000000013,-0.26186608168422204,-0.2716129288475152,0.0019498782482859078,-0.20445273426235694,0.6716129288475153,-0.9613728696444355
641,21.366666666666667,-0.4406071305274963,-0.38010203713642976,-0.26436064788038055,-0.1333333333333332,-0.2643201011890074,-0.023443551573005966,-4.0546691373155586e-05,-0.1762870293384889,-0.10988978176032722,-0.506343272521641
642,21.4,-0.2262694090604782,-0.34279226043767164,-0.28658287010260275,-0.6666666666666665,-0.2838424118914224,0.38421373301770023,-0.002740458211180352,0.05757300283094419,-1.0508803996843668,1.2399700524008916
643,21.433333333333334,-0.7587295770645142,-0.4436715641206732,-0.32658287010260273,-1.1999999999999997,-0.32549333427670507,-0.7478335155998611,-0.0010895358258976584,-0.4332362427878091,-0.4521664844001386,-11.8240749352429
644,21.466666666666665,-0.7061567902565002,-0.5073333847392193,-0.3843606478803805,-1.733333333333333,-0.3777166009772516,-0.3514855300735249,-0.006644046903128864,-0.3284401892792486,-1.381847803259808,-12.894787505781313
645,21.5,-0.0902076214551925,-0.4061658412988105,-0.42436064788038047,-1.1999999999999997,-0.42217672738116396,-0.723958770341451,-0.0021839204992165073,0.33196910592597145,-0.4760412296585488,-12.557907902849742
646,21.53333333333333,-0.3087059259414673,-0.38252841324117476,-0.44658287010260267,-0.6666666666666664,-0.44393125904730246,0.2700186069743419,-0.002651611055300207,0.13522533310583518,-0.9366852736410083,-0.0778638682432421
647,21.566666666666666,0.0550595037639141,-0.27639808397530663,-0.4510273145470471,-0.13333333333333308,-0.44953241227533924,0.30314810426614247,-0.001494902271707843,0.5045919160392534,-0.43648143759947555,2.136475083471348
648,21.6,0.1672676801681518,-0.16879366483411118,-0.4376939812137137,0.40000000000000024,-0.4391910476855261,-0.23842112527967763,0.0014970664718123583,0.6064587278536779,0.6384211252796779,-0.9789437805030441
649,21.633333333333333,0.1565288007259369,-0.08989162241992261,-0.40658287010260263,0.9333333333333336,-0.4084934498281295,0.1874874318638995,0.0019105797255268842,0.5650222505540664,0.7458459014694341,5.357572361683216
650,21.666666666666668,0.1083639040589332,-0.0418077437607815,-0.35769398121371376,1.4666666666666668,-0.3613205249876653,0.5937994810272613,0.0036265437739515516,0.4696844290465985,0.8728671856394055,12.675629137455662
651,21.7,-0.0145128145813941,-0.03518777161684489,-0.2910273145470471,2.0,-0.29942070828461204,1.4279780043663934,0.008393393737564925,0.28490789370321795,0.5720219956336066,28.10609646025623
652,21.733333333333334,0.0957043841481208,-0.0034418594245446688,-0.22436064788038046,2.0,-0.23353412394894735,1.9063901202797646,0.009173476068566888,0.3292385080970681,0.09360987972023538,34.70818365986075
653,21.766666666666666,-0.2744005620479584,-0.06915879357503886,-0.1576939812137138,2.0,-0.16699511568306663,1.984680991905686,0.009301134469352823,-0.10740544636489174,0.015319008094313968,35.788597688298466
654,21.8,0.1067451834678649,-0.026495945088475234,-0.09102731454704714,2.0,-0.1003493399744996,1.997493085028044,0.00932202542745246,0.2070945234423645,0.002506914971956098,35.965404573387005
655,21.833333333333332,0.0421427749097347,-0.009848661946712817,-0.024360647880380476,2.0,-0.03368609205761857,1.999589750025725,0.009325444177238094,0.07582886696735328,0.0004102499742750787,35.994338550355
656,21.866666666666667,-0.2104151993989944,-0.058493041355566947,0.024528241008508415,1.4666666666666668,0.017916968891341638,0.38124282378446095,0.006611272117166778,-0.22833216829033604,1.0854238428822058,12.867873826606775
657,21.9,-0.6165246367454529,-0.1938351626938889,0.055639352119619526,0.9333333333333335,0.05394076650567191,0.45996316901520273,0.0016985856139476174,-0.6704654032511248,0.4733701643181307,8.501995257929815
658,21.933333333333334,-0.4845790565013885,-0.26435069564785685,0.06897268545295286,0.40000000000000013,0.06702463552385658,-0.27102365283049323,0.0019480499290962794,-0.5516036920252451,0.6710236528304934,-0.9558577341172074
659,21.966666666666665,-0.1247241497039794,-0.23048638925498346,0.06452824100850842,-0.1333333333333332,0.06456975763659539,-0.023177521306692917,-4.151662808697665e-05,-0.18929390734057477,-0.11015581202664028,-0.5039890579013941
660,22.0,0.0367221198976039,-0.16567900779642267,0.042306018786286204,-0.6666666666666665,0.04504643679163866,0.384162056522968,-0.002740418005352456,-0.008324316894034761,-1.0508287231896345,1.239373695620896
661,22.03333333333333,-0.7270411849021912,-0.3018289113435696,0.0023060187862862097,-1.1999999999999997,0.0033955562787962804,-0.7478313735052027,-0.0010895374925100707,-0.7304367411809874,-0.45216862649479705,-11.824050215054738
662,22.066666666666666,-0.3422908186912536,-0.311642334846954,-0.05547175899149155,-1.733333333333333,-0.04882771141749602,-0.35148548229792764,-0.006644047573995532,-0.2934631072737576,-1.3818478510354053,-12.894787548991426
663,22.1,-0.1337357312440872,-0.2684937795848009,-0.12213842565815822,-2.0,-0.11325122544123825,-1.7308216828490695,-0.008887200216919966,-0.02048450580284894,-0.26917831715093055,-32.28533922331716
664,22.133333333333333,-0.107495367527008,-0.2294460503880718,-0.1888050923248249,-2.0,-0.17955080613795776,-1.9559496836063421,-0.009254286186867133,0.07205543861094976,-0.04405031639365786,-35.39210563376752
665,22.166666666666668,0.019263170659542,-0.16912539139479832,-0.2376939812137138,-1.4666666666666668,-0.23111135254270704,-0.3832826593968135,-0.006582628671006757,0.25037452320224907,-1.0833840072698533,-12.866028918203043
666,22.2,0.1747098416090011,-0.0857333573056227,-0.2688050923248249,-0.9333333333333335,-0.26710531938241566,-0.4584370973927059,-0.00169977294240925,0.44181516099141677,-0.4748962359406276,-8.484384095184609
667,22.233333333333334,0.0789954885840416,-0.04578086781845707,-0.2821384256581583,-0.40000000000000013,-0.28018854741435817,0.2716129274017195,-0.0019498782438001072,0.35918403599839976,-0.6716129274017196,0.9613728561129745
668,22.266666666666666,0.0922650471329689,-0.012299919560389679,-0.27769398121371386,0.1333333333333332,-0.2777345279074668,0.023443550920296003,4.054669375291864e-05,0.3699995750404357,0.1098897824130372,0.5063432667455298
669,22.3,0.1157019734382629,0.018745003122983765,-0.25547175899149166,0.6666666666666665,-0.25821221720257337,-0.3842137328909099,0.002740458211081709,0.37391419064083625,1.0508803995575764,-1.239970050937691
670,22.333333333333332,0.1649117171764373,0.05419552834857543,-0.21547175899149168,1.1999999999999997,-0.2165612948173934,0.7478335155946048,0.0010895358259017107,0.38147301199383066,0.452166484405395,11.824074935182235
671,22.366666666666667,0.1174942702054977,0.06954768057747764,-0.15769398121371392,1.733333333333333,-0.16433802811684442,0.35148553007340677,0.006644046903130502,0.28183229832234213,1.3818478032599262,12.894787505781384
672,22.4,0.1386736929416656,0.08631314911065567,-0.09102731454704725,2.0,-0.09991451465418194,1.7308216155194995,0.008887200107134688,0.23858820759584753,0.26917838448050047,32.285338294169094
673,22.433333333333334,0.1358945518732071,0.09833836826356937,-0.024360647880380587,2.0,-0.033614934049281654,1.9559496725880356,0.009254286168901067,0.16950948592248874,0.04405032741196435,35.39210548171489
674,22.466666666666665,0.0251362640410661,0.08058430531489266,0.04230601878628608,2.0,0.03299165995872638,1.9927912809609643,0.009314358827559696,-0.007855395917660282,0.007208719039035749,35.90051967726131
675,22.5,0.1965808570384979,0.1087175140935719,0.1087175140935719,1.9923448592185746,0.09942583731089921,1.97210128226074,0.00929167678267269,0.09715501972759868,0.02024357695783463,35.61499769519821
676,22.53333333333333,0.1209082752466201,0.11167419878456969,0.15735123162307996,1.4590115258852414,0.15084966230584582,0.3898425133447412,0.0065015693172341404,-0.02994138705922572,1.0691690125405002,12.860095925562607
677,22.566666666666666,0.0729964971542358,0.10229350738575621,0.18820717137481022,0.9256781925519081,0.18648194841282237,0.4399343696014081,0.001725222961987849,-0.11348545125858657,0.4857438229505,8.270859024959115
678,22.6,-0.0909251198172569,0.05543125244575902,0.2012853333487627,0.39234485921857476,0.1993514019750956,-0.27158803687653077,0.0019339313736670971,-0.2902765217923525,0.6639328960951055,-0.9864006915039708
679,22.633333333333333,0.0048264944925904,0.043157833973084675,0.19658571754493742,-0.14098847411475857,0.19666960725987162,-0.01550633480637633,-8.388971493419883e-05,-0.19184311276728122,-0.12548213930838223,-0.459989366892154
680,22.666666666666668,-0.352194219827652,-0.052728825633472615,0.17410832396333437,-0.6743218074480919,0.17682489557269238,0.3677204638969571,-0.0027165716093580095,-0.5290191154003443,-1.042042271345049,1.0496345252841177
681,22.7,-0.2206464260816574,-0.0934546992980626,0.13385315260395353,-1.207655140781425,0.134921588631238,-0.7607449104267171,-0.0010684360272844584,-0.3555680147128954,-0.446910230354708,-11.97307493774036
682,22.733333333333334,-0.5741497874259949,-0.21004002077737954,0.07582020346679491,-1.7409884741147583,0.08255186730872448,-0.34445867940332353,-0.006731663841929567,-0.6567016547347193,-1.3965297947114348,-12.90114286881872
683,22.766666666666666,-0.8867567181587219,-0.3741674180883923,0.009153536800128245,-2.0,0.018055075186498768,-1.7396150546670865,-0.008901538386370523,-0.9048117933452207,-0.26038494533291345,-32.406687754405795
684,22.8,-0.6455828547477722,-0.4399951261696563,-0.05751312986653842,-2.0,-0.04825649727633728,-1.9573886955403266,-0.009256632590201139,-0.5973263574714349,-0.04261130445967343,-35.41196399845651
685,22.833333333333332,-0.6367049217224121,-0.4877041111771029,-0.12417979653320509,-2.0,-0.11486505372003408,-1.9930267732436175,-0.009314742813171004,-0.521839868002378,-0.006973226756382456,-35.90376947076192
686,22.866666666666667,-0.3594226241111755,-0.45659137718252196,-0.19084646319987175,-2.0,-0.18152221080311087,-1.9988588499692166,-0.00932425239676088,-0.1779004133080646,-0.001141150030783411,-35.98425212957519
687,22.9,-0.4912071824073791,-0.4649869170581683,-0.2575131298665384,-2.0,-0.24818732125169005,-1.9998132538295035,-0.009325808614848358,-0.24301986115568905,-0.0001867461704965212,-35.99742290284715
688,22.933333333333334,0.0389170907437801,-0.3427726232256687,-0.32417979653320506,-2.0,-0.31485373324740157,-1.9999694394853818,-0.009326063285803488,0.35377082399118165,-3.056051461824971e-05,-35.99957826489827
689,22.966666666666665,0.0940594971179962,-0.23682560100603703,-0.3730686854220939,-1.4666666666666668,-0.36645716409323964,-0.38122507623857294,-0.006611521328854286,0.46051666121123586,-1.0854415904280938,-12.867889878192702
690,23.0,0.0929159671068191,-0.1568517721216025,-0.404179796533205,-0.9333333333333335,-0.40248122124958313,-0.45997644656854525,-0.0016985752836218837,0.49539718835640223,-0.4733568867647882,-8.502148483472665
691,23.03333333333333,0.1749336123466491,-0.076382246499832,-0.4175131298665384,-0.40000000000000013,-0.41556509584465484,0.27101852585975494,-0.001948034021883538,0.5904987081913039,-0.6710185258597551,0.955809749916837
692,23.066666666666666,0.1991646587848663,-0.009552513205994456,-0.41306868542209396,0.1333333333333332,-0.41311021048907376,0.023175206721761016,4.15250669797973e-05,0.61227486927394,0.11015812661157218,0.5039685751579807
693,23.1,0.255415678024292,0.05471151303293112,-0.39084646319987176,0.6666666666666665,-0.39358688085541516,-0.3841616069138394,0.0027404176555433923,0.6490025588797071,1.050828273580506,-1.239368507044281
694,23.133333333333333,0.2587957978248596,0.10420906884113842,-0.3508464631998718,1.1999999999999997,-0.35193600070688213,0.747831354868004,0.001089537507010352,0.6107317985317418,0.45216864513199573,11.824049999977849
695,23.166666666666668,0.328627198934555,0.1586382912087381,-0.293068685422094,1.733333333333333,-0.2997127330019264,0.3514854818822586,0.006644047579832391,0.6283399319364814,1.3818478514510744,12.894787549367377
696,23.2,0.284997284412384,0.18928475340127293,-0.22640201875542737,2.0,-0.23528921897330252,1.7308216834348686,0.008887200217875146,0.5202865033856865,0.26917831656513136,32.28533923140119
697,23.233333333333334,0.1578790098428726,0.1816677654197385,-0.15973535208876072,2.0,-0.16898963827578417,1.955949683702203,0.009254286187023453,0.3268686481186568,0.04405031629779699,35.3921056350904
698,23.266666666666666,0.0816546827554702,0.1574111052571366,-0.09306868542209405,2.0,-0.10238304425261943,1.9927912827797705,0.00931435883052538,0.18403772700808962,0.007208717220229532,35.90051970236083
699,23.3,0.0837765336036682,0.13955215387561828,-0.026402018755427387,2.0,-0.03572620831444855,1.9988203125805069,0.009324189559021166,0.11950274191811674,0.0011796874194931473,35.983720313610995
700,23.333333333333332,0.1344528049230575,0.1383153839321499,0.04026464791123928,2.0,0.030938849579620075,1.9998069472882356,0.009325798331619204,0.10351395534343742,0.00019305271176439653,35.99733587257765
701,23.366666666666667,0.1092953234910965,0.13127700729916675,0.10693131457790594,2.0,0.09760525297492559,1.9999684074366624,0.009326061602980357,0.011690070516170908,3.15925633376235e-05,35.99956402262594
702,23.4,0.0576328411698341,0.11341572892267658,0.15582020346679484,1.4666666666666668,0.14920868281533256,0.38122512447886714,0.006611520651462283,-0.09157584164549845,1.0854415421877996,12.867889834562241
703,23.433333333333334,0.0457712188363075,0.09700957635422895,0.18693131457790596,0.9333333333333335,0.18523273926620484,0.4599764104783118,0.001698575311701117,-0.13946152042989735,0.4733569228550217,8.502148066984361
704,23.466666666666665,0.0316339842975139,0.08115371552878126,0.2002646479112393,0.40000000000000013,0.1983166138461178,-0.27101853979557333,0.0019480340651215067,-0.16668262954860388,0.6710185397955735,-0.9558098803445777
705,23.5,0.1085049733519554,0.08778734933310627,0.19582020346679485,-0.1333333333333332,0.19586172851083658,-0.02317521301312269,-4.152504404172919e-05,-0.08735675515888118,-0.1101581203202105,-0.5039686308329085
706,23.53333333333333,0.1549174040555954,0.10406872853592979,0.17359798124457262,-0.6666666666666665,0.17633839890106684,0.3841616081359369,-0.002740417656494215,-0.02142099484547144,-1.0508282748026034,1.2393685211475165
707,23.566666666666666,0.0802868828177452,0.09830080163818673,0.13359798124457262,-1.1999999999999997,0.13468751875154356,-0.7478313549186609,-0.001089537506970939,-0.05440063593379836,-0.4521686450813388,-11.824050000562433
708,23.6,-0.3113908171653747,-0.0010637025251740012,0.07582020346679486,-1.733333333333333,0.08246425104661137,-0.3514854818833877,-0.006644047579816514,-0.39385506821198607,-1.3818478514499453,-12.894787549366349
709,23.633333333333333,0.107812762260437,0.025342636882196366,0.025342636882196366,-1.5143269975379547,0.03147293366418095,-0.4105941042884609,-0.006130296781984582,0.07633982859625604,-1.1037328932494939,-12.841327361914157
710,23.666666666666668,-0.0240260120481252,0.013369017952665584,-0.007357151924624349,-0.9809936642046214,-0.0057761592601637555,-0.5226463686810796,-0.0015809926644605931,-0.018249852787961447,-0.4583472955235418,-9.225371549338584
711,23.7,-0.201976403594017,-0.03885975621246022,-0.03885975621246022,-0.9450781286350761,-0.03698654659518339,-0.21372052436796574,-0.0018732096172768276,-0.16498985699883362,-0.7313576042671104,-5.66030734121402
712,23.733333333333334,-0.1998684704303741,-0.07790998404227148,-0.07790998404227148,-1.1715068348943378,-0.07670227812772883,-0.6488337449957612,-0.0012077059145426533,-0.12316619230264526,-0.5226730898985766,-10.68159836589671
713,23.766666666666666,0.0254751294851303,-0.05283548880723804,-0.09918243409430497,-0.6381735015610045,-0.09640813609084967,0.3748238908327888,-0.0027742980034553,0.12188326557597996,-1.0129973923937934,1.1316094509504062
714,23.8,-0.5959709882736206,-0.18456478743336666,-0.13823266192411623,-1.1715068348943378,-0.13706230793578245,-0.6968421238699039,-0.0011703539883337888,-0.45890868033783816,-0.47466471102443397,-11.235624376879521
715,23.833333333333332,-0.1796856075525283,-0.18338141616743941,-0.18338141616743941,-1.3544626272996954,-0.18146155966395286,-0.7268795197878688,-0.0019198565034865556,0.0017759521114245613,-0.6275831075118266,-12.555266260961435
716,23.866666666666667,-0.3710273206233978,-0.2288920915115004,-0.2288920915115004,-1.3653202603218293,-0.22653421783841735,-0.6945696720349923,-0.002357873673083044,-0.14449310278498048,-0.670750588286837,-12.584488571466037
717,23.9,-0.5634629130363464,-0.3100371827521504,-0.29218054463333915,-1.8986535936551627,-0.28442520201612087,-0.9469181013244199,-0.007755342617218275,-0.27903771102022557,-0.9517354923307428,-21.467469798276994
718,23.933333333333334,-0.3970136344432831,-0.3311320052955467,-0.33769121997740015,-1.3653202603218295,-0.33298437001304126,-0.5272879327935737,-0.0047068499643588835,-0.06402926443024182,-0.8380323275282558,-12.735784825266169
719,23.966666666666665,-0.4405147731304168,-0.35766114084796136,-0.36542411754368337,-0.8319869269884962,-0.3633541410085498,-0.17071658774851478,-0.0020699765351335775,-0.07716063212186702,-0.6612703392399815,-5.164033565248969
720,24.0,-0.1585445255041122,-0.3093684181115103,-0.3753792373321888,-0.29865359365516286,-0.3735892474729781,0.28779579250375376,-0.0017899898592106944,0.21504472196886593,-0.5864493861589166,1.4472586640308345
721,24.03333333333333,-0.1901734620332718,-0.2804594847433455,-0.36755657934291647,0.23467973967817046,-0.3681437652103068,-0.07418268678302514,0.0005871858673903163,0.177970303177035,0.3088624264611956,-0.041367402114935115
722,24.066666666666666,-0.3422199189662933,-0.29543854372775574,-0.34195614357586634,0.7680130730115038,-0.3443814937015233,-0.1673074022508304,0.0024253501256569776,0.002161574735230043,0.9353204752623342,1.263171107743775
723,24.1,0.0028671363834291,-0.22308901390353392,-0.29857793003103844,1.301346406344837,-0.30033608976689624,0.7438570352244872,0.0017581597358578005,0.30320322615032536,0.5574893711203498,12.539911121207144
724,24.133333333333333,0.1536630243062973,-0.13171350669013132,-0.23742193870843276,1.8346797396781702,-0.24480743113445164,0.663439035893354,0.00738549242601888,0.39847045544074894,1.1712407037848163,17.555458695328284
725,24.166666666666668,0.1362062990665435,-0.0667336110010265,-0.1707552720417661,2.0,-0.17976380773869713,1.8052348074905415,0.009008535696931025,0.3159701068052406,0.19476519250945845,33.312240343369474
726,24.2,0.1108612269163131,-0.023660669789382985,-0.10408860537509944,2.0,-0.11336274779088143,1.9681271937378852,0.009274142415781991,0.22422397470719452,0.03187280626211475,35.560155273582815
727,24.233333333333334,-0.0217884667217731,-0.023206595258765415,-0.03742193870843277,2.0,-0.04673954695803639,1.9947840999414062,0.00931760824960362,0.024951080236263294,0.0052159000585938475,35.928020579191404
728,24.266666666666666,0.0776193588972091,0.001247214586707207,0.011466950180456119,1.4666666666666668,0.004858832283499078,0.3814674507611555,0.006608117896957041,0.07276052661371002,1.0851992159055113,12.86767066504097
729,24.3,0.197116419672966,0.048752327093291234,0.048752327093291234,1.1185613073850535,0.04758811115563371,0.8029996738507528,0.0011642159376575242,0.1495283085173323,0.3155616335343008,12.460703109610371
730,24.333333333333332,0.0973759368062019,0.06054524803188804,0.06825992622834857,0.5852279740517202,0.06580062214622116,-0.31204131266877155,0.0024593040821274115,0.03157531465998073,0.8972692867204918,-0.7285251666947083
731,24.366666666666667,0.1499109715223312,0.08221955230435488,0.08221955230435488,0.41878878228018906,0.079216979985943,-0.5919808639509814,0.0030025723184118752,0.07069399153638821,1.0107696462311704,-3.8792185931799086
732,24.4,0.1149963438510894,0.09016906723370152,0.09016906723370152,0.23848544788039938,0.08771627908467863,-0.533040417891389,0.0024527881490228887,0.02728006476641076,0.7715258657717884,-3.9161134461332088
733,24.433333333333334,0.0327500812709331,0.0762429608456451,0.08034080438527039,-0.29484788545293394,0.08085953968130223,0.025015228661177752,-0.0005187352960318442,-0.04810945841036913,-0.3198631141141117,-0.5792212797456111
734,24.466666666666665,0.0386458039283752,0.06712433922007593,0.06712433922007593,-0.39649395495583356,0.0693349376497568,0.4111147476573098,-0.0022105984296808684,-0.0306891337213816,-0.8076087026131433,2.4332184098301926
735,24.5,0.1324481219053268,0.08296763446626772,0.07168565183265926,0.13683937837749977,0.07182312791648723,0.07816053706194481,-0.00013747608382796983,0.060624993988839554,0.05867884131555495,1.0154540735050284
736,24.53333333333333,0.0494745261967182,0.07484438775252603,0.07484438775252603,0.09476207759600286,0.07445462294377142,-0.06026037145252852,0.00038976480875460573,-0.024980096747053218,0.15502244904853138,-0.24532974418050663
737,24.566666666666666,0.0656377673149108,0.07261146124679116,0.07261146124679116,-0.066987795172046,0.07282536149702386,0.032553325408675074,-0.00021390025023269865,-0.007187594182113052,-0.09954112058072108,0.10799016055099457
738,24.6,-0.4350756108760834,-0.05052035760505026,0.05260075696327851,-0.6003211285053793,0.05552547836361908,0.4979078522333984,-0.0029247214003405714,-0.49060108923970247,-1.0982289807387777,2.5520222570047535
739,24.633333333333333,0.1286878883838653,-0.007056108673923776,0.014812274901988096,-1.1336544618387125,0.016085621690924513,-0.6347206419899042,-0.0012733467889364178,0.1126022666929408,-0.49893381984880836,-10.518730417753272
740,24.666666666666668,0.0168468877673149,-0.0012587985011201855,-0.0051984293815245455,-0.6003211285053792,-0.0024623709130545753,0.39115592650036946,-0.0027360584684699703,0.019309258680369475,-0.9914770550057487,1.4191673416097752
741,24.7,-0.0641937106847763,-0.016522709346931418,-0.016522709346931418,-0.3397283989622062,-0.013799518534986274,0.5513239656934468,-0.0027231908119451434,-0.05039419214979003,-0.891052364655653,3.7495889009292807
742,24.733333333333334,-0.0616951063275337,-0.02747859084862305,-0.02747859084862305,-0.328676445050749,-0.02464810327351962,0.5985088983231548,-0.0028304875751034297,-0.03704700305401408,-0.9271853433739038,4.242860657601784
743,24.766666666666666,-0.1143311783671379,-0.048543372010817286,-0.048543372010817286,-0.631943434865827,-0.0458183638696533,0.29990852807399593,-0.0027250081411639843,-0.06851281449748459,-0.931851962939823,0.26707162309764376
744,24.8,-0.059665746986866,-0.05124093579755405,-0.051830375395233746,-0.09861010153249372,-0.050472546633180994,0.2821693453242794,-0.0013578287620527527,-0.009193200353685003,-0.3807794468567731,2.0547126102920528
745,24.833333333333332,-0.2761448323726654,-0.10578797347642062,-0.07289515655742798,-0.631943434865827,-0.07010910374610772,0.3783691578343267,-0.002786052811320258,-0.20603572862655767,-1.0103125927001537,1.1725225203102403
746,24.866666666666667,-0.2875575423240661,-0.1498734325182231,-0.1117377154974,-1.1652767681991603,-0.11054987106762104,-0.6859248549945787,-0.0011878444297789559,-0.17700767125644506,-0.4793519132045816,-11.109636974937043
747,24.9,-0.2600702941417694,-0.17660001420314717,-0.16835805221514977,-1.6986101015324935,-0.1621103830820618,-0.3832843094339322,-0.0062476691330879686,-0.09795991105970761,-1.3153257920985613,-12.866027425843889
748,24.933333333333334,-0.3501332700252533,-0.21868788012281803,-0.21868788012281803,-1.509894837230048,-0.21277278456464158,-0.42637539463125274,-0.005915095558176459,-0.13736048546061172,-1.0835194425987953,-12.82705413568023
749,24.966666666666665,-0.3228987455368042,-0.24396264898564018,-0.2512399302527085,-0.9765615038967147,-0.24963722746532216,-0.5029685864862398,-0.001602702787386362,-0.07326151807148204,-0.47359291741047493,-8.998286123209617
750,25.0,-0.3323296904563904,-0.26539473804268854,-0.2660142026048212,-0.4432281705633814,-0.2639024470547717,0.2949034052533326,-0.002111755550049499,-0.06842724340161865,-0.738131575816714,1.0367061108511217
751,25.03333333333333,-0.4667789041996002,-0.31423742092443907,-0.2985662527347117,-0.9765615038967147,-0.2968058938533063,-0.30033342782914046,-0.0017603588814054105,-0.16997301034629392,-0.6762280760675743,-6.659837059349924
752,25.066666666666666,-0.6536974310874939,-0.39656831090370004,-0.34889608064238,-1.509894837230048,-0.3447872759719494,-0.5550099331748237,-0.004108804670430566,-0.3089101551155445,-0.9548849040552243,-12.710711946274452
753,25.1,-0.2399854212999344,-0.35859149987841876,-0.38144813077227047,-0.9765615038967147,-0.37977055359410766,-0.40673263602239595,-0.0016775771781628035,0.13978513229417328,-0.5698288678743187,-7.887704574759563
754,25.133333333333333,-0.1521757245063781,-0.30852847630172026,-0.39622240312438317,-0.4432281705633814,-0.3939953518040195,0.3320637833180864,-0.00222705132036366,0.24181962729764142,-0.7752919538814678,1.3844964762315313
755,25.166666666666668,-0.2544756829738617,-0.2954187890121628,-0.3932188976987181,0.09010516276995195,-0.39291541910374783,0.09549183555549426,-0.0003034785949702634,0.13843973612988614,-0.005386672785542307,1.009046737130598
756,25.2,-0.1772137582302093,-0.2667499470486291,-0.37243761449527524,0.6234384961032853,-0.3753170739919441,-0.48263924585601936,0.002879459496668846,0.1981033157617348,1.1060777419593046,-2.375819575662348
757,25.233333333333334,-0.4355950951576233,-0.3077007833660392,-0.3338785535140546,1.1567718294366185,-0.3350870682023968,0.6751427952885323,0.0012085146883422104,-0.10050802695522648,0.4816290341480862,10.985209913053119
758,25.266666666666666,-0.2727566957473755,-0.2992256235621614,-0.2992256235621614,1.0395878985567952,-0.30084155238978044,0.36899049301784204,0.0016159288276190176,0.028084856642404954,0.6705974055389532,7.452152918462799
759,25.3,-0.1704914420843124,-0.2680030953865097,-0.2680030953865097,0.9366758452695523,-0.26989910275705,0.20001346750311016,0.001896007370540298,0.09940766067273757,0.7366623777664421,5.502125244354239
760,25.333333333333332,0.0210285186767578,-0.19790284998045754,-0.21900278943308016,1.4700091786028855,-0.22266543259513957,0.5908849379627763,0.0036626431620594146,0.24369395127189736,0.8791242406401092,12.678265166045497
761,25.366666666666667,-0.1220634207129478,-0.17950914374061472,-0.17950914374061472,1.1848093707739633,-0.18060428776484028,0.7688195221716936,0.0010951440242255583,0.05854086705189247,0.41598984860226973,12.066257524618216
762,25.4,-0.021699545904994,-0.1412348131918261,-0.1412348131918261,1.1482299164636587,-0.14254194019343608,0.5642505460611699,0.0013071270016099812,0.12084239428844208,0.5839793704024888,9.705491831977977
763,25.433333333333334,-0.0962402448058128,-0.13032206132549046,-0.12073826042081526,0.6148965831303254,-0.12357560592332165,-0.4126561676133311,0.0028373455025063887,0.027335361117508852,1.0275527507436566,-1.5682012685177016
764,25.466666666666665,0.0584546402096748,-0.08453712825701495,-0.08453712825701495,1.0860339649140092,-0.08595151235107286,0.5418305117160584,0.001414384094057905,0.14440615256074765,0.5442034531979507,9.44676028374381
765,25.5,0.1575351506471634,-0.02582615917433633,-0.030558218315436876,1.6193672982473424,-0.03590218362543731,0.45579044930932033,0.005343965310000434,0.1934373342726007,1.163576848938022,12.800449991089796
766,25.53333333333333,0.2468313425779342,0.0403027930047545,0.03610844835122979,2.0,0.02743400314248777,1.6003424121510097,0.00867444520874202,0.21939733943544643,0.3996575878489903,30.484725287683933
767,25.566666666666666,0.1736463606357574,0.0726432580592302,0.08499733724011868,1.4666666666666668,0.07864811375314981,0.3999045492297735,0.006349223486968869,0.09499824688260758,1.0667621174368933,12.850995420379501
768,25.6,0.2170223295688629,0.10766021762998418,0.1161084483512298,0.9333333333333335,0.11439900029443148,0.44600168630722514,0.0017094480567983183,0.10262332927443141,0.4873316470261083,8.340877037454508
769,25.633333333333333,0.2275672852993011,0.1367418628914582,0.1367418628914582,0.6190024362068522,0.13393304240154874,-0.3836135821991158,0.0028088204899094638,0.09363424289775235,1.002616018405968,-1.2330441954607885
770,25.666666666666668,0.1575821936130523,0.1417963698271848,0.1417963698271848,0.1516352080717978,0.14005589663383267,-0.36682871743412226,0.0017404731933521322,0.017526296979219647,0.51846392550592,-2.662649413752968
771,25.7,0.2251185327768325,0.16200489991986464,0.16200489991986464,0.6062559027803952,0.15916058363439795,-0.4055783703212903,0.0028443162854666915,0.06595794914243455,1.0118342731016856,-1.4865221139156675
772,25.733333333333334,0.1028842404484748,0.14766607836588444,0.1644356522347667,0.07292256944706188,0.16307912084691958,-0.2989145872714165,0.0013565313878471097,-0.06019488039844478,0.3718371567184784,-2.2961991226146914
773,25.766666666666666,-0.0324696116149425,0.10397689192526072,0.14908862677189097,-0.46041076388627145,0.1509343809183449,0.30288045129194896,-0.0018457541464539373,-0.1834039925332874,-0.7632912151782204,1.3608754912044916
774,25.8,0.139870211482048,0.11268227357537278,0.11596382353123748,-0.9937440972196048,0.1176856260039276,-0.31799857140491083,-0.0017218024726901177,0.02218458547812041,-0.6757455258146939,-6.8636962451470485
775,25.833333333333332,0.2279367595911026,0.14063550554287144,0.10061679806836177,-0.46041076388627145,0.10303570777786207,0.382419930993412,-0.0024189097095003026,0.12490105181324053,-0.8428306948796834,1.7990883957283605
776,25.866666666666667,0.1534968912601471,0.14375484007644798,0.10304755038326383,0.07292256944706188,0.10353110922332794,0.13601576834879936,-0.00048355884006411054,0.04996578203681916,-0.06309319890173748,1.3140463528769892
777,25.9,0.1228838488459587,0.13869289689813322,0.12325608047594366,0.6062559027803952,0.12031957358889721,-0.5240708224782873,0.0029365068870464556,0.002564275257061488,1.1303267252586826,-2.8539480120534146
778,25.933333333333334,0.0278766434639692,0.11181609109994903,0.12568683279084572,0.07292256944706188,0.12418834116379475,-0.3446690511568068,0.0014984916270509713,-0.09631169769982555,0.4175916206038687,-2.724423014329558
779,25.966666666666665,0.1445726752281189,0.11976070502562867,0.11976070502562867,-0.17778383295651135,0.1200453383553996,0.006060291212356628,-0.00028463332977092526,0.024527336872719296,-0.18384412416886797,-0.4335580035696969
780,26.0,-0.2231906205415725,0.03658304931309739,0.09605679948263385,-0.7111171662898447,0.09865887187013915,0.2888479479784818,-0.0026020723875053026,-0.3218494924117116,-0.9999651142683265,0.13943038185644063
781,26.03333333333333,0.0597973428666591,0.042213325019465606,0.05457511616186125,-1.244450499623178,0.05569008424730656,-0.7955127764395786,-0.0011149680854453115,0.004107258619352544,-0.44893772318359937,-12.493191615727584
782,26.066666666666666,0.0336380153894424,0.04013351339939167,0.030871210618866423,-0.7111171662898447,0.03343886396047309,0.2446091960932828,-0.002567653341606666,0.00019915142896931304,-0.9557263623831275,-0.37109340196196294
783,26.099999999999998,0.0548622831702232,0.043705753684630935,0.024945082853649377,-0.17778383295651135,0.02663085753933333,0.33496713209927254,-0.0016857746856839516,0.028231425630889873,-0.5127509650557839,2.2875950049990177
784,26.133333333333333,-0.1000580936670303,0.008838007426037658,0.008838007426037658,-0.48321226282835156,0.012039650175184543,0.6364772752016414,-0.0032016427491468845,-0.11209774384221485,-1.119689538029993,4.151140295390209
785,26.166666666666668,-0.258785218000412,-0.05606995719075601,-0.025046845779351838,-1.016545596161685,-0.02344704443243668,-0.4324862540743558,-0.0015998013469151577,-0.23533817356797532,-0.5840593420873291,-8.184906326043588
786,26.2,-0.3511723577976227,-0.12764258003168938,-0.07670947676251912,-1.5498789294950184,-0.07216330146436266,-0.5197508460421657,-0.004546175298156457,-0.27900905633326,-1.0301280834528526,-12.742601666095487
787,26.233333333333334,-0.4235477149486542,-0.19940989393545377,-0.14337614342918578,-2.0,-0.1348322544361501,-1.5202743566144958,-0.008543888993035681,-0.2887154605125041,-0.47972564338550416,-29.37978612128004
788,26.266666666666666,-0.4766287803649902,-0.2666451409615773,-0.21004281009585246,-2.0,-0.2008447058785944,-1.921494173093318,-0.009198104217258057,-0.27578407448639575,-0.07850582690668206,-34.91661958868779
789,26.3,-0.4512813985347748,-0.3114258719853574,-0.2767094767625191,-2.0,-0.2674043119620701,-1.9871527300170797,-0.009305164800449017,-0.18387708657270468,-0.012847269982920295,-35.8227076742357
790,26.333333333333332,-0.2227655500173568,-0.2899226521805648,-0.325598365651408,-1.4666666666666668,-0.31899525665456246,-0.38182415828751504,-0.006603108996845519,0.09622970663720568,-1.0848425083791517,-12.867348044576294
791,26.366666666666667,-0.0434076152741909,-0.2301341593562603,-0.3567094767625191,-0.9333333333333335,-0.35501055277081345,-0.4595282525528571,-0.0016989239917056254,0.31160293749662255,-0.47380508078047634,-8.496976237533904
792,26.4,-0.2337800711393356,-0.23101842010244447,-0.37004281009585244,-0.40000000000000013,-0.3680942391137785,0.2711915906966387,-0.0019485709820739605,0.13431416797444287,-0.6711915906966388,0.9574294934713738
793,26.433333333333334,-0.261963814496994,-0.2385237573586318,-0.365598365651408,0.1333333333333332,-0.3656396058570761,0.023253337314750513,4.124020566809161e-05,0.10367579136008209,0.11007999601858268,0.5046599859017619
794,26.466666666666665,-0.1593905836343765,-0.21933120322987898,-0.3433761434291858,0.6666666666666665,-0.34611657289280356,-0.38417678381545306,0.002740429463617744,0.18672598925842707,1.0508434504821196,-1.23954365143485
795,26.5,0.1312510818243026,-0.13430277373796495,-0.30337614342918584,1.1999999999999997,-0.3044656804467278,0.7478319839811017,0.0010895370175419417,0.4357167622710304,0.452168016018898,11.824057260065112
796,26.53333333333333,0.0130668533965945,-0.09856050014269765,-0.24559836565140808,1.733333333333333,-0.25224241303421324,0.35148549591350187,0.006644047382805163,0.26530926643080777,1.381847837419831,12.894787536676962
797,26.566666666666666,0.1950635313987732,-0.02734643335322194,-0.17893169898474143,2.0,-0.1878188991703736,1.7308216636607594,0.00888720018563216,0.3828824305691468,0.2691783363392406,32.28533895851848
798,26.599999999999998,0.1750789284706115,0.021748775785919106,-0.11226503231807476,2.0,-0.12151931849982173,1.9559496804662242,0.009254286181746965,0.29659824697043324,0.044050319533775806,35.39210559043389
799,26.633333333333333,0.1239096075296402,0.046526339995741614,-0.045598365651408096,2.0,-0.05491272448106999,1.9927912822502096,0.009314358829661896,0.17882233201071018,0.007208717749790372,35.90051969505289
800,26.666666666666668,0.0948847606778144,0.05825494334679362,0.02106830101525857,2.0,0.011744111456378714,1.9988203124938444,0.009324189558879856,0.08314064922143569,0.0011796875061556023,35.98372031241505
801,26.7,0.1780326515436172,0.08730521442521584,0.08730521442521584,1.987107402298718,0.07803417330205314,1.9548074214809317,0.009271041123162696,0.09999847824156405,0.0322999808177864,35.376342416436856
802,26.733333333333334,0.1453550159931183,0.10138431559506864,0.13576435005739534,1.4537740689653846,0.12933684355696706,0.3956554829510446,0.006427506500428282,0.016018172436151223,1.05811858601434,12.85483844480665
803,26.766666666666666,0.1709840595722198,0.118264680564171,0.16644570791179705,0.9204407356320513,0.16470230150523907,0.42628407435270105,0.0017434064065579846,0.006281758066980725,0.49415666127935026,8.11333196816754
804,26.8,0.0851107090711593,0.11022368634498277,0.17934928798842098,0.387107402298718,0.17742507956956857,-0.27195374338885314,0.0019242084188524078,-0.09231437049840928,0.6590611456875711,-1.0071062058924611
805,26.833333333333332,0.064163252711296,0.0990524249876565,0.17447509028726713,-0.14622593103461534,0.17458800424334295,-0.010248676167571316,-0.00011291395607582189,-0.11042475153204695,-0.13597725486704404,-0.4298042488115739
806,26.866666666666667,0.0632162913680076,0.0903609129214658,0.1518231148083355,-0.6795592643679487,0.15452336991268287,0.3564697434708781,-0.0027002551043473766,-0.09130707854467526,-1.0360290078388268,0.9197990277205834
807,26.9,0.0813578590750694,0.08817735841279485,0.1113933615516261,-1.2128925977012819,0.11244736053903402,-0.7695799569265693,-0.0010539989874079198,-0.031089501463964622,-0.44331264077471255,-12.075033089295392
808,26.933333333333334,0.0710964202880859,0.0840346352778592,0.0840346352778592,-0.8207617882130069,0.08628842149335073,0.04469957985865414,-0.002253786215491521,-0.01519200120526483,-0.8654613680716611,-2.678089177218758
809,26.966666666666665,0.1253344267606735,0.09405127490237562,0.07445368678187009,-0.2874284548796736,0.07644586787630725,0.3604631876819042,-0.001992181094437162,0.048888558884366246,-0.6478916425615778,2.1644065412210747
810,27.0,0.2439455091953277,0.13040585377065178,0.08265051606365875,0.24590487845365971,0.08211944320263297,-0.05299907641887294,0.0005310728610257859,0.16182606599269472,0.29890395487253263,0.18112049565032207
811,27.03333333333333,0.0259662270545959,0.10507560231480441,0.10507560231480441,0.6727525875343697,0.10237303914963754,-0.34680291570315736,0.0027025631651668713,-0.07640681209504163,1.0195555032375272,-0.8082419588795668
812,27.066666666666666,0.0008779866620898,0.07980404698113103,0.10972291078817228,0.1394192542010364,0.10810571570163836,-0.3384972918783864,0.0016171950865339207,-0.10722772903954857,0.4779165460794228,-2.4472316009664024
813,27.099999999999998,0.0428068377077579,0.07083093358034291,0.09659244148376239,-0.3939140791322969,0.09799689828314619,0.21616139765151188,-0.0014044567993837936,-0.055190060575388285,-0.6100754767838088,0.8009475580019232
814,27.133333333333333,-0.7144470810890198,-0.11962636888017607,0.06568419440157472,-0.9272474124656302,0.0676161747338685,-0.17127689440206317,-0.0019319803322937756,-0.7820632558228883,-0.7559705180635671,-5.170499612790507
815,27.166666666666668,0.0484871082007885,-0.07885298830160481,0.016998169541609265,-1.4605807457989637,0.02055691902079148,-0.5992532930902352,-0.0035587494791822147,0.02793018917999702,-0.8613274527087285,-12.67069649305708
816,27.2,-0.2719956338405609,-0.12569681503846575,-0.04946563309613397,-1.993914079132297,-0.041109181728125395,-1.399932089870025,-0.008356451368008576,-0.23088645211243553,-0.593981989262272,-27.719062840206345
817,27.233333333333334,-0.2225704193115234,-0.14919204221255486,-0.11613229976280064,-2.0,-0.1069648692148556,-1.9026824984076243,-0.00916743054794504,-0.11560555009666781,-0.09731750159237573,-34.657018478025215
818,27.266666666666666,-0.4789710938930511,-0.2291749621692542,-0.1827989664294673,-2.0,-0.17349882129350125,-1.9840742494374803,-0.009300145135966054,-0.30547227259954984,-0.015925750562519658,-35.78022464223723
819,27.3,-0.2371688932180404,-0.23111376920977508,-0.2316878553183562,-1.4666666666666668,-0.22508676690259524,-0.3819680534470211,-0.006601088415760958,-0.012082126315445169,-1.0846986132196457,-12.867217900074781
820,27.333333333333332,-0.2761411070823669,-0.24203446881933055,-0.2627989664294673,-0.9333333333333335,-0.2610999586806112,-0.45942059960366716,-0.0016990077488561184,-0.015041148401755688,-0.4739127337296663,-8.495733901604044
821,27.366666666666667,-0.192903071641922,-0.23011839171323012,-0.2761322997628007,-0.40000000000000013,-0.2741835998067867,0.27123315961420635,-0.0019486999560139884,0.0812805281648647,-0.6712331596142065,0.9578185441157026
822,27.4,-0.4002067148685455,-0.2713707413308798,-0.27168785531835626,0.1333333333333332,-0.27172902710240504,0.023272103716048403,4.117178404877686e-05,-0.12847768776614044,0.11006122961728479,0.504826057743579
823,27.433333333333334,-0.4397174417972564,-0.3122006867132868,-0.2850211886516896,-0.40000000000000013,-0.282901872886105,0.3981740368317517,-0.002119315765584606,-0.1568155689111514,-0.7981740368317518,2.355327426382212
824,27.466666666666665,-0.3959810435771942,-0.3325203448081309,-0.3161322997628007,-0.9333333333333335,-0.3142475135221983,-0.2206397622099584,-0.0018847862406023985,-0.0817335300549959,-0.7126935711233751,-5.740156688984952
825,27.5,-0.1826811879873275,-0.29617912414749054,-0.3294656330961341,-0.40000000000000013,-0.3272308610386769,0.3634355657774111,-0.0022347720574572016,0.1445496730513494,-0.7634355657774112,1.8207567110142058
826,27.53333333333333,0.0270548816770315,-0.2177836060471059,-0.32502118865168966,0.1333333333333332,-0.32491059709181086,0.06489713164463157,-0.0001105915598788032,0.3519654787688424,0.06843620168870163,0.8731835783952229
827,27.566666666666666,-0.1846699118614196,-0.20975238047947836,-0.30279896642946746,0.6666666666666665,-0.3055456896251873,-0.3922661089441606,0.0027467231957198357,0.1208757777637677,1.058932775610827,-1.332896033616917
828,27.599999999999998,0.0822232067584991,-0.1389381189174952,-0.2627989664294675,1.1999999999999997,-0.2638882425591535,0.7481673027799269,0.001089276129686012,0.3461114493176526,0.4518326972200728,11.82792690409137
829,27.633333333333333,0.0519289076328277,-0.09264620913985983,-0.20502118865168972,1.733333333333333,-0.21166513101849854,0.35149297460052886,0.006643942366808819,0.26359403865132625,1.381840358732804,12.894780772655185
830,27.666666666666668,0.1430195569992065,-0.03548904280809084,-0.13835452198502307,2.0,-0.14724170498506647,1.730811124011851,0.008887183000043403,0.29026126198427293,0.2691888759881489,32.285193511363545
831,27.7,0.1557027250528335,0.01088162806161544,-0.0716878553183564,2.0,-0.08094213868772744,1.9559479556806856,0.009254283369371036,0.23664486374056093,0.04405204431931442,35.39208178839346
832,27.733333333333334,0.1236035823822021,0.03822063277960194,-0.00502118865168974,2.0,-0.014335547021113785,1.9927909999936397,0.009314358369424045,0.1379391294033159,0.007209000006360267,35.90051579991223
833,27.766666666666666,0.1383804678916931,0.06251288552829398,0.061645478014976926,2.0,0.05232128853141377,1.998820266303307,0.009324189483563158,0.08605917936027932,0.0011797336966929972,35.983719674985636
834,27.8,0.1669121980667114,0.08783335939024402,0.11053436690386581,1.4666666666666668,0.10392359984242838,0.38127879119764185,0.006610767061437428,0.06298859822428302,1.085387875469025,12.867841296248734
835,27.833333333333332,0.058711789548397,0.08077036318777288,0.14164547801497693,0.9333333333333335,0.13994687146545337,0.45993626054853265,0.001698606549523557,-0.08123508191705636,0.4733970727848008,8.501684729001314
836,27.866666666666667,0.1038218885660171,0.0863611619356394,0.15497881134831026,0.40000000000000013,0.15303072918144445,-0.27103404321776237,0.0019480821668658166,-0.04920884061542735,0.6710340432177625,-0.955954979537545
837,27.9,-0.0297217518091201,0.05820700735524814,0.15053436690386582,-0.1333333333333332,0.15057586642958007,-0.023182212075385646,-4.149952571425031e-05,-0.18029761823870016,-0.11015112125794754,-0.5040305685023789
838,27.933333333333334,0.1406339704990387,0.07819842027795536,0.1283121446816436,-0.6666666666666665,0.1310525633959238,0.3841629677068208,-0.0027404187142802128,0.009581407103114892,-1.0508296343734873,1.2393842108594157
839,27.966666666666665,0.1733457446098327,0.10127496436815941,0.10127496436815941,-0.8111154094045253,0.10348668102715103,-0.027276300991448177,-0.0022117166589916137,0.06985906358268168,-0.7838391084130771,-3.5087048132704286
840,28.0,0.1600365489721298,0.11552669774527416,0.09201556183245302,-0.277782076071192,0.09387348372814995,0.3236361343381089,-0.0018579218956969318,0.06616306524397984,-0.6014182104093009,1.8515673892749258
841,28.03333333333333,0.0984328091144561,0.11138083366100214,0.1005339370745244,0.25555125726214134,0.09988768192493439,-0.07961241730164331,0.0006462551495900193,-0.0014548728104782915,0.33516367456378465,-0.02429320646055015
842,28.066666666666666,-0.1156495809555053,0.05631804120200404,0.09127453453881801,-0.277782076071192,0.09252690402519471,0.22427134837871543,-0.001252369486376706,-0.20817648498070002,-0.5020534244499074,1.2004903365579755
843,28.099999999999998,0.0513715520501136,0.05511834509066449,0.06423735422533383,-0.8111154094045253,0.06651075351813626,0.0520043025679211,-0.0022733992928024305,-0.01513920146802266,-0.8631197119724464,-2.593791259254055
844,28.133333333333333,-0.2001669853925705,-0.006797249760224895,0.01942239613407188,-1.3444487427378586,0.02166054054045654,-0.7052425286448846,-0.0022381444063846595,-0.22182752593302704,-0.6392062140929741,-12.574835615741478
845,28.166666666666668,-0.1536871939897537,-0.042423183523710425,-0.042423183523710425,-1.8553673897334693,-0.03487127866747715,-0.7838183049520424,-0.007551904856233277,-0.11881591532227655,-1.0715490847814269,-19.216692608338185
846,28.2,-0.2130194753408432,-0.08379873325553236,-0.08649098540371496,-1.322034056400136,-0.08240948423794647,-0.576273416585089,-0.0040815011657684835,-0.13060999110289673,-0.745760639815047,-12.691480406733398
847,28.233333333333334,0.1127535477280616,-0.036127951023893025,-0.11278100950594172,-0.7887007230668027,-0.110560202796714,-0.057195132288403006,-0.002220806709227724,0.2233137505247756,-0.7315055907783997,-3.853973933899849
848,28.266666666666666,-0.4024268090724945,-0.12496819752904839,-0.12496819752904839,-0.36561564069320013,-0.12267812958530626,0.3988178613569171,-0.002290067943742133,-0.27974867948718823,-0.7644335020501172,2.2496084180897706
849,28.3,-0.5257704854011536,-0.22217672895631152,-0.15493316332993284,-0.8989489740265335,-0.15295623438133368,-0.16602716256445893,-0.0019769289485991604,-0.3728142510198199,-0.7329218114620746,-5.109916688373456
850,28.333333333333332,-0.6072985529899597,-0.3155822010998385,-0.20267590690859508,-1.4322823073598667,-0.19945435106842122,-0.6261765822831051,-0.003221555840173862,-0.4078442019215385,-0.8061057250767616,-12.646346000209924
851,28.366666666666667,-0.1973422020673751,-0.28690487811615717,-0.2681964282650351,-1.9656156406932,-0.26001534635748924,-1.2673194346881618,-0.00818108190754585,0.06267314429011414,-0.6982962060050382,-25.889008198696633
852,28.4,-0.3139643371105194,-0.2934677405290024,-0.3159391718436973,-1.4322823073598667,-0.310220239105698,-0.4483265322161205,-0.005718932737999283,-0.0037440980048213945,-0.9839557751437462,-12.80720065437197
853,28.433333333333334,-0.4752560555934906,-0.3375577461820998,-0.3459041376445817,-0.8989489740265334,-0.34406934203910383,-0.3487109510538837,-0.0018347956054778902,-0.13118671355438677,-0.5502380229726497,-7.21812306779225
854,28.466666666666665,-0.3310126364231109,-0.33597032882707567,-0.35809132566768836,-0.3656156406932001,-0.356181185693894,0.2817793604290745,-0.0019101399737943558,0.025168549270783103,-0.6473950011222745,1.16998536052536
855,28.5,-0.0604665577411651,-0.26915105708060283,-0.3525007359130173,0.16771769264013325,-0.3527190473466653,-0.007567661085542174,0.00021831143364803296,0.2922524896055002,0.17528535372567544,0.33919942106855505
856,28.53333333333333,0.0034280086401849,-0.20304112837433674,-0.3291323683805684,0.7010510259734666,-0.33176623715633413,-0.3110327746886201,0.002633868775765713,0.335194245796519,1.0120838006620867,-0.3954475883275176
857,28.566666666666666,0.0960488691926002,-0.13050137421668806,-0.2879862230703418,1.2343843593067998,-0.28898760984490407,0.8046366135276692,0.0010013867745622962,0.38503647903750426,0.42974774577913055,12.484939654826379
858,28.599999999999998,0.1492149084806442,-0.06266042150741274,-0.22906229998233735,1.767717692640133,-0.23603954852549877,0.35376735832863737,0.006977248543161424,0.38525445700614297,1.4139503343114956,13.281989544935191
859,28.633333333333333,0.1366960257291793,-0.014309531173648964,-0.1623956333156707,2.0,-0.17133736098587807,1.7642625047544855,0.008941727670207372,0.30803338671505737,0.23573749524551446,32.7468225656119
860,28.666666666666668,0.1219509467482566,0.01873838634370839,-0.09572896664900403,2.0,-0.10499217610872194,1.9614221852587364,0.009263209459717911,0.22694312285697854,0.03857781474126365,35.46762615657056
861,28.7,0.1267255544662475,0.04492904029908361,-0.029062299982337364,2.0,-0.038378119082730006,1.993686843119033,0.009315819100392642,0.1651036735489775,0.006313156880966897,35.91287843504266
862,28.733333333333334,0.1614404916763305,0.07318713019914727,0.0376043666843293,2.0,0.028279938156024306,1.9989668686505175,0.009324428528304996,0.1331605535203062,0.0010331313494824634,35.98574278737714
863,28.766666666666666,0.1652212440967559,0.09550861219640275,0.09550861219640275,1.7371273653622035,0.08729924267090869,1.0823165417861276,0.008209369525494059,0.07792200142584721,0.6548108235760759,23.33596827664856
864,28.8,0.2707961797714233,0.13802195989181842,0.13802195989181842,1.2754004308624702,0.1342612926884629,0.6039171944240255,0.003760667203355522,0.13653488708296038,0.6714832364384448,12.666478275317983
865,28.833333333333332,0.3006075024604797,0.17745462358321823,0.17745462358321823,1.1829799107419943,0.17635826369779795,0.7706523044531643,0.0010963598854202838,0.12424923876268174,0.4123276062888299,12.087408187902746
866,28.866666666666667,0.3274771571159363,0.2138403194911378,0.2138403194911378,1.0915708772375872,0.21236974555212526,0.4593331239664764,0.0014705739390125372,0.11510741156381102,0.6322377532711108,8.494724415771197
867,28.9,0.1430708765983581,0.19667626174571926,0.23244823762127959,0.5582375439042538,0.22971158522961788,-0.41946593574114877,0.002736652391661709,-0.08664070863125978,0.9777034796454026,-1.8229949565187205
868,28.933333333333334,0.2055018246173858,0.1988167685036234,0.2332783779736436,0.024904210570920515,0.23218047539915573,-0.25402817413163303,0.0010979025744878579,-0.026678650781769925,0.27893238470255355,-2.0531449520116745
869,28.966666666666665,0.1279601454734802,0.18163156653478307,0.21633074054822982,-0.5084291227624128,0.2185258157712248,0.3734185685436675,-0.0021950752229949744,-0.0905656702977446,-0.8818476913060803,1.8335903868699144
870,29.0,0.1905080378055572,0.18378442035472828,0.18378442035472828,-0.9763896058050462,0.1855418215033295,-0.3044540451719576,-0.0017574011486012342,0.004966216302227683,-0.6719355606330886,-6.707389783327807
871,29.03333333333333,0.2008016109466552,0.18791168248998563,0.16901587793900452,-0.44305627247171286,0.17136460857117125,0.3713964628265751,-0.002348730632166729,0.02943700237548394,-0.814452735298288,1.7531850215250646
872,29.066666666666666,0.2244293987751007,0.19676850212043204,0.17202511330105855,0.09027706086162046,0.17239236035319516,0.11307070124185326,-0.00036724705213661557,0.052037038421905546,-0.022793640380232794,1.1651459364407808
873,29.099999999999998,0.2168925255537033,0.20164927955995693,0.19281212644089035,0.6236103941949538,0.18993051964864002,-0.4857182093622423,0.0028816067922503297,0.026962005905063285,1.109328603557196,-2.4113514121733575
874,29.133333333333333,0.1816513389348983,0.19679908159813325,0.19679908159813325,0.11960865471728699,0.1951059319469516,-0.37477404571874406,0.0016931496511816413,-0.013454593012053317,0.49438270043603105,-2.8479308560491274
875,29.166666666666668,0.0986329615116119,0.17299037426718084,0.18300825897759837,-0.41372467861604634,0.18446420439768946,0.22017008701637564,-0.001455945420091087,-0.08583124288607756,-0.633894765632422,0.7749867033429357
876,29.2,0.224524587392807,0.18548921803076796,0.18548921803076796,0.07442877159508754,0.18560924692202305,0.048383724334925035,-0.00012002889125509175,0.03891534047078396,0.026045047260162504,0.5819008789914979
877,29.233333333333334,0.3081756830215454,0.21524496406473623,0.20574795486171532,0.6077621049284209,0.20283086337276257,-0.501911789942612,0.00291709148895275,0.10534481964878284,1.1096738948710327,-2.59822847536248
878,29.266666666666666,0.1670500487089157,0.20355601645699323,0.2082289139148849,0.07442877159508754,0.20674947076574018,-0.3375232510082282,0.0014794431491447213,-0.039699422056824474,0.41195202260331576,-2.65257400652861
879,29.3,0.1036977022886276,0.17933689305167327,0.1929320951902767,-0.4589045617382458,0.1947057802572749,0.2838909731730408,-0.0017736850669981818,-0.0910080779686473,-0.7427955349112866,1.197529263033783
880,29.333333333333332,0.150280624628067,0.17228973472029063,0.17228973472029063,-0.6192708140995823,0.17509511801612448,0.37969387800962506,-0.002805383295833852,-0.024814493388057496,-0.9989646921092074,1.1878100482710017
881,29.366666666666667,0.0816211029887199,0.1502994297648514,0.1502994297648514,-0.6597091486631773,0.15294535679834248,0.24979960123993272,-0.002645927033491091,-0.07132425380962258,-0.90950874990311,-0.31119511907427155
882,29.4,0.0643928572535514,0.12946409023096656,0.12946409023096656,-0.625060186016545,0.13221661132535195,0.3224953937816264,-0.002752521094385396,-0.06782375407180055,-0.9475555797981714,0.5277284376384624
883,29.433333333333334,0.0623146034777164,0.11317799808305742,0.11317799808305742,-0.48858276443727394,0.11631992473741495,0.5696920568338284,-0.0031419266543575297,-0.054005321259698556,-1.0582748212711024,3.3804259119294624
884,29.466666666666665,0.0172046367079019,0.08990111120462255,0.08990111120462255,-0.6983066063530463,0.09242170964323046,0.1603528511011273,-0.0025205984386079128,-0.07521707293532856,-0.8586594574541736,-1.343427977940257
885,29.5,0.0211412459611892,0.07322444611636456,0.07322444611636456,-0.5002999526477397,0.07634217489659492,0.560337979048203,-0.0031177287802303666,-0.05520092893540572,-1.060637931695943,3.272478038588872
886,29.53333333333333,0.0540334731340408,0.06856996594815938,0.06856996594815938,-0.1396344050461552,0.07049210336809818,0.42815849320959143,-0.0019221374199387964,-0.01645863023405738,-0.5677928982557466,3.2609927414109627
887,29.566666666666666,0.1215670630335807,0.08142361008510554,0.08142361008510554,0.3856093241083848,0.08021554844491476,-0.16681702904429097,0.0012080616401907857,0.04135151458866594,0.5524263531526757,-0.3909988066200385
888,29.599999999999998,0.2236446291208267,0.11591716667618676,0.11205503199982948,0.9189426574417181,0.11009094619687054,0.14542562606620923,0.0019640858029589398,0.11355368292395615,0.7735170313755089,4.872170958275716
889,29.633333333333333,0.24623703956604,0.147524280314851,0.147524280314851,1.064077449450645,0.14601033934825253,0.4546220845080573,0.0015139409665984593,0.10022670021778748,0.6094553649425878,8.440358105974042
890,29.666666666666668,0.2064543068408966,0.16181686673190881,0.16521575085209472,0.5307441161173118,0.1626103411919958,-0.39553579567625374,0.002605409660098923,0.04384396564890081,0.9262799117935655,-1.689752756111307
891,29.7,0.2294107675552368,0.17821074478924284,0.17821074478924284,0.3898498181144436,0.17524464233279952,-0.5982239485894087,0.002966102456443326,0.05416612522243727,0.9880737667038524,-4.029246843168904
892,29.733333333333334,0.2758126258850097,0.2018826044890192,0.2018826044890192,0.710155790993291,0.19938891021205185,-0.1477653746546762,0.0024936942769673565,0.07642371567295786,0.8579211656479672,1.4886898994529565
893,29.766666666666666,0.2778725922107696,0.22031282640423003,0.22031282640423003,0.5529066574563246,0.2173457861694569,-0.4642976588136809,0.0029670402347731217,0.06052680604131269,1.0172043162700055,-2.16415410095844
894,29.8,0.353288322687149,0.2525640213215574,0.2525640213215574,0.9675358475198218,0.2508130709559786,0.3291780409532901,0.0017509503655788183,0.10247525173117039,0.6383578065665316,6.992709493751623
895,29.833333333333332,0.3467618227005005,0.27541027298428744,0.27541027298428744,0.6853875498819006,0.2727947360919584,-0.25839899778747466,0.002615536892329018,0.07396708660854207,0.9437865476693753,0.21195641371027873
896,29.866666666666667,0.2401879876852035,0.2668676405417087,0.2804787468692397,0.15205421654856732,0.27890455625038213,-0.31619456475141183,0.0015741906188575516,-0.03871656856517863,0.46824878129997916,-2.196803107187284
897,29.9,0.323149561882019,0.2805179691075529,0.2805179691075529,0.0011766671493962377,0.27987704054418805,-0.16056223980169443,0.0006409285633648398,0.04327252133783094,0.16173890695109067,-1.3671946670589612
898,29.933333333333334,0.2595386505126953,0.27542975276583,0.27542975276583,-0.1526464902516872,0.27594044666733397,0.0726586165518803,-0.0005106939015039891,-0.01640179615463866,-0.2253051068035675,0.20557537274540055
899,29.966666666666665,0.3098650872707367,0.28378152219858505,0.28378152219858505,0.2505530829826519,0.2826388898287299,-0.20400694837245104,0.0011426323698551233,0.027226197442006772,0.4545600313551029,-1.0916919685375082
900,30.0,0.3928874433040619,0.3102435127650326,0.3099110694091179,0.7838864163159852,0.307554548341897,-0.10830286081750673,0.002356521067220896,0.0853328949621649,0.8921892771334919,1.9440949690945843
901,30.03333333333333,0.1952960342168808,0.28236474081426416,0.31826283884187295,0.2505530829826519,0.3163780561377903,-0.35048683638325484,0.0018847827040826548,-0.1210820219209095,0.6010399193659067,-2.1927192243795215
902,30.066666666666666,0.3696577548980713,0.3035363407769221,0.30883683049685023,-0.28278025035068144,0.30959291338003947,0.09568294785958126,-0.0007560828831892352,0.06006484151803182,-0.3784631982102627,0.08154710063873088
903,30.099999999999998,0.2728989422321319,0.29610570325461044,0.29610570325461044,-0.3819338172671938,0.29835956040495787,0.42929896273639234,-0.002253857150347427,-0.025460618172825966,-0.8112327800035861,2.6354818518638172
904,30.133333333333333,0.3315482139587402,0.3047017480375257,0.30115235379014843,0.15139951606613955,0.3012406801349078,0.0717728846660324,-8.832634475935963e-05,0.03030753382383239,0.07962663140010715,1.0029167400740002
905,30.166666666666668,-0.4796063899993896,0.11447967448152815,0.28842122654790864,-0.3819338172671938,0.2905213539880702,0.4018272234548754,-0.002100127440161581,-0.7701277439874599,-0.7837610407220692,2.4426323612686183
906,30.2,-0.4806779325008392,-0.029866799311509012,0.25791232152789106,-0.9152671506005271,0.2598500355821602,-0.18614303750347583,-0.001937714054269124,-0.7405279680829994,-0.7291241130970513,-5.342057789807223
907,30.233333333333334,-0.1643320173025131,-0.062479303692031106,0.2096256387300957,-1.4486004839338604,0.21303628401321673,-0.6110325113666684,-0.0034106452831210166,-0.37736830131572985,-0.8375679725671921,-12.660042899867527
908,30.266666666666666,0.2073103189468383,0.0029540877945179664,0.14356117815452257,-1.9819338172671936,0.15184251031223497,-1.3432528441178122,-0.008281332157712401,0.05546780863460332,-0.6386809731493814,-26.936889248825807
909,30.3,0.0861683264374733,0.023136442479331328,0.07689451148785591,-2.0,0.08604964897662809,-1.8951433602728276,-0.009155137488772183,0.0001186774608452068,-0.10485663972717241,-34.55297837176502
910,30.333333333333332,0.0080803511664271,0.01948481530591255,0.019484815305912548,-1.7222908854583008,0.02760346757272856,-1.0135417684679453,-0.00811865226681601,-0.019523116406301458,-0.7087491169903555,-22.386876404857645
911,30.366666666666667,-0.937175452709198,-0.21253865996485594,-0.04718185136075412,-2.0,-0.03805333600388588,-1.8788164291937326,-0.00912851535686824,-0.8991221167053122,-0.1211835708062674,-34.32766672287351
912,30.4,-0.4399351775646209,-0.2676902451638919,-0.11384851802742078,-2.0,-0.1045547412590766,-1.9801686306228878,-0.009293776768344184,-0.3353804363055443,-0.019831369377112162,-35.72632710259585
913,30.433333333333334,-0.6191913485527039,-0.35294152014262203,-0.18051518469408745,-2.0,-0.1711943633348556,-1.996754649093481,-0.009320821359231846,-0.44799698521784825,-0.0032453509065188957,-35.95521415749004
914,30.466666666666665,-0.6861398816108704,-0.4337537419596648,-0.2471818513607541,-2.0,-0.2378566042260811,-1.9994689069470604,-0.009325247134673004,-0.44828327738478924,-0.0005310930529396352,-35.99267091586943
915,30.5,-0.7638496160507202,-0.51381350239903,-0.31384851802742075,-2.0,-0.30452254662635614,-1.9999130880329998,-0.009325971401064614,-0.4593270694243641,-8.691196700016945e-05,-35.9988006148554
916,30.53333333333333,-0.7615577578544617,-0.5739001235863023,-0.3805151846940874,-2.0,-0.37118909476875217,-1.9999857770875233,-0.009326089925335235,-0.3903686630857095,-1.4222912476657967e-05,-35.99980372380782
917,30.566666666666666,-0.7050955891609192,-0.6057195989843422,-0.44718185136075406,-2.0,-0.43785574203923683,-1.9999976724581614,-0.009326109321517229,-0.26723984712168236,-2.3275418385981794e-06,-35.99996787992263
918,30.599999999999998,-0.8687446713447571,-0.6695123511376541,-0.5138485180274207,-2.0,-0.5045224055317699,-1.9999996191039628,-0.009326112495650851,-0.3642222658129872,-3.808960371554093e-07,-35.99999474363469
919,30.633333333333333,-0.6751939058303833,-0.6708903262755608,-0.5805151846940874,-2.0,-0.571189071678998,-1.999999937667357,-0.009326113015089343,-0.10400483415138528,-6.233264304711383e-08,-35.999999139809525
920,30.666666666666668,-0.7539263963699341,-0.6910294688743202,-0.647181851360754,-2.0,-0.6378557382606599,-1.9999999897994083,-0.009326113100094124,-0.1160706581092742,-1.020059170464549e-08,-35.999999859231835
921,30.7,-0.6447057723999023,-0.6797943570977193,-0.6960707402496429,-1.4666666666666668,-0.6894591988688881,-0.381223648247655,-0.006611541380754815,0.044753426468985724,-1.0854430184190118,-12.867891169724405
922,30.733333333333334,-0.7001249194145203,-0.6847252274188421,-0.727181851360754,-0.9333333333333335,-0.7254832769083237,-0.45997751489797184,-0.0016985744524302682,0.02535835749380344,-0.4733558184353616,-8.502160812201604
923,30.766666666666666,-0.551081120967865,-0.6523118712202522,-0.7405151846940873,-0.40000000000000013,-0.7385671519521191,0.2710181133369436,-0.0019480327419681975,0.1874860309842541,-0.6710181133369437,0.9558058890449725
924,30.8,-0.6402905583381653,-0.6493962836438953,-0.7360707402496428,0.1333333333333332,-0.7361122659956271,0.023175020487204934,4.1525745984261064e-05,0.09582170765746179,0.11015831284612826,0.5039669270894109
925,30.833333333333332,-0.5535162687301636,-0.6261420365374964,-0.7138485180274206,0.6666666666666665,-0.7165889356548178,-0.38416157073769086,0.0027404176273972958,0.16307266692465427,1.0508282374043574,-1.2393680895644978
926,30.866666666666667,-0.4349261820316314,-0.5797655238164521,-0.6738485180274205,1.1999999999999997,-0.6749380555355976,0.7478313533684298,0.0010895375081770853,0.2400118735039662,0.45216864663156997,11.824049982672493
927,30.9,-0.6711443662643433,-0.6019280796367852,-0.6160707402496428,1.733333333333333,-0.6227147878299447,0.3514854818488171,0.006644047580301904,-0.048429578434398546,1.3818478514845158,12.894787549397618
928,30.933333333333334,-0.320293664932251,-0.5336219130274255,-0.5494040735829762,2.0,-0.5582912738009281,1.7308216834819736,0.008887200217951974,0.23799760886867716,0.2691783165180264,32.285339232051236
929,30.966666666666665,-0.3680248856544494,-0.4934588592556767,-0.4934588592556767,1.6783564298189846,-0.5013470666724189,0.8333048554210891,0.007888207416742232,0.1333221810179695,0.8450515743978955,19.899607004811028
930,31.0,-0.4481966495513916,-0.4824811950365783,-0.45529142270615497,1.1450230964856511,-0.45728592386775774,0.7431018887636798,0.0019945011616027686,0.009089274316366136,0.4019212077219714,12.540594105680581
931,31.03333333333333,-0.4216375052928924,-0.46772447855673865,-0.43490176393441105,0.6116897631523178,-0.4377198701089862,-0.38197594208421926,0.0028181061745751745,0.01608236481609382,0.9936657052365371,-1.2141455106570451
932,31.066666666666666,-0.7818648219108582,-0.5439144663974629,-0.4322898829404449,0.0783564298189845,-0.4336451919717728,-0.29488992557045046,0.0013553090313279115,-0.34821962993908534,0.37324635538943496,-2.240600716460975
933,31.099999999999998,-0.4355934560298919,-0.5176428440560532,-0.44745577972425654,-0.45497690351434883,-0.44563413822611275,0.29907128576535436,-0.001821641498143789,0.01004068219622084,-0.7540481892797032,1.3441215290929913
934,31.133333333333333,-0.3080358505249023,-0.4668058387928776,-0.4668058387928776,-0.5805017720586325,-0.4638905700619887,0.4489730911051404,-0.0029152687308889313,0.1558547195370864,-1.029474863163773,1.9873056149919388
935,31.166666666666668,-0.4895665645599365,-0.4723261084943831,-0.4723261084943831,-0.1656080910451646,-0.47042316091037895,0.4072819783573489,-0.0019029475840041665,-0.019143403649557578,-0.5728900694025135,2.9876487810650874
936,31.2,-0.4082516729831695,-0.4567858235046341,-0.4600686004181108,0.3677252422881687,-0.4612082219831749,-0.15748592712023546,0.0011396215650640862,0.052956549000005404,0.5252111694084042,-0.3649469720118741
937,31.233333333333334,-0.4482154846191406,-0.45470721746344644,-0.45470721746344644,0.1608414886399312,-0.4559374421317962,-0.24655197166817322,0.0012302246683497664,0.007721957512655586,0.4073934603081044,-1.6530896523048713
938,31.266666666666666,-0.2227968424558639,-0.39846086443757106,-0.4315680567310043,0.6941748219732645,-0.4341798218863063,-0.269860602585859,0.002611765155302037,0.21138297943044243,0.9640354245591235,0.0796872695561579
939,31.3,-0.3585122525691986,-0.3887719329873559,-0.39065111822078435,1.2275081553065978,-0.39166661012211024,0.7919461934714115,0.0010154919013258823,0.03315435755291163,0.43556196183518636,12.333143800471904
940,31.333333333333332,-0.1594400405883789,-0.3331509519098893,-0.3331509519098893,1.7250049893268515,-0.33966063130908913,0.3619109404673875,0.00650967939919983,0.18022059072071023,1.363094048859464,12.885358350249572
941,31.366666666666667,-0.2247274369001388,-0.3068544686182499,-0.29342856337677203,1.191671655993518,-0.2954538341349068,0.7361134339758277,0.002025270758134745,0.07072639723476798,0.45555822201769036,12.546914741955856
942,31.4,0.0037250444293022,-0.23152810629872916,-0.23592839706587698,1.7250049893268513,-0.2428445458744537,0.33296432657369746,0.006916148808576716,0.2465695903037559,1.3920406627531539,12.911538818375858
943,31.433333333333334,-0.147115096449852,-0.21105500779340614,-0.1962060085327597,1.191671655993518,-0.19839489668062799,0.7244614638702053,0.002188888147868273,0.051279800230775996,0.46721019212331283,12.557453246842131
944,31.466666666666665,-0.4737820327281952,-0.2747754730526122,-0.17426139777742022,0.6583383226601848,-0.17693683547915162,-0.28518533223605413,0.002675437701731398,-0.29684519724904357,0.9435236548962389,-0.09716308524849593
945,31.5,-0.6095353364944458,-0.3559664135503263,-0.17009456479985852,0.12500498932685145,-0.17156617168742974,-0.30120456028022025,0.0014716068875712252,-0.4379691648070161,0.4262095496070717,-2.145767378704912
946,31.53333333333333,-0.1730443090200424,-0.3116014244147172,-0.1837055096000746,-0.4083283440064819,-0.18215813400146091,0.24792154385152598,-0.0015473755986136761,0.009113824981418522,-0.6562498878580079,1.0370305647926745
947,31.566666666666666,-0.5816956758499146,-0.3771086990072703,-0.21509423217806845,-0.9416616773398152,-0.2132097704325084,-0.2055992049362385,-0.0018844617455600343,-0.3684859054174061,-0.7360624724035767,-5.56658573856477
948,31.599999999999998,0.0007266601896844,-0.28547044867735083,-0.2642607325338401,-1.4749950106731484,-0.26054013973748175,-0.5862453408704229,-0.003720592796358335,0.26126679992716617,-0.8887496698027255,-12.682461402062618
949,31.633333333333333,-0.4401190280914306,-0.3229781220291362,-0.3229781220291362,-1.7615216848588844,-0.3155821982179523,-0.6050470176564668,-0.007395923811183924,-0.1245368298734783,-1.1564746672024175,-16.74964884365924
950,31.666666666666668,-0.4013313353061676,-0.34198150855096615,-0.3639177337466546,-1.2281883515255512,-0.36107725310463384,-0.6743031991817058,-0.0028404806420207485,-0.04025408220153376,-0.5538851523438454,-12.60281837503188
951,31.7,-0.5637133717536926,-0.3957592175231408,-0.3957592175231408,-0.9552445132945864,-0.39396755269697553,-0.2996608479668792,-0.0017916648261652734,-0.1697458190567171,-0.6555836653277072,-6.652075357186791
952,31.733333333333334,-0.6654035449028015,-0.46115736984265315,-0.4453784790774048,-1.4885778466279196,-0.441524707582847,-0.5753642338782206,-0.0038537714945577894,-0.2238788373199545,-0.913213612749699,-12.692302707710141
953,31.766666666666666,-0.2956474125385284,-0.42101543359887367,-0.477219962853891,-0.9552445132945863,-0.4754703009718682,-0.353647173730783,-0.0017496618820228016,0.17982288843333982,-0.6015973395638032,-7.275088035640376
954,31.8,-0.2851535975933075,-0.3880642006475113,-0.49128366885259944,-0.42191117996125294,-0.4890991533273762,0.3325974622441936,-0.0021845155252232518,0.2039455557340687,-0.7545086422054466,1.4598340674724077
955,31.833333333333332,0.0510197393596172,-0.2815710336349283,-0.4875695970735301,0.11142215337208039,-0.48738582169393474,0.07366158186980533,-0.00018377537959535228,0.538405561053552,0.03776057150227506,0.8823757332201272
956,31.866666666666667,0.0109459124505519,-0.2106254736743749,-0.46607774751668296,0.6447554867054137,-0.46889073200858006,-0.4367639220106023,0.002812984491897097,0.47983664445913193,1.081519408716016,-1.8464094337525219
957,31.9,0.0191735867410898,-0.1548911880620124,-0.42680812018205805,1.178088820038747,-0.42795787732736407,0.7110988762849507,0.0011497571453060185,0.4471314640684539,0.4669899437537962,11.400150067088399
958,31.933333333333334,-0.0222221221774816,-0.12271431320201333,-0.36976071506965535,1.7114221533720801,-0.3761539081437316,0.37160330442689893,0.006393193074076264,0.35393178596625,1.3398188489451812,12.876592191048964
959,31.966666666666665,0.0707888081669807,-0.07578305850599815,-0.3030940484029887,2.0,-0.3119401969475185,1.7056453435455765,0.008846148544529808,0.3827290051144992,0.2943546564544235,31.937905740928954
960,32.0,0.0842451006174087,-0.036970649480132844,-0.23642738173632205,2.0,-0.24567494992607702,1.9518296425729793,0.009247568189754973,0.3299200505434857,0.048170357427020694,35.335249067507114
961,32.03333333333333,0.1451556831598281,0.0072013372222314645,-0.1697607150696554,2.0,-0.17907397451777754,1.9921170489959397,0.009313259448122141,0.32422965767760564,0.007882951004060335,35.89121527614397
962,32.06666666666666,0.0694057047367096,0.02228806551050333,-0.10309404840298873,2.0,-0.11241805805100066,1.9987099760132256,0.00932400964801193,0.18182376278771026,0.001290023986774358,35.982197668982515
963,32.1,0.0713480338454246,0.03418681863146235,-0.03642738173632207,2.0,-0.04575315062598263,1.9997888910021646,0.009325768889660566,0.11710118447140723,0.00021110899783538528,35.99708669582987
964,32.13333333333333,0.065558522939682,0.04179555090782474,0.030239284930344598,2.0,0.020913228145462544,1.9999654525734214,0.009326056784882054,0.04464529479421946,3.454742657860166e-05,35.99952324551322
965,32.166666666666664,0.0187914799898862,0.03621626152139544,0.07912817381923348,1.4666666666666668,0.07251665510721524,0.38122526259587275,0.006611518712018247,-0.053725175117329035,1.085441404070794,12.867889709643737
966,32.2,-0.1841350197792053,-0.017226608196409685,0.1102392849303446,0.9333333333333335,0.10854070953824962,0.4599763071481982,0.0016985753920949753,-0.2926757293174549,0.47335702618513525,8.502146874534787
967,32.233333333333334,0.0206309240311384,-0.008044836478393606,0.12357261826367794,0.40000000000000013,0.12162458407476145,-0.27101857969527854,0.001948034188916481,-0.10099366004362306,0.6710185796952787,-0.95581025377277
968,32.266666666666666,-0.4437645375728607,-0.11372205823825234,0.11912817381923349,-0.1333333333333332,0.11916969879760109,-0.023175231025953928,-4.152497836759639e-05,-0.5629342363704618,-0.11015810230737927,-0.5039687902360868
969,32.3,-0.0687233507633209,-0.10280830249851737,0.09690595159701128,-0.6666666666666665,0.0996463692562278,0.38416161163493956,-0.0027404176592165236,-0.1683697200195487,-1.050828278301606,1.2393685615266907
970,32.333333333333336,-0.3135783672332763,-0.1539273930867252,0.056905951597011284,-1.1999999999999997,0.05799548910386938,-0.7478313550636984,-0.0010895375068580987,-0.3715738563371457,-0.4521686449363014,-11.824050002236195
971,32.36666666666667,0.0114752892404794,-0.11381147476569928,-0.0008718261807664773,-1.733333333333333,0.005772221399004612,-0.3514854818866231,-0.006644047579771089,0.005703067841474788,-1.3818478514467099,-12.894787549363432
972,32.4,-0.1239218115806579,-0.11626358400697868,-0.06753849284743314,-2.0,-0.05865129262956803,-1.730821683428717,-0.008887200217865113,-0.06527051895108987,-0.2691783165712831,-32.28533923131629
973,32.43333333333333,-0.1279198825359344,-0.11909064287406558,-0.11909064287406558,-1.5465645007989732,-0.11176217976134765,-0.3733064558135557,-0.007328463112717926,-0.016157702774586738,-1.1732580449854175,-13.551629090227069
974,32.46666666666667,0.0360105708241462,-0.08147318992429511,-0.15286501512292022,-1.0132311674656398,-0.15142671454821788,-0.6462146410090136,-0.0014383005747023447,0.1874372853723641,-0.3670165264566262,-10.651373397502532
975,32.5,0.0246906597167253,-0.05572475428272647,-0.1688616095939971,-0.47989783413230647,-0.16673889611788498,0.27393397993574553,-0.0021227134761121202,0.19142955583461027,-0.753831814068052,0.7194453913477747
976,32.53333333333333,0.0174454562366008,-0.037978426669254495,-0.1670804262872962,0.05343549920102686,-0.16666520266816554,0.1072160112930966,-0.00041522361913065575,0.18411065890476633,-0.05378051209206974,0.9983807193432211
977,32.56666666666666,0.1674795895814895,0.011852306921933682,-0.1475214652028175,0.5867688325343602,-0.15041380659712575,-0.5226284584622152,0.0028923413943082454,0.31789339617861523,1.1093972909965752,-2.904089015086031
978,32.6,0.1130071952939033,0.03638589478524852,-0.11018472634056106,1.1201021658676935,-0.11149852233279473,0.6078847627174409,0.0013137959922336628,0.22450571762669802,0.5122174031502527,10.20903916190987
979,32.63333333333333,0.0457754395902156,0.03866318682893214,-0.05507020970052684,1.6534354992010267,-0.060801411293758864,0.4247100400881867,0.005731201593232024,0.10657685088397446,1.22872545911284,12.828560348520664
980,32.666666666666664,0.1498671174049377,0.06563401785293631,0.011596456966139826,2.0,0.002858641568535632,1.63920634347534,0.008737815397604194,0.14700847583640206,0.3607936565246599,31.021047539959692
981,32.7,0.1235175803303718,0.0796728002463273,0.07826312363280649,2.0,0.0690332838747042,1.9409570767402275,0.009229839758102293,0.0544842964556676,0.05904292325977245,35.18520765901514
982,32.733333333333334,0.0829699859023094,0.08047248274605227,0.1271520125216954,1.4666666666666668,0.12057922434734235,0.3839834478216897,0.006572788174353042,-0.037609238445032944,1.082683218844977,12.865395097297853
983,32.766666666666666,0.1339995115995407,0.09345465381632496,0.1582631236328065,0.9333333333333335,0.15656294278201613,0.45791281331701356,0.0017001808507903782,-0.02256343118247542,0.4754205200163199,8.478333755183776
984,32.8,0.0647334605455398,0.08648876289410917,0.17159645696613984,0.40000000000000013,0.1696459506022237,-0.2718153735184965,0.001950506363916138,-0.1049124900566839,0.6718153735184966,-0.9632675841160434
985,32.833333333333336,0.0868865326046943,0.08658523591979352,0.1671520125216954,-0.1333333333333332,0.1671922259931288,-0.0235349457722904,-4.021347143340348e-05,-0.0803056933884345,-0.10979838756104279,-0.5071520585411418
986,32.86666666666667,0.0811443254351615,0.08526562539399969,0.14492979029947317,-0.6666666666666665,0.1476702623232903,0.3842314863805891,-0.0027404720238171365,-0.06652593688812881,-1.0508981530472556,1.2401749296546771
987,32.9,-0.1508911103010177,0.02798938182401712,0.10492979029947318,-1.1999999999999997,0.10601932555280923,-0.7478342515124643,-0.0010895352533360492,-0.25691043585382695,-0.45216574848753543,-11.824083427817179
988,32.93333333333333,0.0442559495568275,0.031934591740516334,0.047152012521695416,-1.733333333333333,0.0537960591943493,-0.35148554648674013,-0.006644046672653885,-0.009540109637521804,-1.3818477868465928,-12.894787490936515
989,32.96666666666667,0.0138400616124272,0.027546037199183013,0.007152012521695422,-1.1999999999999997,0.009335932928138143,-0.7239587769483132,-0.0021839204064427204,0.004504128684289057,-0.4760412230516865,-12.55790789687423
990,33.0,-0.0188615713268518,0.016290573823917312,-0.01507020970052679,-0.6666666666666664,-0.012418598641380943,0.2700186119171616,-0.002651611059145848,-0.006442972685470857,-0.936685278583828,-0.0778638112021488
991,33.03333333333333,-0.0071188756264746,0.010612966007168805,-0.019514654144971225,-0.13333333333333308,-0.018019751867341643,0.30314810617475174,-0.0014949022776295819,0.010900876240867044,-0.4364814395080848,2.1364751013343497
992,33.06666666666666,-0.2181635200977325,-0.04487330967607661,-0.041736876367193435,-0.6666666666666664,-0.039056704120600534,0.30672826647114015,-0.0026801722465929004,-0.17910681597713196,-0.9733949331378066,0.34577272796146846
993,33.1,-0.2178287357091903,-0.08682103172206582,-0.08173687636719343,-1.1999999999999997,-0.08064484156679426,-0.7446215871441169,-0.0010920348003991692,-0.13718389414239607,-0.4553784128558829,-11.78700865740495
994,33.13333333333333,-0.582690417766571,-0.20708664959824497,-0.1395146541449712,-1.733333333333333,-0.1328696013218997,-0.35141389374489673,-0.0066450528230714845,-0.4498208164446713,-1.3819194395884362,-12.894852296524155
995,33.166666666666664,-0.3208498060703277,-0.23467818214635736,-0.20618132081163787,-2.0,-0.19729395608837758,-1.7309225719773456,-0.008887364723260294,-0.12355584998195013,-0.26907742802265444,-32.28673149328737
996,33.2,-0.397348403930664,-0.2741313835004512,-0.2728479874783045,-2.0,-0.26359367437041187,-1.9559661938441186,-0.009254313107892653,-0.13375472956025214,-0.04403380615588137,-35.39233347504884
997,33.233333333333334,-0.0665220022201538,-0.22377886886804904,-0.3217368763671934,-1.4666666666666668,-0.3151542368595829,-0.3832818876708788,-0.00658263950761051,0.24863223463942907,-1.083384778995788,-12.866029616182637
998,33.266666666666666,-0.1522424519062042,-0.20642879316526694,-0.3528479874783045,-0.9333333333333335,-0.35114821498509424,-0.4584376747475832,-0.0016997724932102387,0.19890576307889005,-0.4748956585857503,-8.48439075797197
999,33.3,0.1147261708974838,-0.1285375151916308,-0.36618132081163784,-0.40000000000000013,-0.3642314432595395,0.27161270446293884,-0.0019498775520983558,0.4789576141570233,-0.671612704462939,0.9613707695906107
1000,33.333333333333336,0.0230394415557384,-0.09177481744892906,-0.3617368763671934,0.1333333333333332,-0.36177742342789915,0.02344345027397556,4.054706070572012e-05,0.38481686498363754,0.10988988305935764,0.5063423760835523
1001,33.36666666666667,0.0293922256678342,-0.06238758420408565,-0.33951465414497123,0.6666666666666665,-0.342255112340842,-0.38421371334032295,0.0027404581958707652,0.3716473380086762,1.0508803800069895,-1.2399698253201286
1002,33.4,0.0842464715242385,-0.026823712325384476,-0.29951465414497125,1.1999999999999997,-0.3006041899715035,0.7478335147841928,0.0010895358265322619,0.384850661495742,0.45216648521580693,11.824074925829926
1003,33.43333333333333,0.1799098402261734,0.0233163832987466,-0.2417368763671935,1.733333333333333,-0.2483809232705778,0.3514855300553288,0.006644046903384326,0.4282907634967512,1.3818478032780042,12.894787505797703
1004,33.46666666666667,0.1570571362972259,0.0557531796553258,-0.17507020970052684,2.0,-0.18395740980770306,1.7308216155449725,0.008887200107176224,0.341014546104929,0.2691783844550275,32.28533829452062
1005,33.5,0.2057511359453201,0.092132914724837,-0.10840354303386017,2.0,-0.11765782920276803,1.9559496725922043,0.00925428616890786,0.32340896514808815,0.044050327407795686,35.39210548177242
1006,33.53333333333333,0.1598442792892456,0.10855528183553204,-0.041736876367193504,2.0,-0.05105123519475431,1.9927912809616475,0.009314358827560806,0.2108955144839999,0.007208719038352518,35.90051967727074
1007,33.56666666666666,0.1334352642297744,0.11458954517100534,0.024929790299473162,2.0,0.015605600740937142,1.9988203122829749,0.00932418955853602,0.11782966348883725,0.0011796877170251463,35.98372030950505
1008,33.6,0.0921206697821617,0.10914005936350758,0.09159645696613983,2.0,0.08227065863460001,1.9998069472395459,0.00932579833153982,0.00985001114756169,0.00019305276045411546,35.99733587190573
1009,33.63333333333333,0.1444768011569976,0.11771045149726123,0.14048534585502873,1.4666666666666668,0.13387393117903446,0.38123267149441964,0.0066114146759942705,0.010602869977963142,1.0854339951722471,12.86788300874139
1010,33.666666666666664,0.0545379631221294,0.1023889201403545,0.17159645696613984,0.9333333333333335,0.1698978772615424,0.45997076429476474,0.0016985797045974416,-0.115359914139413,0.4733625690385687,8.502082908930259
1011,33.7,0.1027955561876297,0.10248754356186955,0.18492979029947318,0.40000000000000013,0.18298174946992446,-0.2710207200028045,0.0019480408295487195,-0.08018619328229476,0.6710207200028047,-0.9558302852787754
1012,33.733333333333334,0.0479095019400119,0.08925046524476729,0.18048534585502873,-0.1333333333333332,0.1805268673104923,-0.023176197273628442,-4.152145546357233e-05,-0.1326173653704804,-0.11015713605970476,-0.5039773409714359
1013,33.766666666666666,0.1462545394897461,0.10307594107262302,0.1582631236328065,-0.6666666666666665,0.16100354143805448,0.38416179932896743,-0.0027404178052479744,-0.014749001948308388,-1.050828465995634,1.2393707275522023
1014,33.8,0.2456675916910171,0.13765938874701986,0.13765938874701986,-0.6181120465735995,0.14042804280695975,0.33033513846211826,-0.0027686540599398957,0.10523954888405734,-0.9484471850357178,0.6182006130027539
1015,33.833333333333336,0.2209163308143615,0.15785210050138376,0.134833431639011,-0.0847787132402662,0.13615884810531267,0.28096429343404694,-0.0013254164663016876,0.08475748270904881,-0.36574300667431314,2.0890757818225874
1016,33.86666666666667,0.1824229806661605,0.1638113957673214,0.1497852523087799,0.4485546200930671,0.1479770177682478,-0.2987085469669799,0.001808234540532111,0.03444596289791271,0.747263167060047,-1.3609505773315989
1017,33.9,0.2662424147129059,0.18865448979545663,0.18251485075632656,0.9818879534264005,0.18075728051059192,0.29403162390748255,0.001757570245734641,0.08548513420231396,0.687856329518918,6.587113018868058
1018,33.93333333333333,0.2177419960498809,0.19570922439012586,0.19746667142609547,0.4485546200930671,0.1950780785019726,-0.38057049195076886,0.0023885929241228843,0.022663917547908308,0.829125112043836,-1.8209026333467933
1019,33.96666666666667,0.0991500616073608,0.1722902602425115,0.1946407143180866,-0.0847787132402662,0.19422726505416074,-0.12290522057183303,0.00041344926392586356,-0.09507720344679994,0.038126507331566833,-1.2350195932199566
1020,34.0,-0.1030570417642593,0.10550893770405764,0.17403697943229995,-0.6181120465735995,0.1769363676264794,0.4983675396094931,-0.002899388194179453,-0.2799934093907387,-1.1164795861830927,2.5573271385535534
1021,34.03333333333333,0.0439514406025409,0.09057909804833716,0.13565546676873552,-1.1514453799069329,0.1368785255645468,-0.666335307636301,-0.001223058795811277,-0.0929270849620059,-0.48511007227063185,-10.883569795949029
1022,34.06666666666666,-0.0524347200989723,0.05589326002651988,0.07949617632739332,-1.684778713240266,0.085584367303772,-0.39606388598345066,-0.0060881909763786796,-0.1380190874027443,-1.2887148272568154,-12.854469068871623
1023,34.1,0.0732886716723442,0.06011225395652179,0.0411146636638289,-1.1514453799069329,0.04246523041479264,-0.7882990618609724,-0.00135056675096374,0.030823441257551557,-0.3631463180459604,-12.499715985910937
1024,34.13333333333333,-0.2238267213106155,-0.00875284895299027,-0.00875284895299027,-1.496025378504575,-0.004983130256334426,-0.5805841490336668,-0.003769718696655845,-0.21884359105428108,-0.9154412294709081,-12.68758160897124
1025,34.166666666666664,0.0548476353287696,0.006672486336177116,-0.04084258379203166,-0.9626920451712416,-0.039110928615131886,-0.3629683474978367,-0.0017316551768997712,0.09395856394390148,-0.5997236976734049,-7.382656190219729
1026,34.2,-0.2598664164543152,-0.057972492229328376,-0.057972492229328376,-0.5138972531189016,-0.05531763240329991,0.4185786862479062,-0.0026548598260284634,-0.2045487840510153,-0.9324759393668077,1.9489221003392136
1027,34.233333333333334,-0.0964409038424491,-0.06730242350068925,-0.06730242350068925,-0.27989793814082636,-0.06488067313467831,0.5005697181477398,-0.002421750366010944,-0.031560230707770795,-0.7804676562885662,3.490705927196887
1028,34.266666666666666,-0.3868763148784637,-0.14481023621367956,-0.09441013254982791,-0.8132312714741596,-0.0921913120535645,-0.014218651948085137,-0.0022188204962634156,-0.2946850028248992,-0.7990126195260745,-3.3580170087254575
1029,34.3,-0.3229898810386657,-0.1880250134935817,-0.13929561937674434,-1.3465646048074928,-0.1370528800902706,-0.7046977161762997,-0.0022427392864737272,-0.1859370009483951,-0.6418668886311931,-12.57532836579236
1030,34.333333333333336,-0.5318639278411865,-0.2714179404370045,-0.20195888398143855,-1.879897938140826,-0.19430204148251048,-0.8698993670687867,-0.007656842498928063,-0.337561886358676,-1.0099985710720394,-20.404611265549256
1031,34.36666666666667,-0.7510507106781006,-0.3877456127840361,-0.2686255506481052,-2.0,-0.2595726092327211,-1.8324681300252708,-0.009052941415384153,-0.4914781014453795,-0.16753186997472924,-33.688060194348736
1032,34.4,-0.1298045367002487,-0.3251859070149064,-0.3251859070149064,-1.6968106910040355,-0.31719219788630487,-0.9143506384300557,-0.007993709128601534,0.18738766118605618,-0.7824600525739798,-21.01803881033477
1033,34.43333333333333,0.005615119356662,-0.24495512255772633,-0.3639684856039298,-1.1634773576707023,-0.36169982322979427,-0.7216797848719682,-0.0022686623741355327,0.36731494258645625,-0.4417975727987341,-12.55996910788955
1034,34.46666666666667,-0.1704540848731994,-0.22688602294861682,-0.3849732864151754,-0.6301440243373689,-0.38221979704630765,0.3331756561808812,-0.0027534893688677675,0.21176571217310824,-0.9633196805182501,0.6509807388424154
1035,34.5,-0.2253786623477935,-0.22652043543883665,-0.38820030944864325,-0.09681069100403561,-0.38681158397417587,0.29332979833823547,-0.0013887254744673894,0.16143292162638237,-0.3901404893422711,2.165102986962976
1036,34.53333333333333,0.0775535628199577,-0.15277188731331892,-0.3736495547043333,0.4365226423292977,-0.37536937580947527,-0.28066843758699955,0.001719821105141961,0.452922938629433,0.7171910799162973,-1.2388486814925792
1037,34.56666666666666,0.1296596825122833,-0.08427238278902327,-0.3413210221822456,0.969855975662631,-0.3431169772453874,0.26702734550074125,0.0017959550631418408,0.4727766597576707,0.7028286301618898,6.2754784043275915
1038,34.6,0.0768813118338584,-0.045186992155308185,-0.29121471188238013,1.5031893089959643,-0.2952536572752,0.5606745211260891,0.004038945392819848,0.3721349691090584,0.9425147878698752,12.705588667784923
1039,34.63333333333333,0.1075877323746681,-0.008133793957241564,-0.22454804521571348,2.0,-0.23300892738245313,1.4693675871296246,0.008460882166739653,0.3405966597571212,0.5306324128703754,28.67727270238882
1040,34.666666666666664,0.0985949039459228,0.01775163708506136,-0.15788137854904682,2.0,-0.16706589891973106,1.9131634155266484,0.009184520370684235,0.26566080286565386,0.08683658447335163,34.80165513426775
1041,34.7,0.1419716626405716,0.047879325033692584,-0.09121471188238016,2.0,-0.10051765372242974,1.9857894236761602,0.00930294184004958,0.24248931636300133,0.014210576323839819,35.80389404673101
1042,34.733333333333334,0.1589980721473693,0.07482949609759812,-0.024548045215713493,2.0,-0.03387036641457829,1.9976744769421753,0.009322321198864794,0.19286843856194757,0.002325523057824741,35.96790778180202
1043,34.766666666666666,0.1254311203956604,0.0871021545496336,0.04211862145095317,2.0,0.032793128871509314,1.9996194343305127,0.009325492579443859,0.09263799152415109,0.0003805656694872983,35.994748193761076
1044,34.8,0.0627870857715606,0.08120490246552474,0.09100751033984206,1.4666666666666668,0.08439621873918556,0.38124143627277873,0.006611291600656502,-0.021609132967624956,1.085425230393888,12.867875081527503
1045,34.833333333333336,0.1153969168663024,0.08949765828806643,0.12211862145095317,0.9333333333333335,0.1204200366446354,0.4599642070607167,0.0016985848063177794,-0.005023119778333002,0.47336912627261674,8.50200723717654
1046,34.86666666666667,0.1602073609828949,0.10664722695224532,0.1354519547842865,0.40000000000000013,0.1335039060988238,-0.2710232520014524,0.0019480486854627221,0.02670345488407111,0.6710232520014525,-0.9558539826893175
1047,34.9,0.1353718340396881,0.11361394584404584,0.13100751033984206,-0.1333333333333332,0.13104902762768575,-0.023177340351328228,-4.151728784368425e-05,0.004322806412002361,-0.11015599298200496,-0.5039874565506443
1048,34.93333333333333,0.1027539372444152,0.11098001505272659,0.11098001505272659,-0.6008248586134644,0.11391042849211563,0.5061587587345115,-0.0029304134393890457,-0.011156491247700434,-1.106983617347976,2.647239319588512
1049,34.96666666666667,0.0971835181117057,0.10763388343856445,0.10763388343856445,-0.1003839484248642,0.10925679501629294,0.36480630020002514,-0.0016229115777284947,-0.012073276904587246,-0.46519024862488934,2.817570560209903
1050,35.0,0.0160834249109029,0.08542970473435921,0.08650997404662453,-0.6337172817581975,0.08927991996636611,0.36095929996536413,-0.0027699459197415843,-0.07319649505546322,-0.9946765817235617,0.9716093811224893
1051,35.03333333333333,0.0522124096751213,0.07737335234216686,0.07737335234216686,-0.2740986511337301,0.0797263977934763,0.47714711464665216,-0.002353045451309446,-0.027513988118355003,-0.7512457657803823,3.275624626928013
1052,35.06666666666666,0.0589381791651248,0.07290217998269327,0.07290217998269327,-0.13413517078420756,0.07456086645768484,0.37099523953757685,-0.0016586864749915664,-0.015622687292560035,-0.5051304103217844,2.8142174497109442
1053,35.1,0.0863196700811386,0.07615638922095468,0.07615638922095468,0.09762627714784214,0.0763516165949936,0.08635534204282638,-0.0001952273740389171,0.009968053486145004,0.011270935105015756,1.0086944740589496
1054,35.13333333333333,-0.0582746230065822,0.043552180930883186,0.0616328206814383,-0.4357070561854912,0.06405152461820734,0.4626864924591767,-0.0024187039367690455,-0.12232614762478955,-0.8983935486446679,2.8176346518851907
1055,35.166666666666664,-0.3250518441200256,-0.04584714895720034,0.02933147436414415,-0.9690403895188245,0.031100812812426867,-0.30275139341032525,-0.0017693384482827187,-0.35615265693245246,-0.6662889961084992,-6.687740851501484
1056,35.2,-0.0983845517039299,-0.058589301186735256,-0.020747649730927777,-1.5023737228521579,-0.01672965809196766,-0.5622506098618483,-0.004017991638960116,-0.08165489361196224,-0.9401231129903096,-12.704163190488584
1057,35.233333333333334,-0.1419286876916885,-0.07880200859218968,-0.07880200859218968,-1.7416307658378571,-0.07144189660312902,-0.5654686213393638,-0.007360111989060655,-0.07048679108855949,-1.1761621444984933,-16.20346697448322
1058,35.266666666666666,-0.4703380763530731,-0.1737631585145322,-0.14546867525885634,-2.0,-0.1364642930029976,-1.8026875679842285,-0.009004382255858756,-0.33387378335007556,-0.19731243201577153,-33.27708843818235
1059,35.3,-0.5073403120040894,-0.25466725060582734,-0.21213534192552302,-2.0,-0.2028618792093368,-1.967710344760706,-0.009273462716186232,-0.30447843279475256,-0.032289655239293946,-35.554402757697744
1060,35.333333333333336,-0.4223374426364898,-0.29533311910164006,-0.2788020085921897,-2.0,-0.26948451157361897,-1.9947158837138594,-0.009317497018570708,-0.15285293106287084,-0.005284116286140561,-35.92707919525126
1061,35.36666666666667,-0.2164665758609771,-0.27620523216299075,-0.32769089748107855,-1.4666666666666668,-0.32108282435829355,-0.38147063934224223,-0.0066080731227849965,0.10461624849731646,-1.0851960273244246,-12.86766778116152
1062,35.4,-0.3433900475502014,-0.29249989273660143,-0.35880200859218964,-0.9333333333333335,-0.35710329037348987,-0.4597927323114868,-0.0016987182186997685,0.013713242823288452,-0.47354060102184664,-8.50002838528593
1063,35.43333333333333,-0.437711238861084,-0.3277187079242065,-0.372135341925523,-0.40000000000000013,-0.3701870878042205,0.2710894649549226,-0.0019482541213025062,-0.06752415105686349,-0.6710894649549227,0.9564736811014503
1064,35.46666666666667,0.0874436497688293,-0.22702735880671338,-0.3676908974810786,0.1333333333333332,-0.3677323057837054,0.023207232369901697,4.140830262683304e-05,0.4551759555525347,0.11012610096343149,0.5042519836968646
1065,35.5,0.0670561119914054,-0.15570186197611716,-0.3454686752588564,0.6666666666666665,-0.3482090977545171,-0.3841678279098981,0.0027404224956606993,0.4152652097459225,1.0508344945765646,-1.2394402985463429
1066,35.53333333333333,0.0038878337945789,-0.1169957956032042,-0.3054686752588564,1.1999999999999997,-0.3065582125652342,0.7478316127408036,0.0010895373063777858,0.3104460463598131,0.45216838725919617,11.824052975880017
1067,35.56666666666666,-0.0511709339916706,-0.10103097124396344,-0.24769089748107864,1.733333333333333,-0.25433494498014975,0.35148548763364706,0.006644047499071104,0.20316401098847914,1.3818478456996859,12.89478754416555
1068,35.6,0.1645558476448059,-0.036616906225317644,-0.181024230814412,2.0,-0.18991143101907076,1.7308216753294787,0.008887200204658774,0.3544672786638767,0.2691783246705213,32.285339119546805
1069,35.63333333333333,0.089577130973339,-0.006010451616273019,-0.11435756414774532,2.0,-0.12361185033260595,1.955949682375779,0.009254286184860627,0.21318898130594494,0.04405031762422107,35.39210561678575
1070,35.666666666666664,0.2058394253253936,0.045370531086892554,-0.04769089748107866,2.0,-0.05700525631125009,1.9927912825627043,0.009314358830171433,0.2628446816366437,0.007208717437295675,35.90051969936532
1071,35.7,0.2153800874948501,0.08660377702158523,0.018975769185588007,2.0,0.009651579626624766,1.9988203125449828,0.00932418955896324,0.20572850786822533,0.0011796874550171754,35.98372031312076
1072,35.733333333333334,0.1921885013580322,0.11221175458176709,0.08564243585225467,2.0,0.07631663752064495,1.999806947282422,0.009325798331609722,0.11587186383738725,0.00019305271757796838,35.99733587249742
1073,35.766666666666666,0.1233051195740699,0.11490228243582083,0.13453132474114357,1.4666666666666668,0.12791991006512116,0.381232671492417,0.006611414676022415,-0.004614790491051263,1.0854339951742498,12.867883008743219
1074,35.8,0.0700659751892089,0.10402791441460965,0.1656424358522547,0.9333333333333335,0.1639438561476584,0.4599707642962637,0.0016985797045962758,-0.09387788095844951,0.47336256903706975,8.502082908947557
1075,35.833333333333336,-0.0286894869059324,0.07183931652584372,0.17897576918558802,0.40000000000000013,0.1770277283560411,-0.27102072000222566,0.0019480408295469154,-0.2057172152619735,0.6710207200022258,-0.9558302852733603
1076,35.86666666666667,0.1069283783435821,0.0803496376284798,0.17453132474114358,-0.1333333333333332,0.1745728461966081,-0.023176197273367578,-4.152145546451602e-05,-0.067644467853026,-0.11015713605996562,-0.5039773409691288
1077,35.9,0.1188500076532363,0.08968731992910339,0.15230910251892135,-0.6666666666666665,0.1550495203241693,0.3841617993289195,-0.0027404178052479466,-0.03619951267093299,-1.050828465995586,1.239370727551651
1078,35.93333333333333,0.308883786201477,0.1428501067323122,0.1428501067323122,-0.28376987359827494,0.14527262483318365,0.49421970405547744,-0.0024225181008714625,0.16361116136829335,-0.7779895776537524,3.406824073391233
1079,35.96666666666667,0.2322482019662857,0.16453226228143972,0.1511688887234808,0.2495634597350584,0.15084169801109373,0.004241664565859171,0.000327190712387071,0.08140650395519197,0.24532179516919922,0.6971429141254477
1080,36.0,0.220301479101181,0.1780582421222174,0.1772654484924272,0.7828967930683917,0.17487227003617162,-0.15358178468265293,0.0023931784562555847,0.045429209065009385,0.9364785777510446,1.4215673987226487
1081,36.03333333333333,0.1684292405843734,0.175722873470571,0.18558423048359582,0.24956345973505834,0.1836501284556286,-0.36704391736457054,0.0019341020279672327,-0.015220887871255195,0.6166073770996289,-2.350945395975783
1082,36.06666666666666,0.0026156906969845,0.13373834512301633,0.17612523469698665,-0.283769873598275,0.17685966285169938,0.08923284451876895,-0.000734428154712724,-0.17424397215471488,-0.37300271811704394,0.021379537512250607
1083,36.1,0.1077134683728218,0.12742640498192312,0.1488884611325997,-0.8171032069316083,0.15116605153411963,0.06850464191380767,-0.0022775904015199244,-0.04345258316129784,-0.885607848845416,-2.4033741403667612
1084,36.13333333333333,-0.0719626173377037,0.07906761405457804,0.10387390979043498,-1.3504365402649416,0.10618891806533645,-0.6991529199593123,-0.00231500827490147,-0.17815153540304016,-0.6512836203056294,-12.58034329987613
1085,36.166666666666664,-0.138110339641571,0.02639438693987297,0.041081580670492474,-1.883769873598275,0.04876669461180055,-0.89066681442431,-0.0076851139413080735,-0.18687703425337154,-0.9931030591739651,-20.691202039055476
1086,36.2,0.0641998648643493,0.03556353367417715,-0.0039329706716722534,-1.3504365402649419,0.0005587447946984068,-0.5441392801194272,-0.00449171546637066,0.06364112006965089,-0.8062972601455146,-12.72054379696598
1087,36.233333333333334,-0.1860588639974594,-0.01818762608946966,-0.031169744236059203,-0.8171032069316085,-0.029047900951651495,-0.1316769113765225,-0.0021218432844077074,-0.15701096304580792,-0.685426295555086,-4.713508122031305
1088,36.266666666666666,-0.1126334890723228,-0.04109404134145365,-0.04109404134145365,-0.29772891316183336,-0.0392579996632358,0.3025708446347327,-0.0018360416782178465,-0.073375489409087,-0.6002997577965661,1.586596724650755
1089,36.3,-0.3068195283412933,-0.10554173821261331,-0.06879611622462586,-0.8310622464951667,-0.06660447062030642,-0.016051733969693838,-0.0021916456043194477,-0.24021505772098686,-0.8150105125254729,-3.3791711310693624
1090,36.333333333333336,0.0217157788574695,-0.07467735264949993,-0.0787204133300203,-0.29772891316183336,-0.07674973066116639,0.3466517839369514,-0.001970682668853918,0.09846550951863589,-0.6443806970987848,2.0011533076969217
1091,36.36666666666667,-0.1775839179754257,-0.09963578325793251,-0.09963578325793251,-0.6274610978373663,-0.0968622000828124,0.3540226137587206,-0.002773583175120109,-0.08072171789261329,-0.9814837115960868,0.8915586758366268
1092,36.4,-0.2622986137866974,-0.1390871919748125,-0.1383289309636225,-1.1607944311706997,-0.13712763525130464,-0.676955278219212,-0.0012012957123178625,-0.12517097853539275,-0.4838391529514877,-11.006126317889274
1093,36.43333333333333,-0.4729926288127899,-0.22007090422586617,-0.19479985644709027,-1.694127764504033,-0.18860304847692352,-0.3873673248637979,-0.006196807970166751,-0.28438958033586637,-1.306760439640235,-12.862334584404392
1094,36.46666666666667,-0.5655884146690369,-0.3038709492578004,-0.26146652311375695,-2.0,-0.2526525124696858,-1.6859356791314724,-0.008814010644071169,-0.3129359021993511,-0.31406432086852765,-31.66591237201432
1095,36.5,-0.5994893908500671,-0.37556873003286967,-0.3281331897804236,-2.0,-0.31889088087268813,-1.9486042083602826,-0.009242308907735475,-0.280598509977379,-0.051395791639717414,-35.2907380753719
1096,36.53333333333333,-0.399750143289566,-0.3814335659922624,-0.3814335659922624,-1.5990112863551642,-0.3738242392442586,-0.5920030045884583,-0.007609326748003797,-0.02592590404530737,-1.0070082817667059,-16.569641463320725
1097,36.56666666666666,-0.0280937943607568,-0.29573634984737,-0.41695616442632344,-1.0656779530218308,-0.41568084852267884,-0.7583559688287405,-0.0012753159036446027,0.387587054161922,-0.3073219841930903,-11.945506087988807
1098,36.6,0.0447643399238586,-0.21315305877296073,-0.4347009850826067,-0.5323446196884974,-0.4324514959830959,0.27975150403144133,-0.002249489099510782,0.4772158359069545,-0.8120961237199388,0.600826253541008
1099,36.63333333333333,-0.2837826013565063,-0.23028318581484195,-0.43466802796111215,0.0009887136448358813,-0.43394655844450053,0.16414469821304234,-0.000721469516611617,0.15016395708799424,-0.16315598456820646,1.338520150490957
1100,36.666666666666664,-0.0578615553677082,-0.18846492781276067,-0.41685729306183983,0.5343220469781692,-0.41935523532750957,-0.4420385537006819,0.002497942265669739,0.36149367995980136,0.9763606006788511,-2.3563302610906365
1101,36.7,-0.1006339341402053,-0.1671628490396206,-0.38126878038478973,1.0676553803115025,-0.3827502673226651,0.48969446671197336,0.0014814869378753648,0.28211633318245977,0.5779609135995292,8.845100204411473
1102,36.733333333333334,0.0822212845087051,-0.10667850022964365,-0.32790248992996185,1.6009887136448357,-0.3330427231932154,0.47218917600374866,0.005140233263253524,0.41526400770192046,1.128799537641087,12.785618330878647
1103,36.766666666666666,-0.0167891662567853,-0.08487720215605424,-0.2612358232632952,2.0,-0.26987692826390414,1.5798953915173524,0.00864110500060894,0.25308776200711885,0.42010460848264763,30.20255640293946
1104,36.8,0.0793265625834465,-0.0450520631582247,-0.19456915659662855,2.0,-0.20378316995522255,1.9312509970417904,0.009214013358594009,0.28310973253866906,0.06874900295820963,35.051263759176706
1105,36.833333333333336,0.1382954567670822,-0.0005838959544057568,-0.1279024899299619,2.0,-0.1372102582191199,1.9887494083323212,0.009307768289157997,0.2755057149862021,0.011250591667678833,35.84474183498603
1106,36.86666666666667,0.1060270592570304,0.02527297837927667,-0.06123582326329523,2.0,-0.07055893429773272,1.9981588705664617,0.00932311103443749,0.17658599355476312,0.0018411294335383133,35.97459241381717
1107,36.9,0.1995148062705993,0.06753269773477648,0.005430843403371438,2.0,-0.0038947784305652933,1.9996987040600918,0.009325621833936731,0.2034095847011646,0.00030129593990824155,35.995842116029266
1108,36.93333333333333,0.2879600822925567,0.12099402514629021,0.0720975100700381,2.0,0.06277147735043453,1.9999506937199785,0.00932603271960357,0.22518860494212217,4.93062800215327e-05,35.999319573335704
1109,36.96666666666667,0.174354538321495,0.13393581035791047,0.13393581035791047,1.8551490086361708,0.12522491891603024,1.494412987871487,0.008710891441880225,0.04912961940546476,0.3607360207646839,29.02289923262652
1110,37.0,0.0622622668743133,0.11655247669178179,0.17799633286800506,1.3218156753028376,0.17345104301890557,0.5432672831114083,0.004545289849099493,-0.11118877614459227,0.7785483921914294,12.721332465718696
1111,37.03333333333333,0.0884077921509742,0.10972640924036914,0.20427907760032188,0.7884823419695043,0.20207686569670552,0.0815003312979714,0.002202211903616358,-0.11366907354573132,0.7069820106715329,4.134460648286016
1112,37.06666666666666,0.0611723698675632,0.09795036153527702,0.2127840445548609,0.25514900863617096,0.2111037735194886,-0.28150093212636684,0.0016802710353722994,-0.14993140365192542,0.5366499407625378,-1.5319024397111178
1113,37.1,0.1066766902804374,0.10006680055705035,0.20351123373162217,-0.27818432469716237,0.20435486875146508,0.12206829339653497,-0.0008436350198429143,-0.09767817847102768,-0.40025261809369733,0.3293826100417705
1114,37.13333333333333,0.0790462717413902,0.09496858929971634,0.17646064513060564,-0.8115176580304957,0.1787498265463123,0.07303562747550485,-0.0022891814157066648,-0.0997035548049221,-0.8845532855060005,-2.3510856874875463
1115,37.166666666666664,0.0927332714200019,0.09442644676476783,0.13163227875181133,-1.344850991363829,0.13388182621719902,-0.7043890966352752,-0.0022495474653876912,-0.04114855479719712,-0.6404618947285537,-12.575607493571752
1116,37.2,0.0867577940225601,0.09256653105656823,0.09256653105656823,-1.171972430857293,0.09375729347001868,-0.6697470447947376,-0.0011907624134504524,-0.0069994994474585764,-0.5022253860625554,-10.922941905000354
1117,37.233333333333334,0.1939021646976471,0.11714395595051934,0.07127856113910291,-0.6386390975239596,0.07405221794450317,0.37486391848346234,-0.0027736568054002597,0.11984994675314392,-1.013503016007422,1.1320713778088396
1118,37.266666666666666,0.149784967303276,0.12506053944795334,0.06776836899941537,-0.10530576419062632,0.06924933527369141,0.31738337762459856,-0.0014809662742760465,0.0805356320295846,-0.4226891418152249,2.3621921316332735
1119,37.3,0.0085368258878588,0.09679947554094714,0.0820359546375056,0.428027569142707,0.08040377846154624,-0.26101375518064995,0.0016321761759593573,-0.07186695257368744,0.689041324323357,-1.0914227466151076
1120,37.333333333333336,0.097228430211544,0.09690351200690388,0.09690351200690388,0.4460267210819484,0.09397060747317695,-0.5767680860174051,0.002932904533726924,0.0032578227383670416,1.0227948070993536,-3.7210164538703574
1121,37.36666666666667,0.1196429952979087,0.10241862966720706,0.10241862966720706,0.1654535298090956,0.10037914988331041,-0.45417937577321266,0.0020394797838966527,0.019263845414598288,0.6196329055823082,-3.4351987836490254
1122,37.4,0.1114876642823219,0.10461818681314741,0.10461818681314741,0.06598671437821044,0.10340226011615694,-0.2872282760628361,0.0012159266969904714,0.008085404166164961,0.35321499044104654,-2.2941221135983394
1123,37.43333333333333,0.0621937476098537,0.09432878089814586,0.09432878089814586,-0.30868217745004645,0.09541621802981734,0.16282900864484073,-0.001087437131671476,-0.03322247041996364,-0.4715111860948872,0.5594620559907861
1124,37.46666666666667,-0.0307145603001117,0.06400141019581215,0.06626159720536653,-0.8420155107833798,0.06845266684529311,0.0035375326849326205,-0.002191069639926574,-0.09916722714540481,-0.8455530434683124,-3.1531071914559683
1125,37.5,-0.0511676669120788,0.03606889286680995,0.03606889286680995,-0.9057811301566976,0.03803021038169514,-0.17341185124030079,-0.001961317514885194,-0.08919787729377394,-0.7323692789163968,-5.195137429114408
1126,37.53333333333333,-0.084804430603981,0.006752896878589723,0.006752896878589723,-0.8794798796466068,0.008799633904458011,-0.11243810021701661,-0.0020467370258682883,-0.09360406450843901,-0.7670417794295902,-4.491488506857559
1127,37.56666666666666,-0.2538508474826813,-0.05645259879934092,-0.040340876887408283,-1.4128132129799402,-0.037335655500170435,-0.6435849310171502,-0.0030052213872378483,-0.21651519198251085,-0.76922828196279,-12.630601197697379
1128,37.6,-0.0844828113913536,-0.06325090281135044,-0.06965687287562851,-0.8794798796466069,-0.06765340776515427,-0.1680554329679521,-0.002003465110474237,-0.01682940362619932,-0.7114244466786548,-5.1333233225317905
1129,37.63333333333333,0.0440849177539348,-0.03721822335214274,-0.08119509108607097,-0.3461465463132736,-0.07916545074218932,0.3333033791027743,-0.0020296403438816446,0.12325036849612411,-0.6794499254160479,1.7164525315891204
1130,37.666666666666664,-0.2153617590665817,-0.08042424291355463,-0.08042424291355463,0.0231254451754902,-0.07980538191389339,0.15584488646111982,-0.0006188609996612415,-0.1355563771526883,-0.13271944128562962,1.362941780963605
1131,37.7,-0.1732111722230911,-0.10292830890008281,-0.09743117251881607,-0.5102078881578431,-0.09446634350168487,0.5727000056022822,-0.0029648290171312014,-0.07874482872140623,-1.0829078937601253,3.5541929472605682
1132,37.733333333333334,-0.6947885751724243,-0.24647506258738242,-0.1322158799018553,-1.0435412214911763,-0.1306841616852761,-0.46988880080606377,-0.0015317182165791865,-0.5641044134871482,-0.5736524206851126,-8.61653897543361
1133,37.766666666666666,-0.1018665060400962,-0.21140244489248633,-0.18477836506267228,-1.5768745548245096,-0.17992066535395848,-0.4947895619320255,-0.004857699708713803,0.07805415931386228,-1.082084992892484,-12.765177643563362
1134,37.8,-0.1184956952929496,-0.1888693183073075,-0.2195630724457115,-1.0435412214911763,-0.21810981752693906,-0.5707375684909454,-0.0014532549187724342,0.09961412223398947,-0.472803653000231,-9.780353329995783
1135,37.833333333333336,-0.3010530769824981,-0.21607779181354056,-0.23657000205097292,-0.510207888157843,-0.23420595255648427,0.331465754627263,-0.0023640494944886514,-0.06684712442601384,-0.841673642785106,1.1578766311778461
1136,37.86666666666667,-0.0841652601957321,-0.18408440289478428,-0.23579915387845657,0.02312544517549031,-0.23511778230930105,0.16457130998982,-0.0006813715691555144,0.15095252211356897,-0.1414458648143297,1.4113673756729237
1137,37.9,-0.0294916424900293,-0.1465902675992585,-0.21725052792816246,0.5564587785088236,-0.21987212538036274,-0.4646403100112939,0.0026215974522002805,0.19038048289033344,1.0210990885201174,-2.4876492685784015
1138,37.93333333333333,-0.3884606063365936,-0.2052522591495003,-0.2052522591495003,0.35994806335986507,-0.20813671396637096,-0.594634033287619,0.002884454816870663,-0.18032389237022262,0.9545820966474841,-4.102313980709056
1139,37.96666666666667,-0.3959519565105438,-0.25150358576369836,-0.2110317681486159,-0.17338526997346826,-0.2112993145544752,-0.12823559547397778,0.000267546405859298,-0.18465264195606862,-0.04514967449949048,-1.5573615726736307
1140,38.0,-0.2716445028781891,-0.2563884605100287,-0.2345890549255093,-0.7067186033068016,-0.23195140092754224,0.32641709137357555,-0.00263765399796706,-0.03969310195064685,-1.0331356946803771,0.5729855890795617
1141,38.03333333333333,-0.1835551559925079,-0.23872384435044716,-0.2403685639246249,-0.17338526997346826,-0.23860667901347057,0.3624367673200375,-0.0017618849111543378,0.05505152302096267,-0.5358220372935057,2.5592026254693483
1142,38.06666666666666,-0.3196041584014892,-0.2583401409340297,-0.2583401409340297,-0.5391473102821431,-0.2553030612677351,0.5287815247240226,-0.003037079666294573,-0.06430109713375409,-1.0679288350061658,2.908310430350739
1143,38.1,-0.3664763867855072,-0.28456695143725186,-0.28456695143725186,-0.7868043150966653,-0.2822973790137063,0.0019635884296593797,-0.002269572423545585,-0.08417900777180093,-0.7887679035263246,-3.171270813675845
1144,38.13333333333333,-0.7285932898521423,-0.3922588224130724,-0.3285715397182518,-1.3201376484299985,-0.3266401615854571,-0.7295888936833682,-0.0019313781327947033,-0.4019531282666852,-0.5905487547466303,-12.552815795522761
1145,38.166666666666664,0.0189546048641204,-0.29252522662695507,-0.354798350221474,-0.7868043150966652,-0.3524829442451695,0.06087339012747728,-0.0023154059763044743,0.37143754910928994,-0.8476777052241424,-2.491440267262439
1146,38.2,-0.2530088722705841,-0.2829411326969127,-0.3632473829469184,-0.2534709817633318,-0.3614048953602719,0.33490529336455643,-0.0018424875866464574,0.10839602308968782,-0.5883762751278883,2.0372602668345445
1147,38.233333333333334,-0.1918297260999679,-0.2608434393963509,-0.353918637894585,0.2798623515700015,-0.3546838623110067,-0.0996961441148051,0.0007652244164216837,0.16285413621103878,0.3795584956848066,-0.1261661258097947
1148,38.266666666666666,-0.0799225196242332,-0.2169638073491176,-0.32681211506447383,0.8131956849033348,-0.32909970458343807,-0.07410402777674718,0.0022875895189642392,0.24917718495920488,0.887299712680082,2.3387561406269475
1149,38.3,0.0266644824296236,-0.15787545136876396,-0.2819278144565849,1.346529018236668,-0.28419778876120677,0.702761841022951,0.002269974304621891,0.3108622711908304,0.643767177213717,12.577079248224917
1150,38.333333333333336,0.0789376869797706,-0.10044000726549071,-0.21926573607091818,1.8798623515700013,-0.22692688436556083,0.8725085274775162,0.00766114829464265,0.3058645713453314,1.007353824092485,20.44061767918972
1151,38.36666666666667,0.0097737880423665,-0.07370931857161654,-0.1525990694042515,2.0,-0.16165271545166385,1.8329002696676404,0.00905364604741235,0.17142650349403035,0.1670997303323596,33.69402372141344
1152,38.4,0.1213996708393096,-0.02638858487623994,-0.08593240273758483,2.0,-0.09521392734236467,1.9726545731159022,0.009281524604779837,0.21661359818167425,0.0273454268840978,35.62263310899945
1153,38.43333333333333,0.1146088019013404,0.0078081982222237695,-0.019265736070918166,2.0,-0.02858455239613677,1.9955249935473494,0.009318816325218603,0.14319335429747718,0.004475006452650643,35.93824491095342
1154,38.46666666666667,0.2094059884548187,0.05670269239174148,0.0474009305957485,2.0,0.038076011579564376,1.9992676770841373,0.009324919016184124,0.1713299768752543,0.000732322915862671,35.989893943761096
1155,38.5,0.1616828441619873,0.08216404002220502,0.09628981948463738,1.4666666666666668,0.0896787587621755,0.38125787820371215,0.006611060722461884,0.0720040853998118,1.0854087884629546,12.867860210791644
1156,38.53333333333333,0.0440203882753849,0.07291287434331918,0.1274009305957485,0.9333333333333335,0.12570233621906513,0.4599519062831111,0.0016985943766833766,-0.08168194794368022,0.47338142705022235,8.501865283815297
1157,38.56666666666666,0.1992683708667755,0.10355848846897323,0.14073426392908184,0.40000000000000013,0.13878620050663545,-0.2710280018017518,0.0019480634224463833,0.06048217036014006,0.6710280018017519,-0.9558984368867113
1158,38.6,0.2412510961294174,0.13695374738858593,0.13695374738858593,-0.11341549621487723,0.1368905459629877,-0.04264186634738522,6.320142559823605e-05,0.1043605501664297,-0.07077362986749201,-0.6175850738511844
1159,38.63333333333333,0.197858989238739,0.15172539240066452,0.1509510086258678,0.4199178371184561,0.14868656834723507,-0.427624952410143,0.0022644402786327344,0.04917242089150395,0.8475427895285991,-2.5535498906451473
1160,38.666666666666664,-0.0494234450161457,0.10293978494467898,0.1471704920853719,-0.11341549621487723,0.1468821937078086,-0.10857588176906971,0.0002882983775632786,-0.19630563872395432,-0.004839614445807522,-1.2154143083066695
1161,38.7,0.1105083674192428,0.1047754301233643,0.1256121977670982,-0.6467488295482106,0.1284237628865643,0.43863930248400673,-0.0028115651194660918,-0.017915395467321488,-1.0853881320322172,1.8680516884405893
1162,38.733333333333334,0.2288835048675537,0.13487596609634597,0.12183168122660229,-0.11341549621487723,0.12342943127134803,0.34960474341578374,-0.0015977500447457438,0.10545407359620568,-0.46302023963066097,2.636996560784645
1163,38.766666666666666,0.154878094792366,0.13972717981142255,0.13582894246388416,0.4199178371184561,0.1342956755128295,-0.23807067777307178,0.001533266951054657,0.020582419279536496,0.6579885148915279,-0.9136940525010384
1164,38.8,0.1455292254686355,0.14113437820992963,0.14113437820992963,0.15916307238136418,0.1397526626662881,-0.28532737199366176,0.0013817155436415263,0.005776562802347396,0.44449044437502594,-1.9890114030728425
1165,38.833333333333336,0.1779161244630813,0.15005523431477313,0.15005523431477313,0.267625683145305,0.14808298614082668,-0.40426626622314177,0.0019722481739464504,0.02983313832225462,0.6718919493684468,-2.747408522041689
1166,38.86666666666667,0.1213820874691009,0.1431009963261031,0.1431009963261031,-0.2086271396601011,0.14339402407577992,0.0011773072953124852,-0.0002930277496768219,-0.022011936606679022,-0.2098044469554136,-0.5431365710522618
1167,38.9,0.0680870115756988,0.12490748916623187,0.12490748916623187,-0.5458052147961368,0.12783456153713849,0.541986456252511,-0.0029270723709066138,-0.05974754996143969,-1.0877916710486477,3.164528366702969
1168,38.93333333333333,0.1426960080862045,0.12922182531849558,0.12449175978413843,-0.012471881462803425,0.1256894136717374,0.2918618643749409,-0.0011976538875989595,0.017006594414467113,-0.3043337458377443,2.4406249780440223
1169,38.96666666666667,0.1865352541208267,0.14312233041419856,0.14185380817982277,0.5208614518705299,0.13965225018063523,-0.3689819338361826,0.002201557999187531,0.04688300394019146,0.8898433857067125,-1.7562260547743869
1170,39.0,0.2358791679143905,0.16561909808761105,0.16561909808761105,0.7129586972336486,0.16310180007082078,-0.18330549797371254,0.0025172980167902648,0.07277736784356972,0.8962641952073611,1.0785499777550787
1171,39.03333333333333,-0.149403303861618,0.08921518027877556,0.17160661021762155,0.17962536390031525,0.16998511182850426,-0.3130201363131726,0.001621498389117293,-0.3193884156901222,0.49264550021348785,-2.0761125296397838
1172,39.06666666666666,0.0647115111351013,0.08327218602921131,0.15981634456985427,-0.3537079694330181,0.1610353064770021,0.18603452954217514,-0.0012189619071478197,-0.09632379534190079,-0.5397424989751932,0.6597949157749599
1173,39.1,0.0873007997870445,0.0842492653497056,0.13024830114430924,-0.8870413027663514,0.13230399079212513,-0.08689710313894206,-0.0020556896478158837,-0.04500319100508063,-0.8001441996274093,-4.196740442883446
1174,39.13333333333333,0.1076925620436668,0.08993508230332731,0.08993508230332731,-1.209396565229458,0.09102588810104885,-0.7287609449792833,-0.0010908057977215418,0.01666667394261795,-0.4806356202501747,-11.603973768156871
1175,39.166666666666664,0.0738080665469169,0.08602371860750621,0.06739964124012315,-0.6760632318961247,0.07006944903608933,0.3108471300762312,-0.002669807795966178,0.0037386175108275743,-0.9869103619723559,0.3933052134655769
1176,39.2,0.0371647849678993,0.07417372341056301,0.06264197795469678,-0.1427298985627914,0.06423257944455905,0.3277140070329503,-0.0015906014898622728,-0.027067794476659753,-0.4704439055957417,2.33538436622184
1177,39.233333333333334,-0.0355487205088138,0.0475622045626059,0.0475622045626059,-0.45239320176272635,0.05059047858165026,0.606118309490369,-0.003028274019044354,-0.08613919909046405,-1.0585115112530954,3.983044763047086
1178,39.266666666666666,0.058740459382534,0.050273321160103156,0.0502602089482928,0.08094013157060698,0.051053501888184465,0.22679114815922413,-0.0007932929398916655,0.007686957494349535,-0.14585101658861716,2.148136882267138
1179,39.3,-0.0384548045694828,0.028753656578700205,0.03518043555620192,-0.45239320176272635,0.037949296851751683,0.546952499304024,-0.0027688612955497627,-0.0764041014212345,-0.9993457010667504,3.5004584408925417
1180,39.333333333333336,-0.1872746646404266,-0.02364074457079961,0.002322884386333268,-0.9857265350960597,0.004029557973013107,-0.3523245183536965,-0.001706673586679839,-0.1913042226134397,-0.6334020167423632,-7.259824335851771
1181,39.36666666666667,-0.1033859252929687,-0.0429817317382116,-0.0429817317382116,-1.359138483736346,-0.04078728346058883,-0.7068436857385912,-0.0021944482776227667,-0.06259864183237987,-0.6522947979977548,-12.573387465625853
1182,39.4,-0.3614640235900879,-0.12022479350034626,-0.10606412564053425,-1.8924718170696795,-0.09836178228508385,-0.9089398589394033,-0.007702343355450392,-0.26310224130500404,-0.9835319581302762,-20.943370053363765
1183,39.43333333333333,-0.134475365281105,-0.1236810540974624,-0.1513687417650791,-1.3591384837363463,-0.14676083797360967,-0.5349700753332838,-0.004607903791469442,0.012285472692504656,-0.8241684084030625,-12.728836790216546
1184,39.46666666666667,-0.2641115486621856,-0.15774034606586806,-0.1788955801118462,-0.8258051504030129,-0.1768036637045893,-0.15399084406143826,-0.002091916407256894,-0.08730788495759631,-0.6718143063415747,-4.971015236511712
1185,39.5,-0.5344788432121277,-0.24911256909915597,-0.22420019623639106,-1.3591384837363463,-0.22185067497353914,-0.6958002031905383,-0.002349521262851928,-0.3126281682385885,-0.663338280545808,-12.583375630179878
1186,39.53333333333333,-0.3962138593196869,-0.284789761635433,-0.284789761635433,-1.8176869619712586,-0.2773796658857768,-0.6634789094685156,-0.007410095749656231,-0.1188341934339101,-1.154208052502743,-17.556008950665515
1187,39.56666666666666,-0.3525144159793854,-0.30121535198110333,-0.32760154925669716,-1.2843536286379251,-0.3240502087868626,-0.6179036220916038,-0.003551340469834574,-0.028464207192522795,-0.6664500065463214,-12.653828394226625
1188,39.6,-0.057395052164793,-0.24208042687094136,-0.35263555910018357,-0.7510202953045918,-0.3502840441821135,0.04086806039079838,-0.0023515149180700634,0.2928889920173205,-0.7918883556953902,-2.7223056556035794
1189,39.63333333333333,-0.1903873234987259,-0.22954304668179873,-0.3598917911658922,-0.21768696197125847,-0.35825143579325025,0.29366657946389374,-0.001640355372641955,0.16786411229452436,-0.5113535414351522,1.7693818305643376
1190,39.666666666666664,-0.1471432596445083,-0.20955822491259218,-0.34937024545382306,0.31564637136207485,-0.35040576378547944,-0.1553635304035777,0.001035518331656382,0.20326250414097113,0.47100990176565255,-0.5071356323815308
1191,39.7,-0.2122360914945602,-0.21020770094021984,-0.32107092196397613,0.8489797046954082,-0.32324404761713643,0.006600117517410409,0.0021731256531603016,0.11100795612257625,0.8423795871779978,3.27009764258258
1192,39.733333333333334,-0.0422727353870868,-0.16947761563213087,-0.2749938206963514,1.3823130380287414,-0.2776669879385252,0.670368632833494,0.0026731672421737573,0.23539425255143837,0.7119444051952474,12.606376953221629
1193,39.766666666666666,-0.0715968832373619,-0.14573812476835468,-0.21113894165094893,1.9156463713620746,-0.21901805264201718,1.0378722355809615,0.00787911099106825,0.14742116940465527,0.8777741357811131,22.722636851017267
1194,39.8,0.0091344444081187,-0.10817612608830678,-0.14447227498428228,2.0,-0.15356159004783673,1.854775511301656,0.009089315063554454,0.16269603445595543,0.14522448869834403,33.99590205596285
1195,39.833333333333336,0.026496835052967,-0.0755132367495076,-0.07780560831761561,2.0,-0.08709297006211436,1.9762343982866857,0.009287361744498748,0.11358980511508136,0.02376560171331432,35.67203469635626
1196,39.86666666666667,0.0248762872070074,-0.051165276446424574,-0.02891671942872672,1.4666666666666668,-0.0355126621063446,0.38233450585841844,0.006595942677617879,0.060388949313352,1.0843321608082483,12.866886465948774
1197,39.9,0.0535719655454158,-0.025762842907877715,0.0021943916823843924,0.9333333333333335,0.0004951706323312387,0.4591464438713877,0.0016992210500531538,0.05307679491308456,0.47418688946194576,8.492570091237907
