step,time_s,env_id,excited_joint_index,excited_joint_name,is_done,done_reason,terrain_col,terrain_name,terrain_level,root_x,root_y,root_z,vx_action,yaw_action,q_target_scripted_spm1_platform_joint_z,q_position_target_old_spm1_platform_joint_z,q_actual_spm1_platform_joint_z,qdot_actual_spm1_platform_joint_z,qddot_actual_spm1_platform_joint_z,computed_torque_spm1_platform_joint_z,applied_torque_spm1_platform_joint_z,saturated_spm1_platform_joint_z,q_target_scripted_spm1_platform_joint_y,q_position_target_old_spm1_platform_joint_y,q_actual_spm1_platform_joint_y,qdot_actual_spm1_platform_joint_y,qddot_actual_spm1_platform_joint_y,computed_torque_spm1_platform_joint_y,applied_torque_spm1_platform_joint_y,saturated_spm1_platform_joint_y,q_target_scripted_spm1_platform_joint_x,q_position_target_old_spm1_platform_joint_x,q_actual_spm1_platform_joint_x,qdot_actual_spm1_platform_joint_x,qddot_actual_spm1_platform_joint_x,computed_torque_spm1_platform_joint_x,applied_torque_spm1_platform_joint_x,saturated_spm1_platform_joint_x,q_target_scripted_spm2_platform_joint_z,q_position_target_old_spm2_platform_joint_z,q_actual_spm2_platform_joint_z,qdot_actual_spm2_platform_joint_z,qddot_actual_spm2_platform_joint_z,computed_torque_spm2_platform_joint_z,applied_torque_spm2_platform_joint_z,saturated_spm2_platform_joint_z,q_target_scripted_spm2_platform_joint_y,q_position_target_old_spm2_platform_joint_y,q_actual_spm2_platform_joint_y,qdot_actual_spm2_platform_joint_y,qddot_actual_spm2_platform_joint_y,computed_torque_spm2_platform_joint_y,applied_torque_spm2_platform_joint_y,saturated_spm2_platform_joint_y,q_target_scripted_spm2_platform_joint_x,q_position_target_old_spm2_platform_joint_x,q_actual_spm2_platform_joint_x,qdot_actual_spm2_platform_joint_x,qddot_actual_spm2_platform_joint_x,computed_torque_spm2_platform_joint_x,applied_torque_spm2_platform_joint_x,saturated_spm2_platform_joint_x
0,0.0,0,0,spm1_platform_joint_z,0,,0,flat,0,3.5884957313537598,4.8319292068481445,0.14470833539962769,0.2,0.0,0.0,-0.0147051140666008,-0.018167978152632713,-0.001575595699250698,11.345754623413086,3.8917481899261475,3.8917481899261475,0,0.0,-0.005183493718504906,-0.008028306998312473,-0.055751699954271317,-5.495031356811523,1.900653600692749,1.900653600692749,0,0.0,0.0027316214982420206,0.0033417907543480396,-0.042709797620773315,-4.978619575500488,-1.2703604698181152,-1.2703604698181152,0,0.0,-0.0038845001254230738,-0.004412787035107613,-0.03568156063556671,-7.24837064743042,0.6718028783798218,0.6718028783798218,0,0.0,-0.007070283871144056,-0.006332118064165115,0.23344369232654572,0.876815915107727,-1.754207968711853,-1.754207968711853,0,0.0,-0.0016688889591023326,-0.0019545932300388813,0.003699216991662979,0.40022021532058716,0.25962647795677185,0.25962647795677185,0
0,0.0,1,1,spm1_platform_joint_y,0,,0,flat,0,4.568422317504883,4.786276340484619,0.14508245885372162,0.2,0.0,0.0,-0.004412914160639048,-0.004570767283439636,0.17156623303890228,26.790082931518555,1.5341312885284424,1.5341312885284424,0,0.0,0.017426351085305214,0.020860932767391205,0.2945156693458557,63.94831085205078,-0.20281386375427246,-0.20281386375427246,0,0.0,0.0028516766615211964,-6.928843504283577e-05,-0.010152283124625683,-4.21081018447876,-0.2104061245918274,-0.2104061245918274,0,0.0,-0.004119069315493107,-0.004702216945588589,-0.07602475583553314,-14.761661529541016,-0.36014944314956665,-0.36014944314956665,0,0.0,0.014805719256401062,0.01982017792761326,-0.42608702182769775,-39.867637634277344,-2.8432843685150146,-2.8432843685150146,0,0.0,-0.001813565380871296,-0.003354909596964717,0.10628735274076462,-4.019266128540039,-1.6689306497573853,-1.6689306497573853,0
0,0.0,2,2,spm1_platform_joint_x,0,,0,flat,0,3.8521997928619385,3.528141736984253,0.14437712728977203,0.2,0.0,0.0,-0.008818408474326134,-0.013738039880990982,-0.1759096086025238,4.936550140380859,5.16724967956543,5.16724967956543,0,0.0,0.005972641054540873,0.004737289156764746,-0.20937609672546387,-6.220094680786133,1.4105645418167114,1.4105645418167114,0,0.0,0.0022582742385566235,0.005065986420959234,0.05308809131383896,-2.6907572746276855,-2.81278657913208,-2.81278657913208,0,0.0,-0.016165945678949356,-0.018429161980748177,0.022445015609264374,-2.1010727882385254,2.021029472351074,2.021029472351074,0,0.0,0.004938954953104258,0.007840493693947792,0.1437048465013504,7.208981037139893,-1.948365330696106,-1.948365330696106,0,0.0,-0.0015223621157929301,0.0002702037454582751,0.1321127712726593,7.992829322814941,-1.0168256759643555,-1.0168256759643555,0
0,0.0,3,3,spm2_platform_joint_z,0,,0,flat,0,4.621484756469727,4.351222991943359,0.1444166749715805,0.2,0.0,0.0,-0.014269255101680756,-0.019671205431222916,-0.008615687489509583,44.10334014892578,7.790929317474365,7.790929317474365,0,0.0,0.009508536197245121,0.011304815299808979,-0.032680582255125046,41.6842041015625,2.6532211303710938,2.6532211303710938,0,0.0,0.0060240523889660835,0.010172542184591293,0.22374998033046722,-18.00156593322754,-6.293221473693848,-6.293221473693848,0,0.0,-0.0018541280878707767,-0.002477759262546897,-0.33708223700523376,-47.79522705078125,-0.5863820910453796,-0.5863820910453796,0,0.0,0.013331521302461624,0.01866232417523861,-0.21478570997714996,-28.22762680053711,-3.8564627170562744,-3.8564627170562744,0,0.0,-0.0018517931457608938,-0.002246203599497676,0.3396647274494171,42.0924186706543,0.36279886960983276,0.36279886960983276,0
0,0.0,4,4,spm2_platform_joint_y,0,,0,flat,0,3.678821086883545,5.146024227142334,0.14488139748573303,0.2,0.0,0.0,-0.04711606353521347,-0.05512946844100952,0.1649850606918335,43.09873580932617,10.74589729309082,10.74589729309082,0,0.0,-0.012686745263636112,-0.011673224158585072,-0.059147000312805176,-23.38348388671875,-1.9903450012207031,-1.9903450012207031,0,0.0,0.00282682734541595,0.0037296356167644262,0.027352403849363327,-33.57919692993164,-4.252324104309082,-4.252324104309082,0,0.0,0.006840602029114962,0.009082069620490074,-0.15420176088809967,-35.948673248291016,-4.420502662658691,-4.420502662658691,0,0.0,-0.01354079507291317,-0.010701439343392849,0.018088646233081818,-11.055578231811523,-1.7561147212982178,-1.7561147212982178,0,0.0,-0.0006937803118489683,-0.002138179959729314,-0.05463007092475891,-13.564579010009766,-0.2636904716491699,-0.2636904716491699,0
0,0.0,5,5,spm2_platform_joint_x,0,,0,flat,0,3.8308005332946777,4.596775531768799,0.14492720365524292,0.2,0.0,0.0,-0.010611798614263535,-0.012278519570827484,-0.07187483459711075,2.306300163269043,1.7639448642730713,1.7639448642730713,0,0.0,-0.009541326202452183,-0.01073161419481039,0.09216479957103729,7.096723556518555,0.5342588424682617,0.5342588424682617,0,0.0,0.0016184051055461168,0.001550392247736454,0.11082733422517776,5.843340873718262,0.42770618200302124,0.42770618200302124,0,0.0,-0.0005648824153468013,-0.00046368062612600625,-0.030719976872205734,-8.958230972290039,-0.4843418598175049,-0.4843418598175049,0,0.0,-0.00850552599877119,-0.010600983165204525,0.09667808562517166,5.058592796325684,1.3503443002700806,1.3503443002700806,0,0.0,-0.0018825356382876635,-0.0020891285967081785,-0.0032253307290375233,-1.1801888942718506,0.168875053524971,0.168875053524971,0
1,0.016666666666666666,0,0,spm1_platform_joint_z,0,,0,flat,0,3.5967156887054443,4.831864833831787,0.14413732290267944,0.2,0.0,0.00732874171808362,-0.014768415130674839,-0.017193064093589783,0.1349990963935852,12.869217872619629,2.7946879863739014,2.7946879863739014,0,0.0,-0.0069578662514686584,-0.009771079756319523,0.14989928901195526,25.517717361450195,2.815483570098877,2.815483570098877,0,0.0,0.0028962185606360435,0.001091432641260326,-0.12763220071792603,-6.002771377563477,1.1347969770431519,1.1347969770431519,0,0.0,-0.003824415383860469,-0.0046660709194839,-0.03887896239757538,-2.228877305984497,1.0299952030181885,1.0299952030181885,0,0.0,-0.0054878355003893375,-0.004971502348780632,-0.01279060635715723,-26.382417678833008,-2.0850367546081543,-2.0850367546081543,0,0.0,-0.0016939807683229446,-0.002074887277558446,-0.02450813353061676,-2.8591761589050293,0.2974821925163269,0.2974821925163269,0
1,0.016666666666666666,1,1,spm1_platform_joint_y,0,,0,flat,0,4.577409744262695,4.786051273345947,0.14526668190956116,0.2,0.0,0.0,-0.0039613316766917706,-0.0038707435596734285,0.20239102840423584,22.810638427734375,-0.036839559674263,-0.036839559674263,0,0.00732874171808362,0.019056640565395355,0.02403593435883522,-0.07127021998167038,-7.261661529541016,-4.466450214385986,-4.466450214385986,0,0.0,-6.0049977037124336e-05,0.0016093981685116887,-0.42522484064102173,-63.58455276489258,-1.1855216026306152,-1.1855216026306152,0,0.0,-0.004075254779309034,-0.004541188012808561,-0.16829107701778412,-23.844528198242188,0.2139134407043457,0.2139134407043457,0,0.0,0.017177486792206764,0.021221192553639412,-0.2810854911804199,7.724153995513916,0.5181806087493896,0.5181806087493896,0,0.0,-0.002907588379457593,-0.0009084966732189059,-0.49526914954185486,-88.79911804199219,-3.0721545219421387,-3.0721545219421387,0
1,0.016666666666666666,2,2,spm1_platform_joint_x,0,,0,flat,0,3.861743450164795,3.5277581214904785,0.1449737697839737,0.2,0.0,0.0,-0.011906301602721214,-0.011109752580523491,0.07278381288051605,-12.604737281799316,-1.7670001983642578,-1.7670001983642578,0,0.0,0.004105650819838047,0.006468659266829491,0.04683944210410118,-9.459012031555176,-3.719167470932007,-3.719167470932007,0,0.00732874171808362,0.005367686972022057,-0.0013176612555980682,-0.15744826197624207,-15.558320045471191,4.987131595611572,4.987131595611572,0,0.0,-0.015971940010786057,-0.017136018723249435,0.10921356827020645,16.856651306152344,2.112287998199463,2.112287998199463,0,0.0,0.006795094348490238,0.0034739221446216106,-0.03780864179134369,13.59532356262207,3.611018657684326,3.611018657684326,0,0.0,0.00023417657939717174,-0.004172489512711763,-0.15445084869861603,-25.974594116210938,2.9517712593078613,2.9517712593078613,0
1,0.016666666666666666,3,3,spm2_platform_joint_z,0,,0,flat,0,4.632877349853516,4.351141452789307,0.14505112171173096,0.2,0.0,0.0,-0.01704837754368782,-0.02075912058353424,-0.07472679018974304,1.946704387664795,4.491872310638428,4.491872310638428,0,0.0,0.009797506034374237,0.014271995052695274,-0.1016172245144844,-5.048370361328125,-2.3925609588623047,-2.3925609588623047,0,0.0,0.008816203102469444,0.00733192777261138,-0.19418899714946747,5.742598533630371,1.412672519683838,1.412672519683838,0,0.00732874171808362,-0.0011702257907018065,-0.004062694497406483,-0.02753223292529583,-1.8474500179290771,2.285757541656494,2.285757541656494,0,0.0,0.016174014657735825,0.017833437770605087,-0.2674623727798462,-2.519064426422119,0.12500333786010742,0.12500333786010742,0,0.0,-0.001946709817275405,-0.001953183440491557,0.006000062450766563,6.180080413818359,0.4893830716609955,0.4893830716609955,0
1,0.016666666666666666,4,4,spm2_platform_joint_y,0,,0,flat,0,3.686964273452759,5.145905494689941,0.14514222741127014,0.2,0.0,0.0,-0.04777887091040611,-0.05359446257352829,0.006337028928101063,-23.70183753967285,2.809934377670288,2.809934377670288,0,0.0,-0.010116794146597385,-0.004392906092107296,0.028962787240743637,-1.8210196495056152,-1.0304718017578125,-1.0304718017578125,0,0.0,0.003232350805774331,0.004686770960688591,0.1600395143032074,27.04157066345215,2.3141322135925293,2.3141322135925293,0,0.0,0.007871126756072044,0.007385623641312122,-0.024918777868151665,12.953622817993164,1.812721610069275,1.812721610069275,0,0.00732874171808362,-0.00829741545021534,-0.007270501460880041,-0.28923264145851135,-62.94237518310547,-3.7180848121643066,-3.7180848121643066,0,0.0,-0.001853089313954115,-0.0025699834804981947,-0.05306389555335045,36.57860565185547,5.622307777404785,5.622307777404785,0
1,0.016666666666666666,5,5,spm2_platform_joint_x,0,,0,flat,0,3.838829755783081,4.596778869628906,0.14503741264343262,0.2,0.0,0.0,-0.010641383938491344,-0.013530214317142963,-0.08224471658468246,2.026512622833252,3.255392551422119,3.255392551422119,0,0.0,-0.009300732053816319,-0.011628473177552223,0.11212226003408432,2.964933395385742,1.0551402568817139,1.0551402568817139,0,0.0,0.0013436733279377222,0.0032556753139942884,0.09721045196056366,-2.4370622634887695,-2.3631272315979004,-2.3631272315979004,0,0.0,-0.00040185655234381557,-0.000800828100182116,-0.019454464316368103,-0.6609615683555603,0.41443073749542236,0.41443073749542236,0,0.0,-0.009187518619000912,-0.011052903719246387,0.14677055180072784,3.8596363067626953,0.6355248689651489,0.6355248689651489,0,0.00732874171808362,-0.0008334125159308314,-0.002049362054094672,0.0035825660452246666,-0.18525615334510803,1.1968286037445068,1.1968286037445068,0
2,0.03333333333333333,0,0,spm1_platform_joint_z,0,,0,flat,0,3.6050589084625244,4.8314924240112305,0.1453985571861267,0.2,0.0,0.014647639356553555,-0.012947636656463146,-0.015760576352477074,0.08744978159666061,3.0744118690490723,2.677963972091675,2.677963972091675,0,0.0,-0.008468269370496273,-0.004928749054670334,0.2830353081226349,2.5152361392974854,-3.927083969116211,-3.927083969116211,0,0.0,0.0009459082502871752,-0.0003653813328128308,-0.02479797787964344,-2.3386521339416504,1.251590371131897,1.251590371131897,0,0.0,-0.004043928347527981,-0.0032768831588327885,-0.014313952997326851,-10.635175704956055,-1.462876319885254,-1.462876319885254,0,0.0,-0.004308635368943214,-0.009443121962249279,-0.22857902944087982,-2.084078311920166,5.106237411499023,5.106237411499023,0,0.0,-0.0017982355784624815,-0.004454143811017275,-0.1563354730606079,-3.2510340213775635,3.1579184532165527,3.1579184532165527,0
2,0.03333333333333333,1,1,spm1_platform_joint_y,0,,0,flat,0,4.586785793304443,4.785860538482666,0.1458267867565155,0.2,0.0,0.0,-0.003354644402861595,-0.001860682968981564,0.02205130085349083,-14.189836502075195,-2.2354512214660645,-2.2354512214660645,0,0.014647639356553555,0.022784162312746048,0.0295120682567358,-0.061601586639881134,-70.3072280883789,-8.830474853515625,-8.830474853515625,0,0.0,0.0013948117848485708,0.0013775504194200039,0.20172451436519623,5.160278797149658,0.20559895038604736,0.20559895038604736,0,0.0,-0.003935696091502905,-0.0058540343306958675,0.0012347591109573841,9.012043952941895,2.420008659362793,2.420008659362793,0,0.0,0.018391700461506844,0.021094493567943573,-0.504113495349884,-2.6560556888580322,0.7582693099975586,0.7582693099975586,0,0.0,-0.0007873637950979173,-0.002972654765471816,0.08531327545642853,5.579699993133545,2.556021213531494,2.556021213531494,0
2,0.03333333333333333,2,2,spm1_platform_joint_x,0,,0,flat,0,3.8712527751922607,3.527778148651123,0.1450161337852478,0.2,0.0,0.0,-0.009628452360630035,-0.011299815960228443,-0.07726418226957321,4.880257606506348,2.11202073097229,2.11202073097229,0,0.0,0.0056061712093651295,0.00652427738532424,-0.20304803550243378,-6.114229679107666,0.15708506107330322,0.15708506107330322,0,0.014647639356553555,0.0008110457565635443,0.0012754597701132298,0.2806072235107422,-2.423611879348755,-1.307939887046814,-1.307939887046814,0,0.0,-0.014851216226816177,-0.01806364208459854,-0.07485458254814148,-1.244933843612671,3.03334379196167,3.03334379196167,0,0.0,0.003010732587426901,0.005886775441467762,0.01999485492706299,9.632148742675781,-0.8939971327781677,-0.8939971327781677,0,0.0,-0.003616157453507185,-0.0026779156178236008,0.14600475132465363,-1.7835527658462524,-1.0310702323913574,-1.0310702323913574,0
2,0.03333333333333333,3,3,spm2_platform_joint_z,0,,0,flat,0,4.644425392150879,4.351042747497559,0.14493495225906372,0.2,0.0,0.0,-0.017991237342357635,-0.02071492373943329,0.005082855466753244,8.257915496826172,3.544182538986206,3.544182538986206,0,0.0,0.012369062751531601,0.015260472893714905,-0.033575452864170074,2.2040677070617676,-1.719484806060791,-1.719484806060791,0,0.0,0.0063543375581502914,0.0016793025424703956,-0.3589622676372528,-9.33902645111084,4.3453688621521,4.3453688621521,0,0.014647639356553555,-0.0015679833013564348,-0.004379131365567446,0.028186645358800888,2.161879062652588,2.669725179672241,2.669725179672241,0,0.0,0.015455646440386772,0.01592431031167507,-0.23391972482204437,-0.4929918050765991,0.9873580932617188,0.9873580932617188,0,0.0,-0.001692758989520371,-0.0021277868654578924,-0.025468960404396057,-4.006404399871826,0.17744186520576477,0.17744186520576477,0
2,0.03333333333333333,4,4,spm2_platform_joint_y,0,,0,flat,0,3.695648431777954,5.1458587646484375,0.14499765634536743,0.2,0.0,0.0,-0.04644853249192238,-0.050986919552087784,0.23867923021316528,9.188114166259766,4.8501081466674805,4.8501081466674805,0,0.0,-0.0038071852177381516,-0.002205486176535487,-0.10026662051677704,-20.45665740966797,-1.5866413116455078,-1.5866413116455078,0,0.0,0.0040618679486215115,0.0004711246001534164,-0.22446703910827637,-4.152731895446777,3.0103793144226074,3.0103793144226074,0,0.0,0.006400873884558678,0.004623955115675926,-0.2102455049753189,-2.8738903999328613,1.556215763092041,1.556215763092041,0,0.014647639356553555,-0.004348082467913628,-0.0026489507872611284,0.07074731588363647,-11.126150131225586,-0.6506248712539673,-0.6506248712539673,0,0.0,-0.002227318938821554,-0.004987578373402357,-0.049352142959833145,9.093092918395996,3.5055911540985107,3.5055911540985107,0
2,0.03333333333333333,5,5,spm2_platform_joint_x,0,,0,flat,0,3.847153902053833,4.596785068511963,0.14480668306350708,0.2,0.0,0.0,-0.01172618567943573,-0.014569152146577835,-0.04690546169877052,5.025157451629639,3.2835679054260254,3.2835679054260254,0,0.0,-0.010078010149300098,-0.012098073028028011,0.12998519837856293,4.887862682342529,1.0911041498184204,1.0911041498184204,0,0.0,0.002821585163474083,0.004382805433124304,0.09997785836458206,0.5606862902641296,-2.0894503593444824,-2.0894503593444824,0,0.0,-0.0006940510356798768,-0.0012010232312604785,-0.016623955219984055,-1.4928169250488281,0.3115122616291046,0.3115122616291046,0,0.0,-0.009579183533787727,-0.011735116131603718,0.13017669320106506,0.6104260683059692,0.5374376773834229,0.5374376773834229,0,0.014647639356553555,0.00017690472304821014,-0.001957932021468878,0.015600042417645454,1.7584322690963745,2.183021306991577,2.183021306991577,0
3,0.05,0,0,spm1_platform_joint_z,0,,0,flat,0,3.613577365875244,4.831176280975342,0.1461392343044281,0.2,0.0,0.02194686233997345,-0.010732917115092278,-0.014444936998188496,0.06839794665575027,6.066305637359619,4.008579730987549,4.008579730987549,0,0.0,-0.004271582700312138,-0.0021320986561477184,0.1246957927942276,-10.714404106140137,-3.374040126800537,-3.374040126800537,0,0.0,-0.00031666381983086467,-0.000884720531757921,-0.03489811345934868,-5.091968059539795,0.21837252378463745,0.21837252378463745,0,0.0,-0.0028399652801454067,-0.004080350045114756,0.02877446450293064,15.020247459411621,1.7328264713287354,1.7328264713287354,0,0.0,-0.008184039033949375,-0.011775926686823368,-0.03410467505455017,7.728855133056641,3.9600987434387207,3.9600987434387207,0,0.0,-0.0038602580316364765,-0.005204297136515379,-0.08461678773164749,-32.54574203491211,-0.5787991285324097,-0.5787991285324097,0
3,0.05,1,1,spm1_platform_joint_y,0,,0,flat,0,4.595976829528809,4.785769462585449,0.14568018913269043,0.2,0.0,0.0,-0.0016125919064506888,-0.0008308056858368218,-0.07220503687858582,-27.567768096923828,-1.6510167121887207,-1.6510167121887207,0,0.02194686233997345,0.02850337326526642,0.027730917558073997,-0.08276959508657455,-18.087770462036133,-0.3805239796638489,-0.3805239796638489,0,0.0,0.001193877076730132,0.0007590618915855885,-0.27231884002685547,7.649524211883545,2.3645524978637695,2.3645524978637695,0,0.0,-0.005073496140539646,-0.0067321015521883965,0.10292907804250717,26.748258590698242,2.2813267707824707,2.2813267707824707,0,0.0,0.01828189380466938,0.02129429392516613,0.1216035932302475,27.060110092163086,-1.1600712537765503,-1.1600712537765503,0,0.0,-0.002576300874352455,-0.0053025661036372185,-0.11599870026111603,47.086402893066406,5.388266563415527,5.388266563415527,0
3,0.05,2,2,spm1_platform_joint_x,0,,0,flat,0,3.880878210067749,3.527745485305786,0.1448315978050232,0.2,0.0,0.0,-0.009793173521757126,-0.013061316683888435,0.036976054310798645,20.140899658203125,4.140950679779053,4.140950679779053,0,0.0,0.005654373671859503,0.004450757056474686,0.055127959698438644,28.062931060791016,3.070699691772461,3.070699691772461,0,0.02194686233997345,0.0040316469967365265,0.0053325253538787365,0.015437458641827106,-36.45686721801758,-3.3610193729400635,-3.3610193729400635,0,0.0,-0.01565515622496605,-0.019692406058311462,0.04971074312925339,14.5872163772583,3.847123146057129,3.847123146057129,0,0.0,0.005101872142404318,0.006048322655260563,-0.031916677951812744,-20.868473052978516,-2.6481566429138184,-2.6481566429138184,0,0.0,-0.002320860279724002,-0.0004962036618962884,-0.10215050727128983,-33.67145538330078,-3.227912425994873,-3.227912425994873,0
3,0.05,3,3,spm2_platform_joint_z,0,,0,flat,0,4.656580924987793,4.351289749145508,0.14443427324295044,0.2,0.0,0.0,-0.01795293390750885,-0.02550342306494713,-0.22014126181602478,-0.7160711288452148,7.425990104675293,7.425990104675293,0,0.0,0.013225743547081947,0.01591753587126732,0.07127626240253448,37.770301818847656,1.2618250846862793,1.2618250846862793,0,0.0,0.001455395482480526,0.003571485634893179,0.1809738278388977,12.675164222717285,-0.9835346937179565,-0.9835346937179565,0,0.02194686233997345,-0.0008689987007528543,-0.003836687421426177,-0.14009013772010803,-21.003440856933594,2.3391036987304688,2.3391036987304688,0,0.0,0.013801068998873234,0.01709108054637909,-0.4883936643600464,-55.39377975463867,-3.517030954360962,-3.517030954360962,0,0.0,-0.0018440819112583995,-0.000172163694514893,0.26716357469558716,30.22758674621582,0.5682259798049927,0.5682259798049927,0
3,0.05,4,4,spm2_platform_joint_y,0,,0,flat,0,3.704629898071289,5.145596027374268,0.14492981135845184,0.2,0.0,0.0,-0.044188663363456726,-0.049973320215940475,0.20530475676059723,9.621233940124512,5.794046878814697,5.794046878814697,0,0.0,-0.0019114213064312935,-0.000676231924444437,-0.19454170763492584,-40.312313079833984,-3.744277238845825,-3.744277238845825,0,0.0,0.0004083079984411597,0.00043907828512601554,-0.18136434257030487,-16.106792449951172,-1.0221803188323975,-1.0221803188323975,0,0.0,0.004007427953183651,0.0025079427286982536,-0.05085974186658859,17.16492462158203,2.5983099937438965,2.5983099937438965,0,0.02194686233997345,0.0006304911803454161,-0.00016514315211679786,0.2837567627429962,28.18109130859375,2.81063175201416,2.81063175201416,0,0.0,-0.004322567954659462,-0.001765755470842123,-0.1345430165529251,-37.541351318359375,-4.452240943908691,-4.452240943908691,0
3,0.05,5,5,spm2_platform_joint_x,0,,0,flat,0,3.8558189868927,4.596858501434326,0.14418184757232666,0.2,0.0,0.0,-0.012626598589122295,-0.01524300966411829,-0.026102589443325996,-6.7775373458862305,1.886155128479004,1.886155128479004,0,0.0,-0.010484996251761913,-0.012894250452518463,0.015539387241005898,-10.114873886108398,0.48482745885849,0.48482745885849,0,0.0,0.0037984312511980534,0.0026515554636716843,-0.16785340011119843,-5.491551399230957,0.6440090537071228,0.6440090537071228,0,0.0,-0.0010408868547528982,-0.0007132308674044907,0.12624089419841766,19.568695068359375,0.7445879578590393,0.7445879578590393,0,0.0,-0.010170433670282364,-0.011124878190457821,0.13012728095054626,0.8640503883361816,0.7886319160461426,0.7886319160461426,0,0.02194686233997345,0.0012293742038309574,-0.0017920647514984012,-0.1291339248418808,-15.014326095581055,3.1596124172210693,3.1596124172210693,0
4,0.06666666666666667,0,0,spm1_platform_joint_z,0,,0,flat,0,3.622182846069336,4.830891132354736,0.1465078592300415,0.2,0.0,0.02921660616993904,-0.00862339697778225,-0.011251857504248619,0.18381750583648682,4.292736053466797,2.8620364665985107,2.8620364665985107,0,0.0,-0.001847818843089044,-0.00022703052673023194,0.08266792446374893,-8.800182342529297,-2.073370933532715,-2.073370933532715,0,0.0,-0.0007667577592656016,-0.0038101142272353172,-0.3265414834022522,-32.439125061035156,1.3836870193481445,1.3836870193481445,0,0.0,-0.0035363032948225737,-0.004870407283306122,0.0025110463611781597,6.809548854827881,1.322483777999878,1.322483777999878,0,0.0,-0.01020580343902111,-0.012972415424883366,0.03637077659368515,7.798855304718018,2.373922348022461,2.373922348022461,0,0.0,-0.004510390572249889,-0.00749182840809226,-0.11974329501390457,-3.646376371383667,3.005695104598999,3.005695104598999,0
4,0.06666666666666667,1,1,spm1_platform_joint_y,0,,0,flat,0,4.6053314208984375,4.785917282104492,0.14560121297836304,0.2,0.0,0.0,-0.0007200315594673157,-0.0015920219011604786,0.01562991365790367,-15.136468887329102,-1.0114185810089111,-1.0114185810089111,0,0.02921660616993904,0.02792900986969471,0.02706098183989525,-0.05564612150192261,-12.620872497558594,1.3468332290649414,1.3468332290649414,0,0.0,0.0006578536122106016,-0.00016888685058802366,-0.008488385006785393,60.38270568847656,7.122851371765137,7.122851371765137,0,0.0,-0.005834488198161125,-0.006162301637232304,0.02991403639316559,14.990696907043457,1.2468643188476562,1.2468643188476562,0,0.0,0.018455054610967636,0.0225228238850832,-0.09678595513105392,-12.326985359191895,-4.869239807128906,-4.869239807128906,0,0.0,-0.004595557227730751,-0.0036983508616685867,0.13051089644432068,68.25043487548828,5.7208123207092285,5.7208123207092285,0
4,0.06666666666666667,2,2,spm1_platform_joint_x,0,,0,flat,0,3.89078426361084,3.5273332595825195,0.14489060640335083,0.2,0.0,0.0,-0.011319807730615139,-0.011726762168109417,0.0968981385231018,9.157492637634277,0.9624257683753967,0.9624257683753967,0,0.0,0.003857322735711932,0.005457086954265833,-0.005029730498790741,-1.885473608970642,-1.2473982572555542,-1.2473982572555542,0,0.02921660616993904,0.00851706974208355,0.0029135209042578936,-0.2646436393260956,-21.437685012817383,4.119697570800781,4.119697570800781,0,0.0,-0.017066752538084984,-0.0190344899892807,0.08652250468730927,-0.44525742530822754,1.460513710975647,1.460513710975647,0,0.0,0.005241879727691412,0.005352719686925411,-0.12938202917575836,-6.850407600402832,0.3651388883590698,0.3651388883590698,0,0.0,-0.0004300431755837053,-0.0021126926876604557,-0.11905955523252487,-2.8328614234924316,1.9052517414093018,1.9052517414093018,0
4,0.06666666666666667,3,3,spm2_platform_joint_z,0,,0,flat,0,4.66865873336792,4.351241588592529,0.14551123976707458,0.2,0.0,0.0,-0.022102966904640198,-0.026252003386616707,-0.10322624444961548,12.9493408203125,5.768988609313965,5.768988609313965,0,0.0,0.013795197941362858,0.019063729792833328,-0.1146901473402977,-16.886173248291016,-6.116096019744873,-6.116096019744873,0,0.0,0.003095287596806884,0.003907851874828339,0.2914225459098816,-9.546751022338867,-1.978056788444519,-1.978056788444519,0,0.02921660616993904,0.0005704185459762812,-0.004477342590689659,-0.003052942454814911,4.543600559234619,4.556042671203613,4.556042671203613,0,0.0,0.014812270179390907,0.013634392991662025,-0.0711255744099617,49.815155029296875,7.328350067138672,7.328350067138672,0,0.0,-0.00014920852845534682,-0.0016941813519224524,0.04088200628757477,-7.877453804016113,1.184500813484192,1.184500813484192,0
4,0.06666666666666667,4,4,spm2_platform_joint_y,0,,0,flat,0,3.713892698287964,5.145687103271484,0.1448017805814743,0.2,0.0,0.0,-0.04331021010875702,-0.04953718185424805,-0.025595366954803467,-28.347618103027344,2.6563313007354736,2.6563313007354736,0,0.0,-0.0005860676756128669,0.0009197183535434306,0.10580285638570786,8.71045970916748,0.7123278975486755,0.7123278975486755,0,0.0,0.0003805345040746033,0.0024358059745281935,0.03854437544941902,14.802881240844727,2.545964241027832,2.545964241027832,0,0.0,0.0021735504269599915,0.0008658819133415818,-0.021238109096884727,8.141371726989746,1.2025572061538696,1.2025572061538696,0,0.02921660616993904,0.0037524239160120487,0.0029128810856491327,0.012230763211846352,-36.26415252685547,-2.7701010704040527,-2.7701010704040527,0,0.0,-0.0015303214313462377,-0.0006120133330114186,-0.1680816113948822,-24.50177764892578,0.281475305557251,0.281475305557251,0
4,0.06666666666666667,5,5,spm2_platform_joint_x,0,,0,flat,0,3.864459753036499,4.596791744232178,0.14478076994419098,0.2,0.0,0.0,-0.013210607692599297,-0.014714718796312809,0.020885365083813667,-1.8486006259918213,1.4943630695343018,1.4943630695343018,0,0.0,-0.01117501687258482,-0.013684672303497791,0.19656911492347717,7.777204513549805,1.2633676528930664,1.2633676528930664,0,0.0,0.0022980147041380405,0.0019091400317847729,-0.004930793307721615,-2.308566093444824,0.1893625557422638,0.1893625557422638,0,0.0,-0.0006181334028951824,-0.0005245640059001744,-0.01837240159511566,5.373162269592285,0.2045620083808899,0.2045620083808899,0,0.0,-0.009641560725867748,-0.012451634742319584,0.1369362324476242,3.242032527923584,1.1797672510147095,1.1797672510147095,0,0.02921660616993904,0.0023424248211085796,-0.002162700053304434,0.004506862256675959,-1.7094806432724,4.2934746742248535,4.2934746742248535,0
5,0.08333333333333333,0,0,spm1_platform_joint_z,0,,0,flat,0,3.631319522857666,4.83057975769043,0.14645299315452576,0.2,0.0,0.036447104066610336,-0.004891995806246996,-0.008626718074083328,0.17719732224941254,6.4304094314575195,4.107388496398926,4.107388496398926,0,0.0,-0.00019675979274325073,-0.0014247362269088626,-0.03182264417409897,-0.17137058079242706,0.9896097183227539,0.9896097183227539,0,0.0,-0.003302098950371146,-0.0051163868047297,-0.08911392092704773,-1.6798593997955322,1.719525933265686,1.719525933265686,0,0.0,-0.004221019800752401,-0.005416251718997955,-0.058320119976997375,-4.645755767822266,0.9931352138519287,0.9931352138519287,0,0.0,-0.011242760345339775,-0.011146202683448792,0.13371756672859192,-1.4685022830963135,-0.7544456124305725,-0.7544456124305725,0,0.0,-0.006492917891591787,-0.009429453872144222,-0.11183781921863556,-1.6992340087890625,2.951200246810913,2.951200246810913,0
5,0.08333333333333333,1,1,spm1_platform_joint_y,0,,0,flat,0,4.615050792694092,4.78587532043457,0.1452007293701172,0.2,0.0,0.0,-0.0013797522988170385,-0.002319958293810487,0.05183243378996849,10.713147163391113,0.8571030497550964,0.8571030497550964,0,0.036447104066610336,0.02831246517598629,0.028585199266672134,0.17988136410713196,37.71266555786133,2.3324646949768066,2.3324646949768066,0,0.0,-0.0001463686057832092,0.0009559406316839159,0.1053672805428505,4.761666774749756,-1.1282113790512085,-1.1282113790512085,0,0.0,-0.005340661387890577,-0.005498973187059164,-0.07492165267467499,-14.967630386352539,-0.08069002628326416,-0.08069002628326416,0,0.0,0.019519779831171036,0.026087427511811256,-0.19969478249549866,-26.151763916015625,-5.168491840362549,-5.168491840362549,0,0.0,-0.0032052374444901943,-0.0011112685315310955,-0.03501836955547333,-28.474035263061523,-3.0358638763427734,-3.0358638763427734,0
5,0.08333333333333333,2,2,spm1_platform_joint_x,0,,0,flat,0,3.9009077548980713,3.527012348175049,0.1447119563817978,0.2,0.0,0.0,-0.010163193568587303,-0.010066273622214794,-0.10525926202535629,-26.659852981567383,-0.9143393635749817,-0.9143393635749817,0,0.0,0.004729475360363722,0.0060844821855425835,-0.2601132392883301,-33.178306579589844,-2.000227212905884,-2.000227212905884,0,0.036447104066610336,0.007384665310382843,-4.089257345185615e-05,0.1361991912126541,53.47209548950195,10.561087608337402,10.561087608337402,0,0.0,-0.016496557742357254,-0.01788898929953575,-0.04584380239248276,-16.990209579467773,1.3352071046829224,1.3352071046829224,0,0.0,0.004639023914933205,0.005996593274176121,0.03366110473871231,16.20484733581543,0.6872106790542603,0.6872106790542603,0,0.0,-0.0018310003215447068,-0.00447100680321455,0.14015990495681763,28.642215728759766,2.131218910217285,2.131218910217285,0
5,0.08333333333333333,3,3,spm2_platform_joint_z,0,,0,flat,0,4.680858612060547,4.3511762619018555,0.14486506581306458,0.2,0.0,0.0,-0.022751735523343086,-0.028032271191477776,-0.02677699364721775,10.382898330688477,5.773495674133301,5.773495674133301,0,0.0,0.01652189902961254,0.014594078063964844,-0.2682785987854004,-0.5322718620300293,2.1795265674591064,2.1795265674591064,0,0.0,0.003386804834008217,0.001842823694460094,-0.07962609827518463,-3.5440797805786133,1.0043931007385254,1.0043931007385254,0,0.036447104066610336,0.0009792502969503403,-0.0033262467477470636,0.027272172272205353,-4.559521198272705,4.068937301635742,4.068937301635742,0,0.0,0.011816473677754402,0.015949172899127007,0.10326827317476273,13.64162826538086,-2.873710870742798,-2.873710870742798,0,0.0,-0.00146829045843333,-0.0021404919680207968,-0.0255428459495306,-7.324825763702393,-0.06333479285240173,-0.06333479285240173,0
5,0.08333333333333333,4,4,spm2_platform_joint_y,0,,0,flat,0,3.723832130432129,5.145437717437744,0.14499138295650482,0.2,0.0,0.0,-0.04293222352862358,-0.04730827361345291,0.30119428038597107,17.923465728759766,4.342197895050049,4.342197895050049,0,0.0,0.0007970892474986613,0.006422388833016157,0.0316820926964283,-15.847594261169434,-4.901820182800293,-4.901820182800293,0,0.0,0.0021110319066792727,0.001583766657859087,0.006883169058710337,0.678214430809021,-0.22241857647895813,-0.22241857647895813,0,0.0,0.0007504309760406613,-0.00018684129463508725,-0.231153666973114,-17.379621505737305,1.0608805418014526,1.0608805418014526,0,0.036447104066610336,0.007384111173450947,0.005677064880728722,-0.15296706557273865,-21.94220542907715,2.4002647399902344,2.4002647399902344,0,0.0,-0.0005304115475155413,-0.0033029550686478615,-0.172485813498497,-0.5819499492645264,3.0526647567749023,3.0526647567749023,0
5,0.08333333333333333,5,5,spm2_platform_joint_x,0,,0,flat,0,3.873178005218506,4.596800327301025,0.14504879713058472,0.2,0.0,0.0,-0.012752756476402283,-0.014210709370672703,0.02686450630426407,4.24337911605835,1.9406496286392212,1.9406496286392212,0,0.0,-0.011860049329698086,-0.014478708617389202,-0.03422677516937256,-29.885555267333984,-0.06158947944641113,-0.06158947944641113,0,0.0,0.0016545880353078246,0.0007502989610657096,-0.07896688580513,-15.04580307006836,-0.8621218204498291,-0.8621218204498291,0,0.0,-0.00045462214620783925,-0.0008810771396383643,-0.008777940645813942,-2.0348236560821533,0.13145524263381958,0.13145524263381958,0,0.0,-0.010791417211294174,-0.015278801321983337,0.27430927753448486,26.824172973632812,2.765582799911499,2.765582799911499,0,0.036447104066610336,0.002985273953527212,-0.0020667605567723513,0.011157186701893806,1.570560336112976,5.099057197570801,5.099057197570801,0
6,0.1,0,0,spm1_platform_joint_z,0,,0,flat,0,3.640739917755127,4.830362796783447,0.14637264609336853,0.2,0.0,0.04362864792346954,-0.0016593355685472488,-0.00570452818647027,0.12341678887605667,-13.947279930114746,2.547492265701294,2.547492265701294,0,0.0,-0.0012347714509814978,-0.001329495687969029,0.119050532579422,15.587777137756348,0.9880062341690063,0.9880062341690063,0,0.0,-0.004434201866388321,-0.004189240280538797,0.12826503813266754,26.652841567993164,2.4620327949523926,2.4620327949523926,0,0.0,-0.004694084636867046,-0.007530697155743837,-0.13500510156154633,-7.144413471221924,2.1568453311920166,2.1568453311920166,0,0.0,-0.009660041891038418,-0.011725849471986294,-0.010629626922309399,-17.51451301574707,-0.4546087384223938,-0.4546087384223938,0,0.0,-0.008172193542122841,-0.008528406731784344,0.13832102715969086,31.24117660522461,3.4019970893859863,3.4019970893859863,0
6,0.1,1,1,spm1_platform_joint_y,0,,0,flat,0,4.6255717277526855,4.785660266876221,0.14599746465682983,0.2,0.0,0.0,-0.0020106304436922073,-0.0030933688394725323,-0.00412412453442812,11.902058601379395,1.462965488433838,1.462965488433838,0,0.04362864792346954,0.03059099242091179,0.03992866352200508,-0.2749781906604767,-76.92906951904297,-8.676536560058594,-8.676536560058594,0,0.0,0.0008284818613901734,0.003958999644964933,0.12835127115249634,-21.256452560424805,-4.502220153808594,-4.502220153808594,0,0.0,-0.004765776917338371,-0.005420513916760683,-0.05285533517599106,-16.2464656829834,0.11053192615509033,0.11053192615509033,0,0.0,0.022609103471040726,0.030198514461517334,-0.6333708763122559,-17.846729278564453,-2.2735095024108887,-2.2735095024108887,0,0.0,-0.0009630994172766805,-0.00046106945956125855,0.021897707134485245,-15.427200317382812,-1.406355619430542,-1.406355619430542,0
6,0.1,2,2,spm1_platform_joint_x,0,,0,flat,0,3.911071538925171,3.5271987915039062,0.1446601152420044,0.2,0.0,0.0,-0.008724103681743145,-0.012485720217227936,-0.16273629665374756,-5.512932777404785,3.574944019317627,3.574944019317627,0,0.0,0.005273217801004648,0.0041711945086717606,-0.09041668474674225,-1.8433830738067627,0.8712193369865417,0.8712193369865417,0,0.04362864792346954,0.005781713407486677,0.003622048534452915,0.196967214345932,4.44972562789917,2.272310733795166,2.272310733795166,0,0.0,-0.015503790229558945,-0.019722286611795425,-0.0592644177377224,6.208212852478027,4.715407371520996,4.715407371520996,0,0.0,0.005197047255933285,0.006447185296565294,0.0529639832675457,2.8499953746795654,-1.0616567134857178,-1.0616567134857178,0,0.0,-0.0038748725783079863,-0.0006681992090307176,0.17028802633285522,9.452383041381836,-2.241663932800293,-2.241663932800293,0
6,0.1,3,3,spm2_platform_joint_z,0,,0,flat,0,4.69340181350708,4.351240634918213,0.1449241191148758,0.2,0.0,0.0,-0.02429463528096676,-0.02964472584426403,-0.12959572672843933,8.154890060424805,6.719241619110107,6.719241619110107,0,0.0,0.012648200616240501,0.014777650125324726,0.09186878800392151,-0.2591094374656677,-1.7774722576141357,-1.7774722576141357,0,0.0,0.0015971139073371887,0.0014319914625957608,0.1951928734779358,33.62983703613281,0.25998425483703613,0.25998425483703613,0,0.04362864792346954,0.002934406278654933,-0.002867222297936678,0.053179360926151276,9.038370132446289,5.970223426818848,5.970223426818848,0,0.0,0.013822616077959538,0.012658915482461452,-0.3731631636619568,-6.297880172729492,1.1360862255096436,1.1360862255096436,0,0.0,-0.0018550930544734001,-0.001296146074309945,-0.10291871428489685,-9.41122817993164,-0.6866228580474854,-0.6866228580474854,0
6,0.1,4,4,spm2_platform_joint_y,0,,0,flat,0,3.7341904640197754,5.145068168640137,0.1448315680027008,0.2,0.0,0.0,-0.04100050404667854,-0.04534122720360756,-0.16369155049324036,-52.87065887451172,1.1206660270690918,1.1206660270690918,0,0.0,0.005566070321947336,0.010668078437447548,-0.06769037991762161,-28.35781478881836,-5.59992790222168,-5.59992790222168,0,0.0,0.0013725977623835206,0.001197098521515727,0.24272574484348297,38.60263442993164,1.6117613315582275,1.6117613315582275,0,0.0,-0.00016192911425605416,-0.002067035995423794,-0.09577400982379913,6.925463676452637,2.7946414947509766,2.7946414947509766,0,0.04362864792346954,0.010737275704741478,0.010063226334750652,-0.10250193625688553,-14.800529479980469,3.3042683601379395,3.3042683601379395,0,0.0,-0.0028625610284507275,-0.003094649175181985,0.4227903187274933,69.85101318359375,3.5973281860351562,3.5973281860351562,0
6,0.1,5,5,spm2_platform_joint_x,0,,0,flat,0,3.8824617862701416,4.596796989440918,0.14490258693695068,0.2,0.0,0.0,-0.012315947562456131,-0.013445321470499039,0.13469570875167847,14.751157760620117,1.541919231414795,1.541919231414795,0,0.0,-0.012548213824629784,-0.019475242123007774,-0.08809443563222885,-16.89745330810547,4.313055515289307,4.313055515289307,0,0.0,0.0006502590840682387,-0.00020367112301755697,-0.38700243830680847,-48.39773941040039,0.11927923560142517,0.11927923560142517,0,0.0,-0.0007636001682840288,-0.0010242813732475042,-0.10446029901504517,-13.812064170837402,0.0017036646604537964,0.0017036646604537964,0,0.0,-0.013241628184914589,-0.016248000785708427,0.5472351312637329,30.3277587890625,0.0072786808013916016,0.0072786808013916016,0,0.04362864792346954,0.004025961272418499,-0.0020316338632255793,0.01671123504638672,0.9210900068283081,5.94888162612915,5.94888162612915,0
7,0.11666666666666667,0,0,spm1_platform_joint_z,0,,0,flat,0,3.6503729820251465,4.830247402191162,0.1458587944507599,0.2,0.0,0.050751589238643646,0.0018229545094072819,-0.0032570548355579376,0.13682438433170319,1.8212530612945557,4.935790061950684,4.935790061950684,0,0.0,-0.001152229611761868,-0.0011075872462242842,-0.04949979856610298,-12.691390991210938,-1.1195346117019653,-1.1195346117019653,0,0.0,-0.003630674909800291,-0.0029311610851436853,0.06881970167160034,-6.241889953613281,-1.47353994846344,-1.47353994846344,0,0.0,-0.0065266042947769165,-0.010998426005244255,-0.1283988058567047,9.324739456176758,4.786829948425293,4.786829948425293,0,0.0,-0.010162402875721455,-0.011505297385156155,0.1290677785873413,15.022603988647461,1.9689297676086426,1.9689297676086426,0,0.0,-0.007391285616904497,-0.004218490328639746,0.24821162223815918,0.30888140201568604,-2.7823500633239746,-2.7823500633239746,0
7,0.11666666666666667,1,1,spm1_platform_joint_y,0,,0,flat,0,4.635770797729492,4.785577774047852,0.14659366011619568,0.2,0.0,0.0,-0.002680919598788023,-0.0035296790301799774,-0.09481159597635269,-3.161665439605713,0.8632030487060547,0.8632030487060547,0,0.050751589238643646,0.041371721774339676,0.04043994098901749,0.18936404585838318,-41.94770050048828,-2.2653768062591553,-2.2653768062591553,0,0.0,0.00343113299459219,0.004039163701236248,-0.1144578754901886,-26.18586540222168,-1.5883994102478027,-1.5883994102478027,0,0.0,-0.004697778727859259,-0.005472075659781694,0.10791005939245224,4.1161723136901855,0.7204599380493164,0.7204599380493164,0,0.0,0.02617204561829567,0.028528762981295586,-0.12072574347257614,12.256519317626953,-0.9839389324188232,-0.9839389324188232,0,0.0,-0.0003995935257989913,-0.0013720243005082011,-0.013232504017651081,-2.591519594192505,0.8774082660675049,0.8774082660675049,0
7,0.11666666666666667,2,2,spm1_platform_joint_x,0,,0,flat,0,3.921398878097534,3.5270023345947266,0.1449662744998932,0.2,0.0,0.0,-0.010820957832038403,-0.012144858948886395,-0.05599183589220047,-13.430620193481445,1.1359912157058716,1.1359912157058716,0,0.0,0.0036150352098047733,0.004610651638358831,0.045082736760377884,-5.2835373878479,-1.7989474534988403,-1.7989474534988403,0,0.050751589238643646,0.009905988350510597,0.002026679227128625,0.09971889853477478,25.17003631591797,8.28438663482666,8.28438663482666,0,0.0,-0.017092648893594742,-0.01877574808895588,0.14558707177639008,10.513450622558594,1.9796922206878662,1.9796922206878662,0,0.0,0.005587560590356588,0.0027491964865475893,-0.0943184420466423,7.853360652923584,2.7885913848876953,2.7885913848876953,0,0.0,-0.0005791059811599553,-0.0015061430167406797,-0.09388628602027893,-1.7458909749984741,1.1486166715621948,1.1486166715621948,0
7,0.11666666666666667,3,3,spm2_platform_joint_z,0,,0,flat,0,4.706197261810303,4.3509674072265625,0.14502155780792236,0.2,0.0,0.0,-0.02569209598004818,-0.03146098926663399,-0.08275019377470016,-3.268254280090332,5.432651519775391,5.432651519775391,0,0.0,0.012807296589016914,0.014219247736036777,-0.21489854156970978,-5.16049337387085,-0.41396141052246094,-0.41396141052246094,0,0.0,0.0012410592753440142,0.0034228316508233547,-0.07857976853847504,-24.685806274414062,-2.4766197204589844,-2.4766197204589844,0,0.050751589238643646,0.004281952977180481,-0.0025741548743098974,0.0344577357172966,3.7164721488952637,6.968942642211914,6.968942642211914,0,0.0,0.010971060022711754,0.013014617376029491,0.0685429573059082,9.102503776550293,-1.038307547569275,-1.038307547569275,0,0.0,-0.0011233265977352858,-0.0023901599925011396,-0.07265564799308777,2.8021466732025146,1.550689935684204,1.550689935684204,0
7,0.11666666666666667,4,4,spm2_platform_joint_y,0,,0,flat,0,3.7449402809143066,5.1449480056762695,0.14491793513298035,0.2,0.0,0.0,-0.039295729249715805,-0.048034146428108215,0.17963725328445435,42.64125061035156,9.770536422729492,9.770536422729492,0,0.0,0.009245667606592178,0.014201209880411625,0.11540524661540985,3.873724937438965,-3.714517116546631,-3.714517116546631,0,0.0,0.0010374854318797588,0.002583729336038232,-0.13873371481895447,-45.27517318725586,-4.146361827850342,-4.146361827850342,0,0.0,-0.001791431219317019,-0.0042347596026957035,-0.2245728224515915,-10.60115909576416,2.33398175239563,2.33398175239563,0,0.050751589238643646,0.015488341450691223,0.013472612015902996,-0.11612774431705475,-21.426593780517578,2.5843772888183594,2.5843772888183594,0,0.0,-0.0026820292696356773,0.0016043486539274454,-0.10258092731237411,-51.92518615722656,-6.152436256408691,-6.152436256408691,0
7,0.11666666666666667,5,5,spm2_platform_joint_x,0,,0,flat,0,3.8922431468963623,4.5968170166015625,0.14425936341285706,0.2,0.0,0.0,-0.011652612127363682,-0.011850962415337563,0.06087280809879303,-1.528243064880371,0.02893930673599243,0.02893930673599243,0,0.0,-0.01687854342162609,-0.02484019473195076,0.11183924227952957,18.72926902770996,6.565460681915283,6.565460681915283,0,0.0,-0.00017651496455073357,-0.004564598202705383,-0.12388038635253906,17.624927520751953,5.515859603881836,5.515859603881836,0,0.0,-0.0008877104846760631,-0.001524309627711773,-0.012423660606145859,-1.0750592947006226,0.7038242816925049,0.7038242816925049,0,0.0,-0.014081601053476334,-0.014426209963858128,0.4791984558105469,4.803907871246338,-2.8248891830444336,-2.8248891830444336,0,0.050751589238643646,0.00500612985342741,-0.001813845825381577,0.046674735844135284,5.786408424377441,6.927926540374756,6.927926540374756,0
8,0.13333333333333333,0,0,spm1_platform_joint_z,0,,0,flat,0,3.6603262424468994,4.829995632171631,0.1448954939842224,0.2,0.0,0.057806357741355896,0.004884733818471432,-0.0020038702059537172,0.13393062353134155,15.493122100830078,7.582582950592041,7.582582950592041,0,0.0,-0.0009599089389666915,-0.0061271293088793755,0.05808326601982117,32.48235321044922,4.982113838195801,4.982113838195801,0,0.0,-0.0025403397157788277,0.0035549956373870373,-0.1485246866941452,-50.19127655029297,-8.204946517944336,-8.204946517944336,0,0.0,-0.009531969204545021,-0.013349859975278378,-0.15683451294898987,-3.1703085899353027,4.419086456298828,4.419086456298828,0,0.0,-0.0099712572991848,-0.00497139198705554,0.18302273750305176,-13.277106285095215,-5.004517555236816,-5.004517555236816,0,0.0,-0.003656025044620037,-0.002034650417044759,-0.10951030999422073,-37.41024398803711,-2.4089553356170654,-2.4089553356170654,0
8,0.13333333333333333,1,1,spm1_platform_joint_y,0,,0,flat,0,4.646152973175049,4.785742282867432,0.1464337557554245,0.2,0.0,0.0,-0.0030590551905333996,-0.004406975116580725,-0.013004528358578682,2.0590832233428955,1.5205937623977661,1.5205937623977661,0,0.057806357741355896,0.04275546222925186,0.038636285811662674,-0.0915432721376419,-8.10966968536377,2.98319149017334,2.98319149017334,0,0.0,0.003500608494505286,0.0021002113353461027,-0.0861404612660408,0.14423400163650513,1.4473662376403809,1.4473662376403809,0,0.0,-0.0047424654476344585,-0.0043803066946566105,0.025480220094323158,0.7402454614639282,-0.3906742334365845,-0.3906742334365845,0,0.0,0.02472492679953575,0.028462447226047516,0.13486480712890625,21.28652572631836,-2.772507905960083,-2.772507905960083,0,0.0,-0.001189087750390172,-0.0005677227745763958,0.098404660820961,7.575017929077148,-0.39097076654434204,-0.39097076654434204,0
8,0.13333333333333333,2,2,spm1_platform_joint_x,0,,0,flat,0,3.932330369949341,3.526665687561035,0.14486561715602875,0.2,0.0,0.0,-0.010525544174015522,-0.012191974557936192,0.05936465039849281,1.5089607238769531,1.8496441841125488,1.8496441841125488,0,0.0,0.003995898179709911,0.004140188917517662,-0.06881634891033173,-4.854999542236328,-0.07333752512931824,-0.07333752512931824,0,0.057806357741355896,0.009463969618082047,0.0016428334638476372,-0.12479173392057419,5.472340106964111,8.054145812988281,8.054145812988281,0,0.0,-0.01627231389284134,-0.017733557149767876,0.07796164602041245,-2.8412344455718994,1.175856113433838,1.175856113433838,0,0.0,0.0023826370015740395,0.0034084059298038483,0.009135422296822071,-9.189763069152832,-1.5466606616973877,-1.5466606616973877,0,0.0,-0.0013053239090368152,-0.0028028327506035566,-0.045153986662626266,6.365243434906006,1.9708786010742188,1.9708786010742188,0
8,0.13333333333333333,3,3,spm2_platform_joint_z,0,,0,flat,0,4.719287395477295,4.350771427154541,0.14409971237182617,0.2,0.0,0.0,-0.027266189455986023,-0.031203152611851692,0.15443632006645203,19.175806045532227,4.485546112060547,4.485546112060547,0,0.0,0.012323347851634026,0.008525382727384567,0.08107209205627441,42.682861328125,3.8172078132629395,3.8172078132629395,0,0.0,0.002966454019770026,-0.000583904969971627,-0.39381271600723267,-22.561323165893555,3.6652228832244873,3.6652228832244873,0,0.057806357741355896,0.005476580001413822,-0.0016257488168776035,0.03404863551259041,-3.0151586532592773,7.013684272766113,7.013684272766113,0,0.0,0.011279335245490074,0.014616599306464195,0.20200252532958984,9.568094253540039,-3.397493600845337,-3.397493600845337,0,0.0,-0.0020714718848466873,-0.0037237710785120726,-0.25217097997665405,-20.76730728149414,1.8733402490615845,1.8733402490615845,0
8,0.13333333333333333,4,4,spm2_platform_joint_y,0,,0,flat,0,3.7560410499572754,5.144686222076416,0.14498373866081238,0.2,0.0,0.0,-0.041629593819379807,-0.04514409601688385,0.13217708468437195,-6.708576679229736,2.818962574005127,2.818962574005127,0,0.0,0.01230771467089653,0.017978975549340248,-0.13795709609985352,-35.725250244140625,-5.634708404541016,-5.634708404541016,0,0.0,0.002239231951534748,0.0011425354750826955,0.1862722486257553,29.020883560180664,1.2534987926483154,1.2534987926483154,0,0.0,-0.0036701250355690718,-0.005562768317759037,-0.07560069113969803,1.5660014152526855,2.310847282409668,2.310847282409668,0,0.057806357741355896,0.019383778795599937,0.01730569824576378,-0.0883021354675293,-19.16211700439453,2.8691048622131348,2.8691048622131348,0,0.0,0.0013904355000704527,-0.002612957963719964,-0.15644802153110504,2.6884925365448,4.511448860168457,4.511448860168457,0
8,0.13333333333333333,5,5,spm2_platform_joint_x,0,,0,flat,0,3.902174234390259,4.59647798538208,0.14546169340610504,0.2,0.0,0.0,-0.010270833969116211,-0.008396373130381107,0.15796306729316711,-23.63916015625,-2.837292432785034,-2.837292432785034,0,0.0,-0.021528169512748718,-0.02260481007397175,-0.0072662075981497765,50.64699172973633,6.527084827423096,6.527084827423096,0,0.0,-0.003955984953790903,-0.010671479627490044,-0.37345725297927856,29.69986343383789,7.319557189941406,7.319557189941406,0,0.0,-0.0013210683828219771,-0.0007441241177730262,0.021493274718523026,37.401920318603516,2.8297905921936035,2.8297905921936035,0,0.0,-0.012502714991569519,-0.013339884579181671,0.19605571031570435,-31.554386138916016,-4.733986854553223,-4.733986854553223,0,0.057806357741355896,0.006135515868663788,-0.003969603683799505,-0.058057986199855804,-8.463058471679688,8.18112850189209,8.18112850189209,0
9,0.15,0,0,spm1_platform_joint_z,0,,0,flat,0,3.670916795730591,4.829613208770752,0.14504238963127136,0.2,0.0,0.0647834837436676,0.006901111453771591,0.004464870318770409,0.45271968841552734,6.920438766479492,2.0222833156585693,2.0222833156585693,0,0.0,-0.005310178734362125,-0.004712214227765799,0.022296803072094917,-2.1932220458984375,-0.38151097297668457,-0.38151097297668457,0,0.0,0.0030809962190687656,-0.00012671537115238607,-0.230294331908226,5.965520858764648,4.176731109619141,4.176731109619141,0,0.0,-0.011569878086447716,-0.01598540134727955,-0.11067374050617218,1.6649856567382812,4.595399856567383,4.595399856567383,0,0.0,-0.004308539442718029,-0.004060453735291958,-0.032535720616579056,-8.320446968078613,-0.6423557996749878,-0.6423557996749878,0,0.0,-0.0017633637180551887,-0.00468794209882617,-0.18560124933719635,2.6951193809509277,3.7043397426605225,3.7043397426605225,0
9,0.15,1,1,spm1_platform_joint_y,0,,0,flat,0,4.656875133514404,4.785701274871826,0.14563141763210297,0.2,0.0,0.0,-0.003819378325715661,-0.003950020298361778,0.0082782581448555,-16.02617645263672,-0.6570997834205627,-0.6570997834205627,0,0.0647834837436676,0.042122580111026764,0.03646712005138397,0.3600105047225952,32.88988494873047,4.809526443481445,4.809526443481445,0,0.0,0.0018201831262558699,0.002243624534457922,0.1375427395105362,92.8697738647461,6.544076919555664,6.544076919555664,0,0.0,-0.0037962656933814287,-0.004787152167409658,0.030008025467395782,16.15740203857422,1.5912926197052002,1.5912926197052002,0,0.0,0.02466745302081108,0.030901022255420685,-0.09261216968297958,-34.243690490722656,-7.182849884033203,-7.182849884033203,0,0.0,-0.0004920263891108334,-0.0009778498206287622,0.004290658514946699,72.25727081298828,5.625406265258789,5.625406265258789,0
9,0.15,2,2,spm1_platform_joint_x,0,,0,flat,0,3.943254232406616,3.5266306400299072,0.14463767409324646,0.2,0.0,0.0,-0.010566378012299538,-0.010829384438693523,-0.25927233695983887,-34.76102828979492,-0.24120022356510162,-0.24120022356510162,0,0.0,0.003588163759559393,0.0025996104814112186,-0.18036894500255585,7.562171936035156,2.4982526302337646,2.4982526302337646,0,0.0647834837436676,0.010061587207019329,0.001569330575875938,0.37814849615097046,31.171863555908203,8.436732292175293,8.436732292175293,0,0.0,-0.015369082801043987,-0.018430864438414574,-0.04692420735955238,2.1193487644195557,2.6732571125030518,2.6732571125030518,0,0.0,0.0029539517126977444,0.004030670039355755,-0.004853188991546631,-11.383827209472656,-1.5218226909637451,-1.5218226909637451,0,0.0,-0.0024291216395795345,-0.0017672249814495444,0.21250301599502563,-1.3179570436477661,-0.849419116973877,-0.849419116973877,0
9,0.15,3,3,spm2_platform_joint_z,0,,0,flat,0,4.732964038848877,4.350836753845215,0.1450980305671692,0.2,0.0,0.0,-0.027042731642723083,-0.03267442807555199,0.13996773958206177,37.72108840942383,7.351396560668945,7.351396560668945,0,0.0,0.007388664875179529,0.011250450275838375,-0.1364879012107849,-25.878021240234375,-4.632457256317139,-4.632457256317139,0,0.0,-0.0005060510011389852,0.0018428598996251822,0.11203651875257492,6.477594375610352,-1.8574916124343872,-1.8574916124343872,0,0.0647834837436676,0.007228815462440252,-0.0012555496068671346,-0.2525431513786316,-45.71623611450195,7.457570552825928,7.457570552825928,0,0.0,0.012667719274759293,0.007611887529492378,0.006616499274969101,31.042932510375977,5.070661544799805,5.070661544799805,0,0.0,-0.0032272683456540108,-0.0021638863254338503,0.03662915527820587,12.169888496398926,-1.1594462394714355,-1.1594462394714355,0
9,0.15,4,4,spm2_platform_joint_y,0,,0,flat,0,3.7676844596862793,5.14430046081543,0.14475591480731964,0.2,0.0,0.0,-0.03912488371133804,-0.04510987922549248,-0.1177254170179367,-19.91546630859375,4.698646545410156,4.698646545410156,0,0.0,0.015581779181957245,0.0211129542440176,0.03681395947933197,-1.8710142374038696,-4.026368618011475,-4.026368618011475,0,0.0,0.000990197411738336,0.0036019706167280674,0.27515116333961487,14.686018943786621,-2.115668296813965,-2.115668296813965,0,0.0,-0.004821065813302994,-0.006613649427890778,-0.09189092367887497,-4.507748603820801,1.7389931678771973,1.7389931678771973,0,0.0647834837436676,0.023636069148778915,0.020865395665168762,-0.13129110634326935,-33.502647399902344,2.6139798164367676,2.6139798164367676,0,0.0,-0.002264563459903002,-0.003493170952424407,0.15946070849895477,35.319244384765625,3.47086238861084,3.47086238861084,0
9,0.15,5,5,spm2_platform_joint_x,0,,0,flat,0,3.912421464920044,4.596286773681641,0.14640837907791138,0.2,0.0,0.0,-0.007276856806129217,-0.006004039663821459,0.07752767950296402,-2.5292766094207764,-1.2361383438110352,-1.2361383438110352,0,0.0,-0.0195908360183239,-0.019408632069826126,0.20623162388801575,2.5528101921081543,-0.1402568817138672,-0.1402568817138672,0,0.0,-0.009248615242540836,-0.014141026884317398,-0.007552050985395908,22.31609344482422,5.907910346984863,5.907910346984863,0,0.0,-0.0006449075881391764,-0.0002250233810627833,0.0032181059941649437,-2.8396904468536377,-0.4517393708229065,-0.4517393708229065,0,0.0,-0.011561233550310135,-0.012628190219402313,-0.09244877099990845,-24.89767837524414,-0.4658871293067932,-0.4658871293067932,0,0.0647834837436676,0.005197475198656321,-0.005258501973003149,-0.018393106758594513,6.05523681640625,10.60335636138916,10.60335636138916,0
10,0.16666666666666666,0,0,spm1_platform_joint_z,0,,0,flat,0,3.681990146636963,4.828968524932861,0.14488181471824646,0.2,0.0,0.07167358696460724,0.013426032848656178,0.01016282569617033,0.15952850878238678,-30.076025009155273,1.0901851654052734,1.0901851654052734,0,0.0,-0.004083918873220682,-0.000710061751306057,-0.23766100406646729,-48.20581817626953,-3.986821174621582,-3.986821174621582,0,0.0,-0.00010981998639181256,0.002187510021030903,0.10414227098226547,7.679194927215576,-0.2743413746356964,-0.2743413746356964,0,0.0,-0.013854014687240124,-0.018431546166539192,-0.04576906934380531,16.678014755249023,5.738459587097168,5.738459587097168,0,0.0,-0.003519059857353568,-0.003396263811737299,-0.07315118610858917,14.796062469482422,2.012054204940796,2.012054204940796,0,0.0,-0.004062883090227842,-0.002381150610744953,0.22988539934158325,17.033485412597656,-0.5039002299308777,-0.5039002299308777,0
10,0.16666666666666666,1,1,spm1_platform_joint_y,0,,0,flat,0,4.668223857879639,4.785357475280762,0.14535492658615112,0.2,0.0,0.0,-0.003423350863158703,-0.004738668445497751,-0.22229798138141632,-31.396146774291992,0.23911437392234802,0.23911437392234802,0,0.07167358696460724,0.04116131737828255,0.03836521878838539,0.32002612948417664,25.679279327392578,2.1135776042938232,2.1135776042938232,0,0.0,0.0019444746430963278,0.005216497462242842,0.6557626724243164,66.8871078491211,-2.3356401920318604,-2.3356401920318604,0,0.0,-0.00414886511862278,-0.004304064903408289,0.10280751436948776,15.577771186828613,0.8081804513931274,0.8081804513931274,0,0.0,0.026780884712934494,0.03184068202972412,-0.14863671362400055,-14.992246627807617,-4.073259353637695,-4.073259353637695,0,0.0,-0.0008474698406644166,-0.00012753799092024565,0.4473191201686859,59.528770446777344,0.7615208625793457,0.7615208625793457,0
10,0.16666666666666666,2,2,spm1_platform_joint_x,0,,0,flat,0,3.9547348022460938,3.526700258255005,0.14503465592861176,0.2,0.0,0.0,-0.009385466575622559,-0.012750308029353619,-0.020408783107995987,7.116121768951416,3.8385114669799805,3.8385114669799805,0,0.0,0.0022529957350343466,0.0018416362581774592,0.09347407519817352,4.728457927703857,-0.1753995716571808,-0.1753995716571808,0,0.07167358696460724,0.010916565544903278,0.0036400340031832457,0.06248333305120468,-7.898153305053711,6.211793422698975,6.211793422698975,0,0.0,-0.015973415225744247,-0.019007686525583267,-0.012259067967534065,3.227881908416748,3.366828680038452,3.366828680038452,0,0.0,0.0034932473208755255,0.0019412977853789926,-0.04107850790023804,5.716830730438232,1.24220871925354,1.24220871925354,0,0.0,-0.0015315950149670243,-0.00138356804382056,-0.05381093546748161,2.8414933681488037,0.1414892077445984,0.1414892077445984,0
10,0.16666666666666666,3,3,spm2_platform_joint_z,0,,0,flat,0,4.746943473815918,4.350336074829102,0.14511844515800476,0.2,0.0,0.0,-0.028317837044596672,-0.03319225460290909,-0.07171584665775299,-2.8365204334259033,5.17125940322876,5.17125940322876,0,0.0,0.00975039042532444,0.004827686585485935,0.03539436310529709,20.94980812072754,3.5802931785583496,3.5802931785583496,0,0.0,0.0015971452230587602,0.0008503186400048435,-0.02083820290863514,-17.835023880004883,-2.8848109245300293,-2.8848109245300293,0,0.07167358696460724,0.00846833549439907,0.001746963826008141,0.3719934821128845,26.424421310424805,7.624970436096191,7.624970436096191,0,0.0,0.006596968974918127,0.00495410431176424,0.23638007044792175,20.35799217224121,0.5048784017562866,0.5048784017562866,0,0.0,-0.0018753681797534227,-0.0030933297239243984,0.12949714064598083,28.919261932373047,1.8968541622161865,1.8968541622161865,0
10,0.16666666666666666,4,4,spm2_platform_joint_y,0,,0,flat,0,3.779592990875244,5.144280910491943,0.14516180753707886,0.2,0.0,0.0,-0.039095230400562286,-0.04627236723899841,-0.1501021385192871,-30.458576202392578,5.998390197753906,5.998390197753906,0,0.0,0.018297893926501274,0.025817908346652985,-0.05756665766239166,-57.627891540527344,-9.806417465209961,-9.806417465209961,0,0.0,0.003121707821264863,0.0017732020933181047,0.1361934095621109,35.56418228149414,1.4383041858673096,1.4383041858673096,0,0.0,-0.005731829442083836,-0.009370173327624798,0.014371673576533794,29.856969833374023,4.370486259460449,4.370486259460449,0,0.07167358696460724,0.02763982117176056,0.022868599742650986,0.07933968305587769,27.64554786682129,7.276630401611328,7.276630401611328,0,0.0,-0.0030274149030447006,0.0008607160998508334,-0.12674300372600555,0.08874177932739258,0.535598635673523,0.535598635673523,0
10,0.16666666666666666,5,5,spm2_platform_joint_x,0,,0,flat,0,3.9226291179656982,4.596120357513428,0.1468626856803894,0.2,0.0,0.0,-0.005203500855714083,-0.003922886215150356,0.007703493814915419,-10.738776206970215,-1.1937627792358398,-1.1937627792358398,0,0.0,-0.016820814460515976,-0.013437268324196339,0.33617842197418213,-4.142006874084473,-3.954329252243042,-3.954329252243042,0,0.0,-0.012255556881427765,-0.01370195858180523,0.4083539545536041,45.69441223144531,1.7281913757324219,1.7281913757324219,0,0.0,-0.00019502025679685175,-6.598938489332795e-05,0.03579146787524223,4.447580814361572,-0.0652431920170784,-0.0652431920170784,0,0.0,-0.010944431647658348,-0.01577366143465042,-0.22242684662342072,-11.181934356689453,4.074296474456787,4.074296474456787,0,0.07167358696460724,0.004999110009521246,-0.006352715659886599,-0.07414983958005905,-1.4071762561798096,11.354280471801758,11.354280471801758,0
11,0.18333333333333332,0,0,spm1_platform_joint_z,0,,0,flat,0,3.6936042308807373,4.828405857086182,0.14507010579109192,0.2,0.0,0.07846742123365402,0.01927010715007782,0.017474712803959846,0.30906376242637634,-28.477331161499023,-0.6123204231262207,-0.6123204231262207,0,0.0,-0.0006153868744149804,-0.005779991392046213,0.0998583436012268,8.103928565979004,1.9830827713012695,1.9830827713012695,0,0.0,0.001895842025987804,0.0006613358855247498,-0.017389517277479172,29.551311492919922,4.178130149841309,4.178130149841309,0,0.0,-0.015974007546901703,-0.022020412608981133,-0.06901267915964127,14.961423873901367,7.126306533813477,7.126306533813477,0,0.0,-0.002943428698927164,-0.004805529955774546,0.3532160222530365,30.92024040222168,1.4959572553634644,1.4959572553634644,0,0.0,-0.002063663909211755,-0.001992340199649334,0.029892481863498688,21.383256912231445,2.1714746952056885,2.1714746952056885,0
11,0.18333333333333332,1,1,spm1_platform_joint_y,0,,0,flat,0,4.679689407348633,4.7855024337768555,0.14554953575134277,0.2,0.0,0.0,-0.004106845706701279,-0.006636455189436674,-0.0427851527929306,7.746325969696045,2.957719326019287,2.957719326019287,0,0.07846742123365402,0.043712180107831955,0.03739802539348602,0.07098326832056046,-20.35660743713379,3.6065287590026855,3.6065287590026855,0,0.0,0.004520964343100786,0.0030717116314917803,-0.26466232538223267,3.099381923675537,1.3946309089660645,1.3946309089660645,0,0.0,-0.003730189520865679,-0.0036834077909588814,0.061296626925468445,-0.2946281433105469,-0.22169381380081177,-0.22169381380081177,0,0.0,0.02759525738656521,0.033061664551496506,0.12775006890296936,-8.839706420898438,-6.819534778594971,-6.819534778594971,0,0.0,-0.00011053292837459594,-0.00045633953413926065,-0.0733337253332138,3.713158130645752,0.6776483654975891,0.6776483654975891,0
11,0.18333333333333332,2,2,spm1_platform_joint_x,0,,0,flat,0,3.9667813777923584,3.5263519287109375,0.1449468731880188,0.2,0.0,0.0,-0.011050267145037651,-0.01163781899958849,-0.17956340312957764,-35.199989318847656,-0.05164468288421631,-0.05164468288421631,0,0.0,0.0015960847958922386,0.0017980507109314203,-0.03534477576613426,-23.612863540649414,-1.6697678565979004,-1.6697678565979004,0,0.07846742123365402,0.013617020100355148,0.0033454610966145992,0.1676974892616272,10.201301574707031,9.275869369506836,9.275869369506836,0,0.0,-0.016473328694701195,-0.019073063507676125,0.07335717231035233,11.626886367797852,3.1166555881500244,3.1166555881500244,0,0.0,0.0016824580961838365,-0.000757569563575089,-0.023542236536741257,9.220130920410156,2.109860897064209,2.109860897064209,0,0.0,-0.0011990922503173351,-0.002392931142821908,-0.011843820102512836,-0.790356457233429,0.8844509124755859,0.8844509124755859,0
11,0.18333333333333332,3,3,spm2_platform_joint_z,0,,0,flat,0,4.761561870574951,4.349625110626221,0.14519277215003967,0.2,0.0,0.0,-0.02876662090420723,-0.033889107406139374,0.012602707371115685,15.907734870910645,5.946352481842041,5.946352481842041,0,0.0,0.004183995071798563,-0.000980350305326283,0.30014586448669434,-1.311560869216919,2.0573649406433105,2.0573649406433105,0,0.0,0.0007369428058154881,0.00040811157668940723,0.21836775541305542,47.38884353637695,1.228687047958374,1.228687047958374,0,0.07846742123365402,0.011976358480751514,0.007167268544435501,0.17859302461147308,-20.922597885131836,3.7809972763061523,3.7809972763061523,0,0.0,0.00429355725646019,-0.006125390529632568,0.05606505647301674,20.14191246032715,6.424726963043213,6.424726963043213,0,0.0,-0.002680885838344693,-0.003294783877208829,-0.1851910501718521,-13.032148361206055,0.347194641828537,0.347194641828537,0
11,0.18333333333333332,4,4,spm2_platform_joint_y,0,,0,flat,0,3.791741132736206,5.143933296203613,0.14524981379508972,0.2,0.0,0.0,-0.04010271653532982,-0.04612039029598236,0.08402684330940247,11.185870170593262,6.6115851402282715,6.6115851402282715,0,0.0,0.022375520318746567,0.027402449399232864,-0.06524533033370972,-8.713038444519043,-4.415861129760742,-4.415861129760742,0,0.0,0.0015367751475423574,0.0027394448406994343,0.0751451849937439,-12.029403686523438,-2.6215298175811768,-2.6215298175811768,0,0.0,-0.008120817132294178,-0.010035932995378971,-0.06853385269641876,1.8786754608154297,2.238471746444702,2.238471746444702,0,0.07846742123365402,0.030281776562333107,0.026347698643803596,0.05790465697646141,-11.9346284866333,3.824495792388916,3.824495792388916,0,0.0,0.000745953933801502,-0.0014317494351416826,-0.09287217259407043,4.358494758605957,2.3148157596588135,2.3148157596588135,0
11,0.18333333333333332,5,5,spm2_platform_joint_x,0,,0,flat,0,3.9329469203948975,4.595767498016357,0.14654067158699036,0.2,0.0,0.0,-0.0033998347353190184,-0.002297367202118039,0.07782694697380066,5.32518196105957,-0.5176824331283569,-0.5176824331283569,0,0.0,-0.011645632795989513,-0.009531199932098389,0.24161896109580994,-19.825584411621094,-4.504393100738525,-4.504393100738525,0,0.0,-0.01187503058463335,-0.00750486645847559,0.37067437171936035,-5.305795669555664,-5.809192657470703,-5.809192657470703,0,0.0,-5.719079854316078e-05,0.00028984397067688406,0.11004967987537384,8.873903274536133,-0.43663233518600464,-0.43663233518600464,0,0.0,-0.013670505955815315,-0.019785111770033836,-0.0007178075611591339,17.88802719116211,6.003432750701904,6.003432750701904,0,0.07846742123365402,0.0049566361121833324,-0.00885965209454298,-0.3583603799343109,-29.28265953063965,13.508333206176758,13.508333206176758,0
12,0.2,0,0,spm1_platform_joint_z,0,,0,flat,0,3.706007957458496,4.827908039093018,0.145185649394989,0.2,0.0,0.08515585958957672,0.026498865336179733,0.025080176070332527,0.6171492338180542,37.87055206298828,3.5050063133239746,3.5050063133239746,0,0.0,-0.005009325686842203,-0.0004751509695779532,-0.06511500477790833,2.337695360183716,-0.4800453186035156,-0.4800453186035156,0,0.0,0.000573157740291208,-0.0021989240776747465,-0.5164773464202881,-77.54788208007812,-2.2673206329345703,-2.2673206329345703,0,0.0,-0.019084356725215912,-0.02441023662686348,-0.18595440685749054,-13.613770484924316,4.193943500518799,4.193943500518799,0,0.0,-0.004164792597293854,-0.0010435204021632671,-0.3311384320259094,-51.18330001831055,-4.160412311553955,-4.160412311553955,0,0.0,-0.0017266948707401752,-0.005020440090447664,-0.38708221912384033,-54.69270324707031,-1.0744458436965942,-1.0744458436965942,0
12,0.2,1,1,spm1_platform_joint_y,0,,0,flat,0,4.691612720489502,4.785612106323242,0.14507323503494263,0.2,0.0,0.0,-0.005751594435423613,-0.007591911591589451,-0.10338545590639114,5.224053382873535,2.743220806121826,2.743220806121826,0,0.08515585958957672,0.04376573860645294,0.03340259939432144,0.2674869894981384,34.3089599609375,9.086193084716797,9.086193084716797,0,0.0,0.00266215018928051,0.0022282875142991543,0.24024762213230133,17.968666076660156,0.3248060345649719,0.3248060345649719,0,0.0,-0.003192286705598235,-0.0030812593176960945,0.012144599109888077,-2.032073497772217,-0.3247312307357788,-0.3247312307357788,0,0.0,0.028653442859649658,0.03248796984553337,0.2715481221675873,9.255060195922852,-5.73425817489624,-5.73425817489624,0,0.0,-0.0003954942512791604,-0.001157084247097373,0.12357550859451294,21.854955673217773,1.2390259504318237,1.2390259504318237,0
12,0.2,2,2,spm1_platform_joint_x,0,,0,flat,0,3.9795479774475098,3.5262575149536133,0.14482027292251587,0.2,0.0,0.0,-0.01008610986173153,-0.013312934897840023,-0.06828202307224274,3.913085460662842,3.752509593963623,3.752509593963623,0,0.0,0.0015583105850964785,-0.0019479740876704454,0.03719758987426758,18.457759857177734,2.470116376876831,2.470116376876831,0,0.08515585958957672,0.014253515750169754,0.004077227786183357,0.15229851007461548,-10.44662094116211,9.334477424621582,9.334477424621582,0,0.0,-0.01652998849749565,-0.018628042191267014,-0.06525961309671402,-14.961134910583496,1.112666130065918,1.112666130065918,0,0.0,-0.0006565602961927652,-0.0007822217885404825,0.22980941832065582,11.392033576965332,-0.4903123378753662,-0.4903123378753662,0,0.0,-0.0020738737657666206,-0.0007061848300509155,0.17146311700344086,6.178068161010742,-1.4009639024734497,-1.4009639024734497,0
12,0.2,3,3,spm2_platform_joint_z,0,,0,flat,0,4.777763843536377,4.348220348358154,0.14675891399383545,0.2,0.0,0.0,-0.029370559379458427,-0.03239641711115837,0.13243824243545532,3.2359466552734375,2.531924247741699,2.531924247741699,0,0.0,-0.0008496369118802249,-0.00803344789892435,0.2044476866722107,21.43929100036621,4.521914005279541,4.521914005279541,0,0.0,0.0003536966978572309,0.0003624314849730581,0.054356031119823456,18.955842971801758,1.0753355026245117,1.0753355026245117,0,0.08515585958957672,0.01756574958562851,0.013398213312029839,0.40725064277648926,-5.134774208068848,3.9382848739624023,3.9382848739624023,0,0.0,-0.0053086718544363976,-0.015508899465203285,0.1852877140045166,11.943461418151855,4.342602729797363,4.342602729797363,0,0.0,-0.0028554792515933514,-0.0031957877799868584,-0.4370807409286499,-59.296539306640625,-0.38108888268470764,-0.38108888268470764,0
12,0.2,4,4,spm2_platform_joint_y,0,,0,flat,0,3.8043880462646484,5.143669605255127,0.14438632130622864,0.2,0.0,0.0,-0.0399710051715374,-0.04595548287034035,-0.06453654915094376,-31.918045043945312,3.3243722915649414,3.3243722915649414,0,0.0,0.023748788982629776,0.02747528627514839,-0.20439930260181427,-33.17793273925781,-5.188562393188477,-5.188562393188477,0,0.0,0.0023741854820400476,0.004439074080437422,0.08709640055894852,10.91234302520752,-0.5807588696479797,-0.5807588696479797,0,0.0,-0.008697808720171452,-0.010230240412056446,-0.034821510314941406,4.201724052429199,2.384701728820801,2.384701728820801,0,0.08515585958957672,0.03418878838419914,0.030599208548665047,0.27081069350242615,13.222509384155273,4.425565242767334,4.425565242767334,0,0.0,-0.001240849494934082,-0.0028778703417629004,-0.2097841203212738,-11.992395401000977,2.146618366241455,2.146618366241455,0
12,0.2,5,5,spm2_platform_joint_x,0,,0,flat,0,3.9438648223876953,4.595827102661133,0.1462862640619278,0.2,0.0,0.0,-0.00199105148203671,-0.0036962581798434258,-0.0998489186167717,8.540489196777344,2.2963006496429443,2.2963006496429443,0,0.0,-0.008260373026132584,-0.01149199903011322,0.0331125371158123,17.790006637573242,2.6139214038848877,2.6139214038848877,0,0.0,-0.006504217628389597,-0.0022291007917374372,0.22030089795589447,17.854421615600586,-3.327592372894287,-3.327592372894287,0,0.0,0.0002511981001589447,-0.0019243228016421199,-0.19178345799446106,-13.144583702087402,1.5319290161132812,1.5319290161132812,0,0.0,-0.01714709773659706,-0.02038124017417431,0.34648749232292175,23.29796600341797,2.9588522911071777,2.9588522911071777,0,0.08515585958957672,0.0036757495254278183,-0.006761598866432905,0.15741218626499176,6.028428554534912,10.751273155212402,10.751273155212402,0
13,0.21666666666666667,0,0,spm1_platform_joint_z,0,,0,flat,0,3.719454765319824,4.826961994171143,0.14571231603622437,0.2,0.0,0.09172990918159485,0.03396680951118469,0.035707876086235046,0.5060657262802124,-48.335731506347656,-5.964844703674316,-5.964844703674316,0,0.0,-0.0004117974895052612,-0.0012958395527675748,0.1615649163722992,-34.51572799682617,-2.7471561431884766,-2.7471561431884766,0,0.0,-0.001905734185129404,-0.005753552075475454,-0.036462727934122086,75.13432312011719,10.843912124633789,10.843912124633789,0,0.0,-0.02115553803741932,-0.026892388239502907,-0.00395248644053936,29.672815322875977,7.453430652618408,7.453430652618408,0,0.0,-0.0009043843601830304,-0.004105565138161182,0.07414500415325165,-0.8052510023117065,0.9152944087982178,0.9152944087982178,0,0.0,-0.004351047798991203,-0.004501859657466412,0.012555072084069252,42.699947357177734,5.435243606567383,5.435243606567383,0
13,0.21666666666666667,1,1,spm1_platform_joint_y,0,,0,flat,0,4.704083442687988,4.785547256469727,0.1442391276359558,0.2,0.0,0.0,-0.0065796566195786,-0.009433286264538765,-0.04215666651725769,14.045755386352539,3.713470935821533,3.713470935821533,0,0.09172990918159485,0.04117957502603531,0.028156500309705734,0.060839369893074036,-8.470462799072266,9.47656536102295,9.47656536102295,0,0.0,0.0019311824580654502,0.003533894196152687,0.013935173861682415,-22.434633255004883,-3.607724905014038,-3.607724905014038,0,0.0,-0.002670424757525325,-0.002815671730786562,0.0016412963159382343,-0.27433204650878906,0.16937792301177979,0.16937792301177979,0,0.0,0.028156239539384842,0.03088727407157421,0.5268437266349792,30.132898330688477,-5.8599853515625,-5.8599853515625,0,0.0,-0.0010028063552454114,-0.0014271176187321544,-0.0853118747472763,-19.915164947509766,-0.6465699672698975,-0.6465699672698975,0
13,0.21666666666666667,2,2,spm1_platform_joint_x,0,,0,flat,0,3.992985725402832,3.526031255722046,0.14529868960380554,0.2,0.0,0.0,-0.011537876911461353,-0.012524028308689594,-0.22520607709884644,-39.42131042480469,0.35014069080352783,0.35014069080352783,0,0.0,-0.0016882441705092788,-0.003202395047992468,0.21908687055110931,14.092195510864258,0.5235817432403564,0.5235817432403564,0,0.09172990918159485,0.015764253214001656,0.003971099387854338,0.3427034318447113,47.24715805053711,12.630697250366211,12.630697250366211,0,0.0,-0.01614430360496044,-0.018876714631915092,0.18824175000190735,25.114181518554688,3.132967710494995,3.132967710494995,0,0.0,-0.0006779255345463753,-0.00475837429985404,0.0484175868332386,8.977192878723145,2.073612689971924,2.073612689971924,0,0.0,-0.0006120268371887505,-0.0009356277296319604,0.09788785129785538,15.87739372253418,0.5419096350669861,0.5419096350669861,0
13,0.21666666666666667,3,3,spm2_platform_joint_z,0,,0,flat,0,4.794915676116943,4.346360206604004,0.14734840393066406,0.2,0.0,0.0,-0.0280768945813179,-0.031024474650621414,-0.03857557103037834,-12.242846488952637,2.91115665435791,2.91115665435791,0,0.0,-0.006962321698665619,-0.00853643286973238,-0.057488322257995605,-31.230060577392578,-0.9377371072769165,-0.9377371072769165,0,0.0,0.00031410728115588427,0.00011743989307433367,-0.337542861700058,-64.8510971069336,-3.2699103355407715,-3.2699103355407715,0,0.09172990918159485,0.02384243905544281,0.02247258834540844,0.8352107405662537,43.03754425048828,1.8495635986328125,1.8495635986328125,0,0.0,-0.013441045768558979,-0.018691515550017357,0.26004257798194885,24.19359588623047,3.5445704460144043,3.5445704460144043,0,0.0,-0.002769682789221406,-0.003471550764515996,0.6526246666908264,102.53959655761719,4.891390800476074,4.891390800476074,0
13,0.21666666666666667,4,4,spm2_platform_joint_y,0,,0,flat,0,3.817487955093384,5.143396377563477,0.14508453011512756,0.2,0.0,0.0,-0.03982808440923691,-0.046574175357818604,-0.04320632666349411,-0.38628503680229187,7.00087833404541,7.00087833404541,0,0.0,0.023811914026737213,0.029681619256734848,0.05418822914361954,-14.451661109924316,-6.828229904174805,-6.828229904174805,0,0.0,0.0038471976295113564,0.003699659835547209,-0.057127196341753006,-2.1834335327148438,-0.013787031173706055,-0.013787031173706055,0,0.0,-0.008866208605468273,-0.012480244040489197,-0.10884387791156769,0.858464241027832,3.4460809230804443,3.4460809230804443,0,0.09172990918159485,0.038749970495700836,0.03014357201755047,0.10808787494897842,8.301531791687012,8.33189582824707,8.33189582824707,0,0.0,-0.002494154265150428,-0.00030159816378727555,0.02175687812268734,-15.531061172485352,-2.5513100624084473,-2.5513100624084473,0
13,0.21666666666666667,5,5,spm2_platform_joint_x,0,,0,flat,0,3.9557344913482666,4.596216201782227,0.14546898007392883,0.2,0.0,0.0,-0.0032034236937761307,-0.00661622965708375,-0.21933762729167938,-6.294266700744629,3.671527624130249,3.671527624130249,0,0.0,-0.009959732182323933,-0.015883151441812515,0.030915990471839905,5.709845542907715,4.173523902893066,4.173523902893066,0,0.0,-0.0019318873528391123,0.0003268138680141419,0.1925748586654663,0.12719213962554932,-3.195192337036133,-3.195192337036133,0,0.0,-0.0016677463427186012,-0.0037526083178818226,-0.07326433807611465,4.408445835113525,2.345130205154419,2.345130205154419,0,0.0,-0.0176637414842844,-0.018895329907536507,0.406962126493454,6.565675735473633,-1.5182290077209473,-1.5182290077209473,0,0.09172990918159485,0.0063706026412546635,-0.0035639232955873013,0.18359531462192535,0.3399914503097534,9.749252319335938,9.749252319335938,0
14,0.23333333333333334,0,0,spm1_platform_joint_z,0,,0,flat,0,3.733628749847412,4.825836658477783,0.14571504294872284,0.2,0.0,0.09818074852228165,0.0440375916659832,0.04499836638569832,0.5999888777732849,21.119192123413086,0.676537036895752,0.676537036895752,0,0.0,-0.0011230609379708767,-0.0018715567421168089,-0.22812415659427643,-36.16058349609375,-1.4465088844299316,-1.4465088844299316,0,0.0,-0.004986411891877651,-0.006370165850967169,-0.12348305433988571,-16.44579315185547,-0.5502361059188843,-0.5502361059188843,0,0.0,-0.02330673672258854,-0.027271633967757225,0.10356490314006805,20.586755752563477,4.3263936042785645,4.3263936042785645,0,0.0,-0.003558156546205282,0.001086115837097168,0.11237376928329468,6.943727493286133,-2.4486324787139893,-2.4486324787139893,0,0.0,-0.0039016115479171276,-0.002851790050044656,0.20218956470489502,-3.211008310317993,-4.487942695617676,-4.487942695617676,0
14,0.23333333333333334,1,1,spm1_platform_joint_y,0,,0,flat,0,4.7169189453125,4.785298824310303,0.14503297209739685,0.2,0.0,0.0,-0.00817551463842392,-0.010473289526998997,-0.009048914536833763,4.019620895385742,1.164148211479187,1.164148211479187,0,0.09818074852228165,0.03749306872487068,0.02119498699903488,0.5274156928062439,44.9297981262207,12.156463623046875,12.156463623046875,0,0.0,0.003062708303332329,0.0025265226140618324,0.02422565594315529,26.014774322509766,4.848062038421631,4.848062038421631,0,0.0,-0.0024402488488703966,-0.0011531409109011292,0.009524857625365257,-20.469804763793945,-2.690669059753418,-2.690669059753418,0,0.0,0.026768971234560013,0.022710511460900307,0.6008530259132385,20.861888885498047,-3.213867664337158,-3.213867664337158,0,0.0,-0.0012368352618068457,-0.0023183785378932953,0.033714428544044495,19.665632247924805,3.7545411586761475,3.7545411586761475,0
14,0.23333333333333334,2,2,spm1_platform_joint_x,0,,0,flat,0,4.0076494216918945,3.5253281593322754,0.14645075798034668,0.2,0.0,0.0,-0.010854157619178295,-0.014181789010763168,-0.3253021836280823,-41.863075256347656,2.0893001556396484,2.0893001556396484,0,0.0,-0.0027754090260714293,-0.006481001619249582,0.7280499935150146,121.35147857666016,5.770773410797119,5.770773410797119,0,0.09818074852228165,0.01653238572180271,0.008743766695261002,0.7345665693283081,81.43954467773438,9.946330070495605,9.946330070495605,0,0.0,-0.01635981909930706,-0.016987966373562813,0.26475128531455994,25.58553695678711,1.4997196197509766,1.4997196197509766,0,0.0,-0.004123924300074577,-0.014296806417405605,0.02216932736337185,26.00812530517578,7.738272190093994,7.738272190093994,0,0.0,-0.0008108773618005216,0.003281280631199479,0.7380740642547607,63.259979248046875,-2.4633121490478516,-2.4633121490478516,0
14,0.23333333333333334,3,3,spm2_platform_joint_z,0,,0,flat,0,4.812802791595459,4.3443779945373535,0.14708994328975677,0.2,0.0,0.0,-0.02688787877559662,-0.027268771082162857,0.20366574823856354,-11.179330825805664,-0.5943458080291748,-0.5943458080291748,0,0.0,-0.0073982416652143,-0.01768594980239868,0.11563453078269958,49.064144134521484,9.889968872070312,9.889968872070312,0,0.0,0.00010178123920923099,0.0017685148632153869,0.18244782090187073,4.900923252105713,-1.7515935897827148,-1.7515935897827148,0,0.09818074852228165,0.03256700932979584,0.02916322462260723,0.39255619049072266,13.953370094299316,3.565183162689209,3.565183162689209,0,0.0,-0.01619931310415268,-0.017429471015930176,0.669762909412384,19.02979278564453,-2.117182493209839,-2.117182493209839,0,0.0,-0.003008677391335368,-0.0035832838620990515,0.09047410637140274,36.34567642211914,2.6426479816436768,2.6426479816436768,0
14,0.23333333333333334,4,4,spm2_platform_joint_y,0,,0,flat,0,3.830878973007202,5.143138408660889,0.1448298990726471,0.2,0.0,0.0,-0.040364284068346024,-0.04611143469810486,-0.13195471465587616,-35.5413932800293,3.9472198486328125,3.9472198486328125,0,0.0,0.025724070146679878,0.031042320653796196,-0.2771306037902832,-51.721927642822266,-7.154783725738525,-7.154783725738525,0,0.0,0.003206371795386076,0.002464277669787407,0.327851265668869,59.26017379760742,2.6150410175323486,2.6150410175323486,0,0.0,-0.010816211812198162,-0.013321957550942898,0.0031413165852427483,17.371219635009766,3.8686635494232178,3.8686635494232178,0,0.09818074852228165,0.039215195924043655,0.034181661903858185,0.14298230409622192,-0.5285006761550903,5.492267608642578,5.492267608642578,0,0.0,-0.00026138508110307157,-0.002479467773810029,-0.10533510148525238,0.6910765171051025,2.1592185497283936,2.1592185497283936,0
14,0.23333333333333334,5,5,spm2_platform_joint_x,0,,0,flat,0,3.9682486057281494,4.596383571624756,0.14479494094848633,0.2,0.0,0.0,-0.005734065547585487,-0.009093258529901505,0.07746114581823349,31.560054779052734,4.291604518890381,4.291604518890381,0,0.0,-0.013765397481620312,-0.01898312382400036,0.3784259855747223,35.87967300415039,4.13987922668457,4.13987922668457,0,0.0,0.0002832386817317456,0.0026550679467618465,-0.28175705671310425,-49.597957611083984,-2.5484135150909424,-2.5484135150909424,0,0.0,-0.003252260386943817,-0.004017679952085018,0.04637226462364197,19.445629119873047,2.4145169258117676,2.4145169258117676,0,0.0,-0.01637595146894455,-0.020942527800798416,0.07134980708360672,-28.90091323852539,-0.6783778667449951,-0.6783778667449951,0,0.09818074852228165,0.010002033784985542,-0.002717492636293173,-0.13076822459697723,-41.318851470947266,9.769022941589355,9.769022941589355,0
15,0.25,0,0,spm1_platform_joint_z,0,,0,flat,0,3.7485742568969727,4.824463367462158,0.14645275473594666,0.2,0.0,0.1044997125864029,0.052931878715753555,0.05184702202677727,0.3689458966255188,7.418825626373291,0.7016313076019287,0.7016313076019287,0,0.0,-0.001622015843167901,-0.0016796671552583575,0.26837798953056335,3.31520676612854,-0.2913341522216797,-0.2913341522216797,0,0.0,-0.0055208103731274605,-0.00567813403904438,-0.20695683360099792,-65.97303009033203,-3.166247606277466,-3.166247606277466,0,0.0,-0.023635415360331535,-0.02228500321507454,0.2710005044937134,-10.503194808959961,-1.8783917427062988,-1.8783917427062988,0,0.0,0.0009413004154339433,-0.0031358711421489716,-0.2907748222351074,-32.57342529296875,1.4764552116394043,1.4764552116394043,0,0.0,-0.002471551299095154,0.0011889181332662702,-0.34563037753105164,-105.2139892578125,-6.980461120605469,-6.980461120605469,0
15,0.25,1,1,spm1_platform_joint_y,0,,0,flat,0,4.731181621551514,4.785481929779053,0.14516398310661316,0.2,0.0,0.0,-0.009076850488781929,-0.014298335649073124,-0.07296890020370483,40.318931579589844,7.608888626098633,7.608888626098633,0,0.1044997125864029,0.03230228275060654,0.011400687508285046,0.32722485065460205,76.49198150634766,19.657495498657227,19.657495498657227,0,0.0,0.002189652994275093,0.008248177357017994,0.188351109623909,-39.3979606628418,-8.168802261352539,-8.168802261352539,0,0.0,-0.000999388750642538,-0.0007340408046729863,-0.15120692551136017,-37.49663162231445,-2.1200876235961914,-2.1200876235961914,0,0.0,0.019682442769408226,0.019237171858549118,0.8137844204902649,43.28252029418945,-4.161763668060303,-4.161763668060303,0,0.0,-0.0020092613995075226,-0.0027891790959984064,-0.14015847444534302,-20.30368423461914,0.11547839641571045,0.11547839641571045,0
15,0.25,2,2,spm1_platform_joint_x,0,,0,flat,0,4.023730278015137,3.524790048599243,0.14795619249343872,0.2,0.0,0.0,-0.01229088380932808,-0.01694047823548317,0.0020234240218997,38.30107879638672,7.469413757324219,7.469413757324219,0,0.0,-0.0056168679147958755,-0.01427801139652729,0.020169710740447044,-18.913124084472656,1.8182487487792969,1.8182487487792969,0,0.1044997125864029,0.021511226892471313,0.01653970219194889,0.37444204092025757,-45.26192092895508,-0.5074820518493652,-0.5074820518493652,0,0.0,-0.014722904190421104,-0.014134555123746395,-0.04624956101179123,-33.878047943115234,-1.9898587465286255,-1.9898587465286255,0,0.0,-0.012390565127134323,-0.025201182812452316,0.4754870533943176,51.72283172607422,7.531130313873291,7.531130313873291,0,0.0,0.002843776484951377,0.006952513474971056,0.06485629826784134,-61.88937759399414,-10.962172508239746,-10.962172508239746,0
15,0.25,3,3,spm2_platform_joint_z,0,,0,flat,0,4.831357479095459,4.342329502105713,0.1453305184841156,0.2,0.0,0.0,-0.02363293431699276,-0.02310118079185486,0.14773677289485931,-36.432960510253906,-2.6190576553344727,-2.6190576553344727,0,0.0,-0.015327823348343372,-0.020636320114135742,-0.12046869844198227,18.118886947631836,5.888546466827393,5.888546466827393,0,0.0,0.0015327128348872066,-0.0009733744664117694,-0.7791129946708679,-50.81995391845703,2.7414047718048096,2.7414047718048096,0,0.1044997125864029,0.03920809179544449,0.03686229884624481,0.5501306653022766,19.868852615356445,2.5732181072235107,2.5732181072235107,0,0.0,-0.015105541795492172,-0.009883811697363853,0.4077712297439575,-18.314651489257812,-7.222438812255859,-7.222438812255859,0,0.0,-0.003105512587353587,-0.0033335501793771982,-0.3398231565952301,-51.06270217895508,-0.6921552419662476,-0.6921552419662476,0
15,0.25,4,4,spm2_platform_joint_y,0,,0,flat,0,3.844883441925049,5.142937183380127,0.1448165774345398,0.2,0.0,0.0,-0.039963241666555405,-0.047012388706207275,-0.324577271938324,-23.77820587158203,7.790226459503174,7.790226459503174,0,0.0,0.026903344318270683,0.029042372480034828,0.14995603263378143,5.228322982788086,-2.6225805282592773,-2.6225805282592773,0,0.0,0.0021357072982937098,0.00801205076277256,0.37266412377357483,-12.695903778076172,-7.811850547790527,-7.811850547790527,0,0.0,-0.011545696295797825,-0.015668116509914398,0.04764854162931442,29.107654571533203,4.366066932678223,4.366066932678223,0,0.1044997125864029,0.04355740174651146,0.03260652720928192,0.1793324053287506,9.381569862365723,7.869002819061279,7.869002819061279,0,0.0,-0.002148872008547187,-0.002214339328929782,0.13842110335826874,-5.032090663909912,-0.8867544531822205,-0.8867544531822205,0
15,0.25,5,5,spm2_platform_joint_x,0,,0,flat,0,3.9817848205566406,4.596267223358154,0.14539548754692078,0.2,0.0,0.0,-0.00788082368671894,-0.008210591040551662,-0.012819495052099228,9.474774360656738,1.3541065454483032,1.3541065454483032,0,0.0,-0.016452040523290634,-0.021401485428214073,0.05221881344914436,3.105377674102783,3.6241610050201416,3.6241610050201416,0,0.0,0.002301058964803815,0.006159962620586157,0.18667525053024292,-24.8243350982666,-5.381279945373535,-5.381279945373535,0,0.0,-0.00348198926076293,-0.006618330255150795,-0.15267963707447052,-12.581369400024414,1.776444911956787,1.776444911956787,0,0.0,-0.018150189891457558,-0.017091678455471992,0.31912481784820557,-6.349357604980469,-2.978250026702881,-2.978250026702881,0,0.1044997125864029,0.011578135192394257,-0.0034484940115362406,0.03282584622502327,-1.7112805843353271,14.92470645904541,14.92470645904541,0
16,0.26666666666666666,0,0,spm1_platform_joint_z,0,,0,flat,0,3.7645742893218994,4.823116302490234,0.14909300208091736,0.2,0.0,0.1106783077120781,0.05969119444489479,0.05582844093441963,0.13038113713264465,10.694114685058594,3.6627466678619385,3.6627466678619385,0,0.0,-0.001455711550079286,0.003345932811498642,0.6971151232719421,-15.912830352783203,-8.328744888305664,-8.328744888305664,0,0.0,-0.0049210493452847,0.006204752251505852,0.6391391754150391,-117.12779235839844,-17.047578811645508,-17.047578811645508,0,0.0,-0.019313668832182884,-0.01786462590098381,0.39052683115005493,4.940271377563477,-1.2576541900634766,-1.2576541900634766,0,0.0,-0.0027177550364285707,-0.016089484095573425,-0.3750055432319641,19.106103897094727,12.45608139038086,12.45608139038086,0,0.0,0.0010303957387804985,0.009047066792845726,0.44152337312698364,-93.22864532470703,-10.630860328674316,-10.630860328674316,0
16,0.26666666666666666,1,1,spm1_platform_joint_y,0,,0,flat,0,4.746882915496826,4.785978317260742,0.14644727110862732,0.2,0.0,0.0,-0.012391890399158001,-0.01575184054672718,-0.02756917104125023,46.962364196777344,7.370079040527344,7.370079040527344,0,0.1106783077120781,0.024637704715132713,0.009226878173649311,0.40616893768310547,4.376825332641602,9.40070629119873,9.40070629119873,0,0.0,0.007148420438170433,0.010065768845379353,0.039277270436286926,-98.4365005493164,-12.469983100891113,-12.469983100891113,0,0.0,-0.0006361686973832548,-0.0036809740122407675,-0.2573678493499756,-27.72679901123047,1.2739018201828003,1.2739018201828003,0,0.0,0.01667221635580063,0.013611852191388607,0.30776238441467285,-0.05189180374145508,-3.599020481109619,-3.599020481109619,0,0.0,-0.002417288487777114,-0.005839626770466566,-0.07539661973714828,17.89727210998535,3.5400447845458984,3.5400447845458984,0
16,0.26666666666666666,2,2,spm1_platform_joint_x,0,,0,flat,0,4.041134357452393,3.5242645740509033,0.14822982251644135,0.2,0.0,0.0,-0.014681747183203697,-0.014726607128977776,0.07064533233642578,-20.15187644958496,-0.997096061706543,-0.997096061706543,0,0.0,-0.012374276295304298,-0.014740283600986004,0.09424910694360733,6.6925787925720215,2.117846965789795,2.117846965789795,0,0.1106783077120781,0.029091518372297287,0.01872370019555092,0.15777471661567688,46.44764709472656,13.535618782043457,13.535618782043457,0,0.0,-0.012249947525560856,-0.014953620731830597,0.12458022683858871,28.403684616088867,3.6053013801574707,3.6053013801574707,0,0.0,-0.021841024979948997,-0.02395673468708992,0.08035649359226227,-26.798717498779297,-0.9641366004943848,-0.9641366004943848,0,0.0,0.006025511771440506,0.00855913758277893,0.275407999753952,32.117393493652344,-1.635404109954834,-1.635404109954834,0
16,0.26666666666666666,3,3,spm2_platform_joint_z,0,,0,flat,0,4.850048542022705,4.341499328613281,0.14489096403121948,0.2,0.0,0.0,-0.020021023228764534,-0.02191196009516716,-0.1362965703010559,-24.855926513671875,1.3434687852859497,1.3434687852859497,0,0.0,-0.017884811386466026,-0.016236189752817154,-0.19707165658473969,-71.7854232788086,-3.4218692779541016,-3.4218692779541016,0,0.0,-0.0008435911731794477,-0.0026066387072205544,0.14703230559825897,43.05446243286133,5.017375946044922,5.017375946044922,0,0.1106783077120781,0.04670443385839462,0.04221751540899277,0.42976292967796326,14.6959228515625,4.003763675689697,4.003763675689697,0,0.0,-0.00856596976518631,-0.011429864913225174,-0.1283591240644455,7.819952011108398,3.4290151596069336,3.4290151596069336,0,0.0,-0.0028890767134726048,-0.001288732630200684,0.6154575943946838,56.665950775146484,-1.4650588035583496,-1.4650588035583496,0
16,0.26666666666666666,4,4,spm2_platform_joint_y,0,,0,flat,0,3.859591245651245,5.142177581787109,0.14530044794082642,0.2,0.0,0.0,-0.04074406996369362,-0.04951363056898117,0.1206246092915535,38.70367431640625,10.674824714660645,10.674824714660645,0,0.0,0.025170056149363518,0.030935024842619896,-0.07745293527841568,-13.033987998962402,-5.985888957977295,-5.985888957977295,0,0.0,0.0069437772035598755,0.007610511966049671,-0.1064346507191658,-18.478260040283203,-1.9300649166107178,-1.9300649166107178,0,0.0,-0.013579034246504307,-0.01477803848683834,-0.04677293822169304,-7.309020519256592,1.3523954153060913,1.3523954153060913,0,0.1106783077120781,0.04301609843969345,0.03618752211332321,0.2110878974199295,4.267605781555176,6.758600234985352,6.758600234985352,0,0.0,-0.001919094007462263,-0.0015022284351289272,-0.15887418389320374,-16.9710750579834,-1.5299773216247559,-1.5299773216247559,0
16,0.26666666666666666,5,5,spm2_platform_joint_x,0,,0,flat,0,3.996127128601074,4.595856666564941,0.1457727551460266,0.2,0.0,0.0,-0.0071158455684781075,-0.008725805208086967,0.18656225502490997,24.59384536743164,1.4838660955429077,1.4838660955429077,0,0.0,-0.01854795403778553,-0.015915729105472565,-0.013477896340191364,-15.137931823730469,-0.9946911334991455,-0.9946911334991455,0,0.0,0.005338634364306927,0.00933737214654684,-0.3537217378616333,-75.76322174072266,-5.781041145324707,-5.781041145324707,0,0.0,-0.005735886283218861,-0.008323227986693382,-0.3462539613246918,-23.5961856842041,3.525071144104004,3.525071144104004,0,0.0,-0.014812787994742393,-0.014375448226928711,-0.319415420293808,-52.546112060546875,-1.512178897857666,-1.512178897857666,0,0.1106783077120781,0.011768413707613945,0.000308692833641544,-0.558707594871521,-98.8743896484375,11.001543045043945,11.001543045043945,0
17,0.2833333333333333,0,0,spm1_platform_joint_z,0,,0,flat,0,3.781320571899414,4.82203483581543,0.1512511670589447,0.2,0.0,0.11670824140310287,0.06394574791193008,0.06101594492793083,0.5770412683486938,43.855674743652344,3.98592472076416,3.98592472076416,0,0.0,0.002899808343499899,0.006033577024936676,0.13216190040111542,-34.70452117919922,-7.004892826080322,-7.004892826080322,0,0.0,0.0053774518892169,0.011326023377478123,0.03433636203408241,-31.024761199951172,-7.533626556396484,-7.533626556396484,0,0.0,-0.015482675284147263,-0.01413111761212349,-0.2585631012916565,-89.02564239501953,-4.935782432556152,-4.935782432556152,0,0.0,-0.013944219797849655,-0.031188011169433594,-0.08685184270143509,64.71701049804688,17.651626586914062,17.651626586914062,0,0.0,0.007840790785849094,0.008335459977388382,-0.38689398765563965,-105.4167709350586,-7.614068984985352,-7.614068984985352,0
17,0.2833333333333333,1,1,spm1_platform_joint_y,0,,0,flat,0,4.763723850250244,4.7859721183776855,0.14706726372241974,0.2,0.0,0.0,-0.013651594519615173,-0.01599743776023388,0.06350158154964447,8.088777542114258,2.3052175045013428,2.3052175045013428,0,0.11670824140310287,0.02355772629380226,0.008625106886029243,0.3351706564426422,-32.81322479248047,8.055856704711914,8.055856704711914,0,0.0,0.008723665960133076,0.0049470108933746815,-1.0459283590316772,-113.3864974975586,-0.11617839336395264,-0.11617839336395264,0,0.0,-0.0031901774927973747,-0.004638845566660166,0.24412210285663605,52.265708923339844,4.263701438903809,4.263701438903809,0,0.0,0.011796938255429268,0.011035874485969543,0.49836498498916626,18.378597259521484,-3.8771839141845703,-3.8771839141845703,0,0.0,-0.005061009898781776,-0.0004676634562201798,0.8339352607727051,102.10736846923828,1.3090556859970093,1.3090556859970093,0
17,0.2833333333333333,2,2,spm1_platform_joint_x,0,,0,flat,0,4.059326171875,3.523772954940796,0.14801327884197235,0.2,0.0,0.0,-0.012763059698045254,-0.013359006494283676,-0.41090986132621765,-85.62899780273438,-2.2586991786956787,-2.2586991786956787,0,0.0,-0.012774912640452385,-0.015053765848279,0.10851266980171204,8.497417449951172,2.523552656173706,2.523552656173706,0,0.11670824140310287,0.03178830444812775,0.01529430877417326,-0.18172109127044678,48.94596481323242,18.707748413085938,18.707748413085938,0,0.0,-0.012959804385900497,-0.013034360483288765,0.5238989591598511,66.31184387207031,2.2351932525634766,2.2351932525634766,0,0.0,-0.020762503147125244,-0.02259008400142193,0.40625476837158203,29.56587028503418,1.8332654237747192,1.8332654237747192,0,0.0,0.007417919114232063,0.008143718354403973,0.028782274574041367,21.40234375,0.3894268274307251,0.3894268274307251,0
17,0.2833333333333333,3,3,spm2_platform_joint_z,0,,0,flat,0,4.869011878967285,4.340888023376465,0.14524239301681519,0.2,0.0,0.0,-0.01899036578834057,-0.022463159635663033,-0.2357557862997055,-38.59736633300781,1.2919219732284546,1.2919219732284546,0,0.0,-0.01407136395573616,-0.013626310043036938,0.517042875289917,30.853717803955078,1.3551397323608398,1.3551397323608398,0,0.0,-0.0022590868175029755,-0.0025743027217686176,0.2565493881702423,58.19312286376953,3.9831318855285645,3.9831318855285645,0,0.11670824140310287,0.052149612456560135,0.04487278684973717,0.3500612676143646,20.235973358154297,8.270298957824707,8.270298957824707,0,0.0,-0.009905883111059666,-0.011042781174182892,-0.3134153485298157,-37.33522415161133,0.024173734709620476,0.024173734709620476,0,0.0,-0.0011169016361236572,-0.001083743292838335,0.28111180663108826,66.3875503540039,3.880321979522705,3.880321979522705,0
17,0.2833333333333333,4,4,spm2_platform_joint_y,0,,0,flat,0,3.8743467330932617,5.141319751739502,0.14489540457725525,0.2,0.0,0.0,-0.04291181266307831,-0.045699916779994965,0.18174438178539276,-2.355465888977051,2.9852454662323,2.9852454662323,0,0.0,0.026810355484485626,0.02861061319708824,0.9001434445381165,92.65679931640625,-2.71492338180542,-2.71492338180542,0,0.0,0.006595776882022619,0.004198962356895208,-0.3427647352218628,-28.08649253845215,1.1663479804992676,1.1663479804992676,0,0.0,-0.012807633727788925,-0.01670491136610508,-0.1357504278421402,-10.675003051757812,3.195002555847168,3.195002555847168,0,0.11670824140310287,0.046923618763685226,0.03155292943120003,0.14201512932777405,-19.324567794799805,10.362866401672363,10.362866401672363,0,0.0,-0.0013019313337281346,-0.005988797172904015,-0.3943963348865509,-33.9495735168457,2.960103988647461,2.960103988647461,0
17,0.2833333333333333,5,5,spm2_platform_joint_x,0,,0,flat,0,4.01107931137085,4.595801830291748,0.14671707153320312,0.2,0.0,0.0,-0.0075623644515872,-0.0076984441839158535,-0.01214371994137764,4.869210243225098,0.21387431025505066,0.21387431025505066,0,0.0,-0.013793631456792355,-0.014126915484666824,0.5595781207084656,40.54444122314453,-0.7701817750930786,-0.7701817750930786,0,0.0,0.008092389442026615,0.008720246143639088,-0.3409053683280945,-90.71295928955078,-5.308493614196777,-5.308493614196777,0,0.0,-0.007213464006781578,-0.01249372586607933,-0.14550691843032837,1.613835096359253,5.855410575866699,5.855410575866699,0,0.0,-0.012458721175789833,-0.022661125287413597,0.017836488783359528,17.889129638671875,7.58246374130249,7.58246374130249,0,0.11670824140310287,0.015828633680939674,0.0024386218283325434,0.19010330736637115,-29.734098434448242,11.88786792755127,11.88786792755127,0
18,0.3,0,0,spm1_platform_joint_z,0,,0,flat,0,3.7994093894958496,4.821451187133789,0.15157528221607208,0.2,0.0,0.12258140742778778,0.06922467052936554,0.06813213974237442,0.2319755256175995,-5.179123878479004,0.5383057594299316,0.5383057594299316,0,0.0,0.005229100119322538,0.004869469907134771,-0.025047848001122475,-8.681193351745605,-0.9513201713562012,-0.9513201713562012,0,0.0,0.009815886616706848,0.010613294318318367,0.21707935631275177,18.051944732666016,-0.1198129653930664,-0.1198129653930664,0,0.0,-0.012246968224644661,-0.014195608906447887,0.18479424715042114,9.154022216796875,1.931264877319336,1.931264877319336,0,0.0,-0.02702960930764675,-0.0305334459990263,0.2659960091114044,-16.820396423339844,0.6241946220397949,0.6241946220397949,0,0.0,0.007224065251648426,0.005477014929056168,0.10582892596721649,28.439849853515625,2.4587039947509766,2.4587039947509766,0
18,0.3,1,1,spm1_platform_joint_y,0,,0,flat,0,4.7814435958862305,4.785264015197754,0.14653779566287994,0.2,0.0,0.0,-0.013864446431398392,-0.012643028050661087,0.34548869729042053,21.306909561157227,-1.8665424585342407,-1.8665424585342407,0,0.12258140742778778,0.02381928265094757,0.011782440356910229,-0.2990279197692871,-89.15159606933594,9.82429313659668,9.82429313659668,0,0.0,0.004287409596145153,-0.0007685468881390989,0.38510406017303467,83.66748046875,7.276925563812256,7.276925563812256,0,0.0,-0.00402033282443881,-0.005273271352052689,-0.01097252406179905,7.007716178894043,1.780087947845459,1.780087947845459,0,0.0,0.009564424864947796,0.018233846873044968,0.41513511538505554,-13.982666969299316,-11.616121292114258,-11.616121292114258,0,0.0,-0.0004053083248436451,-0.0011785837123170495,0.34322863817214966,16.330425262451172,1.2761635780334473,1.2761635780334473,0
18,0.3,2,2,spm1_platform_joint_x,0,,0,flat,0,4.078358173370361,3.5232720375061035,0.14726461470127106,0.2,0.0,0.0,-0.011577805504202843,-0.012820377014577389,0.23583881556987762,18.534791946411133,1.6200264692306519,1.6200264692306519,0,0.0,-0.013046597130596638,-0.014178801327943802,-0.011421252973377705,-10.378268241882324,0.6627935171127319,0.6627935171127319,0,0.12258140742778778,0.029599256813526154,0.013427543453872204,-0.049052171409130096,16.467573165893555,18.85928726196289,18.85928726196289,0,0.0,-0.01129644550383091,-0.010153502225875854,-0.025119593366980553,-21.36894989013672,-2.14314341545105,-2.14314341545105,0,0.0,-0.019578073173761368,-0.01800643838942051,0.07466230541467667,-20.212284088134766,-2.619725465774536,-2.619725465774536,0,0.0,0.007057889364659786,0.00839545950293541,-0.042777322232723236,-7.111189842224121,-1.3765817880630493,-1.3765817880630493,0
18,0.3,3,3,spm2_platform_joint_z,0,,0,flat,0,4.888361930847168,4.3399224281311035,0.14533081650733948,0.2,0.0,0.0,-0.019468070939183235,-0.023787839338183403,-0.16934658586978912,0.39273977279663086,6.340512275695801,6.340512275695801,0,0.0,-0.011809468269348145,-0.004466366954147816,0.2889065444469452,4.594244956970215,-7.644617557525635,-7.644617557525635,0,0.0,-0.002231062389910221,0.004081797786056995,0.03678201884031296,-84.5892105102539,-10.363033294677734,-10.363033294677734,0,0.12258140742778778,0.05523393675684929,0.04985019937157631,0.11200312525033951,-35.564308166503906,3.247170925140381,3.247170925140381,0,0.0,-0.00957041047513485,-0.0062064193189144135,-0.23940116167068481,-11.62131118774414,1.202636480331421,1.202636480331421,0,0.0,-0.0009392441716045141,-0.000780196045525372,0.2652168571949005,63.874267578125,2.051630735397339,2.051630735397339,0
18,0.3,4,4,spm2_platform_joint_y,0,,0,flat,0,3.8904004096984863,5.140657901763916,0.14531081914901733,0.2,0.0,0.0,-0.039606593549251556,-0.04638296365737915,-0.10458351671695709,-36.82790756225586,3.7318167686462402,3.7318167686462402,0,0.0,0.024795863777399063,0.03220169618725777,-0.26075419783592224,-54.23324966430664,-9.22531509399414,-9.22531509399414,0,0.0,0.0036391005851328373,0.001950741047039628,-0.024043573066592216,10.01011848449707,2.589855909347534,2.589855909347534,0,0.0,-0.014477590098977089,-0.01577569730579853,0.003539309836924076,27.691246032714844,3.951228618621826,3.951228618621826,0,0.12258140742778778,0.04369006305932999,0.031030146405100822,0.34846964478492737,46.522850036621094,13.692967414855957,13.692967414855957,0,0.0,-0.005190290976315737,-0.003129989141598344,0.07474254816770554,49.0305290222168,1.5156084299087524,1.5156084299087524,0
18,0.3,5,5,spm2_platform_joint_x,0,,0,flat,0,4.027457237243652,4.596363067626953,0.14843665063381195,0.2,0.0,0.0,-0.006671984679996967,-0.010202049277722836,-0.1430845856666565,2.610137939453125,3.643062114715576,3.643062114715576,0,0.0,-0.012243326753377914,-0.013414835557341576,0.46442005038261414,47.58649444580078,0.431917667388916,0.431917667388916,0,0.0,0.007557546719908714,0.009637135080993176,0.006961176637560129,-3.419560670852661,-0.3437662124633789,-0.3437662124633789,0,0.0,-0.010827895253896713,-0.014806073158979416,-0.3172469437122345,-20.750198364257812,3.673945188522339,3.673945188522339,0,0.0,-0.019639641046524048,-0.03393195569515228,0.04723173379898071,41.84872055053711,11.928277969360352,11.928277969360352,0,0.12258140742778778,0.01845766045153141,0.0020582496654242277,-0.2700328528881073,21.611141204833984,19.368797302246094,19.368797302246094,0
19,0.31666666666666665,0,0,spm1_platform_joint_z,0,,0,flat,0,3.8179376125335693,4.820566177368164,0.15002895891666412,0.2,0.0,0.12828992307186127,0.07615317404270172,0.07315856218338013,0.32360053062438965,3.0669915676116943,2.7071568965911865,2.7071568965911865,0,0.0,0.004220207221806049,-0.0005378079367801547,-0.2740152180194855,4.92295503616333,4.995078086853027,4.995078086853027,0,0.0,0.009198188781738281,0.008243411779403687,-0.3140009343624115,5.543414115905762,1.2464261054992676,1.2464261054992676,0,0.0,-0.012302860617637634,-0.01181900966912508,0.1121334359049797,-4.148605823516846,-0.9218273162841797,-0.9218273162841797,0,0.0,-0.026462320238351822,-0.023616256192326546,0.6154292821884155,1.2127089500427246,-4.223451137542725,-4.223451137542725,0,0.0,0.004746746271848679,0.0059909396804869175,-0.09271102398633957,-20.505666732788086,-2.2395565509796143,-2.2395565509796143,0
19,0.31666666666666665,1,1,spm1_platform_joint_y,0,,0,flat,0,4.800318717956543,4.784795761108398,0.1449909806251526,0.2,0.0,0.0,-0.010957291349768639,-0.009504430927336216,0.23390841484069824,8.2442626953125,-2.1657750606536865,-2.1657750606536865,0,0.12828992307186127,0.02731677144765854,0.014780856668949127,0.4177152216434479,10.354496002197266,11.688459396362305,11.688459396362305,0,0.0,-0.000666073989123106,-0.002311634598299861,0.009544246830046177,37.73065185546875,2.1916141510009766,2.1916141510009766,0,0.0,-0.0045701684430241585,-0.0032058442011475563,0.08120743185281754,-7.980504512786865,-1.249768853187561,-1.249768853187561,0,0.0,0.015802666544914246,0.025305360555648804,-0.17242014408111572,-84.88954162597656,-12.666829109191895,-12.666829109191895,0,0.0,-0.0010214392095804214,-0.0031615146435797215,0.22741679847240448,66.95100402832031,2.791116714477539,2.791116714477539,0
19,0.31666666666666665,2,2,spm1_platform_joint_x,0,,0,flat,0,4.097890377044678,3.5222129821777344,0.1462174952030182,0.2,0.0,0.0,-0.011110993102192879,-0.003787658642977476,0.4876876175403595,-4.41865348815918,-7.402435302734375,-7.402435302734375,0,0.0,-0.012288294732570648,-0.015235492959618568,-0.2857951819896698,-58.08379364013672,0.10401415824890137,0.10401415824890137,0,0.12828992307186127,0.028742529451847076,0.00027828034944832325,-0.4207797646522522,78.95845031738281,32.607452392578125,32.607452392578125,0,0.0,-0.008799701929092407,-0.00723187904804945,0.071149542927742,-15.85262393951416,-0.7017582654953003,-0.7017582654953003,0,0.0,-0.015605580061674118,-0.017229877412319183,0.5590692162513733,64.25370788574219,1.4283807277679443,1.4283807277679443,0,0.0,0.007276064716279507,0.0015248038107529283,-0.25421011447906494,10.062356948852539,4.184627532958984,4.184627532958984,0
19,0.31666666666666665,3,3,spm2_platform_joint_z,0,,0,flat,0,4.908111572265625,4.3388214111328125,0.1464489996433258,0.2,0.0,0.0,-0.02061612717807293,-0.027358096092939377,-0.4315750002861023,-37.45346450805664,5.731623649597168,5.731623649597168,0,0.0,-0.0038708513602614403,0.005322862416505814,0.3684961199760437,30.188291549682617,-5.797645568847656,-5.797645568847656,0,0.0,0.0035375580191612244,0.00524189742282033,0.626057505607605,91.22474670410156,1.6838061809539795,1.6838061809539795,0,0.12828992307186127,0.060308828949928284,0.05479121580719948,0.4371463656425476,21.446260452270508,6.097286224365234,6.097286224365234,0,0.0,-0.005378896836191416,-0.003870583837851882,-0.6469289660453796,-56.27015686035156,0.34381401538848877,0.34381401538848877,0,0.0,-0.0006761698750779033,0.0022772913798689842,0.7337928414344788,99.41584014892578,0.3477429151535034,0.3477429151535034,0
19,0.31666666666666665,4,4,spm2_platform_joint_y,0,,0,flat,0,3.9073479175567627,5.140181064605713,0.14521241188049316,0.2,0.0,0.0,-0.040198568254709244,-0.043428968638181686,0.39206981658935547,21.403526306152344,3.8498167991638184,3.8498167991638184,0,0.0,0.027908137068152428,0.027386456727981567,0.42620813846588135,79.24750518798828,1.5485279560089111,1.5485279560089111,0,0.0,0.0016906422097235918,0.0008244339842349291,-0.26722854375839233,-27.66193199157715,0.6076845526695251,0.6076845526695251,0,0.0,-0.013672270812094212,-0.018571924418210983,-0.2885811924934387,3.971339464187622,5.536994934082031,5.536994934082031,0,0.12828992307186127,0.0439981147646904,0.03088260069489479,0.5309993624687195,0.7507538795471191,8.60348129272461,8.60348129272461,0,0.0,-0.0027126572094857693,-0.004577560815960169,-0.35741889476776123,-2.2581446170806885,2.5209126472473145,2.5209126472473145,0
19,0.31666666666666665,5,5,spm2_platform_joint_x,0,,0,flat,0,4.045168876647949,4.596986770629883,0.1503741443157196,0.2,0.0,0.0,-0.00884177628904581,-0.012039321474730968,-0.0447724349796772,-3.388638734817505,2.686391592025757,2.686391592025757,0,0.0,-0.01162619050592184,-0.010130969807505608,0.49680763483047485,15.176543235778809,-3.281864643096924,-3.281864643096924,0,0.0,0.008352183736860752,0.007900410331785679,-0.067013218998909,19.632658004760742,0.7379552125930786,0.7379552125930786,0,0.0,-0.012831930071115494,-0.01840018667280674,-0.22116436064243317,7.903631210327148,7.032706260681152,7.032706260681152,0,0.0,-0.029407694935798645,-0.042715612798929214,0.0520070381462574,14.006172180175781,10.108152389526367,10.108152389526367,0,0.12828992307186127,0.018889138475060463,0.006893061101436615,0.16146229207515717,-3.118422031402588,13.869029998779297,13.869029998779297,0
20,0.3333333333333333,0,0,spm1_platform_joint_z,0,,0,flat,0,3.836735725402832,4.819587707519531,0.14694744348526,0.2,0.0,0.1338261216878891,0.08124756813049316,0.07863147556781769,0.49031496047973633,12.226370811462402,0.9884686470031738,0.9884686470031738,0,0.0,-0.00046610020217485726,-0.006688371300697327,-0.10070576518774033,37.626739501953125,6.838626861572266,6.838626861572266,0,0.0,0.007144290022552013,0.006426607258617878,-0.3784092664718628,-7.540841102600098,4.528326511383057,4.528326511383057,0,0.0,-0.010243142023682594,-0.00991600938141346,-0.12723460793495178,-31.483518600463867,-0.3524806499481201,-0.3524806499481201,0,0.0,-0.020467422902584076,-0.014601979404687881,0.513243556022644,3.170260190963745,-6.107749938964844,-6.107749938964844,0,0.0,0.005192147567868233,0.005310581531375647,-0.7174634337425232,-87.94835662841797,-0.018819451332092285,-0.018819451332092285,0
20,0.3333333333333333,1,1,spm1_platform_joint_y,0,,0,flat,0,4.818737030029297,4.7840576171875,0.14530429244041443,0.2,0.0,0.0,-0.008237173780798912,-0.008665120229125023,0.054552409797906876,25.322744369506836,1.8530076742172241,1.8530076742172241,0,0.1338261216878891,0.030653558671474457,0.020708171650767326,0.39598819613456726,-5.417407989501953,7.580873966217041,7.580873966217041,0,0.0,-0.0020034166518598795,-0.003900571260601282,0.21724297106266022,37.036930084228516,5.022117614746094,5.022117614746094,0,0.0,-0.0027783983387053013,-0.0008334647282026708,-0.006639725062996149,-9.603874206542969,-2.531695604324341,-2.531695604324341,0,0.0,0.02193131297826767,0.023642638698220253,0.45950254797935486,26.237802505493164,-1.9985848665237427,-1.9985848665237427,0,0.0,-0.0027399794198572636,-0.0027497513219714165,-0.18044979870319366,-25.05731964111328,-1.196915864944458,-1.196915864944458,0
20,0.3333333333333333,2,2,spm1_platform_joint_x,0,,0,flat,0,4.117665767669678,3.5215673446655273,0.14543001353740692,0.2,0.0,0.0,-0.00328263733536005,0.0018322006799280643,-0.08545148372650146,-61.686588287353516,-7.505534648895264,-7.505534648895264,0,0.0,-0.013204094022512436,-0.014662914909422398,0.5174450874328613,71.56368255615234,3.596220016479492,3.596220016479492,0,0.1338261216878891,0.018084660172462463,-0.00044250820064917207,-0.024195699021220207,29.80719566345215,21.849363327026367,21.849363327026367,0,0.0,-0.0062676286324858665,-0.005740277003496885,0.29925546050071716,33.60453414916992,0.24790076911449432,0.24790076911449432,0,0.0,-0.014932559803128242,-0.011249884031713009,-0.22708667814731598,-76.63107299804688,-6.21353816986084,-6.21353816986084,0,0.0,0.0013214966747909784,-0.0007545306580141187,-0.040557704865932465,24.189870834350586,3.861072301864624,3.861072301864624,0
20,0.3333333333333333,3,3,spm2_platform_joint_z,0,,0,flat,0,4.927803993225098,4.33763313293457,0.14711537957191467,0.2,0.0,0.0,-0.023710349574685097,-0.029056088998913765,0.029713360592722893,13.113157272338867,7.094400405883789,7.094400405883789,0,0.0,0.004613147582858801,0.006072633434087038,-0.1910494565963745,-30.12240219116211,-3.1987245082855225,-3.1987245082855225,0,0.0,0.004542977549135685,0.007190701551735401,-0.08090883493423462,-54.497596740722656,-9.46380615234375,-9.46380615234375,0,0.1338261216878891,0.06532920151948929,0.05925352871417999,0.21872583031654358,-8.345682144165039,4.416761875152588,4.416761875152588,0,0.0,-0.0033545061014592648,-0.00731115136295557,0.27620524168014526,25.814666748046875,3.946786403656006,3.946786403656006,0,0.0,0.0019736525136977434,0.0030239864718168974,-0.059482403099536896,25.588485717773438,-0.5816407203674316,-0.5816407203674316,0
20,0.3333333333333333,4,4,spm2_platform_joint_y,0,,0,flat,0,3.925183057785034,5.139410018920898,0.14527809619903564,0.2,0.0,0.0,-0.03763844072818756,-0.03795789182186127,0.4603099524974823,36.30085372924805,1.856044888496399,1.856044888496399,0,0.0,0.02373492904007435,0.032453231513500214,0.09422720968723297,-15.4603853225708,-10.25086498260498,-10.25086498260498,0,0.0,0.0007145094568841159,0.0007143851253204048,-0.5475898385047913,-83.24781036376953,-2.449831485748291,-2.449831485748291,0,0.0,-0.016095668077468872,-0.022411270067095757,-0.3497246503829956,-41.319278717041016,3.9614264965057373,3.9614264965057373,0,0.1338261216878891,0.044608406722545624,0.036487873643636703,0.07694809138774872,-4.0222978591918945,8.939167976379395,8.939167976379395,0,0.0,-0.00396721949800849,-0.0032936539500951767,-0.28305310010910034,-131.51864624023438,-8.629558563232422,-8.629558563232422,0
20,0.3333333333333333,5,5,spm2_platform_joint_x,0,,0,flat,0,4.063667297363281,4.596703052520752,0.1508394479751587,0.2,0.0,0.0,-0.010434078052639961,-0.011435823515057564,0.11754067987203598,8.08570671081543,1.3439230918884277,1.3439230918884277,0,0.0,-0.00878017395734787,-0.009888826869428158,0.12399564683437347,-10.532988548278809,-0.31162893772125244,-0.31162893772125244,0,0.0,0.006847022101283073,0.013051976449787617,0.3185799717903137,1.1796998977661133,-6.349120140075684,-6.349120140075684,0,0.0,-0.015946827828884125,-0.01913229562342167,-0.07666187733411789,-2.951831817626953,3.079519748687744,3.079519748687744,0,0.0,-0.03702019900083542,-0.040511634200811386,0.33187538385391235,-3.2812249660491943,1.8672833442687988,1.8672833442687988,0,0.1338261216878891,0.02381747029721737,0.013739489950239658,0.3505047559738159,-16.22455406188965,8.669620513916016,8.669620513916016,0
21,0.35,0,0,spm1_platform_joint_z,0,,0,flat,0,3.8561019897460938,4.818436622619629,0.14606226980686188,0.2,0.0,0.13918255269527435,0.08670495450496674,0.0827539712190628,0.32272472977638245,33.80052947998047,5.241377353668213,5.241377353668213,0,0.0,-0.005796588491648436,-0.006124574691057205,0.05192089453339577,-85.72120666503906,-6.015408515930176,-6.015408515930176,0,0.0,0.005569726228713989,0.005786721128970385,0.06691207736730576,-60.69755172729492,-5.908384323120117,-5.908384323120117,0,0.0,-0.008593874983489513,-0.004672608338296413,0.4822324514389038,-14.518383026123047,-5.374600410461426,-5.374600410461426,0,0.0,-0.012655048631131649,-0.013658850453794003,0.05150903761386871,29.618377685546875,1.6838064193725586,1.6838064193725586,0,0.0,0.004602503962814808,0.0003048549988307059,0.0525255911052227,49.82920455932617,6.094061851501465,6.094061851501465,0
21,0.35,1,1,spm1_platform_joint_y,0,,0,flat,0,4.837095737457275,4.783298969268799,0.144939124584198,0.2,0.0,0.0,-0.007509770803153515,-0.007083585951477289,0.40879493951797485,40.7717170715332,0.12753063440322876,0.12753063440322876,0,0.13918255269527435,0.03650475665926933,0.026226334273815155,0.05896509438753128,-53.05810546875,7.981663703918457,7.981663703918457,0,0.0,-0.003380495123565197,0.0009345869184471667,0.1271374672651291,-16.888891220092773,-3.6226232051849365,-3.6226232051849365,0,0.0,-0.0007223361171782017,-0.0010459315963089466,-0.3327091932296753,-45.77389907836914,-0.8767874240875244,-0.8767874240875244,0,0.0,0.020490286871790886,0.02500687539577484,0.1811760663986206,-22.795257568359375,-8.924756050109863,-8.924756050109863,0,0.0,-0.0023831177968531847,-0.004212686326354742,0.581599235534668,99.27243041992188,5.093095779418945,5.093095779418945,0
21,0.35,2,2,spm1_platform_joint_x,0,,0,flat,0,4.1378350257873535,3.5212931632995605,0.14575687050819397,0.2,0.0,0.0,0.0015879072016105056,0.0034786807373166084,0.24924646317958832,13.113600730895996,-2.148815155029297,-2.148815155029297,0,0.0,-0.01270785927772522,-0.009034687653183937,-0.02896234206855297,-65.26029205322266,-8.739895820617676,-8.739895820617676,0,0.13918255269527435,0.01817416585981846,0.0057382299564778805,-0.49084001779556274,-100.44863891601562,13.761161804199219,13.761161804199219,0,0.0,-0.004974906798452139,-0.0038865855894982815,-0.11540376394987106,-27.520469665527344,-1.797694206237793,-1.797694206237793,0,0.0,-0.009749899618327618,-0.011488154530525208,0.02852458879351616,47.583065032958984,6.375601768493652,6.375601768493652,0,0.0,-0.0006539265741594136,-0.0017743146745488048,-0.061564721167087555,4.099340915679932,1.9322693347930908,1.9322693347930908,0
21,0.35,3,3,spm2_platform_joint_z,0,,0,flat,0,4.947684288024902,4.336795806884766,0.14622923731803894,0.2,0.0,0.0,-0.02518194355070591,-0.026964498683810234,0.04419633001089096,-19.926427841186523,1.2264726161956787,1.2264726161956787,0,0.0,0.005262949038296938,0.007206215523183346,-0.15476058423519135,-20.613636016845703,-1.4416583776474,-1.4416583776474,0,0.0,0.006231941282749176,-0.0005940112168900669,-0.4083845019340515,77.06731414794922,11.97126293182373,11.97126293182373,0,0.13918255269527435,0.06991073489189148,0.06194141507148743,0.2794301509857178,24.479768753051758,8.301226615905762,8.301226615905762,0,0.0,-0.006336331367492676,-0.002574719488620758,-0.025266844779253006,-7.673165321350098,-3.039884090423584,-3.039884090423584,0,0.0,0.0026207882910966873,-0.00507607264444232,-0.10541858524084091,113.3520278930664,12.510407447814941,12.510407447814941,0
21,0.35,4,4,spm2_platform_joint_y,0,,0,flat,0,3.944007158279419,5.138543128967285,0.14555175602436066,0.2,0.0,0.0,-0.03289683908224106,-0.03149517998099327,0.11983953416347504,-43.190834045410156,-3.7426552772521973,-3.7426552772521973,0,0.0,0.028126133605837822,0.038123197853565216,-0.07052461802959442,-28.56411361694336,-9.367923736572266,-9.367923736572266,0,0.0,0.0006191337597556412,-0.0017340404447168112,0.4042748808860779,108.30030822753906,9.240848541259766,9.240848541259766,0,0.0,-0.019423101097345352,-0.024956615641713142,0.06729471683502197,34.98695755004883,7.3778462409973145,7.3778462409973145,0,0.13918255269527435,0.050180498510599136,0.044286321848630905,-0.007672945968806744,-42.16201400756836,5.801568508148193,5.801568508148193,0,0.0,-0.002854499965906143,-0.0034605928231030703,0.3898099362850189,79.3472671508789,4.6078572273254395,4.6078572273254395,0
21,0.35,5,5,spm2_platform_joint_x,0,,0,flat,0,4.082449436187744,4.596097946166992,0.15034128725528717,0.2,0.0,0.0,-0.009911047294735909,-0.006781724747270346,0.12918919324874878,-47.052005767822266,-5.9054341316223145,-5.9054341316223145,0,0.0,-0.00857031624764204,-0.008311547338962555,-0.11907801032066345,-35.793701171875,-1.4873366355895996,-1.4873366355895996,0,0.0,0.011311712674796581,0.01688314974308014,-0.15462611615657806,51.12022018432617,-2.2578959465026855,-2.2578959465026855,0,0.0,-0.016581322997808456,-0.023031670600175858,-0.0815957635641098,44.2237548828125,9.098785400390625,9.098785400390625,0,0.0,-0.03511008247733116,-0.033650051802396774,0.14263293147087097,-46.16300964355469,-4.735948085784912,-4.735948085784912,0,0.13918255269527435,0.030465230345726013,0.014390296302735806,-0.06127488613128662,56.008235931396484,19.940818786621094,19.940818786621094,0
22,0.36666666666666664,0,0,spm1_platform_joint_z,0,,0,flat,0,3.875417709350586,4.8175578117370605,0.14555111527442932,0.2,0.0,0.1443520486354828,0.09096705168485641,0.08783379197120667,0.2508434057235718,-25.13593864440918,0.28624391555786133,0.28624391555786133,0,0.0,-0.005307964514940977,-0.008587050251662731,-0.01941624842584133,2.029092311859131,2.6187081336975098,2.6187081336975098,0,0.0,0.005015158094465733,0.0049066003412008286,-0.16765110194683075,0.23148000240325928,1.4556236267089844,1.4556236267089844,0,0.0,-0.004049594048410654,0.0008015113417059183,0.26377004384994507,2.17960786819458,-4.471063137054443,-4.471063137054443,0,0.0,-0.01183767057955265,-0.011089319363236427,0.19720545411109924,-11.890364646911621,-2.3080523014068604,-2.3080523014068604,0,0.0,0.000264207657892257,0.00037701177643612027,-0.45835649967193604,-70.45337677001953,-4.426630973815918,-4.426630973815918,0
22,0.36666666666666664,1,1,spm1_platform_joint_y,0,,0,flat,0,4.855664253234863,4.782471179962158,0.1447678655385971,0.2,0.0,0.0,-0.00613910797983408,-0.004685549531131983,0.003860493190586567,-7.955850601196289,-1.599557876586914,-1.599557876586914,0,0.1443520486354828,0.041976429522037506,0.027942728251218796,0.3424926996231079,2.1054375171661377,11.550819396972656,11.550819396972656,0,0.0,0.0008099753176793456,0.0003696841886267066,-0.2262437641620636,-34.73921203613281,-0.04587310552597046,-0.04587310552597046,0,0.0,-0.0009064740734174848,-0.002859588945284486,0.049205075949430466,11.841763496398926,2.2736215591430664,2.2736215591430664,0,0.0,0.021672625094652176,0.02954315021634102,0.23167279362678528,-61.59888458251953,-13.153072357177734,-13.153072357177734,0,0.0,-0.0036509947385638952,-0.0009172294521704316,-0.33044537901878357,-50.4299201965332,-3.908343553543091,-3.908343553543091,0
22,0.36666666666666664,2,2,spm1_platform_joint_x,0,,0,flat,0,4.158788681030273,3.5210185050964355,0.14607039093971252,0.2,0.0,0.0,0.003014856716617942,0.008286072872579098,0.09973789006471634,-47.542144775390625,-7.97639274597168,-7.97639274597168,0,0.0,-0.007830062881112099,-0.000263826223090291,-0.013930311426520348,-79.63507080078125,-9.882343292236328,-9.882343292236328,0,0.1443520486354828,0.024220073595643044,0.0019256133818998933,0.26120978593826294,86.72753143310547,26.000059127807617,26.000059127807617,0,0.0,-0.00336837419308722,-0.005657220259308815,0.04393645375967026,35.51628112792969,4.214051246643066,4.214051246643066,0,0.0,-0.009956400841474533,-0.008432971313595772,-0.43115589022636414,-45.384822845458984,-1.1255342960357666,-1.1255342960357666,0,0.0,-0.00153773941565305,-0.0014055719366297126,0.2541337311267853,69.41844940185547,4.089361667633057,4.089361667633057,0
22,0.36666666666666664,3,3,spm2_platform_joint_z,0,,0,flat,0,4.967757701873779,4.336003303527832,0.14630280435085297,0.2,0.0,0.0,-0.023369232192635536,-0.0261236522346735,0.003748638089746237,-2.1808090209960938,3.6038849353790283,3.6038849353790283,0,0.0,0.0062453867867589,0.0046066101640462875,0.08306682109832764,-34.94655227661133,-3.521077871322632,-3.521077871322632,0,0.0,-0.0005148097407072783,-0.002299226587638259,0.02938184142112732,5.406088829040527,1.9268968105316162,1.9268968105316162,0,0.1443520486354828,0.0729295015335083,0.06387091428041458,0.04694729298353195,3.691258668899536,8.227254867553711,8.227254867553711,0,0.0,-0.0022314235102385283,-0.003256292315199971,0.19660523533821106,58.97583770751953,3.179739236831665,3.179739236831665,0,0.0,-0.004399262834340334,-0.006885935552418232,0.06726384907960892,35.49605178833008,3.0196895599365234,3.0196895599365234,0
22,0.36666666666666664,4,4,spm2_platform_joint_y,0,,0,flat,0,3.9633307456970215,5.137578010559082,0.1455761045217514,0.2,0.0,0.0,-0.027295822277665138,-0.026203639805316925,0.2940513789653778,-37.36670684814453,-3.353456974029541,-3.353456974029541,0,0.0,0.03304010629653931,0.04132573679089546,0.10058138519525528,-51.145172119140625,-12.38955307006836,-12.38955307006836,0,0.0,-0.0015028350753709674,-0.002536293352022767,-0.11141453683376312,33.606689453125,3.167984962463379,3.167984962463379,0,0.0,-0.02162906713783741,-0.025294318795204163,0.0829397514462471,35.88980484008789,5.363673686981201,5.363673686981201,0,0.1443520486354828,0.05762841925024986,0.04602023959159851,0.1616944521665573,-15.856155395507812,9.687042236328125,9.687042236328125,0,0.0,-0.0029991804622113705,-0.002528653247281909,0.13440948724746704,19.023876190185547,0.013631373643875122,0.013631373643875122,0
22,0.36666666666666664,5,5,spm2_platform_joint_x,0,,0,flat,0,4.101494789123535,4.595781326293945,0.14938446879386902,0.2,0.0,0.0,-0.005877494812011719,-0.0037396466359496117,0.19636526703834534,-13.770675659179688,-3.719799757003784,-3.719799757003784,0,0.0,-0.007203340996056795,-0.005004650913178921,0.22541281580924988,-8.013435363769531,-3.171175956726074,-3.171175956726074,0,0.0,0.01463206298649311,0.013614536263048649,-0.2565346658229828,38.824798583984375,5.6156840324401855,5.6156840324401855,0,0.0,-0.019960781559348106,-0.024587683379650116,-0.07247389107942581,17.532073974609375,6.146207332611084,6.146207332611084,0,0.0,-0.029163377359509468,-0.031797219067811966,-0.07956176996231079,-23.814937591552734,1.5971264839172363,1.5971264839172363,0,0.1443520486354828,0.03171853348612785,0.013726966455578804,-0.1792379468679428,35.683650970458984,22.70935821533203,22.70935821533203,0
23,0.3833333333333333,0,0,spm1_platform_joint_z,0,,0,flat,0,3.894808530807495,4.816648006439209,0.14484767615795135,0.2,0.0,0.14932763576507568,0.09603296965360641,0.09179449826478958,0.06773331016302109,-14.337226867675781,4.366120338439941,4.366120338439941,0,0.0,-0.0074421102181077,-0.013528544455766678,-0.32381680607795715,-75.4853744506836,-0.7639696598052979,-0.7639696598052979,0,0.0,0.004252386745065451,0.003419139888137579,0.2777721583843231,56.00940704345703,2.039734363555908,2.039734363555908,0,0.0,0.0006946431822143495,0.00619793264195323,0.1805320680141449,-41.71974182128906,-8.722517967224121,-8.722517967224121,0,0.0,-0.009610743261873722,-0.009492700919508934,0.7696958780288696,62.86125183105469,0.0407564640045166,0.0407564640045166,0,0.0,0.000326743524055928,-0.002729877596721053,-0.07540209591388702,5.0442705154418945,3.2753562927246094,3.2753562927246094,0
23,0.3833333333333333,1,1,spm1_platform_joint_y,0,,0,flat,0,4.874122142791748,4.7819695472717285,0.1450028121471405,0.2,0.0,0.0,-0.004060809500515461,-0.0035195881500840187,0.0009725736454129219,-5.115087509155273,-0.22471247613430023,-0.22471247613430023,0,0.14932763576507568,0.04412738233804703,0.03307068347930908,0.37997034192085266,-18.0755672454834,8.35161018371582,8.35161018371582,0,0.0,0.00032039295183494687,0.0038485312834382057,-0.38699954748153687,-50.70918273925781,-3.128195285797119,-3.128195285797119,0,0.0,-0.0024783103726804256,-0.004241298884153366,0.08978467434644699,16.173051834106445,1.452152967453003,1.452152967453003,0,0.0,0.025604063645005226,0.030205098912119865,0.3850484788417816,5.7030558586120605,-8.586848258972168,-8.586848258972168,0,0.0,-0.00079493218800053,-0.0037948142271488905,-0.14037196338176727,10.684085845947266,4.130209922790527,4.130209922790527,0
23,0.3833333333333333,2,2,spm1_platform_joint_x,0,,0,flat,0,4.179540157318115,3.520246982574463,0.1460028886795044,0.2,0.0,0.0,0.007181263063102961,0.010602328926324844,-0.044382244348526,-10.812140464782715,-1.7187070846557617,-1.7187070846557617,0,0.0,-0.00022864938364364207,-0.00013875564036425203,0.016997715458273888,8.439023971557617,1.201413869857788,1.201413869857788,0,0.14932763576507568,0.021579217165708542,0.005235572811216116,-0.30658015608787537,-138.34840393066406,7.104211807250977,7.104211807250977,0,0.0,-0.004902924410998821,-0.007245246320962906,0.025467900559306145,11.404387474060059,1.9820032119750977,1.9820032119750977,0,0.0,-0.007308575324714184,-0.006077091209590435,0.4222162663936615,2.270643711090088,-2.8232603073120117,-2.8232603073120117,0,0.0,-0.0012181623606011271,9.59718363446882e-06,-0.1291772723197937,-106.17505645751953,-13.609274864196777,-13.609274864196777,0
23,0.3833333333333333,3,3,spm2_platform_joint_z,0,,0,flat,0,4.9878692626953125,4.334773063659668,0.14553165435791016,0.2,0.0,0.0,-0.022640498355031013,-0.027974305674433708,-0.3346989154815674,-35.69146728515625,4.2137651443481445,4.2137651443481445,0,0.0,0.0039923954755067825,0.002080818871036172,-0.20737074315547943,-23.458097457885742,0.7692618370056152,0.7692618370056152,0,0.0,-0.0019926629029214382,3.7028185033705086e-05,0.3768891990184784,5.427918434143066,-3.216446876525879,-3.216446876525879,0,0.14932763576507568,0.07526514679193497,0.0675661712884903,0.2977488338947296,18.14182472229004,8.476400375366211,8.476400375366211,0,0.0,-0.002822119975462556,-0.0024707000702619553,0.27478495240211487,37.05671310424805,0.6426149606704712,0.6426149606704712,0,0.0,-0.005967810750007629,-0.0030847862362861633,0.41574034094810486,20.72072982788086,-1.7687556743621826,-1.7687556743621826,0
23,0.3833333333333333,4,4,spm2_platform_joint_y,0,,0,flat,0,3.983119487762451,5.136738300323486,0.14525428414344788,0.2,0.0,0.0,-0.022709820419549942,-0.02218647673726082,0.37529274821281433,56.286529541015625,2.4870095252990723,2.4870095252990723,0,0.0,0.035815637558698654,0.0474688746035099,-0.08565782010555267,-71.94021606445312,-12.821657180786133,-12.821657180786133,0,0.0,-0.0021981208119541407,-0.0018296054331585765,-0.30496618151664734,-82.28512573242188,-3.995208263397217,-3.995208263397217,0,0.0,-0.02192174270749092,-0.02382710576057434,-0.1520760953426361,-50.66334915161133,-0.5339021682739258,-0.5339021682739258,0,0.14932763576507568,0.05979456007480621,0.04795803502202034,0.09474236518144608,2.4347994327545166,9.835445404052734,9.835445404052734,0,0.0,-0.0021914993412792683,-0.0026532176416367292,0.11276096105575562,-44.64823532104492,-5.964811325073242,-5.964811325073242,0
23,0.3833333333333333,5,5,spm2_platform_joint_x,0,,0,flat,0,4.120506286621094,4.595155715942383,0.14823594689369202,0.2,0.0,0.0,-0.003241027006879449,-0.0008221259922720492,-0.12584197521209717,-50.511573791503906,-4.453141212463379,-4.453141212463379,0,0.0,-0.004337363876402378,-0.0056790318340063095,-0.2153092920780182,-40.73875427246094,-2.0300979614257812,-2.0300979614257812,0,0.0,0.011799264699220657,0.014811147004365921,-0.6350849866867065,-101.99708557128906,-4.673701286315918,-4.673701286315918,0,0.0,-0.021309325471520424,-0.023912079632282257,0.27774932980537415,24.467634201049805,2.846475839614868,2.846475839614868,0,0.0,-0.02755758911371231,-0.026722773909568787,0.3829745650291443,11.846670150756836,0.9857230186462402,0.9857230186462402,0,0.14932763576507568,0.031807057559490204,0.010404640808701515,-0.5122928619384766,10.468704223632812,26.87118148803711,26.87118148803711,0
24,0.4,0,0,spm1_platform_joint_z,0,,0,flat,0,3.9142229557037354,4.816458225250244,0.14516323804855347,0.2,0.0,0.1541026532649994,0.1001022532582283,0.09529383480548859,0.2938492000102997,22.86980628967285,5.635669231414795,5.635669231414795,0,0.0,-0.011724738404154778,-0.014546070247888565,0.26226186752319336,27.8759822845459,4.175356864929199,4.175356864929199,0,0.0,0.0029632544610649347,0.0076949517242610455,-0.102231964468956,-15.434086799621582,-4.391841411590576,-4.391841411590576,0,0.0,0.00537154171615839,0.005185361951589584,-0.08481092751026154,1.9279521703720093,0.28161758184432983,0.28161758184432983,0,0.0,-0.00822700746357441,-0.007227086462080479,-0.15478003025054932,-23.856395721435547,-3.2602643966674805,-3.2602643966674805,0,0.0,-0.002365893917158246,-0.001702690962702036,-0.13275741040706635,0.5728286504745483,0.6059053540229797,0.6059053540229797,0
24,0.4,1,1,spm1_platform_joint_y,0,,0,flat,0,4.892533779144287,4.781753063201904,0.14497143030166626,0.2,0.0,0.0,-0.003050309605896473,-0.0038476851768791676,0.13484738767147064,12.323307037353516,1.0789874792099,1.0789874792099,0,0.1541026532649994,0.04920827969908714,0.03657594695687294,0.1085592731833458,-27.16244888305664,10.947717666625977,10.947717666625977,0,0.0,0.0033353937324136496,0.0005738149047829211,0.1341177076101303,58.372108459472656,6.460141181945801,6.460141181945801,0,0.0,-0.0036757923662662506,-0.0022273368667811155,0.021319935098290443,-30.755081176757812,-2.8999252319335938,-2.8999252319335938,0,0.0,0.026177752763032913,0.03750733658671379,0.4425002932548523,-29.46755599975586,-15.065866470336914,-15.065866470336914,0,0.0,-0.0032888390123844147,-0.002563950838521123,-0.13072936236858368,10.510047912597656,-0.2107219696044922,-0.2107219696044922,0
24,0.4,2,2,spm1_platform_joint_x,0,,0,flat,0,4.200529098510742,3.5196802616119385,0.14569124579429626,0.2,0.0,0.0,0.00918868463486433,0.01041615754365921,0.21124233305454254,34.053062438964844,-0.03959321975708008,-0.03959321975708008,0,0.0,-0.0001202548883156851,0.0027708709239959717,-0.17635825276374817,-11.951533317565918,-0.4401102066040039,-0.4401102066040039,0,0.1541026532649994,0.025084519758820534,0.00666358508169651,-0.01927410252392292,-20.65732765197754,17.178157806396484,17.178157806396484,0,0.0,-0.0062792133539915085,-0.007305476814508438,0.030787304043769836,-1.352891445159912,0.09097874164581299,0.09097874164581299,0,0.0,-0.005266812164336443,-0.0019165418343618512,0.027478277683258057,-13.623878479003906,-3.92292857170105,-3.92292857170105,0,0.0,8.317559149872977e-06,0.001407971722073853,-0.0897524431347847,-32.70796203613281,-3.291804790496826,-3.291804790496826,0
24,0.4,3,3,spm2_platform_joint_z,0,,0,flat,0,5.007970809936523,4.334566593170166,0.14546294510364532,0.2,0.0,0.0,-0.02424439787864685,-0.028568722307682037,-0.04974932223558426,-4.440444469451904,4.249327659606934,4.249327659606934,0,0.0,0.0018033763626590371,-0.002404038328677416,0.05162784084677696,12.057940483093262,2.7997725009918213,2.7997725009918213,0,0.0,3.209109490853734e-05,0.000524163362570107,0.05537375062704086,36.7263298034668,1.8511624336242676,1.8511624336242676,0,0.1541026532649994,0.07910437136888504,0.0682557001709938,0.11572128534317017,21.568151473999023,11.776582717895508,11.776582717895508,0,0.0,-0.002141273347660899,-0.0028480770997703075,0.21963001787662506,1.8669480085372925,-1.0068879127502441,-1.0068879127502441,0,0.0,-0.002673481358215213,-0.004706894047558308,0.04539279639720917,46.733787536621094,4.973626136779785,4.973626136779785,0
24,0.4,4,4,spm2_platform_joint_y,0,,0,flat,0,4.0031962394714355,5.135384559631348,0.14486485719680786,0.2,0.0,0.0,-0.01922827959060669,-0.0165645070374012,0.33502086997032166,20.08274269104004,-0.9744555950164795,-0.9744555950164795,0,0.0,0.041139692068099976,0.053028933703899384,0.04369282349944115,-10.165825843811035,-11.081817626953125,-11.081817626953125,0,0.0,-0.0015856580575928092,-0.0024058930575847626,0.07272429019212723,22.278879165649414,2.562087059020996,2.562087059020996,0,0.0,-0.02065015770494938,-0.023960351943969727,0.10015342384576797,6.421988487243652,2.93666934967041,2.93666934967041,0,0.1541026532649994,0.06211065128445625,0.058430444449186325,0.08708522468805313,-20.446521759033203,6.153134346008301,6.153134346008301,0,0.0,-0.002299455227330327,0.001973579404875636,0.5147103667259216,41.3201904296875,-3.1075427532196045,-3.1075427532196045,0
24,0.4,5,5,spm2_platform_joint_x,0,,0,flat,0,4.139344215393066,4.594673156738281,0.14772272109985352,0.2,0.0,0.0,-0.0007125092088244855,0.000386510364478454,0.15964828431606293,8.117328643798828,-0.7166728377342224,-0.7166728377342224,0,0.0,-0.004921827465295792,-0.003702690592035651,0.017563216388225555,-9.060528755187988,-0.8267867565155029,-0.8267867565155029,0,0.0,0.012836327776312828,0.011419084854424,-0.06732072681188583,23.24733543395996,3.662095546722412,3.662095546722412,0,0.0,-0.020723802968859673,-0.021249916404485703,0.03348447009921074,-21.93711280822754,-0.7950166463851929,-0.7950166463851929,0,0.0,-0.023159736767411232,-0.022567858919501305,-0.01971437968313694,-34.22404479980469,-2.0715818405151367,-2.0715818405151367,0,0.1541026532649994,0.029564376920461655,0.007517277263104916,-0.0878559798002243,16.436399459838867,23.737817764282227,23.737817764282227,0
25,0.4166666666666667,0,0,spm1_platform_joint_z,0,,0,flat,0,3.9334423542022705,4.816114902496338,0.14481663703918457,0.2,0.0,0.15867066383361816,0.10374408215284348,0.10066849738359451,0.19634132087230682,-24.715177536010742,1.3852834701538086,1.3852834701538086,0,0.0,-0.012606593780219555,-0.011552002280950546,-0.019116107374429703,-40.668312072753906,-3.760805606842041,-3.760805606842041,0,0.0,0.006668957881629467,0.0038403761573135853,-0.34596216678619385,-27.869556427001953,0.8501571416854858,0.8501571416854858,0,0.0,0.004493980202823877,0.0035143746063113213,0.057290829718112946,17.05618667602539,1.1639881134033203,1.1639881134033203,0,0.0,-0.0062634749338030815,-0.00724452268332243,0.15196914970874786,41.30704116821289,3.6733319759368896,3.6733319759368896,0,0.0,-0.0014756654854863882,-0.0006993759307079017,0.4782518148422241,64.16826629638672,1.597332239151001,1.597332239151001,0
25,0.4166666666666667,1,1,spm1_platform_joint_y,0,,0,flat,0,4.910895347595215,4.781465530395508,0.14460521936416626,0.2,0.0,0.0,-0.0033346605487167835,-0.0026508260052651167,-0.07442154735326767,-18.780426025390625,-1.1700267791748047,-1.1700267791748047,0,0.15867066383361816,0.052855245769023895,0.04051749408245087,0.1297488808631897,-26.454301834106445,10.401063919067383,10.401063919067383,0,0.0,0.0004973062314093113,0.0028263479471206665,-0.45593005418777466,-70.58103942871094,-2.817330837249756,-2.817330837249756,0,0.0,-0.001930358586832881,-0.002255557104945183,0.0662783682346344,6.07773494720459,-0.03320610523223877,-0.03320610523223877,0,0.0,0.03250635787844658,0.04203362017869949,0.5477628707885742,0.5714678764343262,-12.902406692504883,-12.902406692504883,0,0.0,-0.0022220907267183065,-0.0025854979176074266,0.23820729553699493,48.332313537597656,3.2838242053985596,3.2838242053985596,0
25,0.4166666666666667,2,2,spm1_platform_joint_x,0,,0,flat,0,4.220881938934326,3.5191407203674316,0.14585015177726746,0.2,0.0,0.0,0.009027336724102497,0.010034232400357723,-0.14977693557739258,-15.96178150177002,-1.7294505834579468,-1.7294505834579468,0,0.0,0.00240142154507339,0.0021595133002847433,-0.007901685312390327,1.6613227128982544,0.42179957032203674,0.42179957032203674,0,0.15867066383361816,0.026931196451187134,0.005085429176688194,-0.3297576308250427,-47.05437469482422,19.0272216796875,19.0272216796875,0,0.0,-0.0063314130529761314,-0.0037349448539316654,0.31104108691215515,14.496161460876465,-2.184297561645508,-2.184297561645508,0,0.0,-0.0016610028687864542,-0.0009694478940218687,0.05785661190748215,6.101458549499512,0.039322562515735626,0.039322562515735626,0,0.0,0.0012202421203255653,0.0008467035950161517,0.05096599832177162,8.679963111877441,0.7277976870536804,0.7277976870536804,0
25,0.4166666666666667,3,3,spm2_platform_joint_z,0,,0,flat,0,5.028202533721924,4.334115028381348,0.1450566053390503,0.2,0.0,0.0,-0.024759558960795403,-0.030190711840987206,-0.07314753532409668,32.4722900390625,8.206452369689941,8.206452369689941,0,0.0,-0.0020834999158978462,-0.0031882384791970253,0.28071412444114685,62.99573516845703,3.8931736946105957,3.8931736946105957,0,0.0,0.00045427490840665996,0.00045562838204205036,0.012628712691366673,-12.874520301818848,-2.263441562652588,-2.263441562652588,0,0.15867066383361816,0.08031103014945984,0.07017968595027924,-0.0194668248295784,-35.955406188964844,7.239912033081055,7.239912033081055,0,0.0,-0.0024683335795998573,-0.003594400594010949,-0.19588226079940796,-67.33151245117188,-3.734334945678711,-3.734334945678711,0,0.0,-0.004079308360815048,-0.003815646981820464,0.0931108221411705,3.25104022026062,-0.38636910915374756,-0.38636910915374756,0
25,0.4166666666666667,4,4,spm2_platform_joint_y,0,,0,flat,0,4.024031162261963,5.134230136871338,0.14631560444831848,0.2,0.0,0.0,-0.014355906285345554,-0.014327126555144787,-0.030167441815137863,21.702550888061523,1.1709871292114258,1.1709871292114258,0,0.0,0.04595840722322464,0.0631551668047905,-0.052875861525535583,-78.05975341796875,-18.31475067138672,-18.31475067138672,0,0.0,-0.0020851073786616325,-0.004184129647910595,0.10352745652198792,-32.42755126953125,0.4338364601135254,0.4338364601135254,0,0.0,-0.0207656379789114,-0.018356334418058395,0.34157606959342957,-27.007144927978516,-4.303743362426758,-4.303743362426758,0,0.15867066383361816,0.07179580628871918,0.06315920501947403,-0.34117773175239563,-35.49870681762695,10.143914222717285,10.143914222717285,0,0.0,0.0017104354919865727,-0.0004091784358024597,-0.08346007019281387,-35.25054931640625,0.540802001953125,0.540802001953125,0
25,0.4166666666666667,5,5,spm2_platform_joint_x,0,,0,flat,0,4.157931804656982,4.594177722930908,0.14685337245464325,0.2,0.0,0.0,0.00033497565891593695,0.0033991632517427206,0.010213247500360012,-2.757626533508301,-2.180405616760254,-2.180405616760254,0,0.0,-0.003208998590707779,-0.004208828322589397,-0.19548490643501282,-18.656591415405273,-0.7308090925216675,-0.7308090925216675,0,0.0,0.009896540082991123,0.010082360357046127,-0.03471396863460541,32.73460006713867,1.5542125701904297,1.5542125701904297,0,0.0,-0.018416594713926315,-0.02017514780163765,0.10068842023611069,-12.473567008972168,0.8077943325042725,0.8077943325042725,0,0.0,-0.01955881156027317,-0.01707834005355835,0.34470468759536743,27.924718856811523,0.6759047508239746,0.6759047508239746,0,0.15867066383361816,0.02767106145620346,0.008194532245397568,0.2851232886314392,22.802616119384766,18.7094783782959,18.7094783782959,0
26,0.43333333333333335,0,0,spm1_platform_joint_z,0,,0,flat,0,3.952655076980591,4.816455841064453,0.14519119262695312,0.2,0.0,0.16302555799484253,0.10898277163505554,0.10223232954740524,0.10588055849075317,28.95154571533203,8.200937271118164,8.200937271118164,0,0.0,-0.010011735372245312,-0.009823830798268318,0.2203933596611023,8.414143562316895,0.049346327781677246,0.049346327781677246,0,0.0,0.0033283259253948927,0.004665778484195471,0.0647708997130394,-24.843849182128906,-2.8800477981567383,-2.8800477981567383,0,0.0,0.003045791294425726,0.00240939948707819,-0.1332317590713501,-5.355970859527588,0.5127549767494202,0.5127549767494202,0,0.0,-0.006278586108237505,-0.0068922387436032295,-0.18426890671253204,-17.826274871826172,-0.057439446449279785,-0.057439446449279785,0,0.0,-0.0006061258027330041,-0.001247648848220706,-0.030281325802206993,-9.206107139587402,-0.06855842471122742,-0.06855842471122742,0
26,0.43333333333333335,1,1,spm1_platform_joint_y,0,,0,flat,0,4.929081916809082,4.78147029876709,0.14449037611484528,0.2,0.0,0.0,-0.0022973825689405203,-0.0022385723423212767,0.1342357099056244,12.160733222961426,0.48960185050964355,0.48960185050964355,0,0.16302555799484253,0.05685190111398697,0.04395141080021858,0.2744728624820709,7.14984655380249,12.698831558227539,12.698831558227539,0,0.0,0.0024495015386492014,0.0016669774195179343,0.25939178466796875,58.652008056640625,4.518601894378662,4.518601894378662,0,0.0,-0.001954816048964858,-0.0018468712223693728,-0.08619534224271774,-24.153972625732422,-1.5223684310913086,-1.5223684310913086,0,0.0,0.036429136991500854,0.04797769710421562,0.2854742407798767,-51.84801483154297,-17.059804916381836,-17.059804916381836,0,0.0,-0.002240764908492565,-0.0011217244900763035,-0.13749220967292786,6.11395263671875,1.1461114883422852,1.1461114883422852,0
26,0.43333333333333335,2,2,spm1_platform_joint_x,0,,0,flat,0,4.240889549255371,3.518648147583008,0.1454167366027832,0.2,0.0,0.0,0.008696334436535835,0.011896198615431786,0.3046107590198517,-7.792539596557617,-4.815393924713135,-4.815393924713135,0,0.0,0.001871578162536025,0.0021414002403616905,-0.1947072446346283,-33.629615783691406,-1.200899362564087,-1.200899362564087,0,0.16302555799484253,0.02614411525428295,0.004457369912415743,-0.06686931848526001,-53.94623947143555,17.47731590270996,17.47731590270996,0,0.0,-0.0032369522377848625,-0.0013688334729522467,-0.07234344631433487,0.9700298309326172,-0.5327060222625732,-0.5327060222625732,0,0.0,-0.0008401881786994636,-0.0008803284727036953,0.007826097309589386,-28.731225967407227,-3.4288008213043213,-3.4288008213043213,0,0.0,0.0007338097784668207,-0.0003991403500549495,-0.20398417115211487,-37.83948516845703,-2.11421799659729,-2.11421799659729,0
26,0.43333333333333335,3,3,spm2_platform_joint_z,0,,0,flat,0,5.047994136810303,4.333498954772949,0.1448584496974945,0.2,0.0,0.0,-0.02616528421640396,-0.03261255845427513,-0.15406037867069244,7.56523323059082,7.195124626159668,7.195124626159668,0,0.0,-0.0027631400153040886,-0.008696806617081165,0.19927507638931274,24.654571533203125,3.823697566986084,3.823697566986084,0,0.0,0.00039487791946157813,0.003042369382455945,0.020985787734389305,-16.505029678344727,-3.128793239593506,-3.128793239593506,0,0.16302555799484253,0.08255913853645325,0.0709637999534607,0.06637352705001831,-2.992551326751709,10.993464469909668,10.993464469909668,0,0.0,-0.0031151471193879843,-0.007137192413210869,0.3374900221824646,13.350180625915527,0.8093063831329346,0.8093063831329346,0,0.0,-0.0033068940974771976,0.00010250746709061787,0.2372308373451233,4.406436920166016,-1.1966437101364136,-1.1966437101364136,0
26,0.43333333333333335,4,4,spm2_platform_joint_y,0,,0,flat,0,4.0444183349609375,5.133616924285889,0.1456504464149475,0.2,0.0,0.0,-0.012416843324899673,-0.012831837870180607,-0.046196356415748596,-31.748807907104492,-0.27505946159362793,-0.27505946159362793,0,0.0,0.054734475910663605,0.06153903156518936,0.5155627131462097,54.867759704589844,-7.914785385131836,-7.914785385131836,0,0.0,-0.00362624553963542,-0.004294059704989195,0.11432664096355438,-23.019392013549805,-2.949275255203247,-2.949275255203247,0,0.0,-0.015908822417259216,-0.01532893069088459,0.5751098990440369,59.280574798583984,0.13000184297561646,0.13000184297561646,0,0.16302555799484253,0.07647471874952316,0.0666302889585495,-0.0697639212012291,-62.2661018371582,7.80557107925415,7.80557107925415,0,0.0,-0.0003546212974470109,0.0009609101107344031,-0.13167060911655426,-26.490583419799805,-4.782121658325195,-4.782121658325195,0
26,0.43333333333333335,5,5,spm2_platform_joint_x,0,,0,flat,0,4.17632532119751,4.593596935272217,0.14718008041381836,0.2,0.0,0.0,0.0029459414072334766,0.006628562696278095,0.15546450018882751,1.2200045585632324,-3.7491164207458496,-3.7491164207458496,0,0.0,-0.003647651057690382,-0.0018390660407021642,0.07408057898283005,-2.4836370944976807,-1.8410701751708984,-1.8410701751708984,0,0.0,0.008738045580685139,0.00952468253672123,0.11356138437986374,18.30368995666504,0.7266181111335754,0.7266181111335754,0,0.0,-0.017485128715634346,-0.01799517683684826,0.10055234283208847,-12.315912246704102,-0.5148999691009521,-0.5148999691009521,0,0.0,-0.014801228418946266,-0.015696272253990173,0.05980498716235161,-4.228222370147705,0.23168498277664185,0.23168498277664185,0,0.16302555799484253,0.028838669881224632,0.006847390439361334,0.07904209196567535,8.146681785583496,22.472389221191406,22.472389221191406,0
27,0.45,0,0,spm1_platform_joint_z,0,,0,flat,0,3.9719910621643066,4.8169732093811035,0.14496082067489624,0.2,0.0,0.1671614795923233,0.11088955402374268,0.10685353726148605,0.18377326428890228,-13.546441078186035,3.8987197875976562,3.8987197875976562,0,0.0,-0.008513987064361572,-0.006618543528020382,0.15725839138031006,0.15177011489868164,-2.636502981185913,-2.636502981185913,0,0.0,0.004043674562126398,0.002276731189340353,0.061500709503889084,82.6248779296875,5.797327041625977,5.797327041625977,0,0.0,0.002088146284222603,0.0013714288361370564,0.2618847191333771,41.0864143371582,1.7076038122177124,1.7076038122177124,0,0.0,-0.0059732734225690365,-0.0074814120307564735,0.05095595121383667,15.171271324157715,2.451707601547241,2.451707601547241,0,0.0,-0.0010812956606969237,-0.005479312501847744,-0.17420271039009094,17.976469039916992,4.242221832275391,4.242221832275391,0
27,0.45,1,1,spm1_platform_joint_y,0,,0,flat,0,4.946992874145508,4.781364917755127,0.14488887786865234,0.2,0.0,0.0,-0.0019400960300117731,-0.0013356647687032819,-0.04316852614283562,-4.336220741271973,-0.4398246109485626,-0.4398246109485626,0,0.1671614795923233,0.06037942320108414,0.04848463088274002,0.31421276926994324,-13.954242706298828,9.761863708496094,9.761863708496094,0,0.0,0.0014447137946262956,0.005717800464481115,0.20703837275505066,-0.10056138038635254,-4.483379364013672,-4.483379364013672,0,0.0,-0.001600621733814478,-0.0031452029943466187,-0.10718438774347305,-14.018248558044434,0.7796810269355774,0.7796810269355774,0,0.0,0.041580669581890106,0.04842649772763252,0.2900068461894989,-13.729856491088867,-10.875444412231445,-10.875444412231445,0,0.0,-0.0009721611859276891,-0.0019211967010051012,0.21653473377227783,46.471073150634766,3.0104494094848633,3.0104494094848633,0
27,0.45,2,2,spm1_platform_joint_x,0,,0,flat,0,4.260276794433594,3.5179967880249023,0.1451834887266159,0.2,0.0,0.0,0.010310038924217224,0.01172554586082697,-0.1900433450937271,-17.067529678344727,-2.2084739208221436,-2.2084739208221436,0,0.0,0.0018558802548795938,-8.060251275310293e-05,0.009946545585989952,9.326870918273926,1.8728077411651611,1.8728077411651611,0,0.1671614795923233,0.026151251047849655,0.0022110994905233383,-0.2316759079694748,-27.96951675415039,21.30014419555664,21.30014419555664,0,0.0,-0.0011863223044201732,0.0009271521703340113,0.2486274391412735,14.013882637023926,-1.4597476720809937,-1.4597476720809937,0,0.0,-0.0007629513274878263,-0.000509242236148566,0.15094773471355438,9.838991165161133,-0.16854852437973022,-0.16854852437973022,0,0.0,-0.00034592163865454495,-0.0012724051484838128,-0.04657650366425514,11.210348129272461,2.1904425621032715,2.1904425621032715,0
27,0.45,3,3,spm2_platform_joint_z,0,,0,flat,0,5.067699432373047,4.332864284515381,0.1447674036026001,0.2,0.0,0.0,-0.02826421707868576,-0.03628257289528847,-0.18603947758674622,0.927695631980896,7.461037635803223,7.461037635803223,0,0.0,-0.007537232246249914,-0.009049485437572002,-0.09195587784051895,-24.50373077392578,-1.1281325817108154,-1.1281325817108154,0,0.0,0.0026367201935499907,0.0014841336524114013,-0.4358593821525574,-35.19620132446289,1.6150791645050049,1.6150791645050049,0,0.1671614795923233,0.08379016071557999,0.07351677864789963,0.34569695591926575,21.006309509277344,10.389037132263184,10.389037132263184,0,0.0,-0.006185566540807486,-0.006636730395257473,-0.07446130365133286,17.97389793395996,4.4185686111450195,4.4185686111450195,0,0.0,8.883980626706034e-05,-0.0001616481167729944,-0.41791006922721863,-45.56581497192383,-0.6541699171066284,-0.6541699171066284,0
27,0.45,4,4,spm2_platform_joint_y,0,,0,flat,0,4.064584732055664,5.132574558258057,0.14483880996704102,0.2,0.0,0.0,-0.011120926588773727,-0.010560006834566593,0.27340105175971985,19.36216163635254,0.22809910774230957,0.22809910774230957,0,0.0,0.0533338263630867,0.06130864471197128,0.33681169152259827,28.38387107849121,-10.482279777526855,-10.482279777526855,0,0.0,-0.0037215184420347214,-0.0033033574000000954,0.6961474418640137,92.08226013183594,0.800675094127655,0.800675094127655,0,0.0,-0.013285073451697826,-0.008552477695047855,0.30581244826316833,-17.419384002685547,-6.364743232727051,-6.364743232727051,0,0.1671614795923233,0.08003444969654083,0.06533827632665634,-0.427234411239624,-58.689788818359375,14.287696838378906,14.287696838378906,0,0.0,0.0008327887626364827,-0.0035927980206906796,0.5072227716445923,143.79574584960938,8.334049224853516,8.334049224853516,0
27,0.45,5,5,spm2_platform_joint_x,0,,0,flat,0,4.194467067718506,4.592775344848633,0.1465642750263214,0.2,0.0,0.0,0.005744754336774349,0.010577347129583359,0.12772998213768005,-18.72036361694336,-6.026809215545654,-6.026809215545654,0,0.0,-0.0015938571887090802,-0.0015925192274153233,-0.20323555171489716,-15.430789947509766,-0.04064434766769409,-0.04064434766769409,0,0.0,0.00825472455471754,0.009286177344620228,-0.34534919261932373,-20.661401748657227,-0.38909268379211426,-0.38909268379211426,0,0.0,-0.015595819801092148,-0.016298219561576843,0.08436515927314758,-4.3773322105407715,1.1494466066360474,1.1494466066360474,0,0.0,-0.013603435829281807,-0.011520366184413433,0.21456371247768402,-10.942159652709961,-3.131074905395508,-3.131074905395508,0,0.1671614795923233,0.02822260372340679,0.005914457608014345,-0.10197804123163223,22.268829345703125,23.44415855407715,23.44415855407715,0
28,0.4666666666666667,0,0,spm1_platform_joint_z,0,,0,flat,0,3.9912712574005127,4.816761016845703,0.14507412910461426,0.2,0.0,0.171072855591774,0.11541610956192017,0.11311163008213043,0.5228261351585388,17.828792572021484,2.5728893280029297,2.5728893280029297,0,0.0,-0.005736071150749922,-0.0029489006847143173,0.1498621106147766,3.143724203109741,-1.724929928779602,-1.724929928779602,0,0.0,0.001973167061805725,0.0026828553527593613,-0.21704232692718506,-45.186973571777344,-1.9734946489334106,-1.9734946489334106,0,0.0,0.0011885716812685132,0.0017694893758744001,0.07316940277814865,8.502327919006348,-0.6264667510986328,-0.6264667510986328,0,0.0,-0.006483890116214752,-0.004408331122249365,-0.30603688955307007,-52.352420806884766,-3.1320090293884277,-3.1320090293884277,0,0.0,-0.0047487374395132065,-0.0016424410277977586,-0.2344638705253601,-54.503196716308594,-5.750114440917969,-5.750114440917969,0
28,0.4666666666666667,1,1,spm1_platform_joint_y,0,,0,flat,0,4.964810848236084,4.781153202056885,0.1450062394142151,0.2,0.0,0.0,-0.0011575761018320918,-0.0017566120950505137,0.0015413828659802675,7.260895729064941,1.3056163787841797,1.3056163787841797,0,0.171072855591774,0.06482972949743271,0.0520423948764801,0.19741208851337433,-6.869661331176758,11.618886947631836,11.618886947631836,0,0.0,0.004955426789820194,0.0011669360101222992,-0.21529309451580048,1.2099480628967285,4.009092807769775,4.009092807769775,0,0.0,-0.0027258426416665316,-0.0027147310320287943,0.13513627648353577,3.9864180088043213,-0.2731184959411621,-0.2731184959411621,0,0.0,0.04196963086724281,0.05264825001358986,0.3295179605484009,-20.23178482055664,-14.134757995605469,-14.134757995605469,0,0.0,-0.0016650371253490448,-0.001577249844558537,-0.12653569877147675,-18.75322151184082,-2.2258803844451904,-2.2258803844451904,0
28,0.4666666666666667,2,2,spm1_platform_joint_x,0,,0,flat,0,4.279437065124512,3.5177764892578125,0.14505484700202942,0.2,0.0,0.0,0.010162139311432838,0.00800189096480608,-0.05027713626623154,10.779698371887207,1.5269739627838135,1.5269739627838135,0,0.0,-6.985550862737e-05,-0.00036290028947405517,0.19629888236522675,26.184553146362305,0.9851535558700562,0.9851535558700562,0,0.171072855591774,0.024726001545786858,0.0035149839241057634,0.07124248147010803,9.586995124816895,23.105712890625,23.105712890625,0,0.0,0.0008035318460315466,0.0027776085771620274,-0.1273920238018036,-31.3935546875,-3.3967251777648926,-3.3967251777648926,0,0.0,-0.0004413432616274804,-0.002440599724650383,-0.06500295549631119,-9.343624114990234,-0.11138446629047394,-0.11138446629047394,0,0.0,-0.0011027511209249496,0.0018234637100249529,0.2782944440841675,15.604196548461914,-1.3570892810821533,-1.3570892810821533,0
28,0.4666666666666667,3,3,spm2_platform_joint_z,0,,0,flat,0,5.086859703063965,4.332756519317627,0.14507132768630981,0.2,0.0,0.0,-0.03144489601254463,-0.03844083100557327,-0.15698139369487762,-4.841963768005371,7.1343512535095215,7.1343512535095215,0,0.0,-0.007842887192964554,-0.014727204106748104,0.36417537927627563,51.891632080078125,5.779412746429443,5.779412746429443,0,0.0,0.00128624914214015,0.005310745909810066,0.6721564531326294,-33.00495529174805,-7.33015251159668,-7.33015251159668,0,0.171072855591774,0.08652425557374954,0.07754265516996384,0.08303870260715485,-3.0592381954193115,8.774529457092285,8.774529457092285,0,0.0,-0.005751832854002714,-0.012319770641624928,0.38032495975494385,37.318603515625,4.5954766273498535,4.5954766273498535,0,0.0,-0.00014009502774570137,-0.0012198305921629071,0.38342857360839844,-6.144354343414307,-0.04803943634033203,-0.04803943634033203,0
28,0.4666666666666667,4,4,spm2_platform_joint_y,0,,0,flat,0,4.084139347076416,5.130550861358643,0.14496368169784546,0.2,0.0,0.0,-0.009152006357908249,-0.0035877658519893885,0.33721745014190674,-26.600961685180664,-7.389398097991943,-7.389398097991943,0,0.0,0.05313415825366974,0.06412965804338455,0.2589215338230133,-14.980477333068848,-13.75425910949707,-13.75425910949707,0,0.0,-0.002862909808754921,0.003816729411482811,-0.2228507250547409,-102.10198211669922,-10.237727165222168,-10.237727165222168,0,0.0,-0.007412147242575884,-0.008157089352607727,-0.09193900227546692,-7.119805812835693,0.13217756152153015,0.13217756152153015,0,0.171072855591774,0.07943622022867203,0.06401444226503372,0.22235262393951416,-27.702877044677734,11.120780944824219,11.120780944824219,0,0.0,-0.003113758284598589,-0.00048205797793343663,-0.2222796082496643,-59.50547790527344,-5.32735538482666,-5.32735538482666,0
28,0.4666666666666667,5,5,spm2_platform_joint_x,0,,0,flat,0,4.212399959564209,4.592276096343994,0.14658978581428528,0.2,0.0,0.0,0.009167034178972244,0.013545667752623558,0.14589032530784607,3.5297772884368896,-3.9483461380004883,-3.9483461380004883,0,0.0,-0.0013801832683384418,0.0006790981278754771,0.0958140566945076,-2.539379596710205,-1.7889039516448975,-1.7889039516448975,0,0.0,0.008048020303249359,0.006162645760923624,0.13377448916435242,52.088157653808594,5.3740410804748535,5.3740410804748535,0,0.0,-0.014125123620033264,-0.013656619936227798,0.1255117803812027,-16.977439880371094,-2.096451759338379,-2.096451759338379,0,0.0,-0.009984317235648632,-0.011044137179851532,-0.004181602504104376,2.5488619804382324,1.3585230112075806,1.3585230112075806,0,0.171072855591774,0.027935577556490898,0.003329616039991379,-0.03281994163990021,14.969510078430176,25.831905364990234,25.831905364990234,0
29,0.48333333333333334,0,0,spm1_platform_joint_z,0,,0,flat,0,4.010199546813965,4.816331386566162,0.14492136240005493,0.2,0.0,0.17475444078445435,0.12133067101240158,0.1222313791513443,0.6756494641304016,22.4838809967041,-0.7845191955566406,-0.7845191955566406,0,0.0,-0.00255571398884058,-0.0008741591591387987,-0.33175957202911377,-54.6161003112793,-3.4627814292907715,-3.4627814292907715,0,0.0,0.0023251413367688656,-0.0010839530732482672,0.05699983239173889,60.44236373901367,7.461028099060059,7.461028099060059,0,0.0,0.001533557428047061,0.0036320635117590427,0.010355522856116295,-24.811243057250977,-3.6497316360473633,-3.6497316360473633,0,0.0,-0.0038205536548048258,-0.0007614468922838569,0.25087928771972656,37.473655700683594,-0.07729744911193848,-0.07729744911193848,0,0.0,-0.0014234489062801003,-0.002692620735615492,0.05150524526834488,21.392139434814453,2.830620288848877,2.830620288848877,0
29,0.48333333333333334,1,1,spm1_platform_joint_y,0,,0,flat,0,4.982613563537598,4.78102970123291,0.14500175416469574,0.2,0.0,0.0,-0.0015223971568048,-0.0011298649478703737,0.09216498583555222,3.1280789375305176,-0.8563507795333862,-0.8563507795333862,0,0.17475444078445435,0.06840400397777557,0.05660318583250046,0.06348800659179688,-30.96595001220703,10.518998146057129,10.518998146057129,0,0.0,0.0010113444877788424,0.003407036419957876,-0.07958874851465225,-27.902101516723633,-2.8386049270629883,-2.8386049270629883,0,0.0,-0.002352766925469041,-0.0026650242507457733,-0.08440081030130386,-10.932044982910156,0.11217313259840012,0.11217313259840012,0,0.0,0.04562848433852196,0.05553576722741127,0.4504515826702118,-2.874469757080078,-13.78482437133789,-13.78482437133789,0,0.0,-0.0013669498730450869,-0.0029998314566910267,0.3222258388996124,59.36809539794922,3.293149948120117,3.293149948120117,0
29,0.48333333333333334,2,2,spm1_platform_joint_x,0,,0,flat,0,4.298147201538086,3.517324447631836,0.1457662433385849,0.2,0.0,0.0,0.0069349720142781734,0.006087079178541899,-0.24592500925064087,-3.74234676361084,1.1266337633132935,1.1266337633132935,0,0.0,-0.00031451357062906027,0.001126028480939567,-0.0014861380914226174,-15.22228717803955,-1.6850321292877197,-1.6850321292877197,0,0.17475444078445435,0.02634691260755062,0.0040136356838047504,-0.14201784133911133,4.393399238586426,22.932697296142578,22.932697296142578,0,0.0,0.0024072607047855854,0.004186560399830341,0.23489177227020264,9.764033317565918,-1.6441664695739746,-1.6441664695739746,0,0.0,-0.0021151863038539886,-0.001985306153073907,-0.13126319646835327,-31.251453399658203,-1.5752204656600952,-1.5752204656600952,0,0.0,0.0015803351998329163,0.00020027589926030487,0.08374695479869843,1.2170237302780151,1.5113604068756104,1.5113604068756104,0
29,0.48333333333333334,3,3,spm2_platform_joint_z,0,,0,flat,0,5.10624361038208,4.332810878753662,0.14474208652973175,0.2,0.0,0.0,-0.03331538662314415,-0.03952263668179512,-0.03968071565032005,9.39445686340332,7.404191493988037,7.404191493988037,0,0.0,-0.012763576582074165,-0.015202650800347328,-0.11224604398012161,-15.530472755432129,1.034569501876831,1.034569501876831,0,0.0,0.004602646455168724,0.005100218113511801,0.004845660179853439,-41.353973388671875,-7.907864093780518,-7.907864093780518,0,0.17475444078445435,0.0905042290687561,0.0809306800365448,0.21933384239673615,10.416363716125488,10.255837440490723,10.255837440490723,0,0.0,-0.010677134618163109,-0.011899169534444809,0.21116198599338531,22.684627532958984,1.352240800857544,1.352240800857544,0,0.0,-0.0010571865132078528,-0.0010859956964850426,-0.2359088659286499,-7.205404281616211,0.13714337348937988,0.13714337348937988,0
29,0.48333333333333334,4,4,spm2_platform_joint_y,0,,0,flat,0,4.102994441986084,5.129486560821533,0.14492446184158325,0.2,0.0,0.0,-0.0031093971338123083,-0.0006511636893264949,0.013079379685223103,-22.224258422851562,-3.801443099975586,-3.801443099975586,0,0.0,0.055579036474227905,0.06358250975608826,-0.055900778621435165,12.985147476196289,-7.527185440063477,-7.527185440063477,0,0.0,0.003307832172140479,5.620670344796963e-05,-0.2262219488620758,1.9428634643554688,3.8379201889038086,3.8379201889038086,0,0.0,-0.007069477345794439,-0.007147273980081081,0.227600559592247,30.390132904052734,1.4270434379577637,1.4270434379577637,0,0.17475444078445435,0.07877977937459946,0.06614470481872559,0.2715952694416046,-9.342799186706543,10.771092414855957,10.771092414855957,0,0.0,-0.00041778356535360217,-0.003077013185247779,-0.01944560557603836,3.1768414974212646,2.6481268405914307,2.6481268405914307,0
29,0.48333333333333334,5,5,spm2_platform_joint_x,0,,0,flat,0,4.230162620544434,4.591146945953369,0.14606299996376038,0.2,0.0,0.0,0.011739579029381275,0.017065897583961487,0.03486981615424156,-18.442188262939453,-6.378673076629639,-6.378673076629639,0,0.0,0.0005885516875423491,-0.0006608573603443801,-0.17556950449943542,21.26996421813965,2.6471505165100098,2.6471505165100098,0,0.0,0.005340959876775742,0.00826368760317564,-0.47006723284721375,-62.82654571533203,-3.5686604976654053,-3.5686604976654053,0,0.0,-0.011835737153887749,-0.012425377033650875,0.2844338119029999,10.8426513671875,0.44465363025665283,0.44465363025665283,0,0.0,-0.009571585804224014,-0.006436765659600496,0.13615012168884277,-6.038727283477783,-2.638491630554199,-2.638491630554199,0,0.17475444078445435,0.02618625946342945,0.003713535610586405,-0.46457234025001526,-72.30533599853516,20.78148651123047,20.78148651123047,0
30,0.5,0,0,spm1_platform_joint_z,0,,0,flat,0,4.028717994689941,4.81605863571167,0.14502587914466858,0.2,0.0,0.17820130288600922,0.12969402968883514,0.13237422704696655,0.64661705493927,10.015361785888672,-3.213366746902466,-3.213366746902466,0,0.0,-0.0007576046045869589,0.00199393043294549,0.14756441116333008,14.858455657958984,-0.9264706373214722,-0.9264706373214722,0,0.0,-0.0009394260123372078,0.002864226931706071,-0.2862708270549774,-60.23918151855469,-5.426141262054443,-5.426141262054443,0,0.0,0.0031477883458137512,0.0028791422955691814,-0.0029599580448120832,11.495834350585938,0.9401132464408875,0.9401132464408875,0,0.0,-0.0006599206244572997,0.00070643809158355,0.0006790622137486935,2.4794797897338867,-1.1979618072509766,-1.1979618072509766,0,0.0,-0.0023336047306656837,-0.0022247363813221455,-0.1817469745874405,-33.688514709472656,-2.598658800125122,-2.598658800125122,0
30,0.5,1,1,spm1_platform_joint_y,0,,0,flat,0,5.0002288818359375,4.780811786651611,0.14479443430900574,0.2,0.0,0.0,-0.0009792163036763668,-0.0014981102431192994,-0.20100341737270355,-18.271648406982422,0.712744951248169,0.712744951248169,0,0.17820130288600922,0.07281626760959625,0.05831405520439148,-0.02060224674642086,-16.379926681518555,13.53647518157959,13.53647518157959,0,0.0,0.0029527649749070406,-0.0005766938556917012,0.02812264859676361,36.32984161376953,4.295931816101074,4.295931816101074,0,0.0,-0.0023096876684576273,-0.002115263370797038,0.0954417958855629,10.403032302856445,0.5795537829399109,0.5795537829399109,0,0.0,0.04813099652528763,0.060829609632492065,0.45957639813423157,-30.50581169128418,-17.098730087280273,-17.098730087280273,0,0.0,-0.0025998540222644806,-0.001768953399732709,-0.07830378413200378,-8.60522747039795,-1.647059440612793,-1.647059440612793,0
30,0.5,2,2,spm1_platform_joint_x,0,,0,flat,0,4.3165435791015625,3.517183303833008,0.14538535475730896,0.2,0.0,0.0,0.0052754683420062065,0.002894420176744461,-0.14010967314243317,11.042786598205566,3.3816819190979004,3.3816819190979004,0,0.0,0.0009758913656696677,0.000998453819192946,0.1302412748336792,8.865291595458984,-0.37381696701049805,-0.37381696701049805,0,0.17820130288600922,0.02723865769803524,0.0045500327832996845,0.049565937370061874,7.928797721862793,23.541385650634766,23.541385650634766,0,0.0,0.0036283521912992,0.006226906552910805,0.021784091368317604,-15.875383377075195,-3.6498231887817383,-3.6498231887817383,0,0.0,-0.001720598665997386,-0.004783072974532843,-0.04456949606537819,6.192481517791748,2.8544869422912598,2.8544869422912598,0,0.0,0.00017357245087623596,0.0017666106577962637,0.18389897048473358,5.351999282836914,-2.1419711112976074,-2.1419711112976074,0
30,0.5,3,3,spm2_platform_joint_z,0,,0,flat,0,5.125297546386719,4.332633018493652,0.14490404725074768,0.2,0.0,0.0,-0.03425295278429985,-0.041511937975883484,-0.18629060685634613,8.371344566345215,8.695124626159668,8.695124626159668,0,0.0,-0.013175630941987038,-0.014633538201451302,0.27454885840415955,6.526726722717285,0.7661688327789307,0.7661688327789307,0,0.0,0.004420189186930656,0.0006718686199747026,0.06190447509288788,49.578372955322266,5.020449161529541,5.020449161529541,0,0.17820130288600922,0.09390009939670563,0.08687462657690048,0.1546691507101059,-49.12038803100586,4.543537139892578,4.543537139892578,0,0.0,-0.010312613099813461,-0.014997904188930988,0.08957520872354507,24.82218360900879,4.159194469451904,4.159194469451904,0,0.0,-0.0009411962819285691,-0.0019327807240188122,0.4205505847930908,66.82966613769531,2.8079617023468018,2.8079617023468018,0
30,0.5,4,4,spm2_platform_joint_y,0,,0,flat,0,4.121216773986816,5.128639221191406,0.1448584794998169,0.2,0.0,0.0,-0.0005643418407998979,0.0011632329551503062,0.006934669800102711,-8.488106727600098,-1.581309199333191,-1.581309199333191,0,0.0,0.05510484054684639,0.06456251442432404,0.1927281618118286,4.572109699249268,-9.602551460266113,-9.602551460266113,0,0.0,4.8712474381318316e-05,0.0029775616712868214,-0.014960741624236107,-23.700092315673828,-3.1831789016723633,-3.1831789016723633,0,0.0,-0.006194304209202528,-0.007565585896372795,-0.009582228027284145,-0.8859734535217285,0.41631826758384705,0.41631826758384705,0,0.17820130288600922,0.08108558505773544,0.06700947135686874,0.16250577569007874,-2.007420539855957,12.28848648071289,12.28848648071289,0,0.0,-0.0026667448692023754,0.0013974737375974655,0.1647610366344452,-8.672341346740723,-3.5875306129455566,-3.5875306129455566,0
30,0.5,5,5,spm2_platform_joint_x,0,,0,flat,0,4.247791290283203,4.590365409851074,0.14593836665153503,0.2,0.0,0.0,0.014790444634854794,0.01935499720275402,0.16792741417884827,8.048100471496582,-4.0816216468811035,-4.0816216468811035,0,0.0,-0.0005727430107071996,0.000358614168362692,0.0861688107252121,4.874678134918213,-0.3457542359828949,-0.3457542359828949,0,0.0,0.0071618626825511456,0.005813660100102425,-0.03747471421957016,22.709613800048828,3.528221845626831,3.528221845626831,0,0.0,-0.010768660344183445,-0.009150926023721695,0.13087928295135498,-26.527523040771484,-3.6548638343811035,-3.6548638343811035,0,0.0,-0.005578530021011829,-0.006010458804666996,-0.0676097571849823,-6.816195964813232,0.20650063455104828,0.20650063455104828,0,0.17820130288600922,0.026978572830557823,0.00012540383613668382,-0.07228512316942215,24.350292205810547,28.460325241088867,28.460325241088867,0
31,0.5166666666666666,0,0,spm1_platform_joint_z,0,,0,flat,0,4.046858787536621,4.815408706665039,0.14502602815628052,0.2,0.0,0.1814088076353073,0.138912171125412,0.14223647117614746,0.3783548176288605,-31.17230796813965,-5.721789360046387,-5.721789360046387,0,0.0,0.0017280729953199625,0.003564022248610854,-0.2518042027950287,-32.13710403442383,-2.290374517440796,-2.290374517440796,0,0.0,0.002482329960912466,0.0018152919365093112,0.19156156480312347,57.09447479248047,4.5679426193237305,4.5679426193237305,0,0.0,0.002495256718248129,0.0031032722909003496,0.15110711753368378,13.34514331817627,-0.9690905809402466,-0.9690905809402466,0,0.0,0.0006122463382780552,0.0037015124689787626,-0.04155135527253151,1.0017259120941162,-1.5427954196929932,-1.5427954196929932,0,0.0,-0.0019281047862023115,-0.00099216029047966,0.2601938545703888,48.81483459472656,3.350037097930908,3.350037097930908,0
31,0.5166666666666666,1,1,spm1_platform_joint_y,0,,0,flat,0,5.017891883850098,4.780477523803711,0.1443614810705185,0.2,0.0,0.0,-0.0012983621563762426,-0.0017368718981742859,0.11664518713951111,6.081707954406738,0.015597164630889893,0.015597164630889893,0,0.1814088076353073,0.07472668588161469,0.05994345247745514,0.16537436842918396,-3.1150174140930176,13.694457054138184,13.694457054138184,0,0.0,-0.000499801361002028,0.002792055020108819,0.22651293873786926,4.307931900024414,-3.3679351806640625,-3.3679351806640625,0,0.0,-0.0018332282779738307,-0.002157078357413411,-0.08590837568044662,-5.858854293823242,0.41448792815208435,0.41448792815208435,0,0.0,0.05271899327635765,0.06490737944841385,0.32195496559143066,-28.116273880004883,-16.447463989257812,-16.447463989257812,0,0.0,-0.0015330929309129715,-0.004438537172973156,-0.15217088162899017,0.8499634265899658,2.999478340148926,2.999478340148926,0
31,0.5166666666666666,2,2,spm1_platform_joint_x,0,,0,flat,0,4.334352970123291,3.516845941543579,0.14547252655029297,0.2,0.0,0.0,0.002508497564122081,0.0038159701507538557,-0.005328652448952198,-36.40536880493164,-3.7349507808685303,-3.7349507808685303,0,0.0,0.0008653266122564673,-0.0011146713513880968,-0.046713076531887054,-28.806259155273438,-0.5408279895782471,-0.5408279895782471,0,0.1814088076353073,0.02813120186328888,0.0038853941950947046,-0.04226401075720787,19.74398422241211,25.929031372070312,25.929031372070312,0,0.0,0.00539665250107646,0.007181734777987003,0.07460387051105499,25.760658264160156,-0.14362835884094238,-0.14362835884094238,0,0.0,-0.0041453298181295395,-0.002935736905783415,0.12762315571308136,-43.15911865234375,-4.589895248413086,-4.589895248413086,0,0.0,0.001531062531284988,-0.0006917917635291815,-0.059587348252534866,13.37978458404541,3.3434982299804688,3.3434982299804688,0
31,0.5166666666666666,3,3,spm2_platform_joint_z,0,,0,flat,0,5.144412040710449,4.331567287445068,0.1449449360370636,0.2,0.0,0.0,-0.035977013409137726,-0.0413905531167984,0.1925775110721588,13.478196144104004,5.251704692840576,5.251704692840576,0,0.0,-0.012682399712502956,-0.016049150377511978,0.18391241133213043,9.842643737792969,1.4233677387237549,1.4233677387237549,0,0.0,0.0005822861567139626,0.0024743012618273497,0.2183891385793686,11.963336944580078,-1.9806361198425293,-1.9806361198425293,0,0.1814088076353073,0.09947918355464935,0.08925136178731918,0.13530124723911285,10.502264022827148,10.939251899719238,10.939251899719238,0,0.0,-0.012998183257877827,-0.015668043866753578,0.23219166696071625,-6.323606491088867,-0.08752632141113281,-0.08752632141113281,0,0.0,-0.001675076549872756,-0.0024716409388929605,-0.050605982542037964,4.02931022644043,0.2896130681037903,0.2896130681037903,0
31,0.5166666666666666,4,4,spm2_platform_joint_y,0,,0,flat,0,4.138990879058838,5.128089427947998,0.14499834179878235,0.2,0.0,0.0,0.0010081352666020393,0.003225362626835704,0.09417019039392471,-6.383225440979004,-2.3803210258483887,-2.3803210258483887,0,0.0,0.05595418065786362,0.06651423871517181,0.08458027243614197,-26.88858413696289,-13.69880485534668,-13.69880485534668,0,0.0,0.002580553526058793,0.0014005869161337614,-0.0074399374425411224,22.680051803588867,3.099813461303711,3.099813461303711,0,0.0,-0.00655684107914567,-0.005685578566044569,0.1661541908979416,11.139169692993164,-0.31203779578208923,-0.31203779578208923,0,0.1814088076353073,0.08226271718740463,0.06793028861284256,0.13764329254627228,-1.487717628479004,13.4312105178833,13.4312105178833,0,0.0,0.001211143913678825,-0.002431214088574052,-0.10229828953742981,42.01076126098633,5.303827285766602,5.303827285766602,0
31,0.5166666666666666,5,5,spm2_platform_joint_x,0,,0,flat,0,4.265633583068848,4.589607238769531,0.1456218957901001,0.2,0.0,0.0,0.016774330288171768,0.022537758573889732,0.24053561687469482,21.567373275756836,-5.170495986938477,-5.170495986938477,0,0.0,0.0003107989323325455,0.0023891828022897243,-0.047372207045555115,-37.44681930541992,-3.7391982078552246,-3.7391982078552246,0,0.0,0.005038505420088768,0.005588662810623646,0.19673556089401245,17.663549423217773,-1.5334904193878174,-1.5334904193878174,0,0.0,-0.007930802181363106,-0.007289306726306677,-0.03630191087722778,-26.03982925415039,-0.9710133671760559,-0.9710133671760559,0,0.0,-0.005209064111113548,-0.0044333008117973804,-0.1811482012271881,-6.449455738067627,2.040541172027588,2.040541172027588,0,0.1814088076353073,0.024296525865793228,0.0019036681624129415,-0.07117684930562973,-39.57855987548828,21.500808715820312,21.500808715820312,0
32,0.5333333333333333,0,0,spm1_platform_joint_z,0,,0,flat,0,4.064816474914551,4.815030574798584,0.14543351531028748,0.2,0.0,0.18437263369560242,0.14785462617874146,0.15022411942481995,0.27387169003486633,-10.506158828735352,-1.641167402267456,-1.641167402267456,0,0.0,0.0030888193286955357,0.009432662278413773,0.2706040143966675,14.814327239990234,-4.090541362762451,-4.090541362762451,0,0.0,0.0015732529573142529,0.005010454915463924,-0.09048523753881454,-19.5046443939209,-4.478987216949463,-4.478987216949463,0,0.0,0.0026895026676356792,0.004696984309703112,0.36858516931533813,35.867095947265625,-2.136303186416626,-2.136303186416626,0,0.0,0.003207977395504713,0.008635248988866806,-0.618019163608551,-58.63117218017578,-2.9801206588745117,-2.9801206588745117,0,0.0,-0.0008598722633905709,-0.0005130625213496387,0.2838028073310852,24.22995948791504,-2.489351749420166,-2.489351749420166,0
32,0.5333333333333333,1,1,spm1_platform_joint_y,0,,0,flat,0,5.035404205322266,4.78015661239624,0.14481639862060547,0.2,0.0,0.0,-0.0015052889939397573,-0.0016971556469798088,-0.20249691605567932,-26.047863006591797,-0.2532322108745575,-0.2532322108745575,0,0.18437263369560242,0.07653401046991348,0.06510186195373535,0.258949875831604,-0.5880510807037354,11.410974502563477,11.410974502563477,0,0.0,0.0024197809398174286,0.0013927269028499722,-0.0066665299236774445,1.9290746450424194,-0.4038522243499756,-0.4038522243499756,0,0.0,-0.0018694679019972682,-0.0035320783499628305,0.11632664501667023,25.980060577392578,2.0952749252319336,2.0952749252319336,0,0.0,0.056253060698509216,0.06598883867263794,0.3201839327812195,-4.310181140899658,-13.662361145019531,-13.662361145019531,0,0.0,-0.0038467322010546923,0.00148686021566391,0.2074287086725235,-22.211790084838867,-6.918671607971191,-6.918671607971191,0
32,0.5333333333333333,2,2,spm1_platform_joint_x,0,,0,flat,0,4.351807594299316,3.5165345668792725,0.14515459537506104,0.2,0.0,0.0,0.0033071739599108696,0.003141531255096197,-0.03624943271279335,5.9167656898498535,0.8054888844490051,0.8054888844490051,0,0.0,-0.0009660485084168613,-0.004267854616045952,-0.028170717880129814,3.2691807746887207,2.1235523223876953,2.1235523223876953,0,0.18437263369560242,0.027950361371040344,0.004936543758958578,0.1486024707555771,11.734743118286133,23.32275390625,23.32275390625,0,0.0,0.0062241703271865845,0.008484752848744392,-0.016247427091002464,-15.748620986938477,-2.943915605545044,-2.943915605545044,0,0.0,-0.0025443052873015404,-0.00391789386048913,0.21858787536621094,25.070466995239258,1.0818184614181519,1.0818184614181519,0,0.0,-0.0005995528772473335,-0.0014701150357723236,0.057150356471538544,6.126749038696289,0.19537484645843506,0.19537484645843506,0
32,0.5333333333333333,3,3,spm2_platform_joint_z,0,,0,flat,0,5.163182258605957,4.330179214477539,0.14492285251617432,0.2,0.0,0.0,-0.03587181121110916,-0.03892440348863602,-0.03589421138167381,-24.963350296020508,2.1401724815368652,2.1401724815368652,0,0.0,-0.013909263536334038,-0.01532923523336649,0.031716033816337585,-25.362918853759766,-1.3419052362442017,-1.3419052362442017,0,0.0,0.0021443944424390793,0.0016499923076480627,-0.5104894042015076,-89.35749816894531,-4.568479537963867,-4.568479537963867,0,0.18437263369560242,0.10193419456481934,0.09258504956960678,0.3902128040790558,23.717702865600586,9.609321594238281,9.609321594238281,0,0.0,-0.013578970916569233,-0.01591452583670616,0.28646042943000793,23.3736572265625,2.194772243499756,2.194772243499756,0,0.0,-0.002142088720574975,0.0006406877655535936,-0.2008684128522873,-20.005598068237305,1.2713119983673096,1.2713119983673096,0
32,0.5333333333333333,4,4,spm2_platform_joint_y,0,,0,flat,0,4.156174182891846,5.1269378662109375,0.14472655951976776,0.2,0.0,0.0,0.002795314183458686,0.006084972061216831,0.10999879986047745,0.3591156005859375,-2.2540507316589355,-2.2540507316589355,0,0.0,0.05764567106962204,0.06806664168834686,0.2569052278995514,8.205720901489258,-11.18321704864502,-11.18321704864502,0,0.0,0.001213841955177486,0.0027124632615596056,0.18857833743095398,22.940067291259766,-0.48716413974761963,-0.48716413974761963,0,0.0,-0.004927501548081636,-0.005259138997644186,-0.13648663461208344,-30.089370727539062,-1.3857884407043457,-1.3857884407043457,0,0.18437263369560242,0.08345593512058258,0.06806237250566483,-0.1332327127456665,-38.27411651611328,13.875448226928711,13.875448226928711,0,0.0,-0.002107052132487297,-0.0029718601144850254,0.34870630502700806,65.9761734008789,3.3836145401000977,3.3836145401000977,0
32,0.5333333333333333,5,5,spm2_platform_joint_x,0,,0,flat,0,4.283157825469971,4.58889102935791,0.1457929015159607,0.2,0.0,0.0,0.01953272335231304,0.025988375768065453,0.3566945195198059,11.877901077270508,-7.468792915344238,-7.468792915344238,0,0.0,0.002070625079795718,0.0017953220522031188,-0.051117002964019775,-14.830293655395508,0.2475982904434204,0.2475982904434204,0,0.0,0.004843507893383503,0.005246335174888372,-0.3496206998825073,-34.90081024169922,0.37317124009132385,0.37317124009132385,0,0.0,-0.006317398976534605,-0.007444224786013365,-0.020518263801932335,-3.788119077682495,1.2364656925201416,1.2364656925201416,0,0.0,-0.0038421940989792347,-0.002674806397408247,0.09557011723518372,2.8247389793395996,-1.5602959394454956,-1.5602959394454956,0,0.18437263369560242,0.02623286470770836,0.0008811008301563561,-0.04364459216594696,14.105522155761719,26.28143310546875,26.28143310546875,0
33,0.55,0,0,spm1_platform_joint_z,0,,0,flat,0,4.0828857421875,4.81422233581543,0.14656692743301392,0.2,0.0,0.18708880245685577,0.15513941645622253,0.15758047997951508,0.0385272353887558,-53.58610916137695,-3.7748281955718994,-3.7748281955718994,0,0.0,0.008174973540008068,0.019383927807211876,0.06087872385978699,-5.319981098175049,-8.470738410949707,-8.470738410949707,0,0.0,0.004342394415289164,0.007370871491730213,0.7050027251243591,96.66795349121094,-0.008901119232177734,-0.008901119232177734,0,0.0,0.004070719704031944,0.00872417539358139,0.33654868602752686,14.804896354675293,-4.92588996887207,-4.92588996887207,0,0.0,0.007483882363885641,0.00935936439782381,-0.6327805519104004,-27.407737731933594,2.277859687805176,2.277859687805176,0,0.0,-0.00044465417158789933,0.003230486297979951,1.367243766784668,149.3566436767578,-2.4868927001953125,-2.4868927001953125,0
33,0.55,1,1,spm1_platform_joint_y,0,,0,flat,0,5.052785396575928,4.780232906341553,0.1449553668498993,0.2,0.0,0.0,-0.0014708682429045439,-0.00282885879278183,-0.04318549484014511,-0.4842509329319,1.451045274734497,1.451045274734497,0,0.18708880245685577,0.08136679232120514,0.0667925775051117,0.199812650680542,-9.954753875732422,13.05850601196289,13.05850601196289,0,0.0,0.0012070299126207829,0.002402901416644454,0.1407545506954193,-2.445357322692871,-2.063443422317505,-2.063443422317505,0,0.0,-0.0030611346010118723,-0.0028262347914278507,0.05782030522823334,7.333896636962891,-0.09845484793186188,-0.09845484793186188,0,0.0,0.05719032511115074,0.06734219938516617,0.2255052924156189,-16.58733558654785,-14.12813949584961,-14.12813949584961,0,0.0,0.0012886121403425932,-0.002622908679768443,0.06020621210336685,25.47028160095215,4.251867771148682,4.251867771148682,0
33,0.55,2,2,spm1_platform_joint_x,0,,0,flat,0,4.368988990783691,3.5162546634674072,0.1450716108083725,0.2,0.0,0.0,0.0027226603124290705,0.0007203721324913204,-0.12276243418455124,9.558347702026367,2.1765434741973877,2.1765434741973877,0,0.0,-0.0036988072097301483,-0.006324827671051025,0.3483838438987732,27.880041122436523,2.368816375732422,2.368816375732422,0,0.18708880245685577,0.02922351285815239,0.005860807374119759,-0.07247501611709595,-23.390369415283203,21.70273780822754,21.70273780822754,0,0.0,0.0073534524999558926,0.010398098267614841,0.21044909954071045,7.086592674255371,-2.466506242752075,-2.466506242752075,0,0.0,-0.0033955080434679985,-0.005996535997837782,-0.20064544677734375,-33.78032684326172,-0.8390270471572876,-0.8390270471572876,0,0.0,-0.0012740996899083257,-0.0009132842533290386,-0.126694455742836,-22.87833595275879,-1.9578510522842407,-1.9578510522842407,0
33,0.55,3,3,spm2_platform_joint_z,0,,0,flat,0,5.181765079498291,4.328878402709961,0.1450744867324829,0.2,0.0,0.0,-0.033734481781721115,-0.03744373098015785,0.03145380690693855,-5.57936429977417,3.436828136444092,3.436828136444092,0,0.0,-0.013285337015986443,-0.01712176948785782,0.22583578526973724,24.113004684448242,3.6671254634857178,3.6671254634857178,0,0.0,0.0014299933100119233,0.0002731990534812212,0.06015768647193909,24.748292922973633,2.8031835556030273,2.8031835556030273,0,0.18708880245685577,0.10518555343151093,0.09816932678222656,0.503469705581665,19.862598419189453,6.741522789001465,6.741522789001465,0,0.0,-0.01379258930683136,-0.0177915059030056,0.13570550084114075,-14.549985885620117,-0.017392873764038086,-0.017392873764038086,0,0.0,0.0005552627262659371,-0.004712371155619621,0.36236023902893066,91.34667205810547,7.661577224731445,7.661577224731445,0
33,0.55,4,4,spm2_platform_joint_y,0,,0,flat,0,4.1728434562683105,5.126551628112793,0.145010843873024,0.2,0.0,0.0,0.005273642484098673,0.007517728954553604,0.11488509178161621,13.72626781463623,-1.8962422609329224,-1.8962422609329224,0,0.0,0.05899108946323395,0.06841221451759338,0.18010272085666656,11.145437240600586,-11.253894805908203,-11.253894805908203,0,0.0,0.0023508016020059586,0.001422752975486219,-0.30190789699554443,-42.0379638671875,-0.7459079623222351,-0.7459079623222351,0,0.0,-0.00455792061984539,-0.005835214164108038,0.15302272140979767,9.684048652648926,0.7096492648124695,0.7096492648124695,0,0.18708880245685577,0.08393256366252899,0.06939777731895447,0.08942797034978867,4.3727498054504395,15.775897979736328,15.775897979736328,0,0.0,-0.002575612161308527,-0.0006395280943252146,-0.19709178805351257,-38.45526885986328,-2.497866630554199,-2.497866630554199,0
33,0.55,5,5,spm2_platform_joint_x,0,,0,flat,0,4.301072597503662,4.588274955749512,0.14500677585601807,0.2,0.0,0.0,0.02252325788140297,0.02962976135313511,0.13128730654716492,-12.764249801635742,-8.447164535522461,-8.447164535522461,0,0.0,0.001555945724248886,-0.000562189903575927,0.16542889177799225,30.7119083404541,2.334333896636963,2.334333896636963,0,0.0,0.004546823911368847,0.002442753640934825,0.2853379547595978,75.42153930664062,5.807519912719727,5.807519912719727,0,0.0,-0.0064516616985201836,-0.006660763174295425,0.21800009906291962,22.54619026184082,0.7456212043762207,0.7456212043762207,0,0.0,-0.002318165497854352,-0.001429474214091897,0.2126534879207611,6.597535133361816,-1.6504768133163452,-1.6504768133163452,0,0.18708880245685577,0.025708794593811035,0.0017615369288250804,-0.19384640455245972,-26.061079025268555,24.577985763549805,24.577985763549805,0
34,0.5666666666666667,0,0,spm1_platform_joint_z,0,,0,flat,0,4.100619316101074,4.814034461975098,0.14763401448726654,0.2,0.0,0.18955367803573608,0.16184356808662415,0.16465842723846436,0.3259100317955017,-12.520830154418945,-2.9449620246887207,-2.9449620246887207,0,0.0,0.016799403354525566,0.02039518393576145,-0.07138015329837799,-32.23530197143555,-5.349120140075684,-5.349120140075684,0,0.0,0.006388088688254356,0.006533378269523382,-0.22456884384155273,-26.791522979736328,-1.4722033739089966,-1.4722033739089966,0,0.0,0.007560952100902796,0.010794715955853462,0.22270247340202332,10.006080627441406,-4.096189498901367,-4.096189498901367,0,0.0,0.008111448958516121,0.0033415397629141808,0.05346791818737984,55.05010223388672,7.9093780517578125,7.9093780517578125,0,0.0,0.0027997547294944525,0.0032260785810649395,-0.046505752950906754,2.901644468307495,-0.47832751274108887,-0.47832751274108887,0
34,0.5666666666666667,1,1,spm1_platform_joint_y,0,,0,flat,0,5.070244789123535,4.780125141143799,0.14494973421096802,0.2,0.0,0.0,-0.0024516775738447905,-0.004071271512657404,-0.09090771526098251,0.13929873704910278,1.7570985555648804,1.7570985555648804,0,0.18955367803573608,0.08316072821617126,0.06974872201681137,0.20690129697322845,-8.116838455200195,11.96611213684082,11.96611213684082,0,0.0,0.002082514576613903,-4.8002613766584545e-05,-0.30687734484672546,-45.7264404296875,-1.7493882179260254,-1.7493882179260254,0,0.0,-0.002449403516948223,-0.0026913078036159277,0.02183545008301735,7.675498962402344,0.8356349468231201,0.8356349468231201,0,0.0,0.05836324021220207,0.06878123432397842,0.35674023628234863,7.369265556335449,-12.031512260437012,-12.031512260437012,0,0.0,-0.002273187506943941,0.0006489123916253448,0.10736533254384995,-16.063156127929688,-4.0610222816467285,-4.0610222816467285,0
34,0.5666666666666667,2,2,spm1_platform_joint_x,0,,0,flat,0,4.386486053466797,3.5160887241363525,0.14599096775054932,0.2,0.0,0.0,0.0006243225070647895,-0.0018826003652065992,-0.21672286093235016,-12.860340118408203,1.7398548126220703,1.7398548126220703,0,0.0,-0.005481517408043146,-3.068724618060514e-05,0.23088575899600983,9.10519790649414,-3.757826089859009,-3.757826089859009,0,0.18955367803573608,0.03035319223999977,0.005063663702458143,0.5234726667404175,75.5368881225586,28.74034309387207,28.74034309387207,0,0.0,0.00901168491691351,0.01501862145960331,0.06968671083450317,-23.104488372802734,-6.244571685791016,-6.244571685791016,0,0.0,-0.00519699789583683,-0.007459798362106085,-0.30275148153305054,-11.389119148254395,2.6952574253082275,2.6952574253082275,0,0.0,-0.000791513011790812,0.0009511880925856531,0.5605546236038208,70.11697387695312,0.5825406312942505,0.5825406312942505,0
34,0.5666666666666667,3,3,spm2_platform_joint_z,0,,0,flat,0,5.200399875640869,4.327016353607178,0.14508718252182007,0.2,0.0,0.0,-0.03245123475790024,-0.032501790672540665,0.1540861278772354,-25.04085922241211,-0.46090149879455566,-0.46090149879455566,0,0.0,-0.014838866889476776,-0.01648905873298645,0.06179787963628769,-11.671762466430664,-1.0966531038284302,-1.0966531038284302,0,0.0,0.00023677251010667533,0.00019613017502706498,-0.08952995389699936,17.794254302978516,2.4891719818115234,2.4891719818115234,0,0.18955367803573608,0.11035390943288803,0.10373567789793015,0.3749711513519287,7.258930206298828,5.716248989105225,5.716248989105225,0,0.0,-0.015419305302202702,-0.01641549915075302,0.21885345876216888,9.041435241699219,0.39875853061676025,0.39875853061676025,0,0.0,-0.004084054846316576,-0.0024288201238960028,0.18251220881938934,-54.862274169921875,-9.54276180267334,-9.54276180267334,0
34,0.5666666666666667,4,4,spm2_platform_joint_y,0,,0,flat,0,4.189006328582764,5.125608444213867,0.1449415683746338,0.2,0.0,0.0,0.006515365093946457,0.011780369095504284,0.2553271949291229,12.557356834411621,-4.618501663208008,-4.618501663208008,0,0.0,0.05929058417677879,0.06881054490804672,0.08489242196083069,-9.256251335144043,-10.986034393310547,-10.986034393310547,0,0.0,0.001233052578754723,0.0027195096481591463,-0.18987786769866943,-31.961360931396484,-1.7399872541427612,-1.7399872541427612,0,0.0,-0.005057185422629118,-0.005127153359353542,0.004336022771894932,-15.37270736694336,-0.9256380796432495,-0.9256380796432495,0,0.18955367803573608,0.08541856706142426,0.07007836550474167,0.30893346667289734,31.85317039489746,15.370586395263672,15.370586395263672,0,0.0,-0.0005542576545849442,-0.0033061541616916656,-0.2052641659975052,-4.328116416931152,3.0026674270629883,3.0026674270629883,0
34,0.5666666666666667,5,5,spm2_platform_joint_x,0,,0,flat,0,4.319349765777588,4.58763313293457,0.1461072564125061,0.2,0.0,0.0,0.025679126381874084,0.03285001218318939,-0.1833464801311493,-76.78663635253906,-10.60096549987793,-10.60096549987793,0,0.0,-0.00048723124200478196,0.0021075194235891104,0.23332542181015015,37.63960266113281,-0.5270909667015076,-0.5270909667015076,0,0.0,0.0021170531399548054,0.0011312911519780755,0.275181382894516,61.46063995361328,3.270375967025757,3.270375967025757,0,0.0,-0.005772661417722702,-0.0028403564356267452,0.38415077328681946,30.1207275390625,-2.25234055519104,-2.25234055519104,0,0.0,-0.0012388776522129774,0.0007899947231635451,-0.3147638738155365,-46.401187896728516,-2.062565803527832,-2.062565803527832,0,0.18955367803573608,0.02676153928041458,0.0006846043397672474,0.495108038187027,69.75835418701172,28.180112838745117,28.180112838745117,0
35,0.5833333333333334,0,0,spm1_platform_joint_z,0,,0,flat,0,4.1183271408081055,4.814114570617676,0.14646756649017334,0.2,0.0,0.1917639523744583,0.1682724952697754,0.172299325466156,0.30476051568984985,-21.615886688232422,-5.365269184112549,-5.365269184112549,0,0.0,0.01767582632601261,0.01593952625989914,-0.4407016634941101,-14.52071762084961,2.186851978302002,2.186851978302002,0,0.0,0.005662261042743921,0.007224569097161293,-0.009345654398202896,14.123441696166992,-0.264495849609375,-0.264495849609375,0,0.0,0.009355420246720314,0.012049873359501362,0.0005862857215106487,-11.10462760925293,-3.1379194259643555,-3.1379194259643555,0,0.0,0.002896001096814871,0.005812203511595726,0.2697997987270355,25.253787994384766,-2.1155221462249756,-2.1155221462249756,0,0.0,0.0027959346771240234,0.0029354949947446585,0.29851651191711426,47.171051025390625,1.3380783796310425,1.3380783796310425,0
35,0.5833333333333334,1,1,spm1_platform_joint_y,0,,0,flat,0,5.087772846221924,4.779979705810547,0.14491713047027588,0.2,0.0,0.0,-0.0035284352488815784,-0.003397688502445817,0.11896371841430664,7.330875396728516,-0.22904160618782043,-0.22904160618782043,0,0.1917639523744583,0.0860174223780632,0.07199957221746445,0.08466318249702454,-15.854289054870605,13.040473937988281,13.040473937988281,0,0.0,-4.1602266719564795e-05,0.0017715094145387411,0.3593289256095886,19.424293518066406,-2.575564384460449,-2.575564384460449,0,0.0,-0.0023324666544795036,-0.003931653685867786,-0.11913441866636276,2.2349050045013428,2.1638853549957275,2.1638853549957275,0,0.0,0.05961040407419205,0.07240724563598633,0.1829024702310562,-22.637277603149414,-15.94383430480957,-15.94383430480957,0,0.0,0.0005623907200060785,-0.003886118298396468,0.33194196224212646,47.12285614013672,3.979628562927246,3.979628562927246,0
35,0.5833333333333334,2,2,spm1_platform_joint_x,0,,0,flat,0,4.403771877288818,3.515969753265381,0.14696601033210754,0.2,0.0,0.0,-0.0016315869288519025,-0.0029375324957072735,0.05009652301669121,18.400495529174805,2.4959707260131836,2.4959707260131836,0,0.0,-2.6595613235258497e-05,-0.00028550621937029064,0.15898855030536652,-9.791023254394531,-2.285771608352661,-2.285771608352661,0,0.1917639523744583,0.029957037419080734,0.011386943981051445,0.22874999046325684,-32.19586944580078,16.195556640625,16.195556640625,0,0.0,0.013016138225793839,0.013481127098202705,-0.17949648201465607,-14.768306732177734,-1.4340112209320068,-1.4340112209320068,0,0.0,-0.006465158425271511,-0.01265979465097189,0.2034480720758438,41.09619140625,6.782398223876953,6.782398223876953,0,0.0,0.0008243629708886147,0.006560155656188726,0.3060775697231293,-7.424944877624512,-7.251682281494141,-7.251682281494141,0
35,0.5833333333333334,3,3,spm2_platform_joint_z,0,,0,flat,0,5.2191972732543945,4.325221538543701,0.14493408799171448,0.2,0.0,0.0,-0.028168218210339546,-0.027249732986092567,0.5961527824401855,14.732812881469727,-1.9547603130340576,-1.9547603130340576,0,0.0,-0.014290517196059227,-0.0206045713275671,0.042304106056690216,21.431047439575195,5.440742015838623,5.440742015838623,0,0.0,0.0001699794811429456,0.0025425252970308065,0.019513234496116638,-7.990103721618652,-0.6707610487937927,-0.6707610487937927,0,0.1917639523744583,0.11547278612852097,0.10798685252666473,-0.01784779131412506,-9.071741104125977,7.863433837890625,7.863433837890625,0,0.0,-0.014226766303181648,-0.02082137204706669,0.7023429870605469,68.19499206542969,4.20632266998291,4.20632266998291,0,0.0,-0.0021049773786216974,-0.0019639399833977222,0.08675850927829742,50.66688537597656,2.91953706741333,2.91953706741333,0
35,0.5833333333333334,4,4,spm2_platform_joint_y,0,,0,flat,0,4.2047505378723145,5.124709606170654,0.1447921097278595,0.2,0.0,0.0,0.010209653526544571,0.013930575922131538,0.02757207676768303,2.948173761367798,-3.145198106765747,-3.145198106765747,0,0.0,0.05963580310344696,0.06906460970640182,0.181068554520607,10.64565372467041,-10.064225196838379,-10.064225196838379,0,0.0,0.0023569082841277122,0.0036405655555427074,0.17202873528003693,-6.320246696472168,-1.9710359573364258,-1.9710359573364258,0,0.0,-0.004443532787263393,-0.005143921356648207,-0.11655507981777191,-22.09781265258789,-0.2093217670917511,-0.2093217670917511,0,0.1917639523744583,0.08630311489105225,0.0700133889913559,0.07517188042402267,4.377755165100098,15.640932083129883,15.640932083129883,0,0.0,-0.0028653335757553577,0.0009240820072591305,0.44720712304115295,-11.0584077835083,-5.232558250427246,-5.232558250427246,0
35,0.5833333333333334,5,5,spm2_platform_joint_x,0,,0,flat,0,4.337785720825195,4.587151050567627,0.1471886783838272,0.2,0.0,0.0,0.028470009565353394,0.031969524919986725,0.13150209188461304,25.710084915161133,-2.4517154693603516,-2.4517154693603516,0,0.0,0.001826516818255186,0.005762674380093813,0.28936508297920227,7.21729850769043,-4.337577819824219,-4.337577819824219,0,0.0,0.0009804522851482034,0.005034935660660267,-0.194607213139534,-58.45144271850586,-5.785600662231445,-5.785600662231445,0,0.0,-0.0024616422597318888,-5.015624628867954e-05,-0.045953214168548584,-28.40378761291504,-3.8644871711730957,-3.8644871711730957,0,0.0,0.0006846620817668736,-0.003353229956701398,-0.2099100798368454,3.079352855682373,4.641363143920898,4.641363143920898,0,0.1917639523744583,0.025684606283903122,0.007116685621440411,-0.10244900733232498,-65.56999969482422,16.10235023498535,16.10235023498535,0
36,0.6,0,0,spm1_platform_joint_z,0,,0,flat,0,4.135786056518555,4.814103126525879,0.144902765750885,0.2,0.0,0.1937166303396225,0.17515496909618378,0.18195705115795135,0.5223173499107361,-15.967082977294922,-8.1179838180542,-8.1179838180542,0,0.0,0.013814255595207214,0.009972468949854374,-0.14975132048130035,24.119096755981445,4.193026542663574,4.193026542663574,0,0.0,0.006261293310672045,0.002408349886536598,-0.15821796655654907,28.723508834838867,3.8995742797851562,3.8995742797851562,0,0.0,0.010443223640322685,0.01319047063589096,0.1418001353740692,21.8510684967041,-1.3399449586868286,-1.3399449586868286,0,0.0,0.005037243012338877,0.012168927118182182,0.1714891642332077,-14.36804485321045,-6.200509071350098,-6.200509071350098,0,0.0,0.002544095739722252,-0.0022586702834814787,-0.041117794811725616,44.366455078125,7.174499034881592,7.174499034881592,0
36,0.6,1,1,spm1_platform_joint_y,0,,0,flat,0,5.105363845825195,4.779752731323242,0.1448153257369995,0.2,0.0,0.0,-0.0029446633998304605,-0.00389525992795825,-0.061834294348955154,3.506899356842041,1.3784375190734863,1.3784375190734863,0,0.1937166303396225,0.08822851628065109,0.073236383497715,0.1721094250679016,-12.800678253173828,12.809041976928711,12.809041976928711,0,0.0,0.0015353080816566944,0.0006388994515873492,-0.048003971576690674,27.731082916259766,1.7506788969039917,1.7506788969039917,0,0.0,-0.0034074331633746624,-0.003785880282521248,0.1498585343360901,12.653512001037598,0.23431876301765442,0.23431876301765442,0,0.0,0.06275294721126556,0.073976069688797,0.45471683144569397,-6.1895551681518555,-15.186440467834473,-15.186440467834473,0,0.0,-0.003367969300597906,-0.0011570550268515944,-0.08761367201805115,-42.9345703125,-3.9581797122955322,-3.9581797122955322,0
36,0.6,2,2,spm1_platform_joint_x,0,,0,flat,0,4.421102046966553,3.515815496444702,0.14754359424114227,0.2,0.0,0.0,-0.002545861527323723,-0.003683870192617178,-0.033466219902038574,10.990245819091797,1.9066870212554932,1.9066870212554932,0,0.0,-0.000247438729275018,0.0012313523329794407,0.014191892929375172,-10.94320011138916,-1.7645204067230225,-1.7645204067230225,0,0.1937166303396225,0.0356975719332695,0.01011920627206564,-0.009648722596466541,-1.6125574111938477,23.489904403686523,23.489904403686523,0,0.0,0.01168364379554987,0.014335027895867825,0.05042184889316559,2.60459303855896,-1.537166953086853,-1.537166953086853,0,0.0,-0.01097182184457779,-0.016093440353870392,0.011148224584758282,23.330669403076172,3.812401294708252,3.812401294708252,0,0.0,0.005685468204319477,0.0059163798578083515,0.04433904588222504,-5.87976598739624,-2.8501882553100586,-2.8501882553100586,0
36,0.6,3,3,spm2_platform_joint_z,0,,0,flat,0,5.238617420196533,4.322934627532959,0.14484535157680511,0.2,0.0,0.0,-0.023616435006260872,-0.021653950214385986,0.09905333071947098,-26.68299102783203,-3.5441951751708984,-3.5441951751708984,0,0.0,-0.017857294529676437,-0.024114949628710747,0.2855408191680908,40.920257568359375,5.745779037475586,5.745779037475586,0,0.0,0.0022035217843949795,0.002672462025657296,0.00690300390124321,14.453950881958008,0.5848546624183655,0.5848546624183655,0,0.1937166303396225,0.11941748857498169,0.11385185271501541,0.6334582567214966,31.796865463256836,6.1564788818359375,6.1564788818359375,0,0.0,-0.01804518885910511,-0.02236618660390377,0.27312642335891724,-15.500299453735352,-1.0710153579711914,-1.0710153579711914,0,0.0,-0.0017020812956616282,0.001582724042236805,0.17388764023780823,6.749932765960693,-3.018589973449707,-3.018589973449707,0
36,0.6,4,4,spm2_platform_joint_y,0,,0,flat,0,4.219820976257324,5.1242194175720215,0.145220085978508,0.2,0.0,0.0,0.012073165737092495,0.01551467552781105,0.18716910481452942,29.50084114074707,-2.4758012294769287,-2.4758012294769287,0,0.0,0.05985599383711815,0.07055091112852097,0.26886966824531555,-4.834681510925293,-12.164706230163574,-12.164706230163574,0,0.0,0.0031551567371934652,0.0032946739811450243,-0.44843772053718567,-32.39944839477539,0.6809452772140503,0.6809452772140503,0,0.0,-0.004458065144717693,-0.004222569055855274,0.17676079273223877,1.7782080173492432,-0.4190291166305542,-0.4190291166305542,0,0.1937166303396225,0.0865071564912796,0.06847450882196426,-0.007669379934668541,-11.340766906738281,15.829141616821289,15.829141616821289,0,0.0,0.0008008710574358702,-0.0024343321565538645,-0.1410287320613861,4.900760650634766,3.817699432373047,3.817699432373047,0
36,0.6,5,5,spm2_platform_joint_x,0,,0,flat,0,4.356269359588623,4.586972236633301,0.14743536710739136,0.2,0.0,0.0,0.027706921100616455,0.03431941941380501,0.1290135234594345,-3.222536563873291,-6.977248668670654,-6.977248668670654,0,0.0,0.004994317889213562,0.011293342337012291,0.05148569121956825,-12.87418270111084,-5.405803203582764,-5.405803203582764,0,0.0,0.004363610874861479,0.007642797660082579,0.3940303325653076,45.00778579711914,-0.6540427803993225,-0.6540427803993225,0,0.0,-4.346874629845843e-05,0.00048401032108813524,6.821448914706707e-05,-5.900709629058838,-0.8016557693481445,-0.8016557693481445,0,0.0,-0.0029061324894428253,-0.004347240552306175,-0.2700663208961487,-3.8104820251464844,3.1313514709472656,3.1313514709472656,0,0.1937166303396225,0.031996678560972214,0.005964040756225586,-0.03367497771978378,8.586767196655273,27.0433349609375,27.0433349609375,0
37,0.6166666666666667,0,0,spm1_platform_joint_z,0,,0,flat,0,4.1538190841674805,4.813659191131592,0.14525258541107178,0.2,0.0,0.1954091191291809,0.18375065922737122,0.19552074372768402,0.9328368902206421,9.017143249511719,-12.031684875488281,-12.031684875488281,0,0.0,0.00864280667155981,0.011576017364859581,0.11953072994947433,-24.67083740234375,-4.61363410949707,-4.61363410949707,0,0.0,0.002087236614897847,-0.00029972841730341315,-0.5215761661529541,-49.24840545654297,1.7031395435333252,1.7031395435333252,0,0.0,0.011431741528213024,0.011249563656747341,-0.08273463696241379,6.301196575164795,-0.3530905246734619,-0.3530905246734619,0,0.0,0.010546403005719185,0.008968625217676163,-0.2560429275035858,10.405147552490234,2.1175050735473633,2.1175050735473633,0,0.0,-0.0019575143232941628,-0.003978865221142769,-0.15919023752212524,-1.7720693349838257,2.7385101318359375,2.7385101318359375,0
37,0.6166666666666667,1,1,spm1_platform_joint_y,0,,0,flat,0,5.123142242431641,4.779889106750488,0.14499740302562714,0.2,0.0,0.0,-0.0033758918289095163,-0.004786817356944084,-0.2573268711566925,-22.914060592651367,1.7260370254516602,1.7260370254516602,0,0.1954091191291809,0.08952608704566956,0.07409809529781342,0.14697326719760895,-2.5134496688842773,14.186504364013672,14.186504364013672,0,0.0,0.0005537128308787942,0.004546684678643942,0.15290163457393646,8.456936836242676,-0.7892579436302185,-0.7892579436302185,0,0.0,-0.0032810962293297052,-0.0037836357951164246,0.13819003105163574,21.71841812133789,-0.16372790932655334,-0.16372790932655334,0,0.0,0.0641125962138176,0.07436498254537582,0.2083534449338913,-9.16236686706543,-13.234329223632812,-13.234329223632812,0,0.0,-0.0010027809767052531,-0.0014117980608716607,0.10610386729240417,11.207075119018555,0.18604764342308044,0.18604764342308044,0
37,0.6166666666666667,2,2,spm1_platform_joint_x,0,,0,flat,0,4.438053131103516,3.515554666519165,0.14776629209518433,0.2,0.0,0.0,-0.0031926874071359634,-0.003648163517937064,-0.14920374751091003,-13.440229415893555,0.9784294962882996,0.9784294962882996,0,0.0,0.0010671720374375582,-0.0005471790791489184,0.19565725326538086,8.312036514282227,0.3477729558944702,0.3477729558944702,0,0.1954091191291809,0.03482453152537346,0.010769816115498543,-0.08534059673547745,-18.696887969970703,23.546945571899414,23.546945571899414,0,0.0,0.012423690408468246,0.01467650942504406,0.20349356532096863,20.325008392333984,-2.472322940826416,-2.472322940826416,0,0.0,-0.013947647996246815,-0.020296776667237282,0.24072247743606567,28.69101333618164,4.893293380737305,4.893293380737305,0,0.0,0.0051275291480124,0.006470171269029379,0.0898488312959671,7.006129741668701,-1.2911354303359985,-1.2911354303359985,0
37,0.6166666666666667,3,3,spm2_platform_joint_z,0,,0,flat,0,5.258323669433594,4.321035385131836,0.14479073882102966,0.2,0.0,0.0,-0.01876675710082054,-0.01803051494061947,0.03651567921042442,-13.013154029846191,-0.33469438552856445,-0.33469438552856445,0,0.0,-0.02089962363243103,-0.023275703191757202,0.11095158010721207,9.815414428710938,2.5355207920074463,2.5355207920074463,0,0.0,0.0023161338176578283,-0.00020409104763530195,-0.410499632358551,-52.27632522583008,-1.582923412322998,-1.582923412322998,0,0.1954091191291809,0.12472615391016006,0.12301972508430481,0.7056355476379395,14.42373275756836,1.1034064292907715,1.1034064292907715,0,0.0,-0.019384028390049934,-0.021764535456895828,0.16253982484340668,13.212119102478027,2.8066508769989014,2.8066508769989014,0,0.0,0.0013716941466555,-0.0010040608467534184,0.192886620759964,29.362417221069336,3.710540771484375,3.710540771484375,0
37,0.6166666666666667,4,4,spm2_platform_joint_y,0,,0,flat,0,4.234642028808594,5.123241901397705,0.14506708085536957,0.2,0.0,0.0,0.013446051627397537,0.017987748607993126,0.18501248955726624,11.509883880615234,-3.7914788722991943,-3.7914788722991943,0,0.0,0.06114412099123001,0.07029171288013458,-0.11377575993537903,-48.14119338989258,-13.539350509643555,-13.539350509643555,0,0.0,0.002855384023860097,-0.0003503955667838454,-0.11672376841306686,39.708595275878906,7.408553123474121,7.408553123474121,0,0.0,-0.00365955987945199,-0.0017489009769633412,-0.00907749030739069,-34.282203674316406,-4.146330833435059,-4.146330833435059,0,0.1954091191291809,0.08539912104606628,0.06964406371116638,0.39669862389564514,30.909805297851562,16.33584213256836,16.33584213256836,0,0.0,-0.0021097545977681875,-0.003201480256393552,0.002011643722653389,20.774333953857422,3.0373973846435547,3.0373973846435547,0
37,0.6166666666666667,5,5,spm2_platform_joint_x,0,,0,flat,0,4.375242710113525,4.585855007171631,0.14744621515274048,0.2,0.0,0.0,0.0297434963285923,0.041865602135658264,0.175138920545578,-27.668567657470703,-12.818538665771484,-12.818538665771484,0,0.0,0.009787563234567642,0.01356218196451664,-0.2044457197189331,6.679408550262451,0.9855680465698242,0.9855680465698242,0,0.0,0.006623758003115654,0.007863901555538177,-0.06054818257689476,-35.89706039428711,-6.765863418579102,-6.765863418579102,0,0.0,0.00041947560384869576,-0.0009939585579559207,0.09091861546039581,15.541407585144043,1.9225594997406006,1.9225594997406006,0,0.0,-0.003767608432099223,-0.0027356059290468693,-0.09982447326183319,-16.789745330810547,-2.089473247528076,-2.089473247528076,0,0.1954091191291809,0.030964042991399765,0.005399089306592941,0.041872892528772354,-21.83059310913086,21.012924194335938,21.012924194335938,0
38,0.6333333333333333,0,0,spm1_platform_joint_z,0,,0,flat,0,4.171844005584717,4.812987327575684,0.14484798908233643,0.2,0.0,0.1968391239643097,0.19569653272628784,0.2065230756998062,1.0497143268585205,47.32318115234375,-11.783792495727539,-11.783792495727539,0,0.0,0.010032548569142818,0.003672198858112097,0.006509186699986458,28.377756118774414,4.794339179992676,4.794339179992676,0,0.0,-0.00025976463803090155,-0.003166032489389181,-0.5119010210037231,-21.61240005493164,5.787477016448975,5.787477016448975,0,0.0,0.009749622084200382,0.012246374040842056,-0.1357339471578598,-32.05864715576172,-2.7980313301086426,-2.7980313301086426,0,0.0,0.00777280842885375,0.009337333962321281,0.3665042221546173,22.98383331298828,-1.6701152324676514,-1.6701152324676514,0,0.0,-0.003448349889367819,-0.0018742980901151896,-0.285824179649353,-53.047691345214844,-3.8525524139404297,-3.8525524139404297,0
38,0.6333333333333333,1,1,spm1_platform_joint_y,0,,0,flat,0,5.141054630279541,4.779998302459717,0.14518199861049652,0.2,0.0,0.0,-0.004148575011640787,-0.007856322452425957,-0.3081252872943878,-16.749425888061523,3.6883926391601562,3.6883926391601562,0,0.1968391239643097,0.0904635637998581,0.07467162609100342,0.19173426926136017,-5.172473907470703,13.613719940185547,13.613719940185547,0,0.0,0.00394046027213335,0.003260658122599125,-0.09649751335382462,3.1861648559570312,-0.21490609645843506,-0.21490609645843506,0,0.0,-0.003279150929301977,-0.0038538556545972824,0.16332106292247772,28.390727996826172,1.6247758865356445,1.6247758865356445,0,0.0,0.06444965302944183,0.07330356538295746,0.6197705268859863,50.59101486206055,-10.326221466064453,-10.326221466064453,0,0.0,-0.0012235583271831274,0.0009044823818840086,-0.21920640766620636,-54.77105712890625,-4.68929386138916,-4.68929386138916,0
38,0.6333333333333333,2,2,spm1_platform_joint_x,0,,0,flat,0,4.4551286697387695,3.5153565406799316,0.14750903844833374,0.2,0.0,0.0,-0.003161741653457284,-0.004177635069936514,0.09776727855205536,20.137725830078125,1.7376019954681396,1.7376019954681396,0,0.0,-0.00047422185889445245,-0.004236928652971983,-0.06316431611776352,-20.549571990966797,-0.20951497554779053,-0.20951497554779053,0,0.1968391239643097,0.03557905927300453,0.012111106887459755,0.2726510763168335,28.024539947509766,25.64968490600586,25.64968490600586,0,0.0,0.01271964143961668,0.015374095179140568,-0.1519996076822281,-31.135780334472656,-4.136290550231934,-4.136290550231934,0,0.0,-0.017590539529919624,-0.02138366550207138,0.2719821631908417,20.401447296142578,2.6239309310913086,2.6239309310913086,0,0.0,0.0056074815802276134,0.00963585451245308,0.2260759472846985,-1.2208449840545654,-3.7193398475646973,-3.7193398475646973,0
38,0.6333333333333333,3,3,spm2_platform_joint_z,0,,0,flat,0,5.277928829193115,4.318766117095947,0.14524662494659424,0.2,0.0,0.0,-0.015626445412635803,-0.01227386575192213,0.47328799962997437,7.184300422668457,-3.3572640419006348,-3.3572640419006348,0,0.0,-0.020172275602817535,-0.029141662642359734,0.18458524346351624,-15.017505645751953,4.118894577026367,4.118894577026367,0,0.0,-0.00017687890795059502,0.0004370234673842788,-0.1582903414964676,-52.8861083984375,-0.5785126686096191,-0.5785126686096191,0,0.1968391239643097,0.13286231458187103,0.13115891814231873,0.6811398267745972,49.07478713989258,2.2762699127197266,2.2762699127197266,0,0.0,-0.01886259764432907,-0.027590695768594742,0.5563639402389526,79.24980163574219,7.8937296867370605,7.8937296867370605,0,0.0,-0.0008701860788278282,0.0032504915725439787,0.7341221570968628,31.384960174560547,-4.079505920410156,-4.079505920410156,0
38,0.6333333333333333,4,4,spm2_platform_joint_y,0,,0,flat,0,4.249022483825684,5.122600555419922,0.14475202560424805,0.2,0.0,0.0,0.015589382499456406,0.020624548196792603,-0.009731072932481766,-21.608182907104492,-5.943848609924316,-5.943848609924316,0,0.0,0.06091948598623276,0.0679934173822403,0.22549594938755035,15.965137481689453,-8.05444622039795,-8.05444622039795,0,0.0,-0.0003036761481780559,0.002648786874487996,0.22783616185188293,-0.2622324228286743,-2.690059185028076,-2.690059185028076,0,0.0,-0.001515714218840003,-0.00298640551045537,-0.08143976330757141,5.504009246826172,1.744623064994812,1.744623064994812,0,0.1968391239643097,0.08660340309143066,0.07112084329128265,0.2278786599636078,-5.882670879364014,12.892215728759766,12.892215728759766,0,0.0,-0.002774616237729788,-0.001571565750055015,0.18679286539554596,-13.29448127746582,-2.071763515472412,-2.071763515472412,0
38,0.6333333333333333,5,5,spm2_platform_joint_x,0,,0,flat,0,4.394399166107178,4.584865570068359,0.14713239669799805,0.2,0.0,0.0,0.036283522844314575,0.04591728746891022,0.21252554655075073,-17.675989151000977,-11.577193260192871,-11.577193260192871,0,0.0,0.011753890663385391,0.014305604621767998,-0.06019386276602745,24.44327163696289,0.2627732753753662,0.2627732753753662,0,0.0,0.006815381348133087,0.0074635767377913,-0.31797683238983154,-10.459936141967773,1.6545414924621582,1.6545414924621582,0,0.0,-0.000861430773511529,0.0010319245047867298,0.07962162792682648,-4.874028205871582,-1.8137083053588867,-1.8137083053588867,0,0.0,-0.0023708585649728775,0.0022113218437880278,-0.07947970181703568,-24.288841247558594,-3.5412707328796387,-3.5412707328796387,0,0.1968391239643097,0.03039909154176712,0.006574712228029966,-0.27262577414512634,-31.83930206298828,25.43661117553711,25.43661117553711,0
39,0.65,0,0,spm1_platform_joint_z,0,,0,flat,0,4.1902055740356445,4.812727928161621,0.14503523707389832,0.2,0.0,0.19800473749637604,0.20538729429244995,0.21721550822257996,0.2192424088716507,-46.843849182128906,-14.232514381408691,-14.232514381408691,0,0.0,0.0031825723126530647,0.00459266034886241,-0.0946984589099884,-13.230430603027344,-0.8523560762405396,-0.8523560762405396,0,0.0,-0.002743894699960947,-0.00393901951611042,0.07571824640035629,47.470489501953125,4.858531475067139,4.858531475067139,0,0.0,0.010613524354994297,0.014901668764650822,0.2703440189361572,1.1901819705963135,-4.3844804763793945,-4.3844804763793945,0,0.0,0.008092355914413929,0.007694459054619074,-0.07971198111772537,12.186877250671387,0.26511597633361816,0.26511597633361816,0,0.0,-0.0016243916470557451,-0.003360868664458394,0.3577197194099426,79.23957824707031,4.517522811889648,4.517522811889648,0
39,0.65,1,1,spm1_platform_joint_y,0,,0,flat,0,5.159198760986328,4.780735969543457,0.14516101777553558,0.2,0.0,0.0,-0.006808812730014324,-0.010471704415977001,-0.14654681086540222,4.653282165527344,4.990351676940918,4.990351676940918,0,0.19800473749637604,0.0911160409450531,0.07146842777729034,0.28283342719078064,19.064895629882812,17.57318878173828,17.57318878173828,0,0.0,0.002825903706252575,0.0031114888843148947,-0.005317972507327795,-1.0727134943008423,-0.39856019616127014,-0.39856019616127014,0,0.0,-0.0033400082029402256,-0.003528385888785124,0.06227361410856247,7.913686752319336,-0.34089723229408264,-0.34089723229408264,0,0.0,0.06352975964546204,0.07224803417921066,0.4105105698108673,-7.952592372894287,-14.310995101928711,-14.310995101928711,0,0.0,0.0007838847232051194,-0.0033291925210505724,-0.04501774162054062,22.197622299194336,4.574074745178223,4.574074745178223,0
39,0.65,2,2,spm1_platform_joint_x,0,,0,flat,0,4.472325801849365,3.5152394771575928,0.14777615666389465,0.2,0.0,0.0,-0.003620617091655731,-0.0031291639897972345,0.0962371751666069,24.29620361328125,1.0372484922409058,1.0372484922409058,0,0.0,-0.0036720046773552895,-0.006026769522577524,0.3153674006462097,17.115760803222656,1.2386060953140259,1.2386060953140259,0,0.19800473749637604,0.036896925419569016,0.013459228910505772,-0.3375539183616638,-34.6358642578125,24.12099838256836,24.12099838256836,0,0.0,0.01332421600818634,0.015041320584714413,0.007224486209452152,-13.76339054107666,-2.7229251861572266,-2.7229251861572266,0,0.0,-0.018532510846853256,-0.025030385702848434,0.15789318084716797,19.10837745666504,4.608874797821045,4.608874797821045,0,0.0,0.00835107360035181,0.008179275318980217,-0.04873945564031601,12.92492961883545,1.0699554681777954,1.0699554681777954,0
39,0.65,3,3,spm2_platform_joint_z,0,,0,flat,0,5.298145771026611,4.315952777862549,0.14528608322143555,0.2,0.0,0.0,-0.010637350380420685,-0.006323148496448994,0.6610591411590576,35.96649932861328,-5.6169633865356445,-5.6169633865356445,0,0.0,-0.02525610662996769,-0.03384009003639221,-0.25577184557914734,-47.68169021606445,5.197094440460205,5.197094440460205,0,0.0,0.00037875366979278624,-0.001804447383619845,-0.546736478805542,-56.468719482421875,1.936241865158081,1.936241865158081,0,0.19800473749637604,0.14007169008255005,0.14248037338256836,0.8625184297561646,25.872108459472656,-2.6412906646728516,-2.6412906646728516,0,0.0,-0.023911936208605766,-0.02722424454987049,0.6607661247253418,27.098407745361328,-1.282918930053711,-1.282918930053711,0,0.0,0.0028170926962047815,0.0036818438675254583,0.7501232624053955,93.82266235351562,0.030524909496307373,0.030524909496307373,0
39,0.65,4,4,spm2_platform_joint_y,0,,0,flat,0,4.263088226318359,5.122243881225586,0.1449936032295227,0.2,0.0,0.0,0.01787460781633854,0.020601646974682808,0.18121059238910675,46.25773620605469,-0.6043410301208496,-0.6043410301208496,0,0.0,0.05892762914299965,0.07135752588510513,0.33673498034477234,-14.006942749023438,-14.892627716064453,-14.892627716064453,0,0.0,0.0022956151515245438,0.0030222847126424313,-0.12508602440357208,-3.9712910652160645,-1.9342472553253174,-1.9342472553253174,0,0.0,-0.002588218078017235,-0.0022638889495283365,0.12731881439685822,-21.94742774963379,-1.3158693313598633,-1.3158693313598633,0,0.19800473749637604,0.08803869783878326,0.06700228154659271,0.020869595929980278,26.936782836914062,20.221948623657227,20.221948623657227,0,0.0,-0.0013620236422866583,-0.001617135596461594,-0.46548154950141907,-38.08407211303711,0.07202959060668945,0.07202959060668945,0
39,0.65,5,5,spm2_platform_joint_x,0,,0,flat,0,4.414024829864502,4.584586143493652,0.14714781939983368,0.2,0.0,0.0,0.039794981479644775,0.04928416386246681,0.058181628584861755,-10.917524337768555,-9.587861061096191,-9.587861061096191,0,0.0,0.012398190796375275,0.0202966146171093,-0.2559632658958435,-28.78693962097168,-4.9196696281433105,-4.9196696281433105,0,0.0,0.006468432955443859,0.005964732728898525,-0.8805683255195618,-108.84852600097656,-1.1669416427612305,-1.1669416427612305,0,0.0,0.0008943345746956766,0.0002548856136854738,0.31244152784347534,39.41255187988281,0.1787090301513672,0.1787090301513672,0,0.0,0.0019164788536727428,0.00540580740198493,-0.3133600056171417,-32.8430061340332,-2.060396671295166,-2.060396671295166,0,0.19800473749637604,0.03157471492886543,0.0017897774232551455,-0.9226952791213989,-87.20618438720703,29.238143920898438,29.238143920898438,0
40,0.6666666666666666,0,0,spm1_platform_joint_z,0,,0,flat,0,4.208010196685791,4.812438011169434,0.14438478648662567,0.2,0.0,0.1989043802022934,0.214774027466774,0.22447550296783447,0.6433190107345581,25.343721389770508,-10.150577545166016,-10.150577545166016,0,0.0,0.003980305511504412,0.001801628852263093,-0.15872149169445038,0.06487369537353516,2.229501724243164,2.229501724243164,0,0.0,-0.003413816913962364,0.001230633002705872,0.03469233587384224,-47.25782012939453,-7.360881805419922,-7.360881805419922,0,0.0,0.012914779596030712,0.017307672649621964,0.017235560342669487,-17.7491512298584,-5.097588539123535,-5.097588539123535,0,0.0,0.006668531335890293,0.007380435708910227,0.27018430829048157,18.9030704498291,-1.809338927268982,-1.809338927268982,0,0.0,-0.0029127527959644794,-0.0029093476478010416,0.00023764834622852504,10.331120491027832,0.3725956082344055,0.3725956082344055,0
40,0.6666666666666666,1,1,spm1_platform_joint_y,0,,0,flat,0,5.177970886230469,4.7811079025268555,0.14498776197433472,0.2,0.0,0.0,-0.009075476787984371,-0.015057563781738281,-0.18217803537845612,32.496952056884766,8.05754280090332,8.05754280090332,0,0.1989043802022934,0.08845988661050797,0.0722537562251091,0.32308700680732727,25.14150047302246,15.454798698425293,15.454798698425293,0,0.0,0.002696623560041189,0.0013439489994198084,-0.4271649420261383,-87.09119415283203,-5.206509113311768,-5.206509113311768,0,0.0,-0.00305793434381485,-0.0025269894395023584,-0.019759047776460648,-10.11553955078125,-0.698110818862915,-0.698110818862915,0,0.0,0.06261496245861053,0.0726146474480629,0.22613562643527985,-5.5394606590271,-12.328191757202148,-12.328191757202148,0,0.0,-0.002885300200432539,0.0008860860834829509,0.19570735096931458,6.447062969207764,-3.1976773738861084,-3.1976773738861084,0
40,0.6666666666666666,2,2,spm1_platform_joint_x,0,,0,flat,0,4.4897871017456055,3.5148231983184814,0.14837440848350525,0.2,0.0,0.0,-0.0027119421865791082,-0.0021438247058540583,-0.008919548243284225,-0.46361324191093445,-0.1641337275505066,-0.1641337275505066,0,0.0,-0.005223200190812349,-0.008786696940660477,0.33742713928222656,50.797061920166016,3.027975082397461,3.027975082397461,0,0.1989043802022934,0.038185250014066696,0.012638088315725327,0.09999559074640274,18.116567611694336,26.519134521484375,26.519134521484375,0,0.0,0.013035811483860016,0.015556124038994312,0.06784147024154663,-4.010735511779785,-3.1158204078674316,-3.1158204078674316,0,0.0,-0.021693000569939613,-0.030989108607172966,0.3216969072818756,50.14411163330078,7.963714122772217,7.963714122772217,0,0.0,0.007088704966008663,0.009821178391575813,0.1916634738445282,-12.76394271850586,-4.034581661224365,-4.034581661224365,0
40,0.6666666666666666,3,3,spm2_platform_joint_z,0,,0,flat,0,5.319350242614746,4.3126540184021,0.14443814754486084,0.2,0.0,0.0,-0.0054800622165203094,0.0023595071397721767,0.3327772319316864,-20.196701049804688,-9.035820007324219,-9.035820007324219,0,0.0,-0.029328078031539917,-0.029981080442667007,0.13083241879940033,17.238624572753906,2.7069036960601807,2.7069036960601807,0,0.0,-0.001563854399137199,-0.0052825212478637695,0.3035775125026703,66.78091430664062,5.702115058898926,5.702115058898926,0,0.1989043802022934,0.150003582239151,0.15626145899295807,0.5842043161392212,-31.769756317138672,-8.26161003112793,-8.26161003112793,0,0.0,-0.023594345897436142,-0.016725003719329834,-0.23753632605075836,-85.30879974365234,-8.218090057373047,-8.218090057373047,0,0.0,0.003190931398421526,0.005764299537986517,-0.029475487768650055,-28.814924240112305,-4.904932498931885,-4.904932498931885,0
40,0.6666666666666666,4,4,spm2_platform_joint_y,0,,0,flat,0,4.277003288269043,5.121582984924316,0.14494062960147858,0.2,0.0,0.0,0.017854761332273483,0.022693943232297897,0.11725771427154541,7.356493949890137,-4.222498416900635,-4.222498416900635,0,0.0,0.06184318661689758,0.06850600987672806,0.15111279487609863,3.244312286376953,-8.721874237060547,-8.721874237060547,0,0.0,0.00261931330896914,0.0014499641256406903,-0.010906435549259186,35.63471984863281,6.159536361694336,6.159536361694336,0,0.0,-0.001962037058547139,1.6842859622556716e-05,0.1350400447845459,-15.009784698486328,-4.014201641082764,-4.014201641082764,0,0.1989043802022934,0.08458922803401947,0.06951038539409637,0.34438544511795044,21.688369750976562,14.538049697875977,14.538049697875977,0,0.0,-0.001401517540216446,-0.0033078137785196304,-0.13320474326610565,5.829207420349121,2.493931770324707,2.493931770324707,0
40,0.6666666666666666,5,5,spm2_platform_joint_x,0,,0,flat,0,4.4334940910339355,4.584128379821777,0.14774875342845917,0.2,0.0,0.0,0.04271294176578522,0.04752347618341446,-0.21252839267253876,-16.573469161987305,-5.683309078216553,-5.683309078216553,0,0.0,0.017590399831533432,0.018891217187047005,0.0645102858543396,14.199841499328613,-0.5878356099128723,-0.5878356099128723,0,0.0,0.005169434938579798,0.007363954558968544,0.6161386370658875,54.2428092956543,-0.3667144775390625,-0.3667144775390625,0,0.0,0.00022090086713433266,0.004189640283584595,0.1554621458053589,-9.711098670959473,-4.583920478820801,-4.583920478820801,0,0.0,0.0046850331127643585,0.0013256054371595383,0.04216814786195755,22.067745208740234,3.799936294555664,3.799936294555664,0,0.1989043802022934,0.026789778843522072,0.0041330778039991856,0.7088364362716675,61.194190979003906,25.03785514831543,25.03785514831543,0
41,0.6833333333333333,0,0,spm1_platform_joint_z,0,,0,flat,0,4.225610256195068,4.812404632568359,0.1450696587562561,0.2,0.0,0.19953685998916626,0.22115035355091095,0.23049168288707733,0.10346091538667679,-24.827524185180664,-10.308698654174805,-10.308698654174805,0,0.0,0.0015614116564393044,0.004854387603700161,0.08514656871557236,7.98154878616333,-2.5029053688049316,-2.5029053688049316,0,0.0,0.001066548633389175,0.001457791542634368,-0.12095237523317337,27.306873321533203,2.733832359313965,2.733832359313965,0,0.0,0.01499998290091753,0.02053268998861313,0.3862558603286743,-11.889202117919922,-6.996824741363525,-6.996824741363525,0,0.0,0.006396377459168434,0.004042842425405979,-0.07768262922763824,7.3530168533325195,1.932663917541504,1.932663917541504,0,0.0,-0.0025214345660060644,-0.0018208554247394204,0.2679194509983063,42.62434005737305,1.2808243036270142,1.2808243036270142,0
41,0.6833333333333333,1,1,spm1_platform_joint_y,0,,0,flat,0,5.197272300720215,4.781300067901611,0.14511960744857788,0.2,0.0,0.0,-0.013049888424575329,-0.016928303986787796,-0.00517173670232296,22.89594078063965,4.777587890625,4.777587890625,0,0.19953685998916626,0.08922483772039413,0.07289450615644455,0.45333918929100037,30.1404972076416,15.545458793640137,15.545458793640137,0,0.0,0.0011647557839751244,0.004334140568971634,0.45380309224128723,23.925308227539062,-2.9265530109405518,-2.9265530109405518,0,0.0,-0.00219005742110312,-0.0036016639787703753,-0.10190024971961975,1.2966173887252808,1.8829458951950073,1.8829458951950073,0,0.0,0.06293269246816635,0.07339763641357422,0.13207805156707764,-24.406850814819336,-14.177807807922363,-14.177807807922363,0,0.0,0.0007679412374272943,0.0005284742219373584,0.5465372800827026,53.350650787353516,3.504348039627075,3.504348039627075,0
41,0.6833333333333333,2,2,spm1_platform_joint_x,0,,0,flat,0,4.507595539093018,3.5140645503997803,0.14938130974769592,0.2,0.0,0.0,-0.0018579814350232482,0.0002973914670292288,0.549968957901001,60.384437561035156,-0.5106586217880249,-0.5106586217880249,0,0.0,-0.007615137379616499,-0.011996395885944366,0.23892340064048767,-13.8695707321167,0.4324791431427002,0.4324791431427002,0,0.19953685998916626,0.037557926028966904,0.018547963351011276,0.4365094304084778,19.766868591308594,19.89510726928711,19.89510726928711,0,0.0,0.013481974601745605,0.015383458696305752,-0.24427011609077454,-33.97165298461914,-2.80112361907959,-2.80112361907959,0,0.0,-0.026857227087020874,-0.041361529380083084,0.5831684470176697,63.36241912841797,9.712026596069336,9.712026596069336,0,0.0,0.008511687628924847,0.013902297243475914,0.4914552569389343,24.00687599182129,-6.684475898742676,-6.684475898742676,0
41,0.6833333333333333,3,3,spm2_platform_joint_z,0,,0,flat,0,5.339630603790283,4.311061382293701,0.14509710669517517,0.2,0.0,0.0,0.0020449061412364244,0.006660874467343092,0.21574445068836212,-0.8633565902709961,-4.487565040588379,-4.487565040588379,0,0.0,-0.025983601808547974,-0.021602915599942207,0.33200564980506897,-31.473529815673828,-6.137513637542725,-6.137513637542725,0,0.0,-0.0045781852677464485,-0.001123775728046894,0.5270852446556091,42.8240966796875,-1.3032913208007812,-1.3032913208007812,0,0.19953685998916626,0.16203151643276215,0.16434185206890106,0.3578454256057739,-19.2371826171875,-4.3439435958862305,-4.3439435958862305,0,0.0,-0.014495003037154675,-0.02152182348072529,-0.13207943737506866,15.185535430908203,8.075197219848633,8.075197219848633,0,0.0,0.004995726048946381,-0.0014350591227412224,-0.08374705165624619,41.403343200683594,8.068804740905762,8.068804740905762,0
41,0.6833333333333333,4,4,spm2_platform_joint_y,0,,0,flat,0,4.290707588195801,5.120847702026367,0.14467313885688782,0.2,0.0,0.0,0.019668083637952805,0.025049202144145966,0.03937537595629692,-21.12624168395996,-6.183184623718262,-6.183184623718262,0,0.0,0.05937187373638153,0.06780821830034256,0.28890156745910645,6.47213077545166,-10.649625778198242,-10.649625778198242,0,0.0,0.0012566355289891362,0.0038369386456906796,0.009824499487876892,-37.14564895629883,-4.462073802947998,-4.462073802947998,0,0.0,1.459714439988602e-05,-0.0004149735614191741,-0.05554597079753876,11.021203994750977,0.908383846282959,0.908383846282959,0,0.19953685998916626,0.08684724569320679,0.06891440600156784,0.17116451263427734,3.5998125076293945,15.715375900268555,15.715375900268555,0,0.0,-0.0028667720034718513,-0.0018543595215305686,0.19167008996009827,-7.079293727874756,-1.3995589017868042,-1.3995589017868042,0
41,0.6833333333333333,5,5,spm2_platform_joint_x,0,,0,flat,0,4.452966690063477,4.584108352661133,0.1477639228105545,0.2,0.0,0.0,0.04118701070547104,0.04534658044576645,-0.14563846588134766,-34.06716537475586,-6.31325101852417,-6.31325101852417,0,0.0,0.01637238822877407,0.01988879404962063,-0.27778637409210205,-40.39533996582031,-4.755762577056885,-4.755762577056885,0,0.0,0.0063820937648415565,0.011932376772165298,0.20088712871074677,35.186954498291016,-3.9580135345458984,-3.9580135345458984,0,0.0,0.0036310215946286917,0.003108619712293148,-0.03262883424758911,24.489559173583984,1.4011369943618774,1.4011369943618774,0,0.0,0.0011488579912111163,0.0015079869190230966,-0.040079809725284576,29.12316131591797,1.5629634857177734,1.5629634857177734,0,0.19953685998916626,0.029133079573512077,0.008196358568966389,-0.0196064580231905,56.04621124267578,26.471479415893555,26.471479415893555,0
42,0.7,0,0,spm1_platform_joint_z,0,,0,flat,0,4.242751598358154,4.812600612640381,0.14502158761024475,0.2,0.0,0.19990131258964539,0.22641296684741974,0.2329580932855606,0.2101360261440277,10.132171630859375,-6.203273773193359,-6.203273773193359,0,0.0,0.004207136109471321,0.0045716059394180775,0.04297589510679245,9.977624893188477,0.27414748072624207,0.27414748072624207,0,0.0,0.0012634192826226354,0.0023200258146971464,0.1531067192554474,21.266571044921875,0.20710106194019318,0.20710106194019318,0,0.0,0.017794998362660408,0.026071753352880478,0.21134430170059204,-20.695323944091797,-9.943692207336426,-9.943692207336426,0,0.0,0.0035037966445088387,0.0015689315041527152,0.08237800002098083,11.893787384033203,1.4560267925262451,1.4560267925262451,0,0.0,-0.0015780746471136808,-0.0026218665298074484,-0.19678787887096405,-5.243856430053711,1.525400996208191,1.525400996208191,0
42,0.7,1,1,spm1_platform_joint_y,0,,0,flat,0,5.2169318199157715,4.781070709228516,0.14668330550193787,0.2,0.0,0.0,-0.014671197161078453,-0.016738418489694595,0.017731238156557083,5.770503520965576,2.345796823501587,2.345796823501587,0,0.19990131258964539,0.0898287445306778,0.07601524144411087,0.5890383124351501,0.7483506202697754,10.754058837890625,10.754058837890625,0,0.0,0.003756255144253373,0.002754362067207694,-0.18207700550556183,24.67270278930664,2.337877035140991,2.337877035140991,0,0.0,-0.003121442161500454,-0.0031288499012589455,0.18105632066726685,10.795414924621582,-0.0612298846244812,-0.0612298846244812,0,0.0,0.06361128389835358,0.0647587701678276,0.06289266049861908,-8.853780746459961,-6.595491886138916,-6.595491886138916,0,0.0,0.0004580109962262213,0.0015338384546339512,0.3056133985519409,46.600914001464844,-0.7165591716766357,-0.7165591716766357,0
42,0.7,2,2,spm1_platform_joint_x,0,,0,flat,0,4.526094913482666,3.512640953063965,0.15099656581878662,0.2,0.0,0.0,0.000257739273365587,0.006156878545880318,0.2500872015953064,-6.146410942077637,-6.589598178863525,-6.589598178863525,0,0.0,-0.010396876372396946,-0.014916457235813141,-0.17413204908370972,-47.650672912597656,1.2863588333129883,1.2863588333129883,0,0.19990131258964539,0.04272840917110443,0.026915516704320908,0.33525362610816956,-25.730369567871094,14.384034156799316,14.384034156799316,0,0.0,0.013332330621778965,0.014024579897522926,-0.14154523611068726,-23.581012725830078,-1.8382489681243896,-1.8382489681243896,0,0.0,-0.03584665805101395,-0.0496399886906147,-0.12867991626262665,-38.324398040771484,7.053424835205078,7.053424835205078,0,0.0,0.012048657983541489,0.018129516392946243,0.4363256096839905,-27.48767852783203,-12.93149185180664,-12.93149185180664,0
42,0.7,3,3,spm2_platform_joint_z,0,,0,flat,0,5.359363079071045,4.3091559410095215,0.1449066400527954,0.2,0.0,0.0,0.005772757809609175,0.012328949756920338,0.12309271097183228,-37.85725402832031,-8.848004341125488,-8.848004341125488,0,0.0,-0.018722526729106903,-0.01862844079732895,0.112362340092659,-5.7868571281433105,-0.6028474569320679,-0.6028474569320679,0,0.0,-0.0009739389643073082,0.0020458451472222805,0.20842790603637695,23.758045196533203,-2.2036125659942627,-2.2036125659942627,0,0.19990131258964539,0.1690831184387207,0.16783100366592407,0.34551066160202026,21.218467712402344,1.816287636756897,1.816287636756897,0,0.0,-0.01865224726498127,-0.01893564686179161,0.06411679089069366,-28.324615478515625,-2.453366756439209,-2.453366756439209,0,0.0,-0.0012437178520485759,-0.0005364331300370395,-0.10519473999738693,-16.737695693969727,-1.384538173675537,-1.384538173675537,0
42,0.7,4,4,spm2_platform_joint_y,0,,0,flat,0,4.304282188415527,5.120603084564209,0.14496655762195587,0.2,0.0,0.0,0.02170930802822113,0.02524568885564804,-0.0776670053601265,0.5189654231071472,-3.16534423828125,-3.16534423828125,0,0.0,0.05876712128520012,0.06803936511278152,0.2712160348892212,22.364099502563477,-9.822504043579102,-9.822504043579102,0,0.0,0.0033253468573093414,0.0021260378416627645,-0.26241737604141235,-40.56467056274414,-1.784052848815918,-1.784052848815918,0,0.0,-0.0003596437454689294,-6.386893801391125e-06,0.2695293128490448,31.126800537109375,1.211466908454895,1.211466908454895,0,0.19990131258964539,0.08637932687997818,0.06788575649261475,0.18695905804634094,-20.457870483398438,14.553184509277344,14.553184509277344,0,0.0,-0.001607111538760364,-0.0010447105159983039,-0.11038253456354141,-39.876888275146484,-3.756620168685913,-3.756620168685913,0
42,0.7,5,5,spm2_platform_joint_x,0,,0,flat,0,4.472177028656006,4.584020137786865,0.14795854687690735,0.2,0.0,0.0,0.03930037096142769,0.04177260026335716,-0.5369048714637756,-41.78807067871094,-2.430886745452881,-2.430886745452881,0,0.0,0.01723695546388626,0.018214533105492592,-0.0015483051538467407,3.0356035232543945,-0.5330424308776855,-0.5330424308776855,0,0.0,0.010341392830014229,0.013986079953610897,-0.06281948834657669,-26.96775245666504,-4.306197643280029,-4.306197643280029,0,0.0,0.0026941371615976095,0.003960069268941879,0.39115405082702637,32.50292205810547,-2.0302538871765137,-2.0302538871765137,0,0.0,0.0013069219421595335,-0.0026391157880425453,0.019951794296503067,21.6602783203125,3.1585659980773926,3.1585659980773926,0,0.19990131258964539,0.03319635987281799,0.009175729006528854,0.34896230697631836,43.65167236328125,25.767026901245117,25.767026901245117,0
43,0.7166666666666667,0,0,spm1_platform_joint_z,0,,0,flat,0,4.259698390960693,4.813572406768799,0.14483268558979034,0.2,0.0,0.19999726116657257,0.2285633087158203,0.2349286824464798,-0.01655568741261959,-16.955007553100586,-7.316722869873047,-7.316722869873047,0,0.0,0.003962058573961258,0.002146609127521515,0.00689913984388113,35.50654602050781,3.413877487182617,3.413877487182617,0,0.0,0.002010689117014408,0.003407463664188981,-0.15829665958881378,-32.430755615234375,-2.115293502807617,-2.115293502807617,0,0.0,0.022595519199967384,0.02935580350458622,0.23800449073314667,4.602491855621338,-7.108287811279297,-7.108287811279297,0,0.0,0.0013597406214103103,0.004493364132940769,-0.10514716058969498,-20.040565490722656,-3.2744383811950684,-3.2744383811950684,0,0.0,-0.0022722843568772078,8.33503800095059e-05,0.034664053469896317,-10.452738761901855,-0.24294012784957886,-0.24294012784957886,0
43,0.7166666666666667,1,1,spm1_platform_joint_y,0,,0,flat,0,5.237361907958984,4.780808448791504,0.149146169424057,0.2,0.0,0.0,-0.0145066287368536,-0.01581246219575405,0.16145987808704376,22.05382537841797,2.418487071990967,2.418487071990967,0,0.19999726116657257,0.09254617989063263,0.07857552915811539,0.3528284728527069,-33.172550201416016,9.811445236206055,9.811445236206055,0,0.0,0.002387113869190216,0.004410387482494116,-0.3366278111934662,-43.67377471923828,-3.4733622074127197,-3.4733622074127197,0,0.0,-0.002711670007556677,-0.0007721130386926234,0.09972549974918365,-21.742849349975586,-3.8144140243530273,-3.8144140243530273,0,0.0,0.05612426623702049,0.053771015256643295,-0.061576034873723984,-7.191905975341797,-3.693894624710083,-3.693894624710083,0,0.0,0.0013293266529217362,0.0014900797978043556,-0.23611478507518768,-49.75313186645508,-3.8434805870056152,-3.8434805870056152,0
43,0.7166666666666667,2,2,spm1_platform_joint_x,0,,0,flat,0,4.545533657073975,3.5121915340423584,0.15162907540798187,0.2,0.0,0.0,0.00533596146851778,0.0084159467369318,0.08612199872732162,-5.202531337738037,-3.0422043800354004,-3.0422043800354004,0,0.0,-0.01292759645730257,-0.015274271368980408,0.12821818888187408,-9.512005805969238,0.09869670867919922,0.09869670867919922,0,0.19999726116657257,0.049993082880973816,0.027073953300714493,-0.2682773470878601,-60.098426818847656,17.88552474975586,17.88552474975586,0,0.0,0.012154635973274708,0.0142973018810153,0.1510547399520874,21.813283920288086,-1.3248047828674316,-1.3248047828674316,0,0.0,-0.043021321296691895,-0.046825334429740906,0.38568344712257385,7.569022178649902,2.856977701187134,2.856977701187134,0,0.0,0.015712248161435127,0.018324797973036766,-0.09769805520772934,-21.227285385131836,-4.371479511260986,-4.371479511260986,0
43,0.7166666666666667,3,3,spm2_platform_joint_z,0,,0,flat,0,5.37819242477417,4.307738304138184,0.14491958916187286,0.2,0.0,0.0,0.010685089975595474,0.013053645379841328,0.00573543319478631,-9.222823143005371,-3.015730619430542,-3.015730619430542,0,0.0,-0.01614464819431305,-0.016701318323612213,-0.017396820709109306,-1.8502122163772583,0.9261804819107056,0.9261804819107056,0,0.0,0.0017730657709762454,0.00147895363625139,-0.05098557099699974,-23.181516647338867,-1.267593264579773,-1.267593264579773,0,0.19999726116657257,0.1721198409795761,0.1725035011768341,0.2609427571296692,26.302446365356445,1.129347324371338,1.129347324371338,0,0.0,-0.016410894691944122,-0.016405727714300156,0.2014356553554535,16.315380096435547,0.5723187327384949,0.5723187327384949,0,0.0,-0.00046490872045978904,0.0011538503458723426,0.18934772908687592,-67.685791015625,-7.721916675567627,-7.721916675567627,0
43,0.7166666666666667,4,4,spm2_platform_joint_y,0,,0,flat,0,4.317549228668213,5.119847297668457,0.1449388712644577,0.2,0.0,0.0,0.021879596635699272,0.026296067982912064,0.16530656814575195,22.936735153198242,-3.3734192848205566,-3.3734192848205566,0,0.0,0.05896744877099991,0.06767970323562622,0.1466103047132492,-9.969034194946289,-11.116018295288086,-11.116018295288086,0,0.0,0.001842566067352891,0.0026722028851509094,-0.22966988384723663,-34.555885314941406,-1.2418022155761719,-1.2418022155761719,0,0.0,-5.5353079915221315e-06,0.00159501563757658,-0.055729806423187256,-33.861793518066406,-3.4160914421081543,-3.4160914421081543,0,0.19999726116657257,0.08550062775611877,0.06770741194486618,0.39831891655921936,24.299346923828125,15.817500114440918,15.817500114440918,0,0.0,-0.0009054157417267561,-0.00332551053725183,-0.11825583130121231,2.503281593322754,2.640334367752075,2.640334367752075,0
43,0.7166666666666667,5,5,spm2_platform_joint_x,0,,0,flat,0,4.491411209106445,4.5839033126831055,0.1489540934562683,0.2,0.0,0.0,0.036202918738126755,0.033683910965919495,-0.25142014026641846,39.43825149536133,5.455574035644531,5.455574035644531,0,0.0,0.015785928815603256,0.014406833797693253,0.025412660092115402,8.946685791015625,0.28774845600128174,0.28774845600128174,0,0.0,0.012121269479393959,0.016791213303804398,0.07929576933383942,14.425210952758789,-0.8081792593002319,-0.8081792593002319,0,0.0,0.0034320601262152195,0.007897288538515568,0.18665042519569397,-21.5064640045166,-7.569872856140137,-7.569872856140137,0,0.0,-0.0022872337140142918,-0.009781538508832455,-0.048135947436094284,11.540998458862305,5.729383945465088,5.729383945465088,0,0.19999726116657257,0.03417573124170303,0.013908423483371735,0.061710912734270096,-76.53575897216797,12.546239852905273,12.546239852905273,0
44,0.7333333333333333,0,0,spm1_platform_joint_z,0,,0,flat,0,4.276242256164551,4.81470251083374,0.14530745148658752,0.2,0.0,0.19982457160949707,0.23024813830852509,0.23547066748142242,-0.36960047483444214,-48.94489288330078,-5.264729022979736,-5.264729022979736,0,0.0,0.0018603946082293987,0.00070920679718256,0.14068233966827393,8.87960433959961,-0.6766866445541382,-0.6766866445541382,0,0.0,0.0029531351756304502,0.0027627223171293736,-0.29718735814094543,-29.615995407104492,0.8381717205047607,0.8381717205047607,0,0.0,0.025441695004701614,0.033606551587581635,0.6094452738761902,63.66613006591797,-6.045820236206055,-6.045820236206055,0,0.0,0.003894248977303505,-0.0013168166624382138,0.2107802927494049,46.43269729614258,4.971019268035889,4.971019268035889,0,0.0,7.223699503811076e-05,-0.0014841662487015128,0.20580895245075226,37.8565559387207,1.1323143243789673,1.1323143243789673,0
44,0.7333333333333333,1,1,spm1_platform_joint_y,0,,0,flat,0,5.258914947509766,4.7800140380859375,0.15109926462173462,0.2,0.0,0.0,-0.013704134151339531,-0.010786918923258781,0.29747843742370605,-9.741897583007812,-3.7828102111816406,-3.7828102111816406,0,0.19982457160949707,0.0947420671582222,0.08300933241844177,0.8637576699256897,26.559383392333984,8.548198699951172,8.548198699951172,0,0.0,0.0038223357405513525,0.002040327526628971,0.12193465232849121,50.690208435058594,4.928442478179932,4.928442478179932,0,0.0,-0.0006691646412946284,-5.0818154704757035e-05,0.07136183232069016,7.5307817459106445,-0.4029730260372162,-0.4029730260372162,0,0.0,0.0466015450656414,0.04585134610533714,0.024472244083881378,-1.0494554042816162,-3.2304530143737793,-3.2304530143737793,0,0.0,0.001291402499191463,0.0010157824726775289,0.06325972080230713,9.35914134979248,0.8633587956428528,0.8633587956428528,0
44,0.7333333333333333,2,2,spm1_platform_joint_x,0,,0,flat,0,4.564943790435791,3.51179575920105,0.15072335302829742,0.2,0.0,0.0,0.007293820381164551,0.009635038673877716,0.34674084186553955,34.10340118408203,-1.9754664897918701,-1.9754664897918701,0,0.0,-0.01323770172894001,-0.019934596493840218,0.06248192861676216,-8.2991304397583,3.131523609161377,3.131523609161377,0,0.19982457160949707,0.05010737106204033,0.021938880905508995,-0.702225387096405,-56.13203430175781,27.667179107666016,27.667179107666016,0,0.0,0.01239099446684122,0.01800045743584633,0.08166127651929855,-16.442466735839844,-6.012303352355957,-6.012303352355957,0,0.0,-0.04058195650577545,-0.044934093952178955,0.5360305905342102,16.776119232177734,1.6222381591796875,1.6222381591796875,0,0.0,0.01588149182498455,0.014696041122078896,-0.09715970605611801,8.79425048828125,1.1958690881729126,1.1958690881729126,0
44,0.7333333333333333,3,3,spm2_platform_joint_z,0,,0,flat,0,5.396389484405518,4.307029724121094,0.14491581916809082,0.2,0.0,0.0,0.011313159018754959,0.011582402512431145,-0.26243001222610474,-16.209598541259766,0.20652687549591064,0.20652687549591064,0,0.0,-0.014474475756287575,-0.010754385031759739,-0.009328415617346764,-21.695222854614258,-2.9876294136047363,-2.9876294136047363,0,0.0,0.001281759818084538,0.003299408359453082,-0.13140594959259033,-20.037206649780273,0.12329843640327454,0.12329843640327454,0,0.19982457160949707,0.17614631354808807,0.17670565843582153,0.3203006088733673,7.771650314331055,-1.4984439611434937,-1.4984439611434937,0,0.0,-0.014218296855688095,-0.010635899379849434,-0.5367396473884583,-67.29499053955078,-1.7637463808059692,-1.7637463808059692,0,0.0,0.001000003656372428,-1.0288050361850765e-05,-0.32759204506874084,-55.759246826171875,-1.3850587606430054,-1.3850587606430054,0
44,0.7333333333333333,4,4,spm2_platform_joint_y,0,,0,flat,0,4.330812931060791,5.119361400604248,0.14483219385147095,0.2,0.0,0.0,0.02278992533683777,0.027770182117819786,0.07827364653348923,-4.928868293762207,-5.376819610595703,-5.376819610595703,0,0.0,0.058655742555856705,0.06600470840930939,0.14751939475536346,-0.4155474901199341,-9.070459365844727,-9.070459365844727,0,0.0,0.0023159091360867023,0.0029926567804068327,0.1338314414024353,33.94894027709961,2.8051459789276123,2.8051459789276123,0,0.0,0.0013823468470945954,3.404316885280423e-05,-0.26209327578544617,-25.6153507232666,-0.24147158861160278,-0.24147158861160278,0,0.19982457160949707,0.0853230357170105,0.06631427258253098,0.2647028863430023,-3.6047136783599854,14.723678588867188,14.723678588867188,0,0.0,-0.002882109023630619,-0.0030468259938061237,0.20843768119812012,40.750999450683594,2.0978221893310547,2.0978221893310547,0
44,0.7333333333333333,5,5,spm2_platform_joint_x,0,,0,flat,0,4.510589122772217,4.584054470062256,0.14965113997459412,0.2,0.0,0.0,0.029192723333835602,0.02528322860598564,-0.5501577258110046,4.97664213180542,4.096580505371094,4.096580505371094,0,0.0,0.012485922314226627,0.005947533529251814,0.25492531061172485,41.366233825683594,3.8973240852355957,3.8973240852355957,0,0.0,0.014552384614944458,0.01960502192378044,0.5429412126541138,40.9113655090332,-4.099246025085449,-4.099246025085449,0,0.0,0.0068443166092038155,0.011867864057421684,0.09010583907365799,-38.264217376708984,-6.5162811279296875,-6.5162811279296875,0,0.0,-0.008477333001792431,-0.018811441957950592,0.43847712874412537,55.54884338378906,7.900825500488281,7.900825500488281,0,0.19982457160949707,0.038697242736816406,0.018805263563990593,0.32949143648147583,-3.4009838104248047,19.846792221069336,19.846792221069336,0
45,0.75,0,0,spm1_platform_joint_z,0,,0,flat,0,4.292932033538818,4.815817356109619,0.147020161151886,0.2,0.0,0.1993834674358368,0.23065903782844543,0.2343059629201889,0.2758263945579529,49.23335266113281,-1.7729268074035645,-1.7729268074035645,0,0.0,0.000614645890891552,0.00034695782233029604,0.03355646878480911,-11.799088478088379,-0.9870613217353821,-0.9870613217353821,0,0.0,0.002394359325990081,0.0019426512299105525,0.15092414617538452,4.077614784240723,0.9043734073638916,0.9043734073638916,0,0.0,0.029125677421689034,0.03805642947554588,-0.10816463828086853,-56.0838623046875,-11.41203498840332,-11.41203498840332,0,0.0,-0.0011412410531193018,-0.010892855003476143,-0.17009295523166656,-16.910280227661133,4.939676284790039,4.939676284790039,0,0.0,-0.001286277431063354,0.0008866814314387739,0.00280877947807312,-23.456022262573242,-2.2556443214416504,-2.2556443214416504,0
45,0.75,1,1,spm1_platform_joint_y,0,,0,flat,0,5.281494617462158,4.778990268707275,0.15228773653507233,0.2,0.0,0.0,-0.009348662570118904,-0.0024960364680737257,0.2204948514699936,-55.582786560058594,-10.337726593017578,-10.337726593017578,0,0.1993834674358368,0.09852588176727295,0.0913412943482399,0.32882988452911377,2.0408427715301514,7.325630187988281,7.325630187988281,0,0.0,0.0017682837788015604,0.0038241453003138304,-0.06919211894273758,6.34893274307251,-1.9296091794967651,-1.9296091794967651,0,0.0,-4.4042400986654684e-05,-0.0029362391214817762,0.10961079597473145,49.428428649902344,5.483020305633545,5.483020305633545,0,0.0,0.03973783180117607,0.047496043145656586,-0.11174698173999786,-31.309865951538086,-8.987685203552246,-8.987685203552246,0,0.0,0.0008803447708487511,0.0004144847043789923,0.00846237875521183,-4.786957263946533,0.17575669288635254,0.17575669288635254,0
45,0.75,2,2,spm1_platform_joint_x,0,,0,flat,0,4.584538459777832,3.51114821434021,0.14875924587249756,0.2,0.0,0.0,0.008350366726517677,0.012994220480322838,0.30587515234947205,25.60788345336914,-3.658459424972534,-3.658459424972534,0,0.0,-0.017276650294661522,-0.025431742891669273,0.07218951731920242,-4.956343173980713,4.806427955627441,4.806427955627441,0,0.1993834674358368,0.04559816047549248,0.015252107754349709,-0.7386260032653809,-101.68621063232422,24.89031219482422,24.89031219482422,0,0.0,0.015600396320223808,0.022122319787740707,0.4773510694503784,34.524967193603516,-5.829013824462891,-5.829013824462891,0,0.0,-0.03894288092851639,-0.043242860585451126,0.31353268027305603,-24.487913131713867,-0.5762772560119629,-0.5762772560119629,0,0.0,0.012736569158732891,0.011108932085335255,0.22964079678058624,38.93769073486328,0.19173097610473633,0.19173097610473633,0
45,0.75,3,3,spm2_platform_joint_z,0,,0,flat,0,5.413445949554443,4.306694507598877,0.14469298720359802,0.2,0.0,0.0,0.010038082487881184,0.008529379032552242,-0.12463957071304321,2.895514488220215,1.430863857269287,1.430863857269287,0,0.0,-0.00932046677917242,-0.0075045134872198105,-0.18398357927799225,-36.662208557128906,-1.7456340789794922,-1.7456340789794922,0,0.0,0.002859487198293209,0.002569118980318308,-0.1909399926662445,-26.461029052734375,-0.4727209806442261,-0.4727209806442261,0,0.1993834674358368,0.1797293722629547,0.1806464046239853,-0.07468876987695694,-39.912471771240234,-1.8555065393447876,-1.8555065393447876,0,0.0,-0.009217779152095318,-0.007811563089489937,0.3014557361602783,35.62137222290039,1.1201473474502563,1.1201473474502563,0,0.0,-8.916310434869956e-06,-0.0024570480454713106,0.34581342339515686,70.22526550292969,4.932250499725342,4.932250499725342,0
45,0.75,4,4,spm2_platform_joint_y,0,,0,flat,0,4.344013690948486,5.119288444519043,0.14516958594322205,0.2,0.0,0.0,0.02406749129295349,0.027037952095270157,0.08961436152458191,21.469520568847656,-2.8721883296966553,-2.8721883296966553,0,0.0,0.05720407888293266,0.06460563838481903,0.3123648464679718,6.532849311828613,-9.734950065612793,-9.734950065612793,0,0.0,0.0025936358142644167,0.0042714751325547695,-0.25372809171676636,-52.757957458496094,-4.110882759094238,-4.110882759094238,0,0.0,2.950407906610053e-05,-0.0009471505181863904,0.1513264775276184,27.6019287109375,2.658400058746338,2.658400058746338,0,0.1993834674358368,0.08405683189630508,0.06235336884856224,0.21325711905956268,-8.663314819335938,16.539512634277344,16.539512634277344,0,0.0,-0.0026405826210975647,0.00020109394972678274,-0.017157815396785736,-36.603511810302734,-5.053899765014648,-5.053899765014648,0
45,0.75,5,5,spm2_platform_joint_x,0,,0,flat,0,4.530359745025635,4.58489465713501,0.14908096194267273,0.2,0.0,0.0,0.02191213145852089,0.016374217346310616,-0.7494104504585266,-12.329049110412598,7.145886421203613,7.145886421203613,0,0.0,0.005154529120773077,-0.0012669158168137074,0.010316560044884682,30.520748138427734,4.966527938842773,4.966527938842773,0,0.0,0.016991019248962402,0.025169262662529945,0.1954762190580368,-42.515193939208984,-10.280856132507324,-10.280856132507324,0,0.0,0.010285481810569763,0.010223062708973885,0.03470863401889801,19.79212188720703,0.07024598121643066,0.07024598121643066,0,0.0,-0.016303248703479767,-0.02067466266453266,0.29619401693344116,11.037894248962402,2.025480270385742,2.025480270385742,0,0.1993834674358368,0.04288236051797867,0.01873471960425377,-0.5359992384910583,-41.24710464477539,25.1535701751709,25.1535701751709,0
46,0.7666666666666666,0,0,spm1_platform_joint_z,0,,0,flat,0,4.310038089752197,4.81708288192749,0.1490778923034668,0.2,0.0,0.19867455959320068,0.22955511510372162,0.23722945153713226,0.22133362293243408,3.9864368438720703,-8.46871280670166,-8.46871280670166,0,0.0,0.00030069678905420005,0.004172776825726032,-0.0795203447341919,-37.303077697753906,-3.918541431427002,-3.918541431427002,0,0.0,0.0016836309805512428,0.004533933941274881,0.14704108238220215,-3.8765554428100586,-3.4153189659118652,-3.4153189659118652,0,0.0,0.032982237637043,0.03611338511109352,-0.2578867971897125,-16.296762466430664,-2.8622591495513916,-2.8622591495513916,0,0.0,-0.009440474212169647,-0.019091244786977768,-0.3998039662837982,-19.864364624023438,7.65376091003418,7.65376091003418,0,0.0,0.0007684572483412921,-0.0011713544372469187,-0.5956594347953796,-56.25982666015625,1.562680959701538,1.562680959701538,0
46,0.7666666666666666,1,1,spm1_platform_joint_y,0,,0,flat,0,5.304285526275635,4.778380870819092,0.1523457169532776,0.2,0.0,0.0,-0.0021632316056638956,0.001536895870231092,0.3059736490249634,-18.33099937438965,-5.870424747467041,-5.870424747467041,0,0.19867455959320068,0.10565239936113358,0.09875420480966568,0.050579898059368134,-20.51241111755371,7.2657647132873535,7.2657647132873535,0,0.0,0.0033142592292279005,0.002625033026561141,0.0884992703795433,0.20343750715255737,-1.0114569664001465,-1.0114569664001465,0,0.0,-0.002544740680605173,-0.00416443170979619,0.036941543221473694,71.63435363769531,5.079890251159668,5.079890251159668,0,0.0,0.041163235902786255,0.05006837099790573,0.4644858241081238,58.817039489746094,-5.961126804351807,-5.961126804351807,0,0.0,0.00035922008100897074,0.0014776188181713223,0.0266532264649868,47.19403076171875,3.245473861694336,3.245473861694336,0
46,0.7666666666666666,2,2,spm1_platform_joint_x,0,,0,flat,0,4.604326248168945,3.5101773738861084,0.147343248128891,0.2,0.0,0.0,0.011261657811701298,0.0184083953499794,0.32956990599632263,3.958861827850342,-7.542755126953125,-7.542755126953125,0,0.0,-0.022040843963623047,-0.026241540908813477,-0.06407299637794495,-13.188132286071777,3.2785632610321045,3.2785632610321045,0,0.19867455959320068,0.03970843553543091,0.012218734249472618,-0.5266705751419067,-90.88787078857422,23.161006927490234,23.161006927490234,0,0.0,0.019172677770256996,0.026749959215521812,0.2510199248790741,-4.5081281661987305,-8.20529556274414,-8.20529556274414,0,0.0,-0.037477146834135056,-0.03674839064478874,0.3255598247051239,-18.486114501953125,-2.55946946144104,-2.55946946144104,0,0.0,0.00962774083018303,0.006018917541950941,-0.2910810112953186,9.38913345336914,4.7299299240112305,4.7299299240112305,0
46,0.7666666666666666,3,3,spm2_platform_joint_z,0,,0,flat,0,5.42926025390625,4.307117938995361,0.14502844214439392,0.2,0.0,0.0,0.007392128463834524,0.003529440611600876,-0.251522421836853,-0.01817464828491211,3.791771411895752,3.791771411895752,0,0.0,-0.006503911688923836,-0.0030406841542571783,-0.04724675416946411,-21.61595916748047,-2.5707035064697266,-2.5707035064697266,0,0.0,0.002226569689810276,-0.0001234948867931962,-0.05650533363223076,-8.128954887390137,1.7767891883850098,1.7767891883850098,0,0.19867455959320068,0.18305015563964844,0.1813342571258545,-0.050164517015218735,-0.39400309324264526,2.2157790660858154,2.2157790660858154,0,0.0,-0.00677002128213644,-0.004524544347077608,-0.12313320487737656,-18.1838321685791,-0.8568251132965088,-0.8568251132965088,0,0.0,-0.0021294415928423405,-0.0013657149393111467,0.06218742951750755,-28.005151748657227,-3.7990264892578125,-3.7990264892578125,0
46,0.7666666666666666,4,4,spm2_platform_joint_y,0,,0,flat,0,4.357606410980225,5.11859655380249,0.14514607191085815,0.2,0.0,0.0,0.023432891815900803,0.029299426823854446,0.01466762088239193,-14.592307090759277,-6.272772312164307,-6.272772312164307,0,0.0,0.05599155277013779,0.060272958129644394,0.2976559102535248,31.716720581054688,-6.599944114685059,-6.599944114685059,0,0.0,0.0037019450683146715,0.0029430033173412085,-0.09514005482196808,0.17349064350128174,1.103945016860962,1.103945016860962,0,0.0,-0.0008208637591451406,-4.3550910049816594e-05,0.1019517332315445,8.805989265441895,-0.8255425691604614,-0.8255425691604614,0,0.19867455959320068,0.08052952587604523,0.05988030880689621,0.4746134281158447,19.366451263427734,16.599109649658203,16.599109649658203,0,0.0,0.000174281420186162,-0.004475949332118034,-0.5187765955924988,-9.29993724822998,5.091081142425537,5.091081142425537,0
46,0.7666666666666666,5,5,spm2_platform_joint_x,0,,0,flat,0,4.550602912902832,4.586145401000977,0.14959880709648132,0.2,0.0,0.0,0.01419098861515522,0.004606213420629501,-0.7321825623512268,-7.247357368469238,10.272184371948242,10.272184371948242,0,0.0,-0.0010979936923831701,-0.00514910789206624,0.04166826605796814,36.6988639831543,4.6646013259887695,4.6646013259887695,0,0.0,0.02181336097419262,0.0252385213971138,0.41758203506469727,57.75647735595703,-2.3072237968444824,-2.3072237968444824,0,0.0,0.008859987370669842,0.009644369594752789,-0.2581132650375366,-40.11027145385742,-1.929349660873413,-1.929349660873413,0,0.0,-0.017918040975928307,-0.025343548506498337,0.3557811975479126,62.345516204833984,7.157803535461426,7.157803535461426,0,0.19867455959320068,0.04272669926285744,0.019399313256144524,-0.022419199347496033,-32.307151794433594,23.112266540527344,23.112266540527344,0
47,0.7833333333333333,0,0,spm1_platform_joint_z,0,,0,flat,0,4.327395915985107,4.818752288818359,0.14990589022636414,0.2,0.0,0.19769877195358276,0.23195870220661163,0.2375752478837967,-0.1972668468952179,-24.877477645874023,-6.15837287902832,-6.15837287902832,0,0.0,0.0036164065822958946,0.008560133166611195,0.1304863542318344,2.2319233417510986,-3.6109633445739746,-3.6109633445739746,0,0.0,0.003929409198462963,0.006180282682180405,-0.28182658553123474,-52.3198127746582,-3.6084375381469727,-3.6084375381469727,0,0.0,0.03129826486110687,0.03542354702949524,0.08495251834392548,9.433770179748535,-3.9889321327209473,-3.9889321327209473,0,0.0,-0.016545744612812996,-0.019749533385038376,0.038017965853214264,17.574649810791016,4.514485836029053,4.514485836029053,0,0.0,-0.0010151738533750176,0.00016598337970208377,0.12270866334438324,-20.686067581176758,-2.53417706489563,-2.53417706489563,0
47,0.7833333333333333,1,1,spm1_platform_joint_y,0,,0,flat,0,5.326698303222656,4.777171611785889,0.15172982215881348,0.2,0.0,0.0,0.001331976382061839,0.005347725003957748,0.1289232075214386,-15.159669876098633,-5.2386016845703125,-5.2386016845703125,0,0.19769877195358276,0.11194681376218796,0.10382780432701111,-0.12254071980714798,-29.811065673828125,8.720131874084473,8.720131874084473,0,0.0,0.002275028731673956,0.004044140689074993,0.028912659734487534,-0.31824633479118347,-2.0183167457580566,-2.0183167457580566,0,0.0,-0.0036091741640120745,-0.0026714163832366467,0.09821700304746628,1.4584994316101074,-0.6930015087127686,-0.6930015087127686,0,0.0,0.04339258745312691,0.059135012328624725,-0.017116732895374298,-51.03656005859375,-16.91204071044922,-16.91204071044922,0,0.0,0.0012806029990315437,-0.00020491497707553208,-0.05697072297334671,15.075981140136719,2.1780853271484375,2.1780853271484375,0
47,0.7833333333333333,2,2,spm1_platform_joint_x,0,,0,flat,0,4.623634338378906,3.5096209049224854,0.14566923677921295,0.2,0.0,0.0,0.015953943133354187,0.019506089389324188,-0.18893224000930786,-53.29349899291992,-6.740840911865234,-6.740840911865234,0,0.0,-0.02274266816675663,-0.025547878816723824,-0.04049219191074371,-19.18449592590332,1.035613775253296,1.035613775253296,0,0.19769877195358276,0.03694940730929375,0.009497888386249542,-0.9086874127388,-99.88157653808594,26.400297164916992,26.400297164916992,0,0.0,0.023183297365903854,0.03128231316804886,0.519171416759491,65.88996887207031,-5.43053674697876,-5.43053674697876,0,0.0,-0.03184860572218895,-0.029231257736682892,0.35879042744636536,-39.59297180175781,-5.102546691894531,-5.102546691894531,0,0.0,0.005216395016759634,0.0036775728221982718,-0.49606186151504517,-99.23072052001953,-2.4272308349609375,-2.4272308349609375,0
47,0.7833333333333333,3,3,spm2_platform_joint_z,0,,0,flat,0,5.444202423095703,4.307473182678223,0.14497505128383636,0.2,0.0,0.0,0.003058848436921835,0.0016416222788393497,-0.06733763217926025,8.4290132522583,2.202195644378662,2.202195644378662,0,0.0,-0.00263525964692235,-0.0007617255905643106,-0.12703268229961395,-12.506181716918945,-0.7220741510391235,-0.7220741510391235,0,0.0,-0.00010702889994718134,0.003936493303626776,0.2574881315231323,-0.6021201610565186,-4.694672584533691,-4.694672584533691,0,0.19769877195358276,0.18351618945598602,0.17851555347442627,-0.1511957347393036,1.2419968843460083,4.936836242675781,4.936836242675781,0,0.0,-0.00392127176746726,-0.0011098504764959216,-0.027835460379719734,-16.30609893798828,-2.525158166885376,-2.525158166885376,0,0.0,-0.001183619606308639,-0.0014715626602992415,0.008695196360349655,-3.723001718521118,-0.27832600474357605,-0.27832600474357605,0
47,0.7833333333333333,4,4,spm2_platform_joint_y,0,,0,flat,0,4.371344566345215,5.117921829223633,0.14487212896347046,0.2,0.0,0.0,0.025392835959792137,0.029510406777262688,0.2200111746788025,45.23094177246094,-1.5110352039337158,-1.5110352039337158,0,0.0,0.052236564457416534,0.05518703535199165,0.22385549545288086,4.935482978820801,-7.386057376861572,-7.386057376861572,0,0.0,0.0025506028905510902,0.003025498939678073,-0.046546101570129395,0.000409930944442749,0.3797145485877991,0.3797145485877991,0,0.0,-3.77441210730467e-05,0.0007485082023777068,-0.3063342273235321,-74.93987274169922,-5.15567684173584,-5.15567684173584,0,0.19769877195358276,0.07825610041618347,0.05797463655471802,0.5466046333312988,18.700544357299805,15.484201431274414,15.484201431274414,0,0.0,-0.0038791559636592865,-0.004500395152717829,-0.20947079360485077,-25.397329330444336,-1.9792044162750244,-1.9792044162750244,0
47,0.7833333333333333,5,5,spm2_platform_joint_x,0,,0,flat,0,4.571475982666016,4.587536334991455,0.15053164958953857,0.2,0.0,0.0,0.003992051817476749,-0.003971012309193611,-0.27818724513053894,29.04389190673828,9.575349807739258,9.575349807739258,0,0.0,-0.004462560173124075,-0.0038780714385211468,0.32827457785606384,16.741201400756836,-0.627098798751831,-0.627098798751831,0,0.0,0.021873384714126587,0.02850613370537758,-0.0376083180308342,-30.23680305480957,-8.239189147949219,-8.239189147949219,0,0.0,0.008358453400433064,0.0034591471776366234,-0.5209612846374512,-14.414798736572266,5.836056709289551,5.836056709289551,0,0.0,-0.021964408457279205,-0.030513830482959747,-0.17007392644882202,-22.094697952270508,5.057054042816162,5.057054042816162,0,0.19769877195358276,0.043172575533390045,0.02271869219839573,0.009107793681323528,-14.451401710510254,22.472349166870117,22.472349166870117,0
48,0.8,0,0,spm1_platform_joint_z,0,,0,flat,0,4.344457149505615,4.820931911468506,0.14922229945659637,0.2,0.0,0.19645744562149048,0.23209287226200104,0.23475439846515656,-0.18998751044273376,-2.605537176132202,-2.0864572525024414,-2.0864572525024414,0,0.0,0.0074187819845974445,0.010021816939115524,-0.4456770122051239,-70.43119049072266,-5.113409996032715,-5.113409996032715,0,0.0,0.005356244742870331,0.005310682579874992,-0.04913505166769028,-24.926240921020508,-1.0388840436935425,-1.0388840436935425,0,0.0,0.030700407922267914,0.036242857575416565,0.2280554473400116,24.423437118530273,-5.4338297843933105,-5.4338297843933105,0,0.0,-0.017116261646151543,-0.01586749404668808,0.12195665389299393,-25.313493728637695,-2.727024793624878,-2.727024793624878,0,0.0,0.00014385225949808955,0.002241232432425022,-0.030108388513326645,-18.68366813659668,-2.3897461891174316,-2.3897461891174316,0
48,0.8,1,1,spm1_platform_joint_y,0,,0,flat,0,5.34847354888916,4.776392936706543,0.15009865164756775,0.2,0.0,0.0,0.004634695127606392,0.007401599083095789,0.22708669304847717,26.213783264160156,-2.2395362854003906,-2.2395362854003906,0,0.19645744562149048,0.11617842316627502,0.10450919717550278,-0.15114660561084747,-9.999034881591797,12.009912490844727,12.009912490844727,0,0.0,0.003504921915009618,0.001781718572601676,0.23632508516311646,65.3957290649414,4.709214210510254,4.709214210510254,0,0.0,-0.002315227407962084,-0.00021039615967310965,0.25042182207107544,3.8957583904266357,-2.8245482444763184,-2.8245482444763184,0,0.0,0.05125034227967262,0.06847994774580002,0.6313766241073608,23.85420036315918,-17.324106216430664,-17.324106216430664,0,0.0,-0.0001775929849827662,-0.0005079541588202119,-0.44263848662376404,-62.59458923339844,-0.8100342750549316,-0.8100342750549316,0
48,0.8,2,2,spm1_platform_joint_x,0,,0,flat,0,4.6420674324035645,3.509737491607666,0.1453792154788971,0.2,0.0,0.0,0.016905277967453003,0.016115287318825722,-0.234566792845726,-11.468156814575195,0.45698922872543335,0.45698922872543335,0,0.0,-0.02214149385690689,-0.021612875163555145,0.30314168334007263,14.13603401184082,-0.6802586317062378,-0.6802586317062378,0,0.19645744562149048,0.03442583233118057,0.0010196788934990764,0.2709651589393616,92.267822265625,35.75040817260742,35.75040817260742,0,0.0,0.027111338451504707,0.03834336996078491,0.31964385509490967,-11.546759605407715,-12.446968078613281,-12.446968078613281,0,0.0,-0.02533375658094883,-0.0229665357619524,-0.11341450363397598,-48.315467834472656,-3.322882652282715,-3.322882652282715,0,0.0,0.0031872298568487167,0.0004081752267666161,0.13117828965187073,33.967201232910156,3.2426695823669434,3.2426695823669434,0
48,0.8,3,3,spm2_platform_joint_z,0,,0,flat,0,5.458300590515137,4.307673931121826,0.14442327618598938,0.2,0.0,0.0,0.0014227393548935652,-0.00032665368053130805,-0.18439725041389465,-14.243181228637695,0.7565089464187622,0.7565089464187622,0,0.0,-0.0006601621862500906,0.0006678216741420329,-0.23356717824935913,-18.727602005004883,-0.26118648052215576,-0.26118648052215576,0,0.0,0.003411627374589443,0.004129598382860422,-0.11007348448038101,-39.37714385986328,-4.530010223388672,-4.530010223388672,0,0.19645744562149048,0.18090780079364777,0.1779778152704239,0.07142171263694763,19.07314109802246,4.380321979522705,4.380321979522705,0,0.0,-0.0009618704207241535,0.003548889886587858,7.039916090434417e-05,-7.067461013793945,-2.787734031677246,-2.787734031677246,0,0.0,-0.0012753542978316545,-0.0029302991461008787,-0.04862705618143082,0.21326377987861633,1.4385545253753662,1.4385545253753662,0
48,0.8,4,4,spm2_platform_joint_y,0,,0,flat,0,4.385711193084717,5.117776393890381,0.14473718404769897,0.2,0.0,0.0,0.025575686246156693,0.031725093722343445,-0.0640045702457428,-34.26387023925781,-7.45315408706665,-7.45315408706665,0,0.0,0.04782876372337341,0.04645565152168274,0.38808000087738037,80.53296661376953,0.04308938980102539,0.04308938980102539,0,0.0,0.0026220991276204586,0.0034002854954451323,0.06210135668516159,22.30890655517578,1.3659545183181763,1.3659545183181763,0,0.0,0.000648707093205303,-0.001901209820061922,0.032828912138938904,39.44301986694336,4.192183017730713,4.192183017730713,0,0.19645744562149048,0.0764390081167221,0.05479082837700844,0.7956992387771606,28.236907958984375,15.871454238891602,15.871454238891602,0,0.0,-0.0039003423880785704,-0.0042372941970825195,0.0003393309307284653,19.83419418334961,2.1174445152282715,2.1174445152282715,0
48,0.8,5,5,spm2_platform_joint_x,0,,0,flat,0,4.592444896697998,4.5889482498168945,0.150894433259964,0.2,0.0,0.0,-0.0034415440168231726,-0.009117471054196358,-0.3966815769672394,-23.104869842529297,4.7641191482543945,4.7641191482543945,0,0.0,-0.003360995091497898,-0.0013176932698115706,0.44585469365119934,65.53449249267578,0.2948630452156067,0.2948630452156067,0,0.0,0.0247053150087595,0.025919398292899132,-0.22148285806179047,-21.64335060119629,-2.475368022918701,-2.475368022918701,0,0.0,0.002997927600517869,-0.003801839193329215,-0.16566026210784912,51.04354476928711,10.093307495117188,10.093307495117188,0,0.0,-0.02644531987607479,-0.036772120743989944,-0.06731314957141876,41.54252624511719,11.645325660705566,11.645325660705566,0,0.19645744562149048,0.04588386043906212,0.020309006795287132,0.5011991262435913,87.82213592529297,29.373926162719727,29.373926162719727,0
49,0.8166666666666667,0,0,spm1_platform_joint_z,0,,0,flat,0,4.361244201660156,4.823122024536133,0.14749473333358765,0.2,0.0,0.19495223462581635,0.22944743931293488,0.2337416112422943,-0.016094142571091652,6.769570350646973,-3.5444979667663574,-3.5444979667663574,0,0.0,0.008685574866831303,0.00998742412775755,-0.42827877402305603,-22.87222671508789,0.7554404735565186,0.7554404735565186,0,0.0,0.004602591507136822,0.005723562557250261,-0.04262281209230423,-5.981612205505371,-1.0847152471542358,-1.0847152471542358,0,0.0,0.03141047805547714,0.03671431168913841,-0.07243064790964127,-14.091498374938965,-6.317577838897705,-6.317577838897705,0,0.0,-0.013751828111708164,-0.007270211819559336,0.1337936967611313,-22.927217483520508,-5.3871941566467285,-5.3871941566467285,0,0.0,0.001942401402629912,0.0015442378353327513,-0.026420144364237785,3.3139798641204834,0.860633373260498,0.860633373260498,0
49,0.8166666666666667,1,1,spm1_platform_joint_y,0,,0,flat,0,5.369236469268799,4.775521755218506,0.14868590235710144,0.2,0.0,0.0,0.006414718925952911,0.010327542200684547,0.04487094283103943,-24.61516571044922,-5.545387268066406,-5.545387268066406,0,0.19495223462581635,0.11656826734542847,0.10702410340309143,-0.5313946008682251,-45.95553207397461,11.80029582977295,11.80029582977295,0,0.0,0.0015441561117768288,0.004085661377757788,-0.2092978060245514,-58.241397857666016,-6.356192588806152,-6.356192588806152,0,0.0,-0.00018234334129374474,0.0029639063868671656,0.1853501945734024,3.8050765991210938,-3.316413164138794,-3.316413164138794,0,0.0,0.059349287301301956,0.08347184211015701,0.06501726806163788,-63.848388671875,-23.03588104248047,-23.03588104248047,0,0.0,-0.00044022692600265145,-0.0011943873250856996,0.04137701168656349,20.781333923339844,3.293940305709839,3.293940305709839,0
49,0.8166666666666667,2,2,spm1_platform_joint_x,0,,0,flat,0,4.659944534301758,3.5098791122436523,0.14489653706550598,0.2,0.0,0.0,0.013966582715511322,0.011324645951390266,-0.17439453303813934,13.63830852508545,3.4806292057037354,3.4806292057037354,0,0.0,-0.01873115822672844,-0.024862730875611305,0.2297733575105667,-2.7535648345947266,1.8982276916503906,1.8982276916503906,0,0.19495223462581635,0.026019681245088577,0.006570114754140377,0.2842017412185669,-14.674626350402832,17.602914810180664,17.602914810180664,0,0.0,0.033230919390916824,0.04047621041536331,-0.037507131695747375,-14.183564186096191,-7.69620943069458,-7.69620943069458,0,0.0,-0.019904330372810364,-0.023885801434516907,0.461727499961853,28.008501052856445,2.4442291259765625,2.4442291259765625,0,0.0,0.0003537518496159464,-0.001256236108019948,-0.04110582172870636,6.962774276733398,1.5080127716064453,1.5080127716064453,0
49,0.8166666666666667,3,3,spm2_platform_joint_z,0,,0,flat,0,5.471201419830322,4.30846643447876,0.14485463500022888,0.2,0.0,0.0,-0.000283099856460467,-0.004217121750116348,-0.24214385449886322,-8.140329360961914,3.8905839920043945,3.8905839920043945,0,0.0,0.0005787787958979607,0.0043466342613101006,0.03699670732021332,-9.30679702758789,-2.6031155586242676,-2.6031155586242676,0,0.0,0.00357898510992527,0.001578706782311201,-0.11210043728351593,-30.617115020751953,-0.15139234066009521,-0.15139234066009521,0,0.19495223462581635,0.18024107813835144,0.17667588591575623,-0.0975492000579834,18.91041374206543,4.679349899291992,4.679349899291992,0,0.0,0.0030757044441998005,0.0037537573371082544,-0.17163637280464172,5.351137638092041,1.608567476272583,1.608567476272583,0,0.0,-0.0025395925622433424,-0.0013529969146475196,0.035899803042411804,-43.245277404785156,-4.336055755615234,-4.336055755615234,0
49,0.8166666666666667,4,4,spm2_platform_joint_y,0,,0,flat,0,4.4003586769104,5.117299556732178,0.1448986530303955,0.2,0.0,0.0,0.02749508060514927,0.030745835974812508,-0.19343912601470947,-26.984867095947266,-3.909308671951294,-3.909308671951294,0,0.0,0.040261562913656235,0.04276489466428757,0.2787221074104309,17.660139083862305,-6.007575511932373,-6.007575511932373,0,0.0,0.0029469141736626625,0.0006982391932979226,-0.29643845558166504,7.647972106933594,3.3868350982666016,3.3868350982666016,0,0.0,-0.0016477152239531279,0.000773085281252861,0.4581419825553894,48.01483917236328,-1.3943700790405273,-1.3943700790405273,0,0.19495223462581635,0.07347901910543442,0.05309368297457695,0.5445138216018677,-1.2425565719604492,14.153715133666992,14.153715133666992,0,0.0,-0.0036723215598613024,-0.0029608069453388453,0.7222656607627869,92.80307006835938,1.6921004056930542,1.6921004056930542,0
49,0.8166666666666667,5,5,spm2_platform_joint_x,0,,0,flat,0,4.6134562492370605,4.589672088623047,0.15103872120380402,0.2,0.0,0.0,-0.007901808246970177,-0.01301638688892126,-0.07839472591876984,-12.279973983764648,4.5501203536987305,4.5501203536987305,0,0.0,-0.0011420007795095444,0.0006663864478468895,0.03397858142852783,3.303797483444214,-2.088383197784424,-2.088383197784424,0,0.0,0.02246347814798355,0.02542787417769432,0.008520107716321945,-42.25935745239258,-7.941677093505859,-7.941677093505859,0,0.0,-0.0032949273008853197,-0.007734857499599457,-0.2151428908109665,39.71458053588867,6.901201248168945,6.901201248168945,0,0.0,-0.03186917304992676,-0.037522729486227036,0.060313303023576736,0.6440998315811157,3.604698657989502,3.604698657989502,0,0.19495223462581635,0.04359477013349533,0.021778030321002007,-0.37801751494407654,-50.54485321044922,18.32421875,18.32421875,0
50,0.8333333333333334,0,0,spm1_platform_joint_z,0,,0,flat,0,4.377110481262207,4.825597286224365,0.14526239037513733,0.2,0.0,0.19318516552448273,0.22833408415317535,0.23222841322422028,-0.23142948746681213,-17.05620574951172,-3.9876928329467773,-3.9876928329467773,0,0.0,0.008655767887830734,0.006930702365934849,-0.4060656726360321,-7.89501428604126,2.7577133178710938,2.7577133178710938,0,0.0,0.00496042100712657,0.004553984384983778,-0.0029751090332865715,4.247885227203369,-0.03779277205467224,-0.03779277205467224,0,0.0,0.031819067895412445,0.036622676998376846,0.029719723388552666,5.663168907165527,-4.443568229675293,-4.443568229675293,0,0.0,-0.006300850305706263,0.0035207034088671207,0.35570403933525085,6.2455596923828125,-6.462749004364014,-6.462749004364014,0,0.0,0.0013383394107222557,-0.0016809897497296333,-0.2848992943763733,-19.688596725463867,1.5953145027160645,1.5953145027160645,0
50,0.8333333333333334,1,1,spm1_platform_joint_y,0,,0,flat,0,5.389155387878418,4.775266647338867,0.1475282907485962,0.2,0.0,0.0,0.008950536139309406,0.010067107155919075,-0.009443032555282116,10.428630828857422,-0.5570846796035767,-0.5570846796035767,0,0.19318516552448273,0.11851224303245544,0.11051606386899948,-0.2748492956161499,-32.40595245361328,9.85272216796875,9.85272216796875,0,0.0,0.0035409065894782543,0.002279536100104451,-0.05885864421725273,16.884876251220703,2.7696900367736816,2.7696900367736816,0,0.0,0.0025687189772725105,0.004915257915854454,-0.0015168171375989914,-17.505542755126953,-3.2601451873779297,-3.2601451873779297,0,0.0,0.07234226167201996,0.09273536503314972,-0.105413056910038,-62.215396881103516,-20.51595115661621,-20.51595115661621,0,0.0,-0.001035135705024004,-0.0006204722449183464,0.09429661184549332,2.128911256790161,-0.6541508436203003,-0.6541508436203003,0
50,0.8333333333333334,2,2,spm1_platform_joint_x,0,,0,flat,0,4.67728853225708,3.510192632675171,0.1448526233434677,0.2,0.0,0.0,0.009814692661166191,0.004520306829363108,-0.24946942925453186,27.471105575561523,6.732394695281982,6.732394695281982,0,0.0,-0.021547699347138405,-0.022433090955018997,0.06525690853595734,-8.999811172485352,-0.40165722370147705,-0.40165722370147705,0,0.19318516552448273,0.03145212307572365,0.006295148283243179,0.22273500263690948,27.174795150756836,25.551000595092773,25.551000595092773,0,0.0,0.03507938235998154,0.04145990312099457,-0.1251339465379715,-42.20509338378906,-9.298705101013184,-9.298705101013184,0,0.0,-0.020701028406620026,-0.017872460186481476,-0.08779636025428772,-42.44807434082031,-3.3531851768493652,-3.3531851768493652,0,0.0,-0.0010887379758059978,0.000285927060758695,0.2448856681585312,67.6173324584961,4.584395408630371,4.584395408630371,0
50,0.8333333333333334,3,3,spm2_platform_joint_z,0,,0,flat,0,5.483287334442139,4.309313774108887,0.1450701355934143,0.2,0.0,0.0,-0.0036548387724906206,-0.006795492954552174,-0.11260420829057693,4.951759338378906,3.5955049991607666,3.5955049991607666,0,0.0,0.0037670829333364964,0.006609490606933832,-0.14073419570922852,-20.284320831298828,-2.4930732250213623,-2.4930732250213623,0,0.0,0.0013682125136256218,0.002350826282054186,0.12799908220767975,28.711170196533203,1.9658527374267578,1.9658527374267578,0,0.19318516552448273,0.17887713015079498,0.17452162504196167,-0.13280542194843292,-2.7508511543273926,3.9263715744018555,3.9263715744018555,0,0.0,0.0032532564364373684,0.00547620328143239,-0.09875056147575378,6.083523750305176,0.48867619037628174,0.48867619037628174,0,0.0,-0.001172597287222743,-0.0025002676993608475,-0.046528588980436325,-4.580541610717773,1.0388984680175781,1.0388984680175781,0
50,0.8333333333333334,4,4,spm2_platform_joint_y,0,,0,flat,0,4.415144920349121,5.116635799407959,0.14489507675170898,0.2,0.0,0.0,0.026646390557289124,0.029357941821217537,0.07236065715551376,4.1663618087768555,-3.670607566833496,-3.670607566833496,0,0.0,0.037062909454107285,0.047188807278871536,0.08210171014070511,-13.87110710144043,-10.111401557922363,-10.111401557922363,0,0.0,0.0006051406380720437,0.00046266798744909465,-0.29541441798210144,-39.37376022338867,1.2720333337783813,1.2720333337783813,0,0.0,0.0006700072553940117,0.002369760302826762,-0.2159700095653534,-22.716365814208984,-2.5333147048950195,-2.5333147048950195,0,0.19318516552448273,0.07177254557609558,0.056920330971479416,0.10690080374479294,-14.296708106994629,13.130495071411133,13.130495071411133,0,0.0,-0.002566032577306032,0.0009004509774968028,-0.10414094477891922,11.713892936706543,-2.0216617584228516,-2.0216617584228516,0
50,0.8333333333333334,5,5,spm2_platform_joint_x,0,,0,flat,0,4.634049892425537,4.5897626876831055,0.15044167637825012,0.2,0.0,0.0,-0.011280868202447891,-0.01873767375946045,-0.38332363963127136,2.0037496089935303,7.858131408691406,7.858131408691406,0,0.0,0.0005775348981842399,0.0028758139815181494,0.0388902947306633,-15.663446426391602,-3.0674660205841064,-3.0674660205841064,0,0.0,0.02203749120235443,0.018754038959741592,-0.3632814586162567,5.888793468475342,3.3760530948638916,3.3760530948638916,0,0.0,-0.0067035430110991,-0.005307923536747694,0.2972475588321686,11.026897430419922,-1.0216741561889648,-1.0216741561889648,0,0.0,-0.03251969814300537,-0.034447312355041504,0.06222022324800491,-19.42947769165039,1.1806070804595947,1.1806070804595947,0,0.19318516552448273,0.04463231563568115,0.020452292636036873,0.04589773714542389,22.463361740112305,25.41031837463379,25.41031837463379,0
51,0.85,0,0,spm1_platform_joint_z,0,,0,flat,0,4.392000198364258,4.827368259429932,0.14499610662460327,0.2,0.0,0.19115860760211945,0.22675243020057678,0.23056098818778992,-0.08122076094150543,-1.600465178489685,-3.706218719482422,-3.706218719482422,0,0.0,0.006006608717143536,0.007117947097867727,-0.19936133921146393,-1.70304536819458,1.3929225206375122,1.3929225206375122,0,0.0,0.003946786280721426,0.004424374084919691,0.11805097758769989,-2.1718525886535645,-0.8652607202529907,-0.8652607202529907,0,0.0,0.031739652156829834,0.03735454007983208,-0.01119950506836176,-3.2515006065368652,-5.7839131355285645,-5.7839131355285645,0,0.0,0.003051276318728924,0.008306680247187614,-0.14684176445007324,-8.370440483093262,-2.9308016300201416,-2.9308016300201416,0,0.0,-0.001456857775337994,-0.0002954843221232295,0.19048748910427094,-2.234135150909424,-2.094113349914551,-2.094113349914551,0
51,0.85,1,1,spm1_platform_joint_y,0,,0,flat,0,5.407756805419922,4.774848461151123,0.146484375,0.2,0.0,0.0,0.008724826388061047,0.011252209544181824,-0.2088511437177658,-37.263580322265625,-2.4780571460723877,-2.4780571460723877,0,0.19115860760211945,0.12126840651035309,0.1126595139503479,-0.535897433757782,-32.91208267211914,11.445886611938477,11.445886611938477,0,0.0,0.0019755978137254715,0.004603806883096695,-0.2630280554294586,-74.93167877197266,-4.892716407775879,-4.892716407775879,0,0.0,0.00425988994538784,0.006697052624076605,0.38107597827911377,11.712602615356445,-4.154690265655518,-4.154690265655518,0,0.0,0.08037064969539642,0.10360082238912582,0.08142758905887604,-59.837738037109375,-21.852245330810547,-21.852245330810547,0,0.0,-0.0005377426277846098,-0.0023509890306741,-0.028255563229322433,-3.526160717010498,1.0731420516967773,1.0731420516967773,0
51,0.85,2,2,spm1_platform_joint_x,0,,0,flat,0,4.6936936378479,3.5106141567230225,0.145158052444458,0.2,0.0,0.0,0.003917599096894264,-0.0002802112721838057,-0.3360770046710968,-5.996585845947266,4.820041656494141,4.820041656494141,0,0.0,-0.019442012533545494,-0.019288986921310425,-0.0664089098572731,-34.24232482910156,-0.8528002500534058,-0.8528002500534058,0,0.19115860760211945,0.03094361163675785,0.009687344543635845,0.39270004630088806,19.60029411315918,20.508987426757812,20.508987426757812,0,0.0,0.035931915044784546,0.0400439091026783,-0.10345473140478134,2.7372846603393555,-4.015210151672363,-4.015210151672363,0,0.0,-0.015489465557038784,-0.013973438180983067,0.04933130741119385,-16.51197624206543,-1.7856941223144531,-1.7856941223144531,0,0.0,0.00024780345847830176,-0.0012412763899192214,0.03972524777054787,1.8735733032226562,1.3739125728607178,1.3739125728607178,0
51,0.85,3,3,spm2_platform_joint_z,0,,0,flat,0,5.494835376739502,4.309935569763184,0.14467644691467285,0.2,0.0,0.0,-0.00588942738249898,-0.009680122137069702,-0.1441633552312851,2.2339868545532227,4.035456657409668,4.035456657409668,0,0.0,0.005728225223720074,0.007434198632836342,-0.17906491458415985,-9.263392448425293,-0.36691176891326904,-0.36691176891326904,0,0.0,0.002037382684648037,0.003343131160363555,-0.18101730942726135,-34.95664596557617,-2.2918663024902344,-2.2918663024902344,0,0.19115860760211945,0.1767398864030838,0.1727762669324875,-0.03200876712799072,9.877193450927734,4.3452229499816895,4.3452229499816895,0,0.0,0.004746042657643557,0.007662123069167137,-0.02307269722223282,0.7813460230827332,-1.5938446521759033,-1.5938446521759033,0,0.0,-0.002166898688301444,-0.0035811313427984715,-0.07240347564220428,-2.380570888519287,1.4459835290908813,1.4459835290908813,0
51,0.85,4,4,spm2_platform_joint_y,0,,0,flat,0,4.429733753204346,5.116452217102051,0.14492887258529663,0.2,0.0,0.0,0.02544355019927025,0.029359767213463783,0.2478511482477188,39.5867919921875,-2.7645058631896973,-2.7645058631896973,0,0.0,0.04089696705341339,0.04547577351331711,0.26187458634376526,-16.84764862060547,-9.317289352416992,-9.317289352416992,0,0.0,0.00040097892633639276,0.0007517717313021421,-0.688557505607605,-119.61509704589844,-4.482267379760742,-4.482267379760742,0,0.0,0.0020537921227514744,0.0003317874507047236,0.12348555028438568,38.003570556640625,3.0896198749542236,3.0896198749542236,0,0.19115860760211945,0.07481876760721207,0.05580751970410347,0.4219612181186676,-5.154486656188965,14.430004119873047,14.430004119873047,0,0.0,0.0007803908083587885,-0.0019015278667211533,-0.3870774209499359,-35.39349365234375,1.503827691078186,1.503827691078186,0
51,0.85,5,5,spm2_platform_joint_x,0,,0,flat,0,4.653891563415527,4.589482307434082,0.1498328149318695,0.2,0.0,0.0,-0.016239317134022713,-0.023929396644234657,-0.1441643238067627,29.7257137298584,9.257404327392578,9.257404327392578,0,0.0,0.002492372179403901,0.002867876086384058,0.05840826407074928,0.01805931329727173,-0.5206540822982788,-0.5206540822982788,0,0.0,0.016253501176834106,0.01735496148467064,-0.4027765393257141,12.664432525634766,-0.05084228515625,-0.05084228515625,0,0.0,-0.0046002003364264965,0.00019623787375167012,0.37847650051116943,-10.005487442016602,-5.469627380371094,-5.469627380371094,0,0.0,-0.029854336753487587,-0.030100692063570023,0.03723488748073578,-2.5450704097747803,0.6782956123352051,0.6782956123352051,0,0.19115860760211945,0.0432131364941597,0.015460582450032234,-0.38311612606048584,0.9376966953277588,27.58990478515625,27.58990478515625,0
52,0.8666666666666667,0,0,spm1_platform_joint_z,0,,0,flat,0,4.405993938446045,4.829181671142578,0.144741952419281,0.2,0.0,0.18887527287006378,0.22500288486480713,0.2291940301656723,-0.048245374113321304,8.20750617980957,-3.445869207382202,-3.445869207382202,0,0.0,0.006168887484818697,0.008862975053489208,-0.04636908322572708,9.793448448181152,0.07855546474456787,0.07855546474456787,0,0.0,0.003834457602351904,0.0036975075490772724,-0.17558874189853668,-34.03080749511719,-2.398617744445801,-2.398617744445801,0,0.0,0.03237393498420715,0.038577619940042496,0.13849888741970062,15.695911407470703,-5.161805152893066,-5.161805152893066,0,0.0,0.007199122570455074,0.008689719252288342,-0.19437627494335175,-14.247529983520508,-1.4137681722640991,-1.4137681722640991,0,0.0,-0.0002560864086262882,-0.0021275789476931095,-0.4342147707939148,-72.5730972290039,-2.6687021255493164,-2.6687021255493164,0
52,0.8666666666666667,1,1,spm1_platform_joint_y,0,,0,flat,0,5.425228118896484,4.774934768676758,0.1467738151550293,0.2,0.0,0.0,0.009751915000379086,0.01029171608388424,-0.04502784088253975,-2.602506160736084,-0.5712383985519409,-0.5712383985519409,0,0.18887527287006378,0.1228216141462326,0.11795774847269058,0.020056206732988358,10.092029571533203,9.076128959655762,9.076128959655762,0,0.0,0.003989966120570898,-0.00021139885939192027,-0.16522246599197388,4.099388122558594,4.082266807556152,4.082266807556152,0,0.0,0.005804112181067467,0.011130478233098984,0.08802562206983566,-22.12375831604004,-6.19478178024292,-6.19478178024292,0,0.0,0.08978737890720367,0.10669060051441193,-0.43620535731315613,-24.099123001098633,-15.127659797668457,-15.127659797668457,0,0.0,-0.002037523780018091,-0.0047184498980641365,-0.03337615728378296,10.852559089660645,3.1470932960510254,3.1470932960510254,0
52,0.8666666666666667,2,2,spm1_platform_joint_x,0,,0,flat,0,4.7095794677734375,3.5112075805664062,0.14457589387893677,0.2,0.0,0.0,-0.00024284976825583726,-0.004941872321069241,-0.14433978497982025,8.890535354614258,4.704170227050781,4.704170227050781,0,0.0,-0.01671712100505829,-0.017947614192962646,0.058515097945928574,-3.3268184661865234,0.9558706283569336,0.9558706283569336,0,0.18887527287006378,0.03357907012104988,0.011977787129580975,-0.100127212703228,-62.7799186706543,16.88273811340332,16.88273811340332,0,0.0,0.034704722464084625,0.03775494918227196,-0.12974156439304352,19.328393936157227,-1.3575432300567627,-1.3575432300567627,0,0.0,-0.012110313400626183,-0.009346826933324337,0.07182872295379639,-14.369495391845703,-2.4234445095062256,-2.4234445095062256,0,0.0,-0.0010757728014141321,-0.0009285721462219954,0.007043488789349794,-13.57385540008545,-1.218193531036377,-1.218193531036377,0
52,0.8666666666666667,3,3,spm2_platform_joint_z,0,,0,flat,0,5.505824089050293,4.3108649253845215,0.14453637599945068,0.2,0.0,0.0,-0.008389439433813095,-0.013320027850568295,-0.21092158555984497,-2.2912020683288574,4.642261028289795,4.642261028289795,0,0.0,0.006442971993237734,0.008953908458352089,-0.0762178897857666,1.5387117862701416,-0.3734394907951355,-0.3734394907951355,0,0.0,0.0028973803855478764,0.0017035841010510921,-0.15532492101192474,-23.74336051940918,0.99504554271698,0.99504554271698,0,0.18887527287006378,0.17492279410362244,0.17148372530937195,-0.22633254528045654,-17.076129913330078,2.8544747829437256,2.8544747829437256,0,0.0,0.0066405064426362514,0.008730435743927956,-0.34570297598838806,-30.197540283203125,-1.7231507301330566,-1.7231507301330566,0,0.0,-0.0031036471482366323,-0.0016987350536510348,0.0867571011185646,-6.847864627838135,-0.8256194591522217,-0.8256194591522217,0
52,0.8666666666666667,4,4,spm2_platform_joint_y,0,,0,flat,0,4.444525241851807,5.115509986877441,0.1448514461517334,0.2,0.0,0.0,0.025445131585001945,0.031062455847859383,0.11301402002573013,10.233566284179688,-5.3270111083984375,-5.3270111083984375,0,0.0,0.03941233828663826,0.04374583438038826,0.20874656736850739,2.9180521965026855,-7.157594203948975,-7.157594203948975,0,0.0,0.0006515355198644102,-0.0062927925027906895,-0.20972926914691925,29.255918502807617,8.770988464355469,8.770988464355469,0,0.0,0.0002875491336453706,0.00352520146407187,0.0986260250210762,-24.352069854736328,-4.625161647796631,-4.625161647796631,0,0.18887527287006378,0.07354988902807236,0.056874148547649384,0.4758016765117645,8.38949966430664,13.151376724243164,13.151376724243164,0,0.0,-0.0016479907790198922,-0.00354585237801075,-0.5140315294265747,-126.14369201660156,-3.8950905799865723,-3.8950905799865723,0
52,0.8666666666666667,5,5,spm2_platform_joint_x,0,,0,flat,0,4.673043251037598,4.588594436645508,0.1493593156337738,0.2,0.0,0.0,-0.020738810300827026,-0.025942891836166382,0.11468636244535446,19.748865127563477,5.946946620941162,5.946946620941162,0,0.0,0.0024854924995452166,0.00281360000371933,-0.1453608125448227,-19.574848175048828,-0.5113269090652466,-0.5113269090652466,0,0.0,0.015040966682136059,0.01769815944135189,0.20000438392162323,-9.751616477966309,-3.8169713020324707,-3.8169713020324707,0,0.0,0.00017007281712722033,0.006698391400277615,0.04959806799888611,-29.007923126220703,-8.15869140625,-8.15869140625,0,0.0,-0.026087265461683273,-0.02496200054883957,0.2592722773551941,-15.046920776367188,-1.5595357418060303,-1.5595357418060303,0,0.18887527287006378,0.038582541048526764,0.01442445907741785,0.10823994129896164,0.6824201345443726,23.98729133605957,23.98729133605957,0
53,0.8833333333333333,0,0,spm1_platform_joint_z,0,,0,flat,0,4.419020652770996,4.831021308898926,0.14470183849334717,0.2,0.0,0.18633824586868286,0.22347992658615112,0.22644807398319244,-0.08897935599088669,6.396268367767334,-3.368861198425293,-3.368861198425293,0,0.0,0.007681244984269142,0.0098609933629632,-0.23930153250694275,-22.013118743896484,-1.0830730199813843,-1.0830730199813843,0,0.0,0.003204506589099765,0.000983964535407722,0.017061946913599968,21.484172821044922,2.5293304920196533,2.5293304920196533,0,0.0,0.0334339365363121,0.042534783482551575,0.08971981704235077,-12.859844207763672,-8.792845726013184,-8.792845726013184,0,0.0,0.007531089708209038,0.010802739299833775,-0.1263531744480133,-0.535624623298645,-0.2468479871749878,-0.2468479871749878,0,0.0,-0.0018439017003402114,-0.004368739202618599,0.03853338956832886,16.787551879882812,3.035891532897949,3.035891532897949,0
53,0.8833333333333333,1,1,spm1_platform_joint_y,0,,0,flat,0,5.441641330718994,4.774835109710693,0.14716267585754395,0.2,0.0,0.0,0.0089194867759943,0.010017906315624714,0.23414833843708038,29.259777069091797,-0.9222842454910278,-0.9222842454910278,0,0.18633824586868286,0.12707515060901642,0.12394348531961441,0.026712613180279732,-10.368395805358887,4.727582931518555,4.727582931518555,0,0.0,-0.00018321233801543713,-0.0006979599711485207,0.24025815725326538,40.76655960083008,2.2234575748443604,2.2234575748443604,0,0.0,0.009646414779126644,0.012182784266769886,-0.03890132158994675,-1.1427408456802368,-1.3783910274505615,-1.3783910274505615,0,0.0,0.09246518462896347,0.10607568919658661,0.1307111233472824,62.45907211303711,-9.731678009033203,-9.731678009033203,0,0.0,-0.004089323338121176,-0.0073111942037940025,-0.29602208733558655,-37.430973052978516,0.6273055076599121,0.6273055076599121,0
53,0.8833333333333333,2,2,spm1_platform_joint_x,0,,0,flat,0,4.7245192527771,3.5112555027008057,0.14636066555976868,0.2,0.0,0.0,-0.004282956011593342,-0.007236729841679335,-0.03264174237847328,16.850122451782227,3.3875064849853516,3.3875064849853516,0,0.0,-0.015554598532617092,-0.008927645161747932,0.20553205907344818,-36.920501708984375,-7.8552961349487305,-7.8552961349487305,0,0.18633824586868286,0.035225849598646164,0.006895065773278475,0.12282359600067139,16.74471092224121,27.99287986755371,27.99287986755371,0,0.0,0.032720956951379776,0.03975476697087288,-0.1019962802529335,-42.57572555541992,-9.306076049804688,-9.306076049804688,0,0.0,-0.008100583218038082,-0.01247190311551094,-0.1454671323299408,24.300655364990234,6.456840515136719,6.456840515136719,0,0.0,-0.00080476253060624,-0.0029863014351576567,-0.018557392060756683,-33.39982986450195,1.1482713222503662,1.1482713222503662,0
53,0.8833333333333333,3,3,spm2_platform_joint_z,0,,0,flat,0,5.516231060028076,4.311616897583008,0.14503324031829834,0.2,0.0,0.0,-0.011544023640453815,-0.016000870615243912,-0.1102832704782486,1.7892694473266602,4.556262493133545,4.556262493133545,0,0.0,0.007760053966194391,0.011518542654812336,-0.17624786496162415,-14.125432014465332,-2.3383727073669434,-2.3383727073669434,0,0.0,0.0014764395309612155,0.001584935700520873,0.06923343986272812,-4.20610237121582,-0.1342763900756836,-0.1342763900756836,0,0.18633824586868286,0.1734643280506134,0.16972406208515167,-0.13870777189731598,-0.6918561458587646,3.9334306716918945,3.9334306716918945,0,0.0,0.007566377520561218,0.010364485904574394,-0.1670539677143097,-5.538529396057129,-0.3943004608154297,-0.3943004608154297,0,0.0,-0.001472237054258585,-0.0027798148803412914,-0.041931264102458954,0.671342134475708,1.361272931098938,1.361272931098938,0
53,0.8833333333333333,4,4,spm2_platform_joint_y,0,,0,flat,0,4.459439754486084,5.115102291107178,0.14488385617733002,0.2,0.0,0.0,0.026920795440673828,0.029087712988257408,-0.3402046263217926,-28.82282257080078,-3.1028027534484863,-3.1028027534484863,0,0.0,0.03791305422782898,0.04867574945092201,0.04178323224186897,-17.507265090942383,-9.956448554992676,-9.956448554992676,0,0.0,-0.005453753285109997,-0.004029278177767992,0.09273076057434082,11.894509315490723,1.2963591814041138,1.2963591814041138,0,0.0,0.0030551746021956205,0.004181114491075277,0.19710397720336914,4.568084716796875,-2.8393750190734863,-2.8393750190734863,0,0.18633824586868286,0.07413602620363235,0.06004814803600311,0.067899689078331,-30.786331176757812,10.946920394897461,10.946920394897461,0,0.0,-0.00307307206094265,0.0013285850873216987,0.1508820503950119,-45.38676071166992,-4.689582347869873,-4.689582347869873,0
53,0.8833333333333333,5,5,spm2_platform_joint_x,0,,0,flat,0,4.691645622253418,4.587706565856934,0.14815327525138855,0.2,0.0,0.0,-0.022483838722109795,-0.02765483222901821,-0.20754556357860565,-8.74041748046875,5.558837413787842,5.558837413787842,0,0.0,0.002438453258946538,0.0015724103432148695,-0.16678762435913086,-4.880565643310547,1.1332553625106812,1.1332553625106812,0,0.0,0.015338405035436153,0.014462335966527462,-0.20106756687164307,0.4581946134567261,0.5133061408996582,0.5133061408996582,0,0.0,0.005805272608995438,0.010424946434795856,0.37436631321907043,15.38236141204834,-5.136898994445801,-5.136898994445801,0,0.0,-0.021633733063936234,-0.01871911808848381,0.40472543239593506,1.0361731052398682,-4.422570705413818,-4.422570705413818,0,0.18633824586868286,0.03734629973769188,0.015186234377324581,-0.42608702182769775,-66.1415023803711,21.322542190551758,21.322542190551758,0
54,0.9,0,0,spm1_platform_joint_z,0,,0,flat,0,4.431375980377197,4.832521915435791,0.14493617415428162,0.2,0.0,0.18355092406272888,0.22072845697402954,0.22373081743717194,-0.0777960866689682,9.013461112976074,-2.6704816818237305,-2.6704816818237305,0,0.0,0.008546194061636925,0.010019068606197834,-0.12408549338579178,2.064518690109253,0.05522918701171875,0.05522918701171875,0,0.0,0.0008527692407369614,0.002956477925181389,0.0957874283194542,0.5365929007530212,-1.9992064237594604,-1.9992064237594604,0,0.0,0.036863479763269424,0.04493420198559761,0.025392619892954826,-10.527655601501465,-8.22406005859375,-8.22406005859375,0,0.0,0.009362373501062393,0.01097322627902031,-0.13059759140014648,-8.011068344116211,-1.0824391841888428,-1.0824391841888428,0,0.0,-0.003786240704357624,-0.0019268543692305684,0.15663087368011475,3.1545495986938477,-1.8534812927246094,-1.8534812927246094,0
54,0.9,1,1,spm1_platform_joint_y,0,,0,flat,0,5.457009792327881,4.774301052093506,0.14739325642585754,0.2,0.0,0.0,0.008682185783982277,0.009940008632838726,-0.03719917684793472,-2.8731353282928467,-1.5552897453308105,-1.5552897453308105,0,0.18355092406272888,0.1318911463022232,0.1250753104686737,-0.2531841993331909,-0.7534986734390259,9.45169734954834,9.45169734954834,0,0.0,-0.0006048986688256264,-9.72634443314746e-05,-0.008714308962225914,-5.449611186981201,-0.9927762746810913,-0.9927762746810913,0,0.0,0.010558413341641426,0.012612422928214073,0.036828767508268356,0.9305577874183655,-2.026287794113159,-2.026287794113159,0,0.0,0.0919322669506073,0.11000104248523712,-0.24062244594097137,-16.933679580688477,-15.909269332885742,-15.909269332885742,0,0.0,-0.006336368154734373,-0.005750995595008135,0.09872207790613174,8.169286727905273,0.6292784214019775,0.6292784214019775,0
54,0.9,2,2,spm1_platform_joint_x,0,,0,flat,0,4.738609313964844,3.51153564453125,0.1473105102777481,0.2,0.0,0.0,-0.006271832622587681,-0.008568618446588516,-0.027166342362761497,-0.06891399621963501,2.0923149585723877,2.0923149585723877,0,0.0,-0.007737292442470789,-0.0018226031679660082,0.07630608975887299,-18.822017669677734,-5.068890571594238,-5.068890571594238,0,0.18355092406272888,0.03044918179512024,0.007001872174441814,0.04283173382282257,-0.42745649814605713,23.162303924560547,23.162303924560547,0,0.0,0.03445412963628769,0.03722989931702614,-0.2902572751045227,-5.105413436889648,-2.000412702560425,-2.000412702560425,0,0.0,-0.010808982886373997,-0.012165531516075134,-0.3190233111381531,-19.800642013549805,2.4931116104125977,2.4931116104125977,0,0.0,-0.0025881279725581408,-0.003681371919810772,0.036453016102313995,3.974919319152832,1.0965081453323364,1.0965081453323364,0
54,0.9,3,3,spm2_platform_joint_z,0,,0,flat,0,5.526308059692383,4.312107563018799,0.14489367604255676,0.2,0.0,0.0,-0.013867421075701714,-0.018331235274672508,-0.08749902248382568,2.781153917312622,4.481838226318359,4.481838226318359,0,0.0,0.00998273678123951,0.012847128324210644,-0.21709181368350983,-10.679231643676758,-1.1787655353546143,-1.1787655353546143,0,0.0,0.0013736109249293804,0.0021232133731245995,0.041581977158784866,-3.3420803546905518,-1.2407371997833252,-1.2407371997833252,0,0.18355092406272888,0.1715676486492157,0.16810239851474762,-0.09938054531812668,3.4019968509674072,3.9702577590942383,3.9702577590942383,0,0.0,0.008982554078102112,0.012665005400776863,-0.14995740354061127,-8.021428108215332,-1.8542230129241943,-1.8542230129241943,0,0.0,-0.0024091729428619146,-0.003970475401729345,-0.05126429721713066,-1.1078752279281616,1.3720921277999878,1.3720921277999878,0
54,0.9,4,4,spm2_platform_joint_y,0,,0,flat,0,4.474102973937988,5.114668369293213,0.14525550603866577,0.2,0.0,0.0,0.025209350511431694,0.024265984073281288,-0.2853177487850189,9.744966506958008,2.4784605503082275,2.4784605503082275,0,0.0,0.042185649275779724,0.05440816283226013,0.30454307794570923,-4.393190383911133,-12.238109588623047,-12.238109588623047,0,0.0,-0.0034920410253107548,0.00045775415492244065,0.6832032799720764,51.38479232788086,-3.887068748474121,-3.887068748474121,0,0.0,0.0036236324813216925,0.009268545545637608,0.46654143929481506,4.5082855224609375,-6.106020450592041,-6.106020450592041,0,0.18355092406272888,0.07651518285274506,0.06083517521619797,-0.22328715026378632,-27.317928314208984,14.64919376373291,14.64919376373291,0,0.0,0.0011514404322952032,-0.003500515827909112,-0.3735979497432709,-2.8074288368225098,3.9215376377105713,3.9215376377105713,0
54,0.9,5,5,spm2_platform_joint_x,0,,0,flat,0,4.709281921386719,4.587090969085693,0.14757008850574493,0.2,0.0,0.0,-0.023967521265149117,-0.030482277274131775,0.03884896636009216,41.21027374267578,8.93731689453125,8.93731689453125,0,0.0,0.001362755661830306,0.0017442646203562617,-0.06285125762224197,3.1891751289367676,1.1520624160766602,1.1520624160766602,0,0.0,0.012534024193882942,0.0098531823605299,-0.13364090025424957,14.474664688110352,3.758791446685791,3.758791446685791,0,0.0,0.009034954011440277,0.018039140850305557,0.25213003158569336,-34.58007049560547,-10.576360702514648,-10.576360702514648,0,0.0,-0.016223235055804253,-0.014230302534997463,0.02800799161195755,-26.979564666748047,-3.338290214538574,-3.338290214538574,0,0.18355092406272888,0.03763486072421074,0.006716755218803883,-0.41147321462631226,7.063922882080078,31.353710174560547,31.353710174560547,0
55,0.9166666666666666,0,0,spm1_platform_joint_z,0,,0,flat,0,4.443112850189209,4.834070682525635,0.14485988020896912,0.2,0.0,0.1805170625448227,0.21796898543834686,0.2218729704618454,-0.07306674867868423,1.5174812078475952,-3.8557252883911133,-3.8557252883911133,0,0.0,0.008683192543685436,0.010476933792233467,0.004671680741012096,8.875082969665527,-0.9554715156555176,-0.9554715156555176,0,0.0,0.0025622807443141937,0.004918620456010103,-0.0329943522810936,-16.265079498291016,-2.4107542037963867,-2.4107542037963867,0,0.0,0.03894297406077385,0.0462484285235405,0.08516896516084671,8.688281059265137,-6.7246222496032715,-6.7246222496032715,0,0.0,0.009510129690170288,0.009767746552824974,-0.20858721435070038,-2.096453905105591,1.1260087490081787,1.1260087490081787,0,0.0,-0.0016699404222890735,-0.0010002357885241508,-0.16095569729804993,-38.96302032470703,-2.6533749103546143,-2.6533749103546143,0
55,0.9166666666666666,1,1,spm1_platform_joint_y,0,,0,flat,0,5.471573352813721,4.773991107940674,0.14714694023132324,0.2,0.0,0.0,0.008614674210548401,0.00952975545078516,-0.013882557861506939,1.6768088340759277,-0.6281154155731201,-0.6281154155731201,0,0.1805170625448227,0.13246753811836243,0.1265094131231308,-0.22870135307312012,-6.589851379394531,8.19514274597168,8.19514274597168,0,0.0,-8.429498120676726e-05,-3.086342985625379e-05,-0.01281258650124073,-0.3155197501182556,0.12910452485084534,0.12910452485084534,0,0.0,0.010930766351521015,0.013069188222289085,-0.009012965485453606,-3.173004388809204,-2.52095103263855,-2.52095103263855,0,0.0,0.0953342393040657,0.11192502826452255,-0.29336094856262207,-12.915264129638672,-14.101142883300781,-14.101142883300781,0,0.0,-0.004984196275472641,-0.004689959809184074,0.057508863508701324,-3.7956717014312744,-0.5778653621673584,-0.5778653621673584,0
55,0.9166666666666666,2,2,spm1_platform_joint_x,0,,0,flat,0,4.752221584320068,3.512101411819458,0.14752453565597534,0.2,0.0,0.0,-0.007426136173307896,-0.009135618805885315,-0.05911913514137268,-6.9070329666137695,1.326698899269104,1.326698899269104,0,0.0,-0.001579589443281293,0.002847247291356325,0.09838880598545074,-11.488911628723145,-4.329765796661377,-4.329765796661377,0,0.1805170625448227,0.030137229710817337,0.004700294230133295,-0.10259672999382019,-22.314964294433594,21.902639389038086,21.902639389038086,0,0.0,0.03226591274142265,0.03390897810459137,-0.19397111237049103,13.492382049560547,0.15394306182861328,0.15394306182861328,0,0.0,-0.010543460957705975,-0.012467854656279087,-0.12947586178779602,3.833717107772827,3.7783055305480957,3.7783055305480957,0,0.0,-0.003190522314980626,-0.0027345234993845224,0.15591055154800415,13.987465858459473,-0.07799550890922546,-0.07799550890922546,0
55,0.9166666666666666,3,3,spm2_platform_joint_z,0,,0,flat,0,5.53621768951416,4.312507152557373,0.1447809934616089,0.2,0.0,0.0,-0.015887070447206497,-0.021386049687862396,-0.1759253889322281,1.293666958808899,5.20241641998291,5.20241641998291,0,0.0,0.011134177446365356,0.015280073508620262,-0.11329607665538788,-15.895994186401367,-2.476778030395508,-2.476778030395508,0,0.0,0.001840118202380836,0.0030129230581223965,0.04203490912914276,-13.743583679199219,-1.6522800922393799,-1.6522800922393799,0,0.1805170625448227,0.1697576940059662,0.16783225536346436,-0.014033239334821701,-1.4616730213165283,2.1170270442962646,2.1170270442962646,0,0.0,0.0109763378277421,0.014372311532497406,-0.2616538405418396,-21.41620635986328,-2.2761998176574707,-2.2761998176574707,0,0.0,-0.0034410785883665085,-0.0025219328235834837,0.21710635721683502,10.29074764251709,0.09666073322296143,0.09666073322296143,0
55,0.9166666666666666,4,4,spm2_platform_joint_y,0,,0,flat,0,4.488437175750732,5.113558769226074,0.14621908962726593,0.2,0.0,0.0,0.021030519157648087,0.023770825937390327,0.03734193742275238,13.1127290725708,-1.2585361003875732,-1.2585361003875732,0,0.0,0.047153741121292114,0.0601767934858799,0.2471746802330017,-25.907203674316406,-15.17015266418457,-15.17015266418457,0,0.0,0.0003967202501371503,0.004006158094853163,-0.10201482474803925,-58.91080093383789,-7.916508674621582,-7.916508674621582,0,0.0,0.008032739162445068,0.01335228979587555,-0.07382082939147949,-45.52936935424805,-7.8118414878845215,-7.8118414878845215,0,0.1805170625448227,0.07679276168346405,0.05752085894346237,-0.07063403725624084,1.1158177852630615,18.408262252807617,18.408262252807617,0,0.0,-0.0030337802600115538,-0.00976975355297327,0.0975428968667984,67.49089813232422,9.640424728393555,9.640424728393555,0
55,0.9166666666666666,5,5,spm2_platform_joint_x,0,,0,flat,0,4.726166248321533,4.586415767669678,0.14671014249324799,0.2,0.0,0.0,-0.02641797438263893,-0.031418487429618835,-0.02137920632958412,-1.464900016784668,4.337246417999268,4.337246417999268,0,0.0,0.0015116960275918245,0.0009782230481505394,-0.1641729325056076,-6.664648532867432,0.760768473148346,0.760768473148346,0,0.0,0.008539424277842045,0.008783918805420399,0.019111759960651398,4.934001922607422,-0.5229393839836121,-0.5229393839836121,0,0.0,0.015633922070264816,0.021804485470056534,0.07017689943313599,-16.38677406311035,-6.604645729064941,-6.604645729064941,0,0.0,-0.012332928366959095,-0.011333299800753593,0.13934487104415894,9.38493824005127,-0.028210699558258057,-0.028210699558258057,0,0.1805170625448227,0.02989013120532036,0.004974345210939646,0.16389325261116028,32.2205810546875,26.75602149963379,26.75602149963379,0
56,0.9333333333333333,0,0,spm1_platform_joint_z,0,,0,flat,0,4.454087257385254,4.835882186889648,0.14491437375545502,0.2,0.0,0.17724071443080902,0.21592199802398682,0.2190738171339035,-0.22129850089550018,-8.292004585266113,-3.5096306800842285,-3.5096306800842285,0,0.0,0.009080009534955025,0.010945651680231094,-0.03466184809803963,3.671262502670288,-1.1392433643341064,-1.1392433643341064,0,0.0,0.004262804519385099,0.0019698229152709246,-0.15334393084049225,-5.061539649963379,1.3007526397705078,1.3007526397705078,0,0.0,0.040081970393657684,0.04964856430888176,0.18116392195224762,4.411159038543701,-9.163384437561035,-9.163384437561035,0,0.0,0.008465380407869816,0.009835092350840569,0.2823711037635803,49.91847229003906,0.801699697971344,0.801699697971344,0,0.0,-0.0008668709779158235,-0.00346169900149107,-0.07052630186080933,6.5655131340026855,3.5699987411499023,3.5699987411499023,0
56,0.9333333333333333,1,1,spm1_platform_joint_y,0,,0,flat,0,5.485354423522949,4.773858547210693,0.14639222621917725,0.2,0.0,0.0,0.0082591213285923,0.009840910322964191,-0.029357386752963066,-3.10223388671875,-1.2537014484405518,-1.2537014484405518,0,0.17724071443080902,0.13327358663082123,0.12679465115070343,-0.3869997560977936,-24.800920486450195,7.830833435058594,7.830833435058594,0,0.0,-2.6748304662760347e-05,0.0007972699240781367,0.0970669761300087,13.429241180419922,0.07949908077716827,0.07949908077716827,0,0.0,0.011326629668474197,0.013378768227994442,-0.15962234139442444,-21.098438262939453,-1.6854465007781982,-1.6854465007781982,0,0.0,0.09700168669223785,0.11535193026065826,0.15206016600131989,50.78525161743164,-12.571277618408203,-12.571277618408203,0,0.0,-0.004064631648361683,-0.00581015320494771,0.18515795469284058,22.054658889770508,0.24191755056381226,0.24191755056381226,0
56,0.9333333333333333,2,2,spm1_platform_joint_x,0,,0,flat,0,4.765599250793457,3.512862205505371,0.1472904086112976,0.2,0.0,0.0,-0.007917536422610283,-0.010381577536463737,-0.14212052524089813,-13.706588745117188,1.7258532047271729,1.7258532047271729,0,0.0,0.0024676143657416105,0.006817393470555544,-0.14692409336566925,-37.41252517700195,-4.975844383239746,-4.975844383239746,0,0.17724071443080902,0.027705684304237366,0.0046796053647994995,0.3754221796989441,54.353939056396484,24.975175857543945,24.975175857543945,0,0.0,0.029387781396508217,0.03140886127948761,-0.19445031881332397,-0.7548433542251587,-1.2406612634658813,-1.2406612634658813,0,0.0,-0.010805473662912846,-0.01093519851565361,-0.08748890459537506,-5.2617645263671875,1.5228503942489624,1.5228503942489624,0,0.0,-0.0023699202574789524,-0.0006362408166751266,0.16367295384407043,-1.826552152633667,-2.633845090866089,-2.633845090866089,0
56,0.9333333333333333,3,3,spm2_platform_joint_z,0,,0,flat,0,5.546048164367676,4.3131914138793945,0.14487633109092712,0.2,0.0,0.0,-0.018534576520323753,-0.02405911684036255,-0.18712368607521057,-5.057551860809326,6.5464982986450195,6.5464982986450195,0,0.0,0.013242729939520359,0.019728614017367363,0.11026787012815475,29.319637298583984,-4.5087175369262695,-4.5087175369262695,0,0.0,0.0026111998595297337,0.0012433944502845407,-0.15854276716709137,-27.640331268310547,-1.5897654294967651,-1.5897654294967651,0,0.17724071443080902,0.16908672451972961,0.16914337873458862,0.3149924576282501,27.894729614257812,-0.09569847583770752,-0.09569847583770752,0,0.0,0.012456003576517105,0.017381807789206505,-0.6661800146102905,-57.31727600097656,-1.6383655071258545,-1.6383655071258545,0,0.0,-0.0021856750827282667,-0.003976202569901943,-0.12972383201122284,0.5879473686218262,0.05688953399658203,0.05688953399658203,0
56,0.9333333333333333,4,4,spm2_platform_joint_y,0,,0,flat,0,4.502654075622559,5.113158702850342,0.14679110050201416,0.2,0.0,0.0,0.020601382479071617,0.023644020780920982,-0.0014552825596183538,1.1592745780944824,-3.1482222080230713,-3.1482222080230713,0,0.0,0.052153222262859344,0.0658738985657692,0.1967339813709259,-18.511341094970703,-14.70964241027832,-14.70964241027832,0,0.0,0.0034720036201179028,0.002554119797423482,-0.13372176885604858,-7.578354358673096,0.8295928835868835,0.8295928835868835,0,0.0,0.011571984738111496,0.012068995274603367,-0.10705465823411942,-5.43282413482666,-0.48743677139282227,-0.48743677139282227,0,0.17724071443080902,0.07348351180553436,0.05849955976009369,-0.06152047589421272,-6.897050380706787,15.327425003051758,15.327425003051758,0,0.0,-0.008467119187116623,-0.007776371203362942,0.14263951778411865,4.130557060241699,-0.7753689885139465,-0.7753689885139465,0
56,0.9333333333333333,5,5,spm2_platform_joint_x,0,,0,flat,0,4.742466926574707,4.586033821105957,0.14556747674942017,0.2,0.0,0.0,-0.02722935564815998,-0.03368562459945679,0.07836493849754333,40.24814224243164,8.063338279724121,8.063338279724121,0,0.0,0.0008477933006361127,-0.0011999974958598614,-0.2074512392282486,-7.967616081237793,1.6961562633514404,1.6961562633514404,0,0.0,0.007612729445099831,0.004671107977628708,-0.2108648717403412,-7.224485397338867,2.7060506343841553,2.7060506343841553,0,0.0,0.018897220492362976,0.02594812586903572,0.16339771449565887,-9.498063087463379,-6.967728614807129,-6.967728614807129,0,0.0,-0.009822193533182144,-0.004499176982790232,0.04490882158279419,-50.349029541015625,-6.626952171325684,-6.626952171325684,0,0.17724071443080902,0.027943193912506104,0.0029922379180788994,-0.3179432451725006,-63.45152282714844,20.27593421936035,20.27593421936035,0
57,0.95,0,0,spm1_platform_joint_z,0,,0,flat,0,4.464520454406738,4.837737083435059,0.1449356973171234,0.2,0.0,0.17372630536556244,0.2130274772644043,0.2154586762189865,-0.1317984163761139,4.756989002227783,-2.5275139808654785,-2.5275139808654785,0,0.0,0.00948623102158308,0.0103543596342206,-0.17033548653125763,0.27375340461730957,0.46408772468566895,0.46408772468566895,0,0.0,0.0017071798210963607,4.8183370381593704e-05,-0.10289913415908813,1.394798755645752,1.8620719909667969,1.8620719909667969,0,0.0,0.043028756976127625,0.05199284851551056,-0.004758812021464109,-10.589262962341309,-8.95742130279541,-8.95742130279541,0,0.0,0.008523746393620968,0.011186746880412102,-0.06656729429960251,-8.769610404968262,-2.3149702548980713,-2.3149702548980713,0,0.0,-0.0030001390259712934,-0.004422490950673819,-0.030148152261972427,3.577918767929077,1.5791020393371582,1.5791020393371582,0
57,0.95,1,1,spm1_platform_joint_y,0,,0,flat,0,5.498211860656738,4.773815155029297,0.14586225152015686,0.2,0.0,0.0,0.008528788574039936,0.008979327976703644,-0.030028698965907097,-1.8347673416137695,-0.554179310798645,-0.554179310798645,0,0.17372630536556244,0.13305220007896423,0.12428829818964005,-0.40167081356048584,8.511643409729004,12.29763412475586,12.29763412475586,0,0.0,0.0006909672520123422,0.0010366090573370457,-0.03480685129761696,-16.900066375732422,-1.317686915397644,-1.317686915397644,0,0.0,0.011594932526350021,0.012492588721215725,-0.022766830399632454,2.279762029647827,-1.0232946872711182,-1.0232946872711182,0,0.0,0.09997167438268661,0.11984747648239136,-0.2141493558883667,-12.080674171447754,-17.223764419555664,-17.223764419555664,0,0.0,-0.00503546604886651,-0.004546960350126028,0.006644017528742552,-7.4853129386901855,-0.6724215149879456,-0.6724215149879456,0
57,0.95,2,2,spm1_platform_joint_x,0,,0,flat,0,4.778656005859375,3.5134520530700684,0.14603447914123535,0.2,0.0,0.0,-0.008997366763651371,-0.012742714025080204,-0.12455012649297714,1.1636004447937012,4.246119499206543,4.246119499206543,0,0.0,0.005908407736569643,0.004417051561176777,-0.36085450649261475,-20.868606567382812,1.8669058084487915,1.8669058084487915,0,0.17372630536556244,0.027219166979193687,0.007775646168738604,0.09020736813545227,-22.107650756835938,17.821176528930664,17.821176528930664,0,0.0,0.027221012860536575,0.02639961801469326,-0.1966639906167984,24.94538688659668,3.0596861839294434,3.0596861839294434,0,0.0,-0.009477172046899796,-0.0034542528446763754,0.17530915141105652,-9.964323997497559,-4.482891082763672,-4.482891082763672,0,0.0,-0.0005514086806215346,0.00358754163607955,-0.0005021215765736997,-41.902244567871094,-7.511756420135498,-7.511756420135498,0
57,0.95,3,3,spm2_platform_joint_z,0,,0,flat,0,5.555704593658447,4.313448905944824,0.14629775285720825,0.2,0.0,0.0,-0.02085123397409916,-0.025881243869662285,0.006671000272035599,24.891454696655273,6.483808517456055,6.483808517456055,0,0.0,0.017098132520914078,0.027477003633975983,-0.26877284049987793,-57.87421798706055,-9.443659782409668,-9.443659782409668,0,0.0,0.001077608554624021,0.001453504664823413,0.01062694750726223,-28.306095123291016,-2.7088193893432617,-2.7088193893432617,0,0.17372630536556244,0.16975443065166473,0.17005440592765808,-0.06310512125492096,-23.182621002197266,-1.6675364971160889,-1.6675364971160889,0,0.0,0.015064232982695103,0.018442219123244286,-0.5733449459075928,-8.030076026916504,1.6161117553710938,1.6161117553710938,0,0.0,-0.0034460420720279217,-0.004661922343075275,-0.06305743753910065,-25.311050415039062,-1.0400159358978271,-1.0400159358978271,0
57,0.95,4,4,spm2_platform_joint_y,0,,0,flat,0,4.516422271728516,5.112754821777344,0.14633989334106445,0.2,0.0,0.0,0.02049148455262184,0.023190245032310486,-0.09184570610523224,-7.490504264831543,-2.8215601444244385,-2.8215601444244385,0,0.0,0.05709071084856987,0.07011309266090393,0.061898499727249146,-21.519031524658203,-13.710556030273438,-13.710556030273438,0,0.0,0.002213570522144437,-0.001875380170531571,-0.2809111177921295,-8.32065200805664,3.756258010864258,3.756258010864258,0,0.0,0.010459795594215393,0.010362857021391392,0.03004264272749424,18.097639083862305,0.6784553527832031,0.6784553527832031,0,0.17372630536556244,0.07386312633752823,0.06063457950949669,0.0011887811124324799,-4.61778450012207,13.72094440460205,13.72094440460205,0,0.0,-0.006739521399140358,-0.006373501382768154,-0.09176567196846008,-25.591461181640625,-1.2113397121429443,-1.2113397121429443,0
57,0.95,5,5,spm2_platform_joint_x,0,,0,flat,0,4.758124828338623,4.585383892059326,0.1453864872455597,0.2,0.0,0.0,-0.02919420786201954,-0.0341624915599823,0.07827328890562057,13.451228141784668,4.961703777313232,4.961703777313232,0,0.0,-0.001039997790940106,-0.0012631034478545189,-0.02126811072230339,-14.333532333374023,-0.31272828578948975,-0.31272828578948975,0,0.0,0.0040482934564352036,0.003645166289061308,0.052161186933517456,-5.82375955581665,-0.6368502378463745,-0.6368502378463745,0,0.0,0.02248837612569332,0.029374318197369576,-0.012569802813231945,-28.618741989135742,-7.893601894378662,-7.893601894378662,0,0.0,-0.0038992867339402437,-0.0027276016771793365,-0.05516456067562103,-16.421241760253906,-1.4597316980361938,-1.4597316980361938,0,0.17372630536556244,0.025756780058145523,-8.57663617352955e-05,-0.019936971366405487,-0.3485027551651001,25.475299835205078,25.475299835205078,0
58,0.9666666666666667,0,0,spm1_platform_joint_z,0,,0,flat,0,4.474488258361816,4.8391618728637695,0.14515388011932373,0.2,0.0,0.1699785441160202,0.2093946635723114,0.21253298223018646,-0.09175440669059753,3.2280187606811523,-3.338251829147339,-3.338251829147339,0,0.0,0.00897377822548151,0.010782096534967422,-0.033236026763916016,2.0853514671325684,-0.745979905128479,-0.745979905128479,0,0.0,4.175892172497697e-05,0.00115290901158005,0.09326692670583725,0.2705097198486328,-1.3309135437011719,-1.3309135437011719,0,0.0,0.04506046697497368,0.053593382239341736,0.022869370877742767,0.9305727481842041,-7.926236629486084,-7.926236629486084,0,0.0,0.00969518069177866,0.0094511853531003,-0.1274150311946869,8.953238487243652,1.4018983840942383,1.4018983840942383,0,0.0,-0.0038328254595398903,-0.002191198291257024,0.0799308568239212,-13.870403289794922,-2.3123655319213867,-2.3123655319213867,0
58,0.9666666666666667,1,1,spm1_platform_joint_y,0,,0,flat,0,5.510428428649902,4.773756504058838,0.14514240622520447,0.2,0.0,0.0,0.007782083936035633,0.008511589840054512,-0.016462067142128944,-1.6830281019210815,-0.9248048663139343,-0.9248048663139343,0,0.1699785441160202,0.13038033246994019,0.12258943915367126,-0.24297823011875153,8.97690486907959,10.385876655578613,10.385876655578613,0,0.0,0.00089839450083673,0.0007442127098329365,-0.06674094498157501,-6.405531883239746,0.15026691555976868,0.15026691555976868,0,0.0,0.01082690991461277,0.012119018472731113,0.0203724168241024,8.3367338180542,-0.8958595991134644,-0.8958595991134644,0,0.0,0.10386781394481659,0.12110019475221634,-0.28240054845809937,-8.2885103225708,-14.549359321594238,-14.549359321594238,0,0.0,-0.003940698690712452,-0.003863841760903597,-0.007351464591920376,-8.214428901672363,-0.3267608880996704,-0.3267608880996704,0
58,0.9666666666666667,2,2,spm1_platform_joint_x,0,,0,flat,0,4.7912702560424805,3.513821840286255,0.14564251899719238,0.2,0.0,0.0,-0.011043685488402843,-0.014248877763748169,-0.08440396189689636,4.40626859664917,3.439621925354004,3.439621925354004,0,0.0,0.0038281113374978304,0.005353323649615049,-0.1503096967935562,-20.04677963256836,-1.1143969297409058,-1.1143969297409058,0,0.1699785441160202,0.029402699321508408,0.0034554246813058853,-0.016183651983737946,36.20392608642578,26.92313003540039,26.92313003540039,0,0.0,0.022879669442772865,0.027566688135266304,0.13874472677707672,4.2928032875061035,-4.263041973114014,-4.263041973114014,0,0.0,-0.002993685659021139,0.0005232756957411766,-0.13244876265525818,-36.13401794433594,-3.2656898498535156,-3.2656898498535156,0,0.0,0.0031092027202248573,-0.001019129529595375,-0.09585428982973099,21.746824264526367,5.155909538269043,5.155909538269043,0
58,0.9666666666666667,3,3,spm2_platform_joint_z,0,,0,flat,0,5.565046310424805,4.313742637634277,0.14707329869270325,0.2,0.0,0.0,-0.022430410608649254,-0.02688751555979252,-0.025857139378786087,20.249629974365234,5.585965633392334,5.585965633392334,0,0.0,0.02381340228021145,0.0295382272452116,-0.05463658645749092,-36.464942932128906,-6.6547112464904785,-6.6547112464904785,0,0.0,0.0012597040040418506,0.0021640330087393522,0.09058196097612381,-28.9262752532959,-3.460763454437256,-3.460763454437256,0,0.1699785441160202,0.17004428803920746,0.16878409683704376,-0.11601559817790985,-14.486522674560547,0.5553699731826782,0.5553699731826782,0,0.0,0.015983257442712784,0.015481271781027317,-0.36523470282554626,9.952289581298828,3.426067352294922,3.426067352294922,0,0.0,-0.0040403325110673904,-0.005341381765902042,-0.00010767113417387009,-31.494182586669922,-1.2732495069503784,-1.2732495069503784,0
58,0.9666666666666667,4,4,spm2_platform_joint_y,0,,0,flat,0,4.530229568481445,5.112736225128174,0.145559161901474,0.2,0.0,0.0,0.020098213106393814,0.017540033906698227,-0.285739928483963,1.4019584655761719,2.841320037841797,2.841320037841797,0,0.0,0.060764677822589874,0.07079549878835678,-0.13278400897979736,5.709612846374512,-7.498527526855469,-7.498527526855469,0,0.0,-0.001625329488888383,0.0016764845931902528,0.19804714620113373,-26.168344497680664,-4.713586330413818,-4.713586330413818,0,0.0,0.008981142193078995,0.010873145423829556,-0.19078578054904938,-32.701637268066406,-4.028692245483398,-4.028692245483398,0,0.1699785441160202,0.07521377503871918,0.06634554266929626,0.1705099493265152,-3.4689383506774902,8.838325500488281,8.838325500488281,0,0.0,-0.005523701198399067,-0.0052993400022387505,0.2596937119960785,38.8448600769043,3.2244067192077637,3.2244067192077637,0
58,0.9666666666666667,5,5,spm2_platform_joint_x,0,,0,flat,0,4.773479461669922,4.585361957550049,0.14575952291488647,0.2,0.0,0.0,-0.029607493430376053,-0.036719147115945816,0.06186392903327942,22.215360641479492,6.777403831481934,6.777403831481934,0,0.0,-0.001094689592719078,0.0026988424360752106,0.1726912558078766,-22.22530174255371,-4.569258213043213,-4.569258213043213,0,0.0,0.0031591439619660378,0.005441395565867424,0.28503936529159546,-6.780803203582764,-4.36652946472168,-4.36652946472168,0,0.0,0.02545774169266224,0.029361534863710403,-0.27300167083740234,-18.841108322143555,-3.566714286804199,-3.566714286804199,0,0.0,-0.0023639213759452105,-0.004656799603253603,0.12659211456775665,55.47407531738281,4.215439796447754,4.215439796447754,0,0.1699785441160202,0.02258947864174843,0.0028212256729602814,0.2665632665157318,-10.583285331726074,18.861101150512695,18.861101150512695,0
59,0.9833333333333333,0,0,spm1_platform_joint_z,0,,0,flat,0,4.484034538269043,4.840688705444336,0.14503882825374603,0.2,0.0,0.16600245237350464,0.20632891356945038,0.21038979291915894,-0.0563797689974308,5.4221510887146,-4.062329292297363,-4.062329292297363,0,0.0,0.009344483725726604,0.010069983080029488,-0.029875263571739197,6.459449768066406,-0.20820844173431396,-0.20820844173431396,0,0.0,0.0009991878177970648,0.0023750506807118654,0.06248065456748009,-1.4822865724563599,-1.5336253643035889,-1.5336253643035889,0,0.0,0.046447597444057465,0.05593837797641754,0.03902791067957878,-2.92657470703125,-8.887126922607422,-8.887126922607422,0,0.0,0.008191026747226715,0.008245590142905712,-0.08010681718587875,2.5667693614959717,0.5680174231529236,0.5680174231529236,0,0.0,-0.001899038441479206,-0.003613513894379139,-0.07208144664764404,-4.269989967346191,1.3616894483566284,1.3616894483566284,0
59,0.9833333333333333,1,1,spm1_platform_joint_y,0,,0,flat,0,5.522213459014893,4.77361536026001,0.14473889768123627,0.2,0.0,0.0,0.007376710884273052,0.009667853824794292,0.13857299089431763,12.411831855773926,-1.4613821506500244,-1.4613821506500244,0,0.16600245237350464,0.12837783992290497,0.1239093542098999,-0.1250869333744049,19.924922943115234,8.243243217468262,8.243243217468262,0,0.0,0.0006449843640439212,0.002482154406607151,-0.053448718041181564,-0.1979738473892212,0.6115595102310181,0.6115595102310181,0,0.0,0.010503149591386318,0.011600675992667675,-0.17016692459583282,-30.451515197753906,-2.5568556785583496,-2.5568556785583496,0,0.0,0.10495349764823914,0.12298192083835602,-0.303725928068161,1.0500884056091309,-13.627118110656738,-13.627118110656738,0,0.0,-0.0033486627507954836,-0.004628243390470743,-0.19727487862110138,16.10560417175293,3.825821876525879,3.825821876525879,0
59,0.9833333333333333,2,2,spm1_platform_joint_x,0,,0,flat,0,4.803755283355713,3.51397705078125,0.14533793926239014,0.2,0.0,0.0,-0.012349027208983898,-0.012809072621166706,0.17424342036247253,5.838897228240967,0.4057551622390747,0.4057551622390747,0,0.0,0.0046395473182201385,0.008412610739469528,-0.25321999192237854,-22.6745548248291,-2.180952310562134,-2.180952310562134,0,0.16600245237350464,0.025128362700343132,0.0029312821570783854,0.06698867678642273,7.622487545013428,22.443483352661133,22.443483352661133,0,0.0,0.023891128599643707,0.026062650606036186,-0.24796433746814728,-17.723432540893555,-2.759241819381714,-2.759241819381714,0,0.0,0.0004535056068561971,0.006042266730219126,-0.17873136699199677,-21.932464599609375,-3.2238612174987793,-3.2238612174987793,0,0.0,-0.0008832456078380346,-0.0030579036101698875,-0.050294145941734314,7.232205390930176,2.86572265625,2.86572265625,0
59,0.9833333333333333,3,3,spm2_platform_joint_z,0,,0,flat,0,5.574357986450195,4.3142194747924805,0.14764949679374695,0.2,0.0,0.0,-0.023302514106035233,-0.028710559010505676,-0.2028028517961502,-28.202260971069336,2.9931249618530273,2.9931249618530273,0,0.0,0.025599796324968338,0.032384634017944336,0.03797236829996109,25.220149993896484,-2.3646488189697266,-2.3646488189697266,0,0.0,0.0018754953052848577,0.0027463322039693594,0.08862102031707764,23.70556640625,1.764244794845581,1.764244794845581,0,0.16600245237350464,0.1684132069349289,0.16706852614879608,-0.01806454174220562,16.53463363647461,2.531130313873291,2.531130313873291,0,0.0,0.01341710239648819,0.013030809350311756,-0.4236108064651489,-13.427406311035156,1.7989420890808105,1.7989420890808105,0,0.0,-0.004629197530448437,-0.00418829545378685,0.2438076138496399,52.10874938964844,4.1696367263793945,4.1696367263793945,0
59,0.9833333333333333,4,4,spm2_platform_joint_y,0,,0,flat,0,4.543871879577637,5.113024711608887,0.1450488120317459,0.2,0.0,0.0,0.015201362781226635,0.01260311622172594,-0.21388401091098785,0.010741353034973145,2.5791265964508057,2.5791265964508057,0,0.0,0.06135609745979309,0.0726785808801651,0.023047318682074547,9.413922309875488,-9.14358901977539,-9.14358901977539,0,0.0,0.0014529533218592405,0.0013625064166262746,-0.032347097992897034,-9.000130653381348,-1.761613130569458,-1.761613130569458,0,0.0,0.009423392824828625,0.010699656791985035,0.24069364368915558,43.33189392089844,0.9962962865829468,0.9962962865829468,0,0.16600245237350464,0.07963313162326813,0.0705462172627449,-0.10703451186418533,-45.9910774230957,7.107666492462158,7.107666492462158,0,0.0,-0.004592761397361755,-0.004634525161236525,-0.20615777373313904,-37.635528564453125,-2.2155613899230957,-2.2155613899230957,0
59,0.9833333333333333,5,5,spm2_platform_joint_x,0,,0,flat,0,4.788222312927246,4.585453033447266,0.14650054275989532,0.2,0.0,0.0,-0.03182326257228851,-0.03819109499454498,-0.03403293341398239,3.444136142730713,5.535552501678467,5.535552501678467,0,0.0,0.0023389968555420637,0.004604744259268045,0.03217598423361778,7.622918605804443,-1.4246149063110352,-1.4246149063110352,0,0.0,0.004715876188129187,0.009017272852361202,-0.0071595776826143265,-47.28840637207031,-7.779369354248047,-7.779369354248047,0,0.0,0.025446662679314613,0.026038004085421562,-0.014794748276472092,34.34734344482422,2.525435209274292,2.525435209274292,0,0.0,-0.0040358928963541985,-0.004419862292706966,-0.1727660447359085,-26.54743194580078,-0.5203962922096252,-0.5203962922096252,0,0.16600245237350464,0.024578724056482315,0.0050033447332680225,-0.1323087215423584,-58.421016693115234,14.282671928405762,14.282671928405762,0
60,1.0,0,0,spm1_platform_joint_z,0,,0,flat,0,4.493231773376465,4.842185974121094,0.14471718668937683,0.2,0.0,0.16180339455604553,0.20391160249710083,0.20770743489265442,-0.16413071751594543,0.00331878662109375,-3.6594598293304443,-3.6594598293304443,0,0.0,0.008727318607270718,0.008210270665585995,-0.21442092955112457,-13.140588760375977,0.44076257944107056,0.44076257944107056,0,0.0,0.00205837725661695,0.0036240271292626858,0.09661034494638443,5.223316669464111,-1.309143304824829,-1.309143304824829,0,0.0,0.04847992584109306,0.05688544735312462,-0.03904297947883606,-7.3162078857421875,-8.272013664245605,-8.272013664245605,0,0.0,0.007146177813410759,0.009442443959414959,0.15602733194828033,22.396751403808594,-0.46894919872283936,-0.46894919872283936,0,0.0,-0.0031317120883613825,-0.0017628960777074099,0.11479620635509491,-1.3754689693450928,-1.6101768016815186,-1.6101768016815186,0
60,1.0,1,1,spm1_platform_joint_y,0,,0,flat,0,5.5334696769714355,4.773654460906982,0.14579826593399048,0.2,0.0,0.0,0.00837880652397871,0.010168814100325108,-0.047339364886283875,-13.621042251586914,-2.5943496227264404,-2.5943496227264404,0,0.16180339455604553,0.12896189093589783,0.12821534276008606,-0.35251277685165405,-22.26337432861328,3.9497690200805664,3.9497690200805664,0,0.0,0.002151200547814369,0.001083980081602931,-0.07583443820476532,4.686349391937256,1.7181977033615112,1.7181977033615112,0,0.0,0.01005391962826252,0.010043025016784668,0.019448064267635345,13.855730056762695,0.6696001887321472,0.6696001887321472,0,0.0,0.106584332883358,0.12440412491559982,-0.5858995914459229,-14.999585151672363,-13.11910343170166,-13.11910343170166,0,0.0,-0.004011144395917654,-0.0052013820968568325,-0.0497349314391613,10.882546424865723,2.2304155826568604,2.2304155826568604,0
60,1.0,2,2,spm1_platform_joint_x,0,,0,flat,0,4.816166400909424,3.5140879154205322,0.14531391859054565,0.2,0.0,0.0,-0.011101196520030499,-0.008809274062514305,0.152367502450943,17.63089370727539,1.0335780382156372,1.0335780382156372,0,0.0,0.007290929090231657,0.014846094883978367,-0.19741290807724,10.008040428161621,0.1913437843322754,0.1913437843322754,0,0.16180339455604553,0.024114230647683144,0.002427650848403573,-0.06509438157081604,-66.33457946777344,13.983428955078125,13.983428955078125,0,0.0,0.02258763089776039,0.01999642141163349,-0.22748558223247528,11.300045013427734,1.7721343040466309,1.7721343040466309,0,0.0,0.0052366312593221664,0.011791620403528214,-0.42337289452552795,-57.981773376464844,-6.3606085777282715,-6.3606085777282715,0,0.0,-0.0026501831598579884,-0.0023764006327837706,-0.2718558609485626,-114.89672088623047,-9.71131706237793,-9.71131706237793,0
60,1.0,3,3,spm2_platform_joint_z,0,,0,flat,0,5.58367919921875,4.315030097961426,0.14777033030986786,0.2,0.0,0.0,-0.0248824842274189,-0.030584972351789474,0.02375432290136814,23.751567840576172,6.8961310386657715,6.8961310386657715,0,0.0,0.028066683560609818,0.034796539694070816,-0.32921943068504333,-45.96180725097656,-7.088603496551514,-7.088603496551514,0,0.0,0.002380154561251402,0.0003383953880984336,-0.19057400524616241,-16.64690589904785,1.378615379333496,1.378615379333496,0,0.16180339455604553,0.16636650264263153,0.1664109230041504,-0.05847122147679329,-3.3800578117370605,-0.06682100892066956,-0.06682100892066956,0,0.0,0.01129336841404438,0.013651576824486256,-0.24371126294136047,11.643329620361328,1.725250244140625,1.725250244140625,0,0.0,-0.0036298560444265604,-0.004683791659772396,-0.16868014633655548,-41.36069869995117,-1.677612066268921,-1.677612066268921,0
60,1.0,4,4,spm2_platform_joint_y,0,,0,flat,0,4.557492256164551,5.112434387207031,0.14509394764900208,0.2,0.0,0.0,0.01092270016670227,0.011140513233840466,-0.035424668341875076,5.067688465118408,0.6060987710952759,0.6060987710952759,0,0.0,0.06298810243606567,0.07661760598421097,0.01795007847249508,4.175505638122559,-11.897965431213379,-11.897965431213379,0,0.0,0.0011808389099314809,0.00022335669200401753,0.2055593729019165,31.28009605407715,0.3230130076408386,0.3230130076408386,0,0.0,0.009273035451769829,0.011181040666997433,-0.07399964332580566,-13.714092254638672,-2.3952994346618652,-2.3952994346618652,0,0.16180339455604553,0.08271384239196777,0.0760960578918457,-0.18538159132003784,-25.592594146728516,8.484495162963867,8.484495162963867,0,0.0,-0.004016588442027569,-0.0039327722042799,0.2863481044769287,36.554344177246094,-0.18203219771385193,-0.18203219771385193,0
60,1.0,5,5,spm2_platform_joint_x,0,,0,flat,0,4.802480697631836,4.585291862487793,0.1466749757528305,0.2,0.0,0.0,-0.03309894725680351,-0.039905235171318054,0.042876437306404114,9.513639450073242,6.599071979522705,6.599071979522705,0,0.0,0.003990778233855963,0.0066057960502803326,-0.042126934975385666,-14.694371223449707,-2.852806806564331,-2.852806806564331,0,0.0,0.00781496986746788,0.008272441104054451,-0.036869656294584274,-7.632054328918457,-1.5482938289642334,-1.5482938289642334,0,0.0,0.02256627008318901,0.027211040258407593,-0.11064627021551132,-15.28377628326416,-4.324704170227051,-4.324704170227051,0,0.0,-0.003830547211691737,-0.004602794069796801,-0.09782437235116959,-3.82074236869812,1.6298532485961914,1.6298532485961914,0,0.16180339455604553,0.025910018011927605,0.0027100942097604275,-0.05371711403131485,5.026669979095459,22.85424041748047,22.85424041748047,0
61,1.0166666666666666,0,0,spm1_platform_joint_z,0,,0,flat,0,4.50210428237915,4.843764305114746,0.14442497491836548,0.2,0.0,0.15738700330257416,0.20099803805351257,0.20410268008708954,-0.1989402174949646,-4.259891510009766,-3.1753406524658203,-3.1753406524658203,0,0.0,0.007115568034350872,0.005096833221614361,-0.047560326755046844,6.955142974853516,2.0378453731536865,2.0378453731536865,0,0.0,0.0031408234499394894,0.0028208931908011436,-0.09919019788503647,-0.1836991310119629,0.40012532472610474,0.40012532472610474,0,0.0,0.04930071905255318,0.058323152363300323,0.033734891563653946,1.1302815675735474,-8.432929992675781,-8.432929992675781,0,0.0,0.008183451369404793,0.009418925270438194,0.022323861718177795,1.4565603733062744,-1.5732561349868774,-1.5732561349868774,0,0.0,-0.0015278432983905077,-0.0019717670511454344,-0.06899818778038025,3.208993911743164,0.7684196829795837,0.7684196829795837,0
61,1.0166666666666666,1,1,spm1_platform_joint_y,0,,0,flat,0,5.544010639190674,4.773565292358398,0.14594437181949615,0.2,0.0,0.0,0.008812972344458103,0.009592101909220219,-0.038621436804533005,-2.8212671279907227,-0.8538879156112671,-0.8538879156112671,0,0.15738700330257416,0.13210490345954895,0.1261318176984787,-0.2027055323123932,10.860532760620117,8.196486473083496,8.196486473083496,0,0.0,0.000939449411816895,0.0007563202525489032,0.0076973410323262215,2.2215914726257324,0.2747681140899658,0.2747681140899658,0,0.0,0.008703954517841339,0.01007489487528801,0.019419100135564804,2.918107032775879,-1.3131921291351318,-1.3131921291351318,0,0.0,0.1078169047832489,0.12118498235940933,-0.3052069842815399,17.18012809753418,-9.873149871826172,-9.873149871826172,0,0.0,-0.004507864359766245,-0.005049494560807943,0.044350460171699524,4.835628509521484,0.699128270149231,0.699128270149231,0
61,1.0166666666666666,2,2,spm1_platform_joint_x,0,,0,flat,0,4.828505039215088,3.514601230621338,0.1456807553768158,0.2,0.0,0.0,-0.007634704001247883,-0.0066578746773302555,0.23856861889362335,2.4691414833068848,-2.3768177032470703,-2.3768177032470703,0,0.0,0.012866615317761898,0.02094469778239727,0.00894542783498764,-29.864837646484375,-7.634837627410889,-7.634837627410889,0,0.15738700330257416,0.02308889850974083,0.001223370200023055,-0.24895058572292328,28.57741928100586,25.085411071777344,25.085411071777344,0,0.0,0.0173302311450243,0.01559144165366888,-0.3763090968132019,8.209222793579102,4.061792850494385,4.061792850494385,0,0.0,0.010219404473900795,0.016478344798088074,-0.4857029318809509,-43.94621276855469,-3.0572938919067383,-3.0572938919067383,0,0.0,-0.0020595472306013107,-0.003928487189114094,-0.21830813586711884,22.57299041748047,5.156045913696289,5.156045913696289,0
61,1.0166666666666666,3,3,spm2_platform_joint_z,0,,0,flat,0,5.59261417388916,4.315643787384033,0.14668789505958557,0.2,0.0,0.0,-0.026506975293159485,-0.029159439727663994,0.09392482787370682,3.759183883666992,3.143092393875122,3.143092393875122,0,0.0,0.030156999826431274,0.029936159029603004,-0.47024473547935486,-10.125099182128906,1.5678739547729492,1.5678739547729492,0,0.0,0.0002932760107796639,-0.001822775462642312,-0.06609118729829788,20.120655059814453,4.303163528442383,4.303163528442383,0,0.15738700330257416,0.16520772874355316,0.16305069625377655,-0.2103618085384369,-2.8263278007507324,1.7966694831848145,1.7966694831848145,0,0.0,0.011831366457045078,0.017983099445700645,0.10760455578565598,11.907675743103027,-3.1984033584594727,-3.1984033584594727,0,0.0,-0.00405928585678339,-0.006706655956804752,-0.10854752361774445,-7.785788536071777,1.7249276638031006,1.7249276638031006,0
61,1.0166666666666666,4,4,spm2_platform_joint_y,0,,0,flat,0,4.571228504180908,5.112294673919678,0.14497250318527222,0.2,0.0,0.0,0.009655111469328403,0.008299717679619789,-0.48976871371269226,-46.600746154785156,0.038313210010528564,0.038313210010528564,0,0.0,0.06640192866325378,0.08239000290632248,-0.2808533012866974,-39.24332046508789,-14.757559776306152,-14.757559776306152,0,0.0,0.0001935758045874536,0.003674620995298028,0.3348143398761749,24.274188995361328,-2.630784511566162,-2.630784511566162,0,0.0,0.009690235368907452,0.009246204048395157,0.036394376307725906,23.81354331970215,1.8252182006835938,1.8252182006835938,0,0.15738700330257416,0.08693484961986542,0.08031890541315079,-0.1777437925338745,3.541395664215088,10.881696701049805,10.881696701049805,0,0.0,-0.003408402670174837,-0.0012932259123772383,0.06365188211202621,-5.091942310333252,-2.774399757385254,-2.774399757385254,0
61,1.0166666666666666,5,5,spm2_platform_joint_x,0,,0,flat,0,4.816348075866699,4.585076808929443,0.1456507444381714,0.2,0.0,0.0,-0.03458453714847565,-0.04073474928736687,0.02607531100511551,-0.0033686310052871704,5.329226016998291,5.329226016998291,0,0.0,0.005725023336708546,0.0047238911502063274,-0.30393078923225403,-33.15626907348633,-0.3727189302444458,-0.3727189302444458,0,0.0,0.007169448770582676,0.0066367550753057,-0.1359783560037613,-9.162679672241211,0.5476347208023071,0.5476347208023071,0,0.0,0.023582901805639267,0.026636958122253418,-0.16254441440105438,-8.454839706420898,-2.8837201595306396,-2.8837201595306396,0,0.0,-0.003989088349044323,-0.0016134438337758183,0.305961549282074,37.93212890625,0.8175025582313538,0.8175025582313538,0,0.15738700330257416,0.023333683609962463,0.0028355694375932217,0.18576307594776154,24.940229415893555,21.696746826171875,21.696746826171875,0
62,1.0333333333333332,0,0,spm1_platform_joint_z,0,,0,flat,0,4.510641574859619,4.844942569732666,0.14483904838562012,0.2,0.0,0.15275920927524567,0.1972568780183792,0.20158495008945465,-0.23587533831596375,-9.947932243347168,-3.672534465789795,-3.672534465789795,0,0.0,0.004417255520820618,0.005030879285186529,0.06949380785226822,1.6592252254486084,-0.3834949731826782,-0.3834949731826782,0,0.0,0.0024447741452604532,0.0016018939204514027,0.30900052189826965,30.441999435424805,0.27582210302352905,0.27582210302352905,0,0.0,0.05054673179984093,0.05983792617917061,0.24601630866527557,20.164396286010742,-9.856399536132812,-9.856399536132812,0,0.0,0.008163068443536758,0.004510919563472271,0.10382209718227386,39.50352096557617,2.8800017833709717,2.8800017833709717,0,0.0,-0.001708864700049162,-0.0007284402963705361,-0.09304940700531006,-25.00148582458496,-0.5348522663116455,-0.5348522663116455,0
62,1.0333333333333332,1,1,spm1_platform_joint_y,0,,0,flat,0,5.554203033447266,4.7734222412109375,0.14527320861816406,0.2,0.0,0.0,0.008313154801726341,0.009241068735718727,0.009515982121229172,3.564882278442383,-0.8202472925186157,-0.8202472925186157,0,0.15275920927524567,0.12968213856220245,0.12289265543222427,-0.29009756445884705,5.529209136962891,8.51066780090332,8.51066780090332,0,0.0,0.0006554775172844529,0.0008833669708110392,0.013727153651416302,0.894866406917572,-0.1974220722913742,-0.1974220722913742,0,0.0,0.008731575682759285,0.010384073480963707,0.06925872713327408,6.738800525665283,-1.5610915422439575,-1.5610915422439575,0,0.0,0.1050269827246666,0.11890473961830139,-0.2371973693370819,18.314098358154297,-10.82298469543457,-10.82298469543457,0,0.0,-0.004376228433102369,-0.004981872625648975,-0.2102428674697876,-29.62735939025879,0.02030321955680847,0.02030321955680847,0
62,1.0333333333333332,2,2,spm1_platform_joint_x,0,,0,flat,0,4.840729236602783,3.515078544616699,0.14599385857582092,0.2,0.0,0.0,-0.005770158022642136,-0.0051905070431530476,0.18428495526313782,-6.516414165496826,-2.185300827026367,-2.185300827026367,0,0.0,0.01815207116305828,0.024988703429698944,0.014807348139584064,-15.325545310974121,-6.2698974609375,-6.2698974609375,0,0.15275920927524567,0.021428149193525314,0.002255005994811654,-0.1612756848335266,-5.188016414642334,20.76125144958496,20.76125144958496,0,0.0,0.013512582518160343,0.011958862654864788,-0.30679556727409363,5.033369064331055,3.2281723022460938,3.2281723022460938,0,0.0,0.01428123190999031,0.01789160817861557,-0.4457133412361145,-15.91357135772705,0.0316464900970459,0.0316464900970459,0,0.0,-0.0034046887885779142,-0.0021653021685779095,-0.2139512449502945,-12.153996467590332,0.6121456027030945,0.6121456027030945,0
62,1.0333333333333332,3,3,spm2_platform_joint_z,0,,0,flat,0,5.60145378112793,4.315961837768555,0.14559349417686462,0.2,0.0,0.0,-0.025271514430642128,-0.029527243226766586,-0.03904547914862633,5.380271911621094,4.261516094207764,4.261516094207764,0,0.0,0.025944670662283897,0.025811778381466866,-0.352677583694458,-6.441539764404297,1.3574954271316528,1.3574954271316528,0,0.0,-0.001579738687723875,-0.0003492908726911992,0.2825338542461395,-29.242633819580078,-4.372745513916016,-4.372745513916016,0,0.15275920927524567,0.1616784930229187,0.16022905707359314,-0.18502479791641235,-3.49688720703125,1.6501401662826538,1.6501401662826538,0,0.0,0.015585352666676044,0.021442759782075882,-0.0005617445567622781,-6.908463954925537,-4.962774276733398,-4.962774276733398,0,0.0,-0.005812434945255518,-0.005529691465198994,0.2754684090614319,-24.41490364074707,-3.07558012008667,-3.07558012008667,0
62,1.0333333333333332,4,4,spm2_platform_joint_y,0,,0,flat,0,4.5853400230407715,5.112497806549072,0.14519745111465454,0.2,0.0,0.0,0.007193088531494141,0.005618206690996885,0.08549037575721741,55.95652389526367,6.535046577453613,6.535046577453613,0,0.0,0.07140466570854187,0.08963877707719803,-0.4977430999279022,-24.99991226196289,-11.063909530639648,-11.063909530639648,0,0.0,0.003184671513736248,0.0026203279849141836,-0.22188621759414673,-78.42757415771484,-9.134057998657227,-9.134057998657227,0,0.0,0.008013376966118813,0.008322269655764103,-0.26513299345970154,-23.07247543334961,-0.6958277225494385,-0.6958277225494385,0,0.15275920927524567,0.08997761458158493,0.08838696032762527,-0.3749140799045563,-57.73344039916992,2.2248668670654297,2.2248668670654297,0,0.0,-0.0011207957286387682,-0.005291249603033066,-0.3381326198577881,-60.88379669189453,-3.198019027709961,-3.198019027709961,0
62,1.0333333333333332,5,5,spm2_platform_joint_x,0,,0,flat,0,4.8297319412231445,4.584607124328613,0.14516067504882812,0.2,0.0,0.0,-0.035303451120853424,-0.040708158165216446,0.11610357463359833,7.444505214691162,4.872529029846191,4.872529029846191,0,0.0,0.004094039089977741,0.001592786400578916,0.1308557242155075,22.59871482849121,3.209470510482788,3.209470510482788,0,0.0,0.00575185427442193,0.0026215582620352507,0.03562820330262184,39.647003173828125,3.605881929397583,3.605881929397583,0,0.0,0.02308536320924759,0.02895970828831196,0.07032936811447144,-16.451705932617188,-5.49561882019043,-5.49561882019043,0,0.0,-0.0013983179815113544,0.0008457213989458978,-0.009272588416934013,7.353459358215332,-1.9367475509643555,-1.9367475509643555,0,0.15275920927524567,0.022825390100479126,-0.0006634572055190802,-0.033614590764045715,22.489927291870117,23.284608840942383,23.284608840942383,0
63,1.05,0,0,spm1_platform_joint_z,0,,0,flat,0,4.519057750701904,4.845896244049072,0.14518791437149048,0.2,0.0,0.1479262262582779,0.19443045556545258,0.19855757057666779,0.0006031271768733859,32.023902893066406,-2.3052263259887695,-2.3052263259887695,0,0.0,0.004360095597803593,0.0010317941196262836,0.11789421737194061,25.471813201904297,2.8522839546203613,2.8522839546203613,0,0.0,0.0013883080100640655,0.006217330694198608,0.251112699508667,-24.77248191833496,-7.457795143127441,-7.457795143127441,0,0.0,0.0518595352768898,0.06275945156812668,-0.009544441476464272,-20.494155883789062,-11.62598991394043,-11.62598991394043,0,0.0,0.003909463528543711,0.0004905135720036924,0.08128159493207932,11.194828987121582,1.7863799333572388,1.7863799333572388,0,0.0,-0.0006313149351626635,-0.0022049022372812033,-0.10149876028299332,-2.5427019596099854,1.5759432315826416,1.5759432315826416,0
63,1.05,1,1,spm1_platform_joint_y,0,,0,flat,0,5.564088344573975,4.7735161781311035,0.14543625712394714,0.2,0.0,0.0,0.008008926175534725,0.009803545661270618,0.09781335294246674,6.009832382202148,-2.3329100608825684,-2.3329100608825684,0,0.1479262262582779,0.12623046338558197,0.12048503756523132,0.025177130475640297,26.823204040527344,6.48564338684082,6.48564338684082,0,0.0,0.0007655847002752125,0.0007823614869266748,-0.19345968961715698,24.240266799926758,3.9725513458251953,3.9725513458251953,0,0.0,0.008999530225992203,0.009850971400737762,-0.10005368292331696,-9.221391677856445,-1.2885825634002686,-1.2885825634002686,0,0.0,0.10305077582597733,0.11742956936359406,-0.3414885699748993,5.140714645385742,-10.606555938720703,-10.606555938720703,0,0.0,-0.004317623097449541,-0.005574770737439394,-0.18591134250164032,9.62150764465332,4.924896240234375,4.924896240234375,0
63,1.05,2,2,spm1_platform_joint_x,0,,0,flat,0,4.852873802185059,3.51560115814209,0.14574623107910156,0.2,0.0,0.0,-0.004498439375311136,-0.003855388378724456,-0.009028913453221321,-33.58557891845703,-2.746245861053467,-2.746245861053467,0,0.0,0.021656876429915428,0.026540184393525124,-0.376350075006485,-61.381832122802734,-5.957028865814209,-5.957028865814209,0,0.1479262262582779,0.021677836775779724,0.0028308916371315718,0.31697675585746765,94.91970825195312,24.197425842285156,24.197425842285156,0,0.0,0.010364348068833351,0.0069795637391507626,-0.29086363315582275,12.347613334655762,4.226522922515869,4.226522922515869,0,0.0,0.015506060793995857,0.018960483372211456,-0.14723682403564453,24.297107696533203,0.9485666751861572,0.9485666751861572,0,0.0,-0.0018765951972454786,-0.0019127827836200595,0.07400412112474442,69.59844970703125,5.13332986831665,5.13332986831665,0
63,1.05,3,3,spm2_platform_joint_z,0,,0,flat,0,5.610388278961182,4.31633996963501,0.1445532888174057,0.2,0.0,0.0,-0.025590278208255768,-0.030599504709243774,-0.20623350143432617,-23.016271591186523,4.439046859741211,4.439046859741211,0,0.0,0.02237020805478096,0.02444429323077202,0.03276512771844864,54.74757766723633,2.553635597229004,2.553635597229004,0,0.0,-0.00030271874857135117,0.0018602689960971475,0.1703689992427826,-14.172992706298828,-4.96635627746582,-4.96635627746582,0,0.1479262262582779,0.15858867764472961,0.15737485885620117,-0.13178248703479767,5.998753547668457,1.5826104879379272,1.5826104879379272,0,0.0,0.01858372427523136,0.02550964057445526,-0.4054811894893646,-56.47666931152344,-6.386853218078613,-6.386853218078613,0,0.0,-0.004792399238795042,-0.0032975857611745596,0.1387404054403305,-15.336211204528809,-3.95932674407959,-3.95932674407959,0
63,1.05,4,4,spm2_platform_joint_y,0,,0,flat,0,4.599379062652588,5.11226749420166,0.14508914947509766,0.2,0.0,0.0,0.004869112279266119,0.004824026953428984,-0.04912856966257095,31.31114959716797,3.275782346725464,3.275782346725464,0,0.0,0.07768693566322327,0.09312865883111954,-0.23626497387886047,-4.229582786560059,-10.165196418762207,-10.165196418762207,0,0.0,0.002270950935781002,0.0011608304921537638,-0.04402425140142441,-43.845890045166016,-4.55692195892334,-4.55692195892334,0,0.0,0.007212633732706308,0.004644888453185558,-0.24243243038654327,-20.19453239440918,1.2574462890625,1.2574462890625,0,0.1479262262582779,0.09632553160190582,0.0918148085474968,-0.42167654633522034,-42.71612548828125,5.0898261070251465,5.0898261070251465,0,0.0,-0.004585749469697475,-0.001646849443204701,0.3349379897117615,-29.811386108398438,-8.255983352661133,-8.255983352661133,0
63,1.05,5,5,spm2_platform_joint_x,0,,0,flat,0,4.8428425788879395,4.5842719078063965,0.14499440789222717,0.2,0.0,0.0,-0.03528040274977684,-0.039896272122859955,-0.0799960270524025,-18.77965545654297,4.338290214538574,4.338290214538574,0,0.0,0.0013804149348288774,0.002776592969894409,0.16662466526031494,23.718420028686523,-0.19656550884246826,-0.19656550884246826,0,0.0,0.002272017067298293,0.00028568669222295284,0.4422156512737274,69.63033294677734,2.333589553833008,2.333589553833008,0,0.0,0.025098413228988647,0.0303477980196476,-0.10641302913427353,-14.260381698608398,-5.052555561065674,-5.052555561065674,0,0.0,0.0007329585496336222,0.0008185167098417878,-0.18969286978244781,-15.597179412841797,0.013793230056762695,0.013793230056762695,0,0.1479262262582779,0.019148502498865128,-0.003506384789943695,0.37949907779693604,61.161502838134766,22.917383193969727,22.917383193969727,0
64,1.0666666666666667,0,0,spm1_platform_joint_z,0,,0,flat,0,4.527219295501709,4.846789360046387,0.14521148800849915,0.2,0.0,0.14289453625679016,0.19113583862781525,0.19698476791381836,-0.4732927083969116,-51.006107330322266,-6.64395809173584,-6.64395809173584,0,0.0,0.0008942215936258435,0.0015356040094047785,-0.17049695551395416,-20.06940460205078,-0.6173397302627563,-0.6173397302627563,0,0.0,0.005388353019952774,0.005928173661231995,0.28869640827178955,32.57846450805664,-1.4299819469451904,-1.4299819469451904,0,0.0,0.0543915256857872,0.06347167491912842,0.24862706661224365,32.586273193359375,-8.675957679748535,-8.675957679748535,0,0.0,0.00042511176434345543,-0.0004686411703005433,0.3453768491744995,47.926143646240234,1.1298112869262695,1.1298112869262695,0,0.0,-0.0019109152490273118,-0.0019416747381910682,0.044452965259552,-4.203324794769287,0.2898775339126587,0.2898775339126587,0
64,1.0666666666666667,1,1,spm1_platform_joint_y,0,,0,flat,0,5.573797702789307,4.7735419273376465,0.14612485468387604,0.2,0.0,0.0,0.008496406488120556,0.00979324895888567,-0.040999963879585266,-5.3585100173950195,-1.6605273485183716,-1.6605273485183716,0,0.14289453625679016,0.12347297370433807,0.12025582045316696,-0.2666546702384949,-2.4502086639404297,5.160061836242676,5.160061836242676,0,0.0,0.0006780466064810753,-0.00047977999201975763,-0.020875567570328712,9.69285774230957,1.766744613647461,1.766744613647461,0,0.0,0.00853750854730606,0.009302796795964241,0.018097950145602226,5.2583723068237305,-0.5788971185684204,-0.5788971185684204,0,0.0,0.10177229344844818,0.1148017942905426,-0.4000692665576935,14.508265495300293,-8.98830509185791,-8.98830509185791,0,0.0,-0.004831467755138874,-0.005990391597151756,0.02176055684685707,13.930758476257324,2.09391450881958,2.09391450881958,0
64,1.0666666666666667,2,2,spm1_platform_joint_x,0,,0,flat,0,4.864687442779541,3.515976905822754,0.14520138502120972,0.2,0.0,0.0,-0.003341336501762271,-0.004749573301523924,0.06588102132081985,0.6199407577514648,0.8413689732551575,0.8413689732551575,0,0.0,0.023001492023468018,0.022349802777171135,-0.019142111763358116,-17.939319610595703,-1.0507632493972778,-1.0507632493972778,0,0.14289453625679016,0.021506045013666153,0.006194775924086571,-0.022114982828497887,5.882401943206787,16.809085845947266,16.809085845947266,0,0.0,0.006048955023288727,0.00260973465628922,-0.262494832277298,24.73931884765625,5.811822891235352,5.811822891235352,0,0.0,0.016432419419288635,0.02136494591832161,-0.11048542708158493,10.612418174743652,-2.569312572479248,-2.569312572479248,0,0.0,-0.0016577451024204493,-0.0011467356234788895,-0.23651032149791718,-9.245058059692383,-1.2382161617279053,-1.2382161617279053,0
64,1.0666666666666667,3,3,spm2_platform_joint_z,0,,0,flat,0,5.619666576385498,4.31727409362793,0.14532886445522308,0.2,0.0,0.0,-0.026519570499658585,-0.03079286403954029,0.06557998061180115,12.568166732788086,5.037232398986816,5.037232398986816,0,0.0,0.021185053512454033,0.029942266643047333,-0.2571791708469391,-23.836437225341797,-6.401617050170898,-6.401617050170898,0,0.0,0.0016122331144288182,-0.0007043665391393006,-0.1391410082578659,6.9669108390808105,2.9401748180389404,2.9401748180389404,0,0.14289453625679016,0.15544414520263672,0.15459956228733063,-0.17608517408370972,-6.183008670806885,0.7886569499969482,0.7886569499969482,0,0.0,0.022108355537056923,0.0249934159219265,-0.49663230776786804,-15.372669219970703,0.5543413162231445,0.5543413162231445,0,0.0,-0.0028579076752066612,-0.0055176871828734875,-0.1211138367652893,13.426948547363281,3.3587045669555664,3.3587045669555664,0
64,1.0666666666666667,4,4,spm2_platform_joint_y,0,,0,flat,0,4.613946437835693,5.112337112426758,0.14619538187980652,0.2,0.0,0.0,0.00418082345277071,0.00480402959510684,0.27246126532554626,19.525684356689453,-1.5049351453781128,-1.5049351453781128,0,0.0,0.08071150630712509,0.10314515233039856,-0.16169454157352448,-29.311683654785156,-19.995927810668945,-19.995927810668945,0,0.0,0.0010060530621558428,-0.0018101608147844672,-0.6968551874160767,-73.75588989257812,2.07995867729187,2.07995867729187,0,0.0,0.0040255701169371605,0.000997360097244382,-0.1904023438692093,20.6754207611084,5.1408233642578125,5.1408233642578125,0,0.14289453625679016,0.09862543642520905,0.09513774514198303,-0.6796338558197021,-6.390180587768555,11.272051811218262,11.272051811218262,0,0.0,-0.0014272695407271385,-0.005243966355919838,-0.9990026354789734,-105.97129821777344,2.1213626861572266,2.1213626861572266,0
64,1.0666666666666667,5,5,spm2_platform_joint_x,0,,0,flat,0,4.8560662269592285,4.584041595458984,0.14491111040115356,0.2,0.0,0.0,-0.034576769918203354,-0.04187937080860138,-0.04941929504275322,0.8766666054725647,6.805202484130859,6.805202484130859,0,0.0,0.0024063806049525738,0.002860953100025654,-0.11584189534187317,-27.221372604370117,-2.475412607192993,-2.475412607192993,0,0.0,0.00024759513325989246,0.004351157695055008,0.11202298104763031,-29.06083869934082,-7.189501762390137,-7.189501762390137,0,0.0,0.026301424950361252,0.027678269892930984,-0.20678715407848358,2.092886447906494,-0.5653736591339111,-0.5653736591339111,0,0.0,0.0007093811291269958,0.0021022141445428133,0.04035584256052971,15.244014739990234,0.6403539180755615,0.6403539180755615,0,0.14289453625679016,0.01601373963057995,0.0008964682929217815,0.3473014235496521,19.91834259033203,16.741865158081055,16.741865158081055,0
65,1.0833333333333333,0,0,spm1_platform_joint_z,0,,0,flat,0,4.535327911376953,4.847957611083984,0.14489763975143433,0.2,0.0,0.13767091929912567,0.1890762597322464,0.19146116077899933,-0.19934619963169098,34.82048034667969,0.10001945495605469,0.10001945495605469,0,0.0,0.0013308568159118295,-0.005685498472303152,-0.10058607906103134,23.83139419555664,6.649961471557617,6.649961471557617,0,0.0,0.0051377504132688046,0.009013927541673183,0.24965670704841614,-20.4240779876709,-5.948236465454102,-5.948236465454102,0,0.0,0.05500878393650055,0.06610475480556488,-0.03260422497987747,-25.729694366455078,-12.155205726623535,-12.155205726623535,0,0.0,-0.0004061556828673929,0.00020825082901865244,0.3720361590385437,4.437518119812012,-3.301715135574341,-3.301715135574341,0,0.0,-0.0016827847575768828,-0.00032906036358326674,0.07719467580318451,-3.6068997383117676,-1.6103450059890747,-1.6103450059890747,0
65,1.0833333333333333,1,1,spm1_platform_joint_y,0,,0,flat,0,5.583099842071533,4.773459434509277,0.14579281210899353,0.2,0.0,0.0,0.00848748255521059,0.009267367422580719,-0.02683068998157978,0.2634584307670593,-0.6512401103973389,-0.6512401103973389,0,0.13767091929912567,0.12257783114910126,0.11601391434669495,-0.2615000605583191,10.71088981628418,8.118478775024414,8.118478775024414,0,0.0,-0.0004158093361184001,-0.0005570906214416027,-0.008254113607108593,0.37651029229164124,0.2386826127767563,0.2386826127767563,0,0.0,0.008062424138188362,0.00937751866877079,0.03526977449655533,2.861762285232544,-1.3962352275848389,-1.3962352275848389,0,0.0,0.09949488937854767,0.11192010343074799,-0.2148391455411911,20.937973022460938,-9.37781810760498,-9.37781810760498,0,0.0,-0.005191672593355179,-0.005256152246147394,0.06176026165485382,0.9962927103042603,-0.11237290501594543,-0.11237290501594543,0
65,1.0833333333333333,2,2,spm1_platform_joint_x,0,,0,flat,0,4.8765692710876465,3.516449451446533,0.1451529562473297,0.2,0.0,0.0,-0.0041162967681884766,-0.0034139680210500956,-0.009977549314498901,-15.248044967651367,-1.2805293798446655,-1.2805293798446655,0,0.0,0.019369829446077347,0.02214171178638935,-0.15129128098487854,-2.1444602012634277,-1.5376651287078857,-1.5376651287078857,0,0.13767091929912567,0.023724930360913277,0.0017943632556125522,0.10920751839876175,28.087797164916992,22.291610717773438,22.291610717773438,0,0.0,0.0022617699578404427,2.3356844394584186e-05,0.031092852354049683,27.21489715576172,3.2893242835998535,3.2893242835998535,0,0.0,0.018516287207603455,0.023095380514860153,-0.1028757393360138,11.209982872009277,-2.278909206390381,-2.278909206390381,0,0.0,-0.0009938374860212207,-0.0016484102234244347,0.04249222204089165,8.28872299194336,0.977924108505249,0.977924108505249,0
65,1.0833333333333333,3,3,spm2_platform_joint_z,0,,0,flat,0,5.629001140594482,4.317992687225342,0.14539718627929688,0.2,0.0,0.0,-0.026687148958444595,-0.028925804421305656,0.08472520112991333,-16.98379135131836,1.1172053813934326,1.1172053813934326,0,0.0,0.025949964299798012,0.03330440819263458,-0.5355412364006042,-46.76765441894531,-5.527636528015137,-5.527636528015137,0,0.0,-0.0006104509811848402,-0.0009770628530532122,0.13762038946151733,18.60195541381836,1.7055264711380005,1.7055264711380005,0,0.13767091929912567,0.15234240889549255,0.15097728371620178,-0.22777441143989563,11.578180313110352,2.5433855056762695,2.5433855056762695,0,0.0,0.02166096121072769,0.02856421284377575,-0.29516327381134033,3.0209147930145264,-1.5169322490692139,-1.5169322490692139,0,0.0,-0.0047819954343140125,-0.008158759213984013,0.046729519963264465,33.659576416015625,4.8576765060424805,4.8576765060424805,0
65,1.0833333333333333,4,4,spm2_platform_joint_y,0,,0,flat,0,4.62828254699707,5.111860752105713,0.14655598998069763,0.2,0.0,0.0,0.0041634924709796906,0.0032994882203638554,-0.1511007398366928,-12.983987808227539,0.06328085064888,0.06328085064888,0,0.0,0.08939246833324432,0.10193511098623276,-0.31359922885894775,-25.516460418701172,-13.067901611328125,-13.067901611328125,0,0.0,-0.0015688060084357858,0.0016288318438455462,-0.10870936512947083,-55.690757751464844,-5.795421600341797,-5.795421600341797,0,0.0,0.0008643787587061524,0.0022920987103134394,0.12865331768989563,12.37647819519043,-0.6882017254829407,-0.6882017254829407,0,0.13767091929912567,0.10080883651971817,0.09084141999483109,0.1136079803109169,71.1598892211914,14.686777114868164,14.686777114868164,0,0.0,-0.004544770810753107,-0.005685567855834961,-0.02765467017889023,-11.713787078857422,0.5467462539672852,0.5467462539672852,0
65,1.0833333333333333,5,5,spm2_platform_joint_x,0,,0,flat,0,4.868966102600098,4.583769798278809,0.1448213756084442,0.2,0.0,0.0,-0.03629545494914055,-0.041584454476833344,-0.05595529079437256,-0.9152953624725342,7.171753883361816,7.171753883361816,0,0.0,0.0024794926866889,0.0010461605852469802,0.29149776697158813,41.82223892211914,2.157301187515259,2.157301187515259,0,0.0,0.00377100333571434,0.0006660145008936524,0.02795441821217537,30.41971206665039,2.914945125579834,2.914945125579834,0,0.0,0.02398783341050148,0.028385434299707413,0.007491325028240681,4.7544755935668945,-3.2095835208892822,-3.2095835208892822,0,0.0,0.0018219188787043095,0.0021802163682878017,-0.042034268379211426,-2.409600019454956,-0.6398871541023254,-0.6398871541023254,0,0.13767091929912567,0.019133063033223152,-0.0024997801519930363,0.0023964494466781616,18.05059814453125,18.837940216064453,18.837940216064453,0
66,1.1,0,0,spm1_platform_joint_z,0,,0,flat,0,4.5435638427734375,4.849281311035156,0.14453093707561493,0.2,0.0,0.13226237893104553,0.18356798589229584,0.18612870573997498,-0.2773742377758026,32.1255989074707,-0.09076166152954102,-0.09076166152954102,0,0.0,-0.004927432164549828,-0.008743125014007092,-0.17413368821144104,25.246957778930664,6.133399963378906,6.133399963378906,0,0.0,0.007812070660293102,0.011987903155386448,0.18166624009609222,-78.93495178222656,-11.03424072265625,-11.03424072265625,0,0.0,0.057290785014629364,0.06743012368679047,-0.04701870307326317,-19.908292770385742,-10.565728187561035,-10.565728187561035,0,0.0,0.00018048405763693154,0.0033625538926571608,0.14182640612125397,-28.42988395690918,-5.934143543243408,-5.934143543243408,0,0.0,-0.0002851856406778097,-0.0005311868153512478,-0.07123558968305588,-20.443279266357422,-1.7157244682312012,-1.7157244682312012,0
66,1.1,1,1,spm1_platform_joint_y,0,,0,flat,0,5.592341423034668,4.773223400115967,0.14526820182800293,0.2,0.0,0.0,0.00803171843290329,0.008305184543132782,0.08283625543117523,17.5318660736084,0.0006372928619384766,0.0006372928619384766,0,0.13226237893104553,0.11818037927150726,0.11280849575996399,0.018391024321317673,36.23036575317383,7.3554277420043945,7.3554277420043945,0,0.0,-0.00048281188355758786,0.001762786996550858,0.1276177018880844,-12.239276885986328,-3.363676071166992,-3.363676071166992,0,0.0,0.008127182722091675,0.009570215828716755,-0.07475303113460541,-10.29747200012207,-1.7043609619140625,-1.7043609619140625,0,0.0,0.09699742496013641,0.10841407626867294,-0.32430529594421387,10.104142189025879,-9.326390266418457,-9.326390266418457,0,0.0,-0.004555332008749247,-0.002040489576756954,-0.04409915953874588,-40.39903259277344,-3.8199682235717773,-3.8199682235717773,0
66,1.1,2,2,spm1_platform_joint_x,0,,0,flat,0,4.888250350952148,3.5170114040374756,0.14557591080665588,0.2,0.0,0.0,-0.002958772238343954,-0.004208024125546217,0.0555831603705883,15.520068168640137,1.2642765045166016,1.2642765045166016,0,0.0,0.019189484417438507,0.02463562972843647,0.13957467675209045,27.050100326538086,-2.6708765029907227,-2.6708765029907227,0,0.13226237893104553,0.019190097227692604,0.00550397764891386,0.15334168076515198,-35.31924057006836,11.455167770385742,11.455167770385742,0,0.0,2.0242598111508414e-05,-0.003102077404037118,-0.3454691767692566,-20.21782875061035,2.674910068511963,2.674910068511963,0,0.0,0.02001599594950676,0.021725382655858994,-0.615109384059906,-25.209714889526367,0.6017048358917236,0.6017048358917236,0,0.0,-0.0014286221703514457,0.00146550836507231,0.09287932515144348,-26.081207275390625,-3.91652774810791,-3.91652774810791,0
66,1.1,3,3,spm2_platform_joint_z,0,,0,flat,0,5.638136863708496,4.318607330322266,0.14517517387866974,0.2,0.0,0.0,-0.02506903000175953,-0.029061004519462585,-0.040484022349119186,-24.06130027770996,1.7680872678756714,1.7680872678756714,0,0.0,0.028863821178674698,0.029752206057310104,-0.08697477728128433,-5.960932731628418,-1.1654037237167358,-1.1654037237167358,0,0.0,-0.0008467878215014935,2.7454163500806317e-05,0.22905142605304718,53.3856086730957,2.6303045749664307,2.6303045749664307,0,0.13226237893104553,0.14848196506500244,0.14595583081245422,-0.3385964035987854,6.014767646789551,4.072982311248779,4.072982311248779,0,0.0,0.024755651131272316,0.02738037519156933,-0.17292140424251556,12.428378105163574,-0.5543084144592285,-0.5543084144592285,0,0.0,-0.007070924621075392,-0.006324814632534981,0.2690674066543579,60.856048583984375,3.184102773666382,3.184102773666382,0
66,1.1,4,4,spm2_platform_joint_y,0,,0,flat,0,4.642581939697266,5.1119465827941895,0.14619293808937073,0.2,0.0,0.0,0.0028595563489943743,-0.00027109592338092625,0.0572589635848999,30.138408660888672,3.4952683448791504,3.4952683448791504,0,0.0,0.08834376186132431,0.09883560985326767,-0.026717113330960274,-18.14992904663086,-11.765751838684082,-11.765751838684082,0,0.0,0.0014116542879492044,0.0065686870366334915,0.17716950178146362,8.1692476272583,-2.388319492340088,-2.388319492340088,0,0.0,0.0019864854402840137,0.0006150866392999887,-0.2958664298057556,-24.3709659576416,-0.4545953869819641,-0.4545953869819641,0,0.13226237893104553,0.09636421501636505,0.09210184961557388,-0.4093291461467743,-33.49736785888672,4.415113925933838,4.415113925933838,0,0.0,-0.00492749223485589,0.0014830413274466991,0.21268197894096375,-32.8737678527832,-6.933592319488525,-6.933592319488525,0
66,1.1,5,5,spm2_platform_joint_x,0,,0,flat,0,4.881855487823486,4.583833694458008,0.14512768387794495,0.2,0.0,0.0,-0.03603985905647278,-0.042045969516038895,0.07139891386032104,15.06971549987793,6.458922386169434,6.458922386169434,0,0.0,0.0009066725033335388,0.0030625450890511274,-0.07929036021232605,-17.444644927978516,-2.6847848892211914,-2.6847848892211914,0,0.0,0.0005772125441581011,0.0024702127557247877,0.2479829043149948,-4.429634094238281,-2.894876718521118,-2.894876718521118,0,0.0,0.024600708857178688,0.027952173724770546,-0.23587585985660553,-10.429567337036133,-2.669351577758789,-2.669351577758789,0,0.0,0.0018895207904279232,0.001780096092261374,-0.0513732023537159,8.794954299926758,1.3951345682144165,1.3951345682144165,0,0.13226237893104553,0.015468508005142212,-0.0033387995790690184,0.20748527348041534,24.786115646362305,19.13437271118164,19.13437271118164,0
67,1.1166666666666667,0,0,spm1_platform_joint_z,0,,0,flat,0,4.551525115966797,4.850234508514404,0.14485472440719604,0.2,0.0,0.12667617201805115,0.17820170521736145,0.18328610062599182,-0.07409045845270157,12.827801704406738,-4.197411060333252,-4.197411060333252,0,0.0,-0.007577375043183565,-0.007316067814826965,0.15573246777057648,8.420218467712402,0.016110241413116455,0.016110241413116455,0,0.0,0.01038951613008976,0.012053314596414566,-0.08357192575931549,-26.735881805419922,-3.645005226135254,-3.645005226135254,0,0.0,0.05843944102525711,0.06820011883974075,-0.025964945554733276,-0.800590455532074,-9.206360816955566,-9.206360816955566,0,0.0,0.00291421334259212,0.0018909447826445103,-0.12524649500846863,-1.6999330520629883,1.0624397993087769,1.0624397993087769,0,0.0,-0.00046036188723519444,-0.0013861301122233272,-0.10547658801078796,-25.031335830688477,-1.1632986068725586,-1.1632986068725586,0
67,1.1166666666666667,1,1,spm1_platform_joint_y,0,,0,flat,0,5.601653099060059,4.773407936096191,0.14559519290924072,0.2,0.0,0.0,0.007197826635092497,0.009230717085301876,0.09510517120361328,9.387577056884766,-1.5506523847579956,-1.5506523847579956,0,0.12667617201805115,0.11465752124786377,0.11442168802022934,-0.3530741333961487,6.845648288726807,4.602598667144775,4.602598667144775,0,0.0,0.0015277487691491842,0.0007939497008919716,-0.1016993373632431,-8.512838363647461,-0.6636277437210083,-0.6636277437210083,0,0.0,0.008294187486171722,0.009565891698002815,-0.07190883159637451,-14.203716278076172,-1.8753390312194824,-1.8753390312194824,0,0.0,0.09395886212587357,0.10962669551372528,-0.5944008231163025,-29.503196716308594,-12.57065200805664,-12.57065200805664,0,0.0,-0.0017684242920950055,-0.005615639965981245,-0.2723144590854645,-14.52595329284668,2.5594091415405273,2.5594091415405273,0
67,1.1166666666666667,2,2,spm1_platform_joint_x,0,,0,flat,0,4.899903774261475,3.517385959625244,0.14671534299850464,0.2,0.0,0.0,-0.003646954195573926,-0.0054015000350773335,-0.22260507941246033,-13.99316120147705,1.7371976375579834,1.7371976375579834,0,0.0,0.021350879222154617,0.031864117830991745,-0.14829519391059875,-21.620044708251953,-7.979159355163574,-7.979159355163574,0,0.12667617201805115,0.021660272032022476,0.007332617416977882,0.31374719738960266,19.220369338989258,13.699769020080566,13.699769020080566,0,0.0,-0.002688467036932707,-0.0062975394539535046,-0.17224010825157166,5.761218547821045,4.283744812011719,4.283744812011719,0,0.0,0.01882866397500038,0.018063893541693687,-0.5457929372787476,7.203125953674316,5.235912322998047,5.235912322998047,0,0.0,0.001270107226446271,0.0057654110714793205,0.32311975955963135,-4.129367828369141,-5.400930404663086,-5.400930404663086,0
67,1.1166666666666667,3,3,spm2_platform_joint_z,0,,0,flat,0,5.647519588470459,4.319390773773193,0.14510348439216614,0.2,0.0,0.0,-0.0251862034201622,-0.03127139434218407,-0.08287956565618515,-5.552160263061523,5.294287204742432,5.294287204742432,0,0.0,0.02578524500131607,0.02877892553806305,-0.0030705747194588184,-13.657387733459473,-3.7040936946868896,-3.7040936946868896,0,0.0,2.3793607397237793e-05,0.003439270192757249,0.01865040883421898,6.297737121582031,-2.353053092956543,-2.353053092956543,0,0.12667617201805115,0.14338521659374237,0.1401284635066986,-0.3683851659297943,15.664651870727539,5.157547950744629,5.157547950744629,0,0.0,0.023729657754302025,0.0262365210801363,-0.33573228120803833,9.185482025146484,0.3598062992095947,0.3598062992095947,0,0.0,-0.0054815057665109634,-0.002133176429197192,0.07703442871570587,8.028226852416992,-2.251915693283081,-2.251915693283081,0
67,1.1166666666666667,4,4,spm2_platform_joint_y,0,,0,flat,0,4.657241344451904,5.111766815185547,0.14680610597133636,0.2,0.0,0.0,-0.000234949795412831,-0.0020232147071510553,-0.12100635468959808,-23.64577865600586,0.14316630363464355,0.14316630363464355,0,0.0,0.0856575295329094,0.09956222027540207,-0.23849473893642426,-7.947839736938477,-12.058130264282227,-12.058130264282227,0,0.0,0.005692861974239349,0.008808775804936886,0.11729005724191666,-6.334591865539551,-4.078455448150635,-4.078455448150635,0,0.0,0.0005330750718712807,-0.0021362982224673033,-0.1198483258485794,17.321643829345703,3.886044979095459,3.886044979095459,0,0.12667617201805115,0.09671176224946976,0.08978975564241409,-0.44686272740364075,-0.12333512306213379,10.40581226348877,10.40581226348877,0,0.0,0.0012853024527430534,0.005103893578052521,0.1909218281507492,1.3610118627548218,-3.802126884460449,-3.802126884460449,0
67,1.1166666666666667,5,5,spm2_platform_joint_x,0,,0,flat,0,4.8946380615234375,4.583470821380615,0.1447259783744812,0.2,0.0,0.0,-0.036439839750528336,-0.04177779704332352,-0.17007483541965485,-24.37969970703125,5.026006698608398,5.026006698608398,0,0.0,0.0026542057748883963,-0.0023369973059743643,-0.3198126554489136,-30.004899978637695,3.798656940460205,3.798656940460205,0,0.0,0.002140850992873311,0.0034707144368439913,0.0015128703089430928,0.43378472328186035,-2.2103583812713623,-2.2103583812713623,0,0.0,0.02422521635890007,0.026782171800732613,0.32272180914878845,47.40458297729492,-1.751997470855713,-1.751997470855713,0,0.0,0.0015427499311044812,-0.0003392387880012393,0.15949513018131256,-5.787420272827148,-0.3850412368774414,-0.3850412368774414,0,0.12667617201805115,0.013996531255543232,-0.001196411089040339,0.5542700290679932,34.671852111816406,12.800525665283203,12.800525665283203,0
68,1.1333333333333333,0,0,spm1_platform_joint_z,0,,0,flat,0,4.559097766876221,4.851016998291016,0.14503434300422668,0.2,0.0,0.12091982364654541,0.1749705970287323,0.1821027547121048,-0.015214003622531891,6.572131633758545,-6.899923324584961,-6.899923324584961,0,0.0,-0.006340592168271542,-0.003013922832906246,0.24302391707897186,4.757051467895508,-3.104548692703247,-3.104548692703247,0,0.0,0.010446205735206604,0.006575673818588257,-0.3804449141025543,-15.069161415100098,3.049206256866455,3.049206256866455,0,0.0,0.05910676717758179,0.06922750920057297,0.007501367013901472,-3.196385383605957,-9.948821067810059,-9.948821067810059,0,0.0,0.0016388187650591135,-0.0011893196497112513,-0.22838154435157776,-8.615314483642578,2.6676928997039795,2.6676928997039795,0,0.0,-0.001201312756165862,-0.0033543105237185955,-0.1412878930568695,0.1992809772491455,2.593024253845215,2.593024253845215,0
68,1.1333333333333333,1,1,spm1_platform_joint_y,0,,0,flat,0,5.610533237457275,4.7732930183410645,0.14595595002174377,0.2,0.0,0.0,0.007999954745173454,0.008199535310268402,-0.026617171242833138,0.9802215695381165,-0.37247923016548157,-0.37247923016548157,0,0.12091982364654541,0.11528810858726501,0.11086074262857437,-0.24008768796920776,6.67069673538208,6.116589546203613,6.116589546203613,0,0.0,0.000688089756295085,0.002722683362662792,0.013040651567280293,-25.35270881652832,-3.4037251472473145,-3.4037251472473145,0,0.0,0.00829043984413147,0.009158284403383732,0.0022271289490163326,4.528151035308838,-0.6336183547973633,-0.6336183547973633,0,0.0,0.09500980377197266,0.10596149414777756,-0.3009711503982544,25.054851531982422,-7.123452663421631,-7.123452663421631,0,0.0,-0.00486688781529665,-0.0017175980610772967,0.0849418118596077,-27.55536651611328,-4.732759952545166,-4.732759952545166,0
68,1.1333333333333333,2,2,spm1_platform_joint_x,0,,0,flat,0,4.911655426025391,3.5177438259124756,0.14685386419296265,0.2,0.0,0.0,-0.004681299906224012,-0.007528454530984163,-0.18061473965644836,-11.765329360961914,2.7553672790527344,2.7553672790527344,0,0.0,0.027615569531917572,0.03229716420173645,-0.14100375771522522,-1.2660974264144897,-2.8823354244232178,-2.8823354244232178,0,0.12091982364654541,0.02247757837176323,0.009280746802687645,0.1446685791015625,-19.879777908325195,10.083051681518555,10.083051681518555,0,0.0,-0.005457867402583361,-0.007587134838104248,0.011462647467851639,17.555965423583984,3.130096912384033,3.130096912384033,0,0.0,0.01565537415444851,0.020202375948429108,-0.2273310422897339,-0.7858836650848389,-0.5009613037109375,-0.5009613037109375,0,0.0,0.00499668950214982,0.004718301817774773,0.14192189276218414,12.579538345336914,0.28323179483413696,0.28323179483413696,0
68,1.1333333333333333,3,3,spm2_platform_joint_z,0,,0,flat,0,5.657249927520752,4.320525646209717,0.14514614641666412,0.2,0.0,0.0,-0.027101874351501465,-0.03105461783707142,0.26646581292152405,36.56658935546875,5.176719665527344,5.176719665527344,0,0.0,0.024941734969615936,0.031525619328022,-0.017337115481495857,26.688894271850586,-3.6293087005615234,-3.6293087005615234,0,0.0,0.002980700694024563,-0.0007214210345409811,-0.5461322665214539,-40.71211242675781,3.74298095703125,3.74298095703125,0,0.12091982364654541,0.13756731152534485,0.13564828038215637,-0.4286874234676361,-26.47395133972168,2.0168004035949707,2.0168004035949707,0,0.0,0.022738318890333176,0.029207805171608925,-0.47438880801200867,-25.393892288208008,-2.4214553833007812,-2.4214553833007812,0,0.0,-0.0018487528432160616,-0.0035058592911809683,-0.5632882118225098,-53.57517623901367,0.5586890578269958,0.5586890578269958,0
68,1.1333333333333333,4,4,spm2_platform_joint_y,0,,0,flat,0,4.67188024520874,5.1115922927856445,0.14633072912693024,0.2,0.0,0.0,-0.0017534526996314526,-0.005649426020681858,-0.21561458706855774,-1.1560964584350586,3.867685317993164,3.867685317993164,0,0.0,0.08628726005554199,0.09856665879487991,-0.3495791256427765,-14.901932716369629,-10.991887092590332,-10.991887092590332,0,0.0,0.007634272333234549,0.009079571813344955,0.23026004433631897,24.012502670288086,-1.4745261669158936,-1.4745261669158936,0,0.0,-0.0018514584517106414,-0.0022205167915672064,0.054439887404441833,12.739981651306152,1.4378883838653564,1.4378883838653564,0,0.12091982364654541,0.09394042938947678,0.08918678760528564,-0.08653844892978668,34.993343353271484,9.175127983093262,9.175127983093262,0,0.0,0.004423374310135841,0.005600519012659788,-0.22756189107894897,-48.405948638916016,-3.908728837966919,-3.908728837966919,0
68,1.1333333333333333,5,5,spm2_platform_joint_x,0,,0,flat,0,4.907710552215576,4.582798004150391,0.14543215930461884,0.2,0.0,0.0,-0.036207422614097595,-0.04245806857943535,0.1049378365278244,22.207796096801758,7.6081109046936035,7.6081109046936035,0,0.0,-0.002025397727265954,-0.005726794246584177,0.3924849331378937,45.198387145996094,3.8651037216186523,3.8651037216186523,0,0.0,0.0030079525895416737,-0.00047615525545552373,-0.24709062278270721,-26.01105499267578,-0.10008469223976135,-0.10008469223976135,0,0.0,0.023211214691400528,0.030742479488253593,0.13080249726772308,0.032452940940856934,-6.673277854919434,-6.673277854919434,0,0.0,-0.0002940069534815848,-0.007130046375095844,0.1369815170764923,17.84107208251953,2.7980778217315674,2.7980778217315674,0,0.12091982364654541,0.015085753984749317,0.0011537071550264955,-0.28651371598243713,-116.65245819091797,5.677577972412109,5.677577972412109,0
69,1.15,0,0,spm1_platform_joint_z,0,,0,flat,0,4.566554069519043,4.852015972137451,0.14491993188858032,0.2,0.0,0.11500105261802673,0.17315585911273956,0.1790529489517212,-0.19048583507537842,14.37154769897461,-4.855611801147461,-4.855611801147461,0,0.0,-0.0026120664551854134,-0.00047533499309793115,0.029152460396289825,-6.1630635261535645,-2.7250418663024902,-2.7250418663024902,0,0.0,0.005698917433619499,0.0029474743641912937,-0.1754947006702423,-33.1785888671875,0.8613619804382324,0.8613619804382324,0,0.0,0.05999717488884926,0.07076947391033173,-0.0025491658598184586,-24.422067642211914,-12.131946563720703,-12.131946563720703,0,0.0,-0.0010307437041774392,-0.002190068131312728,0.007279315963387489,-2.9421465396881104,1.2207552194595337,1.2207552194595337,0,0.0,-0.002907069167122245,-0.0027752623427659273,0.09143232554197311,28.407869338989258,2.9161014556884766,2.9161014556884766,0
69,1.15,1,1,spm1_platform_joint_y,0,,0,flat,0,5.6194257736206055,4.773204326629639,0.14632359147071838,0.2,0.0,0.0,0.007106264121830463,0.007021193392574787,-0.027672380208969116,10.390440940856934,0.5265379548072815,0.5265379548072815,0,0.11500105261802673,0.11141278594732285,0.10845416784286499,-0.004050126764923334,-16.854310989379883,1.9543968439102173,1.9543968439102173,0,0.0,0.002359658945351839,0.0031204833649098873,0.012120135128498077,-11.13656997680664,-1.2669124603271484,-1.2669124603271484,0,0.0,0.007937179878354073,0.009701630100607872,0.02313324622809887,-7.933097839355469,-2.246239185333252,-2.246239185333252,0,0.0,0.09183329343795776,0.10030131042003632,-0.50208979845047,12.23470687866211,-6.028738975524902,-6.028738975524902,0,0.0,-0.0014885850250720978,-7.478076440747827e-05,0.10130350291728973,-10.930362701416016,-2.1416947841644287,-2.1416947841644287,0
69,1.15,2,2,spm1_platform_joint_x,0,,0,flat,0,4.923450469970703,3.5180768966674805,0.14624851942062378,0.2,0.0,0.0,-0.006524660624563694,-0.008339185267686844,0.01888057217001915,11.39670467376709,2.596487522125244,2.596487522125244,0,0.0,0.027990875765681267,0.03262345492839813,-0.3328765630722046,-9.452627182006836,-2.339231014251709,-2.339231014251709,0,0.11500105261802673,0.023376788944005966,0.008877357468008995,0.03608753904700279,-1.4232462644577026,13.558965682983398,13.558965682983398,0,0.0,-0.006575516890734434,-0.008374831639230251,-0.017761223018169403,1.634694218635559,1.6991050243377686,1.6991050243377686,0,0.0,0.017508726567029953,0.02257603034377098,-0.20469552278518677,-0.7387447357177734,-1.9099994897842407,-1.9099994897842407,0,0.0,0.004089194815605879,0.005380920600146055,0.03813233971595764,-3.8127923011779785,-1.8523952960968018,-1.8523952960968018,0
69,1.15,3,3,spm2_platform_joint_z,0,,0,flat,0,5.667084693908691,4.321664810180664,0.14484742283821106,0.2,0.0,0.0,-0.026914002373814583,-0.03129225969314575,-0.14359448850154877,-29.24053382873535,2.3609673976898193,2.3609673976898193,0,0.0,0.027322202920913696,0.02756444364786148,-0.10723672062158585,28.474288940429688,1.5608720779418945,1.5608720779418945,0,0.0,-0.0006252315361052752,0.0009802061831578612,0.2636202871799469,36.075347900390625,1.2860726118087769,1.2860726118087769,0,0.11500105261802673,0.1328953206539154,0.13104481995105743,-0.23470932245254517,10.371036529541016,3.3288121223449707,3.3288121223449707,0,0.0,0.02531343139708042,0.028796697035431862,-0.14062869548797607,3.826648712158203,-1.0799263715744019,-1.0799263715744019,0,0.0,-0.0030384112615138292,-0.005240010097622871,0.0332820788025856,34.857635498046875,5.632051467895508,5.632051467895508,0
69,1.15,4,4,spm2_platform_joint_y,0,,0,flat,0,4.68649959564209,5.111276149749756,0.1454787254333496,0.2,0.0,0.0,-0.004896169062703848,-0.007012803573161364,0.1008138507604599,21.98823356628418,2.6619977951049805,2.6619977951049805,0,0.0,0.08542443811893463,0.09561934322118759,-0.5847280621528625,-19.337017059326172,-8.086853981018066,-8.086853981018066,0,0.0,0.007868962362408638,0.003640369512140751,-0.3935127854347229,-30.363786697387695,1.0439602136611938,1.0439602136611938,0,0.0,-0.001924447831697762,0.000919201469514519,0.0831715315580368,-12.576652526855469,-2.793708562850952,-2.793708562850952,0,0.11500105261802673,0.09262868762016296,0.09241688251495361,-0.11639195680618286,14.317956924438477,4.806386470794678,4.806386470794678,0,0.0,0.0048537831753492355,-0.002313852310180664,-0.2777382731437683,25.741085052490234,7.914310455322266,7.914310455322266,0
69,1.15,5,5,spm2_platform_joint_x,0,,0,flat,0,4.921060085296631,4.582153797149658,0.14621707797050476,0.2,0.0,0.0,-0.036796994507312775,-0.040527861565351486,0.17108769714832306,24.69226837158203,4.565390110015869,4.565390110015869,0,0.0,-0.0049632214941084385,-0.005469052586704493,-0.1134132519364357,6.313656330108643,1.0881483554840088,1.0881483554840088,0,0.0,-0.00041266786865890026,-0.0019321073777973652,-0.42744022607803345,-43.57581329345703,1.4698514938354492,1.4698514938354492,0,0.0,0.026643481105566025,0.03233388811349869,-0.052247561514377594,-33.60630416870117,-7.4007673263549805,-7.4007673263549805,0,0.0,-0.00617937371134758,-0.008233814500272274,0.10004772990942001,18.30409049987793,2.310455799102783,2.310455799102783,0,0.11500105261802673,0.016333354637026787,-0.0015427223406732082,0.02530641295015812,-3.6317179203033447,17.47532844543457,17.47532844543457,0
70,1.1666666666666667,0,0,spm1_platform_joint_z,0,,0,flat,0,4.57401704788208,4.853150367736816,0.14454589784145355,0.2,0.0,0.10892780870199203,0.1697029322385788,0.1743183135986328,-0.30190393328666687,-16.326265335083008,-6.245759010314941,-6.245759010314941,0,0.0,-0.0004119569784961641,-0.0018704893300309777,-0.15922105312347412,-24.048498153686523,-1.0697021484375,-1.0697021484375,0,0.0,0.002554477658122778,0.0026233335956931114,-0.1248621717095375,27.537189483642578,6.936916351318359,6.936916351318359,0,0.0,0.0613335445523262,0.071458600461483,0.05945410579442978,5.21251916885376,-10.280340194702148,-10.280340194702148,0,0.0,-0.001898059039376676,0.0008388777496293187,0.05469321832060814,-0.7418891787528992,-0.861983597278595,-0.861983597278595,0,0.0,-0.002405227394774556,-0.0015638484619557858,0.07722680270671844,1.8948711156845093,-0.8731575608253479,-0.8731575608253479,0
70,1.1666666666666667,1,1,spm1_platform_joint_y,0,,0,flat,0,5.628309726715088,4.773169994354248,0.1460982710123062,0.2,0.0,0.0,0.0060850344598293304,0.0065812296234071255,0.07662869989871979,13.034073829650879,-0.20757287740707397,-0.20757287740707397,0,0.10892780870199203,0.10851731896400452,0.10478276759386063,-0.2250318080186844,3.9023404121398926,4.21221923828125,4.21221923828125,0,0.0,0.0027044189628213644,0.0028963752556592226,-0.07935551553964615,-6.254340648651123,-0.12433555722236633,-0.12433555722236633,0,0.0,0.00840807892382145,0.010134158656001091,0.027341721579432487,1.6384351253509521,-1.5857385396957397,-1.5857385396957397,0,0.0,0.08692780137062073,0.09502021968364716,-0.2193090170621872,37.02793884277344,-4.530712604522705,-4.530712604522705,0,0.0,-6.48099958198145e-05,-4.749915751744993e-05,-0.2582769989967346,-40.80308532714844,-1.4660694599151611,-1.4660694599151611,0
70,1.1666666666666667,2,2,spm1_platform_joint_x,0,,0,flat,0,4.935007095336914,3.5181314945220947,0.14589208364486694,0.2,0.0,0.0,-0.007227293681353331,-0.007301729638129473,0.1382696032524109,15.290800094604492,0.40964460372924805,0.40964460372924805,0,0.0,0.02827366068959236,0.03128737211227417,-0.3143270015716553,-4.463253021240234,-1.5557451248168945,-1.5557451248168945,0,0.10892780870199203,0.022217418998479843,0.005791120231151581,0.04838445037603378,-1.7241623401641846,15.468390464782715,15.468390464782715,0,0.0,-0.007258187513798475,-0.007938314229249954,-0.05139144882559776,-3.4615888595581055,0.8951371908187866,0.8951371908187866,0,0.0,0.019565893337130547,0.023449847474694252,-0.060328975319862366,30.84398651123047,0.7708561420440674,0.7708561420440674,0,0.0,0.004663464613258839,0.0014181489823386073,-0.10203803330659866,-24.17611312866211,0.8093635439872742,0.8093635439872742,0
70,1.1666666666666667,3,3,spm2_platform_joint_z,0,,0,flat,0,5.677412986755371,4.322761535644531,0.14528828859329224,0.2,0.0,0.0,-0.027119958773255348,-0.029304703697562218,0.17550693452358246,-27.276912689208984,-0.20194244384765625,-0.20194244384765625,0,0.0,0.02388918399810791,0.028780324384570122,-0.021799568086862564,-11.433344841003418,-5.163754940032959,-5.163754940032959,0,0.0,0.0008495119982399046,0.001623265678063035,-0.12674923241138458,10.18655776977539,1.2606289386749268,1.2606289386749268,0,0.10892780870199203,0.12809588015079498,0.1236913725733757,-0.46023404598236084,17.001636505126953,6.620465278625488,6.620465278625488,0,0.0,0.024957137182354927,0.02554965205490589,-0.3979979455471039,12.086920738220215,2.5848071575164795,2.5848071575164795,0,0.0,-0.00454134214669466,-0.005198190920054913,0.059577569365501404,48.52229690551758,4.327973365783691,4.327973365783691,0
70,1.1666666666666667,4,4,spm2_platform_joint_y,0,,0,flat,0,4.700791358947754,5.110792636871338,0.1449977606534958,0.2,0.0,0.0,-0.00607776315882802,-0.007465531583875418,-0.23111175000667572,4.1057915687561035,2.737788677215576,2.737788677215576,0,0.0,0.08287009596824646,0.09277269244194031,-0.28325071930885315,-18.25371551513672,-9.342467308044434,-9.342467308044434,0,0.0,0.0031549870036542416,0.0010053443256765604,0.3072546720504761,39.95534133911133,2.6521084308624268,2.6521084308624268,0,0.0,0.0007966412813402712,0.0010649508330971003,-0.1266908496618271,-35.4464225769043,-2.588808298110962,-2.588808298110962,0,0.10892780870199203,0.09461834281682968,0.09201331436634064,-0.20468132197856903,13.155643463134766,5.2753987312316895,5.2753987312316895,0,0.0,-0.002005338668823242,-0.00014944784925319254,0.31362974643707275,7.485494613647461,-1.6892876625061035,-1.6892876625061035,0
70,1.1666666666666667,5,5,spm2_platform_joint_x,0,,0,flat,0,4.934686183929443,4.581939697265625,0.1466624140739441,0.2,0.0,0.0,-0.035124145448207855,-0.037678174674510956,0.10789677500724792,-22.384904861450195,0.6461849212646484,0.6461849212646484,0,0.0,-0.004739845637232065,-0.007627806626260281,0.2258380949497223,20.515165328979492,2.3027048110961914,2.3027048110961914,0,0.0,-0.0016744930762797594,-0.005811280105262995,-0.009492838755249977,6.570195198059082,4.533134460449219,4.533134460449219,0,0.0,0.028022702783346176,0.028605643659830093,-0.30856290459632874,3.748544454574585,-0.06976437568664551,-0.06976437568664551,0,0.0,-0.0071359723806381226,-0.009989041835069656,0.08988897502422333,-0.5641883611679077,0.7455253601074219,0.7455253601074219,0,0.10892780870199203,0.013186682015657425,0.000679850927554071,0.25401294231414795,-17.403860092163086,10.781503677368164,10.781503677368164,0
71,1.1833333333333333,0,0,spm1_platform_joint_z,0,,0,flat,0,4.581363201141357,4.854581832885742,0.1443336009979248,0.2,0.0,0.10270825028419495,0.16477030515670776,0.17004509270191193,-0.1814216673374176,14.648344039916992,-3.7802977561950684,-3.7802977561950684,0,0.0,-0.0016210908070206642,-0.004697399213910103,0.1902514398097992,31.846647262573242,3.4783010482788086,3.4783010482788086,0,0.0,0.0022735558450222015,0.0028441227041184902,0.018250994384288788,-2.581435203552246,-0.03648954629898071,-0.03648954629898071,0,0.0,0.061930786818265915,0.07183083891868591,0.0449216403067112,1.0846567153930664,-10.78311824798584,-10.78311824798584,0,0.0,0.0007270273636095226,0.00021160193136893213,-0.031299639493227005,-22.902772903442383,-1.9076118469238281,-1.9076118469238281,0,0.0,-0.0013553353492170572,0.00138697843067348,0.16437381505966187,1.8679457902908325,-1.7838679552078247,-1.7838679552078247,0
71,1.1833333333333333,1,1,spm1_platform_joint_y,0,,0,flat,0,5.637191295623779,4.773114204406738,0.14633411169052124,0.2,0.0,0.0,0.005703732371330261,0.005983456037938595,-0.03887604549527168,-1.1798475980758667,-0.5533710718154907,-0.5533710718154907,0,0.10270825028419495,0.10450616478919983,0.10174442827701569,-0.09039104729890823,10.409355163574219,3.2749063968658447,3.2749063968658447,0,0.0,0.00251019187271595,0.007174627855420113,-0.30279767513275146,-94.18167114257812,-8.494063377380371,-8.494063377380371,0,0.0,0.008782937191426754,0.009536013938486576,-0.04293975979089737,0.9075884819030762,-1.0892956256866455,-1.0892956256866455,0,0.0,0.08235085755586624,0.09167984873056412,-0.3744344711303711,14.084025382995605,-5.877937316894531,-5.877937316894531,0,0.0,-4.116593481739983e-05,0.0010583330877125263,-0.14891882240772247,-20.03589630126953,-0.5806372165679932,-0.5806372165679932,0
71,1.1833333333333333,2,2,spm1_platform_joint_x,0,,0,flat,0,4.946446418762207,3.5180463790893555,0.14513373374938965,0.2,0.0,0.0,-0.006328165531158447,-0.005960308481007814,0.052575401961803436,-5.050193786621094,-0.6250764727592468,-0.6250764727592468,0,0.0,0.027115721255540848,0.026892418041825294,-0.09942600876092911,15.055103302001953,0.8147270679473877,0.8147270679473877,0,0.10270825028419495,0.01871340535581112,0.0033719073981046677,-0.04250320419669151,2.097653388977051,13.730020523071289,13.730020523071289,0,0.0,-0.006879872176796198,-0.007372759748250246,0.06656325608491898,-0.8831843733787537,0.3361572027206421,0.3361572027206421,0,0.0,0.02032320201396942,0.026025991886854172,-0.059560228139162064,-11.19483757019043,-4.3766703605651855,-4.3766703605651855,0,0.0,0.0012290624435991049,-0.0011879754019901156,0.034671101719141006,12.439679145812988,2.2196080684661865,2.2196080684661865,0
71,1.1833333333333333,3,3,spm2_platform_joint_z,0,,0,flat,0,5.688239097595215,4.323841571807861,0.14512252807617188,0.2,0.0,0.0,-0.0253974087536335,-0.03221803531050682,0.03691932559013367,26.650388717651367,7.407999038696289,7.407999038696289,0,0.0,0.024942947551608086,0.028186891227960587,-0.16325068473815918,24.63709831237793,0.6503622531890869,0.6503622531890869,0,0.0,0.00140683026984334,0.005158957093954086,-0.014196321368217468,-67.11005401611328,-7.51473331451416,-7.51473331451416,0,0.10270825028419495,0.12089361995458603,0.11803141236305237,-0.43807095289230347,-6.174459457397461,3.8160512447357178,3.8160512447357178,0,0.0,0.022143032401800156,0.0268156249076128,-0.23199325799942017,-9.131952285766602,-2.146378755569458,-2.146378755569458,0,0.0,-0.004505098797380924,-0.0029378258623182774,-0.42404818534851074,-77.76399230957031,-3.4397833347320557,-3.4397833347320557,0
71,1.1833333333333333,4,4,spm2_platform_joint_y,0,,0,flat,0,4.714914798736572,5.110757350921631,0.14515206217765808,0.2,0.0,0.0,-0.006470127031207085,-0.010290856473147869,0.021145854145288467,40.420616149902344,6.2876129150390625,6.2876129150390625,0,0.0,0.08040300011634827,0.09063586592674255,-0.2461157888174057,36.328094482421875,-5.291842460632324,-5.291842460632324,0,0.0,0.0008712984272278845,0.00133771903347224,-0.0016003604978322983,-33.842647552490234,-5.408435344696045,-5.408435344696045,0,0.0,0.0009229573770426214,0.0010465156519785523,0.03527242690324783,-4.4539361000061035,0.19985246658325195,0.19985246658325195,0,0.10270825028419495,0.09343930333852768,0.08988050371408463,-0.38174310326576233,-17.837234497070312,4.082536697387695,4.082536697387695,0,0.0,-0.00012952147517353296,-0.0031859262380748987,-0.28226274251937866,-26.366918563842773,-1.4947516918182373,-1.4947516918182373,0
71,1.1833333333333333,5,5,spm2_platform_joint_x,0,,0,flat,0,4.948598861694336,4.58206844329834,0.14646244049072266,0.2,0.0,0.0,-0.03265441954135895,-0.036968134343624115,0.11973307281732559,8.789884567260742,4.177865982055664,4.177865982055664,0,0.0,-0.006610765587538481,-0.004232991952449083,-0.20467954874038696,-47.695648193359375,-4.015921592712402,-4.015921592712402,0,0.0,-0.005036442540585995,-0.0031715508084744215,0.03289058059453964,-8.738180160522461,-0.20979201793670654,-0.20979201793670654,0,0.0,0.02479155734181404,0.024540089070796967,-0.18630985915660858,8.2710542678833,0.8947367668151855,0.8947367668151855,0,0.0,-0.00865716952830553,-0.008195568807423115,0.0031781415455043316,17.136077880859375,2.1806130409240723,2.1806130409240723,0,0.10270825028419495,0.014283637516200542,0.0005928556784056127,-0.2507096827030182,-48.89393615722656,10.96169376373291,10.96169376373291,0
72,1.2,0,0,spm1_platform_joint_z,0,,0,flat,0,4.588695526123047,4.855671405792236,0.1448434442281723,0.2,0.0,0.09635073691606522,0.16021917760372162,0.1668752133846283,-0.2550390958786011,2.940133810043335,-5.889188289642334,-5.889188289642334,0,0.0,-0.004071079194545746,-0.004407167434692383,0.023687228560447693,-5.624627113342285,-0.919300377368927,-0.919300377368927,0,0.0,0.0024649063125252724,0.002779100090265274,0.19033092260360718,-9.352115631103516,-1.9139087200164795,-1.9139087200164795,0,0.0,0.06225339323282242,0.07492904365062714,0.11197882145643234,-8.114730834960938,-12.541951179504395,-12.541951179504395,0,0.0,0.00018338834343012422,-0.002393923467025161,0.07047965377569199,4.4309773445129395,1.732480525970459,1.732480525970459,0,0.0,0.0012020479189231992,0.0003131066041532904,-0.12174298614263535,-10.572827339172363,-0.13396966457366943,-0.13396966457366943,0
72,1.2,1,1,spm1_platform_joint_y,0,,0,flat,0,5.646195888519287,4.773072719573975,0.14704252779483795,0.2,0.0,0.0,0.0051856618374586105,0.004733968526124954,-0.041054025292396545,1.4928925037384033,0.33024096488952637,0.33024096488952637,0,0.09635073691606522,0.10102526843547821,0.10233969986438751,-0.2890529930591583,-4.582915306091309,1.130434274673462,1.130434274673462,0,0.0,0.006218010559678078,0.007560927886515856,0.030194979161024094,9.189369201660156,-0.5389430522918701,-0.5389430522918701,0,0.0,0.008264545351266861,0.009772210381925106,0.02756584621965885,1.5483133792877197,-1.3853929042816162,-1.3853929042816162,0,0.0,0.07945586740970612,0.0893334299325943,-0.49568840861320496,5.377760887145996,-5.762905597686768,-5.762905597686768,0,0.0,0.0009172220015898347,0.002590751741081476,0.08178164809942245,9.926916122436523,-0.8274723887443542,-0.8274723887443542,0
72,1.2,2,2,spm1_platform_joint_x,0,,0,flat,0,4.958088397979736,3.5182485580444336,0.1447906792163849,0.2,0.0,0.0,-0.005165600683540106,-0.0071275201626122,-0.2481042742729187,-26.143648147583008,0.6617337465286255,0.6617337465286255,0,0.0,0.02330676279962063,0.02672562748193741,-0.2030535638332367,-1.7233353853225708,-1.5121551752090454,-1.5121551752090454,0,0.09635073691606522,0.01576908491551876,0.003945290111005306,0.45008718967437744,53.766971588134766,13.865581512451172,13.865581512451172,0,0.0,-0.006389725022017956,-0.006359197665005922,0.04481702670454979,-2.9071977138519287,0.024540066719055176,0.024540066719055176,0,0.0,0.02255585975944996,0.027535902336239815,-0.32609274983406067,-23.073331832885742,-3.33632755279541,-3.33632755279541,0,0.0,-0.001029578736051917,0.00020091640180908144,0.28082191944122314,23.18952178955078,-0.5704231262207031,-0.5704231262207031,0
72,1.2,3,3,spm2_platform_joint_z,0,,0,flat,0,5.699301242828369,4.324982166290283,0.14479409158229828,0.2,0.0,0.0,-0.02792229689657688,-0.03345020115375519,-0.3461887240409851,-57.175472259521484,2.5821218490600586,2.5821218490600586,0,0.0,0.02442863956093788,0.02301248162984848,-0.4443840980529785,-23.374326705932617,1.6849699020385742,1.6849699020385742,0,0.0,0.004471096210181713,0.0052721635438501835,0.5655829310417175,93.56587982177734,3.3255858421325684,3.3255858421325684,0,0.09635073691606522,0.1151406541466713,0.11311065405607224,-0.24548199772834778,20.17671012878418,4.338138103485107,4.338138103485107,0,0.0,0.023240208625793457,0.028072567656636238,0.02074338123202324,17.095287322998047,-2.409266471862793,-2.409266471862793,0,0.0,-0.002546115778386593,-0.00475287763401866,0.07188495248556137,39.967559814453125,4.846857070922852,4.846857070922852,0
72,1.2,4,4,spm2_platform_joint_y,0,,0,flat,0,4.728826999664307,5.11020040512085,0.14524883031845093,0.2,0.0,0.0,-0.008918741717934608,-0.010575314983725548,-0.22443526983261108,-38.05923080444336,-0.15553736686706543,-0.15553736686706543,0,0.0,0.07855108380317688,0.08922497183084488,-0.11257945746183395,27.714136123657227,-6.929449558258057,-6.929449558258057,0,0.0,0.0011593564413487911,-3.844622187898494e-05,-0.033384718000888824,6.031878471374512,1.7857171297073364,1.7857171297073364,0,0.0,0.0009069802472367883,0.001939555979333818,0.07958526164293289,-3.984006643295288,-1.8699076175689697,-1.8699076175689697,0,0.09635073691606522,0.09074319899082184,0.08521871268749237,-0.22712312638759613,22.850194931030273,7.33412504196167,7.33412504196167,0,0.0,-0.0027611360419541597,-0.005121239926666021,0.0671573206782341,45.378902435302734,6.090885162353516,6.090885162353516,0
72,1.2,5,5,spm2_platform_joint_x,0,,0,flat,0,4.9625444412231445,4.582300662994385,0.14518047869205475,0.2,0.0,0.0,-0.03203905001282692,-0.03604545444250107,-0.0010687722824513912,-9.442556381225586,3.6130197048187256,3.6130197048187256,0,0.0,-0.0036685930099338293,-0.009561962448060513,0.02265804074704647,6.6994500160217285,4.185088634490967,4.185088634490967,0,0.0,-0.002748677274212241,-0.002772507956251502,0.33413827419281006,33.768280029296875,-0.21826446056365967,-0.21826446056365967,0,0.0,0.021268077194690704,0.022650258615612984,-0.041390713304281235,12.031835556030273,-0.6307830810546875,-0.6307830810546875,0,0.0,-0.00710282614454627,-0.008097516372799873,0.3778662085533142,17.00749969482422,-0.5763171911239624,-0.5763171911239624,0,0.09635073691606522,0.013360573910176754,-0.00436163367703557,-0.28462696075439453,-0.9727621078491211,18.116365432739258,18.116365432739258,0
73,1.2166666666666666,0,0,spm1_platform_joint_z,0,,0,flat,0,4.596045970916748,4.856757164001465,0.14500978589057922,0.2,0.0,0.08986379951238632,0.1566070318222046,0.16414104402065277,-0.23259548842906952,-6.939736366271973,-6.834739685058594,-6.834739685058594,0,0.0,-0.0038195450324565172,-0.004187100566923618,-0.037782639265060425,-13.312747955322266,0.05854266881942749,0.05854266881942749,0,0.0,0.0024085533805191517,0.002360209356993437,0.32460659742355347,35.43756866455078,-0.8055382370948792,-0.8055382370948792,0,0.0,0.0649385005235672,0.07732054591178894,0.10598733276128769,2.5522594451904297,-12.291210174560547,-12.291210174560547,0,0.0,-0.0020747336093336344,-0.0045013451017439365,0.16789841651916504,21.531883239746094,1.3306686878204346,1.3306686878204346,0,0.0,0.0002713590511120856,-0.0020356650929898024,-0.13633853197097778,-0.3091621398925781,2.4594273567199707,2.4594273567199707,0
73,1.2166666666666666,1,1,spm1_platform_joint_y,0,,0,flat,0,5.655054092407227,4.773108959197998,0.14663130044937134,0.2,0.0,0.0,0.004102772567421198,0.004151973873376846,-0.021357811987400055,0.6911182999610901,0.06580908596515656,0.06580908596515656,0,0.08986379951238632,0.10067624598741531,0.09851572662591934,-0.2752225399017334,17.036258697509766,4.520966053009033,4.520966053009033,0,0.0,0.006552804261445999,0.006212753243744373,-0.3389469087123871,-37.096656799316406,-0.6793020963668823,-0.6793020963668823,0,0.0,0.008469249121844769,0.009804539382457733,0.025510087609291077,1.6517170667648315,-1.5412451028823853,-1.5412451028823853,0,0.0,0.07742230594158173,0.08747696876525879,-0.26812484860420227,14.765095710754395,-6.386608600616455,-6.386608600616455,0,0.0,0.0022453181445598602,0.002172301523387432,-0.243430957198143,-32.835201263427734,-1.0929327011108398,-1.0929327011108398,0
73,1.2166666666666666,2,2,spm1_platform_joint_x,0,,0,flat,0,4.969842910766602,3.5181708335876465,0.14541295170783997,0.2,0.0,0.0,-0.006177184171974659,-0.006874527782201767,0.02589413709938526,4.783143043518066,1.4517160654067993,1.4517160654067993,0,0.0,0.02316221036016941,0.02850034274160862,-0.10457634925842285,0.7958793640136719,-4.101013660430908,-4.101013660430908,0,0.08986379951238632,0.015401091426610947,0.002932474249973893,0.000760479539167136,-13.199145317077637,11.232539176940918,11.232539176940918,0,0.0,-0.00551130436360836,-0.0055030230432748795,-0.027834665030241013,-1.7736479043960571,-0.28974276781082153,-0.28974276781082153,0,0.0,0.023864448070526123,0.022740492597222328,-0.25686323642730713,15.165871620178223,3.949363946914673,3.949363946914673,0,0.0,0.00017412754823453724,-0.0024119187146425247,-0.07144641131162643,-0.13701707124710083,2.8268120288848877,2.8268120288848877,0
73,1.2166666666666666,3,3,spm2_platform_joint_z,0,,0,flat,0,5.710867881774902,4.326329708099365,0.14502564072608948,0.2,0.0,0.0,-0.02899017371237278,-0.03630410134792328,0.05690426379442215,35.654659271240234,9.462555885314941,9.462555885314941,0,0.0,0.019944150000810623,0.02205781452357769,-0.03303085267543793,17.546947479248047,0.6291478872299194,0.6291478872299194,0,0.0,0.00456920824944973,0.009117118082940578,-0.09661891311407089,-28.269399642944336,-5.940566062927246,-5.940566062927246,0,0.08986379951238632,0.11001107096672058,0.10658872127532959,-0.4510899484157562,-4.932700157165527,3.67620849609375,3.67620849609375,0,0.0,0.02432955801486969,0.02806825190782547,-0.3784440755844116,-17.420730590820312,-2.630619525909424,-2.630619525909424,0,0.0,-0.004119160585105419,-0.004699272103607655,-0.1816442459821701,-8.335272789001465,0.5161752104759216,0.5161752104759216,0
73,1.2166666666666666,4,4,spm2_platform_joint_y,0,,0,flat,0,4.74273681640625,5.110343933105469,0.1448369324207306,0.2,0.0,0.0,-0.009165273047983646,-0.01580388844013214,0.10358000546693802,48.29111099243164,7.226139068603516,7.226139068603516,0,0.0,0.07732830941677094,0.08467961102724075,-0.25508108735084534,22.46990966796875,-5.378442287445068,-5.378442287445068,0,0.0,-3.332005871925503e-05,0.0025900667533278465,-0.12381358444690704,-33.416934967041016,-2.899390459060669,-2.899390459060669,0,0.0,0.0016809485387057066,0.0008103717118501663,-0.31097808480262756,-33.26862335205078,-0.07570898532867432,-0.07570898532867432,0,0.08986379951238632,0.08583805710077286,0.08634164929389954,-0.26032790541648865,-7.999089241027832,1.8286921977996826,1.8286921977996826,0,0.0,-0.004438407719135284,0.0007306679035536945,0.08078285306692123,-30.20404052734375,-5.482545375823975,-5.482545375823975,0
73,1.2166666666666666,5,5,spm2_platform_joint_x,0,,0,flat,0,4.977107048034668,4.582800388336182,0.14525625109672546,0.2,0.0,0.0,-0.03123939409852028,-0.03678479790687561,0.05104881897568703,-0.8831173181533813,4.224527359008789,4.224527359008789,0,0.0,-0.008287033997476101,-0.01384867262095213,0.1497519612312317,12.239723205566406,2.8032636642456055,2.8032636642456055,0,0.0,-0.002402840182185173,-0.0015572087140753865,-0.32038137316703796,-0.2944958209991455,-0.15363216400146484,-0.15363216400146484,0,0.0,0.019630223512649536,0.020410723984241486,-0.04582546278834343,39.26487731933594,2.46376633644104,2.46376633644104,0,0.0,-0.007017847616225481,-0.007335088215768337,0.18816272914409637,35.766082763671875,1.4592583179473877,1.4592583179473877,0,0.08986379951238632,0.008201759308576584,-0.0009027156629599631,0.06025213748216629,67.60248565673828,18.406478881835938,18.406478881835938,0
74,1.2333333333333334,0,0,spm1_platform_joint_z,0,,0,flat,0,4.603598594665527,4.858071804046631,0.14492949843406677,0.2,0.0,0.08325615525245667,0.1533563882112503,0.16062726080417633,-0.17228849232196808,14.480908393859863,-6.033093452453613,-6.033093452453613,0,0.0,-0.003628820413723588,-0.0053680348210036755,0.060492780059576035,15.17702579498291,2.0562784671783447,2.0562784671783447,0,0.0,0.0020455147605389357,0.004095856100320816,0.056977543979883194,-22.285396575927734,-3.88441801071167,-3.88441801071167,0,0.0,0.06701114028692245,0.07929056882858276,-0.015105754137039185,-11.69023609161377,-12.385640144348145,-12.385640144348145,0,0.0,-0.0039011656772345304,-0.004897179547697306,0.05316378176212311,-5.015145301818848,-0.3528367877006531,-0.3528367877006531,0,0.0,-0.0017642430029809475,-0.004717478062957525,-0.17713262140750885,-1.868947148323059,3.1621594429016113,3.1621594429016113,0
74,1.2333333333333334,1,1,spm1_platform_joint_y,0,,0,flat,0,5.663956165313721,4.773367881774902,0.14555439352989197,0.2,0.0,0.0,0.0035983773414045572,0.003996407613158226,0.15615902841091156,28.17230987548828,0.5638837218284607,0.5638837218284607,0,0.08325615525245667,0.09648111462593079,0.09332215040922165,0.3124552369117737,97.91316986083984,6.092093467712402,6.092093467712402,0,0.0,0.005384386051446199,0.0016767540946602821,-0.22102832794189453,-5.165566444396973,2.8805017471313477,2.8805017471313477,0,0.0,0.0084972670301795,0.00976884737610817,0.022780874744057655,-3.3322806358337402,-1.887640118598938,-1.887640118598938,0,0.0,0.07581337541341782,0.08602648973464966,-0.4554632008075714,-17.438318252563477,-7.51846170425415,-7.51846170425415,0,0.0,0.0018826613668352365,-0.0016592474421486259,-0.40307512879371643,-36.765289306640625,2.0678133964538574,2.0678133964538574,0
74,1.2333333333333334,2,2,spm1_platform_joint_x,0,,0,flat,0,4.981467247009277,3.518305778503418,0.14521121978759766,0.2,0.0,0.0,-0.0059579238295555115,-0.008254899643361568,-0.2353096902370453,-15.797438621520996,1.477968692779541,1.477968692779541,0,0.0,0.02470029704272747,0.026354022324085236,-0.27727213501930237,-26.4124698638916,-1.7499300241470337,-1.7499300241470337,0,0.08325615525245667,0.013642298988997936,0.0035937533248215914,0.08310770988464355,-36.04496765136719,7.3432722091674805,7.3432722091674805,0,0.0,-0.00476928660646081,-0.005393243860453367,0.07341336458921432,-0.6039807200431824,0.3653114438056946,0.3653114438056946,0,0.0,0.019708426669239998,0.024433953687548637,0.0032220170833170414,22.0026798248291,-2.36769962310791,-2.36769962310791,0,0.0,-0.002090329537168145,-0.0016510706627741456,0.07811719924211502,-14.78901481628418,-1.672333002090454,-1.672333002090454,0
74,1.2333333333333334,3,3,spm2_platform_joint_z,0,,0,flat,0,5.722442150115967,4.32736349105835,0.1450089067220688,0.2,0.0,0.0,-0.03146355599164963,-0.03559884801506996,-0.020872224122285843,-13.378829956054688,3.515024423599243,3.515024423599243,0,0.0,0.019116772338747978,0.02392532303929329,-0.1852908432483673,-10.860837936401367,-3.0111279487609863,-3.0111279487609863,0,0.0,0.007901502773165703,0.0060871317982673645,-0.24165286123752594,-8.794118881225586,1.6428859233856201,1.6428859233856201,0,0.08325615525245667,0.10347770899534225,0.09848632663488388,-0.2549857199192047,31.30050277709961,5.943784713745117,5.943784713745117,0,0.0,0.024325817823410034,0.025713855400681496,-0.25554755330085754,13.481773376464844,1.3866679668426514,1.3866679668426514,0,0.0,-0.004072702489793301,-0.0027105410117655993,-0.1858222633600235,-39.842872619628906,-1.0558795928955078,-1.0558795928955078,0
74,1.2333333333333334,4,4,spm2_platform_joint_y,0,,0,flat,0,4.756446838378906,5.109818458557129,0.14488697052001953,0.2,0.0,0.0,-0.013696703128516674,-0.015285695903003216,-0.11834907531738281,-13.935276985168457,2.3677377700805664,2.3677377700805664,0,0.0,0.07338899374008179,0.082285076379776,-0.06939679384231567,40.83076858520508,-5.500576019287109,-5.500576019287109,0,0.0,0.002244724426418543,-0.0006354323122650385,0.055125221610069275,27.859859466552734,3.252800226211548,3.252800226211548,0,0.0,0.0007023221696726978,0.0008874518098309636,0.07850963622331619,-0.42259544134140015,-0.47470128536224365,-0.47470128536224365,0,0.08325615525245667,0.0859302505850792,0.08435644954442978,-0.4257732629776001,-6.538592338562012,4.248040199279785,4.248040199279785,0,0.0,0.0006332455086521804,-0.0028394002001732588,-0.012957148253917694,39.15184783935547,4.586204528808594,4.586204528808594,0
74,1.2333333333333334,5,5,spm2_platform_joint_x,0,,0,flat,0,4.992228984832764,4.582630157470703,0.14555159211158752,0.2,0.0,0.0,-0.03188015893101692,-0.033607762306928635,0.19933678209781647,11.897100448608398,2.1274313926696777,2.1274313926696777,0,0.0,-0.012002183124423027,-0.009471620433032513,-0.2108997106552124,-5.188404083251953,-0.21823978424072266,-0.21823978424072266,0,0.0,-0.0013495809398591518,-0.004882185719907284,-0.04555580019950867,14.05694580078125,4.373274326324463,4.373274326324463,0,0.0,0.01768929325044155,0.019620588049292564,-0.04869627580046654,-19.150714874267578,-2.9544856548309326,-2.9544856548309326,0,0.0,-0.0063570765778422356,-0.0026732408441603184,-0.03602474927902222,10.985620498657227,-0.535079836845398,-0.535079836845398,0,0.08325615525245667,0.01031846646219492,-0.0007340427255257964,0.00324387289583683,-37.98808288574219,8.601537704467773,8.601537704467773,0
75,1.25,0,0,spm1_platform_joint_z,0,,0,flat,0,4.611093521118164,4.859447956085205,0.14457350969314575,0.2,0.0,0.07653668522834778,0.14941518008708954,0.15537789463996887,-0.3448408246040344,-6.250229835510254,-6.304085731506348,-6.304085731506348,0,0.0,-0.004652296658605337,-0.005344271659851074,-0.08710692077875137,-12.183216094970703,-0.01943647861480713,-0.01943647861480713,0,0.0,0.0035497420467436314,0.00109070201870054,0.2903636693954468,56.06132125854492,3.782444477081299,3.782444477081299,0,0.0,0.06871849298477173,0.08078225702047348,0.033380176872015,-0.406697541475296,-11.314957618713379,-11.314957618713379,0,0.0,-0.004244222305715084,-0.0023144171573221684,0.037312496453523636,-11.504851341247559,-1.584403157234192,-1.584403157234192,0,0.0,-0.004088480956852436,-0.004277801141142845,0.20710060000419617,25.632444381713867,0.18718618154525757,0.18718618154525757,0
75,1.25,1,1,spm1_platform_joint_y,0,,0,flat,0,5.673207759857178,4.773500919342041,0.14584563672542572,0.2,0.0,0.0,0.003463553264737129,0.004677938297390938,0.037667617201805115,8.549560546875,-1.1249125003814697,-1.1249125003814697,0,0.07653668522834778,0.0910840854048729,0.09263113141059875,-0.4324277341365814,-30.105125427246094,-1.381460189819336,-1.381460189819336,0,0.0,0.0014531868509948254,0.002353089861571789,0.03809989243745804,27.972152709960938,2.2476255893707275,2.2476255893707275,0,0.0,0.008466334082186222,0.010037519037723541,-0.0546751469373703,-21.11539077758789,-2.7087321281433105,-2.7087321281433105,0,0.0,0.07455629110336304,0.08457612991333008,-0.36761775612831116,7.025578022003174,-5.283095359802246,-5.283095359802246,0,0.0,-0.001438014442101121,-0.004925255663692951,-0.14746227860450745,2.4098305702209473,4.386030197143555,4.386030197143555,0
75,1.25,2,2,spm1_platform_joint_x,0,,0,flat,0,4.99333381652832,3.518676519393921,0.1445157676935196,0.2,0.0,0.0,-0.00715424632653594,-0.00980390515178442,0.16340911388397217,33.59015655517578,3.404409408569336,3.404409408569336,0,0.0,0.02284015342593193,0.020991964265704155,-0.06653125584125519,31.264171600341797,2.836028575897217,2.836028575897217,0,0.07653668522834778,0.013319478370249271,0.0036361869424581528,-0.10692745447158813,-22.790176391601562,8.893182754516602,8.893182754516602,0,0.0,-0.004674144554883242,-0.005313011351972818,-0.013894304633140564,-4.344960689544678,0.20918896794319153,0.20918896794319153,0,0.0,0.021176092326641083,0.02462848648428917,-0.11964240670204163,-10.065115928649902,-2.772395372390747,-2.772395372390747,0,0.0,-0.00143092789221555,-0.0009026860352605581,-0.08907614648342133,-20.26167106628418,-0.9242609143257141,-0.9242609143257141,0
75,1.25,3,3,spm2_platform_joint_z,0,,0,flat,0,5.734065532684326,4.3286662101745605,0.14446306228637695,0.2,0.0,0.0,-0.030852334573864937,-0.03656112775206566,-0.2379455417394638,-19.975208282470703,4.378854751586914,4.378854751586914,0,0.0,0.020735280588269234,0.022732526063919067,-0.0217166468501091,38.409141540527344,0.9195902347564697,0.9195902347564697,0,0.0,0.005275513976812363,0.005442087538540363,0.4672417640686035,54.354557037353516,1.993583083152771,1.993583083152771,0,0.07653668522834778,0.09555970877408981,0.09284032881259918,-0.4047030210494995,-17.965576171875,2.9018568992614746,2.9018568992614746,0,0.0,0.02228534035384655,0.02507304958999157,-0.27493932843208313,-23.439151763916016,-2.0219881534576416,-2.0219881534576416,0,0.0,-0.0023491354659199715,-0.0021889996714890003,0.1910475492477417,33.23960876464844,2.1241350173950195,2.1241350173950195,0
75,1.25,4,4,spm2_platform_joint_y,0,,0,flat,0,4.770249843597412,5.109681606292725,0.14506277441978455,0.2,0.0,0.0,-0.013247603550553322,-0.01722216233611107,-0.16253381967544556,-15.943373680114746,2.962688684463501,2.962688684463501,0,0.0,0.07131373137235641,0.08231134712696075,-0.3483203053474426,-14.092945098876953,-9.370635032653809,-9.370635032653809,0,0.0,-0.0005507079767994583,0.002945993095636368,0.17983046174049377,19.22811508178711,-0.08672410994768143,-0.08672410994768143,0,0.0,0.0007691248902119696,-8.77116181072779e-05,-0.13193279504776,-5.761477947235107,0.7200096249580383,0.7200096249580383,0,0.07653668522834778,0.08331381529569626,0.08127083629369736,-0.40013644099235535,24.089509963989258,7.3013129234313965,7.3013129234313965,0,0.0,-0.0024608136154711246,-0.003041909309104085,-0.011140122078359127,-2.9747164249420166,0.612262487411499,0.612262487411499,0
75,1.25,5,5,spm2_platform_joint_x,0,,0,flat,0,5.007471084594727,4.582010746002197,0.14545542001724243,0.2,0.0,0.0,-0.02912672609090805,-0.02905854769051075,0.36576685309410095,34.79668426513672,2.438697099685669,2.438697099685669,0,0.0,-0.008208737708628178,-0.0036737523041665554,0.271812379360199,56.80059051513672,1.9771394729614258,1.9771394729614258,0,0.0,-0.004231227561831474,-0.0022654400672763586,0.2910456359386444,-51.15264892578125,-8.615209579467773,-8.615209579467773,0,0.0,0.017004508525133133,0.01863441988825798,-0.11290372163057327,-14.807788848876953,-2.900028705596924,-2.900028705596924,0,0.0,-0.002316808793693781,0.0019261135021224618,-0.4839251935482025,-82.31277465820312,-5.523098945617676,-5.523098945617676,0,0.07653668522834778,0.009568721987307072,-0.0036337864585220814,-0.19090834259986877,-44.43688201904297,7.588693618774414,7.588693618774414,0
76,1.2666666666666666,0,0,spm1_platform_joint_z,0,,0,flat,0,4.618637561798096,4.860716819763184,0.14458593726158142,0.2,0.0,0.06971441209316254,0.14395609498023987,0.1507565975189209,-0.17759935557842255,16.091747283935547,-5.643867015838623,-5.643867015838623,0,0.0,-0.004631701856851578,-0.006259001791477203,0.1145782470703125,13.642810821533203,1.701466679573059,1.701466679573059,0,0.0,0.0009452750673517585,0.002329729963093996,0.04761414974927902,-14.591595649719238,-2.956256866455078,-2.956256866455078,0,0.0,0.07001128792762756,0.08091225475072861,-0.11933981627225876,-15.699941635131836,-11.264217376708984,-11.264217376708984,0,0.0,-0.0020058280788362026,-0.0034062506165355444,0.05665751174092293,-5.553643703460693,-0.18863803148269653,-0.18863803148269653,0,0.0,-0.003707427531480789,-0.0007492909207940102,0.21681712567806244,4.273862361907959,-3.0700573921203613,-3.0700573921203613,0
76,1.2666666666666666,1,1,spm1_platform_joint_y,0,,0,flat,0,5.6823577880859375,4.773519992828369,0.14630982279777527,0.2,0.0,0.0,0.0040542129427194595,0.003325870493426919,-0.07912367582321167,3.2611279487609863,0.8444523811340332,0.8444523811340332,0,0.06971441209316254,0.08957556635141373,0.08792245388031006,-0.019684502854943275,-26.956462860107422,-0.11784470081329346,-0.11784470081329346,0,0.0,0.0020393445156514645,0.003505989210680127,0.07262420654296875,-30.788419723510742,-3.165074586868286,-3.165074586868286,0,0.0,0.008699183352291584,0.009193249978125095,0.011073553003370762,0.8579765558242798,-0.532023549079895,-0.532023549079895,0,0.0,0.07329931110143661,0.07969355583190918,-0.4454817473888397,17.441099166870117,-3.8706226348876953,-3.8706226348876953,0,0.0,-0.004268554970622063,-0.0014144823653623462,0.15032044053077698,-33.02016830444336,-4.866406440734863,-4.866406440734863,0
76,1.2666666666666666,2,2,spm1_platform_joint_x,0,,0,flat,0,5.005410671234131,3.5185275077819824,0.1449146866798401,0.2,0.0,0.0,-0.008496717549860477,-0.009235686622560024,-0.08858688175678253,-13.379680633544922,0.4910145699977875,0.4910145699977875,0,0.0,0.018193036317825317,0.02237478829920292,-0.13248126208782196,1.0764116048812866,-1.6070060729980469,-1.6070060729980469,0,0.06971441209316254,0.012446616776287556,0.0028019638266414404,0.15322674810886383,-20.32497787475586,7.019947528839111,7.019947528839111,0,0.0,-0.0046046096831560135,-0.004220469854772091,-0.10444628447294235,-30.95071792602539,-1.8910149335861206,-1.8910149335861206,0,0.0,0.021344687789678574,0.021913543343544006,-0.32568538188934326,12.37885570526123,2.0391952991485596,2.0391952991485596,0,0.0,-0.0007823279011063278,-0.0022338759154081345,0.21511730551719666,34.81987380981445,2.763606548309326,2.763606548309326,0
76,1.2666666666666666,3,3,spm2_platform_joint_z,0,,0,flat,0,5.746062755584717,4.330225944519043,0.1453171670436859,0.2,0.0,0.0,-0.03168630972504616,-0.03654908761382103,0.05042986199259758,8.466365814208984,5.309506416320801,5.309506416320801,0,0.0,0.0197015218436718,0.023097559809684753,0.03790789842605591,14.54100227355957,-2.2599306106567383,-2.2599306106567383,0,0.0,0.004716475959867239,0.0016906254459172487,-0.1289231777191162,-1.687849760055542,2.895472526550293,2.895472526550293,0,0.06971441209316254,0.08975687623023987,0.08716917783021927,-0.2556227445602417,13.123244285583496,3.5720319747924805,3.5720319747924805,0,0.0,0.021729975938796997,0.02011031284928322,-0.2724815607070923,12.782171249389648,3.093492031097412,3.093492031097412,0,0.0,-0.0018971330719068646,-0.0022851431276649237,0.00018333073239773512,5.183193206787109,0.9977928400039673,0.9977928400039673,0
76,1.2666666666666666,4,4,spm2_platform_joint_y,0,,0,flat,0,4.783958911895752,5.109655380249023,0.1443539559841156,0.2,0.0,0.0,-0.014925873838365078,-0.020638829097151756,-0.32920408248901367,-21.781147003173828,5.518260478973389,5.518260478973389,0,0.0,0.07133650034666061,0.07742072641849518,-0.46557846665382385,2.8763723373413086,-3.7658915519714355,-3.7658915519714355,0,0.0,0.002553194062784314,0.0029789244290441275,0.19461768865585327,23.568613052368164,-0.9590281844139099,-0.9590281844139099,0,0.0,-7.601673132739961e-05,-0.002904492197558284,-0.12022572010755539,4.980560779571533,2.849087715148926,2.849087715148926,0,0.06971441209316254,0.07972998172044754,0.08003508299589157,0.007535520009696484,31.014936447143555,2.1898837089538574,2.1898837089538574,0,0.0,-0.0026363213546574116,0.002161322860047221,0.35875266790390015,1.2811017036437988,-5.0055999755859375,-5.0055999755859375,0
76,1.2666666666666666,5,5,spm2_platform_joint_x,0,,0,flat,0,5.02317476272583,4.581254959106445,0.14594203233718872,0.2,0.0,0.0,-0.02518407441675663,-0.024014035239815712,-0.030399277806282043,-59.56508255004883,-4.0069475173950195,-4.0069475173950195,0,0.0,-0.0031839185394346714,0.007262906990945339,-0.4994008243083954,-142.81768798828125,-12.723775863647461,-12.723775863647461,0,0.0,-0.0019633814226835966,4.353411713964306e-05,-0.0329054556787014,2.861367702484131,-0.4835295081138611,-0.4835295081138611,0,0.0,0.01614983007311821,0.017248935997486115,-0.013218889012932777,31.04344367980957,1.1320271492004395,1.1320271492004395,0,0.0,0.001669298391789198,0.0010227302554994822,-0.42095646262168884,9.990452766418457,4.269859790802002,4.269859790802002,0,0.06971441209316254,0.006145974155515432,-0.00672440230846405,0.11544261127710342,57.76902770996094,15.840900421142578,15.840900421142578,0
77,1.2833333333333332,0,0,spm1_platform_joint_z,0,,0,flat,0,4.626330375671387,4.862156391143799,0.1448260098695755,0.2,0.0,0.06279849261045456,0.13902884721755981,0.14557982981204987,-0.2800295054912567,10.737809181213379,-5.910057067871094,-5.910057067871094,0,0.0,-0.0054244683124125,-0.004978569690138102,0.005319742951542139,1.4503483772277832,-0.02925872802734375,-0.02925872802734375,0,0.0,0.0020190991926938295,0.0036344320978969336,0.09430821239948273,-25.591888427734375,-3.903809070587158,-3.903809070587158,0,0.0,0.07012395560741425,0.08192192018032074,0.018363792449235916,-5.430882930755615,-11.335491180419922,-11.335491180419922,0,0.0,-0.002952083945274353,-0.003633835120126605,-0.012749014422297478,-7.2103776931762695,-0.33229005336761475,-0.33229005336761475,0,0.0,-0.0006493854452855885,6.155998562462628e-05,-0.15039534866809845,-35.65214538574219,-3.1418991088867188,-3.1418991088867188,0
77,1.2833333333333332,1,1,spm1_platform_joint_y,0,,0,flat,0,5.691669940948486,4.773479461669922,0.14615550637245178,0.2,0.0,0.0,0.0028824210166931152,0.002259905682876706,-0.03324995934963226,0.8898532390594482,0.6507867574691772,0.6507867574691772,0,0.06279849261045456,0.08457259088754654,0.08197455108165741,-0.25837740302085876,10.801688194274902,2.966524124145508,2.966524124145508,0,0.0,0.0030385239515453577,0.003690690966323018,-0.0529736652970314,-7.341310024261475,-0.9017001390457153,-0.9017001390457153,0,0.0,0.007967483252286911,0.0092856390401721,0.013266455382108688,1.7659170627593994,-1.2476433515548706,-1.2476433515548706,0,0.0,0.06906774640083313,0.07397106289863586,-0.12343526631593704,41.876529693603516,-1.9310188293457031,-1.9310188293457031,0,0.0,-0.0012258847709745169,-6.941428182472009e-06,0.040602393448352814,-3.7015726566314697,-1.5684959888458252,-1.5684959888458252,0
77,1.2833333333333332,2,2,spm1_platform_joint_x,0,,0,flat,0,5.017397403717041,3.5185842514038086,0.14506599307060242,0.2,0.0,0.0,-0.008004261180758476,-0.010952317155897617,-0.3011552691459656,-25.760467529296875,2.968440055847168,2.968440055847168,0,0.0,0.019391482695937157,0.02271018922328949,-0.26802515983581543,-24.334280014038086,-3.2451322078704834,-3.2451322078704834,0,0.06279849261045456,0.01080150157213211,0.003909132443368435,-0.02400801330804825,-12.31794261932373,6.5109944343566895,6.5109944343566895,0,0.0,-0.003657740540802479,-0.004141826648265123,0.15889032185077667,28.653459548950195,2.032475709915161,2.032475709915161,0,0.0,0.018991736695170403,0.02108396403491497,0.026759935542941093,43.31819534301758,1.714652419090271,1.714652419090271,0,0.0,-0.001936025801114738,-0.001046629622578621,0.001786334440112114,-38.9499626159668,-5.718873023986816,-5.718873023986816,0
77,1.2833333333333332,3,3,spm2_platform_joint_z,0,,0,flat,0,5.758382797241211,4.331432819366455,0.14506091177463531,0.2,0.0,0.0,-0.031675875186920166,-0.035067375749349594,-0.03335704654455185,-20.12060546875,2.430482864379883,2.430482864379883,0,0.0,0.02001788467168808,0.022668205201625824,-0.20388147234916687,-18.25760841369629,-3.294179677963257,-3.294179677963257,0,0.0,0.0014652087120339274,0.0022946232929825783,0.1287747174501419,34.74494934082031,3.170039176940918,3.170039176940918,0,0.06279849261045456,0.08391975611448288,0.08132956922054291,-0.25849631428718567,9.593889236450195,2.8248260021209717,2.8248260021209717,0,0.0,0.017428938299417496,0.018676668405532837,-0.038825228810310364,38.242706298828125,2.5416126251220703,2.5416126251220703,0,0.0,-0.001980457454919815,-0.002248086268082261,0.06381077319383621,6.885917663574219,0.07393770664930344,0.07393770664930344,0
77,1.2833333333333332,4,4,spm2_platform_joint_y,0,,0,flat,0,4.797487735748291,5.109297752380371,0.1450372040271759,0.2,0.0,0.0,-0.01788698509335518,-0.023139845579862595,-0.18899060785770416,-2.653782844543457,5.340710639953613,5.340710639953613,0,0.0,0.06709796190261841,0.07304047048091888,-0.1715800166130066,46.504154205322266,-2.5752859115600586,-2.5752859115600586,0,0.0,0.0025817344430834055,0.0016571545274928212,0.23743510246276855,22.85809326171875,1.5379607677459717,1.5379607677459717,0,0.0,-0.002517226617783308,-0.0012301454553380609,-0.049164410680532455,-12.643012046813965,-1.2918891906738281,-1.2918891906738281,0,0.06279849261045456,0.07773686945438385,0.07424380630254745,-0.24707256257534027,11.275751113891602,4.929194450378418,4.929194450378418,0,0.0,0.0018731465097516775,-0.0024562720209360123,0.027577029541134834,23.405982971191406,5.20617151260376,5.20617151260376,0
77,1.2833333333333332,5,5,spm2_platform_joint_x,0,,0,flat,0,5.039419651031494,4.580501556396484,0.1458229422569275,0.2,0.0,0.0,-0.02081216312944889,-0.022735727950930595,0.18245074152946472,5.86859130859375,1.8716498613357544,1.8716498613357544,0,0.0,0.0062945191748440266,0.0065792016685009,0.14162246882915497,-14.301446914672852,-0.9550884962081909,-0.9550884962081909,0,0.0,3.772956915781833e-05,-0.001771043287590146,0.09232307225465775,75.99115753173828,6.837082862854004,6.837082862854004,0,0.0,0.014949077740311623,0.013945668935775757,-0.22202999889850616,11.965335845947266,1.6578706502914429,1.6578706502914429,0,0.0,0.0008863662369549274,0.0007855037110857666,0.011625654064118862,7.458789348602295,-0.030895531177520752,-0.030895531177520752,0,0.06279849261045456,0.0025453176349401474,-0.004606952890753746,0.03959093987941742,69.96794891357422,12.13949203491211,12.13949203491211,0
78,1.3,0,0,spm1_platform_joint_z,0,,0,flat,0,4.63401460647583,4.863688945770264,0.14488515257835388,0.2,0.0,0.05579822137951851,0.13360895216464996,0.14139868319034576,-0.1897817701101303,10.153668403625488,-6.849082946777344,-6.849082946777344,0,0.0,-0.004314760211855173,-0.005836533382534981,0.11072419583797455,8.498151779174805,0.9662306308746338,0.9662306308746338,0,0.0,0.0031498412135988474,0.003418130800127983,-0.00014265754725784063,-6.938296794891357,-1.2884889841079712,-1.2884889841079712,0,0.0,0.07099899649620056,0.08387819677591324,0.007857074029743671,-6.427194118499756,-12.663703918457031,-12.663703918457031,0,0.0,-0.003149323631078005,-0.005133714992552996,0.07195400446653366,3.6480050086975098,0.9821650981903076,0.9821650981903076,0,0.0,5.335198511602357e-05,-0.0029770820401608944,-0.19585248827934265,-2.735279083251953,3.1421895027160645,3.1421895027160645,0
78,1.3,1,1,spm1_platform_joint_y,0,,0,flat,0,5.7012763023376465,4.773576259613037,0.14563292264938354,0.2,0.0,0.0,0.0019585848785936832,0.0032394346781075,0.1033906415104866,-15.129196166992188,-2.8383238315582275,-2.8383238315582275,0,0.05579822137951851,0.07848437130451202,0.0768052265048027,-0.12514163553714752,-19.082487106323242,-0.1489201784133911,-0.1489201784133911,0,0.0,0.0031985987443476915,0.00019325755420140922,0.21334795653820038,62.80058288574219,5.443163871765137,5.443163871765137,0,0.0,0.008047553710639477,0.008905155584216118,-0.04402778670191765,14.774118423461914,0.6494899988174438,0.6494899988174438,0,0.0,0.06410825252532959,0.06873571127653122,-0.20059239864349365,38.673927307128906,-2.4235763549804688,-2.4235763549804688,0,0.0,-6.015904546075035e-06,-0.003463988658040762,-0.09535437822341919,7.388754367828369,3.8503594398498535,3.8503594398498535,0
78,1.3,2,2,spm1_platform_joint_x,0,,0,flat,0,5.029731273651123,3.5188870429992676,0.14448463916778564,0.2,0.0,0.0,-0.00949200801551342,-0.011852593161165714,0.1546609252691269,33.39717102050781,4.2452192306518555,4.2452192306518555,0,0.0,0.01968216337263584,0.015004340559244156,-0.047928038984537125,38.47597122192383,5.592250347137451,5.592250347137451,0,0.05579822137951851,0.010827677324414253,0.0026252216193825006,-0.250531405210495,-39.87992858886719,5.805673122406006,5.805673122406006,0,0.0,-0.003589583095163107,-0.0035958876833319664,-0.022447776049375534,1.7139074802398682,0.3176664412021637,0.3176664412021637,0,0.0,0.018272768706083298,0.019863944500684738,0.07851125299930573,-0.8498445153236389,-3.102012872695923,-3.102012872695923,0,0.0,-0.0009070789674296975,-0.0027826062869280577,-0.2943052053451538,-42.35883712768555,-0.6417848467826843,-0.6417848467826843,0
78,1.3,3,3,spm2_platform_joint_z,0,,0,flat,0,5.770806312561035,4.332546710968018,0.14509765803813934,0.2,0.0,0.0,-0.030391724780201912,-0.03423241898417473,-0.03075840137898922,-30.77107048034668,1.4317882061004639,1.4317882061004639,0,0.0,0.019645778462290764,0.018783295527100563,0.0644601583480835,21.78008460998535,2.534886121749878,2.534886121749878,0,0.0,0.001988673582673073,0.002813769271597266,-0.20864982903003693,-14.536147117614746,0.2469930648803711,0.2469930648803711,0,0.05579822137951851,0.07792539149522781,0.0755377784371376,-0.1253127157688141,24.92549705505371,3.39839506149292,3.39839506149292,0,0.0,0.016186445951461792,0.017650088295340538,-0.09973931312561035,5.10822057723999,-2.0034384727478027,-2.0034384727478027,0,0.0,-0.0019483413780108094,-0.003248957684263587,-0.024216104298830032,21.91790199279785,3.930399179458618,3.930399179458618,0
78,1.3,4,4,spm2_platform_joint_y,0,,0,flat,0,4.811206340789795,5.109304428100586,0.14490196108818054,0.2,0.0,0.0,-0.0200545322149992,-0.026066508144140244,-0.31170231103897095,-26.132022857666016,5.085680961608887,5.085680961608887,0,0.0,0.06330174207687378,0.07089899480342865,-0.4157566726207733,-11.319655418395996,-5.551480293273926,-5.551480293273926,0,0.0,0.0014362005749717355,0.004216961096972227,0.043597280979156494,-6.486909866333008,-2.1716365814208984,-2.1716365814208984,0,0.0,-0.0010661260457709432,-0.002450063358992338,0.01818472146987915,18.446569442749023,2.420475482940674,2.420475482940674,0,0.05579822137951851,0.07178439199924469,0.07006610184907913,-0.2034917175769806,40.20142364501953,4.9918389320373535,4.9918389320373535,0,0.0,-0.002128769177943468,-0.0018909820355474949,0.01937541551887989,-3.669563055038452,-0.5068179368972778,-0.5068179368972778,0
78,1.3,5,5,spm2_platform_joint_x,0,,0,flat,0,5.055766582489014,4.579801559448242,0.14569354057312012,0.2,0.0,0.0,-0.019704297184944153,-0.018005384132266045,0.19160254299640656,-15.878836631774902,-2.3353164196014404,-2.3353164196014404,0,0.0,0.005701974965631962,0.008409988135099411,-0.14202558994293213,-62.690834045410156,-5.76833963394165,-5.76833963394165,0,0.0,-0.001534904120489955,-0.0013633561320602894,-0.048025503754615784,-1.7812706232070923,-1.5963472127914429,-1.5963472127914429,0,0.0,0.01208624616265297,0.01150202751159668,0.013590751215815544,43.57666015625,3.4127402305603027,3.4127402305603027,0,0.0,0.0006807699101045728,0.0018630361882969737,-0.05660874396562576,22.27817153930664,1.6921958923339844,1.6921958923339844,0,0.05579822137951851,0.0034470707178115845,-0.0052435509860515594,0.08444638550281525,40.364601135253906,10.390913963317871,10.390913963317871,0
79,1.3166666666666667,0,0,spm1_platform_joint_z,0,,0,flat,0,4.641831398010254,4.865128517150879,0.1447291374206543,0.2,0.0,0.0487230010330677,0.12904192507266998,0.13716302812099457,-0.3574662208557129,-13.097262382507324,-8.23606014251709,-8.23606014251709,0,0.0,-0.005058329086750746,-0.006211365107446909,-0.021913932636380196,-12.285035133361816,-0.4574589133262634,-0.4574589133262634,0,0.0,0.002962379949167371,0.0024085051845759153,0.06210886314511299,23.60140609741211,2.103043556213379,2.103043556213379,0,0.0,0.07269443571567535,0.08511635661125183,-0.012187576852738857,5.4523515701293945,-11.347707748413086,-11.347707748413086,0,0.0,-0.0044492194429039955,-0.00590682215988636,0.19312651455402374,21.239980697631836,1.3878756761550903,1.3878756761550903,0,0.0,-0.0025801376905292273,-0.004605579189956188,0.0007492072181776166,0.6142505407333374,1.7599447965621948,1.7599447965621948,0
79,1.3166666666666667,1,1,spm1_platform_joint_y,0,,0,flat,0,5.710925579071045,4.773565292358398,0.1446441411972046,0.2,0.0,0.0,0.0028075100854039192,0.00333870155736804,-0.016668051481246948,-4.606600761413574,-0.9190576076507568,-0.9190576076507568,0,0.0487230010330677,0.07306092977523804,0.06726675480604172,-0.4933047592639923,4.357391357421875,5.823999881744385,5.823999881744385,0,0.0,0.00016748988127801567,0.0018562984187155962,0.03598221391439438,8.957584381103516,-0.9091371297836304,-0.9091371297836304,0,0.0,0.007717801257967949,0.008705705404281616,-0.01910361647605896,-8.048093795776367,-1.7537546157836914,-1.7537546157836914,0,0.0,0.05957094952464104,0.06840046495199203,0.13822759687900543,37.33535385131836,-6.531719207763672,-6.531719207763672,0,0.0,-0.0030021234415471554,-0.004310536198318005,0.0355742983520031,22.896867752075195,3.144249677658081,3.144249677658081,0
79,1.3166666666666667,2,2,spm1_platform_joint_x,0,,0,flat,0,5.042443752288818,3.519090414047241,0.14512772858142853,0.2,0.0,0.0,-0.010272247716784477,-0.01172078400850296,-0.156938374042511,5.089654445648193,2.368175983428955,2.368175983428955,0,0.0,0.013003761880099773,0.016823947429656982,-0.003725787391886115,10.001240730285645,-2.5218966007232666,-2.5218966007232666,0,0.0487230010330677,0.008771592751145363,0.004254370927810669,0.20640219748020172,-23.241792678833008,2.819711685180664,2.819711685180664,0,0.0,-0.0031164358370006084,-0.004768698010593653,-0.13954675197601318,-12.992704391479492,0.9567978382110596,0.9567978382110596,0,0.0,0.017215417698025703,0.015662839636206627,-0.2685545086860657,8.749999046325684,2.729191303253174,2.729191303253174,0,0.0,-0.0024115920532494783,-0.002082647057250142,0.3666098415851593,23.838441848754883,-0.4308021068572998,-0.4308021068572998,0
79,1.3166666666666667,3,3,spm2_platform_joint_z,0,,0,flat,0,5.783566474914551,4.333767890930176,0.14532017707824707,0.2,0.0,0.0,-0.02966809645295143,-0.030819358304142952,0.08316691964864731,-16.062036514282227,1.2018227577209473,1.2018227577209473,0,0.0,0.016278855502605438,0.015048528090119362,-0.12917470932006836,-9.817876815795898,-0.12752395868301392,-0.12752395868301392,0,0.0,0.00243859994225204,-0.0012774766655638814,0.10767148435115814,35.388851165771484,3.3269782066345215,3.3269782066345215,0,0.0487230010330677,0.07196247577667236,0.06933346390724182,-0.4516836702823639,-12.771541595458984,2.6559700965881348,2.6559700965881348,0,0.0,0.015296743251383305,0.011987045407295227,0.048830028623342514,27.966449737548828,2.9854822158813477,2.9854822158813477,0,0.0,-0.002815763233229518,-0.003773569595068693,-0.19885709881782532,-24.830312728881836,0.2115442454814911,0.2115442454814911,0
79,1.3166666666666667,4,4,spm2_platform_joint_y,0,,0,flat,0,4.825124740600586,5.10902214050293,0.14477699995040894,0.2,0.0,0.0,-0.02259097434580326,-0.028220759704709053,0.13729867339134216,48.95808410644531,8.652583122253418,8.652583122253418,0,0.0,0.06144579499959946,0.06383481621742249,-0.26441919803619385,46.87710952758789,2.345211982727051,2.345211982727051,0,0.0,0.0036546995397657156,0.0010092015145346522,-0.22123973071575165,-39.906044006347656,-2.472349166870117,-2.472349166870117,0,0.0,-0.0021233882289379835,-0.0031230594031512737,-0.022898506373167038,14.039289474487305,2.3383982181549072,2.3383982181549072,0,0.0487230010330677,0.06722035259008408,0.06586671620607376,-0.07234697043895721,2.374279022216797,-0.3020888566970825,-0.3020888566970825,0,0.0,-0.0016388511285185814,-0.0017615476390346885,-0.3836738169193268,-84.65702819824219,-5.4720540046691895,-5.4720540046691895,0
79,1.3166666666666667,5,5,spm2_platform_joint_x,0,,0,flat,0,5.072072505950928,4.5790252685546875,0.1450948417186737,0.2,0.0,0.0,-0.01560466643422842,-0.013549716211855412,0.15002289414405823,-28.885438919067383,-3.8108367919921875,-3.8108367919921875,0,0.0,0.007288656197488308,0.006281343288719654,-0.022658975794911385,2.9444849491119385,0.9352359771728516,0.9352359771728516,0,0.0,-0.001181575353257358,9.216656326316297e-05,0.36792853474617004,88.98917388916016,2.1953511238098145,2.1953511238098145,0,0.0,0.009968424215912819,0.00937031302601099,-0.1615145057439804,10.334421157836914,1.9988744258880615,1.9988744258880615,0,0.0,0.001614631386473775,0.005283351056277752,-0.05381128937005997,-20.417268753051758,-3.7186384201049805,-3.7186384201049805,0,0.0487230010330677,0.0019519897177815437,-0.0025180233642458916,0.4332296550273895,71.61553192138672,6.725189685821533,6.725189685821533,0
80,1.3333333333333333,0,0,spm1_platform_joint_z,0,,0,flat,0,4.64989709854126,4.866361141204834,0.14488545060157776,0.2,0.0,0.04158233851194382,0.12441893666982651,0.1327720731496811,-0.2591773271560669,2.4834787845611572,-7.548107147216797,-7.548107147216797,0,0.0,-0.0053831832483410835,-0.0072092413902282715,-0.03676754981279373,-11.403910636901855,0.9981430172920227,0.9981430172920227,0,0.0,0.002087371191009879,0.001581265707500279,0.26623448729515076,29.110454559326172,0.15809598565101624,0.15809598565101624,0,0.0,0.07376750558614731,0.08479814231395721,-0.05691024661064148,2.5984864234924316,-11.0107421875,-11.0107421875,0,0.0,-0.00511924596503377,-0.007269731722772121,0.2215389609336853,19.35175323486328,0.6955047845840454,0.6955047845840454,0,0.0,-0.003991501871496439,-0.0013650736073032022,0.15203222632408142,-6.496798515319824,-2.8562047481536865,-2.8562047481536865,0
80,1.3333333333333333,1,1,spm1_platform_joint_y,0,,0,flat,0,5.720943927764893,4.773638725280762,0.145055890083313,0.2,0.0,0.0,0.0028935412410646677,0.0008974148659035563,0.014645042829215527,-3.7836129665374756,1.0840177536010742,1.0840177536010742,0,0.04158233851194382,0.06384216248989105,0.06138840690255165,-0.1114930510520935,25.354421615600586,3.003171443939209,3.003171443939209,0,0.0,0.0016087919939309359,0.00224292348138988,-0.025988277047872543,6.865499019622803,-0.3813819885253906,-0.3813819885253906,0,0.0,0.007544944528490305,0.008811612613499165,-0.01139892265200615,-0.3541259169578552,-0.6608433723449707,-0.6608433723449707,0,0.0,0.0592804029583931,0.06150893121957779,-0.1606333702802658,24.2484130859375,-1.8931527137756348,-1.8931527137756348,0,0.0,-0.003735797945410013,-0.002117161639034748,0.0652310848236084,7.8287272453308105,-1.4057371616363525,-1.4057371616363525,0
80,1.3333333333333333,2,2,spm1_platform_joint_x,0,,0,flat,0,5.055233955383301,3.519425868988037,0.1451411247253418,0.2,0.0,0.0,-0.010158012621104717,-0.01489791739732027,-0.3311256170272827,-22.18596076965332,4.613879203796387,4.613879203796387,0,0.0,0.014580754563212395,0.016231538727879524,-0.21224623918533325,-18.17244529724121,-1.8490405082702637,-1.8490405082702637,0,0.04158233851194382,0.009231433272361755,0.0068562827073037624,0.43669983744621277,42.075435638427734,3.1388845443725586,3.1388845443725586,0,0.0,-0.004132871516048908,-0.0047606113366782665,0.029259569942951202,5.662109375,1.366381287574768,1.366381287574768,0,0.0,0.01357446052134037,0.014846660196781158,-0.04637816920876503,19.931697845458984,1.0324044227600098,1.0324044227600098,0,0.0,-0.0018049607751891017,0.00025079105398617685,0.12493986636400223,-2.0611891746520996,-3.2961888313293457,-3.2961888313293457,0
80,1.3333333333333333,3,3,spm2_platform_joint_z,0,,0,flat,0,5.796965599060059,4.335328578948975,0.1448032408952713,0.2,0.0,0.0,-0.026710109785199165,-0.02847711183130741,0.15082240104675293,-10.691650390625,-0.34198689460754395,-0.34198689460754395,0,0.0,0.013042057864367962,0.008070426993072033,-0.3020685911178589,-4.926499366760254,5.465153694152832,5.465153694152832,0,0.0,-0.0011071464978158474,0.00368052301928401,0.4162205755710602,30.10074806213379,-3.3234810829162598,-3.3234810829162598,0,0.04158233851194382,0.06563331186771393,0.05956307053565979,-0.8958629965782166,-25.789669036865234,8.784640312194824,8.784640312194824,0,0.0,0.010388772934675217,0.00860797893255949,0.13745346665382385,6.793636798858643,0.10039377212524414,0.10039377212524414,0,0.0,-0.0032704269979149103,-0.0035515683703124523,-0.13317778706550598,10.890060424804688,3.85929536819458,3.85929536819458,0
80,1.3333333333333333,4,4,spm2_platform_joint_y,0,,0,flat,0,4.839077472686768,5.108831405639648,0.14500947296619415,0.2,0.0,0.0,-0.024457991123199463,-0.02870006114244461,-0.11123183369636536,7.265866279602051,4.820648193359375,4.820648193359375,0,0.0,0.05532350763678551,0.06029294431209564,-0.17707569897174835,24.556476593017578,-2.877715587615967,-2.877715587615967,0,0.0,0.000874641293194145,0.0020537381060421467,0.10657192021608353,-17.324195861816406,-2.7629992961883545,-2.7629992961883545,0,0.0,-0.0027066515758633614,-0.0053458428010344505,-0.15481530129909515,-7.6262006759643555,2.320404052734375,2.320404052734375,0,0.04158233851194382,0.06262879818677902,0.061509136110544205,-0.29729780554771423,12.109230041503906,3.199262857437134,3.199262857437134,0,0.0,-0.001526674604974687,-0.00180019938852638,0.03512221574783325,-4.14815616607666,0.37027037143707275,0.37027037143707275,0
80,1.3333333333333333,5,5,spm2_platform_joint_x,0,,0,flat,0,5.088327407836914,4.57827091217041,0.14512506127357483,0.2,0.0,0.0,-0.011743087321519852,-0.010007016360759735,0.26044049859046936,19.120906829833984,-0.306171178817749,-0.306171178817749,0,0.0,0.0054438309744000435,0.007937315851449966,0.03565816581249237,-13.678298950195312,-2.968644857406616,-2.968644857406616,0,0.0,7.987768913153559e-05,0.0021076735574752092,-0.391928493976593,-78.08846282958984,-6.481614589691162,-6.481614589691162,0,0.0,0.008120938204228878,0.007990746758878231,0.03704702854156494,22.6156005859375,1.1973941326141357,1.1973941326141357,0,0.0,0.004578904248774052,0.005974252242594957,-0.09764450043439865,8.526750564575195,0.4628697633743286,0.4628697633743286,0,0.04158233851194382,0.003362025134265423,-0.0027670080307871103,-0.33432379364967346,-70.50677490234375,-0.5514869689941406,-0.5514869689941406,0
81,1.35,0,0,spm1_platform_joint_z,0,,0,flat,0,4.658298015594482,4.867712020874023,0.1448603868484497,0.2,0.0,0.03438581898808479,0.11965390294790268,0.12801222503185272,-0.26985588669776917,7.015661239624023,-7.542533874511719,-7.542533874511719,0,0.0,-0.006248009391129017,-0.009685292840003967,0.1113448217511177,18.53230094909668,3.0150527954101562,3.0150527954101562,0,0.0,0.001370430225506425,0.004431689623743296,0.17614057660102844,-17.65129280090332,-4.802956581115723,-4.802956581115723,0,0.0,0.07349172234535217,0.08446378260850906,-0.11054132878780365,-11.61900520324707,-11.1812744140625,-11.1812744140625,0,0.0,-0.0063004340045154095,-0.007857522927224636,0.16458497941493988,-0.11988580226898193,-0.40688085556030273,-0.40688085556030273,0,0.0,-0.0011830637231469154,0.0020035849884152412,0.19383379817008972,-0.8648175001144409,-3.488086223602295,-3.488086223602295,0
81,1.35,1,1,spm1_platform_joint_y,0,,0,flat,0,5.731537342071533,4.773611545562744,0.14488273859024048,0.2,0.0,0.0,0.0007777595310471952,0.0009619244374334812,-0.06903710961341858,-8.530689239501953,-0.35745614767074585,-0.35745614767074585,0,0.03438581898808479,0.05778806284070015,0.06090338155627251,0.03358299285173416,41.196014404296875,-1.0847537517547607,-1.0847537517547607,0,0.0,0.0019438669551163912,0.0004457540053408593,-0.15809090435504913,-7.010723114013672,1.7291308641433716,1.7291308641433716,0,0.0,0.007636731024831533,0.009021169506013393,0.003161155618727207,-2.430943250656128,-1.3626723289489746,-1.3626723289489746,0,0.0,0.05330774188041687,0.060146842151880264,-0.5277817845344543,-5.549493789672852,-2.7039966583251953,-2.7039966583251953,0,0.0,-0.0018348733428865671,-0.002274559810757637,-0.27217453718185425,-33.791717529296875,0.3125230073928833,0.3125230073928833,0
81,1.35,2,2,spm1_platform_joint_x,0,,0,flat,0,5.068558692932129,3.51996111869812,0.14497900009155273,0.2,0.0,0.0,-0.01291152834892273,-0.015721727162599564,0.10443156957626343,15.186487197875977,3.3229165077209473,3.3229165077209473,0,0.0,0.014067333191633224,0.014068848453462124,0.04703512787818909,18.18402099609375,0.47720396518707275,0.47720396518707275,0,0.03438581898808479,0.010526888072490692,0.001067072618752718,-0.15634027123451233,27.159494400024414,10.528230667114258,10.528230667114258,0,0.0,-0.004125863313674927,-0.004383414052426815,0.029631715267896652,2.8843026161193848,0.508438766002655,0.508438766002655,0,0.0,0.012867105193436146,0.013870387338101864,-0.08856752514839172,1.9592561721801758,-0.7458349466323853,-0.7458349466323853,0,0.0,0.00021735223708674312,-0.0022781076841056347,-0.13083618879318237,17.26613426208496,3.6722476482391357,3.6722476482391357,0
81,1.35,3,3,spm2_platform_joint_z,0,,0,flat,0,5.811141014099121,4.337071895599365,0.14506101608276367,0.2,0.0,0.0,-0.024680163711309433,-0.025864707306027412,0.052093539386987686,-20.95395278930664,-0.30509769916534424,-0.30509769916534424,0,0.0,0.0069943699054419994,0.005939363501966,-0.014217456802725792,4.83582878112793,0.8535114526748657,0.8535114526748657,0,0.0,0.00318978657014668,0.0014152193907648325,-0.3008710741996765,-0.1741468906402588,2.372722625732422,2.372722625732422,0,0.03438581898808479,0.056206103414297104,0.04982614517211914,-0.3427984118461609,25.186243057250977,8.34318733215332,8.34318733215332,0,0.0,0.007460248190909624,0.006862310692667961,0.006033035926520824,13.199498176574707,0.7625994682312012,0.7625994682312012,0,0.0,-0.0030780257657170296,-0.0038793026469647884,-0.12967859208583832,-2.534193992614746,1.6536977291107178,1.6536977291107178,0
81,1.35,4,4,spm2_platform_joint_y,0,,0,flat,0,4.853351593017578,5.10888147354126,0.14486713707447052,0.2,0.0,0.0,-0.024873387068510056,-0.030070606619119644,-0.11598722636699677,-31.198976516723633,3.3353331089019775,3.3353331089019775,0,0.0,0.052253883332014084,0.05786406248807907,-0.10481598973274231,-10.668831825256348,-6.2511467933654785,-6.2511467933654785,0,0.0,0.001779906335286796,0.0034832239616662264,-0.08968135714530945,22.174089431762695,2.05995774269104,2.05995774269104,0,0.0,-0.004633063916116953,-0.008518367074429989,-0.13670533895492554,13.729869842529297,4.583051681518555,4.583051681518555,0,0.03438581898808479,0.05789269506931305,0.05610087886452675,-0.14089524745941162,48.851680755615234,4.809739112854004,4.809739112854004,0,0.0,-0.0015601727645844221,-0.0028821174055337906,-0.24754661321640015,-6.861298084259033,1.2589397430419922,1.2589397430419922,0
81,1.35,5,5,spm2_platform_joint_x,0,,0,flat,0,5.104600429534912,4.577746391296387,0.14490723609924316,0.2,0.0,0.0,-0.008672747761011124,-0.005807093344628811,0.1615525633096695,-4.945496559143066,-3.015150785446167,-3.015150785446167,0,0.0,0.00687900697812438,0.0076140835881233215,-0.27391839027404785,-22.36187744140625,-0.4187712073326111,-0.4187712073326111,0,0.0,0.0018266504630446434,0.0005232571857050061,0.08409921824932098,34.42346954345703,4.1407270431518555,4.1407270431518555,0,0.0,0.006925313733518124,0.00686524948105216,-0.1175762191414833,-11.517473220825195,-0.6914222240447998,-0.6914222240447998,0,0.0,0.005177685059607029,0.008395644836127758,0.09329158812761307,4.436054706573486,-1.999103307723999,-1.999103307723999,0,0.03438581898808479,0.0021867023315280676,-0.0018963300390169024,0.12244702875614166,-5.380051612854004,3.7506277561187744,3.7506277561187744,0
82,1.3666666666666667,0,0,spm1_platform_joint_z,0,,0,flat,0,4.666710376739502,4.869248867034912,0.14466699957847595,0.2,0.0,0.027143115177750587,0.11456301063299179,0.1230284720659256,-0.3090202212333679,9.079048156738281,-7.459027290344238,-7.459027290344238,0,0.0,-0.00839392002671957,-0.008545344695448875,0.018394319340586662,17.58565330505371,1.7984305620193481,1.7984305620193481,0,0.0,0.003840797580778599,0.005310792475938797,2.215825952589512e-05,-43.76016616821289,-4.550028324127197,-4.550028324127197,0,0.0,0.07320194691419601,0.08543919026851654,0.054916515946388245,3.506626844406128,-11.5147066116333,-11.5147066116333,0,0.0,-0.00680985301733017,-0.006220987997949123,-0.017773253843188286,-26.371389389038086,-2.289081573486328,-2.289081573486328,0,0.0,0.0017364403465762734,-0.0004082955711055547,-0.18671540915966034,-19.29035758972168,1.101210594177246,1.101210594177246,0
82,1.3666666666666667,1,1,spm1_platform_joint_y,0,,0,flat,0,5.74280309677124,4.773568153381348,0.1452847570180893,0.2,0.0,0.0,0.0008336678147315979,-0.0003206090768799186,-0.0648459792137146,-7.886963844299316,0.9211935997009277,0.9211935997009277,0,0.027143115177750587,0.05640201270580292,0.05740297958254814,-0.24626240134239197,-25.743803024291992,-1.9402263164520264,-1.9402263164520264,0,0.0,0.0003863201418425888,0.004034306388348341,0.4275636374950409,21.286251068115234,-3.063467025756836,-3.063467025756836,0,0.0,0.007818346843123436,0.009135079570114613,-0.008036759681999683,1.7476996183395386,-1.0240565538406372,-1.0240565538406372,0,0.0,0.05212726444005966,0.053403738886117935,-0.2282208800315857,37.26008987426758,1.4145591259002686,1.4145591259002686,0,0.0,-0.001971285091713071,-0.004958502948284149,0.16237559914588928,70.46627807617188,6.052880764007568,6.052880764007568,0
82,1.3666666666666667,2,2,spm1_platform_joint_x,0,,0,flat,0,5.082229137420654,3.5200114250183105,0.14506608247756958,0.2,0.0,0.0,-0.013625496998429298,-0.014320891350507736,-0.010732834227383137,1.806440830230713,1.0004374980926514,1.0004374980926514,0,0.0,0.012193001806735992,0.012921320274472237,-0.16458332538604736,-27.050642013549805,-2.342195510864258,-2.342195510864258,0,0.027143115177750587,0.0045438786037266254,0.002156046684831381,0.2191302627325058,-14.03442096710205,1.1572158336639404,1.1572158336639404,0,0.0,-0.003798958845436573,-0.0054220035672187805,0.04848361015319824,2.3431804180145264,0.3034704923629761,0.3034704923629761,0,0.0,0.012021002359688282,0.010039588436484337,0.14562079310417175,35.01408386230469,2.4968738555908203,2.4968738555908203,0,0.0,-0.0019743600860238075,-0.0009518805891275406,0.04454565420746803,-13.221882820129395,-0.7121291160583496,-0.7121291160583496,0
82,1.3666666666666667,3,3,spm2_platform_joint_z,0,,0,flat,0,5.825687885284424,4.338612079620361,0.1448698341846466,0.2,0.0,0.0,-0.02241607941687107,-0.022519372403621674,0.1910393089056015,2.6462924480438232,0.21135926246643066,0.21135926246643066,0,0.0,0.0051474482752382755,-0.0009482526802457869,0.08905155211687088,16.755765914916992,3.3962275981903076,3.3962275981903076,0,0.0,0.0012265234254300594,0.001301980228163302,0.36633819341659546,55.238216400146484,3.653151035308838,3.653151035308838,0,0.027143115177750587,0.046801742166280746,0.041878361254930496,-0.5786023139953613,-30.824504852294922,3.303558588027954,3.303558588027954,0,0.0,0.005947336088865995,0.001348787103779614,0.3262246251106262,39.33811950683594,2.4896340370178223,2.4896340370178223,0,0.0,-0.0033620623871684074,-0.004201988689601421,-0.0948542058467865,-17.37238121032715,0.15147665143013,0.15147665143013,0
82,1.3666666666666667,4,4,spm2_platform_joint_y,0,,0,flat,0,4.867699146270752,5.108521461486816,0.14506247639656067,0.2,0.0,0.0,-0.02606119215488434,-0.03157707303762436,-0.0780307874083519,-2.4336893558502197,5.643543243408203,5.643543243408203,0,0.0,0.0501488521695137,0.052118416875600815,-0.15817631781101227,43.198448181152344,1.2197654247283936,1.2197654247283936,0,0.0,0.0030187941156327724,0.0018535001436248422,0.11035066097974777,37.445472717285156,3.322124481201172,3.322124481201172,0,0.0,-0.007382584735751152,-0.011966545134782791,-0.24412478506565094,-3.9179420471191406,4.559542655944824,4.559542655944824,0,0.027143115177750587,0.05223984271287918,0.05312793701887131,-0.23611995577812195,-5.491170406341553,-0.6678987741470337,-0.6678987741470337,0,0.0,-0.002497835084795952,-0.001811531838029623,0.06347884237766266,25.239917755126953,1.0885123014450073,1.0885123014450073,0
82,1.3666666666666667,5,5,spm2_platform_joint_x,0,,0,flat,0,5.120772838592529,4.577126979827881,0.145076185464859,0.2,0.0,0.0,-0.005032814107835293,-0.0031669242307543755,0.11779391765594482,6.2720947265625,-0.19449976086616516,-0.19449976086616516,0,0.0,0.006598872132599354,0.007673574611544609,-0.02210194617509842,-1.7407078742980957,-0.898850679397583,-0.898850679397583,0,0.0,0.000453489541541785,0.0036209612153470516,-0.4453316926956177,-88.38423919677734,-6.738494396209717,-6.738494396209717,0,0.0,0.005949882790446281,0.005039960145950317,0.0722464770078659,16.93876075744629,0.5554179549217224,0.5554179549217224,0,0.0,0.007276225369423628,0.007967918179929256,-0.1354207992553711,-2.867616653442383,0.6369075775146484,0.6369075775146484,0,0.027143115177750587,0.0019755959510803223,-0.0003356837260071188,-0.3222266435623169,-29.68804931640625,0.660774290561676,0.660774290561676,0
83,1.3833333333333333,0,0,spm1_platform_joint_z,0,,0,flat,0,4.674979209899902,4.870918273925781,0.1446055769920349,0.2,0.0,0.019863950088620186,0.10927320271730423,0.11839596182107925,-0.28849753737449646,-5.769506454467773,-9.038917541503906,-9.038917541503906,0,0.0,-0.007405965588986874,-0.006588637363165617,0.033919110894203186,-4.834460258483887,-0.8211185932159424,-0.8211185932159424,0,0.0,0.00460268696770072,0.0015766727738082409,-0.0636311024427414,32.896820068359375,4.380864143371582,4.380864143371582,0,0.0,0.07404729723930359,0.08804703503847122,0.09615165740251541,3.7944772243499756,-13.204366683959961,-13.204366683959961,0,0.0,-0.005391522776335478,-0.00620723981410265,0.06146567314863205,-0.69417804479599,0.5344942808151245,0.5344942808151245,0,0.0,-0.00035385615774430335,-0.004739730153232813,-0.18238413333892822,6.321417808532715,4.697421073913574,4.697421073913574,0
83,1.3833333333333333,1,1,spm1_platform_joint_y,0,,0,flat,0,5.7543816566467285,4.773862838745117,0.1454140543937683,0.2,0.0,0.0,-0.00027786119608208537,-0.0033978051505982876,-0.24604655802249908,-17.16565704345703,2.2218728065490723,2.2218728065490723,0,0.019863950088620186,0.052397776395082474,0.04711584001779556,-0.09611354023218155,0.354992151260376,2.5503480434417725,2.5503480434417725,0,0.0,0.0034963989164680243,0.004298752639442682,0.1989189237356186,57.38115692138672,2.484621524810791,2.484621524810791,0,0.0,0.007917068898677826,0.008047225885093212,-0.14136537909507751,-3.330064296722412,0.27820760011672974,0.27820760011672974,0,0.0,0.04628324136137962,0.046702831983566284,0.0026744487695395947,40.35964584350586,-0.0508732795715332,-0.0508732795715332,0,0.0,-0.004297369159758091,-0.0022545389365404844,-0.012905451469123363,6.672847270965576,-1.191857099533081,-1.191857099533081,0
83,1.3833333333333333,2,2,spm1_platform_joint_x,0,,0,flat,0,5.09609317779541,3.5195975303649902,0.14540433883666992,0.2,0.0,0.0,-0.01241143885999918,-0.011769804172217846,0.17403098940849304,-13.769309997558594,-1.9440748691558838,-1.9440748691558838,0,0.0,0.011198477819561958,0.00566790672019124,0.15816006064414978,40.200069427490234,4.785198211669922,4.785198211669922,0,0.019863950088620186,0.004517100751399994,0.003396295942366123,-0.031246723607182503,0.5247341990470886,0.9093685746192932,0.9093685746192932,0,0.0,-0.004699069540947676,-0.004875819198787212,0.04860610142350197,14.163347244262695,1.35609769821167,1.35609769821167,0,0.0,0.008700976148247719,0.004081519320607185,0.24134095013141632,11.61497688293457,0.9331859350204468,0.9331859350204468,0,0.0,-0.0008249631500802934,-0.0013295335229486227,0.03847712650895119,9.17037296295166,0.8152434825897217,0.8152434825897217,0
83,1.3833333333333333,3,3,spm2_platform_joint_z,0,,0,flat,0,5.841217994689941,4.34033727645874,0.1445995271205902,0.2,0.0,0.0,-0.01951678842306137,-0.01832212135195732,0.48021113872528076,24.0395450592041,-2.4894845485687256,-2.4894845485687256,0,0.0,-0.0008218189468607306,-0.008404970169067383,-0.47696754336357117,-28.197004318237305,6.866580963134766,6.866580963134766,0,0.0,0.001128382864408195,0.001647302764467895,-0.5174961686134338,-67.0347671508789,-1.4052307605743408,-1.4052307605743408,0,0.019863950088620186,0.038943104445934296,0.0344744548201561,-0.5639593601226807,-10.034244537353516,6.577710151672363,6.577710151672363,0,0.0,0.001168948831036687,0.002871360396966338,0.5270518064498901,26.448848724365234,-4.208700656890869,-4.208700656890869,0,0.0,-0.003641723422333598,-0.00618453323841095,0.24874214828014374,44.12812423706055,3.2467072010040283,3.2467072010040283,0
83,1.3833333333333333,4,4,spm2_platform_joint_y,0,,0,flat,0,4.882192611694336,5.108410835266113,0.14514027535915375,0.2,0.0,0.0,-0.027366796508431435,-0.03301762789487839,-0.13554540276527405,-8.78508186340332,4.837798118591309,4.837798118591309,0,0.0,0.045169293880462646,0.047003332525491714,0.032932981848716736,29.796918869018555,-0.9693725109100342,-0.9693725109100342,0,0.0,0.0016063668299466372,0.0023515198845416307,0.216181680560112,20.819971084594727,-1.0036048889160156,-1.0036048889160156,0,0.0,-0.010371006093919277,-0.015451586805284023,-0.1678668111562729,8.76438045501709,6.78615140914917,6.78615140914917,0,0.019863950088620186,0.048692736774683,0.04471455514431,-0.07654599845409393,30.438121795654297,3.984670877456665,3.984670877456665,0,0.0,-0.0015699942596256733,0.0007162915426306427,-0.15817023813724518,-39.30692672729492,-2.308499813079834,-2.308499813079834,0
83,1.3833333333333333,5,5,spm2_platform_joint_x,0,,0,flat,0,5.137069225311279,4.576868534088135,0.1452471911907196,0.2,0.0,0.0,-0.002744667697697878,0.0010314524406567216,0.10896088927984238,-16.53606605529785,-4.337429523468018,-4.337429523468018,0,0.0,0.006650431081652641,0.006404425483196974,0.0254112146794796,4.373980522155762,-0.14859876036643982,-0.14859876036643982,0,0.0,0.0031381663866341114,0.0012630891287699342,-0.11132118850946426,9.08159065246582,3.347534656524658,3.347534656524658,0,0.0,0.0043679652735590935,0.003275639843195677,-0.1143968477845192,-1.276092290878296,0.9485841989517212,0.9485841989517212,0,0.0,0.00690552918240428,0.004358996637165546,0.04004190117120743,22.560192108154297,2.409693956375122,2.409693956375122,0,0.019863950088620186,0.0023576009552925825,-0.0016747982008382678,0.21449193358421326,53.84235763549805,7.220360279083252,7.220360279083252,0
84,1.4,0,0,spm1_platform_joint_z,0,,0,flat,0,4.683259010314941,4.872224807739258,0.14493605494499207,0.2,0.0,0.012558103539049625,0.10428424924612045,0.11454134434461594,-0.15177205204963684,21.99620246887207,-8.820433616638184,-8.820433616638184,0,0.0,-0.005710152443498373,-0.011099672876298428,0.22433963418006897,22.394983291625977,3.584897041320801,3.584897041320801,0,0.0,0.0013664497528225183,0.001922830124385655,0.044575270265340805,-15.578838348388672,-1.4497002363204956,-1.4497002363204956,0,0.0,0.07630743086338043,0.08811674267053604,-0.14257273077964783,-21.33783531188965,-12.885665893554688,-12.885665893554688,0,0.0,-0.005379607900977135,-0.009268912486732006,0.2944137454032898,15.217970848083496,1.246917486190796,1.246917486190796,0,0.0,-0.004107765853404999,-0.0025153011083602905,0.11558294296264648,-8.353802680969238,-1.769876480102539,-1.769876480102539,0
84,1.4,1,1,spm1_platform_joint_y,0,,0,flat,0,5.76682186126709,4.773995399475098,0.14497533440589905,0.2,0.0,0.0,-0.0029447644483298063,-0.008292543701827526,-0.29580384492874146,-11.841736793518066,4.773465156555176,4.773465156555176,0,0.012558103539049625,0.042508140206336975,0.03875259310007095,-0.36844325065612793,-2.3720133304595947,4.535947799682617,4.535947799682617,0,0.0,0.003725585527718067,0.007627290207892656,0.37276342511177063,33.19511032104492,-3.0798420906066895,-3.0798420906066895,0,0.0,0.006974262185394764,0.007211226038634777,-0.2681768536567688,-20.244796752929688,0.5932694673538208,0.5932694673538208,0,0.0,0.04047578573226929,0.04208386316895485,0.15506727993488312,41.725181579589844,-0.5303547382354736,-0.5303547382354736,0,0.0,-0.0019539338536560535,0.0005562797887250781,-0.4988075792789459,-72.1673583984375,-2.2287631034851074,-2.2287631034851074,0
84,1.4,2,2,spm1_platform_joint_x,0,,0,flat,0,5.110719680786133,3.5189247131347656,0.14565274119377136,0.2,0.0,0.0,-0.010200496762990952,-0.007810926530510187,0.28472352027893066,5.457563877105713,-2.9741439819335938,-2.9741439819335938,0,0.0,0.004912185948342085,-0.0028037521988153458,0.1786615401506424,77.91000366210938,9.589622497558594,9.589622497558594,0,0.012558103539049625,0.004617870319634676,0.002466681646183133,0.009653283283114433,19.200939178466797,3.9842517375946045,3.9842517375946045,0,0.0,-0.004225709941238165,-0.0025017133448272943,0.062263116240501404,-12.682991981506348,-1.9918227195739746,-1.9918227195739746,0,0.0,0.003537316806614399,-0.005713996477425098,0.34365856647491455,61.4114990234375,7.641993045806885,7.641993045806885,0,0.0,-0.0011522623244673014,-0.0011936238734051585,0.0033458764664828777,21.8472900390625,1.6389939785003662,1.6389939785003662,0
84,1.4,3,3,spm2_platform_joint_z,0,,0,flat,0,5.857479095458984,4.341618061065674,0.14510026574134827,0.2,0.0,0.0,-0.01587917096912861,-0.012876441702246666,0.1092030256986618,-25.2343807220459,-4.516419410705566,-4.516419410705566,0,0.0,-0.007284307386726141,-0.010519256815314293,0.01766728237271309,12.320357322692871,3.274320125579834,3.274320125579834,0,0.0,0.0014276623260229826,-0.006597333122044802,-0.025210099294781685,36.718482971191406,10.311800956726074,10.311800956726074,0,0.012558103539049625,0.0315522737801075,0.03104144148528576,-0.11215102672576904,11.325496673583984,1.3089485168457031,1.3089485168457031,0,0.0,0.0024885123129934072,0.003301383461803198,0.098569355905056,-9.455327987670898,-2.2977187633514404,-2.2977187633514404,0,0.0,-0.005359928589314222,-0.007214255630970001,0.1335679441690445,4.6010847091674805,2.1586639881134033,2.1586639881134033,0
84,1.4,4,4,spm2_platform_joint_y,0,,0,flat,0,4.897514820098877,5.1090006828308105,0.14577215909957886,0.2,0.0,0.0,-0.028615277260541916,-0.032576560974121094,-0.32456934452056885,-52.781036376953125,2.8320488929748535,2.8320488929748535,0,0.0,0.04073622077703476,0.04222672060132027,0.11191753298044205,55.4072265625,0.4419736862182617,0.4419736862182617,0,0.0,0.0020379838533699512,0.003142835106700659,-0.5772501230239868,-68.02276611328125,-1.2179278135299683,-1.2179278135299683,0,0.0,-0.013391375541687012,-0.02300850860774517,-0.16531869769096375,44.7785530090332,11.281291961669922,11.281291961669922,0,0.012558103539049625,0.04042702913284302,0.03633778169751167,0.17260071635246277,71.54667663574219,4.953065872192383,4.953065872192383,0,0.0,0.00062078598421067,-0.002303994493559003,-0.004511978477239609,27.511295318603516,5.2027692794799805,5.2027692794799805,0
84,1.4,5,5,spm2_platform_joint_x,0,,0,flat,0,5.153601169586182,4.576634407043457,0.1453845351934433,0.2,0.0,0.0,0.0008939254330471158,0.005782775580883026,0.31600382924079895,0.30841827392578125,-5.088736057281494,-5.088736057281494,0,0.0,0.0055505018681287766,0.0026012237649410963,0.17909616231918335,27.21757698059082,2.0660769939422607,2.0660769939422607,0,0.0,0.0010946772526949644,0.0029687543865293264,-0.23216469585895538,-44.39628982543945,-1.9502047300338745,-1.9502047300338745,0,0.0,0.0028388877399265766,-0.002743388991802931,-0.3837434649467468,4.568982124328613,5.931376934051514,5.931376934051514,0,0.0,0.0037777971010655165,0.0005900527467019856,0.3740401566028595,37.52452087402344,1.7793508768081665,1.7793508768081665,0,0.012558103539049625,0.00022292218636721373,-0.0030272805597633123,-0.34255674481391907,-3.18628191947937,4.322656631469727,4.322656631469727,0
85,1.4166666666666667,0,0,spm1_platform_joint_z,0,,0,flat,0,4.691775321960449,4.873528957366943,0.14500311017036438,0.2,0.0,0.005235389806330204,0.09996721893548965,0.10978835076093674,-0.23100630939006805,2.6097946166992188,-9.543959617614746,-9.543959617614746,0,0.0,-0.009619716554880142,-0.008594087325036526,-0.1583862006664276,-31.084720611572266,-1.6260472536087036,-1.6260472536087036,0,0.0,0.0016664527356624603,0.002177232876420021,-0.03349550440907478,-4.516018390655518,-0.6769127249717712,-0.6769127249717712,0,0.0,0.07636784017086029,0.08778098225593567,-0.06536953896284103,3.0760109424591064,-10.692342758178711,-10.692342758178711,0,0.0,-0.008033057674765587,-0.008077050559222698,0.05965576320886612,7.52020788192749,0.15222835540771484,0.15222835540771484,0,0.0,-0.002179927658289671,0.00024646471138112247,0.16886134445667267,6.472729206085205,-2.1339664459228516,-2.1339664459228516,0
85,1.4166666666666667,1,1,spm1_platform_joint_y,0,,0,flat,0,5.7801995277404785,4.774472713470459,0.1450997292995453,0.2,0.0,0.0,-0.007186871021986008,-0.011926157400012016,-0.22248242795467377,-7.94328498840332,4.399262428283691,4.399262428283691,0,0.005235389806330204,0.034283630549907684,0.031606435775756836,-0.198906809091568,37.638099670410156,5.94045352935791,5.94045352935791,0,0.0,0.006610318087041378,0.012488613836467266,-0.05908840894699097,-38.198333740234375,-5.200969219207764,-5.200969219207764,0,0.0,0.006249729078263044,0.0047446200624108315,-0.042741790413856506,18.76175308227539,2.654944896697998,2.654944896697998,0,0.0,0.036472681909799576,0.03829357400536537,-0.06464214622974396,-4.21063232421875,-4.201392650604248,-4.201392650604248,0,0.0,0.00048210914246737957,-0.004338763654232025,0.05628367140889168,66.72929382324219,8.966033935546875,8.966033935546875,0
85,1.4166666666666667,2,2,spm1_platform_joint_x,0,,0,flat,0,5.126644611358643,3.518040895462036,0.14565879106521606,0.2,0.0,0.0,-0.006769469473510981,0.0005091956700198352,0.2422356754541397,-53.170475006103516,-10.53559684753418,-10.53559684753418,0,0.0,-0.0024299186188727617,-0.014040512964129448,0.26021742820739746,131.0501251220703,14.93106460571289,14.93106460571289,0,0.005235389806330204,0.0028358427807688713,0.002151166321709752,-0.22427089512348175,-30.962162017822266,0.40192070603370667,0.40192070603370667,0,0.0,-0.0021681515499949455,-0.0029164226725697517,0.1736840456724167,47.1851921081543,2.8508729934692383,2.8508729934692383,0,0.0,-0.004952130373567343,-0.010698786936700344,0.6215431690216064,70.70421600341797,4.306707859039307,4.306707859039307,0,0.0,-0.0010344740003347397,-0.0005884713027626276,0.06718790531158447,3.0487382411956787,-0.560715913772583,-0.560715913772583,0
85,1.4166666666666667,3,3,spm2_platform_joint_z,0,,0,flat,0,5.874040126800537,4.342919826507568,0.1449299156665802,0.2,0.0,0.0,-0.011159582994878292,-0.012325475923717022,0.10154575109481812,12.268056869506836,1.348296046257019,1.348296046257019,0,0.0,-0.00911668874323368,-0.007392800413072109,0.29729175567626953,12.932034492492676,-1.364142656326294,-1.364142656326294,0,0.0,-0.0057176887057721615,-0.00343509903177619,-0.09498265385627747,-58.365234375,-4.085775852203369,-4.085775852203369,0,0.005235389806330204,0.027600634843111038,0.02855086885392666,-0.0571855865418911,12.532546997070312,-0.9498496055603027,-0.9498496055603027,0,0.0,0.0028611989691853523,1.9924462321796454e-05,-0.34162411093711853,-35.33156204223633,0.89190274477005,0.89190274477005,0,0.0,-0.006252354942262173,-0.0023514535278081894,-0.08704327791929245,-58.40825271606445,-5.718041896820068,-5.718041896820068,0
85,1.4166666666666667,4,4,spm2_platform_joint_y,0,,0,flat,0,4.913120746612549,5.109401702880859,0.14659574627876282,0.2,0.0,0.0,-0.02823301963508129,-0.03265146166086197,0.13619668781757355,-6.068821430206299,3.678605079650879,3.678605079650879,0,0.0,0.03659649193286896,0.03314679488539696,0.04246615618467331,51.25071334838867,3.6776764392852783,3.6776764392852783,0,0.0,0.0027237904723733664,0.0023566640447825193,0.16239415109157562,7.683660507202148,1.1499121189117432,1.1499121189117432,0,0.0,-0.019940707832574844,-0.027613582089543343,-0.3760642111301422,15.401448249816895,9.440532684326172,9.440532684326172,0,0.005235389806330204,0.03219079598784447,0.02520059607923031,0.10980989038944244,16.738962173461914,2.992861270904541,2.992861270904541,0,0.0,-0.001996795181185007,-0.0028526135720312595,-0.21997874975204468,12.166263580322266,2.6508285999298096,2.6508285999298096,0
85,1.4166666666666667,5,5,spm2_platform_joint_x,0,,0,flat,0,5.170471668243408,4.5764617919921875,0.14595472812652588,0.2,0.0,0.0,0.005011738743633032,0.009643821977078915,0.09359169006347656,0.9692913293838501,-3.223803758621216,-3.223803758621216,0,0.0,0.002254393883049488,-0.00010209083848167211,-0.011076346039772034,-11.197135925292969,-0.9320056438446045,-0.9320056438446045,0,0.0,0.0025729204062372446,0.0019376386189833283,0.08297791332006454,22.89935302734375,2.0128798484802246,2.0128798484802246,0,0.0,-0.00237760366871953,-0.008806252852082253,-0.3646361827850342,-31.382478713989258,3.2422096729278564,3.2422096729278564,0,0.0,0.0005113790393806994,-0.004260644782334566,0.15062777698040009,28.245080947875977,2.8198201656341553,2.8198201656341553,0,0.005235389806330204,-0.0019255911465734243,-0.004673545248806477,0.12562014162540436,12.51452350616455,1.8149670362472534,1.8149670362472534,0
86,1.4333333333333333,0,0,spm1_platform_joint_z,0,,0,flat,0,4.700667381286621,4.874882698059082,0.14472663402557373,0.2,0.0,-0.002094356808811426,0.0948706567287445,0.1050901859998703,-0.038269177079200745,44.45187759399414,-8.471109390258789,-8.471109390258789,0,0.0,-0.00744820898398757,-0.01656322367489338,-0.16952700912952423,-4.965209007263184,6.5284647941589355,6.5284647941589355,0,0.0,0.001886935206130147,0.004091594368219376,-0.3819451928138733,-131.74951171875,-6.91505241394043,-6.91505241394043,0,0.0,0.07607685029506683,0.08931378275156021,-0.09099132567644119,-21.96636199951172,-13.303958892822266,-13.303958892822266,0,0.0,-0.007000110577791929,-0.009072869084775448,0.710338830947876,46.434478759765625,-0.3097867965698242,-0.3097867965698242,0,0.0,0.00021360274695325643,-0.0001425283553544432,-0.07364431768655777,-3.7785069942474365,0.13836559653282166,0.13836559653282166,0
86,1.4333333333333333,1,1,spm1_platform_joint_y,0,,0,flat,0,5.7937235832214355,4.774371147155762,0.145137757062912,0.2,0.0,0.0,-0.010336003266274929,-0.013717161491513252,0.18579015135765076,34.56500244140625,3.778444290161133,3.778444290161133,0,-0.002094356808811426,0.027112996205687523,0.02311730943620205,-0.07647079974412918,21.147884368896484,3.4446096420288086,3.4446096420288086,0,0.0,0.010823464952409267,0.008120066486299038,-0.2946789264678955,-8.109830856323242,2.2956595420837402,2.2956595420837402,0,0.0,0.0041120038367807865,0.0015936145791783929,-0.5400329232215881,-39.528533935546875,3.189046859741211,3.189046859741211,0,0.0,0.03318776190280914,0.028467264026403427,0.0409012995660305,31.48668670654297,2.610220432281494,2.610220432281494,0,0.0,-0.0037602619268000126,-0.0015148569364100695,-0.26562124490737915,-48.757144927978516,-2.134242534637451,-2.134242534637451,0
86,1.4333333333333333,2,2,spm1_platform_joint_x,0,,0,flat,0,5.143686771392822,3.5174028873443604,0.1451585292816162,0.2,0.0,0.0,0.0004413028946146369,0.005564108956605196,0.17812903225421906,-46.272438049316406,-7.933751583099365,-7.933751583099365,0,0.0,-0.012168444693088531,-0.016844946891069412,-0.351974219083786,-26.558032989501953,2.566735029220581,2.566735029220581,0,-0.002094356808811426,0.001585096586495638,-2.3870111931501015e-07,0.038038093596696854,58.00503921508789,5.244234085083008,5.244234085083008,0,0.0,-0.0025275663938373327,-0.0004164305282756686,0.2879873216152191,37.107364654541016,-0.61311274766922,-0.61311274766922,0,0.0,-0.009272282011806965,-0.007569268345832825,0.13353492319583893,-27.765621185302734,-4.830889701843262,-4.830889701843262,0,0.0,-0.0005100084817968309,8.511202031513676e-05,0.14040513336658478,12.431581497192383,-0.8228611946105957,-0.8228611946105957,0
86,1.4333333333333333,3,3,spm2_platform_joint_z,0,,0,flat,0,5.890734672546387,4.343867301940918,0.14472253620624542,0.2,0.0,0.0,-0.010682079009711742,-0.00845287460833788,0.29599183797836304,3.9147520065307617,-2.834590196609497,-2.834590196609497,0,0.0,-0.006407093722373247,-0.004779843147844076,-0.13215003907680511,-41.158485412597656,-3.3857436180114746,-3.3857436180114746,0,0.0,-0.002977085765451193,-0.003554537193849683,-0.28614264726638794,-48.10674285888672,-0.9543646574020386,-0.9543646574020386,0,-0.002094356808811426,0.024464838206768036,0.026988457888364792,-0.11086240410804749,-15.927288055419922,-3.445490837097168,-3.445490837097168,0,0.0,1.7267866496695206e-05,-0.001771091832779348,0.1648063063621521,39.60331726074219,4.067564964294434,4.067564964294434,0,0.0,-0.0020379263442009687,-0.00492657907307148,0.04825059697031975,68.99354553222656,7.662627220153809,7.662627220153809,0
86,1.4333333333333333,4,4,spm2_platform_joint_y,0,,0,flat,0,4.929319858551025,5.109219074249268,0.1474892497062683,0.2,0.0,0.0,-0.02829793281853199,-0.030400481075048447,0.15289485454559326,14.810310363769531,3.3119826316833496,3.3119826316833496,0,0.0,0.028727222234010696,0.027572859078645706,-0.007527829613536596,19.39811134338379,0.163995623588562,0.163995623588562,0,0.0,0.0020424420945346355,0.003574139904230833,0.006550252437591553,-3.9781763553619385,-1.8662309646606445,-1.8662309646606445,0,0.0,-0.023931771516799927,-0.0314895324409008,-0.24957363307476044,-29.59670066833496,5.253185272216797,5.253185272216797,0,-0.002094356808811426,0.021561268717050552,0.014427782036364079,-0.03819901496171951,32.153133392333984,5.08317232131958,5.08317232131958,0,0.0,-0.0024722651578485966,-0.0025912243872880936,-0.18297024071216583,-90.88911437988281,-7.210859775543213,-7.210859775543213,0
86,1.4333333333333333,5,5,spm2_platform_joint_x,0,,0,flat,0,5.187810897827148,4.576638698577881,0.14563119411468506,0.2,0.0,0.0,0.008357979357242584,0.01082108449190855,0.271212100982666,34.58732223510742,-1.5705437660217285,-1.5705437660217285,0,0.0,-8.847872959449887e-05,-0.0028547043912112713,-0.017658233642578125,-1.921704888343811,0.9862616658210754,0.9862616658210754,0,0.0,0.001679286826401949,0.0029984007123857737,-0.1810983419418335,-24.49142837524414,-1.3980542421340942,-1.3980542421340942,0,0.0,-0.007632085587829351,-0.013067021034657955,-0.49710240960121155,-43.9228515625,4.4598259925842285,4.4598259925842285,0,0.0,-0.0036925587337464094,-0.0055168806575238705,0.7853541374206543,82.25970458984375,0.2636038064956665,0.2636038064956665,0,-0.002094356808811426,-0.0043296534568071365,-0.00430265674367547,-0.31834617257118225,-56.594051361083984,-2.5268819332122803,-2.5268819332122803,0
87,1.45,0,0,spm1_platform_joint_z,0,,0,flat,0,4.710142612457275,4.876346111297607,0.14475801587104797,0.2,0.0,-0.009421289898455143,0.08982198685407639,0.10143918544054031,-0.33105599880218506,-17.778839111328125,-12.012289047241211,-12.012289047241211,0,0.0,-0.014354793354868889,-0.016537899151444435,0.21355825662612915,31.832395553588867,3.8792195320129395,3.8792195320129395,0,0.0,0.0035460484214127064,-0.0020689426455646753,-0.09347375482320786,36.709659576416016,6.472752571105957,6.472752571105957,0,0.0,0.07740527391433716,0.0920691043138504,0.24308648705482483,15.955594062805176,-13.525335311889648,-13.525335311889648,0,0.0,-0.007863152772188187,-0.0047643897123634815,-0.23778103291988373,-48.99814224243164,-5.2495951652526855,-5.2495951652526855,0,0.0,-0.00012352457270026207,-0.003742631059139967,-0.09845086932182312,9.277841567993164,2.731977939605713,2.731977939605713,0
87,1.45,1,1,spm1_platform_joint_y,0,,0,flat,0,5.807819843292236,4.774528503417969,0.14485451579093933,0.2,0.0,0.0,-0.01188820693641901,-0.013011808507144451,-0.08848939836025238,-23.079530715942383,-0.15480971336364746,-0.15480971336364746,0,-0.009421289898455143,0.018778828904032707,0.01556689478456974,-0.14446914196014404,1.5104538202285767,2.5840373039245605,2.5840373039245605,0,0.0,0.0070373909547924995,0.004138292744755745,-0.011503295041620731,33.53477478027344,4.447871208190918,4.447871208190918,0,0.0,0.0013811326352879405,-0.0030846246518194675,-0.09286855161190033,36.394187927246094,7.0161638259887695,7.0161638259887695,0,0.0,0.024671629071235657,0.015354081988334656,-0.021580083295702934,29.74452018737793,6.345919609069824,6.345919609069824,0,0.0,-0.001312876003794372,-0.0003954229177907109,0.09090343117713928,8.205294609069824,-0.37840792536735535,-0.37840792536735535,0
87,1.45,2,2,spm1_platform_joint_x,0,,0,flat,0,5.161573886871338,3.5169785022735596,0.1450107991695404,0.2,0.0,0.0,0.004822227638214827,0.009569752030074596,0.2402486950159073,-3.8141064643859863,-5.087019920349121,-5.087019920349121,0,0.0,-0.014598953537642956,-0.017616325989365578,0.2548436224460602,15.626635551452637,2.041198492050171,2.041198492050171,0,-0.009421289898455143,-0.0012563789496198297,-0.005165559239685535,-0.07029527425765991,33.8281364440918,1.7645697593688965,1.7645697593688965,0,0.0,-0.00036090644425712526,0.0034752406645566225,0.10928910225629807,5.239690780639648,-2.4407052993774414,-2.4407052993774414,0,0.0,-0.00656003225594759,-0.0038364746142178774,0.06281008571386337,-14.416777610778809,-2.184634208679199,-2.184634208679199,0,0.0,7.376375288004056e-05,-0.0018186871893703938,-0.12296432256698608,55.236324310302734,5.919039249420166,5.919039249420166,0
87,1.45,3,3,spm2_platform_joint_z,0,,0,flat,0,5.908219814300537,4.344219207763672,0.14503370225429535,0.2,0.0,0.0,-0.007325824350118637,-0.00595044856891036,-0.08589344471693039,-31.507938385009766,-2.185464859008789,-2.185464859008789,0,0.0,-0.004142530728131533,-0.005837199743837118,-0.0741107165813446,-16.17173957824707,0.33923280239105225,0.33923280239105225,0,0.0,-0.0030805987771600485,0.002298485254868865,0.16231663525104523,-21.910552978515625,-7.236835479736328,-7.236835479736328,0,-0.009421289898455143,0.022133825346827507,0.025921113789081573,0.31778979301452637,49.17902374267578,-3.070431709289551,-3.070431709289551,0,0.0,-0.0015349462628364563,-0.004994238261133432,0.026350505650043488,-6.569537162780762,1.2450973987579346,1.2450973987579346,0,0.0,-0.004269701894372702,-0.0012827235041186213,0.397577166557312,32.412723541259766,-4.532071113586426,-4.532071113586426,0
87,1.45,4,4,spm2_platform_joint_y,0,,0,flat,0,4.945982456207275,5.108736991882324,0.14848703145980835,0.2,0.0,0.0,-0.02634708397090435,-0.02981642447412014,0.07797762006521225,34.93547058105469,5.309282302856445,5.309282302856445,0,0.0,0.0238964781165123,0.02292746677994728,0.08777592331171036,53.1158447265625,2.5351333618164062,2.5351333618164062,0,0.0,0.003097587963566184,0.0003526041400618851,-0.11013733595609665,31.12488555908203,4.5625176429748535,4.5625176429748535,0,0.0,-0.02729092724621296,-0.030121522024273872,0.12507590651512146,-32.16215133666992,0.8007040023803711,0.8007040023803711,0,-0.009421289898455143,0.011247905902564526,0.006635862868279219,0.002170910593122244,20.943679809570312,3.1061227321624756,3.1061227321624756,0,0.0,-0.0022457276936620474,-0.002261652611196041,0.11258925497531891,-21.22662925720215,-1.8874106407165527,-1.8874106407165527,0
87,1.45,5,5,spm2_platform_joint_x,0,,0,flat,0,5.205328941345215,4.576959609985352,0.14544904232025146,0.2,0.0,0.0,0.009378273040056229,0.012153116054832935,-0.15921448171138763,-28.304786682128906,-3.6935887336730957,-3.6935887336730957,0,0.0,-0.002474077045917511,-0.005244990810751915,-0.2269856333732605,0.4134178161621094,3.2954468727111816,3.2954468727111816,0,0.0,0.00259861396625638,0.001866145059466362,-0.028141142800450325,22.010730743408203,1.9748122692108154,1.9748122692108154,0,0.0,-0.011324751190841198,-0.01590823568403721,0.21501779556274414,43.46885299682617,5.917225360870361,5.917225360870361,0,0.0,-0.004781296476721764,-0.0015722941607236862,0.14099004864692688,-8.206893920898438,-4.986012935638428,-4.986012935638428,0,-0.009421289898455143,-0.004985141102224588,-0.007933361455798149,0.07375475764274597,65.2116470336914,6.349219799041748,6.349219799041748,0
88,1.4666666666666666,0,0,spm1_platform_joint_z,0,,0,flat,0,4.719421863555908,4.877847194671631,0.14602045714855194,0.2,0.0,-0.016735568642616272,0.08568254858255386,0.09457239508628845,-0.3372618854045868,15.19676685333252,-7.563455581665039,-7.563455581665039,0,0.0,-0.0143328458070755,-0.005602272227406502,0.07652916014194489,-27.13667869567871,-7.190835952758789,-7.190835952758789,0,0.0,-0.0017930836183950305,-0.003254018258303404,-0.09061435610055923,-9.4478120803833,0.731817901134491,0.731817901134491,0,0.0,0.07979322224855423,0.09371182322502136,-0.10707903653383255,-12.049243927001953,-13.922865867614746,-13.922865867614746,0,0.0,-0.004129137843847275,-0.004066613037139177,-0.537680447101593,-32.21593475341797,2.183866024017334,2.183866024017334,0,0.0,-0.0032436135224997997,-0.003530333749949932,0.09226390719413757,-15.8607816696167,-1.3889548778533936,-1.3889548778533936,0
88,1.4666666666666666,1,1,spm1_platform_joint_y,0,,0,flat,0,5.823407173156738,4.775007724761963,0.14554357528686523,0.2,0.0,0.0,-0.01127690076828003,-0.015654969960451126,-0.07775981724262238,11.322671890258789,5.177471160888672,5.177471160888672,0,-0.016735568642616272,0.011259899474680424,0.005117128137499094,0.3160549998283386,85.37174987792969,6.815845966339111,6.815845966339111,0,0.0,0.003586520440876484,0.0036652295384556055,-0.08330996334552765,-0.4104781150817871,-0.13578319549560547,-0.13578319549560547,0,0.0,-0.002673341426998377,-0.00651959516108036,-0.2718105912208557,9.005824089050293,4.869598388671875,4.869598388671875,0,0.0,0.013306871056556702,0.004796053748577833,0.3397025465965271,30.715660095214844,4.073970317840576,4.073970317840576,0,0.0,-0.000342699873726815,-0.0012251774314790964,-0.007820181548595428,4.894876003265381,1.4426405429840088,1.4426405429840088,0
88,1.4666666666666666,2,2,spm1_platform_joint_x,0,,0,flat,0,5.179891109466553,3.516819715499878,0.14501827955245972,0.2,0.0,0.0,0.008293785154819489,0.012202201411128044,0.08964288979768753,-6.969045162200928,-4.464139938354492,-4.464139938354492,0,0.0,-0.015267482027411461,-0.012574151158332825,0.041685521602630615,-16.477319717407227,-2.391411304473877,-2.391411304473877,0,-0.016735568642616272,-0.006708227097988129,-0.0037836635019630194,0.07024350762367249,4.587426662445068,-2.8565514087677,-2.8565514087677,0,0.0,0.003011875320225954,0.005059502087533474,0.09855435788631439,-0.13333171606063843,-2.1877574920654297,-2.1877574920654297,0,0.0,-0.0033249445259571075,-0.002432387787848711,-0.18959109485149384,-17.933761596679688,-0.6697860360145569,-0.6697860360145569,0,0.0,-0.0015761955874040723,-0.0029819535557180643,-0.01680319756269455,0.31759923696517944,1.4798274040222168,1.4798274040222168,0
88,1.4666666666666666,3,3,spm2_platform_joint_z,0,,0,flat,0,5.926387310028076,4.344450950622559,0.14561647176742554,0.2,0.0,0.0,-0.0051570553332567215,-0.006342706736177206,0.07978912442922592,40.02229690551758,3.4065332412719727,3.4065332412719727,0,0.0,-0.005058906506747007,-0.005991851910948753,0.25593191385269165,3.966343402862549,0.07842803001403809,0.07842803001403809,0,0.0,0.001992020523175597,0.003783957799896598,-0.0558231882750988,-25.723487854003906,-2.6673011779785156,-2.6673011779785156,0,-0.016735568642616272,0.020233556628227234,0.029540685936808586,0.09170909225940704,-40.715782165527344,-12.052485466003418,-12.052485466003418,0,0.0,-0.004328339826315641,-0.008858999237418175,0.04520418494939804,-3.1679999828338623,1.7584753036499023,1.7584753036499023,0,0.0,-0.0011116936802864075,-8.521604468114674e-05,-0.06468428671360016,-29.126543045043945,-2.8372321128845215,-2.8372321128845215,0
88,1.4666666666666666,4,4,spm2_platform_joint_y,0,,0,flat,0,4.963106632232666,5.10728120803833,0.14867952466011047,0.2,0.0,0.0,-0.02584090083837509,-0.02760295569896698,0.2521165609359741,28.79046058654785,2.9650964736938477,2.9650964736938477,0,0.0,0.019870471209287643,0.01792995072901249,-0.1336018294095993,37.00761032104492,4.2862348556518555,4.2862348556518555,0,0.0,0.00030559024889953434,0.0014535014051944017,-0.19893208146095276,-17.491138458251953,-1.7325201034545898,-1.7325201034545898,0,0.0,-0.02610531821846962,-0.025926314294338226,0.23952725529670715,-25.85280418395996,-2.0124411582946777,-2.0124411582946777,0,-0.016735568642616272,0.0035196717362850904,0.005512767471373081,0.12290187180042267,23.661590576171875,-1.3837347030639648,-1.3837347030639648,0,0.0,-0.0019600989762693644,0.0017915593925863504,0.01828790083527565,-44.77974319458008,-6.530900478363037,-6.530900478363037,0
88,1.4666666666666666,5,5,spm2_platform_joint_x,0,,0,flat,0,5.222812175750732,4.576669692993164,0.14500921964645386,0.2,0.0,0.0,0.010532700456678867,0.011396310292184353,0.08531267940998077,13.965118408203125,-0.9403501152992249,-0.9403501152992249,0,0.0,-0.004545658826828003,-0.006130231078714132,0.34775108098983765,56.087974548339844,3.340697765350342,3.340697765350342,0,0.0,0.0016173257026821375,0.0028153203893452883,-0.0907210037112236,-3.3410284519195557,0.31358855962753296,0.31358855962753296,0,0.0,-0.01378713734447956,-0.015482896007597446,0.13701315224170685,16.911821365356445,1.845670461654663,1.845670461654663,0,0.0,-0.0013626549625769258,-0.001134046702645719,-0.2718356251716614,-60.82024002075195,-3.0207560062408447,-3.0207560062408447,0,-0.016735568642616272,-0.00910698901861906,-0.0054575782269239426,0.05872552841901779,0.511954128742218,-2.476480007171631,-2.476480007171631,0
89,1.4833333333333334,0,0,spm1_platform_joint_z,0,,0,flat,0,4.728384494781494,4.879365921020508,0.14674341678619385,0.2,0.0,-0.024027368053793907,0.0787590891122818,0.08566497266292572,-0.384262353181839,33.21343231201172,-5.483782768249512,-5.483782768249512,0,0.0,-0.004855302628129721,0.000469986378448084,-0.21034468710422516,-92.06940460205078,-7.855320930480957,-7.855320930480957,0,0.0,-0.002820149064064026,0.0014968803152441978,-0.05727146938443184,-93.84858703613281,-6.486764430999756,-6.486764430999756,0,0.0,0.08121691644191742,0.09476104378700256,-0.07375334203243256,-26.771564483642578,-14.276398658752441,-14.276398658752441,0,0.0,-0.0035243979655206203,-0.009656762704253197,-0.13629086315631866,34.572486877441406,7.763219833374023,7.763219833374023,0,0.0,-0.003059622598811984,-0.0020081596449017525,0.06937792897224426,-42.942771911621094,-4.234967231750488,-4.234967231750488,0
89,1.4833333333333334,1,1,spm1_platform_joint_y,0,,0,flat,0,5.839808464050293,4.775074005126953,0.1450154185295105,0.2,0.0,0.0,-0.013567640446126461,-0.016536245122551918,-0.010927757248282433,-8.720155715942383,1.7856793403625488,1.7856793403625488,0,-0.024027368053793907,0.0012311951722949743,-0.004655797965824604,0.07273216545581818,99.31925964355469,9.0348539352417,9.0348539352417,0,0.0,0.003176532220095396,0.0007623386336490512,0.18734224140644073,50.96247863769531,4.170472621917725,4.170472621917725,0,0.0,-0.005650315899401903,-0.008073100820183754,-0.2691393792629242,-2.526419162750244,4.798893928527832,4.798893928527832,0,0.0,0.004156579729169607,0.0019006008515134454,0.2618730366230011,31.196916580200195,1.2609930038452148,1.2609930038452148,0,0.0,-0.001061820425093174,-0.0018235857132822275,0.18525294959545135,28.400901794433594,0.3375784158706665,0.3375784158706665,0
89,1.4833333333333334,2,2,spm1_platform_joint_x,0,,0,flat,0,5.198353290557861,3.5165467262268066,0.14508645236492157,0.2,0.0,0.0,0.010575241409242153,0.014063830487430096,-0.024510953575372696,-18.31570816040039,-4.26602840423584,-4.26602840423584,0,0.0,-0.010897597298026085,-0.00823578517884016,0.36211711168289185,26.312572479248047,-1.2343552112579346,-1.2343552112579346,0,-0.024027368053793907,-0.006482824217528105,-0.0021981620229780674,0.2663588523864746,23.007728576660156,-2.7903270721435547,-2.7903270721435547,0,0.0,0.004384901840239763,0.004659435711801052,-0.050249990075826645,5.66664981842041,0.06284785270690918,0.06284785270690918,0,0.0,-0.002108069369569421,-0.0058954558335244656,-0.32297471165657043,-3.069119453430176,4.730813980102539,4.730813980102539,0,0.0,-0.002584359608590603,-0.0017230422236025333,0.036367494612932205,2.890897750854492,-0.5133222341537476,-0.5133222341537476,0
89,1.4833333333333334,3,3,spm2_platform_joint_z,0,,0,flat,0,5.94488525390625,4.344898700714111,0.14594732224941254,0.2,0.0,0.0,-0.005497012287378311,-0.004264239687472582,0.27060186862945557,27.686824798583984,-0.026395738124847412,-0.026395738124847412,0,0.0,-0.005192938260734081,-0.008129977621138096,0.2157960683107376,26.27289581298828,2.41963267326355,2.41963267326355,0,0.0,0.003279430093243718,0.005494012497365475,0.04121971130371094,16.152175903320312,0.7862200736999512,0.7862200736999512,0,-0.024027368053793907,0.02239827811717987,0.031420912593603134,-0.1401156485080719,-51.22428894042969,-11.884635925292969,-11.884635925292969,0,0.0,-0.007677799090743065,-0.012543687596917152,0.3375285863876343,35.108848571777344,4.00708532333374,4.00708532333374,0,0.0,-7.385390199488029e-05,0.0032113201450556517,-0.05780584737658501,-53.115211486816406,-5.931746482849121,-5.931746482849121,0
89,1.4833333333333334,4,4,spm2_platform_joint_y,0,,0,flat,0,4.980374813079834,5.105615615844727,0.1473136842250824,0.2,0.0,0.0,-0.02392256073653698,-0.022497572004795074,0.2718607485294342,-5.978117942810059,-2.1908185482025146,-2.1908185482025146,0,0.0,0.015539290383458138,0.01422263216227293,-0.5212100744247437,-28.275157928466797,1.9595401287078857,1.9595401287078857,0,0.0,0.0012597012100741267,-0.004173549357801676,-0.23001644015312195,-13.64672565460205,1.779815912246704,1.779815912246704,0,0.0,-0.022469472140073776,-0.021611489355564117,0.12354610860347748,-8.806577682495117,-0.19016242027282715,-0.19016242027282715,0,-0.024027368053793907,0.001574082300066948,0.007121042348444462,-0.023876722902059555,6.2586989402771,-3.381551742553711,-3.381551742553711,0,0.0,0.0015526848146691918,0.003147623036056757,-0.6399998068809509,-79.27095031738281,-0.6079366207122803,-0.6079366207122803,0
89,1.4833333333333334,5,5,spm2_platform_joint_x,0,,0,flat,0,5.240764617919922,4.575772762298584,0.14562150835990906,0.2,0.0,0.0,0.009876802563667297,0.009962786920368671,-0.12109597772359848,9.18046760559082,-0.33502233028411865,-0.33502233028411865,0,0.0,-0.005312866996973753,0.004765707068145275,-0.22135843336582184,-96.99586486816406,-10.895998001098633,-10.895998001098633,0,0.0,0.0024399443063884974,0.0013569529401138425,0.15032409131526947,-7.663441181182861,-2.0275049209594727,-2.0275049209594727,0,0.0,-0.013418509624898434,-0.010745476931333542,-0.04712722450494766,-47.119476318359375,-2.714209794998169,-2.714209794998169,0,0.0,-0.0009828404290601611,-0.0016680385451763868,-0.7434596419334412,-26.616403579711914,4.615447998046875,4.615447998046875,0,-0.024027368053793907,-0.007933550514280796,-0.0004398796008899808,0.6089465618133545,31.36407470703125,-6.038549423217773,-6.038549423217773,0
90,1.5,0,0,spm1_platform_joint_z,0,,0,flat,0,4.738132476806641,4.881196975708008,0.14692988991737366,0.2,0.0,-0.03128689154982567,0.07007139176130295,0.07975393533706665,-0.2907930314540863,11.053318977355957,-8.334218978881836,-8.334218978881836,0,0.0,0.00040732152410782874,0.0007610904867760837,0.23943562805652618,23.98062515258789,-0.09071123600006104,-0.09071123600006104,0,0.0,0.0012972962576895952,0.00014709960669279099,0.16758623719215393,28.47313690185547,1.5417193174362183,1.5417193174362183,0,0.0,0.08212623745203018,0.09498855471611023,-0.06928732991218567,-3.202254056930542,-12.461041450500488,-12.461041450500488,0,0.0,-0.008369194343686104,-0.010274793021380901,-0.08958816528320312,-14.919584274291992,1.353004813194275,1.353004813194275,0,0.0,-0.0017404049867764115,-0.005073454696685076,-0.03432922810316086,12.461674690246582,2.349886894226074,2.349886894226074,0
90,1.5,1,1,spm1_platform_joint_y,0,,0,flat,0,5.857038497924805,4.775062084197998,0.14454206824302673,0.2,0.0,0.0,-0.014331412501633167,-0.015248983167111874,-0.08085397630929947,-37.52825927734375,-1.0195578336715698,-1.0195578336715698,0,-0.03128689154982567,-0.008206610567867756,-0.010939400643110275,-0.29758748412132263,10.937768936157227,3.005958080291748,3.005958080291748,0,0.0,0.0006606935057789087,0.0023891350720077753,-0.028496136888861656,-17.068817138671875,-3.566666603088379,-3.566666603088379,0,0.0,-0.00699668750166893,-0.01147719006985426,0.14063876867294312,59.24331283569336,7.480690956115723,7.480690956115723,0,0.0,0.0016471873968839645,0.0024358080700039864,0.11946669965982437,-6.53122615814209,-2.7164430618286133,-2.7164430618286133,0,0.0,-0.0015804409049451351,-0.002164071425795555,0.11398997902870178,19.49930763244629,0.6194685697555542,0.6194685697555542,0
90,1.5,2,2,spm1_platform_joint_x,0,,0,flat,0,5.216787338256836,3.5161502361297607,0.14543664455413818,0.2,0.0,0.0,0.012188652530312538,0.015526915900409222,0.08623678237199783,16.366750717163086,-1.2260288000106812,-1.2260288000106812,0,0.0,-0.007137680426239967,-0.0009510540403425694,-0.1847396343946457,-61.41746520996094,-7.025511741638184,-7.025511741638184,0,-0.03128689154982567,-0.006076659541577101,0.0007368396036326885,-0.04218151792883873,-48.05652618408203,-10.332602500915527,-10.332602500915527,0,0.0,0.00403817743062973,0.0044350153766572475,0.013553915545344353,-4.486561298370361,-1.4525306224822998,-1.4525306224822998,0,0.0,-0.005109394900500774,-0.004164065700024366,0.026390019804239273,36.13763427734375,3.9161934852600098,3.9161934852600098,0,0.0,-0.0014933032216504216,-0.0036818019580096006,-0.17877155542373657,-21.92328643798828,0.8590060472488403,0.8590060472488403,0
90,1.5,3,3,spm2_platform_joint_z,0,,0,flat,0,5.9638214111328125,4.345607757568359,0.14512978494167328,0.2,0.0,0.0,-0.003695674240589142,-0.002415890572592616,0.008964352309703827,-23.400495529174805,-3.635396957397461,-3.635396957397461,0,0.0,-0.007045980542898178,-0.011851468123495579,-0.020230881869792938,2.496471881866455,1.5021543502807617,1.5021543502807617,0,0.0,0.004761477466672659,0.0003941069880966097,-0.28266555070877075,-9.98161506652832,3.775822877883911,3.775822877883911,0,-0.03128689154982567,0.023059871047735214,0.032709430903196335,0.16823329031467438,34.47249984741211,-6.040929317474365,-6.040929317474365,0,0.0,-0.010871196165680885,-0.0071288906037807465,0.1884496957063675,-9.023453712463379,-3.8884639739990234,-3.8884639739990234,0,0.0,0.002783144125714898,0.0034781850408762693,-0.0830683782696724,-10.377931594848633,-0.1778932809829712,-0.1778932809829712,0
90,1.5,4,4,spm2_platform_joint_y,0,,0,flat,0,4.997730255126953,5.103760242462158,0.1444210708141327,0.2,0.0,0.0,-0.01949789561331272,-0.01618405617773533,0.5673348903656006,7.147765159606934,-5.069794654846191,-5.069794654846191,0,0.0,0.012326281517744064,0.0010946985566988587,-0.6492435932159424,-21.67168426513672,10.081745147705078,10.081745147705078,0,0.0,-0.003617076203227043,0.001671132748015225,0.3931393027305603,17.561134338378906,-1.7244842052459717,-1.7244842052459717,0,0.0,-0.018729956820607185,-0.020417964085936546,0.09413110464811325,7.765137195587158,1.8414684534072876,1.8414684534072876,0,-0.03128689154982567,0.001999984495341778,0.007171556819230318,0.45429882407188416,15.177358627319336,-7.2500410079956055,-7.2500410079956055,0,0.0,0.0027279399801045656,-0.0001873503060778603,0.7023699283599854,144.08828735351562,9.109808921813965,9.109808921813965,0
90,1.5,5,5,spm2_platform_joint_x,0,,0,flat,0,5.258522987365723,4.575508117675781,0.14634844660758972,0.2,0.0,0.0,0.008634415455162525,0.010016012005507946,0.061231579631567,7.514108657836914,-1.0678200721740723,-1.0678200721740723,0,0.0,0.004130279645323753,0.003466289723291993,0.11872311681509018,3.9288783073425293,-0.3518834114074707,-0.3518834114074707,0,0.0,0.001176025834865868,0.004783352371305227,-0.03279858082532883,-22.58118438720703,-4.399749755859375,-4.399749755859375,0,0.0,-0.009312747046351433,-0.009486613795161247,0.05598088726401329,-2.6234467029571533,-0.05073589086532593,-0.05073589086532593,0,0.0,-0.0014456333592534065,-0.005631918553262949,0.17587581276893616,26.11302947998047,3.6482434272766113,3.6482434272766113,0,-0.03128689154982567,-0.004552814643830061,-0.0004596044891513884,-0.26152512431144714,-34.727691650390625,-5.968925476074219,-5.968925476074219,0
91,1.5166666666666666,0,0,spm1_platform_joint_z,0,,0,flat,0,4.748256206512451,4.8830389976501465,0.14782854914665222,0.2,0.0,-0.03850439190864563,0.0639861598610878,0.07040417939424515,-0.7217003107070923,-2.42098331451416,-5.781132221221924,-5.781132221221924,0,0.0,0.0006596117746084929,0.009160846471786499,0.25057148933410645,-19.07600212097168,-8.297449111938477,-8.297449111938477,0,0.0,0.00012748633162118495,0.002413333160802722,0.3689003586769104,-3.8439738750457764,-4.139841079711914,-4.139841079711914,0,0.0,0.08232341706752777,0.09694804251194,0.02474084496498108,-19.843591690063477,-15.148941040039062,-15.148941040039062,0,0.0,-0.008904820308089256,-0.010573619045317173,-0.4886848032474518,-48.45536422729492,1.5663453340530396,1.5663453340530396,0,0.0,-0.004396994132548571,-0.002706275787204504,0.300801545381546,-28.583539962768555,-3.872554063796997,-3.872554063796997,0
91,1.5166666666666666,1,1,spm1_platform_joint_y,0,,0,flat,0,5.874251365661621,4.774362564086914,0.14515984058380127,0.2,0.0,0.0,-0.013215785846114159,-0.016881175339221954,0.04764269292354584,22.58898162841797,4.73333740234375,4.73333740234375,0,-0.03850439190864563,-0.014614732936024666,-0.011574710719287395,0.2827509045600891,20.064794540405273,-3.4945099353790283,-3.4945099353790283,0,0.0,0.002070583635941148,0.003139141947031021,0.013557763770222664,-29.895551681518555,-2.2773425579071045,-2.2773425579071045,0,0.0,-0.009946897625923157,-0.007522616535425186,-0.004025879316031933,-25.56228256225586,-3.608354091644287,-3.608354091644287,0,0.0,0.0021110335364937782,-0.007085776422172785,-0.18839368224143982,44.44719696044922,10.279256820678711,10.279256820678711,0,0.0,-0.0018755286000669003,-7.001855556154624e-05,0.3318398892879486,9.807018280029297,-2.1744577884674072,-2.1744577884674072,0
91,1.5166666666666666,2,2,spm1_platform_joint_x,0,,0,flat,0,5.235201358795166,3.515885353088379,0.1458788514137268,0.2,0.0,0.0,0.013456660322844982,0.016066676005721092,0.30113041400909424,39.990478515625,-2.5315051078796387,-2.5315051078796387,0,0.0,-0.0008242468466050923,0.0018269388237968087,-0.055866140872240067,-57.52498245239258,-5.900913238525391,-5.900913238525391,0,-0.03850439190864563,-0.004495325032621622,0.00025149298016913235,-0.06630979478359222,-27.032699584960938,-5.879421234130859,-5.879421234130859,0,0.0,0.0038436800241470337,0.004057628568261862,-0.10786136239767075,-22.26988410949707,-1.29542875289917,-1.29542875289917,0,0.0,-0.0036088568158447742,-0.004755588248372078,-0.08420556783676147,15.936400413513184,2.910196542739868,2.910196542739868,0,0.0,-0.003190895076841116,-0.0019938324112445116,-0.5461025834083557,-67.950439453125,2.217982292175293,2.217982292175293,0
91,1.5166666666666666,3,3,spm2_platform_joint_z,0,,0,flat,0,5.983527183532715,4.346587657928467,0.1454467475414276,0.2,0.0,0.0,-0.0020937719382345676,-0.0030888228211551905,-0.12578970193862915,-12.772994041442871,0.08631003648042679,0.08631003648042679,0,0.0,-0.010271272622048855,-0.004917241632938385,0.20570696890354156,6.690959930419922,-2.443387985229492,-2.443387985229492,0,0.0,0.00034155938192270696,0.006742876023054123,0.07543632388114929,-37.26388931274414,-3.926609516143799,-3.926609516143799,0,-0.03850439190864563,0.023214254528284073,0.032677870243787766,-0.1151966005563736,-14.945548057556152,-10.172530174255371,-10.172530174255371,0,0.0,-0.006178371608257294,-0.0027457200922071934,-0.500746488571167,-72.90742492675781,-4.070474147796631,-4.070474147796631,0,0.0,0.003014426911249757,0.007469549775123596,-0.010996684432029724,-38.591217041015625,-3.8938770294189453,-3.8938770294189453,0
91,1.5166666666666666,4,4,spm2_platform_joint_y,0,,0,flat,0,5.015854358673096,5.102905750274658,0.14513616263866425,0.2,0.0,0.0,-0.014026181772351265,-0.011240262538194656,0.1658421754837036,-4.080889701843262,-3.4421286582946777,-3.4421286582946777,0,0.0,0.0009487387724220753,-0.002557746134698391,0.0654071494936943,25.868711471557617,3.1704258918762207,3.1704258918762207,0,0.0,0.00144831498619169,-0.0019402754260227084,-0.026386983692646027,10.165437698364258,4.217131614685059,4.217131614685059,0,0.0,-0.01769556850194931,-0.017043281346559525,0.10125356912612915,-3.5373668670654297,-0.6761645674705505,-0.6761645674705505,0,-0.03850439190864563,0.0010814298875629902,0.0007655399385839701,-0.0698777511715889,8.869458198547363,-0.5124588012695312,-0.5124588012695312,0,0.0,-0.00016237027011811733,-0.0037241545505821705,-0.6256991624832153,-76.10415649414062,1.2142322063446045,1.2142322063446045,0
91,1.5166666666666666,5,5,spm2_platform_joint_x,0,,0,flat,0,5.276434898376465,4.575225830078125,0.14568272233009338,0.2,0.0,0.0,0.00868054386228323,0.010879903100430965,0.08275692164897919,13.634198188781738,-2.201404571533203,-2.201404571533203,0,0.0,0.0030041176360100508,0.0016511500580236316,-0.38709431886672974,-25.109237670898438,1.0397682189941406,1.0397682189941406,0,0.0,0.0041455719619989395,5.1717750466195866e-05,-0.24593666195869446,20.820035934448242,5.823769569396973,5.823769569396973,0,0.0,-0.008221731521189213,-0.007619848474860191,-0.0533696673810482,-27.764928817749023,-0.6661763191223145,-0.6661763191223145,0,0.0,-0.0048809959553182125,-0.003711654804646969,0.26619967818260193,25.571269989013672,-1.102379322052002,-1.102379322052002,0,-0.03850439190864563,-0.00553224328905344,-0.0025407259818166494,0.12356948852539062,41.437068939208984,-0.4281611442565918,-0.4281611442565918,0
92,1.5333333333333332,0,0,spm1_platform_joint_z,0,,0,flat,0,4.758645057678223,4.885972499847412,0.14817878603935242,0.2,0.0,-0.045670174062252045,0.05492759868502617,0.06045325845479965,-0.4372788965702057,18.429519653320312,-4.234023571014404,-4.234023571014404,0,0.0,0.007939400151371956,0.01165825966745615,-0.11994972079992294,-24.74824333190918,-4.6363959312438965,-4.6363959312438965,0,0.0,0.002091555390506983,0.004761111456900835,0.0454547256231308,-36.71604537963867,-5.195917129516602,-5.195917129516602,0,0.0,0.08402163535356522,0.09516578167676926,-0.3849239945411682,-39.304054260253906,-12.614727973937988,-12.614727973937988,0,0.0,-0.009163803420960903,-0.010198269970715046,0.05158314108848572,22.44776153564453,4.161975383758545,4.161975383758545,0,0.0,-0.0023454390466213226,0.0008076446829363704,0.10942713171243668,3.580751657485962,-1.2030357122421265,-1.2030357122421265,0
92,1.5333333333333332,1,1,spm1_platform_joint_y,0,,0,flat,0,5.892241954803467,4.773927211761475,0.14457853138446808,0.2,0.0,0.0,-0.014630352146923542,-0.014737769030034542,-0.10176140069961548,-22.328691482543945,-0.8873769044876099,-0.8873769044876099,0,-0.045670174062252045,-0.016120772808790207,-0.01751868613064289,0.083352230489254,14.514779090881348,-0.699539065361023,-0.699539065361023,0,0.0,0.0027205897495150566,0.0018779158126562834,-0.16293859481811523,-39.83332061767578,-0.060448288917541504,-0.060448288917541504,0,0.0,-0.006519600749015808,-0.007462993264198303,0.08736041188240051,14.360925674438477,1.2173373699188232,1.2173373699188232,0,0.0,-0.006141006015241146,-0.010792280547320843,0.038170378655195236,15.576301574707031,3.8661234378814697,3.8661234378814697,0,0.0,-6.068274888093583e-05,0.00046852556988596916,-0.8071495294570923,-121.9737777709961,-4.104249000549316,-4.104249000549316,0
92,1.5333333333333332,2,2,spm1_platform_joint_x,0,,0,flat,0,5.253504276275635,3.5158650875091553,0.14569082856178284,0.2,0.0,0.0,0.013924452476203442,0.020445581525564194,0.09552926570177078,-30.888919830322266,-8.330395698547363,-8.330395698547363,0,0.0,0.0015833469806239009,0.001562811085022986,-0.08530302345752716,-17.773700714111328,-1.0889511108398438,-1.0889511108398438,0,-0.045670174062252045,-0.005871396511793137,-0.0017539076507091522,-0.17250682413578033,-4.057404518127441,-5.621624946594238,-5.621624946594238,0,0.0,0.003516611410304904,0.0047548431903123856,0.12266680598258972,22.40264320373535,0.3694247007369995,0.3694247007369995,0,0.0,-0.004121509846299887,-0.0037486653309315443,0.12454625219106674,3.3776638507843018,-0.29405808448791504,-0.29405808448791504,0,0.0,-0.0017279880121350288,-0.005959324538707733,-0.011893240734934807,18.464872360229492,4.837170600891113,4.837170600891113,0
92,1.5333333333333332,3,3,spm2_platform_joint_z,0,,0,flat,0,6.003268718719482,4.348389625549316,0.14591756463050842,0.2,0.0,0.0,-0.002676979638636112,-0.001822887104935944,0.2571592628955841,22.710256576538086,-0.25214436650276184,-0.25214436650276184,0,0.0,-0.0042616091668605804,-0.0011244775960221887,0.08360970765352249,-17.144655227661133,-3.904890298843384,-3.904890298843384,0,0.0,0.00584382563829422,0.0033917983528226614,-0.2476872205734253,7.227869987487793,4.074004650115967,4.074004650115967,0,-0.045670174062252045,0.022231463342905045,0.0283239483833313,-0.32391613721847534,-17.00060272216797,-6.752259731292725,-6.752259731292725,0,0.0,-0.0023796241730451584,-0.006763951387256384,-0.0716976448893547,5.091314792633057,4.2365803718566895,4.2365803718566895,0,0.0,0.006473609711974859,0.0005829522269777954,-0.6701627969741821,13.634498596191406,8.297828674316406,8.297828674316406,0
92,1.5333333333333332,4,4,spm2_platform_joint_y,0,,0,flat,0,5.034332275390625,5.102047443389893,0.14519912004470825,0.2,0.0,0.0,-0.00974156055599451,-0.005870185326784849,0.9240671396255493,80.28929138183594,-1.2735580205917358,-1.2735580205917358,0,0.0,-0.0022167132701724768,-0.002905666595324874,-0.21714332699775696,-27.311403274536133,0.9527057409286499,0.9527057409286499,0,0.0,-0.0016815720591694117,-0.01037534512579441,-0.8846692442893982,-38.74842834472656,7.194768905639648,7.194768905639648,0,0.0,-0.014770844019949436,-0.01888424903154373,-0.2758118808269501,-20.2080020904541,3.3517284393310547,3.3517284393310547,0,-0.045670174062252045,-0.005425889045000076,0.0038954310584813356,-0.20070961117744446,-7.964537143707275,-7.61273193359375,-7.61273193359375,0,0.0,-0.003227600594982505,-0.006280847825109959,-0.47722211480140686,9.664417266845703,4.904831886291504,4.904831886291504,0
92,1.5333333333333332,5,5,spm2_platform_joint_x,0,,0,flat,0,5.294273853302002,4.5745530128479,0.14503678679466248,0.2,0.0,0.0,0.009429248981177807,0.012346681207418442,0.10000564903020859,21.17023277282715,-1.2567585706710815,-1.2567585706710815,0,0.0,0.0014309966936707497,-0.001053681131452322,0.1262231469154358,19.13139533996582,3.0044517517089844,3.0044517517089844,0,0.0,4.4822048948844895e-05,0.0032206852920353413,0.5913597941398621,33.894351959228516,-1.5641216039657593,-1.5641216039657593,0,0.0,-0.006603868678212166,-0.005812706425786018,0.011245662346482277,-28.729129791259766,-2.3987879753112793,-2.3987879753112793,0,0.0,-0.0032167674507945776,-0.0019351510563865304,0.10301192104816437,-16.27522850036621,-3.0000672340393066,-3.0000672340393066,0,-0.045670174062252045,-0.008291319012641907,-0.0017324452055618167,0.1672612875699997,-29.19855499267578,-9.061293601989746,-9.061293601989746,0
93,1.55,0,0,spm1_platform_joint_z,0,,0,flat,0,4.7690110206604,4.889057636260986,0.14652585983276367,0.2,0.0,-0.05277460813522339,0.045356206595897675,0.053069647401571274,-0.3528021275997162,14.322158813476562,-6.503278732299805,-6.503278732299805,0,0.0,0.010103825479745865,0.004886623006314039,-0.28652265667915344,-7.781136512756348,3.7232472896575928,3.7232472896575928,0,0.0,0.004126296378672123,0.003928270656615496,-0.07335500419139862,-5.675914764404297,-0.2216877043247223,-0.2216877043247223,0,0.0,0.08247701078653336,0.09044717252254486,-0.2773899435997009,7.399499416351318,-6.680440425872803,-6.680440425872803,0,0.0,-0.008838500827550888,-0.006336473859846592,0.5316941142082214,29.742929458618164,-2.4729666709899902,-2.4729666709899902,0,0.0,0.0006999587058089674,0.0006245170370675623,-0.3172615170478821,-41.12677764892578,-1.0892949104309082,-1.0892949104309082,0
93,1.55,1,1,spm1_platform_joint_y,0,,0,flat,0,5.910464286804199,4.773655414581299,0.14519500732421875,0.2,0.0,0.0,-0.012772733345627785,-0.012502055615186691,0.20827795565128326,-7.215029716491699,-1.3991495370864868,-1.3991495370864868,0,-0.05277460813522339,-0.022219475358724594,-0.020413713529706,0.07487137615680695,48.66974639892578,1.455642580986023,1.455642580986023,0,0.0,0.00162752706091851,-0.00433699693530798,-0.3920663595199585,-21.58382225036621,4.295635223388672,4.295635223388672,0,0.0,-0.006467927247285843,-0.003459824714809656,0.14133337140083313,12.069802284240723,-1.068992018699646,-1.068992018699646,0,0.0,-0.009353309869766235,-0.016750259324908257,0.03935093432664871,22.121379852294922,5.712525844573975,5.712525844573975,0,0.0,0.00040605547837913036,-0.0019548232667148113,0.21800391376018524,-11.641271591186523,-0.20708346366882324,-0.20708346366882324,0
93,1.55,2,2,spm1_platform_joint_x,0,,0,flat,0,5.271684169769287,3.5157909393310547,0.14511796832084656,0.2,0.0,0.0,0.017719503492116928,0.02126804180443287,-0.01691526733338833,-12.272565841674805,-4.3744988441467285,-4.3744988441467285,0,0.0,0.0013544362736865878,0.0008332296856679022,0.05426784232258797,0.6561546325683594,-0.3450168967247009,-0.3450168967247009,0,-0.05277460813522339,-0.00855666771531105,0.0026116445660591125,0.37284430861473083,-1.1454963684082031,-10.730694770812988,-10.730694770812988,0,0.0,0.004120863974094391,0.004490083549171686,-0.18275126814842224,-19.931529998779297,-1.3628740310668945,-1.3628740310668945,0,0.0,-0.003248843364417553,-0.0012929969234392047,-0.018978243693709373,-14.610137939453125,-1.606231689453125,-1.606231689453125,0,0.0,-0.005164748057723045,0.00047757814172655344,0.40887317061424255,-14.611934661865234,-5.293103218078613,-5.293103218078613,0
93,1.55,3,3,spm2_platform_joint_z,0,,0,flat,0,6.02304744720459,4.350036144256592,0.1450171172618866,0.2,0.0,0.0,-0.0015798354288563132,0.0008375630131922662,-0.0965702012181282,-35.74045181274414,-3.3636412620544434,-3.3636412620544434,0,0.0,-0.0009745472343638539,-0.0015456066466867924,0.30570900440216064,63.50953674316406,2.453266143798828,2.453266143798828,0,0.0,0.0029395585879683495,0.005674000829458237,-0.05367360636591911,-50.6909294128418,-5.3120598793029785,-5.3120598793029785,0,-0.05277460813522339,0.017510807141661644,0.022315489128232002,-0.16755959391593933,42.12033462524414,-3.2447047233581543,-3.2447047233581543,0,0.0,-0.005862091202288866,-0.0017475344939157367,0.04207887873053551,-36.332881927490234,-4.262305736541748,-4.262305736541748,0,0.0,0.0005052252672612667,0.00035313592525199056,0.27596375346183777,11.704780578613281,-1.2204500436782837,-1.2204500436782837,0
93,1.55,4,4,spm2_platform_joint_y,0,,0,flat,0,5.053244590759277,5.1006598472595215,0.1458049863576889,0.2,0.0,0.0,-0.005087493918836117,0.0014707534573972225,0.24575552344322205,-23.045089721679688,-8.587995529174805,-8.587995529174805,0,0.0,-0.002518244320526719,-0.002935599535703659,-0.12601426243782043,-11.144814491271973,0.16622033715248108,0.16622033715248108,0,0.0,-0.008991966024041176,-0.01049202959984541,0.04755529388785362,31.18730354309082,3.8036038875579834,3.8036038875579834,0,0.0,-0.016366349533200264,-0.01875990815460682,0.1867494434118271,14.292276382446289,2.933767080307007,2.933767080307007,0,-0.05277460813522339,-0.0036605747882276773,-0.0023352960124611855,-0.15102140605449677,29.435203552246094,0.45125341415405273,0.45125341415405273,0,0.0,-0.005443401634693146,-0.004145022481679916,-0.18935741484165192,-27.56427764892578,-0.8909404277801514,-0.8909404277801514,0
93,1.55,5,5,spm2_platform_joint_x,0,,0,flat,0,5.3122029304504395,4.573757171630859,0.14527425169944763,0.2,0.0,0.0,0.01070045679807663,0.013482639566063881,0.0022948593832552433,24.659076690673828,-1.0888714790344238,-1.0888714790344238,0,0.0,-0.0009131903061643243,-0.0033761910162866116,-0.06268419325351715,22.388845443725586,3.3639559745788574,3.3639559745788574,0,0.0,0.002791260601952672,0.0016512387664988637,-0.12620845437049866,27.93052864074707,2.7967445850372314,2.7967445850372314,0,0.0,-0.005037678871303797,-0.0021141376346349716,0.3079333007335663,-20.81952476501465,-4.602922439575195,-4.602922439575195,0,0.0,-0.001677130931057036,-0.0039219302125275135,0.07821431010961533,16.860240936279297,1.375525951385498,1.375525951385498,0,-0.05277460813522339,-0.00853806734085083,-0.0011097154347226024,-0.17370086908340454,-29.476612091064453,-7.609817981719971,-7.609817981719971,0
94,1.5666666666666667,0,0,spm1_platform_joint_z,0,,0,flat,0,4.779787063598633,4.8917365074157715,0.14539580047130585,0.2,0.0,-0.0598081573843956,0.038019273430109024,0.046405430883169174,-0.3896556496620178,6.1204328536987305,-7.449062347412109,-7.449062347412109,0,0.0,0.004235072992742062,0.0005388014833442867,-0.07135852426290512,-23.94677734375,1.085893154144287,1.085893154144287,0,0.0,0.0034045011270791292,0.004512421321123838,0.04795347899198532,-30.089685440063477,-3.7979896068573,-3.7979896068573,0,0.0,0.078387551009655,0.09023929387331009,-0.02788122557103634,-5.890715599060059,-11.392302513122559,-11.392302513122559,0,0.0,-0.005491610616445541,-0.0033883049618452787,0.20109327137470245,5.771639823913574,-2.9301624298095703,-2.9301624298095703,0,0.0,0.0005412481259554625,0.00022621446987614036,0.13192005455493927,-5.51991081237793,-0.31607353687286377,-0.31607353687286377,0
94,1.5666666666666667,1,1,spm1_platform_joint_y,0,,0,flat,0,5.928864479064941,4.773467540740967,0.14482861757278442,0.2,0.0,0.0,-0.010835114866495132,-0.01023544929921627,-0.24959644675254822,-43.45563507080078,-0.7533820867538452,-0.7533820867538452,0,-0.0598081573843956,-0.025666307657957077,-0.024706309661269188,0.27922549843788147,50.13595962524414,-2.1393983364105225,-2.1393983364105225,0,0.0,-0.003758730599656701,-0.003753717988729477,0.474312961101532,43.220794677734375,-0.7529720067977905,-0.7529720067977905,0,0.0,-0.002998514799401164,-0.0015280249062925577,0.38486218452453613,32.57575607299805,-1.6005427837371826,-1.6005427837371826,0,0.0,-0.014516890980303288,-0.017186470329761505,-0.06357454508543015,-11.285691261291504,2.406005859375,2.406005859375,0,0.0,-0.0016941801877692342,-0.002296154387295246,0.06795589625835419,-21.30398178100586,-4.3331756591796875,-4.3331756591796875,0
94,1.5666666666666667,2,2,spm1_platform_joint_x,0,,0,flat,0,5.289863109588623,3.515960216522217,0.14537706971168518,0.2,0.0,0.0,0.01843230240046978,0.022233491763472557,-0.3747120201587677,-66.2162094116211,-5.343404293060303,-5.343404293060303,0,0.0,0.0007221323903650045,0.0068410299718379974,0.1833944171667099,25.215349197387695,-2.6220881938934326,-2.6220881938934326,0,-0.0598081573843956,-0.005710995756089687,0.002719359938055277,0.07133682072162628,25.53040313720703,-8.64447021484375,-8.64447021484375,0,0.0,0.003891405649483204,0.003741832682862878,0.32295992970466614,55.41937255859375,1.7260820865631104,1.7260820865631104,0,0.0,-0.001120597356930375,0.004252011422067881,-0.5491725206375122,-92.5916748046875,-6.178852081298828,-6.178852081298828,0,0.0,0.000413901056163013,-0.002706260420382023,0.15244373679161072,36.21260452270508,3.2727677822113037,3.2727677822113037,0
94,1.5666666666666667,3,3,spm2_platform_joint_z,0,,0,flat,0,6.042943954467773,4.351498126983643,0.14513975381851196,0.2,0.0,0.0,0.0007258879486471415,0.002747040009126067,0.23276576399803162,24.103370666503906,-1.0542678833007812,-1.0542678833007812,0,0.0,-0.001339525799266994,-0.0005462740082293749,-0.0918668881058693,-12.931623458862305,-1.807748556137085,-1.807748556137085,0,0.0,0.004917467478662729,0.0010827041696757078,-0.20973680913448334,8.347901344299316,5.375256538391113,5.375256538391113,0,-0.0598081573843956,0.011365668848156929,0.018975431099534035,-0.30007416009902954,-36.317081451416016,-9.213635444641113,-9.213635444641113,0,0.0,-0.0015145299257710576,-0.0021873433142900467,0.09235263615846634,0.5689465999603271,0.21807992458343506,0.21807992458343506,0,0.0,0.0003060511371586472,-0.0031484586652368307,-0.3995231091976166,-4.240046501159668,3.567298650741577,3.567298650741577,0
94,1.5666666666666667,4,4,spm2_platform_joint_y,0,,0,flat,0,5.071815013885498,5.099637985229492,0.145131915807724,0.2,0.0,0.0,0.001274653011932969,0.00468783313408494,0.08037783950567245,-21.69138526916504,-4.4006476402282715,-4.4006476402282715,0,0.0,-0.0025441863108426332,-0.0058337366208434105,0.09689920395612717,37.9535026550293,5.332208633422852,5.332208633422852,0,0.0,-0.009093092754483223,-0.0013118928764015436,0.9338062405586243,87.57233428955078,-2.4329137802124023,-2.4329137802124023,0,0.0,-0.016258586198091507,-0.0172280203551054,0.02110889181494713,-8.380561828613281,0.31483638286590576,0.31483638286590576,0,-0.0598081573843956,-0.009998345747590065,-0.004602430388331413,-0.3266330063343048,-18.659975051879883,-5.287398338317871,-5.287398338317871,0,0.0,-0.0035923528485000134,-0.002734745852649212,0.2817678153514862,48.55976867675781,1.03435480594635,1.03435480594635,0
94,1.5666666666666667,5,5,spm2_platform_joint_x,0,,0,flat,0,5.330139636993408,4.572556495666504,0.14545440673828125,0.2,0.0,0.0,0.011684954166412354,0.015880456194281578,0.08027780055999756,-9.913822174072266,-4.556496620178223,-4.556496620178223,0,0.0,-0.002926032291725278,-0.00656674662604928,0.07251305133104324,2.721829652786255,1.7251824140548706,1.7251824140548706,0,0.0,0.0014310735277831554,-2.4965969714685343e-05,-0.14091657102108002,2.0661771297454834,2.40537166595459,2.40537166595459,0,0.0,-0.0018322526011615992,0.00365714100189507,0.579329788684845,35.55807876586914,-4.751928806304932,-4.751928806304932,0,0.0,-0.0033990060910582542,-0.009114554151892662,0.17211897671222687,12.391053199768066,2.572997808456421,2.572997808456421,0,-0.0598081573843956,-0.008936175145208836,-0.004769078455865383,0.030376970767974854,41.56736755371094,-1.8967058658599854,-1.8967058658599854,0
95,1.5833333333333333,0,0,spm1_platform_joint_z,0,,0,flat,0,4.790792942047119,4.894599437713623,0.1451241374015808,0.2,0.0,-0.06676137447357178,0.031316522508859634,0.042960602790117264,-0.21878483891487122,6.579186916351318,-10.074045181274414,-10.074045181274414,0,0.0,0.00046696129720658064,-0.0009570702095516026,0.07243214547634125,-1.010633945465088,0.07645291090011597,0.07645291090011597,0,0.0,0.003910765051841736,0.0013335102703422308,-0.08049561828374863,5.324768543243408,3.5274839401245117,3.5274839401245117,0,0.0,0.07820738852024078,0.08874357491731644,-0.14915096759796143,-10.564874649047852,-11.576563835144043,-11.576563835144043,0,0.0,-0.0029365308582782745,-0.003934025298804045,-0.05778435245156288,-15.077653884887695,-0.10249298810958862,-0.10249298810958862,0,0.0,0.00019605254055932164,-0.0049995058216154575,-0.2569637596607208,-1.7131143808364868,4.722724914550781,4.722724914550781,0
95,1.5833333333333333,1,1,spm1_platform_joint_y,0,,0,flat,0,5.947506427764893,4.773392677307129,0.14533710479736328,0.2,0.0,0.0,-0.008870722725987434,-0.013661647215485573,-0.020542223006486893,37.308963775634766,6.542920112609863,6.542920112609863,0,-0.06676137447357178,-0.030313652008771896,-0.02073824033141136,-0.13441845774650574,-48.144901275634766,-11.107414245605469,-11.107414245605469,0,0.0,-0.0032532222103327513,-0.0019381849560886621,-0.04370087757706642,-17.563907623291016,-2.61568546295166,-2.61568546295166,0,0.0,-0.0013242881977930665,0.003291495842859149,0.03298342972993851,-49.23873519897461,-7.273296356201172,-7.273296356201172,0,0.0,-0.0148949408903718,-0.019703855738043785,-0.30160319805145264,27.043561935424805,8.437633514404297,8.437633514404297,0,0.0,-0.0019900004845112562,-0.0005504058790393174,0.02824905514717102,32.52737808227539,3.434454917907715,3.434454917907715,0
95,1.5833333333333333,2,2,spm1_platform_joint_x,0,,0,flat,0,5.307916164398193,3.5163373947143555,0.14568746089935303,0.2,0.0,0.0,0.019269026815891266,0.019319292157888412,0.027316132560372353,36.54207229614258,2.2044336795806885,2.2044336795806885,0,0.0,0.005928892642259598,0.009573991410434246,-0.33020076155662537,-39.78798294067383,-3.2158637046813965,-3.2158637046813965,0,-0.06676137447357178,-0.006544738542288542,0.0012842767173424363,-0.0463312529027462,22.73748016357422,-6.167000770568848,-6.167000770568848,0,0.0,0.0032429215498268604,0.005103787872940302,-0.08717954158782959,-21.749269485473633,-3.107682704925537,-3.107682704925537,0,0.0,0.0036850764881819487,0.004340287297964096,0.0914611965417862,28.510168075561523,2.311819076538086,2.311819076538086,0,0.0,-0.0023454257752746344,-0.001238140743225813,-0.44578537344932556,-80.7056655883789,-3.916384696960449,-3.916384696960449,0
95,1.5833333333333333,3,3,spm2_platform_joint_z,0,,0,flat,0,6.06290340423584,4.352753639221191,0.1453152894973755,0.2,0.0,0.0,0.00238076806999743,0.008359529078006744,0.10711634159088135,-33.04811096191406,-7.6025543212890625,-7.6025543212890625,0,0.0,-0.000473437481559813,0.002314872108399868,-0.08778241276741028,-18.774642944335938,-2.004127264022827,-2.004127264022827,0,0.0,0.000938343582674861,0.00048493253416381776,-0.4794873595237732,-56.697383880615234,-0.21953418850898743,-0.21953418850898743,0,-0.06676137447357178,0.007543856278061867,0.011947071179747581,-0.17024217545986176,28.492517471313477,-3.2991318702697754,-3.2991318702697754,0,0.0,-0.0018956975545734167,0.0004250305355526507,0.030263978987932205,10.89295768737793,-1.1994307041168213,-1.1994307041168213,0,0.0,-0.002728664083406329,-0.003429605858400464,-0.022149765864014626,18.279722213745117,2.47831130027771,2.47831130027771,0
95,1.5833333333333333,4,4,spm2_platform_joint_y,0,,0,flat,0,5.090754508972168,5.098382949829102,0.1456267386674881,0.2,0.0,0.0,0.004062788560986519,0.008012952283024788,-0.1644984632730484,-51.77435302734375,-6.103531837463379,-6.103531837463379,0,0.0,-0.005055904854089022,-0.0008182412129826844,-0.13506516814231873,3.532803535461426,-2.1631836891174316,-2.1631836891174316,0,0.0,-0.0011369738494977355,0.003277036128565669,0.8471137881278992,95.23694610595703,-3.4059648513793945,-3.4059648513793945,0,0.0,-0.014930950477719307,-0.01854606717824936,0.4035356640815735,67.54141235351562,5.147727012634277,5.147727012634277,0,-0.06676137447357178,-0.012890289537608624,-0.005373104941099882,-0.503355085849762,-16.796730041503906,-4.524977684020996,-4.524977684020996,0,0.0,-0.002370113041251898,9.832427167566493e-05,0.5564864873886108,17.053516387939453,-3.8150441646575928,-3.8150441646575928,0
95,1.5833333333333333,5,5,spm2_platform_joint_x,0,,0,flat,0,5.348430633544922,4.570957183837891,0.14596015214920044,0.2,0.0,0.0,0.013763061724603176,0.020813681185245514,0.16914497315883636,-7.51762580871582,-6.388108253479004,-6.388108253479004,0,0.0,-0.005691180471330881,-0.005992865189909935,-0.19426923990249634,-46.210235595703125,-1.5510814189910889,-1.5510814189910889,0,0.0,-2.1637173631461337e-05,-0.001395931700244546,-0.011318674311041832,-27.212312698364258,-3.2952797412872314,-3.2952797412872314,0,0.0,0.0031695221550762653,0.009722006507217884,0.3223990201950073,-4.656100273132324,-7.125000476837158,-7.125000476837158,0,0.0,-0.00789928063750267,-0.01244563702493906,-0.2459186613559723,-0.17453491687774658,6.698960781097412,6.698960781097412,0,-0.06676137447357178,-0.013034718111157417,-0.0034728338941931725,-0.20964652299880981,-67.09286499023438,-12.306706428527832,-12.306706428527832,0
96,1.6,0,0,spm1_platform_joint_z,0,,0,flat,0,4.802311897277832,4.8968915939331055,0.14529620110988617,0.2,0.0,-0.07362490892410278,0.027415867894887924,0.038865722715854645,-0.23306210339069366,9.830537796020508,-10.061324119567871,-10.061324119567871,0,0.0,-0.000829460856039077,0.0005261572659946978,0.029246177524328232,-29.326261520385742,-2.988440752029419,-2.988440752029419,0,0.0,0.0011557089164853096,0.0014565716264769435,0.21693412959575653,-3.006711483001709,-1.236505150794983,-1.236505150794983,0,0.0,0.07691109925508499,0.08616813272237778,-0.14761361479759216,-9.155023574829102,-10.035653114318848,-10.035653114318848,0,0.0,-0.0034094885922968388,-0.0022512159775942564,-0.07280730456113815,2.0953586101531982,0.005772531032562256,0.005772531032562256,0,0.0,-0.0043329051695764065,-0.0016985202673822641,-0.036854445934295654,-41.989479064941406,-4.714590549468994,-4.714590549468994,0
96,1.6,1,1,spm1_platform_joint_y,0,,0,flat,0,5.9661641120910645,4.772916793823242,0.1458372175693512,0.2,0.0,0.0,-0.0118400938808918,-0.015315702185034752,0.14718696475028992,55.309635162353516,6.561051368713379,6.561051368713379,0,-0.07362490892410278,-0.027789797633886337,-0.019932296127080917,-0.13032405078411102,-53.196380615234375,-10.916522979736328,-10.916522979736328,0,0.0,-0.001679760287515819,0.0027827073354274035,-0.012241673655807972,-47.4577751159668,-4.299111366271973,-4.299111366271973,0,0.0,0.0028526296373456717,0.005187847185879946,-0.05856587365269661,-49.675819396972656,-6.061803817749023,-6.061803817749023,0,0.0,-0.017076674848794937,-0.024678219109773636,0.019835732877254486,76.17251586914062,13.190248489379883,13.190248489379883,0,0.0,-0.00047701841685920954,-0.0023433200549334288,-0.3627954423427582,-43.35044479370117,-0.3900017738342285,-0.3900017738342285,0
96,1.6,2,2,spm1_platform_joint_x,0,,0,flat,0,5.32584285736084,3.516366481781006,0.14577031135559082,0.2,0.0,0.0,0.016743386164307594,0.020461471751332283,0.058467473834753036,-21.438552856445312,-5.027587413787842,-5.027587413787842,0,0.0,0.008297459222376347,0.01006733626127243,-0.0937836691737175,-48.48895263671875,-3.959054470062256,-3.959054470062256,0,-0.07362490892410278,-0.008703615516424179,0.001297081122174859,-0.3161577880382538,-16.027963638305664,-10.587632179260254,-10.587632179260254,0,0.0,0.004423283040523529,0.004345066379755735,0.013941255398094654,23.25745964050293,1.3097540140151978,1.3097540140151978,0,0.0,0.0037615823093801737,0.005091529805213213,-0.12238759547472,-43.46356201171875,-3.9761595726013184,-3.9761595726013184,0,0.0,-0.001073055318556726,-0.004389531910419464,-0.28805336356163025,-8.324338912963867,3.2586216926574707,3.2586216926574707,0
96,1.6,3,3,spm2_platform_joint_z,0,,0,flat,0,6.082728385925293,4.354206562042236,0.14560538530349731,0.2,0.0,0.0,0.0072449250146746635,0.014496169984340668,0.5512533783912659,37.24182891845703,-5.031308174133301,-5.031308174133301,0,0.0,0.0020062224939465523,0.0064537920989096165,0.3283885717391968,69.31314849853516,1.5914924144744873,1.5914924144744873,0,0.0,0.0004202748532406986,-0.002729739062488079,-0.5014283657073975,-56.531341552734375,2.0604958534240723,2.0604958534240723,0,-0.07362490892410278,0.000537472777068615,0.004590341355651617,-0.552121102809906,-37.21202087402344,-7.15596342086792,-7.15596342086792,0,0.0,0.0003683597897179425,0.0025257107336074114,-0.4453698992729187,-73.23320770263672,-4.404423236846924,-4.404423236846924,0,0.0,-0.002972325077280402,-0.00676624896004796,-0.673303484916687,-59.51414108276367,3.0783329010009766,3.0783329010009766,0
96,1.6,4,4,spm2_platform_joint_y,0,,0,flat,0,5.109542369842529,5.09714412689209,0.14640241861343384,0.2,0.0,0.0,0.006944558583199978,0.00933118537068367,0.09268000721931458,15.135830879211426,-1.0939042568206787,-1.0939042568206787,0,0.0,-0.0007091423613019288,0.0033511307556182146,-0.26097455620765686,-6.6282124519348145,-0.07627725601196289,-0.07627725601196289,0,0.0,0.0028400979936122894,0.0041279918514192104,-0.32316288352012634,-23.725683212280273,-3.324375629425049,-3.324375629425049,0,0.0,-0.016073258593678474,-0.014921778813004494,0.2188592255115509,-10.743520736694336,-2.5036847591400146,-2.5036847591400146,0,-0.07362490892410278,-0.014473345130681992,-0.006387331988662481,-0.46277114748954773,-20.62281036376953,-6.000992298126221,-6.000992298126221,0,0.0,8.521437121089548e-05,0.0015209265984594822,-0.13653230667114258,-48.86520004272461,-5.426364898681641,-5.426364898681641,0
96,1.6,5,5,spm2_platform_joint_x,0,,0,flat,0,5.367144584655762,4.5689778327941895,0.14661487936973572,0.2,0.0,0.0,0.018038524314761162,0.02423001453280449,0.014575643464922905,-27.88231658935547,-5.911615371704102,-5.911615371704102,0,0.0,-0.005193816497921944,-0.008054219186306,0.08179821074008942,-12.617023468017578,1.5646398067474365,1.5646398067474365,0,0.0,-0.0012098074657842517,-0.002804460935294628,-0.7262542247772217,-82.6251449584961,1.271730899810791,1.271730899810791,0,0.0,0.008425738662481308,0.018593819811940193,0.8412379026412964,46.744014739990234,-11.395515441894531,-11.395515441894531,0,0.0,-0.01078621856868267,-0.017078064382076263,0.31284546852111816,21.683664321899414,3.547816276550293,3.547816276550293,0,-0.07362490892410278,-0.012826444581151009,-0.005645310040563345,0.43873831629753113,65.03892517089844,-7.738212585449219,-7.738212585449219,0
97,1.6166666666666667,0,0,spm1_platform_joint_z,0,,0,flat,0,4.814390182495117,4.89982271194458,0.14593848586082458,0.2,0.0,-0.08038955181837082,0.022965017706155777,0.03613585606217384,-0.13966870307922363,17.453914642333984,-11.172657012939453,-11.172657012939453,0,0.0,0.0004560029483400285,0.003239954588934779,0.285692036151886,27.601909637451172,-0.9967276453971863,-0.9967276453971863,0,0.0,0.001262362115085125,0.0018607783131301403,-0.5312430262565613,-84.27289581298828,-3.441389322280884,-3.441389322280884,0,0.0,0.07467904686927795,0.08163030445575714,-0.3165172338485718,-15.529779434204102,-8.352923393249512,-8.352923393249512,0,0.0,-0.001951053855009377,-0.005640859249979258,-0.3920997977256775,-38.2309455871582,2.3335776329040527,2.3335776329040527,0,0.0,-0.0014720509061589837,-0.005025840830057859,-0.1332545280456543,-14.41073226928711,0.7225235104560852,0.7225235104560852,0
97,1.6166666666666667,1,1,spm1_platform_joint_y,0,,0,flat,0,5.984806537628174,4.772148132324219,0.14463002979755402,0.2,0.0,0.0,-0.013273607939481735,-0.013587850145995617,-0.07126709073781967,-19.01345443725586,-0.20362579822540283,-0.20362579822540283,0,-0.08038955181837082,-0.02799326367676258,-0.02617514505982399,0.06380371004343033,60.86740493774414,-0.32828187942504883,-0.32828187942504883,0,0.0,0.002411679597571492,0.003377216635271907,0.031992003321647644,-13.047006607055664,-2.169545888900757,-2.169545888900757,0,0.0,0.004496134351938963,0.003779763588681817,-0.241512268781662,-12.530683517456055,0.9874470233917236,0.9874470233917236,0,0.0,-0.021387789398431778,-0.02348753996193409,-0.11092677712440491,-31.791208267211914,1.8627554178237915,1.8627554178237915,0,0.0,-0.002030877396464348,-0.0012421224964782596,0.5554366707801819,40.42586135864258,-0.4521615505218506,-0.4521615505218506,0
97,1.6166666666666667,2,2,spm1_platform_joint_x,0,,0,flat,0,5.3437180519104,3.5163686275482178,0.1454923152923584,0.2,0.0,0.0,0.017733275890350342,0.019854025915265083,-0.06510024517774582,9.698470115661621,-1.45509934425354,-1.45509934425354,0,0.0,0.00872502475976944,0.009987776167690754,-0.12914630770683289,-8.626325607299805,-0.40205812454223633,-0.40205812454223633,0,-0.08038955181837082,-0.009594470262527466,-0.0005243017803877592,0.07945644110441208,9.190570831298828,-8.112282752990723,-8.112282752990723,0,0.0,0.0037657241337001324,0.004760985262691975,0.11193064600229263,-2.5217530727386475,-2.1594607830047607,-2.1594607830047607,0,0.0,0.004412658978253603,0.005395197309553623,-0.05055290460586548,-10.319697380065918,-1.1396465301513672,-1.1396465301513672,0,0.0,-0.003804260864853859,-0.0015619035111740232,0.1777976155281067,-29.622648239135742,-2.7785730361938477,-2.7785730361938477,0
97,1.6166666666666667,3,3,spm2_platform_joint_z,0,,0,flat,0,6.102579116821289,4.3559041023254395,0.1460973024368286,0.2,0.0,0.0,0.01256334688514471,0.017435625195503235,0.3584253787994385,21.161457061767578,-5.677546501159668,-5.677546501159668,0,0.0,0.005593286361545324,0.009918566793203354,0.3952741324901581,46.53740692138672,-3.117408275604248,-3.117408275604248,0,0.0,-0.0023657737765461206,-0.00030539993895217776,-0.6545721292495728,-89.8110122680664,-1.3608894348144531,-1.3608894348144531,0,-0.08038955181837082,-0.006740311626344919,-0.0024241453502327204,-0.5692867636680603,-20.86637306213379,-3.5684731006622314,-3.5684731006622314,0,0.0,0.002188949380069971,0.003542942926287651,-0.18583673238754272,-7.033285140991211,0.2658489942550659,0.2658489942550659,0,0.0,-0.005864082369953394,-0.006032573990523815,-0.32037246227264404,-34.2493782043457,1.4050087928771973,1.4050087928771973,0
97,1.6166666666666667,4,4,spm2_platform_joint_y,0,,0,flat,0,5.1278228759765625,5.0961198806762695,0.14621827006340027,0.2,0.0,0.0,0.00808702688664198,0.012215772643685341,0.1920817643404007,7.9556732177734375,-4.565267562866211,-4.565267562866211,0,0.0,0.0029043133836239576,-0.0014517396921291947,-0.23391102254390717,17.957683563232422,5.424530029296875,5.424530029296875,0,0.0,0.00357759278267622,0.00524898711591959,0.005109592340886593,-8.976773262023926,-1.8846782445907593,-1.8846782445907593,0,0.0,-0.012932208366692066,-0.013878165744245052,0.16639287769794464,13.244490623474121,0.6350102424621582,0.6350102424621582,0,-0.08038955181837082,-0.01625429466366768,-0.010579278692603111,0.1301872879266739,44.96603012084961,-4.124669551849365,-4.124669551849365,0,0.0,0.001318136346526444,0.0020072325132787228,-0.3759453594684601,-91.37127685546875,-3.3817238807678223,-3.3817238807678223,0
97,1.6166666666666667,5,5,spm2_platform_joint_x,0,,0,flat,0,5.38641357421875,4.5675249099731445,0.14601194858551025,0.2,0.0,0.0,0.020999345928430557,0.028268590569496155,0.48125478625297546,27.113309860229492,-7.416466236114502,-7.416466236114502,0,0.0,-0.0069803232327103615,-0.008299548178911209,-0.03248905763030052,4.8882269859313965,1.6697596311569214,1.6697596311569214,0,0.0,-0.0024305328261107206,-0.006390448193997145,0.37520116567611694,97.87068939208984,8.57852554321289,8.57852554321289,0,0.0,0.016114644706249237,0.025512591004371643,0.0005740500055253506,-55.180023193359375,-12.014278411865234,-12.014278411865234,0,0.0,-0.01480098906904459,-0.01200109999626875,0.16131523251533508,-14.010551452636719,-3.676516056060791,-3.676516056060791,0,-0.08038955181837082,-0.015611208975315094,-0.0032137304078787565,0.08558649569749832,2.0325565338134766,-12.348858833312988,-12.348858833312988,0
98,1.6333333333333333,0,0,spm1_platform_joint_z,0,,0,flat,0,4.827210426330566,4.903278827667236,0.14769938588142395,0.2,0.0,-0.08704622089862823,0.019711578264832497,0.029699034988880157,-0.42513108253479004,-0.19857287406921387,-9.4153470993042,-9.4153470993042,0,0.0,0.0028079606126993895,0.006156053394079208,0.051804494112730026,-24.11248779296875,-4.574566841125488,-4.574566841125488,0,0.0,0.001612674561329186,-0.0023549275938421488,0.05214710161089897,24.916767120361328,5.654512405395508,5.654512405395508,0,0.0,0.07074626535177231,0.07973155379295349,-0.22626936435699463,-22.61968421936035,-9.206685066223145,-9.206685066223145,0,0.0,-0.004888744559139013,-0.012862853705883026,-0.24035386741161346,-7.7277984619140625,6.555746078491211,6.555746078491211,0,0.0,-0.004355728626251221,-0.002822084119543433,-0.07828068733215332,-19.130474090576172,-0.7582803964614868,-0.7582803964614868,0
98,1.6333333333333333,1,1,spm1_platform_joint_y,0,,0,flat,0,6.003438949584961,4.772051811218262,0.14545711874961853,0.2,0.0,0.0,-0.011776136234402657,-0.013912312686443329,0.021369297057390213,3.0024359226226807,2.5975427627563477,2.5975427627563477,0,-0.08704622089862823,-0.03429128974676132,-0.025903530418872833,-0.09900690615177155,-0.9904253482818604,-7.7676239013671875,-7.7676239013671875,0,0.0,0.0029269210062921047,0.002860811073333025,-0.015150844119489193,-0.7170965075492859,-0.7105923891067505,-0.7105923891067505,0,0.0,0.003275795141234994,0.0022558504715561867,0.07300473749637604,14.154561996459961,1.9989272356033325,1.9989272356033325,0,0.0,-0.020355867221951485,-0.028250353410840034,-0.13288111984729767,-4.892242908477783,7.276710033416748,7.276710033416748,0,0.0,-0.0010765062179416418,-0.0017605439061298966,-0.35730549693107605,-33.563880920410156,-1.9069443941116333,-1.9069443941116333,0
98,1.6333333333333333,2,2,spm1_platform_joint_x,0,,0,flat,0,5.361184120178223,3.516355514526367,0.14508898556232452,0.2,0.0,0.0,0.017206821590662003,0.02312389202415943,0.12360144406557083,-9.451045036315918,-5.925546646118164,-5.925546646118164,0,0.0,0.008656072430312634,0.007553469855338335,-0.14264754951000214,-5.816577911376953,0.8153587579727173,0.8153587579727173,0,-0.08704622089862823,-0.012060558423399925,0.0045686704106628895,0.15526758134365082,-17.82415008544922,-16.559175491333008,-16.559175491333008,0,0.0,0.004126187413930893,0.003010369138792157,-0.07060335576534271,3.446498155593872,0.6015716791152954,0.6015716791152954,0,0.0,0.004675837699323893,0.006362046580761671,0.09707115590572357,4.325606822967529,-1.3898996114730835,-1.3898996114730835,0,0.0,-0.0013536496553570032,-0.0038039074279367924,-0.1910843700170517,-15.867505073547363,1.6126054525375366,1.6126054525375366,0
98,1.6333333333333333,3,3,spm2_platform_joint_z,0,,0,flat,0,6.122265338897705,4.358264446258545,0.14623866975307465,0.2,0.0,0.0,0.01511087454855442,0.02062889188528061,-0.0005049202591180801,-18.195491790771484,-6.04282283782959,-6.04282283782959,0,0.0,0.008596091531217098,0.008212929591536522,-0.18759401142597198,-40.11155700683594,-3.140439033508301,-3.140439033508301,0,0.0,-0.00026467995485290885,-0.0034630715381354094,0.2889484763145447,75.15933227539062,6.810086250305176,6.810086250305176,0,-0.08704622089862823,-0.013707089237868786,-0.00931551307439804,-0.2709158957004547,21.60982894897461,-2.267317295074463,-2.267317295074463,0,0.0,0.0030705505050718784,-0.0003354584041517228,0.47399500012397766,78.22042083740234,4.936624050140381,4.936624050140381,0,0.0,-0.005228230729699135,-0.008135254494845867,0.2007470428943634,40.05757141113281,3.054473876953125,3.054473876953125,0
98,1.6333333333333333,4,4,spm2_platform_joint_y,0,,0,flat,0,5.14593505859375,5.094809532165527,0.14619293808937073,0.2,0.0,0.0,0.010587003082036972,0.013472209684550762,-0.13082484900951385,20.984750747680664,-1.0435738563537598,-1.0435738563537598,0,0.0,-0.0012581744231283665,-0.004662947729229927,-0.13798752427101135,-0.4438716173171997,4.101304054260254,4.101304054260254,0,0.0,0.004549121949821711,0.0070173898711800575,0.026326335966587067,-12.424853324890137,-2.2438478469848633,-2.2438478469848633,0,0.0,-0.012027743272483349,-0.0103159723803401,0.32289451360702515,-19.556625366210938,-3.6249475479125977,-3.6249475479125977,0,-0.08704622089862823,-0.020774871110916138,-0.012303227558732033,-0.24576124548912048,-0.3143191337585449,-8.285248756408691,-8.285248756408691,0,0.0,0.001739601488225162,0.00314883328974247,0.15934285521507263,-45.57801055908203,-3.91800594329834,-3.91800594329834,0
98,1.6333333333333333,5,5,spm2_platform_joint_x,0,,0,flat,0,5.405379295349121,4.566586017608643,0.14532235264778137,0.2,0.0,0.0,0.024499444290995598,0.03585111349821091,0.14083488285541534,-62.39241027832031,-13.757492065429688,-13.757492065429688,0,0.0,-0.007192941848188639,-0.010712544433772564,0.0115346759557724,-8.089449882507324,0.7437282204627991,0.7437282204627991,0,0.0,-0.005538388155400753,0.0011287452653050423,0.039990417659282684,-17.25305938720703,-6.170955657958984,-6.170955657958984,0,0.0,0.022110912948846817,0.022741522639989853,-0.16533257067203522,12.946394920349121,0.023662090301513672,0.023662090301513672,0,0.0,-0.010400952771306038,-0.010967685841023922,0.1787472367286682,-12.096505165100098,-0.7387316226959229,-0.7387316226959229,0,-0.08704622089862823,-0.014391396194696426,-0.002243265276774764,0.2444155514240265,54.22459411621094,-9.303147315979004,-9.303147315979004,0
99,1.65,0,0,spm1_platform_joint_z,0,,0,flat,0,4.840467929840088,4.906765460968018,0.14956757426261902,0.2,0.0,-0.09358596056699753,0.013261035084724426,0.022856615483760834,-0.5648449659347534,-6.348638534545898,-8.35424518585205,-8.35424518585205,0,0.0,0.005335246212780476,0.003295646281912923,0.4708922505378723,53.20980453491211,1.8464268445968628,1.8464268445968628,0,0.0,-0.0020409373100847006,-0.0002212769177276641,0.07462705671787262,-11.168932914733887,-2.5081071853637695,-2.5081071853637695,0,0.0,0.06910067796707153,0.07486230880022049,-0.09542398154735565,9.911443710327148,-5.779404163360596,-5.779404163360596,0,0.0,-0.01114780642092228,-0.024955322965979576,0.09182928502559662,32.74342346191406,10.58657455444336,10.58657455444336,0,0.0,-0.002445806283503771,-0.0023094038479030132,0.241692453622818,-5.561288833618164,-1.3786165714263916,-1.3786165714263916,0
99,1.65,1,1,spm1_platform_joint_y,0,,0,flat,0,6.021945953369141,4.771722316741943,0.14478826522827148,0.2,0.0,0.0,-0.012057337909936905,-0.014021684415638447,-0.10691800713539124,-10.250995635986328,1.756364345550537,1.756364345550537,0,-0.09358596056699753,-0.0349278561770916,-0.0305210892111063,0.02010624296963215,27.735254287719727,-4.573086738586426,-4.573086738586426,0,0.0,0.002479369519278407,0.0014565503224730492,0.03779882937669754,-5.2107014656066895,-1.3455677032470703,-1.3455677032470703,0,0.0,0.001955070300027728,0.0041033257730305195,0.006385132670402527,-14.416435241699219,-2.0495524406433105,-2.0495524406433105,0,0.0,-0.024483639746904373,-0.029801547527313232,0.05798938125371933,18.78311538696289,6.594038009643555,6.594038009643555,0,0.0,-0.0015258047496899962,-0.0017222666647285223,0.4942116141319275,67.1127700805664,2.6961355209350586,2.6961355209350586,0
99,1.65,2,2,spm1_platform_joint_x,0,,0,flat,0,5.378509044647217,3.5163018703460693,0.1452108770608902,0.2,0.0,0.0,0.020040705800056458,0.026398280635476112,0.09538159519433975,-23.389820098876953,-7.519477844238281,-7.519477844238281,0,0.0,0.00654634041711688,0.006481470074504614,0.1267770528793335,7.538298606872559,-0.3614679276943207,-0.3614679276943207,0,-0.09358596056699753,-0.008518615737557411,0.0012333703925833106,0.0869603231549263,49.76962661743164,-6.011470794677734,-6.011470794677734,0,0.0,0.00260898657143116,0.000884661334566772,-0.15766024589538574,-3.000544309616089,1.1995142698287964,1.1995142698287964,0,0.0,0.005513773765414953,0.005762482061982155,-0.20214048027992249,-10.897209167480469,-0.48907470703125,-0.48907470703125,0,0.0,-0.003296719864010811,-0.0020153368823230267,0.42436927556991577,100.92464447021484,6.968152046203613,6.968152046203613,0
99,1.65,3,3,spm2_platform_joint_z,0,,0,flat,0,6.141891956329346,4.360098361968994,0.14488884806632996,0.2,0.0,0.0,0.017878372222185135,0.02178926207125187,0.33063337206840515,48.63746643066406,-1.732982873916626,-1.732982873916626,0,0.0,0.007117872126400471,-0.0006539957248605788,0.42322617769241333,98.04296875,8.875722885131836,8.875722885131836,0,0.0,-0.003001328557729721,0.0041574882343411446,0.3952968716621399,-19.924785614013672,-9.739925384521484,-9.739925384521484,0,-0.09358596056699753,-0.020551573485136032,-0.01764237880706787,-0.6115148067474365,-22.650449752807617,-3.8391714096069336,-3.8391714096069336,0,0.0,-0.00029073061887174845,0.0007967502460815012,-0.11641529947519302,-62.29447555541992,-5.041342735290527,-5.041342735290527,0,0.0,-0.007050553802400827,-0.002870337339118123,0.23487713932991028,-11.68474292755127,-5.062671184539795,-5.062671184539795,0
99,1.65,4,4,spm2_platform_joint_y,0,,0,flat,0,5.163821220397949,5.094014644622803,0.14625284075737,0.2,0.0,0.0,0.011675914749503136,0.013005327433347702,0.022902071475982666,4.395694732666016,-1.1056978702545166,-1.1056978702545166,0,0.0,-0.004041221458464861,-0.006688831374049187,-0.18792305886745453,-6.1978840827941895,2.6468045711517334,2.6468045711517334,0,0.0,0.006081737577915192,0.003909633960574865,-0.20663808286190033,6.891211986541748,3.402926445007324,3.402926445007324,0,0.0,-0.008940509520471096,-0.007584386505186558,-0.06611935794353485,-35.81037139892578,-3.435377836227417,-3.435377836227417,0,-0.09358596056699753,-0.02314092591404915,-0.017763575538992882,-0.09248420596122742,49.38253402709961,-2.191196918487549,-2.191196918487549,0,0.0,0.0027289888821542263,0.0037708801683038473,0.055230285972356796,36.5567512512207,3.7351107597351074,3.7351107597351074,0
99,1.65,5,5,spm2_platform_joint_x,0,,0,flat,0,5.423793792724609,4.566239356994629,0.1449785828590393,0.2,0.0,0.0,0.03107096441090107,0.03858036547899246,0.43095138669013977,38.452491760253906,-6.775245666503906,-6.775245666503906,0,0.0,-0.009284204803407192,-0.008561497554183006,0.08270263671875,6.69890832901001,0.7836170792579651,0.7836170792579651,0,0.0,0.0009782458655536175,0.0016288774786517024,-0.474375456571579,-76.09732055664062,-2.0385756492614746,-2.0385756492614746,0,0.0,0.01970931887626648,0.02011019177734852,-0.21151381731033325,-1.2420326471328735,0.38951194286346436,0.38951194286346436,0,0.0,-0.00950532779097557,-0.00993739441037178,-0.02172072045505047,-17.73619270324707,-1.3468611240386963,-1.3468611240386963,0,-0.09358596056699753,-0.01442229188978672,-0.002815904328599572,-0.17178337275981903,-30.63071632385254,-13.647729873657227,-13.647729873657227,0
100,1.6666666666666667,0,0,spm1_platform_joint_z,0,,0,flat,0,4.854429721832275,4.910521984100342,0.15110045671463013,0.2,0.0,-0.10000000149011612,0.006475731730461121,0.014257137663662434,-0.7160411477088928,-38.59330368041992,-8.658552169799805,-8.658552169799805,0,0.0,0.0028562266379594803,0.0029953739140182734,0.30139172077178955,23.095623016357422,-1.9972606897354126,-1.9972606897354126,0,0.0,-0.00019177333160769194,-0.0005523594445548952,-0.19053448736667633,-39.58950424194336,-1.8942363262176514,-1.8942363262176514,0,0.0,0.06488066911697388,0.07107767462730408,0.12816335260868073,84.02137756347656,-1.62432861328125,-1.62432861328125,0,0.0,-0.021627945825457573,-0.03416737914085388,0.24621805548667908,58.76641082763672,10.789134979248047,10.789134979248047,0,0.0,-0.0020014832261949778,-0.0008498030947521329,0.46109357476234436,128.1769561767578,8.407095909118652,8.407095909118652,0
100,1.6666666666666667,1,1,spm1_platform_joint_y,0,,0,flat,0,6.040200233459473,4.772106170654297,0.14487826824188232,0.2,0.0,0.0,-0.012152126058936119,-0.014965017326176167,-0.021372567862272263,8.246338844299316,3.3152971267700195,3.3152971267700195,0,-0.10000000149011612,-0.03978494554758072,-0.034886058419942856,-0.07994825392961502,16.16632080078125,-4.917420387268066,-4.917420387268066,0,0.0,0.0012623436050489545,0.0038414467126131058,-0.08882325887680054,-55.28813171386719,-5.501673698425293,-5.501673698425293,0,0.0,0.0035562156699597836,0.0028955971356481314,0.05317341908812523,24.562198638916016,1.7093652486801147,1.7093652486801147,0,0.0,-0.025828007608652115,-0.033547692000865936,-0.09801112115383148,-3.3984920978546143,6.577207565307617,6.577207565307617,0,0.0,-0.0014926311559975147,-0.0009022897575050592,-0.4336588978767395,-93.44110870361328,-5.913085460662842,-5.913085460662842,0
100,1.6666666666666667,2,2,spm1_platform_joint_x,0,,0,flat,0,5.395345687866211,3.5164055824279785,0.1454181969165802,0.2,0.0,0.0,0.022878509014844894,0.02876567468047142,0.026335937902331352,-15.778509140014648,-6.679839611053467,-6.679839611053467,0,0.0,0.005617273971438408,0.006113022565841675,0.012044642120599747,-0.9456069469451904,-0.8057149648666382,-0.8057149648666382,0,-0.10000000149011612,-0.012264413759112358,0.0007145266281440854,-0.03689485788345337,-12.92245864868164,-14.980871200561523,-14.980871200561523,0,0.0,0.0007667064783163369,0.0008495917427353561,0.19624650478363037,28.216259002685547,0.9712740778923035,0.9712740778923035,0,0.0,0.004994151182472706,0.0037248011212795973,0.3435761332511902,58.327152252197266,2.103631019592285,2.103631019592285,0,0.0,-0.0017466252902522683,-0.003135515609756112,-0.11742039769887924,-10.108614921569824,1.0895938873291016,1.0895938873291016,0
100,1.6666666666666667,3,3,spm2_platform_joint_z,0,,0,flat,0,6.1615777015686035,4.361994743347168,0.14501917362213135,0.2,0.0,0.0,0.018884027376770973,0.02219260297715664,-0.07407408207654953,2.6081299781799316,-2.88118052482605,-2.88118052482605,0,0.0,-0.0005667962832376361,-0.008362478576600552,0.09201980382204056,3.939605236053467,2.865211009979248,2.865211009979248,0,0.0,0.0036031564231961966,0.005955974105745554,0.16788391768932343,-15.148750305175781,-3.6564769744873047,-3.6564769744873047,0,-0.10000000149011612,-0.028623394668102264,-0.022702757269144058,-0.1078624352812767,28.816177368164062,-3.668801784515381,-3.668801784515381,0,0.0,0.0006905168993398547,-0.0034731009509414434,0.5307524800300598,68.4870376586914,3.8701868057250977,3.8701868057250977,0,0.0,-0.0024876256939023733,-0.0028264436405152082,0.13873235881328583,1.6303879022598267,-2.978820323944092,-2.978820323944092,0
100,1.6666666666666667,4,4,spm2_platform_joint_y,0,,0,flat,0,5.181302070617676,5.0925679206848145,0.14602816104888916,0.2,0.0,0.0,0.011271283961832523,0.01580585539340973,0.03302714228630066,-25.246028900146484,-6.095643043518066,-6.095643043518066,0,0.0,-0.005796987097710371,-0.012655413709580898,-0.35711678862571716,2.433732748031616,7.855049133300781,7.855049133300781,0,0.0,0.0033883494324982166,0.004287737887352705,-0.0803648978471756,14.810829162597656,0.024056196212768555,0.024056196212768555,0,0.0,-0.006573135033249855,-0.008865580894052982,0.11111579835414886,29.574180603027344,3.7881617546081543,3.7881617546081543,0,-0.10000000149011612,-0.028728432953357697,-0.0171562060713768,-0.06135381758213043,-25.1652774810791,-13.312575340270996,-13.312575340270996,0,0.0,0.0032680961303412914,-8.646860806038603e-05,-0.10760331153869629,13.932795524597168,4.204796314239502,4.204796314239502,0
100,1.6666666666666667,5,5,spm2_platform_joint_x,0,,0,flat,0,5.441895484924316,4.565898418426514,0.14506101608276367,0.2,0.0,0.0,0.03343631699681282,0.04594530537724495,0.35010266304016113,-9.631619453430176,-13.988492012023926,-13.988492012023926,0,0.0,-0.007419964298605919,-0.009876750409603119,0.33008337020874023,44.7690544128418,2.6958446502685547,2.6958446502685547,0,0.0,0.0014116937527433038,-0.0016849343664944172,0.029795516282320023,16.685543060302734,3.949759006500244,3.949759006500244,0,0.0,0.01742883212864399,0.015507510863244534,-0.2924259901046753,-13.31540298461914,1.400454044342041,1.400454044342041,0,0.0,-0.008612408302724361,-0.008871195837855339,0.055457837879657745,-10.694851875305176,-0.4321655035018921,-0.4321655035018921,0,-0.10000000149011612,-0.01577378436923027,-0.0038554687052965164,-0.01575552299618721,-17.503293991088867,-11.887985229492188,-11.887985229492188,0
101,1.6833333333333333,0,0,spm1_platform_joint_z,0,,0,flat,0,4.869098663330078,4.914591312408447,0.15140965580940247,0.2,0.0,-0.10627971589565277,-0.001814444549381733,0.006139255128800869,-0.4893207848072052,-8.55919361114502,-7.383309841156006,-7.383309841156006,0,0.0,0.002595990663394332,0.0020371677819639444,-0.1635940670967102,15.578198432922363,1.8402299880981445,1.8402299880981445,0,0.0,-0.00047871150309219956,0.0003593892033677548,0.19179503619670868,18.746816635131836,-0.21309509873390198,-0.21309509873390198,0,0.0,0.06160065159201622,0.06525404006242752,-0.4564194679260254,13.975739479064941,-2.4209814071655273,-2.4209814071655273,0,0.0,-0.029611729085445404,-0.030727142468094826,0.26353490352630615,19.694461822509766,1.6222689151763916,1.6222689151763916,0,0.0,-0.0007364960038103163,-0.003240317339077592,-0.03165082633495331,76.91658782958984,5.832832336425781,5.832832336425781,0
101,1.6833333333333333,1,1,spm1_platform_joint_y,0,,0,flat,0,6.057905197143555,4.772162437438965,0.14489835500717163,0.2,0.0,0.0,-0.01296968199312687,-0.01509013120085001,0.023046599701046944,5.785287857055664,2.1415834426879883,2.1415834426879883,0,-0.10627971589565277,-0.04440521448850632,-0.03838442265987396,0.17608733475208282,38.949676513671875,-5.587817668914795,-5.587817668914795,0,0.0,0.0033292537555098534,0.0023662266321480274,0.12405166774988174,20.87374496459961,0.9114823341369629,0.9114823341369629,0,0.0,0.0025095175951719284,0.004817887209355831,0.060175858438014984,-7.761730194091797,-2.3034982681274414,-2.3034982681274414,0,0.0,-0.029074665158987045,-0.0398637056350708,-0.45433202385902405,-17.510475158691406,10.603768348693848,10.603768348693848,0,0.0,-0.0007819844176992774,-0.003140384331345558,0.3522542119026184,70.88082885742188,5.813146591186523,5.813146591186523,0
101,1.6833333333333333,2,2,spm1_platform_joint_x,0,,0,flat,0,5.411973476409912,3.5168230533599854,0.14496541023254395,0.2,0.0,0.0,0.024930251762270927,0.030855778604745865,0.03474859520792961,-11.642396926879883,-6.35366153717041,-6.35366153717041,0,0.0,0.005297952797263861,0.0027553881518542767,-0.0817616805434227,14.040536880493164,2.6545770168304443,2.6545770168304443,0,-0.10627971589565277,-0.013551373034715652,1.1551177522051148e-05,-0.145752415060997,-19.75708770751953,-13.697844505310059,-13.697844505310059,0,0.0,0.0007363128243014216,0.0016619921661913395,0.03956332430243492,-3.406008005142212,-1.4852010011672974,-1.4852010011672974,0,0.0,0.0032281610183417797,0.004681391641497612,0.08304951339960098,3.023280620574951,-2.0543723106384277,-2.0543723106384277,0,0.0,-0.002717446768656373,-0.0038312734104692936,0.1202707588672638,20.431259155273438,2.1481428146362305,2.1481428146362305,0
101,1.6833333333333333,3,3,spm2_platform_joint_z,0,,0,flat,0,6.180976867675781,4.364177703857422,0.14463499188423157,0.2,0.0,0.0,0.019233588129281998,0.022239036858081818,-0.5793424844741821,-75.37714385986328,-3.687251567840576,-3.687251567840576,0,0.0,-0.007247481495141983,-0.009876513853669167,-0.01075214147567749,-2.3369388580322266,1.9650137424468994,1.9650137424468994,0,0.0,0.005161844193935394,0.007502498105168343,-0.14065152406692505,-28.649282455444336,-3.0533549785614014,-3.0533549785614014,0,-0.10627971589565277,-0.033846352249383926,-0.027484016492962837,0.19254951179027557,62.83769226074219,-5.555692195892334,-5.555692195892334,0,0.0,-0.003010020824149251,-0.004471115302294493,0.08841600269079208,-0.23541569709777832,-0.5155757665634155,-0.5155757665634155,0,0.0,-0.002449584426358342,-5.0728704081848264e-05,-0.2969447672367096,-62.434200286865234,-3.2437286376953125,-3.2437286376953125,0
101,1.6833333333333333,4,4,spm2_platform_joint_y,0,,0,flat,0,5.198832035064697,5.091190338134766,0.14597684144973755,0.2,0.0,0.0,0.013698408380150795,0.014203313738107681,-0.09428670257329941,28.475053787231445,1.3088514804840088,1.3088514804840088,0,0.0,-0.010968024842441082,-0.013563103973865509,0.14443548023700714,3.307163715362549,3.0083727836608887,3.0083727836608887,0,0.0,0.0037160394713282585,0.006503300275653601,-0.17835241556167603,-90.83231353759766,-6.601964950561523,-6.601964950561523,0,0.0,-0.007683503441512585,-0.005184880457818508,0.19600625336170197,-24.267305374145508,-4.135499954223633,-4.135499954223633,0,-0.10627971589565277,-0.02903934195637703,-0.02307639643549919,-0.5691691040992737,-20.742008209228516,-6.066344261169434,-6.066344261169434,0,0.0,-7.493946031900123e-05,0.0011209582444280386,-0.25589078664779663,-97.21125793457031,-5.510064125061035,-5.510064125061035,0
101,1.6833333333333333,5,5,spm2_platform_joint_x,0,,0,flat,0,5.46008825302124,4.565663814544678,0.14555931091308594,0.2,0.0,0.0,0.03981926292181015,0.05332477390766144,0.12516219913959503,-76.30484771728516,-17.865219116210938,-17.865219116210938,0,0.0,-0.008559850044548512,-0.005215395241975784,-0.19903767108917236,-29.076730728149414,-3.06843638420105,-3.06843638420105,0,0.0,-0.0014602764276787639,-0.002447333885356784,-0.07462240010499954,24.868370056152344,2.7495412826538086,2.7495412826538086,0,0.0,0.013439842499792576,0.01113822590559721,-0.0014886590652167797,50.4753532409668,5.06547737121582,5.06547737121582,0,0.0,-0.0076883696019649506,-0.004840910900384188,-0.1098053976893425,-30.330516815185547,-2.644569158554077,-2.644569158554077,0,-0.10627971589565277,-0.017512034624814987,-0.004844206850975752,0.016075804829597473,16.948326110839844,-11.465568542480469,-11.465568542480469,0
102,1.7,0,0,spm1_platform_joint_z,0,,0,flat,0,4.883861541748047,4.918652057647705,0.15013062953948975,0.2,0.0,-0.11241667717695236,-0.009668204002082348,-0.0026350519619882107,-0.5062500238418579,8.584863662719727,-5.705634117126465,-5.705634117126465,0,0.0,0.0017655454576015472,0.0011619934812188148,-0.2229580134153366,-20.941814422607422,0.5807749629020691,0.5807749629020691,0,0.0,0.00031147064873948693,0.0021014180965721607,0.1062353178858757,-3.301832437515259,-2.580904960632324,-2.580904960632324,0,0.0,0.05655350163578987,0.05822308361530304,-0.4288795590400696,-2.4432742595672607,-0.9483036994934082,-0.9483036994934082,0,0.0,-0.026630189269781113,-0.026549484580755234,0.18718840181827545,-15.343253135681152,-1.4465163946151733,-1.4465163946151733,0,0.0,-0.002808274934068322,-0.004117898643016815,-0.2336636483669281,-23.238576889038086,1.1170207262039185,1.1170207262039185,0
102,1.7,1,1,spm1_platform_joint_y,0,,0,flat,0,6.07534122467041,4.771684646606445,0.144993856549263,0.2,0.0,0.0,-0.0130781140178442,-0.01410636305809021,0.06784746050834656,-6.32668924331665,0.6367619037628174,0.6367619037628174,0,-0.11241667717695236,-0.04825539141893387,-0.04447252303361893,0.1007571592926979,29.280323028564453,-4.602642059326172,-4.602642059326172,0,0.0,0.002050729701295495,0.003693090286105871,0.2883528470993042,-20.68465232849121,-3.5192742347717285,-3.5192742347717285,0,0.0,0.0041755023412406445,0.003791653085500002,-0.2694319486618042,-10.396891593933105,0.09206438064575195,0.09206438064575195,0,0.0,-0.03454854339361191,-0.045496609061956406,0.03372232988476753,35.21174240112305,10.665706634521484,10.665706634521484,0,0.0,-0.002721666358411312,0.0006499206065200269,0.21404078602790833,-10.273283004760742,-5.035010814666748,-5.035010814666748,0
102,1.7,2,2,spm1_platform_joint_x,0,,0,flat,0,5.428036689758301,3.5168612003326416,0.14501142501831055,0.2,0.0,0.0,0.026741674169898033,0.032401204109191895,0.06065711751580238,-4.092800140380859,-5.538270473480225,-5.538270473480225,0,0.0,0.00238800304941833,0.00157646753359586,0.24101321399211884,22.288341522216797,0.4771919250488281,0.4771919250488281,0,-0.11241667717695236,-0.014978880062699318,0.001188926980830729,0.1349913477897644,-5.695305824279785,-16.258129119873047,-16.258129119873047,0,0.0,0.0014403931563720107,0.0010579368099570274,-0.07534721493721008,0.7175356149673462,0.4594450891017914,0.4594450891017914,0,0.0,0.004057206213474274,0.0007811676478013396,-0.08825107663869858,20.400842666625977,3.485936403274536,3.485936403274536,0,0.0,-0.0033204369246959686,-0.0026726466603577137,0.0018887771293520927,-50.03901290893555,-5.009105682373047,-5.009105682373047,0
102,1.7,3,3,spm2_platform_joint_z,0,,0,flat,0,6.200557231903076,4.366997241973877,0.14478600025177002,0.2,0.0,0.0,0.019273832440376282,0.017797080799937248,-0.042736925184726715,44.27350616455078,3.946915626525879,3.946915626525879,0,0.0,-0.008559645153582096,-0.010255884379148483,0.08412083238363266,48.70612716674805,4.648241996765137,4.648241996765137,0,0.0,0.006502164993435144,0.0039000259712338448,-0.23095767199993134,-7.874906539916992,2.9155774116516113,2.9155774116516113,0,-0.11241667717695236,-0.038808371871709824,-0.028262346982955933,-0.2443610429763794,-49.654327392578125,-12.79487419128418,-12.79487419128418,0,0.0,-0.0038749666418880224,-0.005271321162581444,0.09785296022891998,5.769687652587891,0.3255908191204071,0.3255908191204071,0,0.0,-4.396487565827556e-05,-0.004728509113192558,-0.13712967932224274,32.435890197753906,7.4831743240356445,7.4831743240356445,0
102,1.7,4,4,spm2_platform_joint_y,0,,0,flat,0,5.216042518615723,5.089954853057861,0.14652897417545319,0.2,0.0,0.0,0.012309538200497627,0.016023211181163788,0.07185081392526627,-23.75200080871582,-5.02421760559082,-5.02421760559082,0,0.0,-0.011754689738154411,-0.017615722492337227,-0.1782587766647339,-2.934386730194092,5.339428424835205,5.339428424835205,0,0.0,0.005636193323880434,0.0048896549269557,-0.09517067670822144,4.408788204193115,0.9703808426856995,0.9703808426856995,0,0.0,-0.00449356297031045,-0.004823463503271341,0.07797811180353165,12.970338821411133,0.8233428001403809,0.8233428001403809,0,-0.11241667717695236,-0.03498843312263489,-0.02656439319252968,-0.1116008535027504,-17.157913208007812,-10.121071815490723,-10.121071815490723,0,0.0,0.0009714971529319882,-0.00017650284280534834,-0.12168347090482712,28.205612182617188,2.475790500640869,2.475790500640869,0
102,1.7,5,5,spm2_platform_joint_x,0,,0,flat,0,5.477804183959961,4.565714359283447,0.14520364999771118,0.2,0.0,0.0,0.04621480405330658,0.05533556640148163,0.024003660306334496,-35.11393737792969,-10.867401123046875,-10.867401123046875,0,0.0,-0.004520009271800518,-0.004111829213798046,0.16953274607658386,-33.509376525878906,-3.268968343734741,-3.268968343734741,0,0.0,-0.00212102266959846,-0.0024597826413810253,-0.012316036969423294,30.410961151123047,2.3294484615325928,2.3294484615325928,0,0.0,0.009653128683567047,0.009121017530560493,-0.0671701654791832,31.240571975708008,2.2961881160736084,2.2961881160736084,0,0.0,-0.004195455927401781,-0.005455660168081522,-0.0657360777258873,7.165860176086426,1.7517106533050537,1.7517106533050537,0,-0.11241667717695236,-0.01918720453977585,-0.006900283508002758,-0.41091254353523254,-15.296609878540039,-12.611637115478516,-12.611637115478516,0
103,1.7166666666666666,0,0,spm1_platform_joint_z,0,,0,flat,0,4.898734092712402,4.922810077667236,0.14783117175102234,0.2,0.0,-0.1184026375412941,-0.018070731312036514,-0.010590785183012486,-0.44086191058158875,-2.4032235145568848,-6.727026462554932,-6.727026462554932,0,0.0,0.0010070609860122204,-0.002645262284204364,-0.3828986883163452,7.5446319580078125,5.132221221923828,5.132221221923828,0,0.0,0.001821229001507163,0.0023303006310015917,-0.0015355730429291725,-12.13792610168457,-1.420369029045105,-1.420369029045105,0,0.0,0.050460003316402435,0.05273454636335373,-0.31675204634666443,-2.8863322734832764,-1.9648237228393555,-1.9648237228393555,0,0.0,-0.02300955355167389,-0.018383795395493507,0.5271763801574707,-9.447312355041504,-5.203519821166992,-5.203519821166992,0,0.0,-0.003568845335394144,-0.001846536062657833,0.09111856669187546,-39.18511199951172,-3.691908359527588,-3.691908359527588,0
103,1.7166666666666666,1,1,spm1_platform_joint_y,0,,0,flat,0,6.092459201812744,4.771623611450195,0.14451313018798828,0.2,0.0,0.0,-0.012225514277815819,-0.01219196803867817,-0.06329236179590225,-34.689292907714844,-1.3361272811889648,-1.3361272811889648,0,-0.1184026375412941,-0.054329872131347656,-0.05125579610466957,0.03732791915535927,53.19342803955078,-2.0029454231262207,-2.0029454231262207,0,0.0,0.0032006781548261642,0.002193230437114835,-0.5480524301528931,-50.43780517578125,-1.1344000101089478,-1.1344000101089478,0,0.0,0.0032860992942005396,0.003156133461743593,0.3487127423286438,55.98583984375,1.9677892923355103,1.9677892923355103,0,0.0,-0.039430394768714905,-0.04744222015142441,0.1234946921467781,-8.352256774902344,5.614067077636719,5.614067077636719,0,0.0,0.0005632645334117115,-0.002566632814705372,-0.01897159218788147,-28.834169387817383,0.8826563358306885,0.8826563358306885,0
103,1.7166666666666666,2,2,spm1_platform_joint_x,0,,0,flat,0,5.443953514099121,3.5171918869018555,0.1450989544391632,0.2,0.0,0.0,0.02808104269206524,0.03354610130190849,0.0014823938254266977,-13.62130355834961,-6.2440900802612305,-6.2440900802612305,0,0.0,0.0013662718702107668,0.0009919124422594905,-0.04839885234832764,-2.4018430709838867,-0.2936869263648987,-0.2936869263648987,0,-0.1184026375412941,-0.014756615273654461,0.001553012290969491,0.09132389724254608,-16.38873863220215,-17.512569427490234,-17.512569427490234,0,0.0,0.0009168785763904452,0.0005411450401879847,-0.054310210049152374,10.991215705871582,1.332440733909607,1.332440733909607,0,0.0,0.0006770119653083384,-0.0002963535953313112,0.01986864022910595,3.14617657661438,0.12570855021476746,0.12570855021476746,0,0.0,-0.0023162937723100185,-0.0027870084159076214,0.2152068167924881,36.991859436035156,2.130077362060547,2.130077362060547,0
103,1.7166666666666666,3,3,spm2_platform_joint_z,0,,0,flat,0,6.219756603240967,4.369245529174805,0.14482951164245605,0.2,0.0,0.0,0.015424136072397232,0.018408549949526787,-0.03262270987033844,-13.260041236877441,-3.146697521209717,-3.146697521209717,0,0.0,-0.008888432756066322,-0.010037081316113472,0.09464550763368607,-5.100335597991943,0.17492592334747314,0.17492592334747314,0,0.0,0.0033800224773585796,0.0006408886983990669,0.1267315298318863,114.23234558105469,9.4473295211792,9.4473295211792,0,-0.1184026375412941,-0.04028105363249779,-0.03406777232885361,-0.10100102424621582,31.78546142578125,-5.362569332122803,-5.362569332122803,0,0.0,-0.004568478092551231,-0.008615800179541111,0.6203410029411316,74.19149017333984,2.7762274742126465,2.7762274742126465,0,0.0,-0.004098040983080864,-0.0003126453375443816,-0.040704820305109024,0.5972000956535339,0.13749581575393677,0.13749581575393677,0
103,1.7166666666666666,4,4,spm2_platform_joint_y,0,,0,flat,0,5.233187198638916,5.0888671875,0.14608705043792725,0.2,0.0,0.0,0.01388678327202797,0.016061045229434967,-0.0616254061460495,1.1773645877838135,-1.9688154458999634,-1.9688154458999634,0,0.0,-0.015266959555447102,-0.02283271960914135,-0.19127513468265533,26.690187454223633,9.238544464111328,9.238544464111328,0,0.0,0.004237700719386339,0.004774885252118111,-0.06761933863162994,-8.526877403259277,-0.6727771162986755,-0.6727771162986755,0,0.0,-0.004180334974080324,-0.003655359847471118,-0.0045248884707689285,-17.334400177001953,-1.4675345420837402,-1.4675345420837402,0,-0.1184026375412941,-0.03880949318408966,-0.03046877309679985,0.04727970063686371,34.62653732299805,-7.109621524810791,-7.109621524810791,0,0.0,-0.00015296912170015275,0.0009389244369231164,0.14338091015815735,-6.300192356109619,-0.7915663719177246,-0.7915663719177246,0
103,1.7166666666666666,5,5,spm2_platform_joint_x,0,,0,flat,0,5.495090007781982,4.565958023071289,0.14510981738567352,0.2,0.0,0.0,0.047957491129636765,0.055539146065711975,-0.1638517677783966,-26.058507919311523,-9.063604354858398,-9.063604354858398,0,0.0,-0.003563585225492716,-0.003948434256017208,0.007710438221693039,0.6037634611129761,0.4181700050830841,0.4181700050830841,0,0.0,-0.002131811575964093,0.0020336098968982697,0.2594403624534607,-45.90049362182617,-6.894087791442871,-6.894087791442871,0,0.0,0.007904881611466408,0.004426156636327505,-0.22644630074501038,24.614246368408203,4.917128086090088,4.917128086090088,0,0.0,-0.00472823902964592,-0.004489734303206205,0.11502613872289658,16.576045989990234,-0.1935359686613083,-0.1935359686613083,0,-0.1184026375412941,-0.0217672660946846,-0.001388300210237503,0.23558777570724487,-38.275787353515625,-22.5723876953125,-22.5723876953125,0
104,1.7333333333333334,0,0,spm1_platform_joint_z,0,,0,flat,0,4.913906097412109,4.926818370819092,0.14627070724964142,0.2,0.0,-0.1242295578122139,-0.02574262209236622,-0.01780438795685768,-0.41945067048072815,-19.42631721496582,-8.158777236938477,-8.158777236938477,0,0.0,-0.0022925606463104486,-0.004464019555598497,-0.008274532854557037,0.7890295386314392,2.654796600341797,2.654796600341797,0,0.0,0.002019593957811594,-0.0020618499256670475,-0.023144003003835678,174.63751220703125,15.634339332580566,15.634339332580566,0,0.0,0.04570327326655388,0.04970909282565117,-0.07432080805301666,16.91912078857422,-3.019214630126953,-3.019214630126953,0,0.0,-0.01593262329697609,-0.012383692897856236,0.09798038005828857,-4.418890953063965,-3.5613059997558594,-3.5613059997558594,0,0.0,-0.0016003312775865197,-0.0038111014291644096,0.1238153874874115,142.84555053710938,10.381340026855469,10.381340026855469,0
104,1.7333333333333334,1,1,spm1_platform_joint_y,0,,0,flat,0,6.109165668487549,4.771366119384766,0.14511176943778992,0.2,0.0,0.0,-0.01056637242436409,-0.01094903890043497,-0.02258787676692009,-24.151254653930664,-1.0353775024414062,-1.0353775024414062,0,-0.1242295578122139,-0.06098563224077225,-0.054514605551958084,-0.015238814055919647,-12.342856407165527,-9.081292152404785,-9.081292152404785,0,0.0,0.0019007996888831258,0.0025864127092063427,0.21657238900661469,26.937198638916016,3.603050470352173,3.603050470352173,0,0.0,0.002735315589234233,0.004153141286224127,-0.16680079698562622,-4.309192180633545,-1.4586306810379028,-1.4586306810379028,0,0.0,-0.04111659154295921,-0.05379953607916832,0.03301181271672249,47.050716400146484,14.348939895629883,14.348939895629883,0,0.0,-0.002224415075033903,-0.0005821461672894657,-0.08303196728229523,-59.31776809692383,-4.293502330780029,-4.293502330780029,0
104,1.7333333333333334,2,2,spm1_platform_joint_x,0,,0,flat,0,5.459464073181152,3.517228364944458,0.14490655064582825,0.2,0.0,0.0,0.029073286801576614,0.034104686230421066,0.07716405391693115,15.21265983581543,-4.2990827560424805,-4.2990827560424805,0,0.0,0.0008596574189141393,-0.0015209326520562172,-0.09645022451877594,0.14085441827774048,2.24765944480896,2.24765944480896,0,-0.1242295578122139,-0.015217997133731842,0.0022829908411949873,-0.341413289308548,-42.3309211730957,-17.505537033081055,-17.505537033081055,0,0.0,0.0004689923662226647,-0.0005432564066722989,0.02485075034201145,12.038772583007812,1.3815895318984985,1.3815895318984985,0,0.0,-0.0002568397903814912,-0.0013844567583873868,0.16034850478172302,20.021385192871094,1.1035462617874146,1.1035462617874146,0,0.0,-0.0024154072161763906,-0.0028881982434540987,-0.2350185364484787,-25.16282844543457,-1.4357619285583496,-1.4357619285583496,0
104,1.7333333333333334,3,3,spm2_platform_joint_z,0,,0,flat,0,6.238800525665283,4.371708869934082,0.14479735493659973,0.2,0.0,0.0,0.01595407724380493,0.02068832330405712,0.14677810668945312,-4.14141845703125,-5.076009750366211,-5.076009750366211,0,0.0,-0.008698803372681141,-0.010240940377116203,0.2566218972206116,37.2063102722168,2.719438076019287,2.719438076019287,0,0.0,0.0005554368835873902,0.003241741331294179,-0.10285843163728714,-34.20315170288086,-3.37187123298645,-3.37187123298645,0,-0.1242295578122139,-0.04608934372663498,-0.03920687735080719,-0.2050800323486328,20.888446807861328,-5.890920639038086,-5.890920639038086,0,0.0,-0.007467026822268963,-0.008609116077423096,-0.12054836004972458,-41.8867301940918,-2.67254376411438,-2.67254376411438,0,0.0,-0.0002709592808969319,-0.0024825159925967455,-0.4480653405189514,-37.33304214477539,2.079735279083252,2.079735279083252,0
104,1.7333333333333334,4,4,spm2_platform_joint_y,0,,0,flat,0,5.2501630783081055,5.088026523590088,0.1455366462469101,0.2,0.0,0.0,0.013919572345912457,0.01677398756146431,0.1153600737452507,18.325672149658203,-2.1375927925109863,-2.1375927925109863,0,0.0,-0.019788356497883797,-0.027669088914990425,-0.3872929811477661,-7.316501140594482,9.040746688842773,9.040746688842773,0,0.0,0.004138234071433544,0.0027147771324962378,0.2840709984302521,92.72112274169922,4.7068657875061035,4.7068657875061035,0,0.0,-0.00316797848790884,-0.0020385929383337498,0.018779469653964043,-19.489225387573242,-1.572403907775879,-1.572403907775879,0,-0.1242295578122139,-0.042970210313797,-0.030355297029018402,-0.10898594558238983,-18.95350456237793,-11.934060096740723,-11.934060096740723,0,0.0,0.0008137344848364592,-0.0005320572527125478,-0.0007898882031440735,10.466656684875488,1.8586621284484863,1.8586621284484863,0
104,1.7333333333333334,5,5,spm2_platform_joint_x,0,,0,flat,0,5.511902809143066,4.56624698638916,0.14505286514759064,0.2,0.0,0.0,0.04813392460346222,0.053743138909339905,-0.1931300163269043,-7.96067476272583,-5.465864658355713,-5.465864658355713,0,0.0,-0.0034219762310385704,-0.0029185593593865633,-0.025641709566116333,-11.863920211791992,-0.6930994391441345,-0.6930994391441345,0,0.0,0.0017624618485569954,0.0025179365184158087,-0.36006608605384827,-37.98651123046875,-0.8394724130630493,-0.8394724130630493,0,0.0,0.0038360024336725473,0.0023920144885778427,0.08373650908470154,15.706356048583984,1.7757635116577148,1.7757635116577148,0,0.0,-0.003891102969646454,-0.003700641682371497,0.09921453893184662,14.870412826538086,0.3021969497203827,0.3021969497203827,0,-0.1242295578122139,-0.017767135053873062,-0.003105319105088711,-0.24246425926685333,17.565170288085938,-12.439088821411133,-12.439088821411133,0
105,1.75,0,0,spm1_platform_joint_z,0,,0,flat,0,4.929214954376221,4.9302473068237305,0.14534994959831238,0.2,0.0,-0.1298896074295044,-0.03274908661842346,-0.024108517915010452,-0.21300001442432404,23.24114227294922,-7.966915130615234,-7.966915130615234,0,0.0,-0.0038688168860971928,-0.00626205513253808,0.6401156783103943,87.86581420898438,2.7830402851104736,2.7830402851104736,0,0.0,-0.0017869365401566029,0.0003086121578235179,0.07112462818622589,-3.423222064971924,-1.4659417867660522,-1.4659417867660522,0,0.0,0.04308121278882027,0.04828905686736107,-0.2401581108570099,-20.70485496520996,-5.330220699310303,-5.330220699310303,0,0.0,-0.010732533410191536,-0.009273537434637547,-0.06483082473278046,-39.245338439941406,-2.696110725402832,-2.696110725402832,0,0.0,-0.003302954602986574,-0.004890148527920246,-0.035648006945848465,-3.8685271739959717,2.2531847953796387,2.2531847953796387,0
105,1.75,1,1,spm1_platform_joint_y,0,,0,flat,0,6.125678062438965,4.771424293518066,0.1447755992412567,0.2,0.0,0.0,-0.009489167481660843,-0.010357690043747425,-0.00021971820387989283,1.1966465711593628,1.6503150463104248,1.6503150463104248,0,-0.1298896074295044,-0.06456460803747177,-0.05935695767402649,0.02716846391558647,14.064776420593262,-6.359737396240234,-6.359737396240234,0,0.0,0.0022415576968342066,0.003323742188513279,-0.2808065712451935,-57.268150329589844,-3.4513072967529297,-3.4513072967529297,0,0.0,0.0035993889905512333,0.002347630215808749,0.07537633925676346,22.106029510498047,1.5828500986099243,1.5828500986099243,0,0.0,-0.0466262623667717,-0.05933978781104088,0.3396797478199005,62.080406188964844,12.619998931884766,12.619998931884766,0,0.0,-0.0005045266589149833,-0.003435296006500721,-0.17597799003124237,0.6437265872955322,3.169745445251465,3.169745445251465,0
105,1.75,2,2,spm1_platform_joint_x,0,,0,flat,0,5.474827289581299,3.5174803733825684,0.14502005279064178,0.2,0.0,0.0,0.029557393863797188,0.035636309534311295,0.19830681383609772,22.661197662353516,-5.093063831329346,-5.093063831329346,0,0.0,-0.0013181415852159262,-0.0031383205205202103,0.07419697195291519,2.1532254219055176,1.0686986446380615,1.0686986446380615,0,-0.1298896074295044,-0.015340023674070835,-0.0005534780211746693,0.1785033792257309,29.07231330871582,-14.587672233581543,-14.587672233581543,0,0.0,-0.00047082221135497093,0.0002188125072279945,-0.1366558074951172,-25.923736572265625,-1.4605896472930908,-1.4605896472930908,0,0.0,-0.0011998624540865421,-0.004518828354775906,0.1836881935596466,38.68095016479492,3.077737331390381,3.077737331390381,0,0.0,-0.002503105206415057,-0.0033982335589826107,0.30222928524017334,23.242374420166016,0.7682312726974487,0.7682312726974487,0
105,1.75,3,3,spm2_platform_joint_z,0,,0,flat,0,6.2576494216918945,4.373784065246582,0.1450289785861969,0.2,0.0,0.0,0.01792987994849682,0.02529730834066868,0.2899850308895111,16.525541305541992,-5.713757038116455,-5.713757038116455,0,0.0,-0.00887548178434372,-0.009610401466488838,-0.011566957458853722,-21.501359939575195,-1.3301372528076172,-1.3301372528076172,0,0.0,0.0028095091693103313,0.0004050910647492856,-0.20383355021476746,-42.847415924072266,-2.34647274017334,-2.34647274017334,0,-0.1298896074295044,-0.05129791051149368,-0.04479489102959633,-0.38997793197631836,-10.487351417541504,-6.721072196960449,-6.721072196960449,0,0.0,-0.007461233995854855,-0.009771189652383327,0.08243340998888016,16.663389205932617,3.4613990783691406,3.4613990783691406,0,0.0,-0.0021515139378607273,-0.0019202446565032005,-0.3676462471485138,-44.962867736816406,-1.1690795421600342,-1.1690795421600342,0
105,1.75,4,4,spm2_platform_joint_y,0,,0,flat,0,5.267020225524902,5.087155342102051,0.14506879448890686,0.2,0.0,0.0,0.014537455514073372,0.017587820068001747,-0.3024853765964508,-40.7234001159668,-3.470970392227173,-3.470970392227173,0,0.0,-0.023979876190423965,-0.03277648612856865,0.17535415291786194,63.06440734863281,10.080578804016113,10.080578804016113,0,0.0,0.0023528067395091057,0.003299635834991932,0.4917948246002197,57.558982849121094,-1.1791050434112549,-1.1791050434112549,0,0.0,-0.0017667805077508092,-0.0009009362547658384,0.2968836724758148,20.298171997070312,-1.3762097358703613,-1.3762097358703613,0,-0.1298896074295044,-0.043626539409160614,-0.03266161307692528,-0.12155795842409134,7.116182327270508,-10.083999633789062,-10.083999633789062,0,0.0,-0.00046111628762446344,0.001256419811397791,0.8045662641525269,106.74020385742188,1.5903373956680298,1.5903373956680298,0
105,1.75,5,5,spm2_platform_joint_x,0,,0,flat,0,5.528419494628906,4.566939830780029,0.1444045901298523,0.2,0.0,0.0,0.04657738655805588,0.05096356198191643,0.1789551079273224,54.58503341674805,-2.51739239692688,-2.51739239692688,0,0.0,-0.002529418095946312,-0.0024001365527510643,0.09293575584888458,16.617713928222656,0.3172692656517029,0.3172692656517029,0,0.0,0.0021822117269039154,0.00046990529517643154,0.09235531836748123,33.89796829223633,4.464144229888916,4.464144229888916,0,0.0,0.00207307911477983,0.001108371070586145,-0.49856194853782654,-68.87855529785156,-1.477419137954712,-1.477419137954712,0,0.0,-0.003207222791388631,-7.458114851033315e-05,-0.23226645588874817,-51.20600891113281,-3.0079174041748047,-3.0079174041748047,0,-0.1298896074295044,-0.02000989392399788,-0.003045280696824193,0.26131656765937805,50.62525177001953,-14.352644920349121,-14.352644920349121,0
106,1.7666666666666666,0,0,spm1_platform_joint_z,0,,0,flat,0,4.9450225830078125,4.933798789978027,0.1453889012336731,0.2,0.0,-0.13537518680095673,-0.038944073021411896,-0.03172827512025833,-0.45454755425453186,12.363714218139648,-5.734280109405518,-5.734280109405518,0,0.0,-0.00542711466550827,-0.0031976518221199512,-0.13678662478923798,-27.876073837280273,-3.3836381435394287,-3.3836381435394287,0,0.0,0.00026746385265141726,0.0012459013378247619,0.09302163124084473,33.868438720703125,2.9576544761657715,2.9576544761657715,0,0.0,0.04185051470994949,0.04636848717927933,-0.16057878732681274,-11.081191062927246,-5.331380844116211,-5.331380844116211,0,0.0,-0.008037066087126732,-0.007321284618228674,0.06685248017311096,3.7057461738586426,0.6536035537719727,0.6536035537719727,0,0.0,-0.004238128662109375,-0.0007439897744916379,0.34725072979927063,-10.079022407531738,-4.738467693328857,-4.738467693328857,0
106,1.7666666666666666,1,1,spm1_platform_joint_y,0,,0,flat,0,6.141979694366455,4.771275997161865,0.14495784044265747,0.2,0.0,0.0,-0.008976664394140244,-0.010999868623912334,0.11616392433643341,24.403827667236328,3.3034634590148926,3.3034634590148926,0,-0.13537518680095673,-0.06949272006750107,-0.06518544256687164,0.16994193196296692,41.656612396240234,-3.4370265007019043,-3.4370265007019043,0,0.0,0.0028805765323340893,0.0010482000652700663,-0.0010127043351531029,33.302547454833984,4.639064788818359,4.639064788818359,0,0.0,0.0020346129313111305,0.0029903999529778957,-0.20310746133327484,-47.231971740722656,-3.3140580654144287,-3.3140580654144287,0,0.0,-0.05142781510949135,-0.06387931853532791,-0.07131495326757431,-9.709375381469727,8.206514358520508,8.206514358520508,0,0.0,-0.002977256430312991,-0.0011718635214492679,-0.223134383559227,-7.807361602783203,-0.1947948932647705,-0.1947948932647705,0
106,1.7666666666666666,2,2,spm1_platform_joint_x,0,,0,flat,0,5.490021228790283,3.5175845623016357,0.14542393386363983,0.2,0.0,0.0,0.03088480234146118,0.03684330731630325,0.001823047874495387,-6.641630172729492,-6.26949405670166,-6.26949405670166,0,0.0,-0.002719877753406763,-0.004700946621596813,0.1304553598165512,8.017298698425293,0.6799744963645935,0.6799744963645935,0,-0.13537518680095673,-0.018529707565903664,0.001011196174658835,-0.005093206185847521,-6.286238193511963,-19.73629379272461,-19.73629379272461,0,0.0,0.00018963750335387886,-0.0006052168319001794,0.11320570856332779,25.002391815185547,1.820098638534546,1.820098638534546,0,0.0,-0.003916318062692881,-0.007446019444614649,0.13485096395015717,16.695655822753906,1.943407416343689,1.943407416343689,0,0.0,-0.0029451358132064342,-0.002053559757769108,-0.2662639319896698,-62.989784240722656,-4.102633476257324,-4.102633476257324,0
106,1.7666666666666666,3,3,spm2_platform_joint_z,0,,0,flat,0,6.276412487030029,4.375560760498047,0.14469307661056519,0.2,0.0,0.0,0.0219243336468935,0.031383637338876724,0.34518250823020935,-16.706783294677734,-10.651126861572266,-10.651126861572266,0,0.0,-0.008329014293849468,-0.013287950307130814,-0.18246307969093323,-26.03266143798828,2.1419975757598877,2.1419975757598877,0,0.0,0.00035107892472296953,0.001168874092400074,-0.18542955815792084,-19.21245002746582,0.006948903203010559,0.006948903203010559,0,-0.13537518680095673,-0.05687226355075836,-0.052503541111946106,-0.38522300124168396,22.78807258605957,-2.866884231567383,-2.866884231567383,0,0.0,-0.008468364365398884,-0.010817207396030426,0.3381146192550659,3.7847936153411865,0.4097170829772949,0.4097170829772949,0,0.0,-0.0016642119735479355,-0.004215950611978769,0.09763014316558838,52.28921890258789,6.5311479568481445,6.5311479568481445,0
106,1.7666666666666666,4,4,spm2_platform_joint_y,0,,0,flat,0,5.2836737632751465,5.086172103881836,0.1459207832813263,0.2,0.0,0.0,0.01524277776479721,0.016351519152522087,-0.07467040419578552,2.0519165992736816,0.5413049459457397,0.5413049459457397,0,0.0,-0.028406288474798203,-0.034088242799043655,0.00994984433054924,1.1427959203720093,4.350990295410156,4.350990295410156,0,0.0,0.002859684405848384,0.002068295842036605,-0.3945636451244354,-52.461875915527344,-0.5368847250938416,-0.5368847250938416,0,0.0,-0.0007808114169165492,0.0026383802760392427,0.2680104374885559,19.14842987060547,-3.7668614387512207,-3.7668614387512207,0,-0.13537518680095673,-0.04635675624012947,-0.04105832055211067,-0.09729424864053726,43.167999267578125,-3.287736415863037,-3.287736415863037,0,0.0,0.0010888971155509353,-0.0008249423117376864,-0.20948649942874908,-65.75952911376953,-5.422979354858398,-5.422979354858398,0
106,1.7666666666666666,5,5,spm2_platform_joint_x,0,,0,flat,0,5.544276714324951,4.567304611206055,0.14508870244026184,0.2,0.0,0.0,0.044168420135974884,0.04873519390821457,-0.2103460431098938,-12.08432388305664,-5.638004779815674,-5.638004779815674,0,0.0,-0.0020801182836294174,-0.0012231315486133099,0.06348470598459244,4.6202921867370605,-0.42839962244033813,-0.42839962244033813,0,0.0,0.0004072512383572757,0.002821893896907568,0.11839471012353897,-1.3846447467803955,-2.9630069732666016,-2.9630069732666016,0,0.0,0.0009605882223695517,-0.0024096155539155006,-0.1242198646068573,9.507027626037598,5.050867557525635,5.050867557525635,0,0.0,-6.463699537562206e-05,-0.0010589298326522112,-0.008099626749753952,-0.8870429396629333,0.7870895266532898,0.7870895266532898,0,-0.13537518680095673,-0.02068926952779293,-0.002905158791691065,0.0368504673242569,15.313817977905273,-17.5349063873291,-17.5349063873291,0
107,1.7833333333333332,0,0,spm1_platform_joint_z,0,,0,flat,0,4.960513114929199,4.937413215637207,0.14490583539009094,0.2,0.0,-0.14067894220352173,-0.04625502973794937,-0.03723392263054848,-0.3537329137325287,-6.910067558288574,-8.61180305480957,-8.61180305480957,0,0.0,-0.0027712981682270765,-0.0038068636786192656,-0.04929666966199875,-12.972465515136719,0.835782527923584,0.835782527923584,0,0.0,0.0010797812137752771,0.0009455070830881596,-0.011400742456316948,15.134862899780273,0.9437379837036133,0.9437379837036133,0,0.0,0.040186021476984024,0.04438822343945503,-0.08273986726999283,11.647656440734863,-3.4327030181884766,-3.4327030181884766,0,0.0,-0.0063451132737100124,-0.0036684428341686726,0.08051523566246033,-8.97634506225586,-3.211885452270508,-3.211885452270508,0,0.0,-0.0006447911146096885,-0.0034364950843155384,-0.06230592355132103,19.292381286621094,3.8538331985473633,3.8538331985473633,0
107,1.7833333333333332,1,1,spm1_platform_joint_y,0,,0,flat,0,6.15787410736084,4.771241664886475,0.14508068561553955,0.2,0.0,0.0,-0.009533219039440155,-0.009943854995071888,0.07263220101594925,3.4455928802490234,0.43581902980804443,0.43581902980804443,0,-0.14067894220352173,-0.07525124400854111,-0.06870829313993454,0.22601906955242157,24.376934051513672,-8.094573974609375,-8.094573974609375,0,0.0,0.0009084400371648371,0.0022148597054183483,0.11933945119380951,9.279581069946289,-1.0760382413864136,-1.0760382413864136,0,0.0,0.002591680036857724,0.0016782903112471104,-0.09248360246419907,-9.765304565429688,0.5377777814865112,0.5377777814865112,0,0.0,-0.05536207556724548,-0.07123401761054993,-0.03665157034993172,17.371967315673828,14.310084342956543,14.310084342956543,0,0.0,-0.0010156150674447417,-0.004430773202329874,-0.03158193826675415,22.754261016845703,4.736603736877441,4.736603736877441,0
107,1.7833333333333332,2,2,spm1_platform_joint_x,0,,0,flat,0,5.505212783813477,3.518083333969116,0.14529669284820557,0.2,0.0,0.0,0.031930867582559586,0.037793997675180435,-0.03869767114520073,-14.58065128326416,-6.2675933837890625,-6.2675933837890625,0,0.0,-0.0040741534903645515,-0.006124586332589388,0.09026385098695755,14.031808853149414,1.6565088033676147,1.6565088033676147,0,-0.14067894220352173,-0.017880821600556374,-0.0020087065640836954,-0.28775644302368164,14.34754753112793,-14.464360237121582,-14.464360237121582,0,0.0,-0.000524521223269403,0.001217220793478191,0.17740488052368164,6.825031757354736,-1.8800878524780273,-1.8800878524780273,0,0.0,-0.006453217007219791,-0.009128051809966564,0.20421817898750305,22.241788864135742,2.1421635150909424,2.1421635150909424,0,0.0,-0.00177975173573941,-0.00671001709997654,-0.24375659227371216,3.59261155128479,5.369898319244385,5.369898319244385,0
107,1.7833333333333332,3,3,spm2_platform_joint_z,0,,0,flat,0,6.295315742492676,4.377528667449951,0.14492540061473846,0.2,0.0,0.0,0.0271991528570652,0.03543117642402649,0.4813876450061798,-6.145824432373047,-11.414207458496094,-11.414207458496094,0,0.0,-0.011516223661601543,-0.018413327634334564,0.28756529092788696,66.99275207519531,9.258133888244629,9.258133888244629,0,0.0,0.0010130242444574833,0.001144986948929727,-1.0074704885482788,-100.5680923461914,3.0944314002990723,3.0944314002990723,0,-0.14067894220352173,-0.06426025927066803,-0.06023507937788963,-0.063984215259552,81.69424438476562,-1.252309799194336,-1.252309799194336,0,0.0,-0.009374912828207016,-0.015676504001021385,0.6615721583366394,31.615894317626953,-1.585594892501831,-1.585594892501831,0,0.0,-0.0036538238637149334,-0.0011264547938480973,-0.6027774810791016,-49.191471099853516,0.6035375595092773,0.6035375595092773,0
107,1.7833333333333332,4,4,spm2_platform_joint_y,0,,0,flat,0,5.30031681060791,5.085468769073486,0.14626219868659973,0.2,0.0,0.0,0.014171316288411617,0.01781625486910343,0.030988646671175957,-10.192353248596191,-4.049864768981934,-4.049864768981934,0,0.0,-0.029543142765760422,-0.03845243155956268,-0.05073085054755211,36.53404235839844,10.175148010253906,10.175148010253906,0,0.0,0.0017925230786204338,0.002845280570909381,-0.005890275351703167,-3.480776786804199,0.21468180418014526,0.21468180418014526,0,0.0,0.0022865962237119675,0.0039971210062503815,0.06291087716817856,-1.679452657699585,-2.0649309158325195,-2.0649309158325195,0,-0.14067894220352173,-0.05434107035398483,-0.047031015157699585,-0.062163010239601135,36.481632232666016,-6.286673545837402,-6.286673545837402,0,0.0,-0.0007149499724619091,2.0484269498410868e-06,0.11238960176706314,-14.646409034729004,-1.2666404247283936,-1.2666404247283936,0
107,1.7833333333333332,5,5,spm2_platform_joint_x,0,,0,flat,0,5.559726715087891,4.567829132080078,0.14487586915493011,0.2,0.0,0.0,0.042237166315317154,0.044118281453847885,-0.3510965406894684,-3.9322257041931152,-1.096508502960205,-1.096508502960205,0,0.0,-0.001060047303326428,-0.00021831769845448434,-0.059854842722415924,-16.45367431640625,-1.4020664691925049,-1.4020664691925049,0,0.0,0.002445641439408064,0.0009322463301941752,-0.1385667771100998,16.021121978759766,1.9987248182296753,1.9987248182296753,0,0.0,-0.0020883334800601006,-0.003281703917309642,0.027809148654341698,9.921534538269043,1.4709343910217285,1.4709343910217285,0,0.0,-0.0009177391766570508,-0.000782648625317961,0.1298118382692337,-1.234527826309204,-0.7874940037727356,-0.7874940037727356,0,-0.14067894220352173,-0.021274996921420097,-0.0018948434153571725,0.06758516281843185,1.070900559425354,-19.194244384765625,-19.194244384765625,0
108,1.8,0,0,spm1_platform_joint_z,0,,0,flat,0,4.976034164428711,4.940773010253906,0.14505130052566528,0.2,0.0,-0.14579372107982635,-0.051708564162254333,-0.04397778585553169,-0.412645548582077,-9.756002426147461,-7.262311935424805,-7.262311935424805,0,0.0,-0.003299281932413578,-0.0004945751279592514,-0.04184576869010925,-26.797056198120117,-3.066877841949463,-3.066877841949463,0,0.0,0.000819439475890249,0.0029655799735337496,-0.12194044888019562,-55.68906021118164,-6.349306106567383,-6.349306106567383,0,0.0,0.038469791412353516,0.042653296142816544,-0.1140957698225975,17.12772560119629,-2.606092929840088,-2.606092929840088,0,0.0,-0.00317931710742414,-0.003399744164198637,-0.08857465535402298,-57.32061004638672,-3.5761845111846924,-3.5761845111846924,0,0.0,-0.002978295786306262,-0.0015312957111746073,0.12096865475177765,-1.066233515739441,-3.0582187175750732,-3.0582187175750732,0
108,1.8,1,1,spm1_platform_joint_y,0,,0,flat,0,6.173753261566162,4.77107572555542,0.1444336473941803,0.2,0.0,0.0,-0.00861800741404295,-0.009201614186167717,-0.017604971304535866,-14.328880310058594,-0.11165207624435425,-0.11165207624435425,0,-0.14579372107982635,-0.07898634672164917,-0.0761963501572609,-0.13232538104057312,14.780892372131348,-3.811347723007202,-3.811347723007202,0,0.0,0.0019195450004190207,0.002819413086399436,-0.25973451137542725,-55.73405838012695,-2.7179670333862305,-2.7179670333862305,0,0.0,0.00145451829303056,-0.0011930902255699039,-0.006686282344162464,31.277565002441406,3.6968884468078613,3.6968884468078613,0,0.0,-0.06173614785075188,-0.07179997116327286,0.027780678123235703,-17.960411071777344,7.877127647399902,7.877127647399902,0,0.0,-0.0038400033954530954,-0.0003726594732142985,-0.5177983641624451,-86.57642364501953,-5.398168087005615,-5.398168087005615,0
108,1.8,2,2,spm1_platform_joint_x,0,,0,flat,0,5.52037239074707,3.518455982208252,0.14519143104553223,0.2,0.0,0.0,0.032754797488451004,0.037565089762210846,-0.04163184016942978,-5.1722846031188965,-5.187662124633789,-5.187662124633789,0,0.0,-0.005307974759489298,-0.007692113518714905,-0.014060686342418194,2.676596164703369,2.9424984455108643,2.9424984455108643,0,-0.14579372107982635,-0.0211800429970026,0.0004362546023912728,0.18675965070724487,6.188843250274658,-19.003097534179688,-19.003097534179688,0,0.0,0.0010549246799200773,0.0004125688865315169,-0.27355971932411194,-30.286853790283203,-0.768791913986206,-0.768791913986206,0,0.0,-0.00791097804903984,-0.009603746235370636,-0.007948581129312515,-39.3768196105957,-2.5540740489959717,-2.5540740489959717,0,0.0,-0.005815348122268915,-0.001767972600646317,-0.08677021414041519,-27.550703048706055,-1.2392886877059937,-1.2392886877059937,0
108,1.8,3,3,spm2_platform_joint_z,0,,0,flat,0,6.314424991607666,4.379180431365967,0.1452278345823288,0.2,0.0,0.0,0.030707020312547684,0.041111402213573456,0.8901870846748352,67.81920623779297,-11.483928680419922,-11.483928680419922,0,0.0,-0.015958217903971672,-0.024592775851488113,-0.05046769604086876,-1.2087119817733765,6.576345443725586,6.576345443725586,0,0.0,0.0009923219913616776,-0.005050258245319128,-0.30126744508743286,19.267967224121094,9.406917572021484,9.406917572021484,0,-0.14579372107982635,-0.07164289802312851,-0.06290886551141739,-0.6126754879951477,-60.251800537109375,-8.927530288696289,-8.927530288696289,0,0.0,-0.01358630321919918,-0.022084632888436317,0.6537865996360779,74.3793716430664,5.195844650268555,5.195844650268555,0,0.0,-0.0009762608096934855,-0.0029419155325740576,-0.04197422415018082,-13.306543350219727,3.389881134033203,3.389881134033203,0
108,1.8,4,4,spm2_platform_joint_y,0,,0,flat,0,5.316986083984375,5.0846428871154785,0.14651402831077576,0.2,0.0,0.0,0.01544075459241867,0.019982676953077316,0.05762140825390816,-14.771698951721191,-4.916411399841309,-4.916411399841309,0,0.0,-0.0333254411816597,-0.04147031903266907,-0.042975589632987976,9.103324890136719,8.247623443603516,8.247623443603516,0,0.0,0.0024659098125994205,0.0015749371377751231,-0.2221762090921402,-28.119667053222656,-0.7462224364280701,-0.7462224364280701,0,0.0,0.0034641714300960302,0.00521901436150074,0.2208147794008255,24.902223587036133,-0.872244656085968,-0.872244656085968,0,-0.14579372107982635,-0.060199376195669174,-0.05186140164732933,-0.05978212133049965,11.931849479675293,-8.480812072753906,-8.480812072753906,0,0.0,1.7753033034750842e-06,-0.0022252460476011038,-0.12027759104967117,26.28511619567871,3.4429287910461426,3.4429287910461426,0
108,1.8,5,5,spm2_platform_joint_x,0,,0,flat,0,5.574864387512207,4.568609237670898,0.1445532590150833,0.2,0.0,0.0,0.03823584318161011,0.03865237161517143,-0.10127321630716324,26.842628479003906,0.7970132827758789,0.7970132827758789,0,0.0,-0.0001892086729640141,-0.00243397057056427,0.11328129470348358,23.065372467041016,2.629481792449951,2.629481792449951,0,0.0,0.0008079467806965113,0.0014219378354027867,0.029939178377389908,39.38111114501953,0.8795485496520996,0.8795485496520996,0,0.0,-0.0028441434260457754,-0.003124119946733117,-0.06840377300977707,-16.576622009277344,0.2478545904159546,0.2478545904159546,0,0.0,-0.0006782955024391413,0.00038540767855010927,0.03860661759972572,5.328615188598633,-1.1440815925598145,-1.1440815925598145,0,-0.14579372107982635,-0.021081360056996346,-0.00443088635802269,0.13539695739746094,91.39830017089844,-13.39521312713623,-13.39521312713623,0
109,1.8166666666666667,0,0,spm1_platform_joint_z,0,,0,flat,0,4.991281986236572,4.944047927856445,0.14489775896072388,0.2,0.0,-0.15071268379688263,-0.05820910632610321,-0.050715770572423935,-0.31522998213768005,7.785658836364746,-6.492975234985352,-6.492975234985352,0,0.0,-0.000428631785325706,-0.0002587034832686186,0.11327847838401794,24.592798233032227,0.9298442006111145,0.9298442006111145,0,0.0,0.0025701692793518305,0.0010441007325425744,0.22196069359779358,47.4174690246582,2.842656373977661,2.842656373977661,0,0.0,0.03696618974208832,0.04235914722084999,-0.05028573423624039,-9.217686653137207,-5.814296722412109,-5.814296722412109,0,0.0,-0.0029464450199157,0.0010595661588013172,-0.023902572691440582,-25.787622451782227,-3.631787061691284,-3.631787061691284,0,0.0,-0.0013271229108795524,-0.00283771357499063,0.17768250405788422,51.719482421875,3.095228910446167,3.095228910446167,0
109,1.8166666666666667,1,1,spm1_platform_joint_y,0,,0,flat,0,6.189060688018799,4.770777225494385,0.1451687216758728,0.2,0.0,0.0,-0.007974732667207718,-0.009699511341750622,-0.24942195415496826,-44.6418342590332,-0.6350398659706116,-0.6350398659706116,0,-0.15071268379688263,-0.08613186329603195,-0.08193007111549377,-0.03646674379706383,-19.234943389892578,-7.2417731285095215,-7.2417731285095215,0,0.0,0.0024434912484139204,0.0049010589718818665,0.26962390542030334,3.303927183151245,-1.9844093322753906,-1.9844093322753906,0,0.0,-0.0010340114822611213,-0.0011511733755469322,0.06768200546503067,45.75600814819336,2.5529167652130127,2.5529167652130127,0,0.0,-0.06222664192318916,-0.08209867030382156,0.3105791509151459,70.1182861328125,18.589012145996094,18.589012145996094,0,0.0,-0.0003229715512134135,-0.0032888217829167843,0.14102749526500702,20.910301208496094,3.339836597442627,3.339836597442627,0
109,1.8166666666666667,2,2,spm1_platform_joint_x,0,,0,flat,0,5.53536319732666,3.519038200378418,0.14553333818912506,0.2,0.0,0.0,0.03255641087889671,0.03726572170853615,-0.05421324074268341,0.21322041749954224,-4.099740982055664,-4.099740982055664,0,0.0,-0.0066664982587099075,-0.009526084177196026,0.19770033657550812,6.1301350593566895,0.8577815294265747,0.8577815294265747,0,-0.15071268379688263,-0.019716938957571983,0.0004071657021995634,-0.27467578649520874,-39.84678268432617,-22.0824031829834,-22.0824031829834,0,0.0,0.0003575597074814141,-0.0018686102703213692,0.020681623369455338,18.125001907348633,2.97629976272583,2.97629976272583,0,0.0,-0.008323246613144875,-0.012912115082144737,0.18453019857406616,19.50580406188965,3.313384771347046,3.313384771347046,0,0.0,-0.0015322428662329912,-0.004580328240990639,-0.19759996235370636,-5.033352851867676,2.8343138694763184,2.8343138694763184,0
109,1.8166666666666667,3,3,spm2_platform_joint_z,0,,0,flat,0,6.334441661834717,4.380875110626221,0.14589270949363708,0.2,0.0,0.0,0.03562988340854645,0.04908422753214836,0.014125875197350979,-59.012176513671875,-16.673721313476562,-16.673721313476562,0,0.0,-0.021313738077878952,-0.02419770509004593,0.37384656071662903,35.21668243408203,3.550243377685547,3.550243377685547,0,0.0,-0.004376890603452921,-0.003382747294381261,0.20627115666866302,16.36791229248047,-0.22221755981445312,-0.22221755981445312,0,-0.15071268379688263,-0.07461604475975037,-0.070497065782547,-0.16061845421791077,39.71742248535156,-1.7376742362976074,-1.7376742362976074,0,0.0,-0.019140014424920082,-0.022898808121681213,0.07357796281576157,-29.29196548461914,-0.8638224601745605,-0.8638224601745605,0,0.0,-0.0025496601592749357,-0.003130900440737605,0.10597282648086548,13.118093490600586,0.8469142317771912,0.8469142317771912,0
109,1.8166666666666667,4,4,spm2_platform_joint_y,0,,0,flat,0,5.333771705627441,5.083908557891846,0.14681313931941986,0.2,0.0,0.0,0.017318319529294968,0.02122398279607296,0.0135197089985013,14.373462677001953,-2.4641690254211426,-2.4641690254211426,0,0.0,-0.03594094142317772,-0.04484986513853073,-0.009482400491833687,33.438846588134766,10.338561058044434,10.338561058044434,0,0.0,0.0013649455504491925,0.001631125109270215,0.09625301510095596,24.040807723999023,1.975077509880066,1.975077509880066,0,0.0,0.004523145966231823,0.00772887235507369,0.06838870793581009,-38.81426239013672,-5.999229431152344,-5.999229431152344,0,-0.15071268379688263,-0.06504157185554504,-0.057336706668138504,-0.03878477215766907,39.08544921875,-6.143533229827881,-6.143533229827881,0,0.0,-0.0019285465823486447,5.498013251781231e-06,0.2246170938014984,4.480335235595703,-0.9630165696144104,-0.9630165696144104,0
109,1.8166666666666667,5,5,spm2_platform_joint_x,0,,0,flat,0,5.589103698730469,4.568817138671875,0.14525163173675537,0.2,0.0,0.0,0.033498723059892654,0.03424670547246933,-0.40600866079330444,14.593799591064453,1.2088117599487305,1.2088117599487305,0,0.0,-0.0021094412077218294,-0.006053753197193146,0.10963094234466553,10.853357315063477,1.9109569787979126,1.9109569787979126,0,0.0,0.0012323460541665554,0.005276588723063469,0.5977360010147095,21.382591247558594,-5.347566604614258,-5.347566604614258,0,0.0,-0.002707570558413863,-0.0029468692373484373,-0.014129477553069592,-16.182409286499023,-0.5984065532684326,-0.5984065532684326,0,0.0,0.0003340199764352292,-0.004398273769766092,0.3028866946697235,14.564779281616211,1.915631890296936,1.915631890296936,0,-0.15071268379688263,-0.02393512614071369,-0.0030380403622984886,0.09480319917201996,5.352963447570801,-20.90060043334961,-20.90060043334961,0
110,1.8333333333333333,0,0,spm1_platform_joint_z,0,,0,flat,0,5.0067291259765625,4.947112083435059,0.14505058526992798,0.2,0.0,-0.1554291993379593,-0.06467755883932114,-0.05675158649682999,-0.27238062024116516,24.022035598754883,-5.974874019622803,-5.974874019622803,0,0.0,-0.0002242096816189587,0.004887557588517666,0.1811889261007309,10.438604354858398,-3.0416927337646484,-3.0416927337646484,0,0.0,0.0009048872743733227,0.0028093454893678427,-0.15055307745933533,-51.67451095581055,-4.96922492980957,-4.96922492980957,0,0.0,0.03671126067638397,0.04228471592068672,-0.013133137486875057,-5.156901836395264,-6.062507629394531,-6.062507629394531,0,0.0,0.000918290694244206,0.0011081373086199164,-0.4800613522529602,-46.611183166503906,-0.42082905769348145,-0.42082905769348145,0,0.0,-0.002459351671859622,-0.0017835485050454736,-0.2187221646308899,-50.488258361816406,-3.357008457183838,-3.357008457183838,0
110,1.8333333333333333,1,1,spm1_platform_joint_y,0,,0,flat,0,6.204860687255859,4.770652770996094,0.14486625790596008,0.2,0.0,0.0,-0.008406243287026882,-0.012206191197037697,-0.3775882124900818,-29.190080642700195,4.2429399490356445,4.2429399490356445,0,-0.1554291993379593,-0.09172995388507843,-0.09260924905538559,-0.12371937930583954,0.5701696872711182,-2.4010348320007324,-2.4010348320007324,0,0.0,0.004247584380209446,0.007116545457392931,0.7995248436927795,76.41317749023438,-3.963068962097168,-3.963068962097168,0,0.0,-0.000997683615423739,-0.0022064456716179848,-0.013980193063616753,12.800863265991211,1.5246288776397705,1.5246288776397705,0,0.0,-0.07115218043327332,-0.08631663024425507,0.6498086452484131,47.752403259277344,11.547268867492676,11.547268867492676,0,0.0,-0.0028503122739493847,3.128528260276653e-05,-0.01852455362677574,-30.05071258544922,-3.4764833450317383,-3.4764833450317383,0
110,1.8333333333333333,2,2,spm1_platform_joint_x,0,,0,flat,0,5.5506110191345215,3.5196428298950195,0.14517301321029663,0.2,0.0,0.0,0.032296959310770035,0.036914605647325516,-0.05847789719700813,-1.6492854356765747,-4.693953037261963,-4.693953037261963,0,0.0,-0.008255939930677414,-0.012654547579586506,0.08995483815670013,11.382062911987305,3.1958959102630615,3.1958959102630615,0,-0.1554291993379593,-0.02037101797759533,-0.001868364168331027,0.05798112973570824,34.28291702270508,-16.960906982421875,-16.960906982421875,0,0.0,-0.0016194621566683054,-0.0014032840263098478,-0.012762540020048618,-10.6329345703125,-0.4432291090488434,-0.4432291090488434,0,0.0,-0.011190500110387802,-0.015387472696602345,0.369772344827652,34.62553024291992,2.777836322784424,2.777836322784424,0,0.0,-0.0039696176536381245,-0.0025148498825728893,-0.048983365297317505,-23.766483306884766,-0.6700219511985779,-0.6700219511985779,0
110,1.8333333333333333,3,3,spm2_platform_joint_z,0,,0,flat,0,6.354702472686768,4.383797645568848,0.1453917920589447,0.2,0.0,0.0,0.04253966361284256,0.05095458775758743,-0.06175362691283226,-32.9837646484375,-10.04528522491455,-10.04528522491455,0,0.0,-0.02097134478390217,-0.0221954844892025,0.12734398245811462,35.06404495239258,3.69600772857666,3.69600772857666,0,0.0,-0.002931714290753007,0.00022332934895530343,0.054463185369968414,-24.039813995361328,-4.516114234924316,-4.516114234924316,0,-0.1554291993379593,-0.08182135224342346,-0.07827048748731613,-0.3413129150867462,32.967708587646484,-1.2033209800720215,-1.2033209800720215,0,0.0,-0.01984563283622265,-0.020359590649604797,0.13908593356609344,5.331867694854736,1.1861581802368164,1.1861581802368164,0,0.0,-0.002713446971029043,-0.00449424097314477,-0.36093515157699585,-27.472583770751953,0.4641534686088562,0.4641534686088562,0
110,1.8333333333333333,4,4,spm2_platform_joint_y,0,,0,flat,0,5.350680351257324,5.082963466644287,0.1473940908908844,0.2,0.0,0.0,0.018394118174910545,0.0234669279307127,-0.007429333403706551,-25.782730102539062,-5.278188705444336,-5.278188705444336,0,0.0,-0.03886988386511803,-0.04808422550559044,0.059670835733413696,25.265790939331055,9.942256927490234,9.942256927490234,0,0.0,0.0014136417303234339,0.002970528556033969,-0.3776395618915558,-53.302127838134766,-2.315084218978882,-2.315084218978882,0,0.0,0.006698356010019779,0.0076920874416828156,0.214102640748024,47.16314697265625,0.2620391845703125,0.2620391845703125,0,-0.1554291993379593,-0.07041570544242859,-0.06407967209815979,-0.0493420846760273,26.75644874572754,-6.098243236541748,-6.098243236541748,0,0.0,4.76494460599497e-06,-0.0016732655931264162,-0.23413288593292236,5.210083961486816,1.9689788818359375,1.9689788818359375,0
110,1.8333333333333333,5,5,spm2_platform_joint_x,0,,0,flat,0,5.6032562255859375,4.56898832321167,0.14503532648086548,0.2,0.0,0.0,0.02968047745525837,0.028638234362006187,-0.28110069036483765,39.828392028808594,4.033098220825195,4.033098220825195,0,0.0,-0.005246586166322231,-0.011130059137940407,0.005533725954592228,9.917623519897461,3.8162999153137207,3.8162999153137207,0,0.0,0.0045730434358119965,0.009462883695960045,0.09236810356378555,-19.72536849975586,-6.253934860229492,-6.253934860229492,0,0.0,-0.0025539533235132694,-0.0032797541934996843,-0.07684464007616043,-23.052692413330078,-0.4985511898994446,-0.4985511898994446,0,0.0,-0.003811837173998356,-0.004814127925783396,0.4135439395904541,-1.234438419342041,-2.4239723682403564,-2.4239723682403564,0,-0.1554291993379593,-0.023356862366199493,-0.0018780058017000556,0.07156627625226974,0.6010615825653076,-21.452587127685547,-21.452587127685547,0
111,1.8499999999999999,0,0,spm1_platform_joint_z,0,,0,flat,0,5.022120952606201,4.950170516967773,0.14520204067230225,0.2,0.0,-0.15993693470954895,-0.07050963491201401,-0.06154117360711098,-0.42066121101379395,-1.4794600009918213,-7.057763576507568,-7.057763576507568,0,0.0,0.004235883243381977,0.007126019801944494,-0.22351334989070892,-25.40148162841797,-3.5527803897857666,-3.5527803897857666,0,0.0,0.0024347661528736353,0.0008779286872595549,0.3071812689304352,80.7173843383789,6.430293083190918,6.430293083190918,0,0.0,0.036646753549575806,0.04055550694465637,-0.011308894492685795,5.854294776916504,-4.802687168121338,-4.802687168121338,0,0.0,0.0009603856597095728,0.005798541475087404,-0.0874428004026413,6.173748016357422,0.8410710096359253,0.8410710096359253,0,0.0,-0.001545742037706077,-0.00303381378762424,0.22061170637607574,7.279991149902344,-1.1959335803985596,-1.1959335803985596,0
111,1.8499999999999999,1,1,spm1_platform_joint_y,0,,0,flat,0,6.220947265625,4.770498752593994,0.14524537324905396,0.2,0.0,0.0,-0.0105786994099617,-0.014036985114216805,0.051460687071084976,25.52916145324707,4.848449230194092,4.848449230194092,0,-0.15993693470954895,-0.10158627480268478,-0.09525980800390244,0.2684381902217865,37.889320373535156,-4.973156452178955,-4.973156452178955,0,0.0,0.006167672574520111,0.009768422693014145,-0.07959295809268951,6.641244411468506,-2.9760966300964355,-2.9760966300964355,0,0.0,-0.0019122528610751033,-0.002363898791372776,0.16450124979019165,10.897645950317383,0.6351675987243652,0.6351675987243652,0,0.0,-0.07480774819850922,-0.08926639705896378,-0.3835497796535492,-40.647865295410156,10.629631996154785,10.629631996154785,0,0.0,2.7113910618936643e-05,-0.006319402251392603,-0.026703394949436188,67.92498016357422,8.257485389709473,8.257485389709473,0
111,1.8499999999999999,2,2,spm1_platform_joint_x,0,,0,flat,0,5.566043376922607,3.519866704940796,0.14535266160964966,0.2,0.0,0.0,0.03199265897274017,0.03754354268312454,0.08771399408578873,2.8723552227020264,-5.098607063293457,-5.098607063293457,0,0.0,-0.010967274196445942,-0.016840854659676552,0.2635432183742523,16.955596923828125,2.635706663131714,2.635706663131714,0,-0.15993693470954895,-0.022944172844290733,-0.0001791708345990628,-0.05645068734884262,-50.12831115722656,-25.526844024658203,-25.526844024658203,0,0.0,-0.001216179458424449,-0.0025423236656934023,-0.12600401043891907,5.282029628753662,2.1822853088378906,2.1822853088378906,0,0.0,-0.013335809111595154,-0.018095511943101883,0.2254386693239212,18.93690299987793,2.7233011722564697,2.7233011722564697,0,0.0,-0.0021795365028083324,-0.004369657952338457,0.0378856360912323,-36.58681106567383,-3.3283932209014893,-3.3283932209014893,0
111,1.8499999999999999,3,3,spm2_platform_joint_z,0,,0,flat,0,6.374787330627441,4.386422634124756,0.14523011445999146,0.2,0.0,0.0,0.044160641729831696,0.05167563259601593,0.047808147966861725,17.440608978271484,-7.310749053955078,-7.310749053955078,0,0.0,-0.019236085936427116,-0.018222985789179802,0.11906798183917999,-4.220042705535889,-0.0014563798904418945,-0.0014563798904418945,0,0.0,0.0001935520995175466,-0.0017127005849033594,0.11089995503425598,88.1424560546875,8.471858978271484,8.471858978271484,0,-0.15993693470954895,-0.08915934711694717,-0.08402764052152634,-0.3684253990650177,-12.08829402923584,-4.076242923736572,-4.076242923736572,0,0.0,-0.017644979059696198,-0.019362594932317734,-0.07241939008235931,-41.37895202636719,-2.5370888710021973,-2.5370888710021973,0,0.0,-0.003895008936524391,-0.0045642792247235775,0.0741044133901596,10.938214302062988,3.3223865032196045,3.3223865032196045,0
111,1.8499999999999999,4,4,spm2_platform_joint_y,0,,0,flat,0,5.367770195007324,5.0822978019714355,0.14837823808193207,0.2,0.0,0.0,0.02033800445497036,0.024219103157520294,-0.06866127252578735,-16.343528747558594,-4.869022369384766,-4.869022369384766,0,0.0,-0.041672997176647186,-0.05160225182771683,0.25194770097732544,25.194332122802734,7.712735176086426,7.712735176086426,0,0.0,0.0025744580198079348,0.0008741326746530831,-0.12050870805978775,-7.936731338500977,1.5926166772842407,1.5926166772842407,0,0.0,0.006666475906968117,0.010049688629806042,0.2607455551624298,23.39093017578125,-2.3494420051574707,-2.3494420051574707,0,-0.15993693470954895,-0.07686064392328262,-0.07365939021110535,-0.1453385055065155,17.909975051879883,-4.924299240112305,-4.924299240112305,0,0.0,-0.0014501635450869799,0.00048090226482599974,0.18076512217521667,42.229591369628906,4.023525238037109,4.023525238037109,0
111,1.8499999999999999,5,5,spm2_platform_joint_x,0,,0,flat,0,5.617640018463135,4.569547176361084,0.1447068750858307,0.2,0.0,0.0,0.02481980249285698,0.023822803050279617,-0.18361538648605347,52.210899353027344,4.793088436126709,4.793088436126709,0,0.0,-0.009646051563322544,-0.01408496592193842,-0.23176200687885284,15.043049812316895,5.808530330657959,5.808530330657959,0,0.0,0.008201166056096554,0.01220944058150053,0.500209629535675,-23.515705108642578,-9.566977500915527,-9.566977500915527,0,0.0,-0.0028424535412341356,-0.004522087052464485,-0.19123142957687378,-40.64421463012695,-0.6041713356971741,-0.6041713356971741,0,0.0,-0.004172244109213352,-0.0017197513952851295,0.115681953728199,-43.40888214111328,-5.8837456703186035,-5.8837456703186035,0,-0.15993693470954895,-0.022952530533075333,-0.0038847674150019884,0.022573288530111313,1.196548342704773,-21.62711524963379,-21.62711524963379,0
112,1.8666666666666667,0,0,spm1_platform_joint_z,0,,0,flat,0,5.037466526031494,4.953247547149658,0.1454831063747406,0.2,0.0,-0.1642298400402069,-0.07523299753665924,-0.06782655417919159,-0.3245922923088074,19.943525314331055,-4.966765403747559,-4.966765403747559,0,0.0,0.0061758835799992085,0.010038137435913086,0.012083891779184341,-10.9107666015625,-2.4291861057281494,-2.4291861057281494,0,0.0,0.0007608715095557272,0.0013418403686955571,-0.10053031146526337,-35.1209602355957,-4.110069274902344,-4.110069274902344,0,0.0,0.03514810651540756,0.04026949033141136,-0.09505913406610489,-8.517529487609863,-5.348773956298828,-5.348773956298828,0,0.0,0.005025402642786503,0.006422131787985563,-0.2633073627948761,-25.14366912841797,-1.8151288032531738,-1.8151288032531738,0,0.0,-0.002629305236041546,-0.0027743447571992874,-0.11335363239049911,-34.66583251953125,-3.4032669067382812,-3.4032669067382812,0
112,1.8666666666666667,1,1,spm1_platform_joint_y,0,,0,flat,0,6.236667156219482,4.769800662994385,0.14655379951000214,0.2,0.0,0.0,-0.012165387161076069,-0.012076513841748238,0.1254713088274002,4.039765357971191,-0.015414178371429443,-0.015414178371429443,0,-0.1642298400402069,-0.10445581376552582,-0.0934629738330841,0.3675517141819,15.50732707977295,-11.954516410827637,-11.954516410827637,0,0.0,0.008465966209769249,0.0032827213872224092,-0.3802129030227661,7.511286735534668,6.491495132446289,6.491495132446289,0,0.0,-0.0020487122237682343,-0.0012194995069876313,-0.04982168972492218,-19.27033042907715,-1.6933460235595703,-1.6933460235595703,0,0.0,-0.07736420631408691,-0.09743182361125946,-0.17634382843971252,9.276302337646484,19.11825180053711,19.11825180053711,0,0.0,-0.005476815160363913,-0.0054553779773414135,-0.11013273149728775,-16.266206741333008,0.22864821553230286,0.22864821553230286,0
112,1.8666666666666667,2,2,spm1_platform_joint_x,0,,0,flat,0,5.581632614135742,3.520331859588623,0.1456553339958191,0.2,0.0,0.0,0.032537735998630524,0.03617338836193085,0.27563905715942383,34.18211364746094,-5.121417045593262,-5.121417045593262,0,0.0,-0.01459540706127882,-0.02247650735080242,0.19927191734313965,-11.178374290466309,1.860098123550415,1.860098123550415,0,-0.1642298400402069,-0.022052595391869545,-0.0018000290729105473,-0.5108109712600708,-59.39265060424805,-21.20777130126953,-21.20777130126953,0,0.0,-0.002203347161412239,-0.0017003939719870687,-0.15256425738334656,-7.93236780166626,1.95528244972229,1.95528244972229,0,0.0,-0.015682777389883995,-0.026857510209083557,0.40469443798065186,44.29624938964844,6.704449653625488,6.704449653625488,0,0.0,-0.0037870369851589203,-0.002758624730631709,-0.2925025522708893,-18.99610137939453,2.327556610107422,2.327556610107422,0
112,1.8666666666666667,3,3,spm2_platform_joint_z,0,,0,flat,0,6.3941731452941895,4.3887810707092285,0.1451093852519989,0.2,0.0,0.0,0.044785548001527786,0.052622828632593155,0.03962591290473938,-10.726285934448242,-8.88438892364502,-8.88438892364502,0,0.0,-0.01579325459897518,-0.01564956083893776,-0.005047297570854425,-8.307215690612793,0.025806903839111328,0.025806903839111328,0,0.0,-0.0014843405224382877,0.003362876595929265,0.2509598731994629,-10.07060432434082,-6.790162086486816,-6.790162086486816,0,-0.1642298400402069,-0.09472126513719559,-0.08987532556056976,-0.34502509236335754,-0.7113111019134521,-4.2736382484436035,-4.2736382484436035,0,0.0,-0.0167809147387743,-0.01542418822646141,-0.009553867392241955,-21.181499481201172,-0.8996545076370239,-0.8996545076370239,0,0.0,-0.00395570881664753,-0.0020876633934676647,0.2884930968284607,25.016706466674805,-0.13655990362167358,-0.13655990362167358,0
112,1.8666666666666667,4,4,spm2_platform_joint_y,0,,0,flat,0,5.385280609130859,5.081275939941406,0.1502368301153183,0.2,0.0,0.0,0.02098988927900791,0.026423174887895584,-0.21694067120552063,-12.551661491394043,-2.230103015899658,-2.230103015899658,0,0.0,-0.044721949845552444,-0.05473633483052254,0.32377904653549194,40.8704719543457,7.77126932144165,7.77126932144165,0,0.0,0.000757581670768559,0.003255220362916589,-0.39700424671173096,-63.46818923950195,-3.07857084274292,-3.07857084274292,0,0.0,0.008709730580449104,0.011728916317224503,0.4189877212047577,-2.39585280418396,-7.229544639587402,-7.229544639587402,0,-0.1642298400402069,-0.08573544770479202,-0.0882016122341156,-0.16936001181602478,55.198204040527344,1.8041329383850098,1.8041329383850098,0,0.0,0.0004167819570284337,-0.0002465929719619453,0.05209769308567047,-69.03219604492188,-8.245532989501953,-8.245532989501953,0
112,1.8666666666666667,5,5,spm2_platform_joint_x,0,,0,flat,0,5.631822109222412,4.570110321044922,0.14535850286483765,0.2,0.0,0.0,0.02064642868936062,0.021846266463398933,-0.15641942620277405,-4.518472671508789,-1.084809422492981,-1.084809422492981,0,0.0,-0.01220697071403265,-0.016304513439536095,0.39768505096435547,35.385189056396484,3.556830406188965,3.556830406188965,0,0.0,0.010581514798104763,0.01513820793479681,0.0031253674533218145,-25.218463897705078,-6.208334922790527,-6.208334922790527,0,0.0,-0.003919142298400402,-0.009883248247206211,-0.1879003942012787,11.508393287658691,6.46403694152832,6.46403694152832,0,0.0,-0.0014904511626809835,-0.005985205993056297,0.050412774085998535,-3.7875242233276367,1.5451899766921997,1.5451899766921997,0,-0.1642298400402069,-0.025264112278819084,-0.003447336843237281,-0.02058739960193634,7.505282402038574,-20.810476303100586,-20.810476303100586,0
113,1.8833333333333333,0,0,spm1_platform_joint_z,0,,0,flat,0,5.053038120269775,4.9562788009643555,0.1454351544380188,0.2,0.0,-0.16830216348171234,-0.08122330158948898,-0.07298941910266876,-0.29804956912994385,23.24982452392578,-5.700690269470215,-5.700690269470215,0,0.0,0.008699718862771988,0.01584463007748127,-0.4963848888874054,-108.4322280883789,-8.8240385055542,-8.8240385055542,0,0.0,0.0011629282962530851,0.0017666075145825744,0.24334631860256195,-1.691109538078308,-2.086634635925293,-2.086634635925293,0,0.0,0.034900225698947906,0.03866775333881378,0.015841474756598473,-0.7968577146530151,-5.005436420440674,-5.005436420440674,0,0.0,0.005565847270190716,0.010628260672092438,-0.2097444385290146,14.001304626464844,0.9493868350982666,0.9493868350982666,0,0.0,-0.0024044320452958345,-0.0011571228969842196,-0.06926578283309937,-39.21516036987305,-1.2638731002807617,-1.2638731002807617,0
113,1.8833333333333333,1,1,spm1_platform_joint_y,0,,0,flat,0,6.252328395843506,4.7694091796875,0.146775022149086,0.2,0.0,0.0,-0.010466312058269978,-0.008976493030786514,0.09110713750123978,-14.852361679077148,-2.1943750381469727,-2.1943750381469727,0,-0.16830216348171234,-0.10344153642654419,-0.09275060892105103,0.32589519023895264,19.312149047851562,-11.695812225341797,-11.695812225341797,0,0.0,0.0028450251556932926,-0.0008569920319132507,-0.13898666203022003,24.934940338134766,5.605581283569336,5.605581283569336,0,0.0,-0.0010568995494395494,-0.0028768102638423443,0.01497572660446167,5.835259437561035,1.4256138801574707,1.4256138801574707,0,0.0,-0.0844409167766571,-0.10380297154188156,-0.04871760308742523,12.567352294921875,18.138521194458008,18.138521194458008,0,0.0,-0.004727994091808796,-0.01029858086258173,-0.16746243834495544,14.531192779541016,7.086506366729736,7.086506366729736,0
113,1.8833333333333333,2,2,spm1_platform_joint_x,0,,0,flat,0,5.5984086990356445,3.520968437194824,0.14585712552070618,0.2,0.0,0.0,0.0313502699136734,0.036807283759117126,0.023069262504577637,0.953190803527832,-5.924625396728516,-5.924625396728516,0,0.0,-0.01947963982820511,-0.03236016631126404,0.30698293447494507,61.086788177490234,11.10235595703125,11.10235595703125,0,-0.16830216348171234,-0.024000314995646477,-0.005746931303292513,-0.31823110580444336,4.151412010192871,-16.646446228027344,-16.646446228027344,0,0.0,-0.0014736747834831476,7.024129445198923e-05,0.019151601940393448,-27.62442970275879,-2.2434606552124023,-2.2434606552124023,0,0.0,-0.02327650785446167,-0.03224688395857811,0.6430966258049011,31.993520736694336,4.063431739807129,4.063431739807129,0,0.0,-0.0023908079601824284,-0.0035258398856967688,-0.7978666424751282,-110.99212646484375,1.0248899459838867,1.0248899459838867,0
113,1.8833333333333333,3,3,spm2_platform_joint_z,0,,0,flat,0,6.412920951843262,4.391443729400635,0.144769087433815,0.2,0.0,0.0,0.045606449246406555,0.050859734416007996,-0.1578747034072876,12.230880737304688,-3.8918633460998535,-3.8918633460998535,0,0.0,-0.013562953099608421,-0.013782577589154243,-0.37098953127861023,-65.89289855957031,-0.7098273038864136,-0.7098273038864136,0,0.0,0.0029144929721951485,0.0028247497975826263,0.1669302135705948,65.98512268066406,2.8135178089141846,2.8135178089141846,0,-0.16830216348171234,-0.10033223778009415,-0.09263317286968231,-0.02459758333861828,6.922761917114258,-7.582723140716553,-7.582723140716553,0,0.0,-0.01336762961000204,-0.013644693419337273,0.027830565348267555,-30.88616180419922,-0.4349803924560547,-0.4349803924560547,0,0.0,-0.0018093083053827286,0.0006153705762699246,-0.058420296758413315,-23.72055435180664,-2.795673370361328,-2.795673370361328,0
113,1.8833333333333333,4,4,spm2_platform_joint_y,0,,0,flat,0,5.403627395629883,5.080417633056641,0.15303005278110504,0.2,0.0,0.0,0.022900084033608437,0.02735956385731697,0.12061553448438644,-1.8406651020050049,-4.708378791809082,-4.708378791809082,0,0.0,-0.047438155859708786,-0.05547751858830452,0.39190202951431274,24.892419815063477,5.544279098510742,5.544279098510742,0,0.0,0.002821190981194377,0.0012250002473592758,-0.049153201282024384,12.894535064697266,3.0261220932006836,3.0261220932006836,0,0.0,0.010165060870349407,0.014258249662816525,0.03823823481798172,6.125205993652344,-3.5481879711151123,-3.5481879711151123,0,-0.16830216348171234,-0.09888168424367905,-0.10622461885213852,-0.35234472155570984,36.54166030883789,4.603353500366211,4.603353500366211,0,0.0,-0.00021371390903368592,0.000544199428986758,0.21153703331947327,103.82997131347656,6.861813545227051,6.861813545227051,0
113,1.8833333333333333,5,5,spm2_platform_joint_x,0,,0,flat,0,5.64594030380249,4.570692539215088,0.145044207572937,0.2,0.0,0.0,0.018933430314064026,0.020206276327371597,-0.18018591403961182,-7.338693618774414,-1.2259069681167603,-1.2259069681167603,0,0.0,-0.014130578376352787,-0.014380278997123241,0.02401440404355526,-6.7747673988342285,-0.1214301586151123,-0.1214301586151123,0,0.0,0.013119779527187347,0.01040708553045988,-0.4244093894958496,6.189100742340088,3.0852785110473633,3.0852785110473633,0,0.0,-0.008565481752157211,-0.014463385567069054,-0.12036285549402237,17.79633140563965,6.96237850189209,6.96237850189209,0,0.0,-0.005187178496271372,-0.005136399995535612,0.056824520230293274,-0.9725680947303772,0.29768651723861694,0.29768651723861694,0,-0.16830216348171234,-0.025427982211112976,-0.005284256301820278,-0.13098327815532684,21.159400939941406,-17.88356590270996,-17.88356590270996,0
114,1.9,0,0,spm1_platform_joint_z,0,,0,flat,0,5.068133354187012,4.959259986877441,0.14505158364772797,0.2,0.0,-0.17214840650558472,-0.08621061593294144,-0.07699442654848099,-0.2830239236354828,-8.683012962341309,-9.251144409179688,-9.251144409179688,0,0.0,0.01373201236128807,0.011805243790149689,-0.23867139220237732,-6.501043319702148,2.1236019134521484,2.1236019134521484,0,0.0,0.001531059853732586,-0.00039882867713458836,-0.026328768581151962,16.658466339111328,2.439418315887451,2.439418315887451,0,0.0,0.03351205214858055,0.037748485803604126,-0.04989391565322876,8.89422607421875,-3.497006416320801,-3.497006416320801,0,0.0,0.009211159311234951,0.013123900629580021,0.13588249683380127,5.892645835876465,-3.341923713684082,-3.341923713684082,0,0.0,-0.0010028398828580976,-0.0033888486213982105,-0.05798010155558586,12.820826530456543,3.2570080757141113,3.2570080757141113,0
114,1.9,1,1,spm1_platform_joint_y,0,,0,flat,0,6.2685651779174805,4.769178867340088,0.14601083099842072,0.2,0.0,0.0,-0.0077796271070837975,-0.009041736833751202,0.022870492190122604,19.771562576293945,2.2646517753601074,2.2646517753601074,0,-0.17214840650558472,-0.10333698242902756,-0.09719978272914886,-0.06529142707586288,15.655685424804688,-6.406310081481934,-6.406310081481934,0,0.0,-0.000742726435419172,-0.002494949148967862,0.08342544734477997,5.138592720031738,2.1070425510406494,2.1070425510406494,0,0.0,-0.0024932355154305696,-0.002307299990206957,-0.0511467270553112,-23.027647018432617,-1.4548941850662231,-1.4548941850662231,0,0.0,-0.08996257185935974,-0.1033090204000473,0.4191865921020508,4.0226054191589355,10.435911178588867,10.435911178588867,0,0.0,-0.00892543699592352,-0.00604427233338356,0.20084407925605774,10.289556503295898,-2.0201289653778076,-2.0201289653778076,0
114,1.9,2,2,spm1_platform_joint_x,0,,0,flat,0,5.615967750549316,3.5220839977264404,0.14545784890651703,0.2,0.0,0.0,0.031899645924568176,0.03440912067890167,-0.39005258679389954,-31.093719482421875,-2.945465087890625,-2.945465087890625,0,0.0,-0.028045477345585823,-0.0395541749894619,-0.0062262630090117455,44.29298400878906,11.337553024291992,11.337553024291992,0,-0.17214840650558472,-0.027933795005083084,-0.008057545870542526,0.38585591316223145,78.90447235107422,-17.628597259521484,-17.628597259521484,0,0.0,6.087578731239773e-05,0.0011785145616158843,0.09670799970626831,0.920364260673523,-1.2822257280349731,-1.2822257280349731,0,0.0,-0.02794729918241501,-0.03374551236629486,0.6100580096244812,47.46317672729492,3.3096346855163574,3.3096346855163574,0,0.0,-0.003055727807804942,-0.008730871602892876,-0.087507463991642,28.235198974609375,8.19668197631836,8.19668197631836,0
114,1.9,3,3,spm2_platform_joint_z,0,,0,flat,0,6.431370735168457,4.3938703536987305,0.14477163553237915,0.2,0.0,0.0,0.044078435748815536,0.04833598434925079,-0.07732733339071274,7.35993766784668,-3.7571825981140137,-3.7571825981140137,0,0.0,-0.011944900266826153,-0.013408095575869083,0.04012616351246834,11.391905784606934,2.927523136138916,2.927523136138916,0,0.0,0.0024481164291501045,0.0010383991757407784,-0.059845518320798874,4.1191887855529785,1.633008599281311,1.633008599281311,0,-0.17214840650558472,-0.10323520749807358,-0.09157402813434601,-0.07059649378061295,-9.482735633850098,-11.989590644836426,-11.989590644836426,0,0.0,-0.011825401335954666,-0.01034240797162056,0.09784655272960663,-26.552453994750977,-3.4626357555389404,-3.4626357555389404,0,0.0,0.0005333211738616228,-0.0032174312509596348,-0.06683166325092316,5.933290481567383,4.005911350250244,4.005911350250244,0
114,1.9,4,4,spm2_platform_joint_y,0,,0,flat,0,5.422858238220215,5.079564571380615,0.1555241346359253,0.2,0.0,0.0,0.02371162176132202,0.030897347256541252,0.12966397404670715,-32.11747360229492,-8.392102241516113,-8.392102241516113,0,0.0,-0.04808051511645317,-0.052161380648612976,0.22210247814655304,-36.94327926635742,-0.017001628875732422,-0.017001628875732422,0,0.0,0.0010616668732836843,0.002482239156961441,-0.14072008430957794,-75.459228515625,-5.300797462463379,-5.300797462463379,0,0.0,0.01235714927315712,0.011960300616919994,-0.26630863547325134,-11.62150764465332,-0.5229781866073608,-0.5229781866073608,0,-0.17214840650558472,-0.1150144562125206,-0.11806336045265198,-0.2774336636066437,-0.6766068935394287,0.7882449626922607,0.7882449626922607,0,0.0,0.00047163950512185693,-0.0020440625958144665,-0.8340409398078918,-106.71337127685547,-1.8484060764312744,-1.8484060764312744,0
114,1.9,5,5,spm2_platform_joint_x,0,,0,flat,0,5.659609317779541,4.5711989402771,0.1442393660545349,0.2,0.0,0.0,0.017512105405330658,0.01770606078207493,-0.2856658697128296,-16.351734161376953,0.1701653003692627,0.1701653003692627,0,0.0,-0.012462908402085304,-0.010205605998635292,0.32596927881240845,14.061864852905273,-1.9003971815109253,-1.9003971815109253,0,0.0,0.009019473567605019,-3.228968125768006e-05,-0.3922392427921295,23.2207088470459,8.880491256713867,8.880491256713867,0,0.0,-0.012534934096038342,-0.01503280084580183,0.3298453688621521,42.96733474731445,2.936508893966675,2.936508893966675,0,0.0,-0.00445154681801796,-0.005353773944079876,-0.11070266366004944,-7.668095111846924,1.0942740440368652,1.0942740440368652,0,-0.17214840650558472,-0.02753281220793724,-0.006317229010164738,-0.14218637347221375,3.3347349166870117,-20.058753967285156,-20.058753967285156,0
115,1.9166666666666667,0,0,spm1_platform_joint_z,0,,0,flat,0,5.083413124084473,4.962388515472412,0.14523310959339142,0.2,0.0,-0.17576342821121216,-0.09016362577676773,-0.08256181329488754,-0.40294456481933594,-18.163787841796875,-8.824970245361328,-8.824970245361328,0,0.0,0.010231210850179195,0.013531353324651718,0.11783565580844879,8.634359359741211,-0.8691561222076416,-0.8691561222076416,0,0.0,-0.000345651526004076,0.0011731969425454736,0.14784646034240723,33.580406188964844,3.444469451904297,3.444469451904297,0,0.0,0.03271535411477089,0.03553086519241333,-0.09884446114301682,-2.1755621433258057,-3.435119867324829,-3.435119867324829,0,0.0,0.01137404702603817,0.009286073967814445,-0.25226646661758423,-17.039581298828125,-0.8599480390548706,-0.8599480390548706,0,0.0,-0.00293700210750103,-0.0013079388299956918,0.21490837633609772,37.309139251708984,3.172396659851074,3.172396659851074,0
115,1.9166666666666667,1,1,spm1_platform_joint_y,0,,0,flat,0,6.284919261932373,4.769076824188232,0.14459635317325592,0.2,0.0,0.0,-0.007836172357201576,-0.006882509682327509,0.16122864186763763,4.0027642250061035,-1.493905782699585,-1.493905782699585,0,-0.17576342821121216,-0.10767493396997452,-0.1037527397274971,0.12229344248771667,40.37788391113281,-4.250932693481445,-4.250932693481445,0,0.0,-0.0021622893400490284,0.0024190754629671574,0.13031604886054993,-4.561164379119873,-2.9171671867370605,-2.9171671867370605,0,0.0,-0.0019996599294245243,-0.005690621677786112,-0.3970778286457062,-21.202999114990234,4.450289726257324,4.450289726257324,0,0.0,-0.08953448385000229,-0.10134735703468323,-0.3112121820449829,-89.94585418701172,7.9871978759765625,7.9871978759765625,0,0.0,-0.005238369107246399,-0.002960687968879938,0.40786170959472656,51.57466125488281,1.907680630683899,1.907680630683899,0
115,1.9166666666666667,2,2,spm1_platform_joint_x,0,,0,flat,0,5.634147644042969,3.5235283374786377,0.14541661739349365,0.2,0.0,0.0,0.029821237549185753,0.030193278566002846,-0.5508972406387329,-37.487037658691406,-0.4151945114135742,-0.4151945114135742,0,0.0,-0.034280285239219666,-0.04581230506300926,0.34579503536224365,62.11773681640625,10.418052673339844,10.418052673339844,0,-0.17576342821121216,-0.030418330803513527,-0.0008576260879635811,1.0418086051940918,75.1026382446289,-30.703786849975586,-30.703786849975586,0,0.0,0.0010213792556896806,-0.002740292577072978,-0.09178491681814194,24.143871307373047,4.699760437011719,4.699760437011719,0,0.0,-0.02924611046910286,-0.036516185849905014,0.6799363493919373,52.00015640258789,4.370091915130615,4.370091915130615,0,0.0,-0.007566755171865225,-0.007550501264631748,-0.1361958533525467,6.103377342224121,0.7654677629470825,0.7654677629470825,0
115,1.9166666666666667,3,3,spm2_platform_joint_z,0,,0,flat,0,6.449390411376953,4.3958563804626465,0.14499393105506897,0.2,0.0,0.0,0.0418911874294281,0.04699176549911499,0.07380057871341705,26.96219253540039,-4.457059860229492,-4.457059860229492,0,0.0,-0.011620349250733852,-0.011941799893975258,0.2180434912443161,35.48014450073242,1.9826304912567139,1.9826304912567139,0,0.0,0.0008999459678307176,0.002862517489120364,0.5675023198127747,44.156089782714844,-2.648019552230835,-2.648019552230835,0,-0.17576342821121216,-0.10279928147792816,-0.09192577004432678,-0.04301483929157257,-22.884136199951172,-12.230315208435059,-12.230315208435059,0,0.0,-0.008963420055806637,-0.013702397234737873,0.3489720821380615,45.98904037475586,3.254218578338623,3.254218578338623,0,0.0,-0.0027884403243660927,-2.213602783740498e-05,0.4455009400844574,-3.11637282371521,-4.498978614807129,-4.498978614807129,0
115,1.9166666666666667,4,4,spm2_platform_joint_y,0,,0,flat,0,5.442621231079102,5.079105377197266,0.15595433115959167,0.2,0.0,0.0,0.02677769958972931,0.03084295056760311,-0.056431107223033905,-7.986374855041504,-4.5621490478515625,-4.5621490478515625,0,0.0,-0.04520652815699577,-0.051294051110744476,0.08413605391979218,9.58374309539795,6.128030776977539,6.128030776977539,0,0.0,0.00215127388946712,0.003534348215907812,0.06711160391569138,-10.259958267211914,-2.5098302364349365,-2.5098302364349365,0,0.0,0.010365594178438187,0.01151482667773962,0.05763086676597595,1.7451050281524658,-1.0139777660369873,-1.0139777660369873,0,-0.17576342821121216,-0.12575671076774597,-0.11957855522632599,-0.02089005708694458,17.029497146606445,-4.731000900268555,-4.731000900268555,0,0.0,-0.001771520939655602,-0.0013957653427496552,0.2398291379213333,-26.498350143432617,-2.14345383644104,-2.14345383644104,0
115,1.9166666666666667,5,5,spm2_platform_joint_x,0,,0,flat,0,5.672908306121826,4.571404933929443,0.14496639370918274,0.2,0.0,0.0,0.015345253050327301,0.012218439020216465,-0.06448552757501602,25.062124252319336,3.8927764892578125,3.8927764892578125,0,0.0,-0.008844858035445213,-0.009109036065638065,-0.06561882793903351,-22.947912216186523,-0.4113900661468506,-0.4113900661468506,0,0.0,-2.7984389816992916e-05,0.0027041949797421694,0.1524343341588974,-5.840311527252197,-3.823664665222168,-3.823664665222168,0,0.0,-0.01302842702716589,-0.014912182465195656,-0.31874287128448486,-32.233299255371094,1.3259031772613525,1.3259031772613525,0,0.0,-0.0046399375423789024,-0.007313315756618977,0.018593667075037956,3.8279552459716797,1.570285439491272,1.570285439491272,0,-0.17576342821121216,-0.02891005575656891,-0.0019586444832384586,-0.17263108491897583,-49.82716751098633,-28.02492904663086,-28.02492904663086,0
116,1.9333333333333333,0,0,spm1_platform_joint_z,0,,0,flat,0,5.0990376472473145,4.965625762939453,0.1456599235534668,0.2,0.0,-0.17914235591888428,-0.09543922543525696,-0.08827788382768631,-0.6205971240997314,-52.58809280395508,-8.594329833984375,-8.594329833984375,0,0.0,0.011727172881364822,0.017034808173775673,0.1054677665233612,27.119783401489258,-3.467017889022827,-3.467017889022827,0,0.0,0.0010167707223445177,0.0033247002866119146,0.5730051398277283,108.05756378173828,4.768496990203857,4.768496990203857,0,0.0,0.030793417245149612,0.03553641960024834,0.16875594854354858,17.805753707885742,-4.733025550842285,-4.733025550842285,0,0.0,0.008047930896282196,0.01333937980234623,-0.40867555141448975,-35.37956619262695,-2.321197509765625,-2.321197509765625,0,0.0,-0.001133546931669116,-0.0007753545651212335,0.5116565227508545,116.199462890625,6.673137664794922,6.673137664794922,0
116,1.9333333333333333,1,1,spm1_platform_joint_y,0,,0,flat,0,6.3010663986206055,4.769265651702881,0.14607089757919312,0.2,0.0,0.0,-0.005964841693639755,-0.004401661455631256,0.03806529939174652,-1.833956003189087,-1.2506322860717773,-1.2506322860717773,0,-0.17914235591888428,-0.11380469053983688,-0.1072138100862503,0.20138071477413177,12.540471076965332,-8.056878089904785,-8.056878089904785,0,0.0,0.0020965321455150843,0.001650352729484439,0.14919382333755493,51.76919174194336,3.67084002494812,3.67084002494812,0,0.0,-0.004931872244924307,-0.009115376509726048,-0.08315862715244293,-0.30501991510391235,3.9308114051818848,3.9308114051818848,0,0.0,-0.08783437311649323,-0.11252755671739578,0.2578636407852173,38.05024719238281,21.92477798461914,21.92477798461914,0,0.0,-0.002565929666161537,-0.0037036666180938482,-0.002589644631370902,27.915672302246094,1.998374581336975,1.998374581336975,0
116,1.9333333333333333,2,2,spm1_platform_joint_x,0,,0,flat,0,5.652859687805176,3.524892807006836,0.14521712064743042,0.2,0.0,0.0,0.026167508214712143,0.025241229683160782,-0.14183759689331055,24.924291610717773,2.690990924835205,2.690990924835205,0,0.0,-0.03970399871468544,-0.04299481585621834,0.33136335015296936,14.70970630645752,2.861417055130005,2.861417055130005,0,-0.17914235591888428,-0.024628926068544388,-0.001592302112840116,-0.7243939638137817,-88.77325439453125,-28.091276168823242,-28.091276168823242,0,0.0,-0.0023749202955514193,-0.004758836235851049,-0.12741492688655853,-5.114555835723877,2.7298684120178223,2.7298684120178223,0,0.0,-0.03164736181497574,-0.03525300696492195,0.018865155056118965,-28.49503517150879,0.15125823020935059,0.15125823020935059,0,0.0,-0.006543767638504505,-0.004657493904232979,0.0022671972401440144,-65.09153747558594,-4.522858619689941,-4.522858619689941,0
116,1.9333333333333333,3,3,spm2_platform_joint_z,0,,0,flat,0,6.467291355133057,4.3976054191589355,0.14566224813461304,0.2,0.0,0.0,0.0407261960208416,0.04616549611091614,-0.06641790270805359,16.189964294433594,-4.063213348388672,-4.063213348388672,0,0.0,-0.010349559597671032,-0.011839703656733036,-0.12892110645771027,33.67059326171875,5.205509662628174,5.205509662628174,0,0.0,0.0024808484595268965,0.0035272424574941397,0.13146258890628815,-17.5665225982666,-2.3199779987335205,-2.3199779987335205,0,-0.17914235591888428,-0.10355465114116669,-0.09060416370630264,0.06610574573278427,-31.203357696533203,-15.395271301269531,-15.395271301269531,0,0.0,-0.011875410564243793,-0.011990156956017017,0.02383141592144966,1.9032247066497803,-0.2588576078414917,-0.2588576078414917,0,0.0,-1.9184557459084317e-05,0.0009878326673060656,0.10317543894052505,-1.5303478240966797,-2.4666900634765625,-2.4666900634765625,0
116,1.9333333333333333,4,4,spm2_platform_joint_y,0,,0,flat,0,5.462675094604492,5.078717231750488,0.15463407337665558,0.2,0.0,0.0,0.026730556041002274,0.030377984046936035,-0.061460670083761215,-20.900632858276367,-4.828505516052246,-4.828505516052246,0,0.0,-0.04445484280586243,-0.053109098225831985,-0.5205804705619812,-46.435691833496094,7.549400329589844,7.549400329589844,0,0.0,0.003063101787120104,0.0037037397269159555,-0.10284776985645294,8.711222648620605,1.6561243534088135,1.6561243534088135,0,0.0,0.00997951626777649,0.010390895418822765,-0.4504587948322296,-53.681541442871094,-1.771325707435608,-1.771325707435608,0,-0.17914235591888428,-0.1275203973054886,-0.11833461374044418,0.29394444823265076,25.297805786132812,-8.239078521728516,-8.239078521728516,0,0.0,-0.0012096632272005081,0.0027738686185330153,-0.10380467772483826,-59.54711151123047,-4.991252899169922,-4.991252899169922,0
116,1.9333333333333333,5,5,spm2_platform_joint_x,0,,0,flat,0,5.686034202575684,4.5716753005981445,0.1450408697128296,0.2,0.0,0.0,0.010589313693344593,0.009224984794855118,-0.3385443687438965,-20.0400447845459,1.531852126121521,1.531852126121521,0,0.0,-0.007894497364759445,-0.007231137715280056,0.08574648201465607,-1.1148557662963867,-0.42530471086502075,-0.42530471086502075,0,0.0,0.0023436355404555798,0.0022809321526437998,-0.16241884231567383,-29.356563568115234,-1.4007759094238281,-1.4007759094238281,0,0.0,-0.01292389165610075,-0.016259297728538513,0.09500309824943542,25.153696060180664,4.26383638381958,4.26383638381958,0,0.0,-0.006338207051157951,-0.007519600912928581,0.24831926822662354,23.946517944335938,0.5219703316688538,0.5219703316688538,0,-0.17914235591888428,-0.025583140552043915,-0.003268913831561804,-0.04724573716521263,6.494150638580322,-21.68395233154297,-21.68395233154297,0
117,1.95,0,0,spm1_platform_joint_z,0,,0,flat,0,5.1145477294921875,4.968911170959473,0.14589370787143707,0.2,0.0,-0.18228065967559814,-0.10081158578395844,-0.09765669703483582,-0.45306673645973206,15.9879789352417,-1.5228285789489746,-1.5228285789489746,0,0.0,0.014763500541448593,0.015293272212147713,-0.01583561860024929,-0.4836602807044983,-1.4639027118682861,-1.4639027118682861,0,0.0,0.002881406806409359,0.006940672639757395,-0.11962374299764633,-40.14302062988281,-5.757978439331055,-5.757978439331055,0,0.0,0.030798230320215225,0.03625611960887909,-0.06705988198518753,-14.47348403930664,-6.201061725616455,-6.201061725616455,0,0.0,0.011560795828700066,0.008828298188745975,0.023420387879014015,24.764310836791992,3.2994937896728516,3.2994937896728516,0,0.0,-0.000671973975840956,0.0023100387770682573,-0.12409263849258423,-35.287391662597656,-4.332108020782471,-4.332108020782471,0
117,1.95,1,1,spm1_platform_joint_y,0,,0,flat,0,6.31781530380249,4.769321918487549,0.14651182293891907,0.2,0.0,0.0,-0.003814773168414831,-0.002918100915849209,0.3769538402557373,21.149696350097656,-2.3739733695983887,-2.3739733695983887,0,-0.18228065967559814,-0.11722272634506226,-0.11536221951246262,-0.366691529750824,7.942675590515137,-2.505784034729004,-2.505784034729004,0,0.0,0.001430305652320385,0.004383916966617107,-0.4341176450252533,-69.36016845703125,-3.1434192657470703,-3.1434192657470703,0,0.0,-0.007899993099272251,-0.010551161132752895,-0.10250140726566315,26.205095291137695,5.6963348388671875,5.6963348388671875,0,0.0,-0.09752388298511505,-0.12146078795194626,0.503865122795105,79.1996078491211,21.372848510742188,21.372848510742188,0,0.0,-0.00320984423160553,-0.0022354619577527046,0.26749661564826965,62.24269104003906,4.117816925048828,4.117816925048828,0
117,1.95,2,2,spm1_platform_joint_x,0,,0,flat,0,5.67189359664917,3.52594256401062,0.1450200080871582,0.2,0.0,0.0,0.021875731647014618,0.017388680949807167,-0.047513946890830994,61.843414306640625,7.029414176940918,7.029414176940918,0,0.0,-0.037262171506881714,-0.04232271388173103,0.1375819891691208,-15.65189266204834,2.8501086235046387,2.8501086235046387,0,-0.18228065967559814,-0.025684084743261337,0.004205475561320782,0.39193880558013916,41.675777435302734,-28.310312271118164,-28.310312271118164,0,0.0,-0.004124324768781662,-0.005635368172079325,-0.5091849565505981,-61.207401275634766,0.40597495436668396,0.40597495436668396,0,0.0,-0.030552605167031288,-0.033798012882471085,0.14573858678340912,-27.832931518554688,-0.5915787220001221,-0.5915787220001221,0,0.0,-0.0040364945307374,-0.0038023260422050953,-0.07102232426404953,-20.881559371948242,-0.617056131362915,-0.617056131362915,0
117,1.95,3,3,spm2_platform_joint_z,0,,0,flat,0,6.485091209411621,4.399432182312012,0.14521819353103638,0.2,0.0,0.0,0.04001009464263916,0.04646771028637886,-0.24786801636219025,-32.95395278930664,-6.361062526702881,-6.361062526702881,0,0.0,-0.010261076502501965,-0.008589331060647964,-0.03916032612323761,-6.952510833740234,-0.41763609647750854,-0.41763609647750854,0,0.0,0.003056943416595459,0.005245425272732973,-0.3154662847518921,-45.92954635620117,-1.6300108432769775,-1.6300108432769775,0,-0.18228065967559814,-0.10282769799232483,-0.09350164234638214,-0.11600695550441742,8.289593696594238,-9.643976211547852,-9.643976211547852,0,0.0,-0.010391469113528728,-0.007472519297152758,0.17536768317222595,0.8802133798599243,-2.869983196258545,-2.869983196258545,0,0.0,0.0008561216527596116,0.0016466161468997598,0.040963269770145416,4.573424816131592,-0.7380945682525635,-0.7380945682525635,0
117,1.95,4,4,spm2_platform_joint_y,0,,0,flat,0,5.482729434967041,5.078263759613037,0.15114694833755493,0.2,0.0,0.0,0.0263275858014822,0.027847638353705406,-0.19492456316947937,3.145827054977417,-0.5480270385742188,-0.5480270385742188,0,0.0,-0.046027883887290955,-0.0705350786447525,-0.6534087657928467,-17.929786682128906,21.022884368896484,21.022884368896484,0,0.0,0.0032099077943712473,0.0014451427850872278,0.14102250337600708,14.014887809753418,-0.4476645588874817,-0.4476645588874817,0,0.0,0.009005442261695862,0.007021419703960419,0.01755482703447342,24.080604553222656,2.8162641525268555,2.8162641525268555,0,-0.18228065967559814,-0.12686075270175934,-0.10872802883386612,1.3286371231079102,80.10797882080078,-18.0351505279541,-18.0351505279541,0,0.0,0.00240401946939528,-0.00027786652208305895,0.01377265527844429,18.953269958496094,3.6782305240631104,3.6782305240631104,0
117,1.95,5,5,spm2_platform_joint_x,0,,0,flat,0,5.6989216804504395,4.572181224822998,0.1444699615240097,0.2,0.0,0.0,0.007994987070560455,0.004849971272051334,-0.04657786339521408,19.59200668334961,3.576347827911377,3.576347827911377,0,0.0,-0.006266986019909382,-0.00875831488519907,-0.2927325367927551,-25.83847427368164,2.125783920288086,2.125783920288086,0,0.0,0.0019768078345805407,0.0017832816811278462,-0.021944111213088036,-6.936450004577637,-0.22269010543823242,-0.22269010543823242,0,0.0,-0.014091391116380692,-0.016126204282045364,-0.23945358395576477,-22.778215408325195,2.0796313285827637,2.0796313285827637,0,0.0,-0.006516987457871437,-0.004948251880705357,0.1517646610736847,-8.165840148925781,-2.979660987854004,-2.979660987854004,0,-0.18228065967559814,-0.0271371491253376,-0.003255479969084263,-0.24412605166435242,-25.327539443969727,-23.68021011352539,-23.68021011352539,0
118,1.9666666666666666,0,0,spm1_platform_joint_z,0,,0,flat,0,5.130099773406982,4.972114086151123,0.14519718289375305,0.2,0.0,-0.1851741224527359,-0.10932568460702896,-0.10486242920160294,-0.6075816750526428,-20.92795753479004,-3.8518524169921875,-3.8518524169921875,0,0.0,0.013254169374704361,0.011523034423589706,-0.044929247349500656,8.691943168640137,0.42129218578338623,0.42129218578338623,0,0.0,0.006015249527990818,0.0034849888179451227,0.11074429005384445,7.039768695831299,1.6743910312652588,1.6743910312652588,0,0.0,0.0314219705760479,0.0357879139482975,0.17503216862678528,30.17409324645996,-4.022122859954834,-4.022122859954834,0,0.0,0.007651191670447588,0.008134311065077782,0.09430833160877228,-9.46027946472168,-1.0452730655670166,-1.0452730655670166,0,0.0,0.0020020336378365755,-0.0012164711952209473,0.11846273392438889,46.01991271972656,5.919238090515137,5.919238090515137,0
118,1.9666666666666666,1,1,spm1_platform_joint_y,0,,0,flat,0,6.335904598236084,4.768470287322998,0.14501182734966278,0.2,0.0,0.0,-0.0025290208868682384,0.002704120706766844,0.223432257771492,-11.20307731628418,-5.45023250579834,-5.45023250579834,0,-0.1851741224527359,-0.12467047572135925,-0.12419479340314865,-0.04935170337557793,52.57462692260742,0.7931365966796875,0.7931365966796875,0,0.0,0.003799394704401493,-0.002580679953098297,-0.41655099391937256,-0.3251230716705322,6.650021076202393,6.650021076202393,0,0.0,-0.009144339710474014,-0.009363367222249508,0.32155564427375793,35.59669494628906,1.333503007888794,1.333503007888794,0,0.0,-0.1052660197019577,-0.11075139790773392,0.4304419159889221,-61.29296112060547,0.9921903610229492,0.9921903610229492,0,0.0,-0.0019374003168195486,-0.000356726668542251,-0.055231254547834396,-34.95976638793945,-4.129622459411621,-4.129622459411621,0
118,1.9666666666666666,2,2,spm1_platform_joint_x,0,,0,flat,0,5.690612316131592,3.5266942977905273,0.1448517143726349,0.2,0.0,0.0,0.015070189721882343,0.015233373269438744,-0.20641636848449707,-9.059901237487793,-0.3188014030456543,-0.3188014030456543,0,0.0,-0.03667968511581421,-0.04019785299897194,0.20556893944740295,-13.281877517700195,1.2116076946258545,1.2116076946258545,0,-0.1851741224527359,-0.020794525742530823,0.0026042514946311712,-0.08572020381689072,-12.427021026611328,-25.68349266052246,-25.68349266052246,0,0.0,-0.0048839859664440155,-0.011165945790708065,-0.17231261730194092,27.83445167541504,8.379352569580078,8.379352569580078,0,0.0,-0.029291611164808273,-0.03226558864116669,0.3142561912536621,-7.4713897705078125,0.11118793487548828,0.11118793487548828,0,0.0,-0.0032953491900116205,0.0001617642119526863,0.28615450859069824,-34.21332931518555,-6.570402145385742,-6.570402145385742,0
118,1.9666666666666666,3,3,spm2_platform_joint_z,0,,0,flat,0,6.502217769622803,4.401472568511963,0.14513859152793884,0.2,0.0,0.0,0.04027201607823372,0.042624201625585556,-0.07569459825754166,16.89733123779297,-1.9318199157714844,-1.9318199157714844,0,0.0,-0.007444086950272322,-0.005907007958739996,-0.06323322653770447,-48.8962287902832,-4.050503253936768,-4.050503253936768,0,0.0,0.004546035081148148,0.0018239343771710992,-0.06131140515208244,64.37105560302734,7.879087448120117,7.879087448120117,0,-0.1851741224527359,-0.10572464019060135,-0.09198050945997238,0.08717076480388641,5.536556243896484,-12.08697509765625,-12.08697509765625,0,0.0,-0.006476183421909809,-0.006319653242826462,-0.060419149696826935,16.818588256835938,2.6545262336730957,2.6545262336730957,0,0.0,0.0014270673273131251,-0.00023418724595103413,0.051327597349882126,69.59137725830078,6.5576934814453125,6.5576934814453125,0
118,1.9666666666666666,4,4,spm2_platform_joint_y,0,,0,flat,0,5.503396987915039,5.077793121337891,0.1457427591085434,0.2,0.0,0.0,0.024134619161486626,0.024885745719075203,-0.21903680264949799,-5.97354793548584,-0.43920087814331055,-0.43920087814331055,0,0.0,-0.061130400747060776,-0.09219498932361603,-1.1661382913589478,-33.593257904052734,29.612916946411133,29.612916946411133,0,0.0,0.001252457033842802,0.0020270238164812326,-0.18175145983695984,-26.41714096069336,-1.1121312379837036,-1.1121312379837036,0,0.0,0.006085230503231287,0.007552942261099815,0.19457988440990448,21.614328384399414,-1.252854824066162,-1.252854824066162,0,-0.1851741224527359,-0.11892084032297134,-0.0909203514456749,1.8896324634552002,88.33718872070312,-30.213119506835938,-30.213119506835938,0,0.0,-0.00024081765150185674,-0.001437216647900641,-0.08397774398326874,-7.4344635009765625,0.3222012519836426,0.3222012519836426,0
118,1.9666666666666666,5,5,spm2_platform_joint_x,0,,0,flat,0,5.711421966552734,4.57221794128418,0.1448753923177719,0.2,0.0,0.0,0.0042033083736896515,0.003129401942715049,0.017230967059731483,16.960969924926758,1.7101466655731201,1.7101466655731201,0,0.0,-0.007590539753437042,-0.006838498171418905,0.26105526089668274,16.916805267333984,0.1572812795639038,0.1572812795639038,0,0.0,0.001545510720461607,0.0020747969392687082,-0.028039002791047096,-25.99563980102539,-3.280118942260742,-3.280118942260742,0,0.0,-0.013976043090224266,-0.016888689249753952,0.03172506392002106,3.9133501052856445,2.8749771118164062,2.8749771118164062,0,0.0,-0.004288484808057547,-0.005800104234367609,-0.14508816599845886,-5.803892612457275,1.3479472398757935,1.3479472398757935,0,-0.1851741224527359,-0.027511298656463623,-0.0019354295218363404,0.05275025963783264,7.841864585876465,-24.208904266357422,-24.208904266357422,0
119,1.9833333333333334,0,0,spm1_platform_joint_z,0,,0,flat,0,5.145374774932861,4.975004196166992,0.14443475008010864,0.2,0.0,-0.18781885504722595,-0.11592328548431396,-0.11281222105026245,-0.5652134418487549,-10.513465881347656,-2.084519386291504,-2.084519386291504,0,0.0,0.009986629709601402,-0.0008870704332366586,0.06718574464321136,36.92766571044922,8.784406661987305,8.784406661987305,0,0.0,0.0030203235801309347,0.0008982946746982634,0.5637361407279968,76.0219955444336,2.469423294067383,2.469423294067383,0,0.0,0.031016191467642784,0.03707455098628998,-0.10604482889175415,-16.929750442504883,-6.499229431152344,-6.499229431152344,0,0.0,0.007049736101180315,0.004614038392901421,0.4998026192188263,26.545886993408203,-1.460024118423462,-1.460024118423462,0,0.0,-0.001054275082424283,-0.0031898990273475647,0.11021171510219574,15.452787399291992,1.944582462310791,1.944582462310791,0
119,1.9833333333333334,1,1,spm1_platform_joint_y,0,,0,flat,0,6.3542046546936035,4.767471790313721,0.14555980265140533,0.2,0.0,0.0,0.0023435712791979313,0.011413834057748318,0.6116786599159241,2.343628406524658,-8.922513961791992,-8.922513961791992,0,-0.18781885504722595,-0.13267800211906433,-0.11680608242750168,0.31916573643684387,28.56840705871582,-12.068799018859863,-12.068799018859863,0,0.0,-0.0022365893237292767,-0.0055824085138738155,-0.4665122628211975,-31.462390899658203,2.3835995197296143,2.3835995197296143,0,0.0,-0.008114918135106564,-0.012150446884334087,-0.33134177327156067,-21.77155876159668,2.0124242305755615,2.0124242305755615,0,0.0,-0.09598454087972641,-0.10691326856613159,-0.41676756739616394,-79.22596740722656,8.348960876464844,8.348960876464844,0,0.0,-0.00030916312243789434,0.0022269783075898886,-0.15342718362808228,-64.6750259399414,-6.359911918640137,-6.359911918640137,0
119,1.9833333333333334,2,2,spm1_platform_joint_x,0,,0,flat,0,5.70879602432251,3.526960849761963,0.14447534084320068,0.2,0.0,0.0,0.01320225652307272,0.011596902273595333,-0.3392443060874939,-7.926785945892334,2.1279661655426025,2.1279661655426025,0,0.0,-0.03483814001083374,-0.03568381443619728,0.2818134129047394,-10.821179389953613,-0.17185449600219727,-0.17185449600219727,0,-0.18781885504722595,-0.022395750507712364,-0.0028467397205531597,0.37027788162231445,104.85211944580078,-16.534870147705078,-16.534870147705078,0,0.0,-0.009677153080701828,-0.009777856059372425,0.30427151918411255,28.60593605041504,1.7871263027191162,1.7871263027191162,0,0.0,-0.027963509783148766,-0.030927957966923714,-0.01314823143184185,-21.11400032043457,0.6394455432891846,0.6394455432891846,0,0.0,0.00014019565423950553,-0.00318420073017478,-0.3853626847267151,-35.396297454833984,0.3691762089729309,0.3691762089729309,0
119,1.9833333333333334,3,3,spm2_platform_joint_z,0,,0,flat,0,6.518880367279053,4.403066635131836,0.144741028547287,0.2,0.0,0.0,0.03694097325205803,0.04205150529742241,0.044041428714990616,10.862251281738281,-4.51951265335083,-4.51951265335083,0,0.0,-0.005119406618177891,-0.0037287415470927954,-0.2274298518896103,-27.951393127441406,-0.5732150077819824,-0.5732150077819824,0,0.0,0.0015807431191205978,0.001321161980740726,0.020349562168121338,10.46933650970459,0.9574766159057617,0.9574766159057617,0,-0.18781885504722595,-0.10475895553827286,-0.0912371426820755,0.09942705184221268,2.878734588623047,-14.098589897155762,-14.098589897155762,0,0.0,-0.005477032624185085,-0.00309177883900702,0.1422073096036911,0.9387588500976562,-2.407226085662842,-2.407226085662842,0,0.0,-0.000202962284674868,-0.004323582164943218,0.0927095115184784,62.62181091308594,6.085054397583008,6.085054397583008,0
119,1.9833333333333334,4,4,spm2_platform_joint_y,0,,0,flat,0,5.523612022399902,5.077122211456299,0.14521855115890503,0.2,0.0,0.0,0.02156764641404152,0.02299751527607441,0.0088735893368721,14.859112739562988,-0.6001056432723999,-0.6001056432723999,0,0.0,-0.07990232110023499,-0.09453538060188293,-0.020334605127573013,28.276805877685547,18.288726806640625,18.288726806640625,0,0.0,0.0017567540053278208,0.0008083967841230333,0.07368604093790054,-5.371025085449219,0.584620475769043,0.584620475769043,0,0.0,0.006545883137732744,0.01149351242929697,0.00018346239812672138,-29.96748924255371,-6.538712501525879,-6.538712501525879,0,-0.18781885504722595,-0.10384014993906021,-0.08162877708673477,-0.05077332258224487,-30.757720947265625,-22.07332420349121,-22.07332420349121,0,0.0,-0.00124558771494776,-0.0009028558852151036,0.1711164116859436,-1.5759390592575073,-0.6125438213348389,-0.6125438213348389,0
119,1.9833333333333334,5,5,spm2_platform_joint_x,0,,0,flat,0,5.7235283851623535,4.572059631347656,0.14506083726882935,0.2,0.0,0.0,0.002712148241698742,0.002378487028181553,0.026343878358602524,4.7552947998046875,-0.1131872683763504,-0.1131872683763504,0,0.0,-0.005926698446273804,-0.004721193108707666,0.07288578152656555,-15.529767990112305,-2.695659875869751,-2.695659875869751,0,0.0,0.0017981573473662138,0.002574539976194501,0.2058861404657364,18.65117645263672,0.05064040422439575,0.05064040422439575,0,0.0,-0.014636863954365253,-0.0165336262434721,-0.05074183642864227,-12.23576545715332,1.4612224102020264,1.4612224102020264,0,0.0,-0.005026756785809994,-0.007254561875015497,0.06327994912862778,17.401975631713867,2.6184818744659424,2.6184818744659424,0,-0.18781885504722595,-0.026719888672232628,-0.001208423520438373,-0.07819068431854248,-4.543248176574707,-25.062305450439453,-25.062305450439453,0
120,2.0,0,0,spm1_platform_joint_z,0,,0,flat,0,5.160655498504639,4.978789329528809,0.14505787193775177,0.2,0.0,-0.19021129608154297,-0.12313209474086761,-0.12322355806827545,-0.5682951807975769,30.632429122924805,3.690524101257324,3.690524101257324,0,0.0,-0.000768794387113303,-0.004777462687343359,0.11437758803367615,7.743997097015381,1.9132132530212402,1.9132132530212402,0,0.0,0.0007785220514051616,0.005008344072848558,-0.1409108191728592,-98.98963165283203,-12.758890151977539,-12.758890151977539,0,0.0,0.03213127702474594,0.033784136176109314,0.01835150271654129,25.881900787353516,-0.3555886745452881,-0.3555886745452881,0,0.0,0.003998833242803812,-0.0037426664493978024,0.3548102080821991,60.26131820678711,4.979827880859375,4.979827880859375,0,0.0,-0.002764579141512513,-0.0018911686493083835,-0.16269484162330627,-43.614227294921875,-4.365241050720215,-4.365241050720215,0
120,2.0,1,1,spm1_platform_joint_y,0,,0,flat,0,6.3725457191467285,4.766812324523926,0.14559388160705566,0.2,0.0,0.0,0.009891989640891552,0.017922189086675644,0.5062986612319946,19.300289154052734,-8.827021598815918,-8.827021598815918,0,-0.19021129608154297,-0.1265934407711029,-0.11227709800004959,0.5533117055892944,58.51869201660156,-13.038217544555664,-13.038217544555664,0,0.0,-0.004838087595999241,-0.0015512745594605803,-0.32266533374786377,-71.61978912353516,-3.0167593955993652,-3.0167593955993652,0,0.0,-0.010530387051403522,-0.015328193083405495,-0.36758333444595337,-24.00408363342285,4.81593132019043,4.81593132019043,0,0.0,-0.0926581621170044,-0.10864478349685669,-0.26794368028640747,-17.055540084838867,16.4465389251709,16.4465389251709,0,0.0,0.0019300478743389249,0.00023353361757472157,-0.7904065251350403,-59.12135696411133,2.7557711601257324,2.7557711601257324,0
120,2.0,2,2,spm1_platform_joint_x,0,,0,flat,0,5.726690292358398,3.527116060256958,0.14514490962028503,0.2,0.0,0.0,0.01005064882338047,0.011899236589670181,0.2588139772415161,13.225146293640137,-1.9956471920013428,-1.9956471920013428,0,0.0,-0.030925972387194633,-0.031349774450063705,0.12486332654953003,-34.643184661865234,-3.0253970623016357,-3.0253970623016357,0,-0.19021129608154297,-0.027828684076666832,0.0009441385045647621,-0.2876121401786804,-51.72584533691406,-30.788116455078125,-30.788116455078125,0,0.0,-0.008474141359329224,-0.011306923814117908,-0.08672994375228882,6.787505149841309,3.736081123352051,3.736081123352051,0,0.0,-0.026804231107234955,-0.031782347708940506,0.40593215823173523,30.839689254760742,4.370716571807861,4.370716571807861,0,0.0,-0.002759640570729971,-0.003943882416933775,0.13363394141197205,31.181974411010742,1.1170406341552734,1.1170406341552734,0
120,2.0,3,3,spm2_platform_joint_z,0,,0,flat,0,6.534570217132568,4.404833793640137,0.1449127495288849,0.2,0.0,0.0,0.036444637924432755,0.044213950634002686,0.16513442993164062,13.812750816345215,-7.285253524780273,-7.285253524780273,0,0.0,-0.003231575945392251,-0.0009699836955405772,-0.09944155067205429,-17.746397018432617,-0.8839802742004395,-0.8839802742004395,0,0.0,0.0011450070887804031,0.0026234176475554705,0.06875187158584595,21.110580444335938,-1.2442891597747803,-1.2442891597747803,0,-0.19021129608154297,-0.10443370044231415,-0.09339269995689392,-0.2962951064109802,-18.90281867980957,-10.702147483825684,-10.702147483825684,0,0.0,-0.0026795417070388794,-0.0004686135798692703,-0.17023815214633942,-33.91831970214844,-1.6847171783447266,-1.6847171783447266,0,0.0,-0.0037471044342964888,-0.0006626337999477983,0.006143201142549515,-35.547767639160156,-5.113498687744141,-5.113498687744141,0
120,2.0,4,4,spm2_platform_joint_y,0,,0,flat,0,5.543281078338623,5.076765060424805,0.1449037492275238,0.2,0.0,0.0,0.019931180402636528,0.02162116952240467,-0.10895058512687683,3.220524787902832,-1.3926758766174316,-1.3926758766174316,0,0.0,-0.08193065971136093,-0.09080392122268677,0.4098273813724518,29.944820404052734,9.511576652526855,9.511576652526855,0,0.0,0.0007006105151958764,0.003675618441775441,0.5765093564987183,40.90713119506836,-3.0469117164611816,-3.0469117164611816,0,0.0,0.009961044415831566,0.011858586221933365,0.20095565915107727,19.08017349243164,-1.871401309967041,-1.871401309967041,0,-0.19021129608154297,-0.09610644727945328,-0.08132088929414749,-0.7660814523696899,-75.16232299804688,-14.226341247558594,-14.226341247558594,0,0.0,-0.0007824751082807779,-0.002346500288695097,0.190339133143425,54.17033004760742,2.461155652999878,2.461155652999878,0
120,2.0,5,5,spm2_platform_joint_x,0,,0,flat,0,5.735442638397217,4.571844100952148,0.14473050832748413,0.2,0.0,0.0,0.0020613553933799267,0.0018386841984465718,0.020228596404194832,6.103884220123291,0.3843553960323334,0.3843553960323334,0,0.0,-0.004091700538992882,-0.005694996565580368,-0.14174827933311462,-12.747157096862793,0.9232905507087708,0.9232905507087708,0,0.0,0.0022312679793685675,0.0017802425427362323,-0.09015204012393951,-3.0966291427612305,-0.2811702489852905,-0.2811702489852905,0,0.0,-0.01432914286851883,-0.013858801685273647,0.19722357392311096,-10.414477348327637,-0.9274740219116211,-0.9274740219116211,0,0.0,-0.00628728698939085,-0.005007637664675713,0.21141307055950165,-13.370924949645996,-3.036386013031006,-3.036386013031006,0,-0.19021129608154297,-0.0262084249407053,-0.004628948867321014,-0.25865867733955383,17.529733657836914,-20.4885311126709,-20.4885311126709,0
121,2.0166666666666666,0,0,spm1_platform_joint_z,0,,0,flat,0,5.176197528839111,4.98198938369751,0.14494217932224274,0.2,0.0,-0.19234825670719147,-0.13244017958641052,-0.13206154108047485,-0.4564312994480133,12.5675687789917,0.8909821510314941,0.8909821510314941,0,0.0,-0.004140467382967472,-0.015590319409966469,-0.06605828553438187,65.51585388183594,11.416557312011719,11.416557312011719,0,0.0,0.0043405648320913315,0.002787388162687421,-0.08247911930084229,1.57645583152771,1.8361015319824219,1.8361015319824219,0,0.0,0.02927958406507969,0.03377916291356087,-0.03756819665431976,-1.0231000185012817,-4.297612190246582,-4.297612190246582,0,0.0,-0.003243644256144762,-0.005487174727022648,0.7646685838699341,42.54130935668945,-1.001211404800415,-1.001211404800415,0,0.0,-0.001639012829400599,-0.0027654871810227633,-0.08560929447412491,-0.687568187713623,1.3545913696289062,1.3545913696289062,0
121,2.0166666666666666,1,1,spm1_platform_joint_y,0,,0,flat,0,6.391396999359131,4.7662787437438965,0.1450522243976593,0.2,0.0,0.0,0.01553256344050169,0.024919472634792328,0.34748247265815735,-43.795291900634766,-12.665689468383789,-12.665689468383789,0,-0.19234825670719147,-0.12295325100421906,-0.11144600808620453,-0.004238811321556568,65.98209381103516,-7.564653396606445,-7.564653396606445,0,0.0,-0.0013444379437714815,-0.0006864026072435081,-0.14983215928077698,7.7795844078063965,1.3976088762283325,1.3976088762283325,0,0.0,-0.013284433633089066,-0.01812777668237686,-0.01750410906970501,35.65260314941406,7.129549503326416,7.129549503326416,0,0.0,-0.09415881335735321,-0.10979805886745453,0.18763643503189087,47.52471160888672,18.672574996948242,18.672574996948242,0,0.0,0.00020239580771885812,-0.0035190435592085123,-0.25384271144866943,-7.236397743225098,4.7224225997924805,4.7224225997924805,0
121,2.0166666666666666,2,2,spm1_platform_joint_x,0,,0,flat,0,5.744356155395508,3.5275278091430664,0.14468157291412354,0.2,0.0,0.0,0.010312671773135662,0.013411784544587135,-0.11903636902570724,-28.219999313354492,-4.217851638793945,-4.217851638793945,0,0.0,-0.027169805020093918,-0.02745288424193859,-0.11309607326984406,-29.199459075927734,0.2994300127029419,0.2994300127029419,0,-0.19234825670719147,-0.02405586466193199,-0.0032629503402858973,0.08428552001714706,49.7111701965332,-18.976797103881836,-18.976797103881836,0,0.0,-0.009799334220588207,-0.010346717201173306,0.17057912051677704,14.291704177856445,1.0665409564971924,1.0665409564971924,0,0.0,-0.027544701471924782,-0.024580884724855423,0.13868823647499084,-20.214454650878906,-3.4772608280181885,-3.4772608280181885,0,0.0,-0.003418031381443143,-0.0030550030060112476,0.01725924015045166,-1.937414526939392,-0.3134287893772125,-0.3134287893772125,0
121,2.0166666666666666,3,3,spm2_platform_joint_z,0,,0,flat,0,6.54964542388916,4.406836032867432,0.14497032761573792,0.2,0.0,0.0,0.038318756967782974,0.04448350891470909,-0.005597677081823349,-7.366142749786377,-6.936809539794922,-6.936809539794922,0,0.0,-0.0008406525012105703,0.0002940144040621817,0.04692715406417847,5.276650428771973,-0.2520633041858673,-0.2520633041858673,0,0.0,0.0022736284881830215,0.0017694322159513831,-0.046468235552310944,-0.34581810235977173,0.3968459665775299,0.3968459665775299,0,-0.19234825670719147,-0.10658677667379379,-0.09696599096059799,-0.2012033760547638,8.8905611038208,-8.329139709472656,-8.329139709472656,0,0.0,-0.00040613175951875746,-0.00028495927108451724,-0.11126645654439926,-13.055509567260742,-0.36651718616485596,-0.36651718616485596,0,0.0,-0.0005742826033383608,-0.0016580693190917373,-0.035302966833114624,1.1870299577713013,0.94822096824646,0.94822096824646,0
121,2.0166666666666666,4,4,spm2_platform_joint_y,0,,0,flat,0,5.5627641677856445,5.0755934715271,0.1456349492073059,0.2,0.0,0.0,0.01873834617435932,0.020238442346453667,-0.3387804627418518,-37.85924530029297,-1.8137882947921753,-1.8137882947921753,0,0.0,-0.07869672775268555,-0.07935164123773575,-0.08100943267345428,-74.96914672851562,-0.36767578125,-0.36767578125,0,0.0,0.003185536013916135,0.0057633016258478165,0.38662731647491455,85.99496459960938,0.0813286304473877,0.0813286304473877,0,0.0,0.010277441702783108,0.01532002817839384,0.3916032016277313,21.024675369262695,-5.04581356048584,-5.04581356048584,0,-0.19234825670719147,-0.09612453728914261,-0.08522053807973862,-0.29370421171188354,34.7325553894043,-6.408928871154785,-6.408928871154785,0,0.0,-0.0020336336456239223,-0.001238565775565803,-0.07624370604753494,-13.334117889404297,-2.2418174743652344,-2.2418174743652344,0
121,2.0166666666666666,5,5,spm2_platform_joint_x,0,,0,flat,0,5.746739387512207,4.572009086608887,0.14475005865097046,0.2,0.0,0.0,0.0015935262199491262,0.00016223957936745137,-0.17507711052894592,-8.63984203338623,1.3703725337982178,1.3703725337982178,0,0.0,-0.0049356636591255665,-0.005540066864341497,0.10269622504711151,8.006850242614746,1.2589664459228516,1.2589664459228516,0,0.0,0.0015428768238052726,0.0005713857826776803,0.06058209761977196,-8.940179824829102,-1.097774624824524,-1.097774624824524,0,0.0,-0.012010961771011353,-0.013188401237130165,0.07797747105360031,20.416868209838867,1.9596505165100098,1.9596505165100098,0,0.0,-0.004339952487498522,-0.004001781344413757,-0.003360245143994689,-11.946479797363281,-1.7670499086380005,-1.7670499086380005,0,-0.19234825670719147,-0.029628951102495193,-0.0027617348823696375,0.025982176885008812,-25.949317932128906,-28.376298904418945,-28.376298904418945,0
122,2.033333333333333,0,0,spm1_platform_joint_z,0,,0,flat,0,5.19239616394043,4.985192775726318,0.14462783932685852,0.2,0.0,-0.19422686100006104,-0.14035025238990784,-0.13933809101581573,-0.4495590627193451,-0.2594304084777832,0.10837841033935547,0.10837841033935547,0,0.0,-0.013511610217392445,-0.018230203539133072,-0.12956511974334717,-7.558658123016357,5.4413886070251465,5.4413886070251465,0,0.0,0.0024157364387065172,0.0043907915242016315,0.22115036845207214,4.570155143737793,-1.8559740781784058,-1.8559740781784058,0,0.0,0.02927527390420437,0.03170820698142052,-0.056353840976953506,1.356415033340454,-3.411689043045044,-3.411689043045044,0,0.0,-0.004755551461130381,-0.005206504371017218,-0.046501275151968,-30.139686584472656,-3.2932915687561035,-3.2932915687561035,0,0.0,-0.0023967556189745665,-0.0012278378708288074,0.08358656615018845,-9.954556465148926,-0.7334433794021606,-0.7334433794021606,0
122,2.033333333333333,1,1,spm1_platform_joint_y,0,,0,flat,0,6.410121440887451,4.765550136566162,0.14526337385177612,0.2,0.0,0.0,0.0215968769043684,0.02982833981513977,-0.08203458786010742,-51.017555236816406,-9.00462818145752,-9.00462818145752,0,-0.19422686100006104,-0.12248345464468002,-0.10799091309309006,0.031798817217350006,-0.33230334520339966,-11.326979637145996,-11.326979637145996,0,0.0,-0.000594882236327976,0.0005555223906412721,0.02403533272445202,31.25434684753418,2.3004672527313232,2.3004672527313232,0,0.0,-0.01571073941886425,-0.018156614154577255,-0.06244559586048126,4.42160701751709,3.540584087371826,3.540584087371826,0,0.0,-0.09515831619501114,-0.11038125306367874,0.2550853192806244,10.976706504821777,10.557894706726074,10.557894706726074,0,0.0,-0.0030498376581817865,-0.002633467083796859,0.29408061504364014,46.03664779663086,1.2284467220306396,1.2284467220306396,0
122,2.033333333333333,2,2,spm1_platform_joint_x,0,,0,flat,0,5.76136589050293,3.528130531311035,0.14487797021865845,0.2,0.0,0.0,0.011623546481132507,0.013165728189051151,-0.03351270779967308,-3.2125260829925537,-1.7925305366516113,-1.7925305366516113,0,0.0,-0.02379249967634678,-0.024298405274748802,0.2500103712081909,-16.53657341003418,-1.280914306640625,-1.280914306640625,0,-0.19422686100006104,-0.028262952342629433,0.0025641871616244316,0.10850616544485092,-16.93724822998047,-31.280200958251953,-31.280200958251953,0,0.0,-0.008967154659330845,-0.012979802675545216,-0.060792528092861176,12.1754150390625,4.004854202270508,4.004854202270508,0,0.0,-0.021303433924913406,-0.02325643226504326,0.07198016345500946,-2.3922290802001953,1.1050699949264526,1.1050699949264526,0,0.0,-0.0026476692873984575,0.0004855807055719197,0.12878946959972382,-12.663400650024414,-3.548109531402588,-3.548109531402588,0
122,2.033333333333333,3,3,spm2_platform_joint_z,0,,0,flat,0,6.563991546630859,4.408725738525391,0.14465244114398956,0.2,0.0,0.0,0.03855237364768982,0.04422733187675476,0.055011942982673645,5.074240684509277,-5.923933029174805,-5.923933029174805,0,0.0,0.00025481247575953603,0.0011697994777932763,-0.061292242258787155,14.481416702270508,0.6240831613540649,0.6240831613540649,0,0.0,0.0015335079515352845,0.0007743235328234732,0.19199231266975403,32.04991149902344,1.054002046585083,1.054002046585083,0,-0.19422686100006104,-0.10993410646915436,-0.09868073463439941,-0.21753230690956116,-7.674558162689209,-10.944847106933594,-10.944847106933594,0,0.0,-0.0002469646860845387,0.0018139737658202648,-0.1518239974975586,-41.368289947509766,-2.576275110244751,-2.576275110244751,0,0.0,-0.001436993363313377,-0.003951031714677811,0.20004704594612122,41.51858901977539,3.3849449157714844,3.3849449157714844,0
122,2.033333333333333,4,4,spm2_platform_joint_y,0,,0,flat,0,5.582067012786865,5.075431823730469,0.1462213695049286,0.2,0.0,0.0,0.017539983615279198,0.014436363242566586,-0.5295904874801636,-13.293088912963867,4.562449932098389,4.562449932098389,0,0.0,-0.06877142190933228,-0.07575654238462448,-0.07900456339120865,-59.16433334350586,5.459168910980225,5.459168910980225,0,0.0,0.00499486131593585,0.006733677349984646,0.24129337072372437,3.9701967239379883,-3.3522510528564453,-3.3522510528564453,0,0.0,0.013277357444167137,0.0167069211602211,0.08697003871202469,-9.214207649230957,-4.587381362915039,-4.587381362915039,0,-0.19422686100006104,-0.0997547134757042,-0.08355600386857986,-0.18738920986652374,-29.304080963134766,-17.097414016723633,-17.097414016723633,0,0.0,-0.0010734236566349864,0.005101047456264496,0.21805237233638763,-44.1004524230957,-9.701864242553711,-9.701864242553711,0
122,2.033333333333333,5,5,spm2_platform_joint_x,0,,0,flat,0,5.757895469665527,4.572106838226318,0.14525559544563293,0.2,0.0,0.0,0.00014060763351153582,-0.0033290633000433445,-0.12442467361688614,4.63156270980835,3.4837498664855957,3.4837498664855957,0,0.0,-0.0048013911582529545,-0.00358680565841496,0.08081376552581787,0.9675809741020203,-1.0345425605773926,-1.0345425605773926,0,0.0,0.000495200976729393,0.0021349405869841576,0.0784091204404831,-9.121294975280762,-2.677309513092041,-2.677309513092041,0,0.0,-0.011429947800934315,-0.011871782131493092,0.0007363182958215475,-3.4432270526885986,0.7048687934875488,0.7048687934875488,0,0.0,-0.003468210343271494,-0.005217995494604111,-0.059805866330862045,-3.1225781440734863,1.4210944175720215,1.4210944175720215,0,-0.19422686100006104,-0.027761736884713173,-0.002719959942623973,-0.021100757643580437,0.5158547163009644,-24.65146827697754,-24.65146827697754,0
123,2.05,0,0,spm1_platform_joint_z,0,,0,flat,0,5.208179950714111,4.988374710083008,0.14504015445709229,0.2,0.0,-0.19584456086158752,-0.14687228202819824,-0.14641225337982178,-0.33703649044036865,9.6791410446167,0.42237401008605957,0.42237401008605957,0,0.0,-0.0157995093613863,-0.017867207527160645,0.4504622220993042,24.9492130279541,1.0934550762176514,1.0934550762176514,0,0.0,0.003805352607741952,0.003009358886629343,-0.17793765664100647,-0.90861976146698,0.969131350517273,0.969131350517273,0,0.0,0.02748044580221176,0.03013003058731556,-0.135276660323143,-2.8783581256866455,-2.342264175415039,-2.342264175415039,0,0.0,-0.00451230350881815,-0.010241723619401455,-0.10988444089889526,5.724368572235107,4.179351806640625,4.179351806640625,0,0.0,-0.0010641261469572783,-0.0014607644407078624,-0.12573041021823883,-2.9848389625549316,0.4220421314239502,0.4220421314239502,0
123,2.05,1,1,spm1_platform_joint_y,0,,0,flat,0,6.428506374359131,4.765028476715088,0.14486972987651825,0.2,0.0,0.0,0.025851227343082428,0.02852223813533783,-0.08463475853204727,-8.682028770446777,-2.944948196411133,-2.944948196411133,0,-0.19584456086158752,-0.1197047308087349,-0.10545264184474945,-0.24048131704330444,-26.8955078125,-13.359901428222656,-13.359901428222656,0,0.0,0.0004814527346752584,0.0013900418998673558,0.04126596823334694,6.980857849121094,0.19978412985801697,0.19978412985801697,0,0.0,-0.01573573239147663,-0.01912846975028515,-0.057461485266685486,5.376669406890869,3.5279245376586914,3.5279245376586914,0,0.0,-0.09566374868154526,-0.10463276505470276,0.0669996440410614,-5.060803413391113,10.04541301727295,10.04541301727295,0,0.0,-0.0022823382169008255,-0.0008911961340345442,-0.1677374690771103,-35.45026779174805,-1.7293293476104736,-1.7293293476104736,0
123,2.05,2,2,spm1_platform_joint_x,0,,0,flat,0,5.77768611907959,3.5283448696136475,0.14589321613311768,0.2,0.0,0.0,0.011410297825932503,0.010583950206637383,-0.17560362815856934,4.0780181884765625,1.4185817241668701,1.4185817241668701,0,0.0,-0.021058617159724236,-0.017786502838134766,0.28777065873146057,-23.861021041870117,-5.031943321228027,-5.031943321228027,0,-0.19584456086158752,-0.022435814142227173,-0.003924957476556301,-0.45928165316581726,-6.0816802978515625,-19.117769241333008,-19.117769241333008,0,0.0,-0.011249162256717682,-0.006386568769812584,0.5156218409538269,9.04881477355957,-4.625811576843262,-4.625811576843262,0,0.0,-0.02015557512640953,-0.02531319484114647,-0.00550435995683074,23.62944221496582,6.491936206817627,6.491936206817627,0,0.0,0.00042083661537617445,-0.00725104846060276,-0.5063489079475403,4.953052997589111,7.8734941482543945,7.8734941482543945,0
123,2.05,3,3,spm2_platform_joint_z,0,,0,flat,0,6.577807426452637,4.410407543182373,0.14465010166168213,0.2,0.0,0.0,0.038330353796482086,0.04435141384601593,0.04047546163201332,-0.37099868059158325,-5.808135986328125,-5.808135986328125,0,0.0,0.001013826229609549,0.0011046372819691896,0.014457196928560734,15.616215705871582,0.6260131001472473,0.6260131001472473,0,0.0,0.0006710803718306124,0.0037471940740942955,-0.06652741134166718,-14.720518112182617,-0.6785550117492676,-0.6785550117492676,0,-0.19584456086158752,-0.11163590848445892,-0.102309949696064,-0.20121832191944122,6.126306533813477,-9.571736335754395,-9.571736335754395,0,0.0,0.0015721105737611651,0.00364905153401196,-0.21099871397018433,-28.877544403076172,-2.030583143234253,-2.030583143234253,0,0.0,-0.0034242274705320597,-4.392761638882803e-06,-0.07879719138145447,-35.75239562988281,-3.609938144683838,-3.609938144683838,0
123,2.05,4,4,spm2_platform_joint_y,0,,0,flat,0,5.601107120513916,5.075798034667969,0.14671626687049866,0.2,0.0,0.0,0.01251151505857706,0.00873985793441534,-0.32952287793159485,-7.971289157867432,3.9071226119995117,3.9071226119995117,0,0.0,-0.0656556710600853,-0.07189083099365234,0.29321375489234924,31.587223052978516,8.266555786132812,8.266555786132812,0,0.0,0.0058358535170555115,0.008602390065789223,0.3789691627025604,28.062835693359375,-3.638937473297119,-3.638937473297119,0,0.0,0.01447933167219162,0.016946636140346527,0.08661358803510666,19.02979850769043,-1.6481602191925049,-1.6481602191925049,0,-0.19584456086158752,-0.09852781146764755,-0.0843266099691391,-0.45904266834259033,-28.38620948791504,-12.834726333618164,-12.834726333618164,0,0.0,0.004420907702296972,0.0038263495080173016,0.5170384645462036,75.92529296875,0.8938027620315552,0.8938027620315552,0
123,2.05,5,5,spm2_platform_joint_x,0,,0,flat,0,5.7689337730407715,4.57197380065918,0.14513427019119263,0.2,0.0,0.0,-0.0028851882088929415,-0.005603501107543707,-0.011335412971675396,9.217850685119629,2.7499759197235107,2.7499759197235107,0,0.0,-0.0031085647642612457,-0.002366726053878665,0.012674342840909958,-11.48017692565918,-1.314398169517517,-1.314398169517517,0,0.0,0.0018502818420529366,0.002811555052176118,0.04699556156992912,-2.297034502029419,-1.4504358768463135,-1.4504358768463135,0,0.0,-0.010288877412676811,-0.010257924906909466,0.10474421828985214,11.319916725158691,0.811771035194397,0.811771035194397,0,0.0,-0.0045222626067698,-0.0065684192813932896,0.04334445670247078,8.89374828338623,1.8224464654922485,1.8224464654922485,0,-0.19584456086158752,-0.02771996147930622,-0.0035089205484837294,-0.3132726550102234,-32.70127868652344,-24.72128677368164,-24.72128677368164,0
124,2.0666666666666664,0,0,spm1_platform_joint_z,0,,0,flat,0,5.224193096160889,4.991427421569824,0.1448836624622345,0.2,0.0,-0.19719921052455902,-0.15318384766578674,-0.15042614936828613,0.3136425316333771,87.33421325683594,0.6281793117523193,0.6281793117523193,0,0.0,-0.015484913252294064,-0.01552492380142212,-0.16149872541427612,-52.32151794433594,-2.0399744510650635,-2.0399744510650635,0,0.0,0.0026081111282110214,0.00041297453572042286,0.1161869540810585,21.704566955566406,0.4087861180305481,0.4087861180305481,0,0.0,0.026112692430615425,0.027407141402363777,-0.31902220845222473,-26.606111526489258,-2.04328989982605,-2.04328989982605,0,0.0,-0.008876160718500614,-0.017347637563943863,0.29862916469573975,56.57653045654297,7.408324241638184,7.408324241638184,0,0.0,-0.001265995902940631,-0.0029367178212851286,0.14257396757602692,28.120054244995117,1.7198307514190674,1.7198307514190674,0
124,2.0666666666666664,1,1,spm1_platform_joint_y,0,,0,flat,0,6.445962905883789,4.764093399047852,0.14494185149669647,0.2,0.0,0.0,0.024719271808862686,0.02817176841199398,-0.02826233021914959,9.350770950317383,-2.487410545349121,-2.487410545349121,0,-0.19719921052455902,-0.11768551915884018,-0.10269859433174133,0.0005166688933968544,2.0540518760681152,-12.531424522399902,-12.531424522399902,0,0.0,0.001204703003168106,-0.00175109610427171,0.17456957697868347,42.41395568847656,2.2353391647338867,2.2353391647338867,0,0.0,-0.016578007489442825,-0.015118426643311977,-0.030934691429138184,-44.16714096069336,-1.0967798233032227,-1.0967798233032227,0,0.0,-0.09068173170089722,-0.10320369899272919,-0.40347251296043396,-67.11233520507812,10.341300010681152,10.341300010681152,0,0.0,-0.0007723699673078954,-0.00714797293767333,-0.04047209769487381,55.81745529174805,7.656879425048828,7.656879425048828,0
124,2.0666666666666664,2,2,spm1_platform_joint_x,0,,0,flat,0,5.793357849121094,3.528329372406006,0.14641574025154114,0.2,0.0,0.0,0.009172757156193256,0.01040139701217413,0.038888029754161835,4.596249580383301,-0.9022817015647888,-0.9022817015647888,0,0.0,-0.015414969064295292,-0.01442430354654789,0.10194595158100128,-0.8643069863319397,-0.7429479360580444,-0.7429479360580444,0,-0.19719921052455902,-0.028924960643053055,-0.005985016468912363,0.053872913122177124,29.977712631225586,-21.411407470703125,-21.411407470703125,0,0.0,-0.005535026080906391,-0.0033115576952695847,-0.12238063663244247,-34.706180572509766,-3.0919899940490723,-3.0919899940490723,0,0.0,-0.021938102319836617,-0.02270561456680298,-0.026759162545204163,-29.594467163085938,-1.3699456453323364,-1.3699456453323364,0,0.0,-0.006284242030233145,-0.009449915029108524,0.10780557245016098,35.65846633911133,4.681377410888672,4.681377410888672,0
124,2.0666666666666664,3,3,spm2_platform_joint_z,0,,0,flat,0,6.591169834136963,4.411962509155273,0.14502155780792236,0.2,0.0,0.0,0.038437891751527786,0.04472074285149574,0.042210835963487625,0.19629299640655518,-6.487186431884766,-6.487186431884766,0,0.0,0.0009573522838763893,0.0035693456884473562,-0.016026275232434273,-12.771598815917969,-2.296020746231079,-2.296020746231079,0,0.0,0.0032475681509822607,0.002264968818053603,-0.07841937243938446,-4.668461799621582,0.7504827380180359,0.7504827380180359,0,-0.19719921052455902,-0.11496184766292572,-0.10407990217208862,-0.025520801544189453,20.75169563293457,-9.534290313720703,-9.534290313720703,0,0.0,0.0031625113915652037,0.0014369856799021363,-0.05969593673944473,13.577749252319336,2.376408338546753,2.376408338546753,0,0.0,-3.8070600112405373e-06,-0.001543788705021143,-0.3984832167625427,-42.327274322509766,0.988808274269104,0.988808274269104,0
124,2.0666666666666664,4,4,spm2_platform_joint_y,0,,0,flat,0,5.619281768798828,5.076054096221924,0.14707031846046448,0.2,0.0,0.0,0.007574543356895447,0.004404285456985235,-0.3474288582801819,-13.797932624816895,3.5577826499938965,3.5577826499938965,0,0.0,-0.06230538710951805,-0.06933712959289551,-0.12350435554981232,-24.41321563720703,6.445579528808594,6.445579528808594,0,0.0,0.007455404847860336,0.008513389155268669,-0.10445132106542587,-17.162113189697266,-2.0130186080932617,-2.0130186080932617,0,0.0,0.014687084592878819,0.014398460276424885,-0.15678438544273376,6.853845119476318,0.6438028812408447,0.6438028812408447,0,-0.19719921052455902,-0.09937629103660583,-0.08433715254068375,0.2856021523475647,35.3510856628418,-14.225390434265137,-14.225390434265137,0,0.0,0.0033161696046590805,0.005274277180433273,-0.15980735421180725,-10.449080467224121,-2.36525559425354,-2.36525559425354,0
124,2.0666666666666664,5,5,spm2_platform_joint_x,0,,0,flat,0,5.779769420623779,4.572144031524658,0.14471879601478577,0.2,0.0,0.0,-0.0048563675954937935,-0.007372209802269936,-0.1420040875673294,-2.437652349472046,2.1833934783935547,2.1833934783935547,0,0.0,-0.0020511625334620476,-0.004360957536846399,-0.09208500385284424,10.903619766235352,2.8345963954925537,2.8345963954925537,0,0.0,0.0024366809520870447,0.0004786047793459147,0.3085712790489197,36.13675308227539,3.8144478797912598,3.8144478797912598,0,0.0,-0.008890201337635517,-0.008266669698059559,-0.17682240903377533,-36.87331771850586,-1.8442938327789307,-1.8442938327789307,0,0.0,-0.00569263007491827,-0.002505148760974407,0.05879327654838562,-41.449893951416016,-5.33913516998291,-5.33913516998291,0,-0.19719921052455902,-0.028508922085165977,-0.0037182411178946495,0.25490832328796387,32.56267547607422,-22.835662841796875,-22.835662841796875,0
125,2.0833333333333335,0,0,spm1_platform_joint_z,0,,0,flat,0,5.24091911315918,4.993717193603516,0.14485974609851837,0.2,0.0,-0.19828897714614868,-0.15680785477161407,-0.1523623764514923,-0.2911720275878906,-30.785228729248047,-6.374288082122803,-6.374288082122803,0,0.0,-0.013454933650791645,-0.016821131110191345,0.137380450963974,9.653189659118652,2.948241710662842,2.948241710662842,0,0.0,0.00035791125264950097,0.0036959173157811165,0.10032486170530319,-34.33283233642578,-5.740403175354004,-5.740403175354004,0,0.0,0.023752855136990547,0.02603524923324585,-0.022133680060505867,9.267820358276367,-1.1708130836486816,-1.1708130836486816,0,0.0,-0.01503461878746748,-0.01510610431432724,0.2622627317905426,-1.4817380905151367,-2.1707258224487305,-2.1707258224487305,0,0.0,-0.0025451553519815207,-0.001459420775063336,0.0982772558927536,-0.6532591581344604,-1.1936944723129272,-1.1936944723129272,0
125,2.0833333333333335,1,1,spm1_platform_joint_y,0,,0,flat,0,6.462561130523682,4.7640180587768555,0.14502441883087158,0.2,0.0,0.0,0.024415532127022743,0.02728978730738163,-0.02118271216750145,11.554402351379395,-2.1027605533599854,-2.1027605533599854,0,-0.19828897714614868,-0.11544398218393326,-0.1008417010307312,-0.0008842560928314924,-10.821005821228027,-14.8414306640625,-14.8414306640625,0,0.0,-0.001517616561613977,0.0017630677903071046,0.16879864037036896,-2.9171383380889893,-3.817833185195923,-3.817833185195923,0,0.0,-0.013102635741233826,-0.01752072013914585,-0.11209159344434738,-5.6295857429504395,4.039638996124268,4.039638996124268,0,0.0,-0.08944320678710938,-0.10404542088508606,-0.17793330550193787,0.9363770484924316,16.186656951904297,16.186656951904297,0,0.0,-0.006194910034537315,-0.002260560402646661,0.28070807456970215,9.850031852722168,-3.398972511291504,-3.398972511291504,0
125,2.0833333333333335,2,2,spm1_platform_joint_x,0,,0,flat,0,5.808626174926758,3.528930425643921,0.14667809009552002,0.2,0.0,0.0,0.009014544077217579,0.009039361029863358,-0.03997667506337166,-4.628324508666992,-0.35404059290885925,-0.35404059290885925,0,0.0,-0.012501062825322151,-0.010060185566544533,0.11126308888196945,-15.046730995178223,-3.1628525257110596,-3.1628525257110596,0,-0.19828897714614868,-0.030985018238425255,-0.00446231197565794,0.003403482958674431,-4.67966365814209,-26.964284896850586,-26.964284896850586,0,0.0,-0.0028700167313218117,-0.005307006184011698,-0.06418919563293457,2.021378993988037,2.7011005878448486,2.7011005878448486,0,0.0,-0.019678199663758278,-0.022425437346100807,-0.027887986972928047,-3.2372512817382812,3.2414634227752686,3.2414634227752686,0,0.0,-0.00818992592394352,-0.0066601308062672615,0.08497264236211777,-1.6794517040252686,-1.779138207435608,-1.779138207435608,0
125,2.0833333333333335,3,3,spm2_platform_joint_z,0,,0,flat,0,6.604001998901367,4.4134955406188965,0.14482975006103516,0.2,0.0,0.0,0.03875797614455223,0.04525565728545189,0.1187000647187233,2.7075934410095215,-7.262696266174316,-7.262696266174316,0,0.0,0.003093432867899537,0.003920555580407381,-0.07092709839344025,-7.686018466949463,-0.9949729442596436,-0.9949729442596436,0,0.0,0.0019629730377346277,0.0008502235868945718,-0.021574661135673523,8.797185897827148,1.421100378036499,1.421100378036499,0,-0.19828897714614868,-0.11664111167192459,-0.10500489920377731,-0.2812645435333252,-21.64115333557129,-11.880757331848145,-11.880757331848145,0,0.0,0.0012453875970095396,0.0026434834580868483,0.44460511207580566,58.845882415771484,-0.14898791909217834,-0.14898791909217834,0,0.0,-0.0013379502343013883,-0.003127515781670809,-0.0215643048286438,26.576940536499023,5.265013694763184,5.265013694763184,0
125,2.0833333333333335,4,4,spm2_platform_joint_y,0,,0,flat,0,5.63682746887207,5.076465606689453,0.14723113179206848,0.2,0.0,0.0,0.003817047458142042,0.0007258134428411722,-0.07700485736131668,18.220911026000977,4.148704528808594,4.148704528808594,0,0.0,-0.060092177242040634,-0.0695628747344017,-0.09552544355392456,10.622713088989258,11.316743850708008,11.316743850708008,0,0.0,0.007378270383924246,0.007929137907922268,0.04381362348794937,8.776163101196289,-0.17558404803276062,-0.17558404803276062,0,0.0,0.012478665448725224,0.01282723993062973,-0.12688221037387848,-8.966352462768555,-0.5319605469703674,-0.5319605469703674,0,-0.19828897714614868,-0.09953072667121887,-0.08415424823760986,-0.22474096715450287,-22.07101821899414,-15.797070503234863,-15.797070503234863,0,0.0,0.0045710401609539986,0.00288773444481194,-0.10544624924659729,8.070343017578125,2.2759013175964355,2.2759013175964355,0
125,2.0833333333333335,5,5,spm2_platform_joint_x,0,,0,flat,0,5.790608882904053,4.572479248046875,0.14476335048675537,0.2,0.0,0.0,-0.006389248184859753,-0.011506345123052597,-0.13940919935703278,-1.8189427852630615,4.378179550170898,4.378179550170898,0,0.0,-0.003779496531933546,-0.0038760295137763023,-0.05805205926299095,-6.029273509979248,0.5349549055099487,0.5349549055099487,0,0.0,0.00041479081846773624,0.004072625655680895,0.03231591731309891,-21.821483612060547,-4.625903129577637,-4.625903129577637,0,0.0,-0.0071644471026957035,-0.008968856185674667,0.02231505699455738,16.99330711364746,2.958160638809204,2.958160638809204,0,0.0,-0.002171128988265991,-0.0006184676894918084,-0.03355925902724266,-7.944247245788574,-1.326650857925415,-1.326650857925415,0,-0.19828897714614868,-0.028718244284391403,-3.9472633943660185e-05,-0.024371862411499023,-26.414695739746094,-29.2646541595459,-29.2646541595459,0
126,2.1,0,0,spm1_platform_joint_z,0,,0,flat,0,5.257346153259277,4.996509552001953,0.14484933018684387,0.2,0.0,-0.19911238551139832,-0.1585957109928131,-0.15883004665374756,-0.5446450710296631,-15.56488037109375,1.2126712799072266,1.2126712799072266,0,0.0,-0.014578313566744328,-0.015424303710460663,0.08695842325687408,-9.356816291809082,0.2178422212600708,0.2178422212600708,0,0.0,0.003203128231689334,0.0033125292975455523,-0.046349961310625076,-7.023117542266846,-0.3937727212905884,-0.3937727212905884,0,0.0,0.022563882172107697,0.02535920962691307,0.1582525670528412,20.721839904785156,-3.294985055923462,-3.294985055923462,0,0.0,-0.013091957196593285,-0.01737917587161064,0.05015232041478157,-12.003581047058105,1.0847258567810059,1.0847258567810059,0,0.0,-0.0012648312840610743,-0.0009021725854836404,0.2529120147228241,25.07187271118164,-0.46622082591056824,-0.46622082591056824,0
126,2.1,1,1,spm1_platform_joint_y,0,,0,flat,0,6.478723049163818,4.763843059539795,0.14497748017311096,0.2,0.0,0.0,0.02365114912390709,0.027823278680443764,-0.016014590859413147,-5.287566661834717,-4.081906795501709,-4.081906795501709,0,-0.19911238551139832,-0.11394445598125458,-0.10095707327127457,-0.0591806136071682,-2.082425594329834,-12.040567398071289,-12.040567398071289,0,0.0,0.0015279920771718025,-0.00037237105425447226,-0.25510692596435547,-3.1150853633880615,2.414210319519043,2.414210319519043,0,0.0,-0.015184624120593071,-0.016392547637224197,0.283530056476593,15.892724990844727,0.8665398359298706,0.8665398359298706,0,0.0,-0.09017270058393478,-0.10048338770866394,-0.18449439108371735,-8.847306251525879,11.60546875,11.60546875,0,0.0,-0.0019591522868722677,-0.001982681453227997,-0.16906321048736572,-3.7779700756073,0.6953588724136353,0.6953588724136353,0
126,2.1,2,2,spm1_platform_joint_x,0,,0,flat,0,5.823545932769775,3.5293354988098145,0.14573606848716736,0.2,0.0,0.0,0.007834113202989101,0.008089910261332989,-0.06780708581209183,-10.136807441711426,-0.8759201765060425,-0.8759201765060425,0,0.0,-0.008718827739357948,-0.009666653349995613,-0.23311783373355865,-38.08622360229492,-0.8736530542373657,-0.8736530542373657,0,-0.19911238551139832,-0.029462315142154694,-0.0014547520549967885,-0.07095402479171753,-20.055187225341797,-27.01944351196289,-27.01944351196289,0,0.0,-0.004599405452609062,-0.005770589224994183,0.030207771807909012,24.226551055908203,2.827817678451538,2.827817678451538,0,0.0,-0.019435379654169083,-0.016765357926487923,0.6458362936973572,27.97222900390625,-2.9210896492004395,-2.9210896492004395,0,0.0,-0.005772113334387541,-0.007153095677495003,-0.018346071243286133,32.630863189697266,3.1424927711486816,3.1424927711486816,0
126,2.1,3,3,spm2_platform_joint_z,0,,0,flat,0,6.616488933563232,4.4149041175842285,0.144574373960495,0.2,0.0,0.0,0.039221569895744324,0.044690970331430435,0.011154978536069393,0.32854634523391724,-6.097467422485352,-6.097467422485352,0,0.0,0.003397814929485321,0.001588671002537012,-0.07147762179374695,26.56197738647461,4.076526641845703,4.076526641845703,0,0.0,0.0007368604419752955,0.002662314334884286,0.1919625699520111,31.240360260009766,1.082249402999878,1.082249402999878,0,-0.19911238551139832,-0.11755256354808807,-0.10724922269582748,-0.0934567004442215,8.830636978149414,-9.908732414245605,-9.908732414245605,0,0.0,0.0022910190746188164,0.0052468725480139256,-0.021683843806385994,-33.39790344238281,-5.950901031494141,-5.950901031494141,0,0.0,-0.0027105137705802917,-0.0009086580248549581,0.20762252807617188,31.794017791748047,1.431555986404419,1.431555986404419,0
126,2.1,4,4,spm2_platform_joint_y,0,,0,flat,0,5.653963088989258,5.0767621994018555,0.1465354710817337,0.2,0.0,0.0,0.0006290383171290159,-0.0030402615666389465,-0.23150278627872467,2.474775791168213,3.9575390815734863,3.9575390815734863,0,0.0,-0.060287825763225555,-0.07080866396427155,-0.20870377123355865,-11.509438514709473,10.452558517456055,10.452558517456055,0,0.0,0.006871919613331556,0.005794103257358074,-0.13588201999664307,-10.048541069030762,0.09064033627510071,0.09064033627510071,0,0.0,0.011116941459476948,0.011610787361860275,-0.07115054130554199,-5.293047904968262,-0.8290221691131592,-0.8290221691131592,0,-0.19911238551139832,-0.09948199987411499,-0.08325204253196716,0.06817688792943954,24.963726043701172,-13.676448822021484,-13.676448822021484,0,0.0,0.002502703107893467,0.005152594298124313,-0.05124828964471817,-17.75534439086914,-1.633087396621704,-1.633087396621704,0
126,2.1,5,5,spm2_platform_joint_x,0,,0,flat,0,5.801475524902344,4.572380065917969,0.14490282535552979,0.2,0.0,0.0,-0.00997216533869505,-0.01363601814955473,0.04990455508232117,17.44188117980957,4.018094539642334,4.018094539642334,0,0.0,-0.0033592255786061287,-0.0015307527501136065,0.07125605642795563,-0.7932382822036743,-1.3722801208496094,-1.3722801208496094,0,0.0,0.0035296089481562376,0.0016796875279396772,-0.14628401398658752,-9.879847526550293,1.0833778381347656,1.0833778381347656,0,0.0,-0.0077730086632072926,-0.006509843748062849,0.05622228607535362,-3.652872323989868,-0.9799419641494751,-0.9799419641494751,0,0.0,-0.0005360053037293255,-0.0013304243329912424,-0.10185055434703827,-6.593564987182617,0.8911303281784058,0.8911303281784058,0,-0.19911238551139832,-0.02503947541117668,-0.0013501254143193364,-0.1471019685268402,-5.711696147918701,-23.439746856689453,-23.439746856689453,0
127,2.1166666666666667,0,0,spm1_platform_joint_z,0,,0,flat,0,5.273782730102539,4.998905658721924,0.1448974311351776,0.2,0.0,-0.19966836273670197,-0.1642751544713974,-0.16704140603542328,-0.348976731300354,13.814277648925781,4.277413368225098,4.277413368225098,0,0.0,-0.013367729261517525,-0.017300358042120934,0.18296293914318085,23.46643829345703,3.2816617488861084,3.2816617488861084,0,0.0,0.002870858646929264,0.007678174413740635,-0.1545259803533554,-59.3924674987793,-6.595521926879883,-6.595521926879883,0,0.0,0.02197798155248165,0.02474423684179783,-0.12600447237491608,1.4843130111694336,-2.389603614807129,-2.389603614807129,0,0.0,-0.01506195217370987,-0.01739318110048771,0.4857728183269501,37.24134063720703,1.0044194459915161,1.0044194459915161,0,0.0,-0.0007818829035386443,0.0003343513235449791,-0.11943849176168442,-13.212692260742188,-1.8675295114517212,-1.8675295114517212,0
127,2.1166666666666667,1,1,spm1_platform_joint_y,0,,0,flat,0,6.4941725730896,4.76320219039917,0.14500823616981506,0.2,0.0,0.0,0.024113507941365242,0.027728749439120293,-0.12245818227529526,-30.883054733276367,-5.479607582092285,-5.479607582092285,0,-0.19966836273670197,-0.11411857604980469,-0.0978548675775528,-0.023666556924581528,2.1003029346466064,-14.129905700683594,-14.129905700683594,0,0.0,-0.0003227215784136206,0.0007349106017500162,0.1901237815618515,7.278134822845459,-0.2107149362564087,-0.2107149362564087,0,0.0,-0.014206874184310436,-0.01303953304886818,0.0860736072063446,2.996289014816284,-0.9935776591300964,-0.9935776591300964,0,0.0,-0.08708560466766357,-0.09923683106899261,-0.3034129738807678,11.532822608947754,15.760246276855469,15.760246276855469,0,0.0,-0.0017183239106088877,-0.00363161345012486,0.04527309164404869,14.498727798461914,3.3907418251037598,3.3907418251037598,0
127,2.1166666666666667,2,2,spm1_platform_joint_x,0,,0,flat,0,5.837741851806641,3.530153274536133,0.14540943503379822,0.2,0.0,0.0,0.007011255249381065,0.005581383593380451,-0.1596178263425827,-12.641477584838867,0.49604532122612,0.49604532122612,0,0.0,-0.008377766236662865,-0.008680672384798527,-0.05614395812153816,-12.968348503112793,1.1886050701141357,1.1886050701141357,0,-0.19966836273670197,-0.026454754173755646,0.00011085852020187303,-0.05471445620059967,-24.06966209411621,-26.969173431396484,-26.969173431396484,0,0.0,-0.005001177079975605,-0.007201950531452894,-0.05124911665916443,21.017963409423828,3.0508806705474854,3.0508806705474854,0,0.0,-0.01452997699379921,-0.010710976086556911,-0.025031693279743195,-2.832047700881958,-3.0128262042999268,-3.0128262042999268,0,0.0,-0.006199349649250507,-0.0035095668863505125,0.15541070699691772,-8.162400245666504,-2.481205701828003,-2.481205701828003,0
127,2.1166666666666667,3,3,spm2_platform_joint_z,0,,0,flat,0,6.628756046295166,4.416003227233887,0.14501337707042694,0.2,0.0,0.0,0.038732174783945084,0.0455595999956131,0.0907086431980133,8.005693435668945,-5.9703545570373535,-5.9703545570373535,0,0.0,0.0013768482021987438,0.004340613726526499,0.10058778524398804,13.710100173950195,-0.4869805574417114,-0.4869805574417114,0,0.0,0.0023073391057550907,0.0013024747604504228,-0.13243356347084045,-34.460716247558594,-3.3565196990966797,-3.3565196990966797,0,-0.19966836273670197,-0.11957177519798279,-0.10772031545639038,-0.0722898617386818,3.8017890453338623,-10.884754180908203,-10.884754180908203,0,0.0,0.004547289572656155,0.002755005145445466,-0.21195925772190094,-16.79161262512207,0.28667283058166504,0.28667283058166504,0,0.0,-0.0007875036098994315,-0.0011656808201223612,-0.13854758441448212,-40.2186164855957,-3.75258731842041,-3.75258731842041,0
127,2.1166666666666667,4,4,spm2_platform_joint_y,0,,0,flat,0,5.670653343200684,5.076732158660889,0.14546971023082733,0.2,0.0,0.0,-0.0026348934043198824,-0.006017528474330902,-0.1676054298877716,2.8121066093444824,3.8253865242004395,3.8253865242004395,0,0.0,-0.06136750802397728,-0.0735420435667038,-0.41168707609176636,-7.709777355194092,13.920278549194336,13.920278549194336,0,0.0,0.005021556280553341,0.006581556983292103,-0.08816215395927429,13.0076265335083,-0.5288774967193604,-0.5288774967193604,0,0.0,0.010062682442367077,0.009571939706802368,-0.035231880843639374,17.16802215576172,1.2092581987380981,1.2092581987380981,0,-0.19966836273670197,-0.09877421706914902,-0.07633350789546967,0.04972755163908005,-29.691993713378906,-22.119571685791016,-22.119571685791016,0,0.0,0.004465581849217415,0.0012995529687032104,-0.1704140305519104,11.06655502319336,4.153598785400391,4.153598785400391,0
127,2.1166666666666667,5,5,spm2_platform_joint_x,0,,0,flat,0,5.812356472015381,4.572182655334473,0.14478430151939392,0.2,0.0,0.0,-0.01181788183748722,-0.014226235449314117,-0.09629201143980026,-17.82412338256836,1.3052244186401367,1.3052244186401367,0,0.0,-0.001326652360148728,0.0005026328726671636,-0.03094807267189026,-10.69389533996582,-2.2814714908599854,-2.2814714908599854,0,0.0,0.001455729128792882,0.0012182327918708324,0.0321301631629467,27.294981002807617,3.649207592010498,3.649207592010498,0,0.0,-0.005641864612698555,-0.003620432922616601,-0.07049138844013214,-33.871429443359375,-2.85711932182312,-2.85711932182312,0,0.0,-0.0011530343908816576,-0.0003271461755502969,0.13860410451889038,25.537927627563477,1.297861099243164,1.297861099243164,0,-0.19966836273670197,-0.026350127533078194,-0.004988628905266523,0.043978251516819,55.61583709716797,-19.28876304626465,-19.28876304626465,0
128,2.1333333333333333,0,0,spm1_platform_joint_z,0,,0,flat,0,5.290215969085693,5.001520156860352,0.14516155421733856,0.2,0.0,-0.19995613396167755,-0.17143003642559052,-0.1745448261499405,-0.6268043518066406,-27.84729766845703,2.7321414947509766,2.7321414947509766,0,0.0,-0.014993643388152122,-0.0181499645113945,0.21236534416675568,36.033973693847656,3.2417402267456055,3.2417402267456055,0,0.0,0.006654417607933283,0.005186922382563353,0.07091499865055084,11.811925888061523,0.6235257387161255,0.6235257387161255,0,0.0,0.021445006132125854,0.02487628534436226,0.2705986499786377,37.01413345336914,-1.9529463052749634,-1.9529463052749634,0,0.0,-0.015074090100824833,-0.020177245140075684,0.39079517126083374,39.91178512573242,2.6893484592437744,2.6893484592437744,0,0.0,0.0002897711528930813,0.002435253234580159,0.4668867290019989,25.637737274169922,-1.5646002292633057,-1.5646002292633057,0
128,2.1333333333333333,1,1,spm1_platform_joint_y,0,,0,flat,0,6.509151935577393,4.762936115264893,0.14502209424972534,0.2,0.0,0.0,0.024031583219766617,0.028289861977100372,0.10377886146306992,3.9499900341033936,-3.672821521759033,-3.672821521759033,0,-0.19995613396167755,-0.1114683672785759,-0.09617672115564346,-0.17259445786476135,-0.04642903804779053,-13.029276847839355,-13.029276847839355,0,0.0,0.0006369225447997451,0.0014800014905631542,-0.18163256347179413,-43.36812973022461,-3.965806245803833,-3.965806245803833,0,0.0,-0.011300928890705109,-0.011944684199988842,0.2325804978609085,28.207693099975586,1.6775685548782349,1.6775685548782349,0,0.0,-0.08600525557994843,-0.09681111574172974,-0.19881053268909454,-51.28559494018555,9.506220817565918,9.506220817565918,0,0.0,-0.003147398354485631,-0.00409276457503438,-0.17522737383842468,-20.98793601989746,-0.4515184164047241,-0.4515184164047241,0
128,2.1333333333333333,2,2,spm1_platform_joint_x,0,,0,flat,0,5.851684093475342,3.5307676792144775,0.14529690146446228,0.2,0.0,0.0,0.004837199114263058,0.0030936524271965027,0.03356035426259041,13.789349555969238,1.3181591033935547,1.3181591033935547,0,0.0,-0.007523249369114637,-0.005578862503170967,0.057226065546274185,-19.393754959106445,-2.0811688899993896,-2.0811688899993896,0,-0.19995613396167755,-0.0248891431838274,-0.000721663876902312,-0.009654593653976917,30.396848678588867,-22.471038818359375,-22.471038818359375,0,0.0,-0.006241690367460251,-0.006412785965949297,-0.016321945935487747,-9.27685832977295,0.6252316832542419,0.6252316832542419,0,0.0,-0.009282846003770828,-0.009034627117216587,-0.1037469208240509,-0.7533350586891174,0.8602941036224365,0.8602941036224365,0,0.0,-0.0030416245572268963,-0.0027617551386356354,-0.06964140385389328,3.8618695735931396,0.09301155805587769,0.09301155805587769,0
128,2.1333333333333333,3,3,spm2_platform_joint_z,0,,0,flat,0,6.640577793121338,4.417179584503174,0.14495478570461273,0.2,0.0,0.0,0.039484985172748566,0.04612589627504349,0.06610411405563354,7.041344165802002,-6.355653285980225,-6.355653285980225,0,0.0,0.003761865198612213,0.004326102789491415,-0.13453325629234314,-15.745139122009277,-1.4473599195480347,-1.4473599195480347,0,0.0,0.00112881138920784,0.0006432206719182432,0.1758963167667389,24.75802993774414,1.7367641925811768,1.7367641925811768,0,-0.19995613396167755,-0.12001842260360718,-0.10833263397216797,-0.21491923928260803,-15.45212173461914,-10.954092025756836,-10.954092025756836,0,0.0,0.0023876710329204798,0.004806782118976116,0.05613939091563225,14.640193939208984,0.32313239574432373,0.32313239574432373,0,0.0,-0.0010102567030116916,-0.0029776582960039377,-0.06058782711625099,-10.845939636230469,-0.4404555559158325,-0.4404555559158325,0
128,2.1333333333333333,4,4,spm2_platform_joint_y,0,,0,flat,0,5.686546802520752,5.0766401290893555,0.14517831802368164,0.2,0.0,0.0,-0.0052151912823319435,-0.010495907627046108,-0.17598307132720947,19.219738006591797,6.117745399475098,6.117745399475098,0,0.0,-0.0637364387512207,-0.07282891124486923,0.011860467493534088,4.5293426513671875,10.909147262573242,10.909147262573242,0,0.0,0.005704015959054232,0.0014289760729297996,-0.19751569628715515,-9.028722763061523,2.9615931510925293,2.9615931510925293,0,0.0,0.008295681327581406,0.012906903401017189,0.16860553622245789,-15.736323356628418,-5.217393398284912,-5.217393398284912,0,-0.19995613396167755,-0.09281652420759201,-0.07564368844032288,-0.36692968010902405,-11.310153007507324,-15.330913543701172,-15.330913543701172,0,0.0,0.0011262792395427823,-0.00249099126085639,-0.05377718433737755,12.668477058410645,3.876155376434326,3.876155376434326,0
128,2.1333333333333333,5,5,spm2_platform_joint_x,0,,0,flat,0,5.823359489440918,4.572423934936523,0.14496174454689026,0.2,0.0,0.0,-0.01232940424233675,-0.018373074010014534,-0.11151768267154694,-1.7826292514801025,4.800677299499512,4.800677299499512,0,0.0,0.0004356151621323079,0.0014453115873038769,-0.022981788963079453,1.7107504606246948,-0.0014126002788543701,-0.0014126002788543701,0,0.0,0.0010558017529547215,0.002203145530074835,-0.020038282498717308,-6.726434707641602,-1.3312832117080688,-1.3312832117080688,0,0.0,-0.0031377084087580442,-0.003557305783033371,0.046090543270111084,12.613706588745117,1.599215030670166,1.599215030670166,0,0.0,-0.00028352669323794544,0.001889064908027649,-0.12455914169549942,-20.273128509521484,-1.9829200506210327,-1.9829200506210327,0,-0.19995613396167755,-0.02998863160610199,-0.0019031378906220198,0.048568300902843475,-5.788866996765137,-27.806934356689453,-27.806934356689453,0
129,2.15,0,0,spm1_platform_joint_z,0,,0,flat,0,5.306934356689453,5.004170894622803,0.14595086872577667,0.2,0.0,-0.19997532665729523,-0.17793555557727814,-0.1812831312417984,-0.3016946315765381,28.74285125732422,5.967594623565674,5.967594623565674,0,0.0,-0.01572996936738491,-0.019024726003408432,0.006647559814155102,48.778099060058594,5.970547676086426,5.970547676086426,0,0.0,0.004495332948863506,0.006001617293804884,0.0648803561925888,-7.550037384033203,-2.5729970932006836,-2.5729970932006836,0,0.0,0.021559447050094604,0.02494262345135212,0.03908231109380722,-23.34680938720703,-5.941924095153809,-5.941924095153809,0,0.0,-0.017486944794654846,-0.02301013469696045,0.09947705268859863,25.676156997680664,4.737776756286621,4.737776756286621,0,0.0,0.002110552741214633,0.002403535880148411,0.037220727652311325,-32.84039306640625,-4.48682165145874,-4.48682165145874,0
129,2.15,1,1,spm1_platform_joint_y,0,,0,flat,0,6.523595333099365,4.76201868057251,0.14480330049991608,0.2,0.0,0.0,0.024517880752682686,0.030586574226617813,0.0907515287399292,-0.4190441966056824,-5.939180850982666,-5.939180850982666,0,-0.19997532665729523,-0.11001653969287872,-0.097212053835392,-0.16421686112880707,-6.437450885772705,-12.073184967041016,-12.073184967041016,0,0.0,0.00128266797401011,-0.0007911508437246084,-0.11336348950862885,2.990568161010742,2.4174745082855225,2.4174745082855225,0,0.0,-0.0103520592674613,-0.00928718876093626,0.19882316887378693,-7.526112079620361,-2.3330883979797363,-2.3330883979797363,0,0.0,-0.08390296995639801,-0.09508028626441956,-0.05189267173409462,7.526660919189453,13.269353866577148,13.269353866577148,0,0.0,-0.0035470626316964626,-0.0038188749458640814,-0.04177168011665344,2.0944395065307617,0.6287918090820312,0.6287918090820312,0
129,2.15,2,2,spm1_platform_joint_x,0,,0,flat,0,5.865702152252197,3.530973434448242,0.1448294222354889,0.2,0.0,0.0,0.0026811654679477215,0.002303549088537693,-0.07097479701042175,-11.973223686218262,-0.5869931578636169,-0.5869931578636169,0,0.0,-0.00483501423150301,-0.0019388808868825436,-0.18290570378303528,-23.805931091308594,-2.9798643589019775,-2.9798643589019775,0,-0.19997532665729523,-0.02572166547179222,0.001101344358175993,0.19284650683403015,25.674697875976562,-25.71492576599121,-25.71492576599121,0,0.0,-0.005557747557759285,-0.0054929135367274284,-0.16966822743415833,-29.374380111694336,0.20067185163497925,0.20067185163497925,0,0.0,-0.007830009795725346,-0.0016010350082069635,-0.21595896780490875,-22.953516006469727,-2.3280770778656006,-2.3280770778656006,0,0.0,-0.002393521135672927,-0.003900993848219514,0.3604341447353363,55.00312042236328,2.0887210369110107,2.0887210369110107,0
129,2.15,3,3,spm2_platform_joint_z,0,,0,flat,0,6.652281284332275,4.418186187744141,0.1446027010679245,0.2,0.0,0.0,0.03997577726840973,0.04572288319468498,0.011875471100211143,-2.6307015419006348,-6.498451232910156,-6.498451232910156,0,0.0,0.003749289084225893,0.00181399320717901,0.012246486730873585,4.273344039916992,1.4722518920898438,1.4722518920898438,0,0.0,0.0005574579117819667,0.0032102633267641068,0.15760605037212372,-27.698698043823242,-4.956275463104248,-4.956275463104248,0,-0.19997532665729523,-0.12055166065692902,-0.10988366603851318,-0.11525096744298935,5.371315956115723,-9.517219543457031,-9.517219543457031,0,0.0,0.004165877588093281,0.005849916022270918,-0.020789451897144318,4.127730369567871,-0.8138603568077087,-0.8138603568077087,0,0.0,-0.002580637112259865,-0.002477143192663789,0.16350097954273224,1.5364086627960205,-0.08745300769805908,-0.08745300769805908,0
129,2.15,4,4,spm2_platform_joint_y,0,,0,flat,0,5.701651096343994,5.076421737670898,0.1452423632144928,0.2,0.0,0.0,-0.009096452966332436,-0.012859486043453217,-0.05009881407022476,-13.748345375061035,2.0610642433166504,2.0610642433166504,0,0.0,-0.06311839073896408,-0.07274848222732544,-0.17464053630828857,-0.3672337532043457,11.17765998840332,11.17765998840332,0,0.0,0.0012384459841996431,0.003561515361070633,0.22537213563919067,5.339359283447266,-2.189340114593506,-2.189340114593506,0,0.0,0.011185983195900917,0.011474558152258396,-0.10458718240261078,31.93252182006836,2.362773895263672,2.362773895263672,0,-0.19997532665729523,-0.09222124516963959,-0.07479014247655869,-0.14400579035282135,0.29369473457336426,-15.249675750732422,-15.249675750732422,0,0.0,-0.002158859046176076,-0.0007309148204512894,-0.05398315563797951,-18.84415054321289,-2.1711134910583496,-2.1711134910583496,0
129,2.15,5,5,spm2_platform_joint_x,0,,0,flat,0,5.834681987762451,4.572624206542969,0.14483948051929474,0.2,0.0,0.0,-0.015923330560326576,-0.021649520844221115,-0.22437171638011932,-6.532316207885742,5.961965084075928,5.961965084075928,0,0.0,0.0012526033679023385,0.004737479146569967,-0.042870938777923584,-14.219844818115234,-3.6643075942993164,-3.6643075942993164,0,0.0,0.0019093927694484591,0.0002098769327858463,0.420141339302063,69.50157165527344,1.8808479309082031,1.8808479309082031,0,0.0,-0.0030829983297735453,-0.001362303621135652,0.10719692707061768,-5.776238918304443,-2.422422409057617,-2.422422409057617,0,0.0,0.0016371895326301455,0.0047584157437086105,-0.1955333948135376,-6.619716644287109,-0.369071364402771,-0.369071364402771,0,-0.19997532665729523,-0.026903139427304268,-0.0022097690962255,0.30613648891448975,38.78469467163086,-25.69220542907715,-25.69220542907715,0
130,2.1666666666666665,0,0,spm1_platform_joint_z,0,,0,flat,0,5.324120044708252,5.006628036499023,0.14630022644996643,0.2,0.0,-0.1997259110212326,-0.18374216556549072,-0.18594832718372345,-0.1692575216293335,9.497074127197266,2.566490888595581,2.566490888595581,0,0.0,-0.016488095745444298,-0.01672949083149433,0.23868702352046967,-1.9560116529464722,-0.6691043376922607,-0.6691043376922607,0,0.0,0.005201401654630899,0.004558549728244543,0.027709288522601128,4.223037242889404,0.02253592014312744,0.02253592014312744,0,0.0,0.021616939455270767,0.02293402887880802,-0.36886852979660034,-29.816326141357422,-1.7225332260131836,-1.7225332260131836,0,0.0,-0.019942115992307663,-0.025418903678655624,-0.0017285945359617472,-16.459793090820312,2.6572937965393066,2.6572937965393066,0,0.0,0.0020830645225942135,0.00013408834638539702,-0.32380807399749756,-22.588499069213867,2.0579845905303955,2.0579845905303955,0
130,2.1666666666666665,1,1,spm1_platform_joint_y,0,,0,flat,0,6.537560939788818,4.761674880981445,0.14498701691627502,0.2,0.0,0.0,0.02650836482644081,0.030163012444972992,-0.13177166879177094,-5.62856388092041,-3.0223538875579834,-3.0223538875579834,0,-0.1997259110212326,-0.11088056862354279,-0.09422551095485687,-0.0105561763048172,4.9696574211120605,-14.616049766540527,-14.616049766540527,0,0.0,-0.000685664068441838,0.002933355513960123,-0.30084678530693054,-65.52411651611328,-4.852108001708984,-4.852108001708984,0,0.0,-0.008048896677792072,-0.010286337696015835,0.4203265309333801,54.32649230957031,1.9059659242630005,1.9059659242630005,0,0.0,-0.08240291476249695,-0.09501178562641144,-0.26973769068717957,-22.4598388671875,13.454964637756348,13.454964637756348,0,0.0,-0.003309691557660699,-0.0006915645790286362,-0.5449786186218262,-75.92891693115234,-3.6281983852386475,-3.6281983852386475,0
130,2.1666666666666665,2,2,spm1_platform_joint_x,0,,0,flat,0,5.879730701446533,3.5315098762512207,0.1453922986984253,0.2,0.0,0.0,0.001996409147977829,-0.00018908533093053848,-0.16379177570343018,-21.27468490600586,0.938480019569397,0.938480019569397,0,0.0,-0.0016803634352982044,0.004071854520589113,-0.08730191737413406,-33.20414733886719,-5.221559047698975,-5.221559047698975,0,-0.1997259110212326,-0.0238986574113369,0.0006090609240345657,-0.11076696962118149,11.308541297912598,-23.13814926147461,-23.13814926147461,0,0.0,-0.004760525189340115,-0.004601320717483759,0.14970998466014862,22.167888641357422,1.0729533433914185,1.0729533433914185,0,0.0,-0.001387563650496304,0.0012781094992533326,-0.3109208345413208,-15.329965591430664,-0.05895590782165527,-0.05895590782165527,0,0.0,-0.0033808613661676645,-0.0026084058918058872,0.010003949515521526,16.202667236328125,0.8306164741516113,0.8306164741516113,0
130,2.1666666666666665,3,3,spm2_platform_joint_z,0,,0,flat,0,6.663889408111572,4.4189348220825195,0.14524155855178833,0.2,0.0,0.0,0.03962649777531624,0.04629448428750038,0.09146372228860855,0.10684490203857422,-6.945476055145264,-6.945476055145264,0,0.0,0.00157212745398283,0.004511790815740824,0.27271348237991333,7.503881931304932,-3.0441250801086426,-3.0441250801086426,0,0.0,0.002782228169962764,0.0003061510215047747,-0.24313123524188995,5.027162551879883,2.5583817958831787,2.5583817958831787,0,-0.1997259110212326,-0.12186263501644135,-0.10970484465360641,0.023749185726046562,6.259650230407715,-11.203659057617188,-11.203659057617188,0,0.0,0.00506992731243372,0.001987199066206813,-0.36336952447891235,-4.359279632568359,3.7529919147491455,3.7529919147491455,0,0.0,-0.00214685732498765,-0.0037556421011686325,-0.19014489650726318,8.315495491027832,2.2510132789611816,2.2510132789611816,0
130,2.1666666666666665,4,4,spm2_platform_joint_y,0,,0,flat,0,5.716214179992676,5.076438903808594,0.1448008418083191,0.2,0.0,0.0,-0.011144887655973434,-0.014634079299867153,-0.13358385860919952,-0.9677785634994507,3.775247812271118,3.775247812271118,0,0.0,-0.06304868310689926,-0.07316451519727707,-0.275557279586792,-13.117271423339844,11.256184577941895,11.256184577941895,0,0.0,0.0030866465531289577,0.0031597043853253126,-0.15356090664863586,5.399960994720459,0.2324162721633911,0.2324162721633911,0,0.0,0.009944616816937923,0.010550492443144321,0.043283089995384216,8.955159187316895,-0.5161348581314087,-0.5161348581314087,0,-0.1997259110212326,-0.09144824743270874,-0.0720880851149559,-0.11016227304935455,-15.055309295654297,-17.867502212524414,-17.867502212524414,0,0.0,-0.0006334595382213593,-0.0014980302657932043,-0.001743352273479104,8.495832443237305,1.3843286037445068,1.3843286037445068,0
130,2.1666666666666665,5,5,spm2_platform_joint_x,0,,0,flat,0,5.846706390380859,4.572710037231445,0.14525845646858215,0.2,0.0,0.0,-0.018762918189167976,-0.027696259319782257,-0.12504687905311584,31.650165557861328,10.237486839294434,10.237486839294434,0,0.0,0.004105815198272467,0.010048357769846916,0.04030107706785202,-27.036842346191406,-6.309436798095703,-6.309436798095703,0,0.0,0.00018189333786722273,0.004480764735490084,0.05709242448210716,-25.370664596557617,-7.041896343231201,-7.041896343231201,0,0.0,-0.0011806631227955222,0.0013863934436812997,0.08332663774490356,-12.8533296585083,-3.18654203414917,-3.18654203414917,0,0.0,0.0041239601559937,0.005545841995626688,-0.35675889253616333,-6.117918491363525,1.2879942655563354,1.2879942655563354,0,-0.1997259110212326,-0.027209771797060966,-0.001564728794619441,-0.34395626187324524,-48.773563385009766,-28.43743133544922,-28.43743133544922,0
131,2.183333333333333,0,0,spm1_platform_joint_z,0,,0,flat,0,5.341579914093018,5.0095038414001465,0.14643257856369019,0.2,0.0,-0.19920821487903595,-0.1877163201570511,-0.18775574862957,-0.07897108793258667,-12.408599853515625,-0.8959370851516724,-0.8959370851516724,0,0.0,-0.014498892240226269,-0.017802635207772255,-0.01536865346133709,0.41399067640304565,2.8480775356292725,2.8480775356292725,0,0.0,0.00395074300467968,0.009202654473483562,0.19740377366542816,-26.033321380615234,-7.547303676605225,-7.547303676605225,0,0.0,0.019876157864928246,0.013618603348731995,-0.697732150554657,-1.158149242401123,7.888768196105957,7.888768196105957,0,0.0,-0.02202971652150154,-0.026256127282977104,0.3252677917480469,8.185940742492676,1.815774917602539,1.815774917602539,0,0.0,0.00011620989971561357,-0.0027376506477594376,-0.4346468448638916,-46.59447479248047,1.4649691581726074,1.4649691581726074,0
131,2.183333333333333,1,1,spm1_platform_joint_y,0,,0,flat,0,6.551118850708008,4.76094913482666,0.1453048586845398,0.2,0.0,0.0,0.026141276583075523,0.030268387869000435,0.035706937313079834,13.270891189575195,-3.0714731216430664,-3.0714731216430664,0,-0.19920821487903595,-0.10822320729494095,-0.0915701687335968,-0.22161388397216797,-34.41347885131836,-17.217212677001953,-17.217212677001953,0,0.0,0.0025422414764761925,-0.0007853935239836574,-0.05439415201544762,13.480020523071289,2.813530683517456,2.813530683517456,0,0.0,-0.008914826437830925,-0.004955747164785862,0.30343523621559143,-1.7360258102416992,-4.484376907348633,-4.484376907348633,0,0.0,-0.08234354853630066,-0.09364762902259827,-0.21677422523498535,12.403010368347168,16.72539710998535,16.72539710998535,0,0.0,-0.0005993559607304633,-0.004601552616804838,-0.15766160190105438,14.372300148010254,5.490781784057617,5.490781784057617,0
131,2.183333333333333,2,2,spm1_platform_joint_x,0,,0,flat,0,5.8939948081970215,3.531712293624878,0.14516611397266388,0.2,0.0,0.0,-0.00016387394862249494,-0.0035081449896097183,-0.30586469173431396,-33.20221710205078,1.7465765476226807,1.7465765476226807,0,0.0,0.0035289404913783073,0.008879357017576694,0.06923311948776245,-6.007662773132324,-4.090059280395508,-4.090059280395508,0,-0.19920821487903595,-0.024390941485762596,0.0035191134084016085,0.10925307869911194,-39.6511116027832,-28.169954299926758,-28.169954299926758,0,0.0,-0.003987811505794525,-0.0029610036872327328,0.1287226676940918,16.445505142211914,-0.43382567167282104,-0.43382567167282104,0,0.0,0.001107694930396974,0.00814264640212059,-0.4006496071815491,-78.14817810058594,-6.412629127502441,-6.412629127502441,0,0.0,-0.0022606183774769306,0.0007534867618232965,0.17197059094905853,-22.91234588623047,-2.830944776535034,-2.830944776535034,0
131,2.183333333333333,3,3,spm2_platform_joint_z,0,,0,flat,0,6.6753435134887695,4.419790744781494,0.1459869146347046,0.2,0.0,0.0,0.040121886879205704,0.04589499160647392,0.06786632537841797,15.268451690673828,-4.887036323547363,-4.887036323547363,0,0.0,0.003910218831151724,0.007832977920770645,-0.003923865966498852,-10.142436027526855,-3.6682238578796387,-3.6682238578796387,0,0.0,0.00026533089112490416,-0.0016722074942663312,-0.1504405289888382,-12.369291305541992,0.5563501715660095,0.5563501715660095,0,-0.19920821487903595,-0.12163862586021423,-0.10966058075428009,-0.09053139388561249,-2.8411004543304443,-11.64045238494873,-11.64045238494873,0,0.0,0.0017222391907125711,0.001147048780694604,-0.1906590610742569,4.1061296463012695,2.5799293518066406,2.5799293518066406,0,0.0,-0.0032548897434026003,-0.006088146939873695,-0.18298353254795074,-24.902437210083008,0.7941412925720215,0.7941412925720215,0
131,2.183333333333333,4,4,spm2_platform_joint_y,0,,0,flat,0,5.730201721191406,5.076488971710205,0.1453990936279297,0.2,0.0,0.0,-0.012682868167757988,-0.018429815769195557,0.07955894619226456,66.08540344238281,9.237817764282227,9.237817764282227,0,0.0,-0.0634092465043068,-0.07064573466777802,0.12396631389856339,-0.36146968603134155,8.3583984375,8.3583984375,0,0.0,0.00273841037414968,0.001468609319999814,-0.001715248916298151,27.71907615661621,2.6979057788848877,2.6979057788848877,0,0.0,0.009143760427832603,0.013729456812143326,-0.24095521867275238,-78.87074279785156,-7.318073272705078,-7.318073272705078,0,-0.19920821487903595,-0.08903743326663971,-0.0747750923037529,-0.38011178374290466,22.86690902709961,-11.250484466552734,-11.250484466552734,0,0.0,-0.0012982928892597556,-0.003617594949901104,0.1513655036687851,43.30260467529297,2.2340126037597656,2.2340126037597656,0
131,2.183333333333333,5,5,spm2_platform_joint_x,0,,0,flat,0,5.85905647277832,4.572764873504639,0.1458987593650818,0.2,0.0,0.0,-0.024003423750400543,-0.03245985880494118,-0.14493602514266968,35.21533203125,10.66385269165039,10.66385269165039,0,0.0,0.008708576671779156,0.014913007616996765,0.07934290170669556,-38.03850173950195,-8.495779037475586,-8.495779037475586,0,0.0,0.003883329452946782,0.0029092265758663416,-0.09707050025463104,-47.30686569213867,-5.209251403808594,-5.209251403808594,0,0.0,0.0012015409301966429,0.003915377892553806,0.04806014895439148,-23.65812110900879,-4.30771541595459,-4.30771541595459,0,0.0,0.004806396551430225,0.00770876370370388,-0.37163254618644714,-9.710172653198242,0.9689407348632812,0.9689407348632812,0,-0.19920821487903595,-0.02656473033130169,-0.0004768364888150245,0.11866924166679382,-20.688796997070312,-28.030771255493164,-28.030771255493164,0
132,2.2,0,0,spm1_platform_joint_z,0,,0,flat,0,5.35931396484375,5.0129265785217285,0.14543011784553528,0.2,0.0,-0.19842293858528137,-0.18917803466320038,-0.19367575645446777,-0.5085666179656982,-21.020381927490234,4.240375518798828,4.240375518798828,0,0.0,-0.01542895007878542,-0.0161126758903265,-0.23779594898223877,-26.646865844726562,0.8446875810623169,0.8446875810623169,0,0.0,0.007975634187459946,0.005381468217819929,-0.42271679639816284,-54.69334411621094,-0.570250391960144,-0.570250391960144,0,0.0,0.011802789755165577,0.006953735835850239,-0.17507508397102356,27.982479095458984,6.440526008605957,6.440526008605957,0,0.0,-0.02275530993938446,-0.017704874277114868,0.12533266842365265,-32.4872932434082,-5.636730670928955,-5.636730670928955,0,0.0,-0.002372630639001727,-0.004690736066550016,0.06170106306672096,24.89969825744629,4.020385265350342,4.020385265350342,0
132,2.2,1,1,spm1_platform_joint_y,0,,0,flat,0,6.564305782318115,4.760346412658691,0.14500856399536133,0.2,0.0,0.0,0.026232602074742317,0.03010629303753376,-0.11934228986501694,-15.552565574645996,-4.393924236297607,-4.393924236297607,0,-0.19842293858528137,-0.10581720620393753,-0.09071552008390427,-0.18000556528568268,2.325641632080078,-12.743441581726074,-12.743441581726074,0,0.0,-0.0006806743913330138,-0.000841759261675179,0.23164227604866028,44.165550231933594,2.4518165588378906,2.4518165588378906,0,0.0,-0.00429498078301549,-0.00211058696731925,-0.03274989128112793,-39.51884460449219,-4.809505939483643,-4.809505939483643,0,0.0,-0.08116127550601959,-0.09099705517292023,-0.24854545295238495,-18.096799850463867,11.834217071533203,11.834217071533203,0,0.0,-0.003988012205809355,-0.004090638365596533,0.38858142495155334,71.2386703491211,4.550975799560547,4.550975799560547,0
132,2.2,2,2,spm1_platform_joint_x,0,,0,flat,0,5.9086384773254395,3.5325281620025635,0.14579549431800842,0.2,0.0,0.0,-0.00304039241746068,-0.006818366702646017,-0.016173239797353745,36.17535400390625,5.876167297363281,5.876167297363281,0,0.0,0.007695442531257868,0.018128298223018646,-0.6624122262001038,-84.00503540039062,-8.759140968322754,-8.759140968322754,0,-0.19842293858528137,-0.02148088812828064,-0.0015419129049405456,-0.4381907284259796,-33.78093338012695,-21.492128372192383,-21.492128372192383,0,0.0,-0.0025662032421678305,0.0002557265106588602,-0.06621347367763519,-50.378257751464844,-4.533016204833984,-4.533016204833984,0,0.0,0.00705695990473032,0.0150903994217515,-0.14989955723285675,24.121870040893555,-1.3402152061462402,-1.3402152061462402,0,0.0,0.0006530218524858356,-0.004681865684688091,-0.28940916061401367,15.6693754196167,5.445157527923584,5.445157527923584,0
132,2.2,3,3,spm2_platform_joint_z,0,,0,flat,0,6.68658971786499,4.4204912185668945,0.14662647247314453,0.2,0.0,0.0,0.03977565839886665,0.0465034618973732,-0.033591944724321365,-15.656208038330078,-8.007681846618652,-8.007681846618652,0,0.0,0.0067885806784033775,0.010954300872981548,0.0672055184841156,-19.691545486450195,-4.9401164054870605,-4.9401164054870605,0,0.0,-0.0014492464251816273,-0.002781884977594018,0.13201293349266052,14.95667552947998,1.8891754150390625,1.8891754150390625,0,-0.19842293858528137,-0.1214955598115921,-0.10957438498735428,0.02641814574599266,10.27444839477539,-10.791584968566895,-10.791584968566895,0,0.0,0.000994108966551721,-0.000834074045997113,-0.03268248215317726,38.199954986572266,4.544816493988037,4.544816493988037,0,0.0,-0.005276394076645374,-0.007394186686724424,0.031808335334062576,-2.691554307937622,1.6411592960357666,1.6411592960357666,0
132,2.2,4,4,spm2_platform_joint_y,0,,0,flat,0,5.74349308013916,5.0761566162109375,0.14636489748954773,0.2,0.0,0.0,-0.015972506254911423,-0.019194960594177246,0.003943920601159334,-0.013842154294252396,2.676069736480713,2.676069736480713,0,0.0,-0.06122630089521408,-0.06879156827926636,-0.07613825052976608,-1.3790827989578247,8.556062698364258,8.556062698364258,0,0.0,0.0012727947905659676,0.0003229442809242755,-0.009043608792126179,4.677602291107178,1.1451201438903809,1.1451201438903809,0,0.0,0.011898862197995186,0.011737868189811707,-0.10699355602264404,11.84251594543457,1.4293107986450195,1.4293107986450195,0,-0.19842293858528137,-0.09126147627830505,-0.07724939286708832,-0.2818017303943634,-9.43600082397461,-12.519627571105957,-12.519627571105957,0,0.0,-0.0031352490186691284,-0.0051062642596662045,-0.20717883110046387,5.299969673156738,2.4842112064361572,2.4842112064361572,0
132,2.2,5,5,spm2_platform_joint_x,0,,0,flat,0,5.871953964233398,4.572709083557129,0.14713004231452942,0.2,0.0,0.0,-0.02813187800347805,-0.03714502602815628,-0.1776803433895111,2.0774102210998535,8.710400581359863,8.710400581359863,0,0.0,0.01292460598051548,0.02008647285401821,0.34356942772865295,1.066575050354004,-6.805288314819336,-6.805288314819336,0,0.0,0.0025213295593857765,0.0052729700691998005,0.2769686281681061,-27.42183494567871,-4.903004169464111,-4.903004169464111,0,0.0,0.0033933273516595364,0.0064333840273320675,0.00894233025610447,-2.355726718902588,-2.3096296787261963,-2.3096296787261963,0,0.0,0.006680928636342287,0.005942248273640871,-0.5734259486198425,-37.076393127441406,1.6026467084884644,1.6026467084884644,0,-0.19842293858528137,-0.025476839393377304,0.001543697202578187,0.09866238385438919,-26.98957061767578,-28.425251007080078,-28.425251007080078,0
133,2.216666666666667,0,0,spm1_platform_joint_z,0,,0,flat,0,5.376322269439697,5.016165256500244,0.1448923796415329,0.2,0.0,-0.19737114012241364,-0.19416847825050354,-0.20109640061855316,-0.12121803313493729,36.04373550415039,8.59579849243164,8.59579849243164,0,0.0,-0.013964318670332432,-0.014280436560511589,-0.2074185460805893,-40.46244812011719,0.22290170192718506,0.22290170192718506,0,0.0,0.004663939122110605,0.0027840514667332172,-0.00716628460213542,34.293975830078125,7.227532863616943,7.227532863616943,0,0.0,0.006026571150869131,0.0026616703253239393,-0.7836613059043884,-77.35350036621094,0.9987888932228088,0.9987888932228088,0,0.0,-0.015344223938882351,-0.013561351224780083,0.17769676446914673,35.80485153198242,0.9194402694702148,0.9194402694702148,0,0.0,-0.004065304528921843,-0.0019898689351975918,-0.2869526743888855,-65.81631469726562,-2.367931842803955,-2.367931842803955,0
133,2.216666666666667,1,1,spm1_platform_joint_y,0,,0,flat,0,6.5771613121032715,4.760556697845459,0.1449233889579773,0.2,0.0,0.0,0.02609211951494217,0.027483539655804634,-0.02203374356031418,27.179162979125977,0.18059253692626953,0.18059253692626953,0,-0.19737114012241364,-0.10493627190589905,-0.08741074055433273,-0.02566000632941723,12.54855728149414,-14.142755508422852,-14.142755508422852,0,0.0,-0.000729524705093354,0.0018940928857773542,-0.09198218584060669,-46.21968460083008,-5.072853088378906,-5.072853088378906,0,0.0,-0.0018291753949597478,-0.004713481292128563,-0.09080342948436737,9.55774974822998,2.717207908630371,2.717207908630371,0,0.0,-0.07886411249637604,-0.08945083618164062,-0.4778488576412201,-27.563745498657227,13.069402694702148,13.069402694702148,0,0.0,-0.003545220009982586,0.001036049798130989,0.02937806025147438,-44.93523025512695,-6.7958173751831055,-6.7958173751831055,0
133,2.216666666666667,2,2,spm1_platform_joint_x,0,,0,flat,0,5.922976970672607,3.533090591430664,0.14625686407089233,0.2,0.0,0.0,-0.005909251049160957,-0.008846433833241463,-0.27632275223731995,-45.7779426574707,1.0649588108062744,1.0649588108062744,0,0.0,0.015711192041635513,0.01929936558008194,0.25254058837890625,9.475836753845215,-3.2742362022399902,-3.2742362022399902,0,-0.19737114012241364,-0.02654191479086876,-0.00323391892015934,0.3203064799308777,100.33442687988281,-19.485057830810547,-19.485057830810547,0,0.0,0.0002216296416008845,0.0014100776752457023,0.2490275800228119,43.09760665893555,0.5767788290977478,0.5767788290977478,0,0.0,0.01307834591716528,0.014558030292391777,-0.447480171918869,-33.466156005859375,-0.9078090190887451,-0.9078090190887451,0,0.0,-0.004057616926729679,-0.0034933104179799557,0.20418855547904968,62.46992111206055,2.875668525695801,2.875668525695801,0
133,2.216666666666667,3,3,spm2_platform_joint_z,0,,0,flat,0,6.697872638702393,4.42142915725708,0.14664863049983978,0.2,0.0,0.0,0.04030299931764603,0.04662289470434189,0.10053903609514236,15.038928031921387,-5.343594551086426,-5.343594551086426,0,0.0,0.00949372723698616,0.007351534906774759,0.04714580625295639,12.171965599060059,1.2449917793273926,1.2449917793273926,0,0.0,-0.0024109669029712677,-0.0021011277567595243,0.013603330589830875,-11.04764461517334,-1.2162482738494873,-1.2162482738494873,0,-0.19737114012241364,-0.12128062546253204,-0.11000807583332062,-0.16191092133522034,-13.899579048156738,-11.562079429626465,-11.562079429626465,0,0.0,-0.0007228641770780087,-0.0025321946013718843,0.10108472406864166,10.422615051269531,1.02918541431427,1.02918541431427,0,0.0,-0.006408295128494501,-0.008162223733961582,-0.027859250083565712,-3.281855821609497,1.3183504343032837,1.3183504343032837,0
133,2.216666666666667,4,4,spm2_platform_joint_y,0,,0,flat,0,5.756444931030273,5.075771331787109,0.14670951664447784,0.2,0.0,0.0,-0.016635632142424583,-0.01911834627389908,0.019939610734581947,-2.1328377723693848,2.4071474075317383,2.4071474075317383,0,0.0,-0.05961935967206955,-0.06855008006095886,-0.12085629999637604,-3.998049736022949,9.798177719116211,9.798177719116211,0,0.0,0.0002798850473482162,-0.002763214288279414,-0.18326544761657715,-23.735288619995117,-0.1529366672039032,-0.1529366672039032,0,0.0,0.010172818787395954,0.011333882808685303,-0.04053041711449623,8.602043151855469,-0.03206932544708252,-0.03206932544708252,0,-0.19737114012241364,-0.09326562285423279,-0.07849069684743881,-0.16550564765930176,9.959768295288086,-12.300543785095215,-12.300543785095215,0,0.0,-0.004425428807735443,-0.007625696714967489,-0.04737486317753792,15.790069580078125,4.0952839851379395,4.0952839851379395,0
133,2.216666666666667,5,5,spm2_platform_joint_x,0,,0,flat,0,5.885235786437988,4.572926044464111,0.14777852594852448,0.2,0.0,0.0,-0.03219235688447952,-0.0394938699901104,-0.019990673288702965,16.028583526611328,8.084961891174316,8.084961891174316,0,0.0,0.017408275976777077,0.0218539796769619,0.04411543160676956,-25.527849197387695,-6.184211730957031,-6.184211730957031,0,0.0,0.004569907207041979,0.002135263057425618,-0.04911143332719803,-1.739740252494812,0.5687336921691895,0.5687336921691895,0,0.0,0.005575599614530802,0.007318391930311918,-0.15310169756412506,-22.442604064941406,-1.6119873523712158,-1.6119873523712158,0,0.0,0.005149948410689831,0.00010552001185715199,-0.13311414420604706,29.409008026123047,6.800049304962158,6.800049304962158,0,-0.19737114012241364,-0.023456305265426636,-0.0031449547968804836,0.05818762630224228,23.398042678833008,-21.88602066040039,-21.88602066040039,0
134,2.2333333333333334,0,0,spm1_platform_joint_z,0,,0,flat,0,5.392551898956299,5.018847465515137,0.14477047324180603,0.2,0.0,-0.19605423510074615,-0.20042410492897034,-0.20626448094844818,-0.3225961923599243,-9.880374908447266,5.362370491027832,5.362370491027832,0,0.0,-0.012376378290355206,-0.010571949183940887,0.1648557186126709,13.406237602233887,0.30896908044815063,0.30896908044815063,0,0.0,0.002412844682112336,0.002855623373761773,0.19970352947711945,5.679549217224121,-0.8106557726860046,-0.8106557726860046,0,0.0,0.0023067810107022524,-0.005189454648643732,-0.36605992913246155,13.736064910888672,8.794071197509766,8.794071197509766,0,0.0,-0.011753170751035213,-0.011272316798567772,-0.16164523363113403,-26.89278221130371,-0.9526666402816772,-0.9526666402816772,0,0.0,-0.0017245530616492033,-0.0028335819952189922,0.10692723840475082,20.624500274658203,2.627305507659912,2.627305507659912,0
134,2.2333333333333334,1,1,spm1_platform_joint_y,0,,0,flat,0,6.589721202850342,4.76025390625,0.1449596881866455,0.2,0.0,0.0,0.02381906658411026,0.0270960945636034,0.011726971715688705,11.248647689819336,-2.414356231689453,-2.414356231689453,0,-0.19605423510074615,-0.10189653933048248,-0.0865643322467804,-0.3504297137260437,-15.750900268554688,-13.534375190734863,-13.534375190734863,0,0.0,0.0016415471909567714,-3.434881000430323e-05,-0.1530359387397766,4.8767547607421875,2.169938564300537,2.169938564300537,0,0.0,-0.004085016902536154,-0.002604503184556961,0.2211368978023529,2.1171319484710693,-2.0274646282196045,-2.0274646282196045,0,0.0,-0.07752405852079391,-0.08637429773807526,-0.16854286193847656,-5.84863805770874,11.530171394348145,11.530171394348145,0,0.0,0.0008979098056443036,-0.0030066182371228933,-0.25394129753112793,-7.949090957641602,3.6381101608276367,3.6381101608276367,0
134,2.2333333333333334,2,2,spm1_platform_joint_x,0,,0,flat,0,5.937715530395508,3.5335779190063477,0.14737756550312042,0.2,0.0,0.0,-0.007666909135878086,-0.011882902123034,0.05595717579126358,21.215412139892578,4.2244486808776855,4.2244486808776855,0,0.0,0.016726117581129074,0.021991869434714317,0.12256985157728195,-4.644490718841553,-5.8138275146484375,-5.8138275146484375,0,-0.19605423510074615,-0.02823392115533352,-0.0005538775585591793,-0.053656164556741714,-16.3133544921875,-27.860279083251953,-27.860279083251953,0,0.0,0.001222067279741168,0.0025364572647958994,-0.09822086989879608,-5.040400505065918,-0.892821729183197,-0.892821729183197,0,0.0,0.012616959400475025,0.009597228839993477,-0.3648920953273773,5.751775741577148,4.6425251960754395,4.6425251960754395,0,0.0,-0.003027535742148757,-0.0021767080761492252,-0.013212865218520164,-3.364105701446533,-0.37440192699432373,-0.37440192699432373,0
134,2.2333333333333334,3,3,spm2_platform_joint_z,0,,0,flat,0,6.709359169006348,4.422654151916504,0.1457037776708603,0.2,0.0,0.0,0.04040651023387909,0.04436970874667168,-0.16799111664295197,17.29352569580078,-2.9762635231018066,-2.9762635231018066,0,0.0,0.0063713304698467255,0.004955783952027559,-0.42571601271629333,-3.910989761352539,2.542386770248413,2.542386770248413,0,0.0,-0.0018209773115813732,-0.0005926091689616442,0.17212225496768951,-18.508792877197266,-3.3645291328430176,-3.3645291328430176,0,-0.19605423510074615,-0.12148089706897736,-0.11173197627067566,-0.14773893356323242,1.0083836317062378,-9.036865234375,-9.036865234375,0,0.0,-0.0021945685148239136,0.003323991782963276,0.23412764072418213,0.24918079376220703,-4.046241283416748,-4.046241283416748,0,0.0,-0.007073927205055952,-0.007401581853628159,0.1155698299407959,-25.116270065307617,-2.045790433883667,-2.045790433883667,0
134,2.2333333333333334,4,4,spm2_platform_joint_y,0,,0,flat,0,5.769138813018799,5.07576847076416,0.14661256968975067,0.2,0.0,0.0,-0.0165692325681448,-0.019827449694275856,-0.020948177203536034,24.45121192932129,4.961742401123047,4.961742401123047,0,0.0,-0.05941006913781166,-0.06881135702133179,-0.24532584846019745,-12.392494201660156,10.166336059570312,10.166336059570312,0,0.0,-0.002394785638898611,-0.002734859474003315,0.14876414835453033,2.6483166217803955,0.2536745071411133,0.2536745071411133,0,0.0,0.009822698310017586,0.011068583466112614,-0.10394562035799026,-27.565948486328125,-2.920958995819092,-2.920958995819092,0,-0.19605423510074615,-0.09416583180427551,-0.07864940166473389,-0.15073004364967346,-9.682197570800781,-14.448628425598145,-14.448628425598145,0,0.0,-0.006608936935663223,-0.007530842442065477,0.009907420724630356,-3.6601688861846924,0.795770525932312,0.795770525932312,0
134,2.2333333333333334,5,5,spm2_platform_joint_x,0,,0,flat,0,5.898698329925537,4.573160171508789,0.14732740819454193,0.2,0.0,0.0,-0.034228019416332245,-0.041245151311159134,0.13521510362625122,16.107158660888672,5.988030910491943,5.988030910491943,0,0.0,0.018940115347504616,0.016403663903474808,-0.2161555141210556,-5.405888557434082,0.9600049257278442,0.9600049257278442,0,0.0,0.0018505612388253212,-0.007718199398368597,-0.2243390679359436,76.80260467529297,12.873942375183105,12.873942375183105,0,0.0,0.006342606153339148,0.01013267133384943,-0.032280027866363525,-20.83714485168457,-3.2801613807678223,-3.2801613807678223,0,0.0,9.145067451754585e-05,0.00046389337512664497,0.28625527024269104,10.103302001953125,-0.7753829956054688,-0.7753829956054688,0,-0.19605423510074615,-0.02814495749771595,-0.010653343051671982,-0.40074262022972107,26.637800216674805,-16.030834197998047,-16.030834197998047,0
135,2.25,0,0,spm1_platform_joint_z,0,,0,flat,0,5.4078192710876465,5.0212931632995605,0.1450757533311844,0.2,0.0,-0.1944739818572998,-0.20469242334365845,-0.2098497748374939,-0.29956355690956116,-20.66149139404297,4.860494613647461,4.860494613647461,0,0.0,-0.00916235614567995,-0.0094120679423213,0.02035989798605442,-18.389116287231445,-1.328344464302063,-1.328344464302063,0,0.0,0.002474873559549451,0.005133572034537792,-0.11481320858001709,-38.60177993774414,-4.5589776039123535,-4.5589776039123535,0,0.0,-0.0044975271448493,-0.011166701093316078,-0.14320386946201324,34.36854553222656,8.155850410461426,8.155850410461426,0,0.0,-0.009769340977072716,-0.010622764937579632,0.2095738649368286,1.4797085523605347,0.22222816944122314,0.22222816944122314,0,0.0,-0.002455770969390869,-0.0016318003181368113,0.13745416700839996,-3.1008176803588867,-0.8473266959190369,-0.8473266959190369,0
135,2.25,1,1,spm1_platform_joint_y,0,,0,flat,0,6.602093696594238,4.759668827056885,0.14485527575016022,0.2,0.0,0.0,0.023483281955122948,0.026514936238527298,-0.09727025777101517,-8.812639236450195,-3.73378586769104,-3.73378586769104,0,-0.1944739818572998,-0.10095228254795074,-0.08524984866380692,-0.19518503546714783,-10.538771629333496,-13.24083137512207,-13.24083137512207,0,0.0,-2.9768969397991896e-05,0.0009130494436249137,0.1262296885251999,6.461058139801025,0.6355854272842407,0.6355854272842407,0,0.0,-0.002257236046716571,0.0010626286966726184,0.10807858407497406,-28.296316146850586,-5.232658863067627,-5.232658863067627,0,0.0,-0.07485772669315338,-0.08436562865972519,-0.2867976427078247,-17.434236526489258,10.995377540588379,10.995377540588379,0,0.0,-0.0026057357899844646,-0.0035233597736805677,0.06387411803007126,8.655732154846191,2.5222885608673096,2.5222885608673096,0
135,2.25,2,2,spm1_platform_joint_x,0,,0,flat,0,5.952591896057129,3.534038543701172,0.14757658541202545,0.2,0.0,0.0,-0.010298514738678932,-0.013777501881122589,0.038209542632102966,6.634363651275635,2.5972416400909424,2.5972416400909424,0,0.0,0.019059620797634125,0.02519141510128975,-0.1991533786058426,-25.017396926879883,-5.376893520355225,-5.376893520355225,0,-0.1944739818572998,-0.025553880259394646,-0.0014502090634778142,-0.1525738537311554,-7.611933708190918,-23.892330169677734,-23.892330169677734,0,0.0,0.002198263071477413,0.0037320589181035757,-0.1638745814561844,-21.64954376220703,-0.6793273687362671,-0.6793273687362671,0,0.0,0.008317598141729832,0.008637112565338612,-0.2021106779575348,18.292543411254883,3.2625021934509277,3.2625021934509277,0,0.0,-0.0018864802550524473,-0.0018009026534855366,0.15694467723369598,18.407499313354492,-0.11115682125091553,-0.11115682125091553,0
135,2.25,3,3,spm2_platform_joint_z,0,,0,flat,0,6.720948219299316,4.423893928527832,0.14489462971687317,0.2,0.0,0.0,0.03845374658703804,0.0390586294233799,-0.039242107421159744,17.7947998046875,-1.2214012145996094,-1.2214012145996094,0,0.0,0.004295012913644314,0.0040210229344666,0.0714469626545906,34.80019760131836,1.205714225769043,1.205714225769043,0,0.0,-0.0005135945975780487,0.0064710453152656555,0.603035032749176,50.273860931396484,-6.404802322387695,-6.404802322387695,0,-0.1944739818572998,-0.12276424467563629,-0.11341948807239532,-0.24610581994056702,-11.070853233337402,-8.279925346374512,-8.279925346374512,0,0.0,0.0028807928320020437,0.007663714699447155,-0.07903732359409332,-25.73806381225586,-3.5012705326080322,-3.5012705326080322,0,0.0,-0.0064147040247917175,0.0003187705879099667,-0.06577041745185852,-43.27244567871094,-6.87664270401001,-6.87664270401001,0
135,2.25,4,4,spm2_platform_joint_y,0,,0,flat,0,5.781585693359375,5.0757737159729,0.1458040177822113,0.2,0.0,0.0,-0.017183789983391762,-0.021781640127301216,-0.13218457996845245,-12.62381649017334,3.591953754425049,3.591953754425049,0,0.0,-0.05963651090860367,-0.07102706283330917,-0.24053417146205902,11.732842445373535,13.291375160217285,13.291375160217285,0,0.0,-0.0023702115286141634,-0.00016035664884839207,0.08281165361404419,-8.620004653930664,-2.6479663848876953,-2.6479663848876953,0,0.0,0.009592772461473942,0.00830842275172472,-0.11035533994436264,18.416854858398438,2.126732587814331,2.126732587814331,0,-0.1944739818572998,-0.09409268200397491,-0.07760626077651978,0.16898411512374878,27.14773941040039,-14.904397010803223,-14.904397010803223,0,0.0,-0.00652673002332449,-0.004880753345787525,-0.025488723069429398,-31.91709327697754,-1.6430606842041016,-1.6430606842041016,0
135,2.25,5,5,spm2_platform_joint_x,0,,0,flat,0,5.912856101989746,4.572769641876221,0.14752762019634247,0.2,0.0,0.0,-0.03574579954147339,-0.043533287942409515,-0.16333962976932526,-0.7572680711746216,8.798479080200195,8.798479080200195,0,0.0,0.014216508716344833,0.012904299423098564,-0.07290871441364288,-9.37431526184082,-0.017883408814668655,-0.017883408814668655,0,0.0,-0.006689106114208698,-0.006800888571888208,-0.06925498694181442,-25.25888442993164,-2.5086007118225098,-2.5086007118225098,0,0.0,0.008781648240983486,0.013180725276470184,0.4401499927043915,28.835296630859375,-5.17276668548584,-5.17276668548584,0,0.0,0.000402040925109759,-0.004085827618837357,-0.09620397537946701,-1.5292900800704956,2.9547624588012695,2.9547624588012695,0,-0.1944739818572998,-0.03516276180744171,-0.01216934621334076,0.14055201411247253,13.582809448242188,-25.809829711914062,-25.809829711914062,0
136,2.2666666666666666,0,0,spm1_platform_joint_z,0,,0,flat,0,5.422382354736328,5.023627281188965,0.14520381391048431,0.2,0.0,-0.1926325112581253,-0.2075541466474533,-0.2137337028980255,-0.13296370208263397,8.57911205291748,6.736924171447754,6.736924171447754,0,0.0,-0.008157125674188137,-0.008097554557025433,-0.020757576450705528,-9.67032241821289,-0.48255646228790283,-0.48255646228790283,0,0.0,0.004449095577001572,0.0018442206783220172,-0.14982135593891144,0.28057336807250977,2.609048366546631,2.609048366546631,0,0.0,-0.009677807800471783,-0.01349026057869196,-0.1469525545835495,6.348062515258789,4.535129547119141,4.535129547119141,0,0.0,-0.009206396527588367,-0.008801938965916634,0.08045098185539246,-0.17068594694137573,-0.2703168988227844,-0.2703168988227844,0,0.0,-0.0014142269501462579,-0.0035128064919263124,-0.24104559421539307,-40.69913864135742,-1.4304265975952148,-1.4304265975952148,0
136,2.2666666666666666,1,1,spm1_platform_joint_y,0,,0,flat,0,6.614551544189453,4.759658336639404,0.14452263712882996,0.2,0.0,0.0,0.0229796115309,0.02211781218647957,-0.24622178077697754,-2.182465076446533,0.5790297985076904,0.5790297985076904,0,-0.1926325112581253,-0.09956753998994827,-0.08078563958406448,-0.4052426815032959,-28.787033081054688,-16.138330459594727,-16.138330459594727,0,0.0,0.0007913095178082585,0.004110364243388176,0.16572797298431396,8.583305358886719,-2.7868151664733887,-2.7868151664733887,0,0.0,0.0009209448471665382,0.0019275675294920802,-0.0610688291490078,-7.277174472808838,-0.6651227474212646,-0.6651227474212646,0,0.0,-0.07311687618494034,-0.07978105545043945,-0.26533204317092896,-2.8698205947875977,11.13663101196289,11.13663101196289,0,0.0,-0.0030535785481333733,0.002079963916912675,0.3491289019584656,3.168368339538574,-4.992646217346191,-4.992646217346191,0
136,2.2666666666666666,2,2,spm1_platform_joint_x,0,,0,flat,0,5.9673171043396,3.534297227859497,0.14676696062088013,0.2,0.0,0.0,-0.011940501630306244,-0.015640541911125183,-0.0431489497423172,1.2513041496276855,3.3887085914611816,3.3887085914611816,0,0.0,0.021832559257745743,0.023351136595010757,-0.36501455307006836,-19.663753509521484,-0.58272385597229,-0.58272385597229,0,-0.1926325112581253,-0.02645021118223667,-0.00013464855146594346,0.0008262388873845339,6.505887508392334,-24.0019474029541,-24.0019474029541,0,0.0,0.0032344511710107327,0.004118823446333408,-0.05019824206829071,-5.7519659996032715,-0.9851047992706299,-0.9851047992706299,0,0.0,0.007485497742891312,0.013938208110630512,0.006080898456275463,-6.6396942138671875,-4.150238513946533,-4.150238513946533,0,0.0,-0.001560782315209508,-0.0014755924930796027,-0.031180081889033318,-6.517319202423096,-0.44029486179351807,-0.44029486179351807,0
136,2.2666666666666666,3,3,spm2_platform_joint_z,0,,0,flat,0,6.733291149139404,4.424909591674805,0.1455930471420288,0.2,0.0,0.0,0.033850811421871185,0.03690401837229729,-0.13358783721923828,-6.70925235748291,-3.237475872039795,-3.237475872039795,0,0.0,0.0034848866052925587,0.008673696778714657,0.0981946811079979,27.44536781311035,-1.2316540479660034,-1.2316540479660034,0,0.0,0.005608239211142063,0.009769466705620289,0.2957758903503418,48.271209716796875,-1.1712778806686401,-1.1712778806686401,0,-0.1926325112581253,-0.12398122251033783,-0.11412256211042404,0.021392252296209335,20.135526657104492,-8.008742332458496,-8.008742332458496,0,0.0,0.006641886197030544,0.01074832584708929,-0.5474646091461182,-65.35841369628906,-4.096468925476074,-4.096468925476074,0,0.0,0.00027626784867607057,0.000741594354622066,0.2724071741104126,50.71000289916992,2.7791948318481445,2.7791948318481445,0
136,2.2666666666666666,4,4,spm2_platform_joint_y,0,,0,flat,0,5.793704509735107,5.075769901275635,0.14494070410728455,0.2,0.0,0.0,-0.01887742057442665,-0.02495410107076168,-0.27117547392845154,-13.3143892288208,5.834288120269775,5.834288120269775,0,0.0,-0.06155678629875183,-0.07296525686979294,-0.11434580385684967,11.07039737701416,13.159086227416992,13.159086227416992,0,0.0,-0.00013897576718591154,0.0025772657245397568,0.021751128137111664,-4.901177406311035,-1.8763203620910645,-1.8763203620910645,0,0.0,0.007200633175671101,0.007456937804818153,0.03864111006259918,10.9556884765625,0.13253983855247498,0.13253983855247498,0,-0.1926325112581253,-0.09294309467077255,-0.07387741655111313,-0.1011490523815155,-25.190107345581055,-18.76478385925293,-18.76478385925293,0,0.0,-0.004229986108839512,-0.001255735638551414,0.18174788355827332,-1.6971230506896973,-1.6973698139190674,-1.6973698139190674,0
136,2.2666666666666666,5,5,spm2_platform_joint_x,0,,0,flat,0,5.927760124206543,4.5720601081848145,0.14799776673316956,0.2,0.0,0.0,-0.03772884979844093,-0.04603011906147003,-0.17994381487369537,-2.9455983638763428,8.236464500427246,8.236464500427246,0,0.0,0.01118372566998005,0.010409661568701267,0.22343087196350098,-3.608887195587158,-2.1368484497070312,-2.1368484497070312,0,0.0,-0.005894103553146124,-0.007663025055080652,-0.024212785065174103,-19.096208572387695,1.6858927011489868,1.6858927011489868,0,0.0,0.011423295363783836,0.01887928694486618,0.10395395010709763,-30.4162540435791,-8.59501838684082,-8.59501838684082,0,0.0,-0.0035410504788160324,-0.01105492189526558,0.03865872696042061,17.802927017211914,5.206780433654785,5.206780433654785,0,-0.1926325112581253,-0.03623110055923462,-0.01099450048059225,-0.035171035677194595,-42.11496353149414,-27.255905151367188,-27.255905151367188,0
137,2.283333333333333,0,0,spm1_platform_joint_z,0,,0,flat,0,5.4363112449646,5.0257649421691895,0.14472314715385437,0.2,0.0,-0.19053229689598083,-0.21064017713069916,-0.21701113879680634,-0.05289534479379654,21.732555389404297,7.311474800109863,7.311474800109863,0,0.0,-0.00701788067817688,-0.007452552672475576,0.06077229976654053,7.2706475257873535,0.8443285822868347,0.8443285822868347,0,0.0,0.0015983246266841888,0.0012674261815845966,0.34740200638771057,64.37018585205078,3.3359603881835938,3.3359603881835938,0,0.0,-0.011691559106111526,-0.015668561682105064,-0.30832982063293457,-34.39950180053711,2.7555348873138428,2.7555348873138428,0,0.0,-0.007628346793353558,-0.006909272633492947,0.10692169517278671,-7.906727313995361,-1.7982633113861084,-1.7982633113861084,0,0.0,-0.0030444322619587183,-0.004292618948966265,0.055520616471767426,28.605724334716797,3.4682321548461914,3.4682321548461914,0
137,2.283333333333333,1,1,spm1_platform_joint_y,0,,0,flat,0,6.62703275680542,4.7591552734375,0.14539960026741028,0.2,0.0,0.0,0.01916876994073391,0.018364932388067245,-0.3645811975002289,-31.408788681030273,-1.0365750789642334,-1.0365750789642334,0,-0.19053229689598083,-0.0954185277223587,-0.07371930032968521,-0.2774753272533417,-16.199941635131836,-17.81046485900879,-17.81046485900879,0,0.0,0.0035623155999928713,0.003090617945417762,0.2545936405658722,1.9482815265655518,-0.8552486896514893,-0.8552486896514893,0,0.0,0.0016705584712326527,0.005338992457836866,0.19976761937141418,13.676921844482422,-2.4338629245758057,-2.4338629245758057,0,0.0,-0.06914357841014862,-0.07715632766485214,-0.5525191426277161,-32.35637664794922,12.605173110961914,12.605173110961914,0,0.0,0.0018026353791356087,0.0004521469818428159,0.20525561273097992,7.574790954589844,0.7412502765655518,0.7412502765655518,0
137,2.283333333333333,2,2,spm1_platform_joint_x,0,,0,flat,0,5.982086181640625,3.5344932079315186,0.14509698748588562,0.2,0.0,0.0,-0.013555136509239674,-0.017430104315280914,0.11594369262456894,29.306488037109375,4.290136814117432,4.290136814117432,0,0.0,0.020237650722265244,0.020136050879955292,0.3689050078392029,82.09931182861328,1.74928879737854,1.74928879737854,0,-0.19053229689598083,-0.025134650990366936,-0.0007986973505467176,0.03564608842134476,5.305314064025879,-24.997817993164062,-24.997817993164062,0,0.0,0.0035696469713002443,0.0044406987726688385,-0.0907905101776123,-15.360925674438477,-1.0252742767333984,-1.0252742767333984,0,0.0,0.012079779990017414,0.01911604031920433,-0.1920432150363922,-32.406585693359375,-5.2514214515686035,-5.2514214515686035,0,0.0,-0.0012788467574864626,-0.002760283648967743,0.04754459485411644,9.789767265319824,0.8451759815216064,0.8451759815216064,0
137,2.283333333333333,3,3,spm2_platform_joint_z,0,,0,flat,0,6.7459940910339355,4.425790309906006,0.146075040102005,0.2,0.0,0.0,0.03198348358273506,0.035257428884506226,-0.20123937726020813,-16.326486587524414,-3.887368679046631,-3.887368679046631,0,0.0,0.007517203688621521,0.016683660447597504,0.21901583671569824,33.54041290283203,-5.038452625274658,-5.038452625274658,0,0.0,0.008466871455311775,0.012706861831247807,0.5365092158317566,56.74380111694336,-2.0356385707855225,-2.0356385707855225,0,-0.19053229689598083,-0.12431052327156067,-0.11496270447969437,0.0878010094165802,27.161561965942383,-8.178365707397461,-8.178365707397461,0,0.0,0.009315215982496738,0.013826492242515087,-0.6843341588973999,-49.880924224853516,-0.7269105911254883,-0.7269105911254883,0,0.0,0.0006427150801755488,0.0030922675505280495,0.32672762870788574,40.002166748046875,-0.24570006132125854,-0.24570006132125854,0
137,2.283333333333333,4,4,spm2_platform_joint_y,0,,0,flat,0,5.8056817054748535,5.076007843017578,0.1454945206642151,0.2,0.0,0.0,-0.02162688784301281,-0.027322106063365936,-0.05794225633144379,5.2628936767578125,5.847964286804199,5.847964286804199,0,0.0,-0.06323655694723129,-0.07167188823223114,-0.10282395035028458,-0.5620819330215454,9.960116386413574,9.960116386413574,0,0.0,0.0022336302790790796,0.002809339202940464,-0.004044211469590664,-2.064408302307129,-0.8886510133743286,-0.8886510133743286,0,0.0,0.006462679244577885,0.006993647199124098,-0.07714767009019852,0.5274045467376709,-0.09164571762084961,-0.09164571762084961,0,-0.19053229689598083,-0.08943140506744385,-0.07491128146648407,-0.28119730949401855,-1.7439472675323486,-12.65013313293457,-12.65013313293457,0,0.0,-0.0010883042123168707,-0.0020355810411274433,-0.06209183111786842,0.02485334873199463,0.8300303220748901,0.8300303220748901,0
137,2.283333333333333,5,5,spm2_platform_joint_x,0,,0,flat,0,5.943388938903809,4.571591377258301,0.14884436130523682,0.2,0.0,0.0,-0.0398927703499794,-0.04700829088687897,0.039648156613111496,13.164320945739746,7.419587135314941,7.419587135314941,0,0.0,0.009021706879138947,0.006660856772214174,0.10751594603061676,28.319625854492188,1.0484732389450073,1.0484732389450073,0,0.0,-0.006641288287937641,-0.011141480877995491,-0.2609429657459259,-11.535526275634766,3.8825759887695312,3.8825759887695312,0,0.0,0.01636204868555069,0.022636985406279564,0.2990562617778778,-2.860804796218872,-6.396869659423828,-6.396869659423828,0,0.0,-0.009580932557582855,-0.016439128667116165,0.21625879406929016,36.88007736206055,5.580885410308838,5.580885410308838,0,-0.19053229689598083,-0.03493287414312363,-0.015164941549301147,-0.16447533667087555,-0.20438790321350098,-19.619314193725586,-19.619314193725586,0
138,2.3,0,0,spm1_platform_joint_z,0,,0,flat,0,5.449613571166992,5.02779483795166,0.14476358890533447,0.2,0.0,-0.18817615509033203,-0.2131664752960205,-0.21904318034648895,-0.15584886074066162,-6.322653293609619,5.845078468322754,5.845078468322754,0,0.0,-0.006458878982812166,-0.006489659659564495,0.17486117780208588,15.194171905517578,0.4407166838645935,0.4407166838645935,0,0.0,0.0010984360706061125,0.006572104524821043,0.06958165764808655,-30.13378143310547,-6.846316337585449,-6.846316337585449,0,0.0,-0.013579419814050198,-0.023016706109046936,-0.3982083201408386,1.990206241607666,9.571748733520508,9.571748733520508,0,0.0,-0.005988036282360554,-0.007877376861870289,-0.098995640873909,-24.819276809692383,-0.5695575475692749,-0.5695575475692749,0,0.0,-0.0037202697712928057,5.769089693785645e-05,0.14670169353485107,-30.111276626586914,-5.57038688659668,-5.57038688659668,0
138,2.3,1,1,spm1_platform_joint_y,0,,0,flat,0,6.6396164894104,4.758909225463867,0.14567239582538605,0.2,0.0,0.0,0.01591627486050129,0.013583755120635033,-0.4095442295074463,-21.37663459777832,1.7724769115447998,1.7724769115447998,0,-0.18817615509033203,-0.08898021280765533,-0.06841626763343811,-0.0772109106183052,4.289439678192139,-15.946050643920898,-15.946050643920898,0,0.0,0.0026785354129970074,0.005317872855812311,0.5098268985748291,42.03751754760742,-1.8661929368972778,-1.8661929368972778,0,0.0,0.004627126734703779,0.008536241948604584,0.24289603531360626,12.206488609313965,-3.26438307762146,-3.26438307762146,0,0.0,-0.06686881929636002,-0.07232926040887833,-0.7244178056716919,-56.1345100402832,9.519608497619629,9.519608497619629,0,0.0,0.00039186072535812855,0.0009580770856700838,0.3960823714733124,39.043678283691406,0.22587954998016357,0.22587954998016357,0
138,2.3,2,2,spm1_platform_joint_x,0,,0,flat,0,5.997145652770996,3.5347862243652344,0.14538204669952393,0.2,0.0,0.0,-0.01510609034448862,-0.017468871548771858,0.09624749422073364,7.776280879974365,1.6736865043640137,1.6736865043640137,0,0.0,0.017451243475079536,0.02313651703298092,-0.2250623255968094,-26.2148380279541,-4.99308443069458,-4.99308443069458,0,-0.18817615509033203,-0.025782357901334763,0.0017188013298437,0.1335267424583435,13.331993103027344,-26.094837188720703,-26.094837188720703,0,0.0,0.0038486055564135313,0.003577388823032379,-0.1787697821855545,-18.640487670898438,0.25955405831336975,0.25955405831336975,0,0.0,0.016567233949899673,0.018290676176548004,-0.027494825422763824,49.24637985229492,3.0551953315734863,3.0551953315734863,0,0.0,-0.0023922459222376347,-0.004004074726253748,0.10234582424163818,38.49625778198242,2.760328769683838,2.760328769683838,0
138,2.3,3,3,spm2_platform_joint_z,0,,0,flat,0,6.758845806121826,4.426641941070557,0.14753296971321106,0.2,0.0,0.0,0.030556438490748405,0.034242235124111176,-0.2569330632686615,-40.79490661621094,-5.1572794914245605,-5.1572794914245605,0,0.0,0.014459172263741493,0.026781857013702393,0.24882254004478455,4.022161960601807,-9.647749900817871,-9.647749900817871,0,0.0,0.011012613773345947,0.01256291288882494,0.690312922000885,138.4039764404297,4.3894362449646,4.3894362449646,0,-0.18817615509033203,-0.12472449988126755,-0.11658497154712677,0.08950808644294739,29.256460189819336,-7.150022506713867,-7.150022506713867,0,0.0,0.011982959695160389,0.012803775258362293,-0.9575474858283997,-55.807403564453125,2.4796688556671143,2.4796688556671143,0,0.0,0.002679965225979686,0.005343323573470116,0.77549809217453,146.53952026367188,3.9032325744628906,3.9032325744628906,0
138,2.3,4,4,spm2_platform_joint_y,0,,0,flat,0,5.817444324493408,5.076097011566162,0.14517849683761597,0.2,0.0,0.0,-0.023679157719016075,-0.02819175459444523,0.018931563943624496,6.7780985832214355,4.309715747833252,4.309715747833252,0,0.0,-0.062115635722875595,-0.0715538039803505,-0.26658180356025696,-14.108258247375488,10.372961044311523,10.372961044311523,0,0.0,0.0024347605649381876,0.0010898270411416888,-0.017311228439211845,3.198800802230835,1.0010180473327637,1.0010180473327637,0,0.0,0.006061160936951637,0.00500152911990881,-0.09392131119966507,18.16810417175293,2.313960552215576,2.313960552215576,0,-0.18817615509033203,-0.09001326560974121,-0.07331440597772598,-0.020421098917722702,20.434654235839844,-13.322945594787598,-13.322945594787598,0,0.0,-0.0017641702434048057,-0.0021028872579336166,-0.14582735300064087,-47.60069274902344,-1.3909268379211426,-1.3909268379211426,0
138,2.3,5,5,spm2_platform_joint_x,0,,0,flat,0,5.95949649810791,4.571040153503418,0.14907017350196838,0.2,0.0,0.0,-0.040740519762039185,-0.04470131918787956,0.11727045476436615,-1.1734074354171753,4.109609603881836,4.109609603881836,0,0.0,0.005772742442786694,0.006221971474587917,0.07090742141008377,9.538782119750977,-0.07183369994163513,-0.07183369994163513,0,0.0,-0.009655949659645557,-0.01348920352756977,0.09137996286153793,40.937435150146484,6.661096572875977,6.661096572875977,0,0.0,0.019618719816207886,0.024981096386909485,0.13781562447547913,-11.171936988830566,-7.115548133850098,-7.115548133850098,0,0.0,-0.014247244223952293,-0.018919870257377625,-0.2289242148399353,-39.30494689941406,1.6593687534332275,1.6593687534332275,0,-0.18817615509033203,-0.03823310509324074,-0.018836522474884987,0.6501061916351318,111.84363555908203,-16.913679122924805,-16.913679122924805,0
139,2.3166666666666664,0,0,spm1_platform_joint_z,0,,0,flat,0,5.462264060974121,5.029683589935303,0.1449747532606125,0.2,0.0,-0.185567244887352,-0.2145797163248062,-0.22125950455665588,-0.14787419140338898,-1.9230812788009644,6.758333206176758,6.758333206176758,0,0.0,-0.0056243715807795525,-0.007185223046690226,-0.06450890749692917,-14.16645336151123,0.1302075982093811,0.1302075982093811,0,0.0,0.005695824045687914,0.0016215656651183963,-0.10967597365379333,17.50330924987793,4.57837438583374,4.57837438583374,0,0.0,-0.01994781196117401,-0.026007406413555145,-0.0611654669046402,12.439486503601074,7.052363395690918,7.052363395690918,0,0.0,-0.006827060133218765,-0.008647835813462734,0.15816959738731384,-1.1849695444107056,0.3308454751968384,0.3308454751968384,0,0.0,4.9998776376014575e-05,-0.0017899146769195795,-0.2389957457780838,2.189242362976074,2.0115275382995605,2.0115275382995605,0
139,2.3166666666666664,1,1,spm1_platform_joint_y,0,,0,flat,0,6.652238368988037,4.758775234222412,0.1461288034915924,0.2,0.0,0.0,0.011772587895393372,0.010284720920026302,-0.073769211769104,0.8668756484985352,1.335972547531128,1.335972547531128,0,-0.185567244887352,-0.08403639495372772,-0.06479424983263016,-0.030837923288345337,15.847762107849121,-14.795270919799805,-14.795270919799805,0,0.0,0.004608822986483574,0.005008464679121971,-0.004273340106010437,30.277706146240234,0.769310712814331,0.769310712814331,0,0.0,0.007398076355457306,0.012046231888234615,0.19146084785461426,27.633440017700195,-2.141223907470703,-2.141223907470703,0,0.0,-0.06268535554409027,-0.07280851900577545,-0.627937376499176,-41.266353607177734,12.183128356933594,12.183128356933594,0,0.0,0.0008303334470838308,0.00020797294564545155,-0.03954215347766876,28.429386138916016,1.9445595741271973,1.9445595741271973,0
139,2.3166666666666664,2,2,spm1_platform_joint_x,0,,0,flat,0,6.012021541595459,3.5352373123168945,0.14525125920772552,0.2,0.0,0.0,-0.015139688737690449,-0.017227917909622192,0.03947790712118149,-20.880020141601562,0.3790106773376465,0.3790106773376465,0,0.0,0.02005164697766304,0.021438440307974815,-0.1868075579404831,-9.21627426147461,-0.690651535987854,-0.690651535987854,0,-0.185567244887352,-0.02325267344713211,0.0009782363194972277,-0.1897466480731964,-9.479362487792969,-24.357975006103516,-24.357975006103516,0,0.0,0.0031004035845398903,0.0028098300099372864,0.010444356128573418,22.353809356689453,2.0149648189544678,2.0149648189544678,0,0.0,0.01585191860795021,0.019964255392551422,-0.11984744668006897,2.3290319442749023,-2.457202911376953,-2.457202911376953,0,0.0,-0.003470198018476367,-0.003587955143302679,-0.06503515690565109,-0.8484323024749756,0.2998856008052826,0.2998856008052826,0
139,2.3166666666666664,3,3,spm2_platform_joint_z,0,,0,flat,0,6.771900177001953,4.428152084350586,0.14834123849868774,0.2,0.0,0.0,0.02967660315334797,0.03191819787025452,-0.13338583707809448,7.885199069976807,-1.7256053686141968,-1.7256053686141968,0,0.0,0.02321094274520874,0.030580200254917145,-0.10594102740287781,-36.121463775634766,-8.648429870605469,-8.648429870605469,0,0.0,0.010887857526540756,0.00960853323340416,-0.2929707467556,0.27374982833862305,1.1256309747695923,1.1256309747695923,0,-0.185567244887352,-0.12578260898590088,-0.11800726503133774,-0.15877360105514526,-17.86321258544922,-8.369306564331055,-8.369306564331055,0,0.0,0.011096605099737644,0.0070412056520581245,-0.18537671864032745,19.664323806762695,6.658968925476074,6.658968925476074,0,0.0,0.004630880430340767,0.004485524259507656,-0.1442527174949646,18.408782958984375,1.289734959602356,1.289734959602356,0
139,2.3166666666666664,4,4,spm2_platform_joint_y,0,,0,flat,0,5.828982353210449,5.0760955810546875,0.14506861567497253,0.2,0.0,0.0,-0.024432852864265442,-0.029590623453259468,0.01635463908314705,16.171207427978516,5.607734203338623,5.607734203338623,0,0.0,-0.06201329827308655,-0.07249632477760315,0.04967246949672699,12.8098726272583,11.617502212524414,11.617502212524414,0,0.0,0.0009445167379453778,0.002706836210563779,-0.019582729786634445,-23.161396026611328,-3.085336685180664,-3.085336685180664,0,0.0,0.00433465838432312,0.004109435249119997,-0.14252573251724243,-14.222513198852539,-0.3105141818523407,-0.3105141818523407,0,-0.185567244887352,-0.08828145265579224,-0.0740368440747261,-0.2066538780927658,-9.161138534545898,-13.955902099609375,-13.955902099609375,0,0.0,-0.0018225022358819842,-0.0013911370187997818,-0.20302757620811462,-44.982749938964844,-2.7301840782165527,-2.7301840782165527,0
139,2.3166666666666664,5,5,spm2_platform_joint_x,0,,0,flat,0,5.976195335388184,4.5706963539123535,0.149743914604187,0.2,0.0,0.0,-0.03874114155769348,-0.04497668892145157,0.11685971170663834,14.249861717224121,6.512087345123291,6.512087345123291,0,0.0,0.005392375402152538,0.006535008549690247,0.046433381736278534,-1.7560627460479736,-1.4615579843521118,-1.4615579843521118,0,0.0,-0.011690642684698105,-0.014197771437466145,-0.34205618500709534,-62.55890655517578,-2.825007438659668,-2.825007438659668,0,0.0,0.02165028266608715,0.024356117472052574,-0.11663267016410828,1.444982886314392,-2.26166033744812,-2.26166033744812,0,0.0,-0.016397221013903618,-0.01873990334570408,0.17363566160202026,27.688840866088867,3.834099292755127,3.834099292755127,0,-0.185567244887352,-0.04106728732585907,-0.017379913479089737,-0.11528771370649338,-20.3124942779541,-24.896697998046875,-24.896697998046875,0
140,2.3333333333333335,0,0,spm1_platform_joint_z,0,,0,flat,0,5.474545478820801,5.0312676429748535,0.14468693733215332,0.2,0.0,-0.18270909786224365,-0.2161194533109665,-0.2235385626554489,-0.08450927585363388,2.0993926525115967,7.3165130615234375,7.3165130615234375,0,0.0,-0.006227193400263786,-0.008910518139600754,-0.03159387782216072,-0.9340198040008545,2.0208237171173096,2.0208237171173096,0,0.0,0.0014053569175302982,0.001347391284070909,-0.012436160817742348,-1.3158375024795532,-0.0424855537712574,-0.0424855537712574,0,0.0,-0.02253975160419941,-0.02767782285809517,-0.14197300374507904,-5.712264060974121,5.271048069000244,5.271048069000244,0,0.0,-0.007494790945202112,-0.006846767384558916,0.20504522323608398,2.0467722415924072,-1.5645489692687988,-1.5645489692687988,0,0.0,-0.001551259309053421,-0.0047684614546597,-0.17820078134536743,1.960793137550354,3.7218704223632812,3.7218704223632812,0
140,2.3333333333333335,1,1,spm1_platform_joint_y,0,,0,flat,0,6.665104389190674,4.758317947387695,0.14686273038387299,0.2,0.0,0.0,0.008913424797356129,0.006623835302889347,-0.16962483525276184,16.685232162475586,3.3689653873443604,3.3689653873443604,0,-0.18270909786224365,-0.08051623404026031,-0.06087758019566536,-0.2755863070487976,-43.884857177734375,-19.954090118408203,-19.954090118408203,0,0.0,0.004340669140219688,0.009249608032405376,0.08206488192081451,-8.483192443847656,-2.522034168243408,-2.522034168243408,0,0.0,0.010440067388117313,0.013412607833743095,-0.11237166821956635,-33.02724075317383,-4.688441753387451,-4.688441753387451,0,0.0,-0.06310071796178818,-0.07390424609184265,-0.25953811407089233,40.22532653808594,17.002431869506836,17.002431869506836,0,0.0,0.00018024322343990207,0.004913812968879938,0.2764352560043335,-12.949337005615234,-6.189068794250488,-6.189068794250488,0
140,2.3333333333333335,2,2,spm1_platform_joint_x,0,,0,flat,0,6.026938438415527,3.535773754119873,0.14499805867671967,0.2,0.0,0.0,-0.014930862002074718,-0.018170220777392387,-0.28496259450912476,-20.096593856811523,3.192654609680176,3.192654609680176,0,0.0,0.018579982221126556,0.02149406634271145,-0.11717523634433746,-9.486152648925781,-2.1225409507751465,-2.1225409507751465,0,-0.18270909786224365,-0.02351340837776661,-0.00033131722011603415,0.3690043091773987,40.94223403930664,-23.10219955444336,-23.10219955444336,0,0.0,0.0024351859465241432,0.0017246814677491784,-0.1585521399974823,-18.07700538635254,-0.5387230515480042,-0.5387230515480042,0,0.0,0.01730235479772091,0.019497113302350044,-0.23456604778766632,-0.22942721843719482,-0.8458375930786133,-0.8458375930786133,0,0.0,-0.0031095610465854406,-0.001621249015443027,0.2515895962715149,7.937798976898193,-1.1446994543075562,-1.1446994543075562,0
140,2.3333333333333335,3,3,spm2_platform_joint_z,0,,0,flat,0,6.784849643707275,4.430100440979004,0.14677724242210388,0.2,0.0,0.0,0.02766243740916252,0.029250146821141243,0.21881015598773956,55.231197357177734,-0.5080592632293701,-0.5080592632293701,0,0.0,0.026502840220928192,0.024718761444091797,-0.18513329327106476,20.46131134033203,1.1396546363830566,1.1396546363830566,0,0.0,0.008327395655214787,0.006457329727709293,-0.7032496929168701,-72.5556411743164,2.652071714401245,2.652071714401245,0,-0.18270909786224365,-0.12663418054580688,-0.12134766578674316,-0.41492894291877747,-27.453304290771484,-5.458137512207031,-5.458137512207031,0,0.0,0.006102378014475107,0.011107807978987694,0.39885249733924866,30.868131637573242,-2.353748321533203,-2.353748321533203,0,0.0,0.003887454280629754,0.0047509511932730675,-0.9568804502487183,-142.63345336914062,-2.513759136199951,-2.513759136199951,0
140,2.3333333333333335,4,4,spm2_platform_joint_y,0,,0,flat,0,5.840962886810303,5.076087474822998,0.14520210027694702,0.2,0.0,0.0,-0.02564520761370659,-0.03002561815083027,0.009288238361477852,-5.228957653045654,3.417019844055176,3.417019844055176,0,0.0,-0.06283015012741089,-0.06848207861185074,-0.307071715593338,-23.19186019897461,7.485054969787598,7.485054969787598,0,0.0,0.0023459247313439846,0.0015991567634046078,-0.11137019842863083,18.568593978881836,2.4163105487823486,2.4163105487823486,0,0.0,0.003561510471627116,0.003205320332199335,-0.05699196085333824,-0.05610063672065735,0.9432283639907837,0.9432283639907837,0,-0.18270909786224365,-0.08852647989988327,-0.0698590949177742,-0.34798890352249146,-14.674426078796387,-14.950148582458496,-14.950148582458496,0,0.0,-0.0012056520208716393,-0.004040560685098171,-0.12861613929271698,12.001527786254883,4.156543731689453,4.156543731689453,0
140,2.3333333333333335,5,5,spm2_platform_joint_x,0,,0,flat,0,5.993184566497803,4.5705671310424805,0.148996502161026,0.2,0.0,0.0,-0.038979798555374146,-0.04495740309357643,0.046396564692258835,10.234213829040527,6.287465572357178,6.287465572357178,0,0.0,0.005663673859089613,-0.0021705522667616606,0.14749775826931,50.5814323425293,6.32200288772583,6.32200288772583,0,0.0,-0.012304735369980335,-0.013189389370381832,0.5155117511749268,40.06660079956055,0.5973882675170898,0.5973882675170898,0,0.0,0.021108634769916534,0.023333637043833733,-0.28615111112594604,-22.15317153930664,-1.8779821395874023,-1.8779821395874023,0,0.0,-0.016241248697042465,-0.01758749969303608,0.2573133111000061,-16.77168846130371,-0.9279229640960693,-0.9279229640960693,0,-0.18270909786224365,-0.039423808455467224,-0.019379036501049995,0.20959123969078064,42.52946472167969,-19.795372009277344,-19.795372009277344,0
141,2.35,0,0,spm1_platform_joint_z,0,,0,flat,0,5.486415863037109,5.0328803062438965,0.14467793703079224,0.2,0.0,-0.17960551381111145,-0.21768082678318024,-0.22570620477199554,-0.14387808740139008,-11.630425453186035,7.312877655029297,7.312877655029297,0,0.0,-0.0077224490232765675,-0.007189210504293442,0.14213258028030396,-1.174328327178955,-1.2103418111801147,-1.2103418111801147,0,0.0,0.0011677390430122614,0.005077494774013758,0.2176249474287033,-5.208551406860352,-4.714763164520264,-4.714763164520264,0,0.0,-0.02398744598031044,-0.0329696349799633,-0.33710765838623047,1.073777675628662,9.38612174987793,9.38612174987793,0,0.0,-0.00593386497348547,-0.00815741065889597,-0.025140129029750824,-4.213822841644287,1.2439359426498413,1.2439359426498413,0,0.0,-0.004132666625082493,-0.0007042852230370045,0.33939528465270996,11.842166900634766,-2.6470885276794434,-2.6470885276794434,0
141,2.35,1,1,spm1_platform_joint_y,0,,0,flat,0,6.6780900955200195,4.758096694946289,0.14621859788894653,0.2,0.0,0.0,0.005740657448768616,0.003555146511644125,-0.09804823994636536,13.610574722290039,2.977776527404785,2.977776527404785,0,-0.17960551381111145,-0.07670797407627106,-0.06254284083843231,-0.34727969765663147,-4.521807670593262,-11.840690612792969,-11.840690612792969,0,0.0,0.008016327396035194,0.008083714172244072,-0.36847954988479614,-51.15418243408203,-1.9932142496109009,-1.9932142496109009,0,0.0,0.011624259874224663,0.012578402645885944,0.0964956134557724,23.522937774658203,-0.2867775559425354,-0.2867775559425354,0,0.0,-0.0640503466129303,-0.06971072405576706,-0.20457178354263306,-9.313892364501953,9.090867042541504,9.090867042541504,0,0.0,0.00425863778218627,0.00673960754647851,-0.35987234115600586,-74.97774505615234,-5.366315841674805,-5.366315841674805,0
141,2.35,2,2,spm1_platform_joint_x,0,,0,flat,0,6.041589260101318,3.536543369293213,0.14498192071914673,0.2,0.0,0.0,-0.015747524797916412,-0.0208820141851902,-0.06430213153362274,10.778938293457031,6.007099151611328,6.007099151611328,0,0.0,0.018628191202878952,0.019021697342395782,-0.22027093172073364,-0.9607458114624023,0.010100364685058594,0.010100364685058594,0,-0.17960551381111145,-0.024234546348452568,0.002009582007303834,-0.16876663267612457,-39.43665313720703,-28.321292877197266,-28.321292877197266,0,0.0,0.0014947239542379975,0.0008144744788296521,-0.03420597314834595,-13.493847846984863,-0.21248728036880493,-0.21248728036880493,0,0.0,0.016897497698664665,0.019610805436968803,-0.04067270830273628,0.8748154640197754,-1.9453084468841553,-1.9453084468841553,0,0.0,-0.0014050824102014303,-0.001978285377845168,-0.09959950298070908,14.963394165039062,1.5865466594696045,1.5865466594696045,0
141,2.35,3,3,spm2_platform_joint_z,0,,0,flat,0,6.797853946685791,4.4319305419921875,0.14519071578979492,0.2,0.0,0.0,0.02535012736916542,0.028730204328894615,0.0372128039598465,3.4776172637939453,-4.445699214935303,-4.445699214935303,0,0.0,0.02142292633652687,0.01702328398823738,0.48380014300346375,123.31110382080078,6.551494598388672,6.551494598388672,0,0.0,0.0055963522754609585,0.004975748714059591,0.169936865568161,53.30904006958008,5.548737525939941,5.548737525939941,0,-0.17960551381111145,-0.12911537289619446,-0.12527009844779968,-0.07003143429756165,26.33327293395996,-2.127525806427002,-2.127525806427002,0,0.0,0.009626766666769981,0.01640216074883938,-0.0941653698682785,-51.145469665527344,-7.900440216064453,-7.900440216064453,0,0.0,0.004117491189390421,0.0010131391463801265,0.031696900725364685,53.559165954589844,8.593331336975098,8.593331336975098,0
141,2.35,4,4,spm2_platform_joint_y,0,,0,flat,0,5.852972984313965,5.0759968757629395,0.14587238430976868,0.2,0.0,0.0,-0.026022203266620636,-0.029056906700134277,0.15438957512378693,0.2057361602783203,1.8889117240905762,1.8889117240905762,0,0.0,-0.05935113504528999,-0.06427652388811111,0.1547980159521103,-21.128820419311523,3.8131346702575684,3.8131346702575684,0,0.0,0.001385935815051198,-0.00029843291849829257,-0.2576126158237457,-15.706690788269043,2.2169570922851562,2.2169570922851562,0,0.0,0.0027779443189501762,0.001676964689977467,-0.06168622523546219,10.31620979309082,2.0215821266174316,2.0215821266174316,0,-0.17960551381111145,-0.08449195325374603,-0.07331423461437225,-0.44453227519989014,8.195049285888672,-8.25513744354248,-8.25513744354248,0,0.0,-0.0035018192138522863,-0.004974037874490023,-0.3686083257198334,-28.260709762573242,3.0605082511901855,3.0605082511901855,0
141,2.35,5,5,spm2_platform_joint_x,0,,0,flat,0,6.010697364807129,4.570749282836914,0.14916256070137024,0.2,0.0,0.0,-0.03896308317780495,-0.04516124725341797,-0.11954035609960556,-19.672718048095703,5.410948276519775,5.410948276519775,0,0.0,-0.0018811452900990844,-0.0008899225504137576,-0.10437484085559845,-35.786067962646484,-2.832345962524414,-2.832345962524414,0,0.0,-0.011430803686380386,-0.00986496265977621,0.0846005231142044,-15.612103462219238,-3.9736104011535645,-3.9736104011535645,0,0.0,0.020222485065460205,0.019800476729869843,-0.0923590138554573,25.42112159729004,2.3187127113342285,2.3187127113342285,0,0.0,-0.0152424992993474,-0.018560759723186493,0.08147256076335907,16.195024490356445,3.5540928840637207,3.5540928840637207,0,-0.17960551381111145,-0.04074256867170334,-0.0185225959867239,-0.06531649827957153,-7.566575050354004,-22.79843521118164,-22.79843521118164,0
142,2.3666666666666667,0,0,spm1_platform_joint_z,0,,0,flat,0,5.497832298278809,5.034499645233154,0.14523454010486603,0.2,0.0,-0.17626069486141205,-0.21911346912384033,-0.2281418740749359,-0.04688849672675133,18.500877380371094,10.052081108093262,10.052081108093262,0,0.0,-0.006230649072676897,-0.004840276204049587,0.0452035553753376,-16.194232940673828,-2.792837142944336,-2.792837142944336,0,0.0,0.0044004954397678375,0.0038212237413972616,-0.02832288295030594,43.672725677490234,3.3285679817199707,3.3285679817199707,0,0.0,-0.02857368439435959,-0.03716457262635231,-0.2637636959552765,-17.304443359375,8.224239349365234,8.224239349365234,0,0.0,-0.007069755811244249,-0.00945226289331913,0.1052326187491417,-0.004216432571411133,2.41542387008667,2.41542387008667,0,0.0,-0.0006103805499151349,0.0011955832596868277,0.046379830688238144,7.154994487762451,-1.3988187313079834,-1.3988187313079834,0
142,2.3666666666666667,1,1,spm1_platform_joint_y,0,,0,flat,0,6.690892696380615,4.757884979248047,0.14502838253974915,0.2,0.0,0.0,0.003081127069890499,0.0037087672390043736,0.13738477230072021,16.32931900024414,-0.05397965759038925,-0.05397965759038925,0,-0.17626069486141205,-0.07770521938800812,-0.06448761373758316,-0.20219506323337555,29.64198112487793,-10.071535110473633,-10.071535110473633,0,0.0,0.00700588570907712,-0.0010375763522461057,-0.05180481821298599,54.48844909667969,8.510400772094727,8.510400772094727,0,0.0,0.010901282541453838,0.014459536410868168,0.18522581458091736,11.097188949584961,-3.6331064701080322,-3.6331064701080322,0,0.0,-0.06041596084833145,-0.06391971558332443,-0.3057045340538025,-26.386127471923828,7.429069519042969,7.429069519042969,0,0.0,0.005840993020683527,-0.0019769363570958376,-0.09291237592697144,43.400245666503906,8.034074783325195,8.034074783325195,0
142,2.3666666666666667,2,2,spm1_platform_joint_x,0,,0,flat,0,6.05631685256958,3.5366506576538086,0.1447601616382599,0.2,0.0,0.0,-0.01809774525463581,-0.020939147099852562,-0.12142050266265869,-14.86589241027832,2.9814980030059814,2.9814980030059814,0,0.0,0.01648547127842903,0.018334774300456047,-0.02320840209722519,22.394865036010742,0.15737378597259521,0.15737378597259521,0,-0.17626069486141205,-0.021759789437055588,-0.001782289007678628,0.0157301165163517,29.449968338012695,-19.659149169921875,-19.659149169921875,0,0.0,0.0007058779010549188,0.0019680382683873177,-0.04856499284505844,-14.856810569763184,-1.3671135902404785,-1.3671135902404785,0,0.0,0.016996031627058983,0.02006550133228302,-0.32799944281578064,-21.500625610351562,-1.4393833875656128,-1.4393833875656128,0,0.0,-0.0017145139863714576,-0.0042370217852294445,0.18309858441352844,45.151275634765625,3.5700294971466064,3.5700294971466064,0
142,2.3666666666666667,3,3,spm2_platform_joint_z,0,,0,flat,0,6.811455249786377,4.433391094207764,0.14517134428024292,0.2,0.0,0.0,0.02489951066672802,0.028878334909677505,-0.063136525452137,-17.664371490478516,-5.402889251708984,-5.402889251708984,0,0.0,0.014753513038158417,0.018548913300037384,-0.21130235493183136,-29.896623611450195,-4.8273420333862305,-4.8273420333862305,0,0.0,0.0043123154900968075,0.002303279470652342,-0.1266350895166397,11.387225151062012,2.7856905460357666,2.7856905460357666,0,-0.17626069486141205,-0.13206884264945984,-0.1270144134759903,-0.12566064298152924,5.052433967590332,-3.851865530014038,-3.851865530014038,0,0.0,0.014215205796062946,0.015420372597873211,-0.10917823761701584,28.280590057373047,2.4455533027648926,2.4455533027648926,0,0.0,0.0008780539501458406,-0.0016920125344768167,-0.22325409948825836,9.250179290771484,4.2676191329956055,4.2676191329956055,0
142,2.3666666666666667,4,4,spm2_platform_joint_y,0,,0,flat,0,5.86489200592041,5.075771331787109,0.14636728167533875,0.2,0.0,0.0,-0.025182653218507767,-0.029196031391620636,0.0908711850643158,17.868135452270508,4.409266471862793,4.409266471862793,0,0.0,-0.05570632219314575,-0.06336139142513275,-0.11866530776023865,-10.898138046264648,8.093046188354492,8.093046188354492,0,0.0,-0.0002586418704595417,7.574324263259768e-05,0.15654046833515167,-10.885526657104492,-1.3523588180541992,-1.3523588180541992,0,0.0,0.00145336939021945,0.0004985619452781975,-0.1373261958360672,-17.0279598236084,0.13831345736980438,0.13831345736980438,0,-0.17626069486141205,-0.08704043179750443,-0.07333585619926453,-0.16612060368061066,17.807649612426758,-10.217201232910156,-10.217201232910156,0,0.0,-0.00431083282455802,-0.006302574649453163,-0.08470095694065094,5.1540703773498535,2.407334804534912,2.407334804534912,0
142,2.3666666666666667,5,5,spm2_platform_joint_x,0,,0,flat,0,6.028743743896484,4.570914268493652,0.14783819019794464,0.2,0.0,0.0,-0.039139747619628906,-0.044928085058927536,0.03874322026968002,-0.6762608885765076,5.674063205718994,5.674063205718994,0,0.0,-0.0007712661754339933,-0.006094253156334162,0.029000932350754738,1.3781923055648804,2.9607174396514893,2.9607174396514893,0,0.0,-0.008549634367227554,-0.009765314869582653,0.13288570940494537,22.566835403442383,1.634506344795227,1.634506344795227,0,0.0,0.017160413786768913,0.01704830303788185,-0.3722606301307678,-21.029781341552734,0.8199112415313721,0.8199112415313721,0,0.0,-0.016085991635918617,-0.01951083168387413,0.3219689428806305,19.675884246826172,1.8276081085205078,1.8276081085205078,0,-0.17626069486141205,-0.03955434262752533,-0.02062559500336647,0.695406973361969,94.19780731201172,-18.89676856994629,-18.89676856994629,0
143,2.3833333333333333,0,0,spm1_platform_joint_z,0,,0,flat,0,5.508938789367676,5.035933017730713,0.1451703906059265,0.2,0.0,-0.1726791113615036,-0.22074684500694275,-0.22867754101753235,-0.014776501804590225,-3.850766181945801,7.5479936599731445,7.5479936599731445,0,0.0,-0.004194905981421471,-0.006628482136875391,-0.036540381610393524,-4.01875114440918,1.7617113590240479,1.7617113590240479,0,0.0,0.0033117271959781647,0.0028839169535785913,-0.07976583391427994,-0.7511454820632935,0.5561749339103699,0.5561749339103699,0,0.0,-0.03220929577946663,-0.04034038633108139,-0.21399256587028503,0.3560972213745117,8.637248992919922,8.637248992919922,0,0.0,-0.008191960863769054,-0.007485046982765198,0.1749790608882904,-1.2088394165039062,-1.6810517311096191,-1.6810517311096191,0,0.0,0.0010361721506342292,-0.0019789848010987043,-0.12469563633203506,1.4597878456115723,3.5079007148742676,3.5079007148742676,0
143,2.3833333333333333,1,1,spm1_platform_joint_y,0,,0,flat,0,6.703678607940674,4.757180213928223,0.14504042267799377,0.2,0.0,0.0,0.003214264987036586,0.00250356481410563,-0.02322179637849331,6.00078821182251,0.7870773077011108,0.7870773077011108,0,-0.1726791113615036,-0.0789131447672844,-0.0627516508102417,-0.2815600633621216,-19.590951919555664,-14.667805671691895,-14.667805671691895,0,0.0,-0.0008992328075692058,0.0027089265640825033,0.27728271484375,-6.9039306640625,-5.047128200531006,-5.047128200531006,0,0.0,0.012531598098576069,0.016435915604233742,-0.23163768649101257,-39.903282165527344,-4.501398086547852,-4.501398086547852,0,0.0,-0.05539708584547043,-0.06340749561786652,-0.1981305629014969,22.62457847595215,12.3356351852417,12.3356351852417,0,0.0,-0.0017133448272943497,-0.0013219824759289622,0.3801083266735077,35.07426071166992,-0.8438190221786499,-0.8438190221786499,0
143,2.3833333333333333,2,2,spm1_platform_joint_x,0,,0,flat,0,6.071069717407227,3.53741455078125,0.14494483172893524,0.2,0.0,0.0,-0.018147259950637817,-0.024496866390109062,-0.10990160703659058,9.614487648010254,6.173783302307129,6.173783302307129,0,0.0,0.01589013822376728,0.01861659623682499,-0.13188529014587402,-16.967445373535156,-3.305481433868408,-3.305481433868408,0,-0.1726791113615036,-0.024568533524870872,0.002605187240988016,0.12068382650613785,4.945648193359375,-24.62201690673828,-24.62201690673828,0,0.0,0.001705633127130568,-0.001698735635727644,-0.1482372134923935,12.937418937683105,3.930419683456421,3.930419683456421,0,0.0,0.01739010028541088,0.018181785941123962,-0.26182639598846436,18.81296730041504,4.0815839767456055,4.0815839767456055,0,0.0,-0.0036720854695886374,-0.0002865013375412673,0.14089083671569824,-5.712695598602295,-3.908032178878784,-3.908032178878784,0
143,2.3833333333333333,3,3,spm2_platform_joint_z,0,,0,flat,0,6.82534646987915,4.434501647949219,0.1450415551662445,0.2,0.0,0.0,0.025027889758348465,0.02839343249797821,0.04550551623106003,20.97408676147461,-1.9364452362060547,-1.9364452362060547,0,0.0,0.016075724735856056,0.015181411057710648,-0.013196290470659733,21.1615047454834,1.5483903884887695,1.5483903884887695,0,0.0,0.001996175618842244,0.0031123587395995855,-0.164468914270401,-46.3406867980957,-3.8967199325561523,-3.8967199325561523,0,-0.1726791113615036,-0.13310304284095764,-0.12864485383033752,-0.05655812844634056,-0.22987335920333862,-4.579335689544678,-4.579335689544678,0,0.0,0.013364322483539581,0.015124846249818802,-0.06658714264631271,-8.564005851745605,-1.6690149307250977,-1.6690149307250977,0,0.0,-0.0014664108166471124,5.136378240422346e-05,-0.20438110828399658,-68.31195068359375,-5.781918525695801,-5.781918525695801,0
143,2.3833333333333333,4,4,spm2_platform_joint_y,0,,0,flat,0,5.8768744468688965,5.075473785400391,0.14571431279182434,0.2,0.0,0.0,-0.025303225964307785,-0.029473796486854553,-0.07911621779203415,-17.267057418823242,3.3498198986053467,3.3498198986053467,0,0.0,-0.05491320416331291,-0.0676768496632576,-0.04871176928281784,10.863297462463379,11.9277925491333,11.9277925491333,0,0.0,6.564414070453495e-05,-0.0003746143192984164,0.22140812873840332,4.284526824951172,-3.304940700531006,-3.304940700531006,0,0.0,0.0004320870211813599,-0.0003568270767573267,0.0033705937676131725,18.169206619262695,2.29453182220459,2.29453182220459,0,-0.1726791113615036,-0.08658162504434586,-0.07231539487838745,0.029670655727386475,7.762048244476318,-12.374692916870117,-12.374692916870117,0,0.0,-0.0054622311145067215,-0.006426823791116476,0.28612953424453735,44.05040740966797,2.3277320861816406,2.3277320861816406,0
143,2.3833333333333333,5,5,spm2_platform_joint_x,0,,0,flat,0,6.047012805938721,4.571063995361328,0.1475466787815094,0.2,0.0,0.0,-0.03893767297267914,-0.04281311854720116,0.028018999844789505,-32.85022735595703,1.8030030727386475,1.8030030727386475,0,0.0,-0.0052816858515143394,-0.004987129010260105,0.18037660419940948,12.136415481567383,-0.6527998447418213,-0.6527998447418213,0,0.0,-0.008463272824883461,-0.007157912943512201,0.19530926644802094,66.04266357421875,4.851593017578125,4.851593017578125,0,0.0,0.014775196090340614,0.008169054053723812,-0.41165071725845337,27.29839324951172,8.658008575439453,8.658008575439453,0,0.0,-0.016909386962652206,-0.018448591232299805,-0.03399244695901871,-9.850546836853027,1.4911956787109375,1.4911956787109375,0,-0.1726791113615036,-0.04089939966797829,-0.01130613125860691,0.22117523849010468,-39.664894104003906,-32.33284378051758,-32.33284378051758,0
144,2.4,0,0,spm1_platform_joint_z,0,,0,flat,0,5.519808769226074,5.037337779998779,0.1445140838623047,0.2,0.0,-0.16886559128761292,-0.2207026183605194,-0.22884692251682281,-0.03158475086092949,-6.2601799964904785,7.898728370666504,7.898728370666504,0,0.0,-0.005744684487581253,-0.00792777631431818,-0.09722624719142914,-7.209945201873779,1.9632707834243774,1.9632707834243774,0,0.0,0.0024993945844471455,0.00072862597880885,0.11688408255577087,25.118783950805664,1.501485824584961,1.501485824584961,0,0.0,-0.03496166691184044,-0.04312865063548088,-0.21067413687705994,-4.604977607727051,8.650062561035156,8.650062561035156,0,0.0,-0.006487040780484676,-0.006321522872895002,0.08941793441772461,-5.685024261474609,-1.0669870376586914,-1.0669870376586914,0,0.0,-0.0017151201609522104,-0.0036207393277436495,-0.06273295730352402,4.276576519012451,2.1192784309387207,2.1192784309387207,0
144,2.4,1,1,spm1_platform_joint_y,0,,0,flat,0,6.7164998054504395,4.756893157958984,0.14461275935173035,0.2,0.0,0.0,0.002169756218791008,0.0005901925032958388,0.08983300626277924,38.8841667175293,3.909424304962158,3.909424304962158,0,-0.16886559128761292,-0.0769001767039299,-0.06348799169063568,-0.24637775123119354,7.035840034484863,-9.632996559143066,-9.632996559143066,0,0.0,0.0023477363865822554,0.0005711764679290354,-0.3741815388202667,-72.26983642578125,-4.532802581787109,-4.532802581787109,0,0.0,0.014244459569454193,0.015404845587909222,-0.043445587158203125,8.648659706115723,-0.1457386016845703,-0.1457386016845703,0,0.0,-0.054953161627054214,-0.06194806471467018,-0.24307215213775635,-20.0374755859375,7.440001010894775,7.440001010894775,0,0.0,-0.001145718153566122,-0.0013869373360648751,-0.23481515049934387,-54.34056091308594,-4.324351787567139,-4.324351787567139,0
144,2.4,2,2,spm1_platform_joint_x,0,,0,flat,0,6.085817813873291,3.537684917449951,0.14494505524635315,0.2,0.0,0.0,-0.02123061753809452,-0.02549014985561371,0.040523409843444824,10.183662414550781,4.802560329437256,4.802560329437256,0,0.0,0.016134383156895638,0.017278680577874184,-0.05522209033370018,10.09110164642334,-0.31136059761047363,-0.31136059761047363,0,-0.16886559128761292,-0.020257584750652313,-0.00013568237773142755,-0.21479842066764832,-6.689082145690918,-20.83534049987793,-20.83534049987793,0,0.0,-0.0014722375199198723,0.0009954642737284303,0.20675809681415558,4.08697509765625,-2.106757402420044,-2.106757402420044,0,0.0,0.015757547691464424,0.015497381798923016,-0.08994816243648529,14.593297958374023,1.6072516441345215,1.6072516441345215,0,0.0,-0.00024830116308294237,-0.005935348570346832,-0.3786100447177887,4.0600738525390625,6.3679962158203125,6.3679962158203125,0
144,2.4,3,3,spm2_platform_joint_z,0,,0,flat,0,6.839433193206787,4.435529708862305,0.14488767087459564,0.2,0.0,0.0,0.024607641622424126,0.030486734583973885,0.03727339208126068,-9.660785675048828,-5.88203239440918,-5.88203239440918,0,0.0,0.013157222419977188,0.01365629117935896,0.0003862357698380947,10.0721435546875,-0.33335673809051514,-0.33335673809051514,0,0.0,0.0026973774656653404,0.0011985698947682977,0.3922138512134552,67.82012939453125,2.8345346450805664,2.8345346450805664,0,-0.16886559128761292,-0.13400761783123016,-0.13059209287166595,0.022757893428206444,14.519697189331055,-3.453158378601074,-3.453158378601074,0,0.0,0.013108199462294579,0.013412454165518284,-0.21206049621105194,-6.849859237670898,0.38197195529937744,0.38197195529937744,0,0.0,4.4515276385936886e-05,-0.002621860709041357,0.17258496582508087,42.28689193725586,3.4230709075927734,3.4230709075927734,0
144,2.4,4,4,spm2_platform_joint_y,0,,0,flat,0,5.88923454284668,5.07562780380249,0.14636951684951782,0.2,0.0,0.0,-0.025543956086039543,-0.030672261491417885,-0.27164211869239807,-55.21401596069336,2.4215381145477295,2.4215381145477295,0,0.0,-0.058653268963098526,-0.06383384764194489,-0.028257792815566063,-93.56189727783203,0.394287109375,0.394287109375,0,0.0,-0.00032466574339196086,-0.001812665956094861,0.03922218829393387,59.94834518432617,4.39128303527832,4.39128303527832,0,0.0,-0.00030925014289096,-0.0024173615965992212,-0.0709402784705162,31.849411010742188,3.981919050216675,3.981919050216675,0,-0.16886559128761292,-0.08518875390291214,-0.0752229392528534,-0.24973201751708984,28.4046573638916,-7.850808143615723,-7.850808143615723,0,0.0,-0.005569913890212774,-0.0058706835843622684,-0.22741755843162537,16.153715133666992,3.1529035568237305,3.1529035568237305,0
144,2.4,5,5,spm2_platform_joint_x,0,,0,flat,0,6.065418243408203,4.570770740509033,0.1471075713634491,0.2,0.0,0.0,-0.03710470348596573,-0.0396231934428215,0.20644736289978027,-7.4446210861206055,1.8645329475402832,1.8645329475402832,0,0.0,-0.004322178661823273,-0.003594011068344116,-0.03049708902835846,-0.28633251786231995,-0.585018515586853,-0.585018515586853,0,0.0,-0.006203524302691221,-0.0092272087931633,-0.1543886661529541,16.71725082397461,3.8901174068450928,3.8901174068450928,0,0.0,0.007079846691340208,0.005266960244625807,0.018527429550886154,7.848119258880615,2.2075767517089844,2.2075767517089844,0,0.0,-0.015988778322935104,-0.01672741398215294,0.09152749925851822,-30.743436813354492,-1.0884580612182617,-1.0884580612182617,0,-0.16886559128761292,-0.03231406211853027,-0.013495766557753086,-0.3338650166988373,-1.297287940979004,-18.670654296875,-18.670654296875,0
145,2.4166666666666665,0,0,spm1_platform_joint_z,0,,0,flat,0,5.530567169189453,5.038674831390381,0.14489619433879852,0.2,0.0,-0.1648252308368683,-0.22031070291996002,-0.23088864982128143,-0.15971195697784424,-6.2490434646606445,10.764654159545898,10.764654159545898,0,0.0,-0.006870739161968231,-0.007173396181315184,0.10931314527988434,6.512049674987793,1.1475852727890015,1.1475852727890015,0,0.0,0.0006314758211374283,0.003800053149461746,0.136259526014328,-24.494516372680664,-6.350862503051758,-6.350862503051758,0,0.0,-0.037378162145614624,-0.04794364422559738,-0.3429136276245117,1.6775965690612793,12.351490020751953,12.351490020751953,0,0.0,-0.005478653125464916,-0.008385905995965004,0.187300905585289,5.150871276855469,-0.39426612854003906,-0.39426612854003906,0,0.0,-0.0031379740685224533,-0.0003197234182152897,-0.07113220542669296,-54.21817398071289,-6.090829849243164,-6.090829849243164,0
145,2.4166666666666665,1,1,spm1_platform_joint_y,0,,0,flat,0,6.7292304039001465,4.7568559646606445,0.14507324993610382,0.2,0.0,0.0,0.0005115001695230603,-0.0006441081059165299,-0.039727833122015,-0.33587783575057983,0.8850962519645691,0.8850962519645691,0,-0.1648252308368683,-0.07699962705373764,-0.062028031796216965,-0.24593974649906158,-13.513063430786133,-13.551021575927734,-13.551021575927734,0,0.0,0.0004950196016579866,0.0009722296381369233,0.20278973877429962,33.52565383911133,1.1687999963760376,1.1687999963760376,0,0.0,0.013350865803658962,0.013110226951539516,-0.09159325808286667,10.596529006958008,0.8880966305732727,0.8880966305732727,0,0.0,-0.05368832126259804,-0.06313207745552063,-0.259086936712265,10.645143508911133,13.169057846069336,13.169057846069336,0,0.0,-0.001202012412250042,-0.0014586448669433594,-0.028576532378792763,-3.826979875564575,0.007157407701015472,0.007157407701015472,0
145,2.4166666666666665,2,2,spm1_platform_joint_x,0,,0,flat,0,6.100741386413574,3.5379443168640137,0.14483517408370972,0.2,0.0,0.0,-0.022091463208198547,-0.0285695418715477,-0.18490765988826752,-9.6561279296875,5.988243103027344,5.988243103027344,0,0.0,0.014974856749176979,0.013485219329595566,-0.033828165382146835,20.096479415893555,2.3251545429229736,2.3251545429229736,0,-0.1648252308368683,-0.02209429070353508,0.0024272887967526913,0.1698683351278305,-9.727669715881348,-24.11783790588379,-24.11783790588379,0,0.0,0.0008627356728538871,0.0009239866631105542,-0.21741637587547302,-29.003795623779297,-1.4288285970687866,-1.4288285970687866,0,0.0,0.01343106385320425,0.015509651973843575,-0.14121858775615692,-17.087060928344727,-3.1132309436798096,-3.1132309436798096,0,0.0,-0.005143968854099512,-0.0014582484727725387,0.20003275573253632,8.427359580993652,-2.181990623474121,-2.181990623474121,0
145,2.4166666666666665,3,3,spm2_platform_joint_z,0,,0,flat,0,6.854312896728516,4.436218738555908,0.1449439823627472,0.2,0.0,0.0,0.026421837508678436,0.0311459768563509,0.14595387876033783,23.05261993408203,-3.736194372177124,-3.736194372177124,0,0.0,0.011835452169179916,0.012518767267465591,-0.06639041751623154,-9.148362159729004,-1.0723098516464233,-1.0723098516464233,0,0.0,0.0010387605288997293,0.003856274764984846,-0.21839508414268494,-64.6673583984375,-7.182648658752441,-7.182648658752441,0,-0.1648252308368683,-0.135156512260437,-0.13134373724460602,-0.02452888712286949,-2.787562131881714,-3.924222707748413,-3.924222707748413,0,0.0,0.011624126695096493,0.011147134006023407,-0.18397340178489685,-4.270432472229004,0.9929179549217224,0.9929179549217224,0,0.0,-0.0022722792346030474,0.00035709954681806266,-0.33147621154785156,-67.11134338378906,-4.159308433532715,-4.159308433532715,0
145,2.4166666666666665,4,4,spm2_platform_joint_y,0,,0,flat,0,5.901623725891113,5.07572603225708,0.1465802639722824,0.2,0.0,0.0,-0.0265826266258955,-0.03379103168845177,-0.10976514965295792,9.694464683532715,7.906211853027344,7.906211853027344,0,0.0,-0.05532266944646835,-0.06719346344470978,0.045282457023859024,8.180676460266113,10.660396575927734,10.660396575927734,0,0.0,-0.001570977154187858,-0.0012288870057091117,0.1181068867444992,6.4697651863098145,-0.5405909419059753,-0.5405909419059753,0,0.0,-0.0020950466860085726,-0.003500256221741438,-0.07226704061031342,2.91729474067688,1.8306825160980225,1.8306825160980225,0,-0.1648252308368683,-0.08716991543769836,-0.07743139564990997,0.10796219855546951,22.42237663269043,-9.30077838897705,-9.30077838897705,0,0.0,-0.005087925586849451,-0.008077256381511688,-0.02701478824019432,13.564876556396484,3.694364070892334,3.694364070892334,0
145,2.4166666666666665,5,5,spm2_platform_joint_x,0,,0,flat,0,6.0836181640625,4.570157527923584,0.14725425839424133,0.2,0.0,0.0,-0.03434010222554207,-0.03738141059875488,0.185434028506279,-0.3197818994522095,2.2491586208343506,2.2491586208343506,0,0.0,-0.003114809514954686,-0.0018034384120255709,-0.010555719025433064,-15.536004066467285,-1.3313602209091187,-1.3313602209091187,0,0.0,-0.007996913976967335,-0.0037652868777513504,0.31016960740089417,-32.2281379699707,-6.597814083099365,-6.597814083099365,0,0.0,0.004564698785543442,0.001276712748222053,-0.4492982029914856,-12.95967960357666,4.0149736404418945,4.0149736404418945,0,0.0,-0.014497091993689537,-0.016140883788466454,-0.15868230164051056,-32.34977340698242,0.10626375675201416,0.10626375675201416,0,-0.1648252308368683,-0.03367302939295769,-0.008407218381762505,-0.1242089793086052,-64.9037857055664,-27.703083038330078,-27.703083038330078,0
146,2.433333333333333,0,0,spm1_platform_joint_z,0,,0,flat,0,5.541042804718018,5.0400238037109375,0.14504289627075195,0.2,0.0,-0.16056349873542786,-0.22151196002960205,-0.23310306668281555,-0.07669296860694885,4.095963001251221,11.692450523376465,11.692450523376465,0,0.0,-0.006216943264007568,-0.007491798605769873,0.04687071964144707,-5.341084957122803,0.09497606754302979,0.09497606754302979,0,0.0,0.003293379442766309,0.003280696226283908,-0.10577777028083801,-19.23406410217285,-1.393268346786499,-1.393268346786499,0,0.0,-0.04155115783214569,-0.05071396380662918,-0.06214960664510727,18.170230865478516,10.42896842956543,10.42896842956543,0,0.0,-0.007267785258591175,-0.008736157789826393,0.12066304683685303,4.847477912902832,0.7582235932350159,0.7582235932350159,0,0.0,-0.0002770936116576195,-0.0020574270747601986,-0.10875578224658966,0.4764676094055176,2.0060126781463623,2.0060126781463623,0
146,2.433333333333333,1,1,spm1_platform_joint_y,0,,0,flat,0,6.742122173309326,4.756860256195068,0.14467990398406982,0.2,0.0,0.0,-0.0005582270096056163,-0.00281136273406446,0.16897492110729218,35.777347564697266,2.5369434356689453,2.5369434356689453,0,-0.16056349873542786,-0.07516609132289886,-0.06437526643276215,-0.09197992086410522,21.980510711669922,-9.238689422607422,-9.238689422607422,0,0.0,0.0008425990235991776,0.004801514092832804,-0.032714296132326126,-33.777645111083984,-5.033225059509277,-5.033225059509277,0,0.0,0.011362196877598763,0.0119176572188735,-0.22911405563354492,-18.902307510375977,-0.4775509834289551,-0.4775509834289551,0,0.0,-0.054714467376470566,-0.06230214610695839,-0.03446401655673981,11.61867904663086,9.66628646850586,9.66628646850586,0,0.0,-0.0012641588691622019,-0.002125931205227971,-0.03886909410357475,1.5015864372253418,1.2369287014007568,1.2369287014007568,0
146,2.433333333333333,2,2,spm1_platform_joint_x,0,,0,flat,0,6.1158766746521,3.538503885269165,0.1450589895248413,0.2,0.0,0.0,-0.02476026862859726,-0.03132453188300133,-0.2829899787902832,-10.525854110717773,7.393146514892578,7.393146514892578,0,0.0,0.011687190271914005,0.010363954119384289,-0.1531713902950287,-5.4271745681762695,1.3737742900848389,1.3737742900848389,0,-0.16056349873542786,-0.01930481754243374,0.002685392741113901,0.1971028447151184,23.414609909057617,-22.06862449645996,-22.06862449645996,0,0.0,0.000800788402557373,-0.0009243511012755334,0.10273139923810959,32.2352294921875,3.761593818664551,3.761593818664551,0,0.0,0.013441698625683784,0.01068930234760046,0.14428940415382385,30.9559326171875,1.6610133647918701,1.6610133647918701,0,0.0,-0.0012638153275474906,-0.001492710318416357,-0.4508620798587799,-76.94029998779297,-3.90388822555542,-3.90388822555542,0
146,2.433333333333333,3,3,spm2_platform_joint_z,0,,0,flat,0,6.869027137756348,4.437175750732422,0.14497880637645721,0.2,0.0,0.0,0.026993179693818092,0.034234847873449326,0.30621039867401123,15.84003734588623,-7.42518949508667,-7.42518949508667,0,0.0,0.010849597863852978,0.007683651987463236,-0.04477040097117424,10.2249755859375,2.8378496170043945,2.8378496170043945,0,0.0,0.0033421048428863287,-0.0005393842002376914,-0.7911775708198547,-63.08894729614258,4.375614643096924,4.375614643096924,0,-0.16056349873542786,-0.13523970544338226,-0.1330331414937973,-0.10205131769180298,-2.7780792713165283,-2.1905250549316406,-2.1905250549316406,0,0.0,0.00966084934771061,0.008383364416658878,0.11209683120250702,14.161142349243164,0.36218491196632385,0.36218491196632385,0,0.0,0.00030948626226745546,-0.002882758155465126,-0.08387356996536255,9.437214851379395,3.2134604454040527,3.2134604454040527,0
146,2.433333333333333,4,4,spm2_platform_joint_y,0,,0,flat,0,5.914313316345215,5.075723171234131,0.1456519067287445,0.2,0.0,0.0,-0.02928556129336357,-0.03768134117126465,-0.25786152482032776,9.773347854614258,8.846051216125488,8.846051216125488,0,0.0,-0.058234333992004395,-0.07262447476387024,-0.01296150777488947,17.671377182006836,13.220643043518066,13.220643043518066,0,0.0,-0.0010650353506207466,0.0017185183241963387,0.3517990708351135,52.78010177612305,0.45745256543159485,0.45745256543159485,0,0.0,-0.003033555345609784,-0.003640667535364628,-0.08851294219493866,-24.033447265625,-0.2620527744293213,-0.2620527744293213,0,-0.16056349873542786,-0.08851567655801773,-0.07642558962106705,0.22158454358577728,-11.831952095031738,-14.087654113769531,-14.087654113769531,0,0.0,-0.007000288926064968,-0.005466571543365717,0.2088918685913086,20.708181381225586,0.8401389122009277,0.8401389122009277,0
146,2.433333333333333,5,5,spm2_platform_joint_x,0,,0,flat,0,6.101945400238037,4.5702924728393555,0.1473466157913208,0.2,0.0,0.0,-0.03239722177386284,-0.03646671399474144,-0.020621126517653465,-1.3936753273010254,4.008998870849609,4.008998870849609,0,0.0,-0.0015629800036549568,0.0002724916848819703,-0.234284445643425,-29.004497528076172,-1.7680646181106567,-1.7680646181106567,0,0.0,-0.003263248596340418,-0.009361131116747856,-0.39081326127052307,6.629955768585205,6.9377031326293945,6.9377031326293945,0,0.0,0.0011064843274652958,-0.000965484359767288,0.07632587850093842,21.212507247924805,3.0603084564208984,3.0603084564208984,0,0.0,-0.013988765887916088,-0.012132999487221241,0.003386883996427059,-21.954368591308594,-1.7540363073349,-1.7540363073349,0,-0.16056349873542786,-0.028694722801446915,-0.011078329756855965,0.05202674865722656,22.874523162841797,-17.658348083496094,-17.658348083496094,0
147,2.45,0,0,spm1_platform_joint_z,0,,0,flat,0,5.551559925079346,5.041407585144043,0.14469286799430847,0.2,0.0,-0.15608608722686768,-0.22283414006233215,-0.234910249710083,-0.07099071145057678,-12.088330268859863,10.234329223632812,10.234329223632812,0,0.0,-0.006492892280220985,-0.010028854943811893,-0.020856639370322227,-10.25655746459961,0.8675132989883423,0.8675132989883423,0,0.0,0.0028432700783014297,0.003030440304428339,0.009085244499146938,29.863759994506836,3.610095977783203,3.610095977783203,0,0.0,-0.0439520999789238,-0.05285390466451645,-0.14426428079605103,-2.8325583934783936,9.010449409484863,9.010449409484863,0,0.0,-0.007571336813271046,-0.0079722311347723,0.251779705286026,19.862579345703125,0.8920427560806274,0.8920427560806274,0,0.0,-0.0017831034492701292,-0.0035200342535972595,-0.07656150311231613,1.6408824920654297,1.9321517944335938,1.9321517944335938,0
147,2.45,1,1,spm1_platform_joint_y,0,,0,flat,0,6.75514030456543,4.756360054016113,0.144863098859787,0.2,0.0,0.0,-0.002436514478176832,-0.0035511881578713655,-0.16758637130260468,-28.936717987060547,-1.1559621095657349,-1.1559621095657349,0,-0.15608608722686768,-0.07660337537527084,-0.06132206320762634,-0.18529579043388367,-8.507584571838379,-12.556262016296387,-12.556262016296387,0,0.0,0.004161312244832516,0.0035174828954041004,0.2201051414012909,55.87375259399414,4.031695365905762,4.031695365905762,0,0.0,0.01032863650470972,0.012067834846675396,-0.20391501486301422,-30.462448120117188,-1.6763619184494019,-1.6763619184494019,0,0.0,-0.05399519205093384,-0.06137591227889061,-0.435168981552124,-15.692521095275879,10.396003723144531,10.396003723144531,0,0.0,-0.0018424736335873604,-0.002339522587135434,0.237461656332016,40.109397888183594,2.0223405361175537,2.0223405361175537,0
147,2.45,2,2,spm1_platform_joint_x,0,,0,flat,0,6.131305694580078,3.538759231567383,0.14476722478866577,0.2,0.0,0.0,-0.02714792639017105,-0.031260520219802856,-0.2779541313648224,-47.071197509765625,3.318650722503662,3.318650722503662,0,0.0,0.008982094004750252,0.004365833010524511,-0.2030579149723053,10.052347183227539,4.563760757446289,4.563760757446289,0,-0.15608608722686768,-0.018484139814972878,0.0002169559884350747,0.9339207410812378,156.48324584960938,-16.13414192199707,-16.13414192199707,0,0.0,-0.0008011042955331504,-0.002446174155920744,-0.19547311961650848,3.4420716762542725,2.1960675716400146,2.1960675716400146,0,0.0,0.009264062158763409,0.011777156963944435,0.1190241202712059,-20.776512145996094,-4.414805889129639,-4.414805889129639,0,0.0,-0.0012936822604387999,-0.0037541778292506933,0.3498512804508209,45.87009811401367,3.3854191303253174,3.3854191303253174,0
147,2.45,3,3,spm2_platform_joint_z,0,,0,flat,0,6.884462833404541,4.4380974769592285,0.14475369453430176,0.2,0.0,0.0,0.029670201241970062,0.03763094171881676,0.39237141609191895,6.003824234008789,-10.431754112243652,-10.431754112243652,0,0.0,0.006659165024757385,-0.0014691423857584596,-0.2296455055475235,5.8646626472473145,8.095537185668945,8.095537185668945,0,0.0,-0.0004674663068726659,0.0011027298169210553,-0.06919793784618378,7.014289379119873,2.118044853210449,2.118044853210449,0,-0.15608608722686768,-0.13610686361789703,-0.1361352801322937,-0.2770216166973114,-13.604659080505371,-0.016968131065368652,-0.016968131065368652,0,0.0,0.0072655826807022095,0.00373233575373888,0.46115171909332275,26.47174072265625,-1.19475519657135,-1.19475519657135,0,0.0,-0.0024983903858810663,-0.0006807138561271131,-0.11106808483600616,-12.005142211914062,1.0215733051300049,1.0215733051300049,0
147,2.45,4,4,spm2_platform_joint_y,0,,0,flat,0,5.927436828613281,5.0757527351379395,0.14510029554367065,0.2,0.0,0.0,-0.032657161355018616,-0.040164511650800705,0.03660279139876366,21.100177764892578,8.218903541564941,8.218903541564941,0,0.0,-0.06294120848178864,-0.07446674257516861,0.10308736562728882,-4.175187110900879,10.390764236450195,10.390764236450195,0,0.0,0.0014893825864419341,0.003951404709368944,-0.3783341646194458,-54.430076599121094,-3.962362289428711,-3.962362289428711,0,0.0,-0.0031552452128380537,-0.005896939896047115,-0.12561184167861938,2.3891491889953613,2.7574524879455566,2.7574524879455566,0,-0.15608608722686768,-0.08704698830842972,-0.07668814063072205,0.12145810574293137,12.027559280395508,-11.162245750427246,-11.162245750427246,0,0.0,-0.004737695213407278,-0.0014386576367542148,-0.3367155194282532,-56.0954475402832,-3.370445966720581,-3.370445966720581,0
147,2.45,5,5,spm2_platform_joint_x,0,,0,flat,0,6.119978427886963,4.569982528686523,0.146616593003273,0.2,0.0,0.0,-0.03160448372364044,-0.03498661890625954,0.22596962749958038,16.803739547729492,3.1116256713867188,3.1116256713867188,0,0.0,0.00023615945247001946,-0.003730491502210498,0.1137358546257019,34.668148040771484,4.4973273277282715,4.4973273277282715,0,0.0,-0.008112980052828789,-0.010858200490474701,0.30463120341300964,83.60232543945312,8.355057716369629,8.355057716369629,0,0.0,-0.0008367531117983162,-0.0020927824079990387,-0.16704924404621124,-21.96318817138672,-0.16956564784049988,-0.16956564784049988,0,0.0,-0.010515266098082066,-0.008941886015236378,0.34755513072013855,-2.757178544998169,-3.609435558319092,-3.609435558319092,0,-0.15608608722686768,-0.030412698164582253,-0.006079576909542084,0.3044528067111969,28.821413040161133,-20.047760009765625,-20.047760009765625,0
148,2.466666666666667,0,0,spm1_platform_joint_z,0,,0,flat,0,5.562105178833008,5.0429840087890625,0.1445654034614563,0.2,0.0,-0.15139901638031006,-0.22377541661262512,-0.23734666407108307,-0.14384450018405914,17.810720443725586,14.41446304321289,14.41446304321289,0,0.0,-0.00869167409837246,-0.012825442478060722,0.1742221713066101,39.05852127075195,4.90709114074707,4.90709114074707,0,0.0,0.0026263815816491842,0.005953303538262844,-0.027981188148260117,-64.57022857666016,-5.23724365234375,-5.23724365234375,0,0.0,-0.04580671712756157,-0.05643954500555992,-0.02470533177256584,14.204643249511719,9.933156967163086,9.933156967163086,0,0.0,-0.006909267045557499,-0.009849163703620434,0.21659280359745026,-2.795816659927368,-0.8656902313232422,-0.8656902313232422,0,0.0,-0.003050696337595582,-0.002217705827206373,0.011794107034802437,-8.475050926208496,0.32717764377593994,0.32717764377593994,0
148,2.466666666666667,1,1,spm1_platform_joint_y,0,,0,flat,0,6.768415451049805,4.756368637084961,0.14506939053535461,0.2,0.0,0.0,-0.0030776963103562593,-0.0070233833976089954,-0.16918115317821503,23.150901794433594,5.54989767074585,5.54989767074585,0,-0.15139901638031006,-0.07333232462406158,-0.06375586241483688,-0.27295055985450745,-0.9877538681030273,-8.43630599975586,-8.43630599975586,0,0.0,0.003048485144972801,0.006150990724563599,0.21141870319843292,-11.349082946777344,-4.521545886993408,-4.521545886993408,0,0.0,0.010458789765834808,0.009633894078433514,-0.1163431704044342,-9.747756958007812,0.5564239621162415,0.5564239621162415,0,0.0,-0.05319245904684067,-0.06078725680708885,0.02027646079659462,1.2117066383361816,9.130925178527832,9.130925178527832,0,0.0,-0.0020275861024856567,-6.594540900550783e-05,-0.00770313898101449,-26.01398277282715,-3.9562883377075195,-3.9562883377075195,0
148,2.466666666666667,2,2,spm1_platform_joint_x,0,,0,flat,0,6.1469807624816895,3.5394585132598877,0.14510278403759003,0.2,0.0,0.0,-0.027092451229691505,-0.03390462324023247,0.10039546340703964,28.798377990722656,7.737973213195801,7.737973213195801,0,0.0,0.0037837219424545765,0.007039912045001984,0.18925341963768005,21.030866622924805,-1.3702223300933838,-1.3702223300933838,0,-0.15139901638031006,-0.01999850943684578,6.4835789999051485e-06,-0.7723577618598938,-89.19218444824219,-23.445392608642578,-23.445392608642578,0,0.0,-0.0021200175397098064,-0.006071386393159628,-0.23396198451519012,-1.7274963855743408,4.387426376342773,4.387426376342773,0,0.0,0.01020686887204647,0.010800651274621487,-0.4025837779045105,-25.06416893005371,-0.07519066333770752,-0.07519066333770752,0,0.0,-0.0032536208163946867,-0.0003765435249079019,-0.05085564777255058,-28.818870544433594,-3.9045965671539307,-3.9045965671539307,0
148,2.466666666666667,3,3,spm2_platform_joint_z,0,,0,flat,0,6.900468349456787,4.438758850097656,0.14538392424583435,0.2,0.0,0.0,0.03261348232626915,0.043693412095308304,0.8142440319061279,61.412071228027344,-11.71387004852295,-11.71387004852295,0,0.0,-0.0012732567265629768,-0.006756566930562258,-0.4822447597980499,-58.31377029418945,3.322910785675049,3.322910785675049,0,0.0,0.0009556991863064468,-0.004610605072230101,-1.0191102027893066,-107.46580505371094,4.425782203674316,4.425782203674316,0,-0.15139901638031006,-0.13817045092582703,-0.13830342888832092,-0.6151251792907715,-57.8653678894043,0.23989272117614746,0.23989272117614746,0,0.0,0.003234690986573696,-0.002583265071734786,0.23149068653583527,23.88490867614746,3.545088291168213,3.545088291168213,0,0.0,-0.0005899519892409444,-0.004548762924969196,-0.16069895029067993,33.45416259765625,9.374931335449219,9.374931335449219,0
148,2.466666666666667,4,4,spm2_platform_joint_y,0,,0,flat,0,5.941149711608887,5.075847625732422,0.1450875997543335,0.2,0.0,0.0,-0.03480924293398857,-0.04360038414597511,-0.3360101878643036,-25.5860538482666,7.22763729095459,7.22763729095459,0,0.0,-0.06453784555196762,-0.07848650217056274,0.15720875561237335,23.131732940673828,12.683510780334473,12.683510780334473,0,0.0,0.0034245506394654512,0.007797836791723967,0.7539781928062439,81.42487335205078,-0.8532029986381531,-0.8532029986381531,0,0.0,-0.005110681056976318,-0.006475065369158983,0.010667421855032444,10.979175567626953,2.1840367317199707,2.1840367317199707,0,-0.15139901638031006,-0.086649589240551,-0.07543458789587021,0.2372414469718933,1.8416708707809448,-12.048611640930176,-12.048611640930176,0,0.0,-0.0012468366185203195,-0.0025947841349989176,0.2754102647304535,58.78378677368164,4.072591781616211,4.072591781616211,0
148,2.466666666666667,5,5,spm2_platform_joint_x,0,,0,flat,0,6.137683391571045,4.569632053375244,0.14665469527244568,0.2,0.0,0.0,-0.03032173588871956,-0.03189278766512871,0.30522406101226807,5.274900436401367,1.1354272365570068,1.1354272365570068,0,0.0,-0.0032330926042050123,-0.0019057468743994832,0.0722208246588707,0.50537109375,-1.2748396396636963,-1.2748396396636963,0,0.0,-0.009410439990460873,-0.00816611759364605,0.3048771619796753,18.33535385131836,-1.202702522277832,-1.202702522277832,0,0.0,-0.0018137447768822312,-0.000356809061486274,0.1140161007642746,2.7750940322875977,-1.1589326858520508,-1.1589326858520508,0,0.0,-0.007749634329229593,-0.00883183442056179,-0.013386836275458336,-16.432838439941406,-0.40794432163238525,-0.40794432163238525,0,-0.15139901638031006,-0.025455502793192863,-0.010343390516936779,-0.36057326197624207,0.11460185050964355,-14.945693016052246,-14.945693016052246,0
149,2.4833333333333334,0,0,spm1_platform_joint_z,0,,0,flat,0,5.572409629821777,5.0440239906311035,0.14498677849769592,0.2,0.0,-0.1465085744857788,-0.22523492574691772,-0.23644861578941345,-0.027540499344468117,-9.793310165405273,11.608510971069336,11.608510971069336,0,0.0,-0.011115383356809616,-0.009374636225402355,-0.01432550698518753,-25.172122955322266,-2.289794921875,-2.289794921875,0,0.0,0.005159529857337475,0.006493904162198305,0.18125006556510925,10.980435371398926,-2.5397701263427734,-2.5397701263427734,0,0.0,-0.04891427233815193,-0.06006238982081413,-0.06416454166173935,21.880380630493164,11.878081321716309,11.878081321716309,0,0.0,-0.008535942062735558,-0.010480139404535294,-0.025093484669923782,-2.3672046661376953,1.1772031784057617,1.1772031784057617,0,0.0,-0.0019220117246732116,-0.0010944668902084231,-0.08489960432052612,-17.406084060668945,-1.6742260456085205,-1.6742260456085205,0
149,2.4833333333333334,1,1,spm1_platform_joint_y,0,,0,flat,0,6.781937122344971,4.756328105926514,0.14477157592773438,0.2,0.0,0.0,-0.0060869320295751095,-0.008409642614424229,-0.05756498873233795,26.086408615112305,4.958139896392822,4.958139896392822,0,-0.1465085744857788,-0.07478955388069153,-0.06374134868383408,-0.37521684169769287,-0.09138822555541992,-7.329357147216797,-7.329357147216797,0,0.0,0.005330858752131462,0.009025669656693935,0.15924279391765594,-52.23944854736328,-8.103483200073242,-8.103483200073242,0,0.0,0.008349374867975712,0.00855240412056446,0.009290345013141632,1.58986496925354,-0.3627600371837616,-0.3627600371837616,0,0.0,-0.052682287991046906,-0.05618219077587128,-0.10913851112127304,-22.240203857421875,4.676909923553467,4.676909923553467,0,0.0,-5.715268707717769e-05,-0.003180072410032153,-0.41390275955200195,-45.50838851928711,0.7371399998664856,0.7371399998664856,0
149,2.4833333333333334,2,2,spm1_platform_joint_x,0,,0,flat,0,6.16281270980835,3.539825677871704,0.14482787251472473,0.2,0.0,0.0,-0.029384005814790726,-0.03266780450940132,0.12977661192417145,15.463624954223633,4.245378494262695,4.245378494262695,0,0.0,0.0061012571677565575,0.009174179285764694,0.01045191939920187,-5.088186264038086,-3.311098337173462,-3.311098337173462,0,-0.1465085744857788,-0.019528858363628387,-0.0034826358314603567,-0.1874573826789856,-24.39194107055664,-17.892662048339844,-17.892662048339844,0,0.0,-0.005261868238449097,-0.0077535053715109825,-0.04267309233546257,-0.39727404713630676,2.736677408218384,2.736677408218384,0,0.0,0.00936056487262249,0.008974380791187286,-0.08829602599143982,25.05398178100586,3.4030990600585938,3.4030990600585938,0,0.0,-0.00032633772934786975,-0.004979384131729603,-0.15591906011104584,11.148199081420898,3.053518772125244,3.053518772125244,0
149,2.4833333333333334,3,3,spm2_platform_joint_z,0,,0,flat,0,6.917574882507324,4.439755916595459,0.1453772634267807,0.2,0.0,0.0,0.037867624312639236,0.04728975147008896,-0.07364308834075928,-32.59102249145508,-11.484051704406738,-11.484051704406738,0,0.0,-0.0058556911535561085,-0.008874264545738697,-0.09578923881053925,0.5193570256233215,3.9193787574768066,3.9193787574768066,0,0.0,-0.003995857667177916,-0.0043182093650102615,0.32440516352653503,37.230289459228516,1.5934290885925293,1.5934290885925293,0,-0.1465085744857788,-0.13939744234085083,-0.14035288989543915,-0.0027243434451520443,8.911705017089844,2.126680850982666,2.126680850982666,0,0.0,-0.002238829620182514,-0.0005502559361048043,0.005582856945693493,-28.292102813720703,-3.541049003601074,-3.541049003601074,0,0.0,-0.003942260984331369,-0.0016073372680693865,0.11623086780309677,-1.9260666370391846,-1.85272216796875,-1.85272216796875,0
149,2.4833333333333334,4,4,spm2_platform_joint_y,0,,0,flat,0,5.9556169509887695,5.075465202331543,0.14570066332817078,0.2,0.0,0.0,-0.037786997854709625,-0.04522232711315155,0.09149481356143951,26.594980239868164,8.6517972946167,8.6517972946167,0,0.0,-0.06802163273096085,-0.07154624164104462,0.19596067070960999,-9.538897514343262,4.278036117553711,4.278036117553711,0,0.0,0.0067581250332295895,0.011600340716540813,-0.10131807625293732,-53.889060974121094,-8.060897827148438,-8.060897827148438,0,0.0,-0.0056117232888937,-0.007991072721779346,-0.14832738041877747,-10.105866432189941,2.076150417327881,2.076150417327881,0,-0.1465085744857788,-0.08491112291812897,-0.07548292726278305,-0.4412875473499298,-37.23960494995117,-9.739412307739258,-9.739412307739258,0,0.0,-0.002248812932521105,-0.0011713574640452862,-0.07150396704673767,-27.388032913208008,-2.4258086681365967,-2.4258086681365967,0
149,2.4833333333333334,5,5,spm2_platform_joint_x,0,,0,flat,0,6.155210018157959,4.569003582000732,0.14677876234054565,0.2,0.0,0.0,-0.027640415355563164,-0.026309890672564507,0.4032818675041199,25.863948822021484,0.3208376169204712,0.3208376169204712,0,0.0,-0.0016516472678631544,0.0017858135979622602,0.10792558640241623,-25.696653366088867,-4.21558141708374,-4.21558141708374,0,0.0,-0.007077301852405071,-0.0045350524596869946,-0.1386711597442627,-92.20223999023438,-8.087926864624023,-8.087926864624023,0,0.0,-0.0003092345141340047,-0.002214738866314292,-0.2665832042694092,-20.266197204589844,0.7100986242294312,0.7100986242294312,0,0.0,-0.00765425618737936,-0.009717159904539585,-0.08020564913749695,24.883644104003906,4.4743242263793945,4.4743242263793945,0,-0.1465085744857788,-0.028498750180006027,-0.007409952115267515,0.11088216304779053,-30.169204711914062,-21.83718490600586,-21.83718490600586,0
150,2.5,0,0,spm1_platform_joint_z,0,,0,flat,0,5.5826640129089355,5.045213222503662,0.145005464553833,0.2,0.0,-0.1414213627576828,-0.22377830743789673,-0.2368346005678177,-0.2579697370529175,-21.341890335083008,13.213739395141602,13.213739395141602,0,0.0,-0.008124684914946556,-0.013289140537381172,-0.10134784877300262,-10.940780639648438,3.5429975986480713,3.5429975986480713,0,0.0,0.005628050304949284,0.005793442949652672,0.37475231289863586,34.67744064331055,-0.6969912052154541,-0.6969912052154541,0,0.0,-0.05205406993627548,-0.06243489682674408,-0.08354217559099197,5.274171352386475,10.436158180236816,10.436158180236816,0,0.0,-0.009082787670195103,-0.011764761991798878,0.46879252791404724,36.663597106933594,1.1337286233901978,1.1337286233901978,0,0.0,-0.0009485379559919238,-0.0025218648370355368,-0.050985343754291534,0.7085886597633362,1.6304762363433838,1.6304762363433838,0
150,2.5,1,1,spm1_platform_joint_y,0,,0,flat,0,6.795759201049805,4.755706310272217,0.14509226381778717,0.2,0.0,0.0,-0.007288356777280569,-0.008229474537074566,-0.050003159791231155,-12.399703979492188,-0.18217268586158752,-0.18217268586158752,0,-0.1414213627576828,-0.07409868389368057,-0.061848483979701996,-0.17412690818309784,-10.749317169189453,-9.925700187683105,-9.925700187683105,0,0.0,0.007822247222065926,0.012821797281503677,0.21099069714546204,-10.127406120300293,-4.619912624359131,-4.619912624359131,0,0.0,0.007412083446979523,0.006613380741328001,-0.19048307836055756,-16.32587432861328,0.04872766137123108,0.04872766137123108,0,0.0,-0.04869123175740242,-0.05421886220574379,-0.29530635476112366,-24.072128295898438,6.34070348739624,6.34070348739624,0,0.0,-0.002756062662228942,-0.0025394768454134464,0.2567453384399414,22.32830047607422,2.518219232559204,2.518219232559204,0
150,2.5,2,2,spm1_platform_joint_x,0,,0,flat,0,6.178829193115234,3.5400779247283936,0.14558210968971252,0.2,0.0,0.0,-0.028312096372246742,-0.03327953442931175,0.1314512938261032,18.20614242553711,5.07376766204834,5.07376766204834,0,0.0,0.00795095507055521,0.007958384230732918,-0.07361459732055664,-13.659407615661621,0.5714237689971924,0.5714237689971924,0,-0.1414213627576828,-0.02187446691095829,0.0004424425424076617,-0.10871382057666779,-11.125261306762695,-21.592864990234375,-21.592864990234375,0,0.0,-0.00671970471739769,-0.010926270857453346,-0.49509724974632263,-65.95613098144531,2.059051275253296,2.059051275253296,0,0.0,0.007777796592563391,0.005308377556502819,-0.2303362935781479,-43.67938232421875,-2.487729787826538,-2.487729787826538,0,0.0,-0.004315466154366732,-0.0031851253006607294,-0.35863882303237915,-52.3636474609375,0.0986090898513794,0.0986090898513794,0
150,2.5,3,3,spm2_platform_joint_z,0,,0,flat,0,6.934652328491211,4.441442966461182,0.14550551772117615,0.2,0.0,0.0,0.04098445177078247,0.04735640808939934,0.030564583837985992,13.30746841430664,-4.443072319030762,-4.443072319030762,0,0.0,-0.007691029459238052,-0.010675464756786823,0.21903222799301147,-18.420320510864258,-2.042508602142334,-2.042508602142334,0,0.0,-0.003742448054254055,-0.0014685089699923992,0.194908007979393,30.156089782714844,-0.6698644757270813,-0.6698644757270813,0,-0.1414213627576828,-0.14049535989761353,-0.14068149030208588,-0.25301334261894226,-49.85129928588867,-2.3409619331359863,-2.3409619331359863,0,0.0,-0.0004768884682562202,-0.0035863888915628195,0.006731092464178801,25.876646041870117,3.9727401733398438,3.9727401733398438,0,0.0,-0.0013930256245657802,-0.0074729048646986485,-0.13671045005321503,1.3000738620758057,1.0043920278549194,1.0043920278549194,0
150,2.5,4,4,spm2_platform_joint_y,0,,0,flat,0,5.97022819519043,5.0753397941589355,0.14597463607788086,0.2,0.0,0.0,-0.03919268399477005,-0.046243324875831604,0.020042404532432556,23.898365020751953,8.131423950195312,8.131423950195312,0,0.0,-0.062006741762161255,-0.07132910937070847,0.14341750741004944,4.379726409912109,7.6259355545043945,7.6259355545043945,0,0.0,0.01005362905561924,0.006907106377184391,-0.07849232852458954,-10.160713195800781,2.101916551589966,2.101916551589966,0,0.0,-0.006925596389919519,-0.007856350392103195,-0.03672827035188675,-26.75698471069336,-0.8071120977401733,-0.8071120977401733,0,-0.1414213627576828,-0.08427471667528152,-0.0768919289112091,0.1117314025759697,-3.832350015640259,-8.106271743774414,-8.106271743774414,0,0.0,-0.0010151764145120978,-0.0001870449195848778,0.12642747163772583,49.92559051513672,2.612215042114258,2.612215042114258,0
150,2.5,5,5,spm2_platform_joint_x,0,,0,flat,0,6.172786712646484,4.5685343742370605,0.14682415127754211,0.2,0.0,0.0,-0.022801905870437622,-0.021331803873181343,0.35309898853302,6.870732307434082,-2.2904562950134277,-2.2904562950134277,0,0.0,0.0015477051492780447,0.004004212096333504,0.09651211649179459,2.2541122436523438,-2.3488800525665283,-2.3488800525665283,0,0.0,-0.003930378705263138,-0.005890080705285072,0.2100038379430771,45.316856384277344,3.209723472595215,3.209723472595215,0,0.0,-0.0019194403430446982,-0.004024106543511152,-0.029209816828370094,11.486907005310059,3.1781420707702637,3.1781420707702637,0,0.0,-0.008421538397669792,-0.009879128076136112,0.1823994666337967,26.53973960876465,2.088129997253418,2.088129997253418,0,-0.1414213627576828,-0.025278141722083092,-0.00997670367360115,-0.3186691999435425,-7.833405494689941,-15.140946388244629,-15.140946388244629,0
151,2.5166666666666666,0,0,spm1_platform_joint_z,0,,0,flat,0,5.59342098236084,5.046414375305176,0.14439889788627625,0.2,0.0,-0.13614417612552643,-0.22340920567512512,-0.23734641075134277,0.1350293755531311,18.30082893371582,14.587475776672363,14.587475776672363,0,0.0,-0.011517254635691643,-0.014696121215820312,-0.04603762924671173,2.9761433601379395,3.2866077423095703,3.2866077423095703,0,0.0,0.00502098398283124,0.007462304551154375,-0.0277007594704628,-20.143505096435547,-3.633448600769043,-3.633448600769043,0,0.0,-0.054110243916511536,-0.06581301987171173,-0.20639993250370026,-1.0317027568817139,11.761821746826172,11.761821746826172,0,0.0,-0.010196126997470856,-0.0075338976457715034,0.16772814095020294,-18.690248489379883,-4.451639175415039,-4.451639175415039,0,0.0,-0.0021856161765754223,-0.0032595933880656958,-0.04574478790163994,0.14965251088142395,1.202784776687622,1.202784776687622,0
151,2.5166666666666666,1,1,spm1_platform_joint_y,0,,0,flat,0,6.8097124099731445,4.755152702331543,0.14544232189655304,0.2,0.0,0.0,-0.007132211234420538,-0.007096069399267435,0.12902967631816864,32.74128723144531,3.6547956466674805,3.6547956466674805,0,-0.13614417612552643,-0.0717545747756958,-0.056201934814453125,-0.07307618111371994,15.984764099121094,-9.035484313964844,-9.035484313964844,0,0.0,0.01111222431063652,0.009145422838628292,-0.41799765825271606,-48.3477783203125,-2.6031599044799805,-2.6031599044799805,0,0.0,0.005731596611440182,0.0020803676452487707,-0.19468826055526733,3.091939687728882,2.9730005264282227,2.9730005264282227,0,0.0,-0.04698967933654785,-0.05297917500138283,-0.37432798743247986,-33.95957946777344,6.090619087219238,6.090619087219238,0,0.0,-0.002200879855081439,-0.0010552844032645226,-0.3411444127559662,-87.04811096191406,-6.668727874755859,-6.668727874755859,0
151,2.5166666666666666,2,2,spm1_platform_joint_x,0,,0,flat,0,6.194948196411133,3.540839672088623,0.14663225412368774,0.2,0.0,0.0,-0.0288422629237175,-0.03048892505466938,0.5178407430648804,41.68880844116211,1.458952784538269,1.458952784538269,0,0.0,0.006897266022861004,0.008937910199165344,-0.3316141664981842,-52.34654235839844,-1.8172850608825684,-1.8172850608825684,0,-0.13614417612552643,-0.017769107595086098,-0.002296497579663992,-0.268600732088089,-6.866716384887695,-14.523683547973633,-14.523683547973633,0,0.0,-0.00946943461894989,-0.017408527433872223,-0.7599043250083923,-39.25352096557617,9.20725154876709,9.20725154876709,0,0.0,0.0046005938202142715,-0.002404057187959552,-0.02696078084409237,28.244592666625977,6.5586771965026855,6.5586771965026855,0,0.0,-0.0027604419738054276,-0.009039404802024364,-0.3923703134059906,1.756303310394287,6.940230369567871,6.940230369567871,0
151,2.5166666666666666,3,3,spm2_platform_joint_z,0,,0,flat,0,6.952339172363281,4.443183422088623,0.14511960744857788,0.2,0.0,0.0,0.04104221984744072,0.045433029532432556,-0.14023281633853912,-16.66223907470703,-5.031177520751953,-5.031177520751953,0,0.0,-0.009252069517970085,-0.011477073654532433,0.04634306579828262,9.365775108337402,1.6884100437164307,1.6884100437164307,0,0.0,-0.001272707711905241,0.0030009683687239885,0.31713783740997314,2.6454126834869385,-4.862754821777344,-4.862754821777344,0,-0.13614417612552643,-0.14007651805877686,-0.1424969583749771,-0.014658940024673939,22.894657135009766,3.4592843055725098,3.4592843055725098,0,0.0,-0.0031082036439329386,-0.0057280901819467545,0.07561032474040985,-23.176118850708008,0.11007022857666016,0.11007022857666016,0,0.0,-0.006476517766714096,-0.007709583733230829,0.3225046396255493,44.739933013916016,1.7024794816970825,1.7024794816970825,0
151,2.5166666666666666,4,4,spm2_platform_joint_y,0,,0,flat,0,5.985217094421387,5.075098037719727,0.1465531885623932,0.2,0.0,0.0,-0.04007754847407341,-0.04662483558058739,0.18054409325122833,51.9986572265625,9.44742488861084,9.44742488861084,0,0.0,-0.06181856244802475,-0.0724814236164093,0.3723889887332916,29.85249900817871,9.913820266723633,9.913820266723633,0,0.0,0.005986158736050129,0.00798005424439907,0.17501193284988403,-16.269363403320312,-3.6909031867980957,-3.6909031867980957,0,0.0,-0.006808836944401264,-0.008911698125302792,-0.2615435719490051,-40.13052749633789,0.02053743600845337,0.02053743600845337,0,-0.13614417612552643,-0.08479222655296326,-0.08313462883234024,0.06760658323764801,2.7847440242767334,-4.765630722045898,-4.765630722045898,0,0.0,-0.0001621055998839438,3.3500957215437666e-05,-0.07093972712755203,-15.235934257507324,-1.2963709831237793,-1.2963709831237793,0
151,2.5166666666666666,5,5,spm2_platform_joint_x,0,,0,flat,0,6.190180778503418,4.567794322967529,0.1471990942955017,0.2,0.0,0.0,-0.018487563356757164,-0.015472479164600372,0.30951058864593506,4.420848846435547,-3.6929452419281006,-3.6929452419281006,0,0.0,0.003470316994935274,0.0017167296027764678,-0.07439975440502167,-15.986854553222656,0.2787604331970215,0.2787604331970215,0,0.0,-0.005104736424982548,-0.006060806568711996,-0.03897920995950699,3.3256843090057373,1.5908427238464355,1.5908427238464355,0,0.0,-0.003487559035420418,-0.007596907205879688,-0.3814616799354553,-32.84293746948242,3.5595264434814453,3.5595264434814453,0,0.0,-0.008561911061406136,-0.011111363768577576,-0.019283777102828026,-38.05827331542969,-1.86250901222229,-1.86250901222229,0,-0.13614417612552643,-0.0267990343272686,-0.010892966762185097,-0.30215486884117126,-67.51118469238281,-17.57068634033203,-17.57068634033203,0
152,2.533333333333333,0,0,spm1_platform_joint_z,0,,0,flat,0,5.603731155395508,5.0474090576171875,0.1447632908821106,0.2,0.0,-0.13068412244319916,-0.22312477231025696,-0.2350127398967743,-0.06294611096382141,-22.835208892822266,11.727596282958984,11.727596282958984,0,0.0,-0.012736638076603413,-0.01002861000597477,0.09026452898979187,-35.889198303222656,-3.949270486831665,-3.949270486831665,0,0.0,0.006467330269515514,0.00465185334905982,0.13601194322109222,35.347267150878906,2.3196489810943604,2.3196489810943604,0,0.0,-0.057037949562072754,-0.06931249052286148,-0.13996952772140503,1.9686698913574219,11.756071090698242,11.756071090698242,0,0.0,-0.006529377773404121,-0.010365922935307026,-0.15993353724479675,18.630279541015625,4.707799911499023,4.707799911499023,0,0.0,-0.0028249809984117746,-0.002246155170723796,0.2311924546957016,25.720903396606445,1.3878352642059326,1.3878352642059326,0
152,2.533333333333333,1,1,spm1_platform_joint_y,0,,0,flat,0,6.823886871337891,4.754628658294678,0.14510081708431244,0.2,0.0,0.0,-0.0061499266885221004,-0.005078451707959175,0.3527173399925232,25.881479263305664,-1.4718035459518433,-1.4718035459518433,0,-0.13068412244319916,-0.06613289564847946,-0.05004250630736351,0.2600201368331909,33.79054260253906,-13.004118919372559,-13.004118919372559,0,0.0,0.0079260328784585,0.002391844056546688,-0.7925768494606018,-42.810997009277344,6.720114707946777,6.720114707946777,0,0.0,0.0018029853235930204,0.00034126132959499955,-0.3102448284626007,-19.046960830688477,2.308161973953247,2.308161973953247,0,0.0,-0.045915283262729645,-0.04881862550973892,-0.6036738753318787,-43.14270782470703,7.044950485229492,7.044950485229492,0,0.0,-0.0009145798394456506,-0.005313606467097998,-0.6102837920188904,-41.5946044921875,5.38919734954834,5.38919734954834,0
152,2.533333333333333,2,2,spm1_platform_joint_x,0,,0,flat,0,6.211682319641113,3.5411734580993652,0.14730501174926758,0.2,0.0,0.0,-0.026423733681440353,-0.025710852816700935,-0.028282001614570618,-47.59202194213867,-3.332777261734009,-3.332777261734009,0,0.0,0.007746188901364803,0.000735086970962584,0.5444028973579407,91.73780822753906,7.41743278503418,7.41743278503418,0,-0.13068412244319916,-0.01941484957933426,-0.007690405007451773,-0.07284512370824814,60.27274703979492,-7.043421268463135,-7.043421268463135,0,0.0,-0.015087390318512917,-0.023094525560736656,-0.03319622948765755,46.43401336669922,10.841079711914062,10.841079711914062,0,0.0,-0.002083516214042902,-0.00966525450348854,0.27441850304603577,12.390328407287598,3.049117088317871,3.049117088317871,0,0.0,-0.007834150455892086,-0.010456867516040802,0.18915651738643646,71.86843872070312,7.575491905212402,7.575491905212402,0
152,2.533333333333333,3,3,spm2_platform_joint_z,0,,0,flat,0,6.97067403793335,4.444324970245361,0.1447993367910385,0.2,0.0,0.0,0.039375290274620056,0.04162076860666275,-0.18405082821846008,15.4981689453125,-1.1365270614624023,-1.1365270614624023,0,0.0,-0.009946797043085098,-0.01416257955133915,0.45831501483917236,69.42288208007812,5.018342018127441,5.018342018127441,0,0.0,0.0026008393615484238,0.0003210375434719026,-0.546414852142334,-35.521644592285156,-0.04557681083679199,-0.04557681083679199,0,-0.13068412244319916,-0.1409219205379486,-0.13832242786884308,0.36961156129837036,0.06319642066955566,-3.3698930740356445,-3.3698930740356445,0,0.0,-0.004964344669133425,-0.010267547331750393,0.16099360585212708,-7.578481674194336,1.5685715675354004,1.5685715675354004,0,0.0,-0.006681639235466719,-0.002259054221212864,0.1656140387058258,-55.88298416137695,-8.578553199768066,-8.578553199768066,0
152,2.533333333333333,4,4,spm2_platform_joint_y,0,,0,flat,0,6.000743389129639,5.074490070343018,0.1486014574766159,0.2,0.0,0.0,-0.040408190339803696,-0.044485967606306076,0.06940877437591553,7.394247531890869,4.967319965362549,4.967319965362549,0,0.0,-0.06281723082065582,-0.07197357714176178,0.6255394220352173,65.11690521240234,9.493593215942383,9.493593215942383,0,0.0,0.0069160470739007,0.00528462091460824,-0.19201426208019257,7.760498046875,2.1953511238098145,2.1953511238098145,0,0.0,-0.007723471615463495,-0.009371427819132805,0.10455281287431717,-3.948695421218872,0.7310731410980225,0.7310731410980225,0,-0.13068412244319916,-0.08947455883026123,-0.09510218352079391,-0.025848660618066788,29.742637634277344,2.636963367462158,2.636963367462158,0,0.0,2.9034163162577897e-05,0.00016774034884292632,-0.07359934598207474,-12.401110649108887,-1.789308786392212,-1.789308786392212,0
152,2.533333333333333,5,5,spm2_platform_joint_x,0,,0,flat,0,6.207858085632324,4.567649841308594,0.1479247808456421,0.2,0.0,0.0,-0.013409482315182686,-0.011238768696784973,0.37467119097709656,26.664194107055664,-1.6801819801330566,-1.6801819801330566,0,0.0,0.0014878322836011648,0.0016623343108221889,-0.13811585307121277,-37.38833999633789,-1.7515695095062256,-1.7515695095062256,0,0.0,-0.00525269890204072,-0.007613170892000198,-0.18386124074459076,-12.633247375488281,2.2178587913513184,2.2178587913513184,0,0.0,-0.006583986338227987,-0.01150219701230526,-0.5299363732337952,-50.9576301574707,4.153248310089111,4.153248310089111,0,0.0,-0.009629848413169384,-0.015996495261788368,-0.045853398740291595,-2.2290685176849365,4.116931438446045,4.116931438446045,0,-0.13068412244319916,-0.026865122839808464,-0.015443014912307262,-0.8270614743232727,-88.42005920410156,-13.646839141845703,-13.646839141845703,0
153,2.55,0,0,spm1_platform_joint_z,0,,0,flat,0,5.614109992980957,5.048305034637451,0.1450711190700531,0.2,0.0,-0.12504853308200836,-0.22035084664821625,-0.233182892203331,0.07590096443891525,-13.414427757263184,12.340513229370117,12.340513229370117,0,0.0,-0.008691461756825447,-0.00834448728710413,-0.0439581423997879,-20.396007537841797,-1.3507332801818848,-1.3507332801818848,0,0.0,0.004031606018543243,0.0020189969800412655,0.06516493111848831,38.926753997802734,2.737719774246216,2.737719774246216,0,0.0,-0.06007082387804985,-0.07234806567430496,-0.11772216856479645,1.5183556079864502,12.565665245056152,12.565665245056152,0,0.0,-0.008983800187706947,-0.010092985816299915,0.022156937047839165,4.524272441864014,1.9234509468078613,1.9234509468078613,0,0.0,-0.0019466677913442254,-0.001583296456374228,-0.016144314780831337,8.329109191894531,0.01270061731338501,0.01270061731338501,0
153,2.55,1,1,spm1_platform_joint_y,0,,0,flat,0,6.838512420654297,4.754325866699219,0.14541873335838318,0.2,0.0,0.0,-0.004401324782520533,-0.005990250501781702,0.17744481563568115,18.811124801635742,0.444688081741333,0.444688081741333,0,-0.12504853308200836,-0.06004330888390541,-0.044147808104753494,0.2770938277244568,26.87535858154297,-14.9085054397583,-14.9085054397583,0,0.0,0.0020729315001517534,0.0025187062565237284,-0.27652814984321594,-48.378231048583984,-0.513303816318512,-0.513303816318512,0,0.0,0.00029575981898233294,-0.00179488945286721,-0.3801509439945221,-21.015838623046875,3.1744585037231445,3.1744585037231445,0,0.0,-0.0423094742000103,-0.04657290503382683,-0.5659319758415222,-35.71368408203125,8.20886516571045,8.20886516571045,0,0.0,-0.0046051256358623505,-0.0030288132838904858,-0.2404123693704605,-50.787750244140625,-0.832938015460968,-0.832938015460968,0
153,2.55,2,2,spm1_platform_joint_x,0,,0,flat,0,6.229113578796387,3.5412392616271973,0.14740604162216187,0.2,0.0,0.0,-0.022282738238573074,-0.02252429537475109,0.295918732881546,15.113944053649902,0.5617454051971436,0.5617454051971436,0,0.0,0.0006370753981173038,0.0016273915534839034,-0.15469223260879517,9.254257202148438,0.7869086265563965,0.7869086265563965,0,-0.12504853308200836,-0.023338155820965767,-0.008909192867577076,-0.23391714692115784,-22.666812896728516,-15.059578895568848,-15.059578895568848,0,0.0,-0.020015254616737366,-0.02373863011598587,0.08017367869615555,17.507434844970703,4.964903354644775,4.964903354644775,0,0.0,-0.008376553654670715,-0.0073777055367827415,0.15418080985546112,29.880847930908203,1.6726024150848389,1.6726024150848389,0,0.0,-0.009062618017196655,-0.014014532789587975,-0.18312235176563263,-35.4623908996582,1.9894860982894897,1.9894860982894897,0
153,2.55,3,3,spm2_platform_joint_z,0,,0,flat,0,6.989473819732666,4.444594860076904,0.1452229768037796,0.2,0.0,0.0,0.03607133403420448,0.03995102643966675,0.030731968581676483,2.0666286945343018,-4.796809673309326,-4.796809673309326,0,0.0,-0.012274235486984253,-0.012102843262255192,-0.0476161427795887,-30.80962371826172,-3.4217917919158936,-3.4217917919158936,0,0.0,0.00027823253185488284,0.0022110596764832735,0.25958868861198425,-6.792064666748047,-3.1679086685180664,-3.1679086685180664,0,-0.12504853308200836,-0.1365525722503662,-0.13156405091285706,0.3399258255958557,17.58441925048828,-2.7901554107666016,-2.7901554107666016,0,0.0,-0.008898541331291199,-0.011102378368377686,0.19003994762897491,34.371742248535156,3.289914608001709,3.289914608001709,0,0.0,-0.001957847038283944,-0.0014677505241706967,0.07425817847251892,55.73823165893555,3.8877813816070557,3.8877813816070557,0
153,2.55,4,4,spm2_platform_joint_y,0,,0,flat,0,6.016897678375244,5.073307037353516,0.15163163840770721,0.2,0.0,0.0,-0.03855450451374054,-0.039890579879283905,0.3662097454071045,22.18030548095703,2.2296507358551025,2.2296507358551025,0,0.0,-0.06237709894776344,-0.06797757744789124,0.3818746507167816,9.930878639221191,5.542769908905029,5.542769908905029,0,0.0,0.00458000460639596,0.005967663135379553,0.15734350681304932,20.182785034179688,0.22613167762756348,0.22613167762756348,0,0.0,-0.008121903985738754,-0.007706932257860899,-0.02755459025502205,-39.051395416259766,-2.3364663124084473,-2.3364663124084473,0,-0.12504853308200836,-0.09909503161907196,-0.10985073447227478,-0.3540048599243164,14.398051261901855,8.98237419128418,8.98237419128418,0,0.0,0.00014537497190758586,0.0008399691432714462,-0.43512800335884094,-92.404296875,-3.466327428817749,-3.466327428817749,0
153,2.55,5,5,spm2_platform_joint_x,0,,0,flat,0,6.225913047790527,4.567821025848389,0.1479511857032776,0.2,0.0,0.0,-0.009740266017615795,-0.008073453791439533,0.09066952764987946,16.63567352294922,-0.6534528732299805,-0.6534528732299805,0,0.0,0.001440689666196704,0.0011441466631367803,-0.01909736916422844,14.776198387145996,1.3927298784255981,1.3927298784255981,0,0.0,-0.006598081439733505,-0.009789963252842426,0.2628481090068817,94.26858520507812,8.72027587890625,8.72027587890625,0,0.0,-0.009968570433557034,-0.014369971118867397,-0.03342989459633827,-13.192763328552246,3.842360496520996,3.842360496520996,0,0.0,-0.01386362873017788,-0.012828350998461246,0.2174953669309616,-14.615118980407715,-2.102985382080078,-2.102985382080078,0,-0.12504853308200836,-0.030057083815336227,-0.017849065363407135,0.3417624533176422,46.1785774230957,-8.308913230895996,-8.308913230895996,0
154,2.5666666666666664,0,0,spm1_platform_joint_z,0,,0,flat,0,5.624688148498535,5.048612594604492,0.14478370547294617,0.2,0.0,-0.11924497783184052,-0.2179911732673645,-0.22895215451717377,0.2606145739555359,-1.3005781173706055,10.525333404541016,10.525333404541016,0,0.0,-0.007231888826936483,-0.008815696462988853,-0.08406306058168411,-5.272176742553711,1.5767946243286133,1.5767946243286133,0,0.0,0.0017497973749414086,0.0036620432510972023,0.08508750051259995,3.5114974975585938,-1.6697545051574707,-1.6697545051574707,0,0.0,-0.06270165741443634,-0.07623301446437836,-0.094486303627491,14.365009307861328,13.976114273071289,13.976114273071289,0,0.0,-0.008747254498302937,-0.006564436014741659,0.16104963421821594,-5.302398204803467,-2.695488691329956,-2.695488691329956,0,0.0,-0.0013721901923418045,-0.0015317286597564816,0.008565880358219147,3.382126808166504,0.46582895517349243,0.46582895517349243,0
154,2.5666666666666664,1,1,spm1_platform_joint_y,0,,0,flat,0,6.853376865386963,4.754062652587891,0.14525069296360016,0.2,0.0,0.0,-0.005191550590097904,-0.006441562436521053,-0.14675679802894592,-18.042945861816406,0.25984281301498413,0.25984281301498413,0,-0.11924497783184052,-0.054160766303539276,-0.04278983548283577,-0.32400211691856384,-35.37274932861328,-11.540594100952148,-11.540594100952148,0,0.0,0.0021828787866979837,-0.000713420391548425,-0.24257968366146088,-24.63483428955078,1.1236544847488403,1.1236544847488403,0,0.0,-0.0015555708669126034,-0.004357655066996813,0.022607680410146713,26.939321517944336,4.611699104309082,4.611699104309082,0,0.0,-0.04036318510770798,-0.04755057021975517,0.01213948056101799,40.529457092285156,11.397003173828125,11.397003173828125,0,0.0,-0.0026249715592712164,-0.001176005695015192,0.3106571137905121,26.668792724609375,-0.47503751516342163,-0.47503751516342163,0
154,2.5666666666666664,2,2,spm1_platform_joint_x,0,,0,flat,0,6.247015476226807,3.5409088134765625,0.1469796895980835,0.2,0.0,0.0,-0.01952105574309826,-0.013996165245771408,0.4456227123737335,-8.237997055053711,-5.7757134437561035,-5.7757134437561035,0,0.0,0.0014104059664532542,-0.0028876850847154856,-0.24863803386688232,-14.11863899230957,3.0954325199127197,3.0954325199127197,0,-0.11924497783184052,-0.02362063154578209,-0.011676713824272156,0.0690203532576561,-6.020954132080078,-14.065948486328125,-14.065948486328125,0,0.0,-0.020573480054736137,-0.024007031694054604,0.05955832451581955,19.080598831176758,4.186006546020508,4.186006546020508,0,0.0,-0.0063940114341676235,-0.004078180529177189,0.2182351052761078,-2.3824005126953125,-2.426605463027954,-2.426605463027954,0,0.0,-0.012145928107202053,-0.015436738729476929,0.27174630761146545,9.920952796936035,2.0400519371032715,2.0400519371032715,0
154,2.5666666666666664,3,3,spm2_platform_joint_z,0,,0,flat,0,7.008411407470703,4.444699764251709,0.14481768012046814,0.2,0.0,0.0,0.03462422266602516,0.0386500246822834,-0.1605573445558548,-12.013629913330078,-4.4374189376831055,-4.4374189376831055,0,0.0,-0.010489130392670631,-0.013813726603984833,0.16157697141170502,13.763031005859375,1.9729599952697754,1.9729599952697754,0,0.0,0.0019162517273798585,-0.0005777155747637153,0.035157710313797,3.4813356399536133,-1.9943207502365112,-1.9943207502365112,0,-0.11924497783184052,-0.12992151081562042,-0.12402698397636414,0.4647212624549866,11.658310890197754,-4.866185188293457,-4.866185188293457,0,0.0,-0.009622061625123024,-0.01169099286198616,0.4958347976207733,31.3106632232666,-0.5807317495346069,-0.5807317495346069,0,0.0,-0.0012720504309982061,-0.0020014101173728704,0.4574832022190094,59.300445556640625,1.0519108772277832,1.0519108772277832,0
154,2.5666666666666664,4,4,spm2_platform_joint_y,0,,0,flat,0,6.033773422241211,5.071549415588379,0.15428704023361206,0.2,0.0,0.0,-0.03457183390855789,-0.03286558762192726,0.2024480104446411,-46.791786193847656,-4.34622859954834,-4.34622859954834,0,0.0,-0.05891390144824982,-0.05963621288537979,0.38686418533325195,-37.743865966796875,-2.3884201049804688,-2.3884201049804688,0,0.0,0.005171974655240774,0.0065011316910386086,-0.1344640851020813,-6.175217628479004,-1.3288050889968872,-1.3288050889968872,0,0.0,-0.006679341197013855,-0.007119747344404459,0.44225895404815674,70.52108764648438,3.0206704139709473,3.0206704139709473,0,-0.11924497783184052,-0.11110330373048782,-0.11727332323789597,-0.30476808547973633,-32.97936248779297,3.0555341243743896,3.0555341243743896,0,0.0,0.0007279732380993664,-0.0006849546334706247,0.6655400991439819,111.40742492675781,5.2732768058776855,5.2732768058776855,0
154,2.5666666666666664,5,5,spm2_platform_joint_x,0,,0,flat,0,6.243918418884277,4.567777633666992,0.14778229594230652,0.2,0.0,0.0,-0.006996992975473404,-0.00709737092256546,-0.012581697665154934,-18.990825653076172,-0.9146689772605896,-0.9146689772605896,0,0.0,0.0009915938135236502,0.0017556779785081744,-0.15672221779823303,21.197704315185547,1.9229408502578735,1.9229408502578735,0,0.0,-0.008484634570777416,-0.006864441558718681,0.05105483904480934,-13.663775444030762,-2.7525713443756104,-2.7525713443756104,0,0.0,-0.012453975155949593,-0.01579197496175766,-0.03803122043609619,30.88187026977539,5.057458877563477,5.057458877563477,0,0.0,-0.0111179044470191,-0.008988182991743088,0.015353459864854813,-8.29028034210205,-1.59161376953125,-1.59161376953125,0,-0.11924497783184052,-0.031368520110845566,-0.018467873334884644,-0.22190353274345398,3.0720090866088867,-12.741912841796875,-12.741912841796875,0
155,2.5833333333333335,0,0,spm1_platform_joint_z,0,,0,flat,0,5.635257244110107,5.048559188842773,0.1450411081314087,0.2,0.0,-0.11328125,-0.21352936327457428,-0.2233123481273651,0.1118471622467041,-23.468223571777344,9.659585952758789,9.659585952758789,0,0.0,-0.007640270050615072,-0.0073262364603579044,0.2906552255153656,32.71356964111328,1.2490289211273193,1.2490289211273193,0,0.0,0.003173770848661661,0.0002868942101486027,-0.09015005081892014,-3.830489158630371,-0.44572359323501587,-0.44572359323501587,0,0.0,-0.0660686120390892,-0.07654386758804321,0.014454557560384274,16.49492645263672,12.863197326660156,12.863197326660156,0,0.0,-0.0056891776621341705,-0.0067768394947052,-0.11363706737756729,-31.831172943115234,-2.257218599319458,-2.257218599319458,0,0.0,-0.0013274981174618006,-0.006650751922279596,-0.24132318794727325,-10.83163070678711,1.9537708759307861,1.9537708759307861,0
155,2.5833333333333335,1,1,spm1_platform_joint_y,0,,0,flat,0,6.868185043334961,4.753992557525635,0.14503800868988037,0.2,0.0,0.0,-0.005582687444984913,-0.007633435074239969,0.047196272760629654,10.591910362243652,2.0736138820648193,2.0736138820648193,0,-0.11328125,-0.052188690751791,-0.04508897289633751,-0.025331037119030952,-21.977266311645508,-7.727360725402832,-7.727360725402832,0,0.0,-0.0006182976649142802,0.002615078818053007,0.018790410831570625,-5.51570987701416,-2.8067030906677246,-2.8067030906677246,0,0.0,-0.003776634344831109,-0.005337160546332598,-0.22726595401763916,-7.444435119628906,2.461829662322998,2.461829662322998,0,0.0,-0.04121049493551254,-0.04547780379652977,-0.09247660636901855,1.478002667427063,3.4362540245056152,3.4362540245056152,0,0.0,-0.001019204966723919,-0.003923878539353609,0.17330405116081238,36.36955261230469,3.58772349357605,3.58772349357605,0
155,2.5833333333333335,2,2,spm1_platform_joint_x,0,,0,flat,0,6.265212535858154,3.5403432846069336,0.1473994106054306,0.2,0.0,0.0,-0.012130009941756725,-0.009348079562187195,0.15496891736984253,-13.190131187438965,-3.43812894821167,-3.43812894821167,0,0.0,-0.0025026602670550346,-0.00499442033469677,0.3418186604976654,35.15262985229492,2.51133394241333,2.51133394241333,0,-0.11328125,-0.0252239853143692,-0.014656557701528072,-0.22470109164714813,-13.470100402832031,-11.522034645080566,-11.522034645080566,0,0.0,-0.020806094631552696,-0.01896328665316105,0.38673001527786255,12.87225341796875,-1.8347523212432861,-1.8347523212432861,0,0.0,-0.0035344231873750687,-0.007795978337526321,0.026783982291817665,-13.262354850769043,0.6563340425491333,0.6563340425491333,0,0.0,-0.013378506526350975,-0.011129145510494709,0.2333574891090393,-10.565604209899902,-3.821598529815674,-3.821598529815674,0
155,2.5833333333333335,3,3,spm2_platform_joint_z,0,,0,flat,0,7.027324676513672,4.444748401641846,0.14521858096122742,0.2,0.0,0.0,0.033496689051389694,0.03667384013533592,-0.1317899078130722,3.471813678741455,-2.352368116378784,-2.352368116378784,0,0.0,-0.011971896514296532,-0.01487670373171568,-0.04857851564884186,-11.474776268005371,1.2563722133636475,1.2563722133636475,0,0.0,-0.0005006868159398437,0.00231364369392395,0.18657957017421722,-5.341964244842529,-3.9505455493927,-3.9505455493927,0,-0.11328125,-0.12259422242641449,-0.11900746822357178,0.19647224247455597,-7.532224178314209,-4.326709270477295,-4.326709270477295,0,0.0,-0.010132193565368652,-0.009526395238935947,0.2087525576353073,7.527081489562988,-1.0957369804382324,-1.0957369804382324,0,0.0,-0.0017345554661005735,0.003046969650313258,0.11778896301984787,-56.47019958496094,-10.297992706298828,-10.297992706298828,0
155,2.5833333333333335,4,4,spm2_platform_joint_y,0,,0,flat,0,6.051286697387695,5.0692572593688965,0.15517666935920715,0.2,0.0,0.0,-0.02848351001739502,-0.02599714882671833,0.4208645224571228,-14.830362319946289,-3.8705735206604004,-3.8705735206604004,0,0.0,-0.05168471857905388,-0.05776447802782059,0.36362719535827637,10.853498458862305,5.395107746124268,5.395107746124268,0,0.0,0.00563431391492486,0.004504117649048567,0.08477333933115005,35.48345184326172,3.2161660194396973,3.2161660194396973,0,0.0,-0.006170447450131178,-0.003696524305269122,0.13771188259124756,5.107407093048096,-2.498382329940796,-2.498382329940796,0,-0.11328125,-0.11674104630947113,-0.11694680899381638,0.26051416993141174,17.06393051147461,0.47354865074157715,0.47354865074157715,0,0.0,-0.0005936273373663425,-0.0009923451580107212,-0.11801639944314957,28.243911743164062,1.9259649515151978,1.9259649515151978,0
155,2.5833333333333335,5,5,spm2_platform_joint_x,0,,0,flat,0,6.262075901031494,4.567476272583008,0.14693525433540344,0.2,0.0,0.0,-0.006151054985821247,-0.007301317062228918,-0.019391903653740883,15.956380844116211,2.255420446395874,2.255420446395874,0,0.0,0.0015215876046568155,0.002072388306260109,-0.056841716170310974,-24.010730743408203,-1.9273908138275146,-1.9273908138275146,0,0.0,-0.005949182435870171,-0.005532515235245228,0.13973383605480194,-50.59413146972656,-6.889681816101074,-6.889681816101074,0,0.0,-0.013686378486454487,-0.014771024696528912,0.03474769741296768,-7.152472496032715,1.266159176826477,1.266159176826477,0,0.0,-0.007789758499711752,-0.005764557980000973,-0.07132977247238159,-15.249248504638672,-1.104244589805603,-1.104244589805603,0,-0.11328125,-0.031109657138586044,-0.016335846856236458,0.4842020571231842,26.008447647094727,-13.992497444152832,-13.992497444152832,0
156,2.6,0,0,spm1_platform_joint_z,0,,0,flat,0,5.645871639251709,5.0490241050720215,0.14617832005023956,0.2,0.0,-0.10716535896062851,-0.20782607793807983,-0.2193472683429718,0.24549797177314758,-1.9629085063934326,11.14394760131836,11.14394760131836,0,0.0,-0.0063494048081338406,-0.0010668161557987332,0.14409583806991577,-9.538861274719238,-4.658687114715576,-4.658687114715576,0,0.0,0.0002486416487954557,-0.0025128584820777178,-0.21467368304729462,-2.245607852935791,3.1685738563537598,3.1685738563537598,0,0.0,-0.06633801758289337,-0.07879608124494553,-0.07631471008062363,7.9635491371154785,12.287516593933105,12.287516593933105,0,0.0,-0.005873261019587517,-0.010021733120083809,-0.22540539503097534,-8.860904693603516,3.7316536903381348,3.7316536903381348,0,0.0,-0.005763984750956297,-0.007184305693954229,0.11427313089370728,20.286231994628906,3.600733757019043,3.600733757019043,0
156,2.6,1,1,spm1_platform_joint_y,0,,0,flat,0,6.882776737213135,4.753716945648193,0.1453494131565094,0.2,0.0,0.0,-0.006615643389523029,-0.009260120801627636,-0.1231163740158081,-3.779005527496338,2.3577029705047607,2.3577029705047607,0,-0.10716535896062851,-0.05336582660675049,-0.04536201432347298,0.06706029921770096,13.833234786987305,-7.310652732849121,-7.310652732849121,0,0.0,0.002266401657834649,0.0033479626290500164,0.042588479816913605,-5.580873966217041,-1.6534665822982788,-1.6534665822982788,0,0.0,-0.004625539295375347,-0.005560660734772682,0.0043042367324233055,4.485489845275879,1.4690300226211548,1.4690300226211548,0,0.0,-0.039414096623659134,-0.0495271272957325,-0.15101538598537445,7.091644287109375,10.28094482421875,10.28094482421875,0,0.0,-0.003400694578886032,0.00046997558092698455,0.2541855573654175,-0.4271399974822998,-4.374708652496338,-4.374708652496338,0
156,2.6,2,2,spm1_platform_joint_x,0,,0,flat,0,6.283694267272949,3.5397050380706787,0.14796768128871918,0.2,0.0,0.0,-0.008101669140160084,-0.006568741053342819,0.178493931889534,13.499942779541016,-0.9958465695381165,-0.9958465695381165,0,0.0,-0.004328497685492039,-0.0019830227829515934,0.2968894839286804,70.3952407836914,1.6511011123657227,1.6511011123657227,0,-0.10716535896062851,-0.026991065591573715,-0.014779341407120228,0.1684437394142151,51.852054595947266,-7.6678667068481445,-7.6678667068481445,0,0.0,-0.016434848308563232,-0.014273523353040218,0.07218032330274582,-55.538185119628906,-6.117683410644531,-6.117683410644531,0,0.0,-0.006756514310836792,-0.013170802034437656,-0.18260852992534637,15.233510971069336,5.997258186340332,5.997258186340332,0,0.0,-0.009645259007811546,-0.00651349313557148,0.0538053996860981,-0.7586140632629395,-1.3430460691452026,-1.3430460691452026,0
156,2.6,3,3,spm2_platform_joint_z,0,,0,flat,0,7.046315670013428,4.445041656494141,0.1447882503271103,0.2,0.0,0.0,0.031783994287252426,0.033966027200222015,-0.14946085214614868,6.896605014801025,-1.428718090057373,-1.428718090057373,0,0.0,-0.012893143109977245,-0.013984733261168003,0.42859306931495667,55.527400970458984,2.878146171569824,2.878146171569824,0,0.0,0.002005157759413123,0.0016016920562833548,0.0652116984128952,-11.200387954711914,-2.900709629058838,-2.900709629058838,0,-0.10716535896062851,-0.11742851883172989,-0.11387878656387329,0.5253016352653503,31.604408264160156,-2.89249849319458,-2.89249849319458,0,0.0,-0.008256209082901478,-0.008897974155843258,-0.23505046963691711,-50.68036651611328,-1.7286272048950195,-1.7286272048950195,0,0.0,0.002640706952661276,0.0024852086789906025,0.08319443464279175,-8.94827651977539,-2.55873441696167,-2.55873441696167,0
156,2.6,4,4,spm2_platform_joint_y,0,,0,flat,0,6.069327354431152,5.066836833953857,0.15426717698574066,0.2,0.0,0.0,-0.02253086119890213,-0.01430755015462637,0.4994881749153137,-67.450927734375,-12.926292419433594,-12.926292419433594,0,0.0,-0.050062548369169235,-0.05518760904669762,-0.1205035001039505,-17.210783004760742,4.793306350708008,4.793306350708008,0,0.0,0.003903568722307682,0.005635194946080446,0.17393653094768524,6.188589096069336,-0.911781907081604,-0.911781907081604,0,0.0,-0.0032036544289439917,-0.0026846553664654493,0.18400782346725464,42.271942138671875,1.5543500185012817,1.5543500185012817,0,-0.10716535896062851,-0.11564261466264725,-0.11007460206747055,0.2882552146911621,-24.57837677001953,-7.215917587280273,-7.215917587280273,0,0.0,-0.0008600324508734047,-0.0016187068540602922,-0.12567555904388428,-8.870558738708496,0.8648777008056641,0.8648777008056641,0
156,2.6,5,5,spm2_platform_joint_x,0,,0,flat,0,6.280264377593994,4.56715202331543,0.14623472094535828,0.2,0.0,0.0,-0.006327807903289795,-0.007907749153673649,-0.0021880827844142914,0.7199394106864929,1.4316984415054321,1.4316984415054321,0,0.0,0.0017960697878152132,0.005534585099667311,0.011044066399335861,-9.10087776184082,-3.049069404602051,-3.049069404602051,0,0.0,-0.004794846288859844,-0.0028009850066155195,0.22755396366119385,-9.500308990478516,-3.123779773712158,-3.123779773712158,0,0.0,-0.012801554054021835,-0.014337307773530483,0.05739964172244072,11.323001861572266,2.1342124938964844,2.1342124938964844,0,0.0,-0.004995950032025576,-0.002633213996887207,-0.0846092700958252,-24.394258499145508,-2.4506616592407227,-2.4506616592407227,0,-0.10716535896062851,-0.02844644896686077,-0.008048232644796371,0.22753585875034332,-29.670747756958008,-23.125869750976562,-23.125869750976562,0
157,2.6166666666666667,0,0,spm1_platform_joint_z,0,,0,flat,0,5.656576633453369,5.049200057983398,0.14675113558769226,0.2,0.0,-0.10090552270412445,-0.20355503261089325,-0.21338675916194916,0.35486796498298645,-9.40454387664795,8.911864280700684,8.911864280700684,0,0.0,-0.0009245739784091711,0.0013771172380074859,-0.029700931161642075,-11.896224975585938,-2.223226547241211,-2.223226547241211,0,0.0,-0.00217781076207757,-0.004252024460583925,-0.007642448879778385,1.0337587594985962,2.245914936065674,2.245914936065674,0,0.0,-0.06828993558883667,-0.08183298259973526,-0.0647946447134018,19.419004440307617,14.34033203125,14.34033203125,0,0.0,-0.008685502223670483,-0.009108087979257107,-0.033564962446689606,-12.857683181762695,0.6072940826416016,0.6072940826416016,0,0.0,-0.006226398050785065,-0.007735186256468296,-0.12070226669311523,-3.1922855377197266,1.4158183336257935,1.4158183336257935,0
157,2.6166666666666667,1,1,spm1_platform_joint_y,0,,0,flat,0,6.897752285003662,4.753477573394775,0.14443853497505188,0.2,0.0,0.0,-0.008025437593460083,-0.009551649913191795,0.07962828874588013,5.083959102630615,1.7137868404388428,1.7137868404388428,0,-0.10090552270412445,-0.05276781693100929,-0.04950632527470589,-0.35338449478149414,-11.402531623840332,-3.3439435958862305,-3.3439435958862305,0,0.0,0.0029015676118433475,0.003304943675175309,-0.1660642921924591,-17.572477340698242,-0.7851974964141846,-0.7851974964141846,0,0.0,-0.004819239489734173,-0.0047027128748595715,0.19437576830387115,17.020553588867188,-0.015622615814208984,-0.015622615814208984,0,0.0,-0.04292351007461548,-0.04625363275408745,0.24696661531925201,-3.2806224822998047,2.952697992324829,2.952697992324829,0,0.0,0.0004073121817782521,-0.002747012535110116,-0.2226637750864029,-7.031116008758545,2.1382408142089844,2.1382408142089844,0
157,2.6166666666666667,2,2,spm1_platform_joint_x,0,,0,flat,0,6.302329063415527,3.5392768383026123,0.14845257997512817,0.2,0.0,0.0,-0.0056929090060293674,-0.002672340953722596,0.3147527277469635,16.35845375061035,-2.9315879344940186,-2.9315879344940186,0,0.0,-0.00171861972194165,0.003128386801108718,0.16098903119564056,-17.63837242126465,-5.48790168762207,-5.48790168762207,0,-0.10090552270412445,-0.026262832805514336,-0.00929932575672865,0.10367961972951889,-43.36506271362305,-19.21957015991211,-19.21957015991211,0,0.0,-0.012370387092232704,-0.013222037814557552,-0.023911146447062492,-11.976221084594727,0.5423993468284607,0.5423993468284607,0,0.0,-0.011414694599807262,-0.015079030767083168,-0.030798843130469322,10.67900276184082,3.8169641494750977,3.8169641494750977,0,0.0,-0.005645027384161949,-0.008366144262254238,-0.1372758001089096,-13.831101417541504,1.75782310962677,1.75782310962677,0
157,2.6166666666666667,3,3,spm2_platform_joint_z,0,,0,flat,0,7.065617084503174,4.445001602172852,0.1451531946659088,0.2,0.0,0.0,0.029437223449349403,0.032254260033369064,-0.040192097425460815,8.054020881652832,-2.110597848892212,-2.110597848892212,0,0.0,-0.012120101600885391,-0.010024738498032093,0.20344914495944977,-2.9315614700317383,-2.8570690155029297,-2.8570690155029297,0,0.0,0.0013881331542506814,0.002538800472393632,0.16865266859531403,-2.1363096237182617,-1.9539813995361328,-1.9539813995361328,0,-0.10090552270412445,-0.11214901506900787,-0.10842318832874298,0.21423694491386414,-5.512880325317383,-4.745419979095459,-4.745419979095459,0,0.0,-0.007711577694863081,-0.009726980701088905,-0.16157513856887817,5.472283840179443,3.2513251304626465,3.2513251304626465,0,0.0,0.00215384759940207,-0.0018837645184248686,-0.4695318937301636,-18.10948944091797,3.0032076835632324,3.0032076835632324,0
157,2.6166666666666667,4,4,spm2_platform_joint_y,0,,0,flat,0,6.087397575378418,5.064625263214111,0.15174806118011475,0.2,0.0,0.0,-0.012399876490235329,-0.0042892941273748875,0.6940467953681946,30.171632766723633,-6.34028434753418,-6.34028434753418,0,0.0,-0.04782925918698311,-0.06091571971774101,-0.3045453429222107,-39.92005157470703,9.063926696777344,9.063926696777344,0,0.0,0.004883835557848215,0.004525241442024708,-0.4283949136734009,-64.5576171875,-2.955545425415039,-2.955545425415039,0,0.0,-0.0023267013020813465,-0.0013695210218429565,0.006192488130182028,-14.137139320373535,-2.24310040473938,-2.24310040473938,0,-0.10090552270412445,-0.10885205864906311,-0.10338055342435837,0.8713759779930115,48.94893264770508,-5.273271083831787,-5.273271083831787,0,0.0,-0.0014028792502358556,0.0009963060729205608,0.5529786944389343,80.4902572631836,2.7405900955200195,2.7405900955200195,0
157,2.6166666666666667,5,5,spm2_platform_joint_x,0,,0,flat,0,6.298298358917236,4.566642761230469,0.14619924128055573,0.2,0.0,0.0,-0.00685338256880641,-0.006599164567887783,0.021380681544542313,-3.030038356781006,-0.37909024953842163,-0.37909024953842163,0,0.0,0.004796640481799841,0.008251520805060863,-0.2199699729681015,-17.629426956176758,-1.866982102394104,-1.866982102394104,0,0.0,-0.002427520230412483,-0.0014852749882265925,-0.08805713057518005,-18.749921798706055,-0.647805392742157,-0.647805392742157,0,0.0,-0.01242566667497158,-0.011804984882473946,0.21990512311458588,-7.566781520843506,-1.5175895690917969,-1.5175895690917969,0,0.0,-0.0022821188904345036,0.0011589998612180352,-0.03766746073961258,-28.547822952270508,-4.09702205657959,-4.09702205657959,0,-0.10090552270412445,-0.020429205149412155,-0.005983894225209951,0.11678934097290039,-30.98375129699707,-15.747413635253906,-15.747413635253906,0
158,2.6333333333333333,0,0,spm1_platform_joint_z,0,,0,flat,0,5.6673173904418945,5.048877239227295,0.1462835669517517,0.2,0.0,-0.09451015293598175,-0.19753654301166534,-0.2059917002916336,0.3860640525817871,-7.797117233276367,7.674770832061768,7.674770832061768,0,0.0,0.0011935016373172402,0.002256658161059022,-0.09383047372102737,-11.306535720825195,-1.1350992918014526,-1.1350992918014526,0,0.0,-0.0036850878968834877,-0.002309204079210758,0.15701130032539368,15.450159072875977,-0.14936819672584534,-0.14936819672584534,0,0.0,-0.07092192023992538,-0.08301682770252228,0.073452889919281,14.709665298461914,12.360736846923828,12.360736846923828,0,0.0,-0.007893675938248634,-0.005965030752122402,0.060117583721876144,2.1474103927612305,-0.5585440397262573,-0.5585440397262573,0,0.0,-0.0067038279958069324,-0.008695333264768124,-0.06367141008377075,5.320303916931152,2.803013324737549,2.803013324737549,0
158,2.6333333333333333,1,1,spm1_platform_joint_y,0,,0,flat,0,6.912629127502441,4.752973556518555,0.14517031610012054,0.2,0.0,0.0,-0.008278096094727516,-0.008876151405274868,0.13558654487133026,14.229050636291504,0.6992290616035461,0.6992290616035461,0,-0.09451015293598175,-0.055506836622953415,-0.053660888224840164,-0.17121177911758423,-32.3682975769043,-4.225568771362305,-4.225568771362305,0,0.0,0.0028642844408750534,0.002192738465964794,-0.05523393303155899,-8.55793285369873,0.37430340051651,0.37430340051651,0,0.0,-0.004075684584677219,-0.002878186060115695,-0.24350674450397491,-34.76174545288086,-1.6401429176330566,-1.6401429176330566,0,0.0,-0.04008648172020912,-0.054181039333343506,0.029251983389258385,5.404413223266602,11.358016014099121,11.358016014099121,0,0.0,-0.0023807440884411335,-0.002145581180229783,-0.40639179944992065,-67.37398529052734,-0.7209919095039368,-0.7209919095039368,0
158,2.6333333333333333,2,2,spm1_platform_joint_x,0,,0,flat,0,6.321212291717529,3.5388405323028564,0.14857584238052368,0.2,0.0,0.0,-0.0023160288110375404,0.0020545211154967546,0.1425938606262207,-16.838504791259766,-5.731095790863037,-5.731095790863037,0,0.0,0.0027112686075270176,0.006327539216727018,0.09464462101459503,12.83533000946045,-1.78587806224823,-1.78587806224823,0,-0.09451015293598175,-0.020660769194364548,-0.011101794429123402,0.20647482573986053,73.60726165771484,-4.2481584548950195,-4.2481584548950195,0,0.0,-0.011459099128842354,-0.011810759082436562,0.14106985926628113,1.8593358993530273,0.05719566345214844,0.05719566345214844,0,0.0,-0.013068493455648422,-0.01495455764234066,-0.17439499497413635,-25.568279266357422,0.38672149181365967,0.38672149181365967,0,0.0,-0.007250658236443996,-0.012141604907810688,-0.296339750289917,-0.5126452445983887,5.842137336730957,5.842137336730957,0
158,2.6333333333333333,3,3,spm2_platform_joint_z,0,,0,flat,0,7.0847487449646,4.445496559143066,0.14472849667072296,0.2,0.0,0.0,0.02795369178056717,0.031144553795456886,0.025735896080732346,3.6654417514801025,-3.984431505203247,-3.984431505203247,0,0.0,-0.008688107132911682,-0.00930657610297203,0.09015892446041107,-13.355144500732422,-0.5567439794540405,-0.5567439794540405,0,0.0,0.0022002938203513622,0.0002620985032990575,-0.11270169168710709,33.782894134521484,2.5581541061401367,2.5581541061401367,0,-0.09451015293598175,-0.1065681204199791,-0.10386310517787933,0.2556108832359314,10.774787902832031,-1.7667945623397827,-1.7667945623397827,0,0.0,-0.008430049754679203,-0.006779923103749752,0.06553444266319275,4.103817939758301,0.3375035524368286,0.3375035524368286,0,0.0,-0.0016325959004461765,-0.003320569870993495,-0.04993963614106178,10.384647369384766,1.2558071613311768,1.2558071613311768,0
158,2.6333333333333333,4,4,spm2_platform_joint_y,0,,0,flat,0,6.105886459350586,5.062695026397705,0.1490078568458557,0.2,0.0,0.0,-0.0037173882592469454,0.004568586591631174,0.7518609762191772,11.143606185913086,-11.083548545837402,-11.083548545837402,0,0.0,-0.05279362201690674,-0.06726263463497162,-0.23656366765499115,5.223371505737305,14.687893867492676,14.687893867492676,0,0.0,0.0039218757301568985,0.0037321257404983044,-0.3308272063732147,-21.21590805053711,2.566774368286133,2.566774368286133,0,0.0,-0.0011869182344526052,0.000310361705487594,0.023791082203388214,14.707890510559082,1.5173323154449463,1.5173323154449463,0,-0.09451015293598175,-0.10219783335924149,-0.09237730503082275,0.8920692205429077,14.402009963989258,-12.206571578979492,-12.206571578979492,0,0.0,0.0008634652476757765,0.002445973688736558,-0.0974903404712677,19.46072006225586,-0.5346448421478271,-0.5346448421478271,0
158,2.6333333333333333,5,5,spm2_platform_joint_x,0,,0,flat,0,6.316333293914795,4.56633186340332,0.14595440030097961,0.2,0.0,0.0,-0.005719276145100594,-0.0059697492979466915,0.11736643314361572,16.754737854003906,1.004435658454895,1.004435658454895,0,0.0,0.007151317782700062,0.012779061682522297,-0.27216577529907227,-32.4920768737793,-3.761984348297119,-3.761984348297119,0,0.0,-0.0012872383231297135,-0.0022503365762531757,-0.22328321635723114,-28.964059829711914,0.2944357097148895,0.2944357097148895,0,0.0,-0.010230986401438713,-0.008479046635329723,0.09766247123479843,-17.875553131103516,-2.8248376846313477,-2.8248376846313477,0,0.0,0.0010044665541499853,0.005270613823086023,-0.2308921366930008,-19.25926971435547,-2.2688889503479004,-2.2688889503479004,0,-0.09451015293598175,-0.017787395045161247,-0.0056578549556434155,-0.16071856021881104,-40.15906524658203,-14.35151481628418,-14.35151481628418,0
159,2.65,0,0,spm1_platform_joint_z,0,,0,flat,0,5.678074836730957,5.0477399826049805,0.14495374262332916,0.2,0.0,-0.08798783272504807,-0.19025784730911255,-0.197432741522789,0.5127128958702087,1.9258439540863037,6.491426944732666,6.491426944732666,0,0.0,0.0019557704217731953,0.001125243492424488,0.017622876912355423,16.173322677612305,0.83501136302948,0.83501136302948,0,0.0,-0.002001310233026743,0.00077408755896613,-0.02999146282672882,-38.92623519897461,-4.942480564117432,-4.942480564117432,0,0.0,-0.07194791734218597,-0.08269386738538742,-0.03380599990487099,-2.4171416759490967,11.301535606384277,11.301535606384277,0,0.0,-0.0051696933805942535,0.0003288382140453905,-0.14640915393829346,-45.222938537597656,-4.598383903503418,-4.598383903503418,0,0.0,-0.007535955403000116,-0.00316414306871593,0.24808523058891296,-23.843339920043945,-3.2610411643981934,-3.2610411643981934,0
159,2.65,1,1,spm1_platform_joint_y,0,,0,flat,0,6.9281535148620605,4.7524261474609375,0.14517395198345184,0.2,0.0,0.0,-0.00769266439601779,-0.007307594176381826,0.19629299640655518,15.228631973266602,-0.25477132201194763,-0.25477132201194763,0,-0.08798783272504807,-0.05823781341314316,-0.060765501111745834,-0.3797697126865387,-37.56560516357422,0.23235806822776794,0.23235806822776794,0,0.0,0.0019003732595592737,0.004874635487794876,0.22778849303722382,-15.377546310424805,-3.869398832321167,-3.869398832321167,0,0.0,-0.002494427841156721,-0.00606804434210062,-0.3677614629268646,-10.073310852050781,4.596133232116699,4.596133232116699,0,0.0,-0.046956900507211685,-0.06167757883667946,0.23076656460762024,9.572980880737305,11.073006629943848,11.073006629943848,0,0.0,-0.0018595036817714572,-0.0024970993399620056,-0.284281849861145,-6.569223403930664,3.8325700759887695,3.8325700759887695,0
159,2.65,2,2,spm1_platform_joint_x,0,,0,flat,0,6.339976787567139,3.538717031478882,0.14775486290454865,0.2,0.0,0.0,0.0017805849201977253,0.005674854852259159,0.5452993512153625,45.20872116088867,-3.5432095527648926,-3.5432095527648926,0,0.0,0.005483867134898901,0.007892998866736889,0.06875777989625931,34.3718147277832,0.006181478500366211,0.006181478500366211,0,-0.08798783272504807,-0.02135326713323593,-0.008897900581359863,0.09269999712705612,-11.139556884765625,-13.816919326782227,-13.816919326782227,0,0.0,-0.010235991328954697,-0.008748683147132397,-0.11572243273258209,-46.61711502075195,-2.872457504272461,-2.872457504272461,0,0.0,-0.012960616499185562,-0.012819277122616768,0.6837915182113647,90.72539520263672,2.623000144958496,2.623000144958496,0,0.0,-0.010522724129259586,-0.012798733077943325,0.12287672609090805,-16.583415985107422,0.29189062118530273,0.29189062118530273,0
159,2.65,3,3,spm2_platform_joint_z,0,,0,flat,0,7.103939533233643,4.445757865905762,0.14500868320465088,0.2,0.0,0.0,0.0269919466227293,0.029203908517956734,0.1107141375541687,27.192216873168945,-1.3143975734710693,-1.3143975734710693,0,0.0,-0.008065699599683285,-0.007673581596463919,-0.16577762365341187,-19.59050750732422,-1.1267361640930176,-1.1267361640930176,0,0.0,0.0002271520352223888,0.0024284799583256245,0.00813432689756155,-7.462514400482178,-2.6499345302581787,-2.6499345302581787,0,-0.08798783272504807,-0.10174640268087387,-0.09852113574743271,0.22694097459316254,-24.6173152923584,-4.606389045715332,-4.606389045715332,0,0.0,-0.005875933449715376,-0.007295806426554918,0.2746117413043976,38.93669891357422,2.6783618927001953,2.6783618927001953,0,0.0,-0.0028778272680938244,-0.002973077818751335,0.15955820679664612,60.61039352416992,1.7940784692764282,1.7940784692764282,0
159,2.65,4,4,spm2_platform_joint_y,0,,0,flat,0,6.124701976776123,5.061093807220459,0.146788090467453,0.2,0.0,0.0,0.0039594415575265884,0.013429682701826096,0.3902702033519745,3.353118896484375,-9.181614875793457,-9.181614875793457,0,0.0,-0.058294281363487244,-0.07203411310911179,-0.07291033864021301,19.395994186401367,13.460309028625488,13.460309028625488,0,0.0,0.003234508913010359,0.00012960766616743058,-0.46250060200691223,-15.626543045043945,5.397878646850586,5.397878646850586,0,0.0,0.0002689801331143826,0.0035874168388545513,0.10133252292871475,-30.396427154541016,-5.175442695617676,-5.175442695617676,0,-0.08798783272504807,-0.0917920395731926,-0.07937585562467575,0.7680869698524475,-17.916053771972656,-15.96632194519043,-15.96632194519043,0,0.0,0.0021198438480496407,0.00254044309258461,-0.09526374191045761,-15.206643104553223,0.08832192420959473,0.08832192420959473,0
159,2.65,5,5,spm2_platform_joint_x,0,,0,flat,0,6.334061145782471,4.565196514129639,0.14571048319339752,0.2,0.0,0.0,-0.00517378281801939,-0.0032327251974493265,-0.0796416774392128,-41.28866195678711,-3.6545326709747314,-3.6545326709747314,0,0.0,0.011075186543166637,0.011557421647012234,-0.15127497911453247,3.1126534938812256,-0.8225605487823486,-0.8225605487823486,0,0.0,-0.001950291683897376,0.0012793776113539934,0.39899739623069763,41.6029052734375,-2.3130147457122803,-2.3130147457122803,0,0.0,-0.007348507177084684,-0.0075312224216759205,0.11406481266021729,25.982892990112305,1.6363866329193115,1.6363866329193115,0,0.0,0.004567865282297134,0.0077499691396951675,0.03583903610706329,-28.27081298828125,-3.9622960090637207,-3.9622960090637207,0,-0.08798783272504807,-0.016635186970233917,-0.0023846449330449104,0.5142368078231812,22.695636749267578,-15.458882331848145,-15.458882331848145,0
160,2.6666666666666665,0,0,spm1_platform_joint_z,0,,0,flat,0,5.68906307220459,5.047318458557129,0.14549383521080017,0.2,0.0,-0.08134733140468597,-0.18195468187332153,-0.1893164962530136,0.4275326132774353,-11.332111358642578,5.841284275054932,5.841284275054932,0,0.0,0.0009752110345289111,0.005985063035041094,-0.02019176259636879,-19.460180282592773,-4.9210309982299805,-4.9210309982299805,0,0.0,0.0006708758883178234,-0.0012208828702569008,-0.0978243499994278,22.42806053161621,4.306690692901611,4.306690692901611,0,0.0,-0.07166801393032074,-0.08387861400842667,0.09763867408037186,21.18150520324707,13.071549415588379,13.071549415588379,0,0.0,0.0002849931188393384,0.0012594767613336444,-0.27767491340637207,-2.4296021461486816,1.7834906578063965,1.7834906578063965,0,0.0,-0.002742257434874773,-0.001425091060809791,-0.146370530128479,-16.69849395751953,-0.4664514660835266,-0.4664514660835266,0
160,2.6666666666666665,1,1,spm1_platform_joint_y,0,,0,flat,0,6.9446258544921875,4.751748561859131,0.1448923945426941,0.2,0.0,0.0,-0.006333248224109411,-0.006307031959295273,-0.13307945430278778,-22.419315338134766,-0.6285526156425476,-0.6285526156425476,0,-0.08134733140468597,-0.0635097473859787,-0.06721575558185577,0.6102054119110107,81.92826080322266,3.0419399738311768,3.0419399738311768,0,0.0,0.004224684089422226,0.003183349734172225,-0.09463220834732056,-21.080835342407227,0.3346545100212097,0.3346545100212097,0,0.0,-0.0052589718252420425,-0.007477825973182917,-0.008556068874895573,6.709635257720947,2.8114445209503174,2.8114445209503174,0,0.0,-0.053453899919986725,-0.06345627456903458,-0.04757412150502205,-57.484439849853516,4.529102325439453,4.529102325439453,0,0.0,-0.0021641526836901903,-0.0016298621194437146,0.01953919790685177,-23.89803695678711,-1.6638410091400146,-1.6638410091400146,0
160,2.6666666666666665,2,2,spm1_platform_joint_x,0,,0,flat,0,6.358526706695557,3.538325071334839,0.1475566327571869,0.2,0.0,0.0,0.004918207414448261,0.008316229097545147,-0.016308458521962166,-16.19094467163086,-4.330904960632324,-4.330904960632324,0,0.0,0.0068405987694859505,0.00836796872317791,-0.03082742728292942,3.644524574279785,-0.8220071196556091,-0.8220071196556091,0,-0.08134733140468597,-0.018557824194431305,-0.006558218505233526,0.17639122903347015,-21.945327758789062,-14.566322326660156,-14.566322326660156,0,0.0,-0.007582191843539476,-0.0077724880538880825,0.07492941617965698,2.7172462940216064,0.4213882088661194,0.4213882088661194,0,0.0,-0.011110040359199047,-0.009414848871529102,-0.16715013980865479,-28.252330780029297,-2.922386646270752,-2.922386646270752,0,0.0,-0.011092235334217548,-0.008410695940256119,0.11249899864196777,-49.20188522338867,-6.419388771057129,-6.419388771057129,0
160,2.6666666666666665,3,3,spm2_platform_joint_z,0,,0,flat,0,7.123210906982422,4.446166515350342,0.14520032703876495,0.2,0.0,0.0,0.025310054421424866,0.02628881298005581,-0.0995645597577095,29.619733810424805,0.713165283203125,0.713165283203125,0,0.0,-0.006650437600910664,-0.005013656336814165,0.24255669116973877,70.01119995117188,5.340476989746094,5.340476989746094,0,0.0,0.0021046826150268316,0.00464602978900075,-0.3092118203639984,-66.11266326904297,-3.7984519004821777,-3.7984519004821777,0,-0.08134733140468597,-0.09623129665851593,-0.09121080487966537,0.5080270767211914,14.69472885131836,-4.422736644744873,-4.422736644744873,0,0.0,-0.006323032081127167,-0.005481400992721319,-0.2248552441596985,-72.28092193603516,-6.389505386352539,-6.389505386352539,0,0.0,-0.0025766673497855663,-0.0018032786902040243,-0.0039796349592506886,-3.2381014823913574,-0.5839959979057312,-0.5839959979057312,0
160,2.6666666666666665,4,4,spm2_platform_joint_y,0,,0,flat,0,6.143339157104492,5.060035228729248,0.14572909474372864,0.2,0.0,0.0,0.011639058589935303,0.018084563314914703,0.15709058940410614,-12.347372055053711,-6.814883708953857,-6.814883708953857,0,0.0,-0.06242956221103668,-0.0701712891459465,0.5477222204208374,56.629066467285156,7.9713616371154785,7.9713616371154785,0,0.0,0.00011232664110139012,-0.0027778702788054943,-0.10332955420017242,-3.7752010822296143,3.350745439529419,3.350745439529419,0,0.0,0.003109094686806202,0.005361347924917936,0.11750783026218414,0.8197912573814392,-2.502500534057617,-2.502500534057617,0,-0.08134733140468597,-0.07963871955871582,-0.06891167163848877,-0.008364132605493069,-72.77103424072266,-12.87788200378418,-12.87788200378418,0,0.0,0.002201717346906662,-0.0006770266336388886,-0.44857025146484375,-66.33222198486328,-1.5384118556976318,-1.5384118556976318,0
160,2.6666666666666665,5,5,spm2_platform_joint_x,0,,0,flat,0,6.351691722869873,4.5645599365234375,0.14517417550086975,0.2,0.0,0.0,-0.002801695140078664,-0.0029180829878896475,-0.006900523789227009,-7.757781982421875,0.05494338274002075,0.05494338274002075,0,0.0,0.010016432031989098,0.008470002561807632,0.002131190150976181,23.62912368774414,2.1110193729400635,2.1110193729400635,0,0.0,0.0011087938910350204,0.0008348819683305919,-0.02434573695063591,5.033503532409668,-0.619866669178009,-0.619866669178009,0,0.0,-0.006527059245854616,-0.005639506503939629,0.149919331073761,10.339614868164062,-0.6418721079826355,-0.6418721079826355,0,0.0,0.00671663973480463,0.007801608648151159,0.11291990429162979,3.865139961242676,-1.475551962852478,-1.475551962852478,0,-0.08134733140468597,-0.01291300356388092,-0.0018294533947482705,0.06642105430364609,5.765353679656982,-12.403717041015625,-12.403717041015625,0
161,2.683333333333333,0,0,spm1_platform_joint_z,0,,0,flat,0,5.700318813323975,5.046780109405518,0.14541739225387573,0.2,0.0,-0.0745975598692894,-0.17402063310146332,-0.17816032469272614,0.6980432868003845,-7.7007293701171875,2.854339122772217,2.854339122772217,0,0.0,0.005187054630368948,0.01025859359651804,-0.2330457717180252,-1.9739288091659546,-0.9201977252960205,-0.9201977252960205,0,0.0,-0.001058098510839045,-0.003210018388926983,-0.48149242997169495,-53.439422607421875,-0.6577323079109192,-0.6577323079109192,0,0.0,-0.0726948007941246,-0.08427612483501434,0.03329891338944435,8.0093355178833,11.229461669921875,11.229461669921875,0,0.0,0.0010915464954450727,0.00772899342700839,-0.3001679480075836,-59.77802658081055,-5.7451395988464355,-5.7451395988464355,0,0.0,-0.0012350789038464427,-0.005298423580825329,-0.5269938111305237,-61.00027084350586,0.8025850057601929,0.8025850057601929,0
161,2.683333333333333,1,1,spm1_platform_joint_y,0,,0,flat,0,6.961490154266357,4.751275539398193,0.14510342478752136,0.2,0.0,0.0,-0.0054660942405462265,-0.0047535221092402935,0.08601410686969757,21.440792083740234,3.3373777866363525,3.3373777866363525,0,-0.0745975598692894,-0.0681999996304512,-0.07083180546760559,-0.1879928857088089,-23.579500198364258,-2.3815367221832275,-2.3815367221832275,0,0.0,0.0027589029632508755,0.0008201462333090603,0.055062245577573776,14.151870727539062,1.0658224821090698,1.0658224821090698,0,0.0,-0.00648078229278326,-0.006558971479535103,0.14792099595069885,12.76085090637207,-0.9144967794418335,-0.9144967794418335,0,0.0,-0.05499543622136116,-0.06334836035966873,0.6792863011360168,98.14086151123047,12.614748001098633,12.614748001098633,0,0.0,-0.001412547193467617,-0.004368164110928774,0.45259201526641846,52.67544937133789,-1.9253826141357422,-1.9253826141357422,0
161,2.683333333333333,2,2,spm1_platform_joint_x,0,,0,flat,0,6.376840591430664,3.5381009578704834,0.14702029526233673,0.2,0.0,0.0,0.0072073983028531075,0.00980367511510849,-0.26018989086151123,-51.594764709472656,-3.961521863937378,-3.961521863937378,0,0.0,0.0072522396221756935,0.009579670615494251,-0.017660025507211685,1.2071058750152588,-1.8564341068267822,-1.8564341068267822,0,-0.0745975598692894,-0.01563013158738613,-0.004345797002315521,0.03224308043718338,-5.685083389282227,-11.323935508728027,-11.323935508728027,0,0.0,-0.006736156530678272,-0.0063362400978803635,0.3535422682762146,36.169010162353516,-0.04078632593154907,-0.04078632593154907,0,0.0,-0.008159535937011242,-0.005040725693106651,0.12159693986177444,2.4985241889953613,-1.513920783996582,-1.513920783996582,0,0.0,-0.0072892699390649796,-0.00905570387840271,0.7281311750411987,118.3805923461914,7.201915740966797,7.201915740966797,0
161,2.683333333333333,3,3,spm2_platform_joint_z,0,,0,flat,0,7.142885208129883,4.446164608001709,0.14563600718975067,0.2,0.0,0.0,0.022783637046813965,0.02484644390642643,-0.30092647671699524,-31.255552291870117,-2.4945623874664307,-2.4945623874664307,0,0.0,-0.004345168825238943,0.0021727504208683968,0.18919123709201813,17.804218292236328,-4.488584518432617,-4.488584518432617,0,0.0,0.004026559181511402,0.0031348424963653088,0.44241461157798767,80.4271469116211,4.651474475860596,4.651474475860596,0,-0.0745975598692894,-0.08899570256471634,-0.08452703058719635,0.2737288475036621,-9.951013565063477,-5.13924503326416,-5.13924503326416,0,0.0,-0.004750547464936972,-0.0013741494622081518,-0.40935826301574707,-36.12870407104492,-0.497849702835083,-0.497849702835083,0,0.0,-0.0015628414694219828,0.0007386174984276295,0.7769275903701782,104.53718566894531,0.4190007448196411,0.4190007448196411,0
161,2.683333333333333,4,4,spm2_platform_joint_y,0,,0,flat,0,6.162224292755127,5.059515953063965,0.14578062295913696,0.2,0.0,0.0,0.015673287212848663,0.020563533529639244,0.5583388209342957,44.013641357421875,-5.516035079956055,-5.516035079956055,0,0.0,-0.06081511825323105,-0.060445599257946014,0.6861799955368042,16.790443420410156,-1.8668866157531738,-1.8668866157531738,0,0.0,-0.0024074874818325043,-0.00030468025943264365,-0.6568502187728882,-81.2952651977539,-0.26193496584892273,-0.26193496584892273,0,0.0,0.004646501503884792,0.007032569497823715,-0.2978293001651764,-46.337547302246094,-2.6217243671417236,-2.6217243671417236,0,-0.0745975598692894,-0.06966979056596756,-0.06794421374797821,-0.2354281097650528,-25.13469123840332,-1.6785075664520264,-1.6785075664520264,0,0.0,-0.000586756388656795,-0.00653396500274539,-1.0036077499389648,-67.98230743408203,7.830639839172363,7.830639839172363,0
161,2.683333333333333,5,5,spm2_platform_joint_x,0,,0,flat,0,6.369582176208496,4.564019203186035,0.1451137512922287,0.2,0.0,0.0,-0.0025290052872151136,-0.0022594809997826815,0.1029459610581398,20.161121368408203,2.166921615600586,2.166921615600586,0,0.0,0.007340668700635433,0.010599172674119473,-0.1729859709739685,-31.637853622436523,-3.9612326622009277,-3.9612326622009277,0,0.0,0.0007235643570311368,0.0025985767133533955,0.13721992075443268,-9.527090072631836,-2.7411797046661377,-2.7411797046661377,0,0.0,-0.00488757248967886,-0.0033652090933173895,0.08454179018735886,-3.045989990234375,-2.4611098766326904,-2.4611098766326904,0,0.0,0.00676139397546649,0.008424578234553337,-0.007105827797204256,35.714927673339844,3.0485241413116455,3.0485241413116455,0,-0.0745975598692894,-0.011531868949532509,-0.00450761616230011,-0.2541458308696747,-20.70376205444336,-8.868233680725098,-8.868233680725098,0
162,2.7,0,0,spm1_platform_joint_z,0,,0,flat,0,5.711890697479248,5.045903205871582,0.14545674622058868,0.2,0.0,-0.0677475854754448,-0.163438618183136,-0.16845256090164185,0.7573094964027405,15.039932250976562,2.830306053161621,2.830306053161621,0,0.0,0.008890781551599503,0.011337021365761757,0.0005771350115537643,21.313522338867188,0.5045996904373169,0.5045996904373169,0,0.0,-0.0027820158284157515,-0.002563221612945199,-0.7207592725753784,-86.31192779541016,2.077899694442749,2.077899694442749,0,0.0,-0.07303930819034576,-0.08258751034736633,-0.060612406581640244,-29.489086151123047,8.671981811523438,8.671981811523438,0,0.0,0.0066984607838094234,0.009696027263998985,-0.1228647455573082,-19.268543243408203,-4.075954437255859,-4.075954437255859,0,0.0,-0.004591966979205608,-0.004926889669150114,-0.1921072006225586,-16.646717071533203,3.498497486114502,3.498497486114502,0
162,2.7,1,1,spm1_platform_joint_y,0,,0,flat,0,6.979071140289307,4.750799655914307,0.14488938450813293,0.2,0.0,0.0,-0.0041197193786501884,-0.003291988279670477,0.41476672887802124,44.69190216064453,0.23279371857643127,0.23279371857643127,0,-0.0677475854754448,-0.07042057812213898,-0.07728681713342667,0.2338729351758957,-0.037064552307128906,2.868715524673462,2.868715524673462,0,0.0,0.0007107934216037393,0.001322808675467968,-0.20768588781356812,-78.40081024169922,-4.537514686584473,-4.537514686584473,0,0.0,-0.005684441886842251,-0.006553200073540211,-0.35001498460769653,-23.97464370727539,0.24596142768859863,0.24596142768859863,0,0.0,-0.054901912808418274,-0.06101710721850395,0.6490398645401001,23.93118667602539,2.2610745429992676,2.2610745429992676,0,0.0,-0.003785742213949561,0.000493100902531296,0.24262087047100067,-32.370357513427734,-6.2209553718566895,-6.2209553718566895,0
162,2.7,2,2,spm1_platform_joint_x,0,,0,flat,0,6.39521598815918,3.5377025604248047,0.14665177464485168,0.2,0.0,0.0,0.00849651824682951,0.011028292588889599,0.24573242664337158,-10.584260940551758,-3.5299243927001953,-3.5299243927001953,0,0.0,0.00830238126218319,0.012644260190427303,-0.548654317855835,-78.5041732788086,-5.193944931030273,-5.193944931030273,0,-0.0677475854754448,-0.012799369171261787,-0.0020716977305710316,-0.033345408737659454,-70.67262268066406,-14.425217628479004,-14.425217628479004,0,0.0,-0.0054914080537855625,-0.0041176024824380875,0.045504696667194366,12.208890914916992,-0.961269199848175,-0.961269199848175,0,0.0,-0.004368628840893507,0.0022454475983977318,-0.03743739798665047,-49.56494903564453,-7.250152587890625,-7.250152587890625,0,0.0,-0.007848276756703854,-0.004938485100865364,-0.4279061555862427,-122.28687286376953,-9.345545768737793,-9.345545768737793,0
162,2.7,3,3,spm2_platform_joint_z,0,,0,flat,0,7.162618637084961,4.446423053741455,0.14628136157989502,0.2,0.0,0.0,0.021533584222197533,0.022863810881972313,-0.24152393639087677,-33.16707992553711,-2.6067259311676025,-2.6067259311676025,0,0.0,0.0018830503104254603,0.00807802751660347,0.36154264211654663,17.244665145874023,-6.397893905639648,-6.397893905639648,0,0.0,0.00271686352789402,0.007070550229400396,0.5050603747367859,57.42451095581055,-1.8574411869049072,-1.8574411869049072,0,-0.0677475854754448,-0.08228977024555206,-0.08182403445243835,0.3413592576980591,28.707542419433594,-0.2974586486816406,-0.2974586486816406,0,0.0,-0.001190929557196796,-0.0004072833980899304,-0.38683193922042847,-28.45448875427246,1.4708565473556519,1.4708565473556519,0,0.0,0.0006401351420208812,0.001985271228477359,0.2203451693058014,38.01188659667969,-0.7304930686950684,-0.7304930686950684,0
162,2.7,4,4,spm2_platform_joint_y,0,,0,flat,0,6.181333065032959,5.058753967285156,0.14664867520332336,0.2,0.0,0.0,0.01782172918319702,0.024073677137494087,0.16090494394302368,14.085404396057129,-6.267725467681885,-6.267725467681885,0,0.0,-0.05238618701696396,-0.05084992200136185,-0.059105291962623596,-37.91420364379883,-1.047249436378479,-1.047249436378479,0,0.0,-0.0002640562306623906,-0.0058389208279550076,0.2955791652202606,94.22325897216797,9.203620910644531,9.203620910644531,0,0.0,0.00609489344060421,0.006517263129353523,0.054057374596595764,-1.8843438625335693,-0.34220176935195923,-0.34220176935195923,0,-0.0677475854754448,-0.06791799515485764,-0.0621638298034668,0.05417289212346077,-8.151079177856445,-4.461794376373291,-4.461794376373291,0,0.0,-0.005662769544869661,-0.00656233262270689,-0.04825776815414429,32.655784606933594,2.8161885738372803,2.8161885738372803,0
162,2.7,5,5,spm2_platform_joint_x,0,,0,flat,0,6.387213230133057,4.563418865203857,0.1449069380760193,0.2,0.0,0.0,-0.0019582167733460665,-1.3926475048720022e-06,0.1937391459941864,2.511547088623047,-1.8711180686950684,-1.8711180686950684,0,0.0,0.009185949340462685,0.007851539179682732,-0.09552611410617828,5.693809509277344,2.299490451812744,2.299490451812744,0,0.0,0.0022520998027175665,0.0014295373111963272,-0.046368177980184555,0.011609941720962524,1.0022250413894653,1.0022250413894653,0,0.0,-0.0029165144078433514,-0.002510994439944625,0.065764881670475,3.959200143814087,-0.36521631479263306,-0.36521631479263306,0,0.0,0.00730130122974515,0.00941196084022522,0.029871463775634766,-8.786654472351074,-2.789205551147461,-2.789205551147461,0,-0.0677475854754448,-0.01293961238116026,-0.0040351347997784615,-0.16331379115581512,-7.7386603355407715,-9.256400108337402,-9.256400108337402,0
163,2.716666666666667,0,0,spm1_platform_joint_z,0,,0,flat,0,5.723975658416748,5.044980049133301,0.14600981771945953,0.2,0.0,-0.06080661341547966,-0.15409976243972778,-0.15955908596515656,0.2861785292625427,-10.021201133728027,5.157042503356934,5.157042503356934,0,0.0,0.009825418703258038,0.012011930346488953,0.3394438922405243,21.4411678314209,-2.393641471862793,-2.393641471862793,0,0.0,-0.0022214585915207863,-0.006047732196748257,-0.06039843708276749,-56.48654556274414,-0.12090897560119629,-0.12090897560119629,0,0.0,-0.0715758427977562,-0.08051389455795288,0.2506701350212097,-3.2573139667510986,7.926477432250977,7.926477432250977,0,0.0,0.008403223939239979,0.012033279985189438,-0.4042922854423523,-27.703466415405273,-1.473793625831604,-1.473793625831604,0,0.0,-0.0042699710465967655,-0.0005290358094498515,0.24437004327774048,-60.19561004638672,-8.305371284484863,-8.305371284484863,0
163,2.716666666666667,1,1,spm1_platform_joint_y,0,,0,flat,0,6.9972243309021,4.750627517700195,0.14493605494499207,0.2,0.0,0.0,-0.002853056415915489,-0.0013866086956113577,0.022337062284350395,-4.455968856811523,-1.6521272659301758,-1.6521272659301758,0,-0.06080661341547966,-0.0750894546508789,-0.07293930649757385,0.3323814272880554,6.434293746948242,-2.5582199096679688,-2.5582199096679688,0,0.0,0.0011464342242106795,-0.004936996381729841,-0.27336427569389343,9.892967224121094,5.6817731857299805,5.6817731857299805,0,0.0,-0.005679440218955278,-0.0051977490074932575,0.2905850410461426,22.83782386779785,0.4563455581665039,0.4563455581665039,0,0.0,-0.05288149416446686,-0.05743321403861046,-0.10813546925783157,-37.87935256958008,2.378147840499878,2.378147840499878,0,0.0,0.0004273541271686554,-0.0009343568235635757,-0.13640286028385162,-9.826998710632324,-0.30136770009994507,-0.30136770009994507,0
163,2.716666666666667,2,2,spm1_platform_joint_x,0,,0,flat,0,6.413112163543701,3.537464141845703,0.1458987295627594,0.2,0.0,0.0,0.009557853452861309,0.013162318617105484,0.1401098668575287,3.4863414764404297,-3.6169166564941406,-3.6169166564941406,0,0.0,0.010958358645439148,0.010760323144495487,-0.16288356482982635,-0.9569889307022095,1.1384636163711548,1.1384636163711548,0,-0.06080661341547966,-0.009903021156787872,0.0019338588463142514,0.03465736657381058,-55.01081848144531,-14.571859359741211,-14.571859359741211,0,0.0,-0.0035685887560248375,-0.002317138947546482,0.04163021594285965,-9.78646469116211,-1.966809630393982,-1.966809630393982,0,0.0,0.001946054631844163,0.004518423695117235,0.16741010546684265,8.062789916992188,-1.9753499031066895,-1.9753499031066895,0,0.0,-0.004280020482838154,-0.0029493491165339947,0.04843321815133095,-42.91453552246094,-3.349681854248047,-3.349681854248047,0
163,2.716666666666667,3,3,spm2_platform_joint_z,0,,0,flat,0,7.182523250579834,4.446606159210205,0.14605069160461426,0.2,0.0,0.0,0.01981530338525772,0.01996888406574726,-0.19479402899742126,-10.695469856262207,-0.4151495695114136,-0.4151495695114136,0,0.0,0.007000957150012255,0.003958976361900568,-0.2102643847465515,-0.08389055728912354,1.795764446258545,1.795764446258545,0,0.0,0.006127810105681419,0.006123990751802921,0.2343054711818695,31.398561477661133,-0.4843094050884247,-0.4843094050884247,0,-0.06080661341547966,-0.07902171462774277,-0.07583900541067123,0.40668368339538574,3.7876474857330322,-3.6842784881591797,-3.6842784881591797,0,0.0,-0.00035297893919050694,-0.0010090060532093048,0.41237494349479675,47.803951263427734,2.3562722206115723,2.3562722206115723,0,0.0,0.001720568398013711,-0.002701972145587206,-0.8013337850570679,-44.296058654785156,2.976529598236084,2.976529598236084,0
163,2.716666666666667,4,4,spm2_platform_joint_y,0,,0,flat,0,6.20001220703125,5.057803630828857,0.14626429975032806,0.2,0.0,0.0,0.0208638533949852,0.02682632766664028,0.33269691467285156,26.48208999633789,-5.33814001083374,-5.33814001083374,0,0.0,-0.04406993091106415,-0.0476001538336277,-0.001422425266355276,-21.8660945892334,3.0101687908172607,3.0101687908172607,0,0.0,-0.005060398019850254,-0.0015254328027367592,-0.21008232235908508,-52.01983642578125,-4.351469039916992,-4.351469039916992,0,0.0,0.0056482944637537,0.007192998193204403,-0.11013844609260559,-22.17772102355957,-2.175323009490967,-2.175323009490967,0,-0.06080661341547966,-0.06198286637663841,-0.05749858543276787,0.38190191984176636,14.41296100616455,-4.590066909790039,-4.590066909790039,0,0.0,-0.005687355063855648,-0.007256470154970884,0.04614374786615372,21.33359718322754,3.3196799755096436,3.3196799755096436,0
163,2.716666666666667,5,5,spm2_platform_joint_x,0,,0,flat,0,6.40460205078125,4.562681198120117,0.14513082802295685,0.2,0.0,0.0,-1.2069612012055586e-06,0.0023690853267908096,0.04548044502735138,-3.149141311645508,-2.5100526809692383,-2.5100526809692383,0,0.0,0.006804667413234711,0.00782093033194542,-0.12903371453285217,0.010131597518920898,-0.905572772026062,-0.905572772026062,0,0.0,0.001238932367414236,0.0020655847620218992,-0.17094658315181732,-2.153207778930664,-0.692664623260498,-0.692664623260498,0,0.0,-0.0021761951502412558,-0.002490133512765169,0.1103125810623169,4.445932388305664,0.13144010305404663,0.13144010305404663,0,0.0,0.008157032541930676,0.00709401722997427,0.07602254301309586,35.033843994140625,3.1253345012664795,3.1253345012664795,0,-0.06080661341547966,-0.011604665778577328,-0.0019696170929819345,0.057188354432582855,-24.89436912536621,-11.117002487182617,-11.117002487182617,0
164,2.7333333333333334,0,0,spm1_platform_joint_z,0,,0,flat,0,5.73647403717041,5.044168472290039,0.14728373289108276,0.2,0.0,-0.05378396436572075,-0.1454557329416275,-0.15335500240325928,0.6103726029396057,85.69287872314453,11.791634559631348,11.791634559631348,0,0.0,0.010410339571535587,0.020126262679696083,-0.12804529070854187,-110.52290344238281,-13.346222877502441,-13.346222877502441,0,0.0,-0.005241367965936661,-0.0056575448252260685,-0.13400816917419434,-99.2136459350586,-5.614073753356934,-5.614073753356934,0,0.0,-0.06977871060371399,-0.07584131509065628,0.23009611666202545,-42.66270065307617,3.3979787826538086,3.3979787826538086,0,0.0,0.010428842157125473,0.010989146307110786,-0.43213313817977905,29.581375122070312,4.762722969055176,4.762722969055176,0,0.0,-0.0004584976995829493,0.004092017654329538,0.21292491257190704,-83.46916198730469,-10.69273567199707,-10.69273567199707,0
164,2.7333333333333334,1,1,spm1_platform_joint_y,0,,0,flat,0,7.015378952026367,4.749989032745361,0.14512115716934204,0.2,0.0,0.0,-0.0012017275439575315,-0.0011037396034225821,-0.01609497144818306,-35.39689254760742,-3.1238691806793213,-3.1238691806793213,0,-0.05378396436572075,-0.07038526237010956,-0.06780000776052475,0.32311493158340454,10.820209503173828,-3.0203723907470703,-3.0203723907470703,0,0.0,-0.004278730135411024,-0.005785475950688124,0.09638719260692596,51.52810287475586,6.693912029266357,6.693912029266357,0,0.0,-0.004504716023802757,-0.0016096030594781041,-0.04889937862753868,-4.100697994232178,-1.419710397720337,-1.419710397720337,0,0.0,-0.04977545142173767,-0.05960700660943985,0.18887649476528168,6.97958517074585,6.9947662353515625,6.9947662353515625,0,0.0,-0.0008097758982330561,-0.001752251759171486,0.3351454734802246,133.9450225830078,10.209063529968262,10.209063529968262,0
164,2.7333333333333334,2,2,spm1_platform_joint_x,0,,0,flat,0,6.431010723114014,3.5373291969299316,0.14544029533863068,0.2,0.0,0.0,0.011407342739403248,0.014124235138297081,-0.0443456694483757,10.197078704833984,-0.6147677898406982,-0.6147677898406982,0,0.0,0.009325613267719746,0.0102854548022151,0.2241586595773697,36.731388092041016,-0.5311698317527771,-0.5311698317527771,0,-0.05378396436572075,-0.005495184566825628,0.0018537775613367558,0.3311583399772644,37.98577117919922,-8.046916961669922,-8.046916961669922,0,0.0,-0.0020081871189177036,2.6728897864813916e-05,0.23815834522247314,-3.0982232093811035,-3.840351104736328,-3.840351104736328,0,0.0,0.003915967419743538,0.007085230201482773,-0.1590176671743393,-22.670562744140625,-2.6106326580047607,-2.6106326580047607,0,0.0,-0.0025561025831848383,-0.0005004112026654184,-0.1836172193288803,-73.97179412841797,-7.390451431274414,-7.390451431274414,0
164,2.7333333333333334,3,3,spm2_platform_joint_z,0,,0,flat,0,7.202864646911621,4.447134494781494,0.14531755447387695,0.2,0.0,0.0,0.017306365072727203,0.01665063388645649,-0.11359822005033493,12.772234916687012,1.4967544078826904,1.4967544078826904,0,0.0,0.003431112738326192,0.004631843883544207,-0.48886436223983765,-25.16965675354004,1.805840253829956,1.805840253829956,0,0.0,0.005307458806782961,0.004928020294755697,-0.24319970607757568,-55.67038345336914,-3.0559120178222656,-3.0559120178222656,0,-0.05378396436572075,-0.07289833575487137,-0.0716572180390358,0.1333199441432953,-17.932634353637695,-2.3938279151916504,-2.3938279151916504,0,0.0,-0.0008744719089008868,0.00937348697334528,-0.03242838382720947,-30.159744262695312,-8.61694622039795,-8.61694622039795,0,0.0,-0.0023417090997099876,-0.0059805093333125114,-0.0625053197145462,16.38323974609375,4.484757423400879,4.484757423400879,0
164,2.7333333333333334,4,4,spm2_platform_joint_y,0,,0,flat,0,6.218513488769531,5.056929588317871,0.14650070667266846,0.2,0.0,0.0,0.023249484598636627,0.03013155795633793,0.031795430928468704,-35.72435760498047,-8.419198989868164,-8.419198989868164,0,0.0,-0.0412534661591053,-0.04358016327023506,0.18728402256965637,-21.5283145904541,1.9095392227172852,1.9095392227172852,0,0.0,-0.0013220417313277721,-0.005051355343312025,-0.10400736331939697,120.12745666503906,13.656704902648926,13.656704902648926,0,0.0,0.006233931519091129,0.005337516311556101,0.00502806156873703,29.329776763916016,1.857055902481079,1.857055902481079,0,-0.05378396436572075,-0.05700330436229706,-0.05341512709856033,-0.11389832943677902,-52.36940383911133,-7.095263481140137,-7.095263481140137,0,0.0,-0.00628894055262208,-0.006964855827391148,-0.19047211110591888,86.28539276123047,8.145538330078125,8.145538330078125,0
164,2.7333333333333334,5,5,spm2_platform_joint_x,0,,0,flat,0,6.421875476837158,4.562125205993652,0.14482156932353973,0.2,0.0,0.0,0.002053207252174616,0.004515369422733784,0.18836653232574463,17.618247985839844,-1.2748618125915527,-1.2748618125915527,0,0.0,0.006778139621019363,0.0044218022376298904,-0.010293985716998577,14.045191764831543,2.548684597015381,2.548684597015381,0,0.0,0.0017901734681800008,0.002113471971824765,0.052781831473112106,24.917051315307617,2.613466262817383,2.613466262817383,0,0.0,-0.002158115617930889,-0.0005391419981606305,0.08260400593280792,-11.3005952835083,-2.7968406677246094,-2.7968406677246094,0,0.0,0.006148148328065872,0.0054415129125118256,0.06726192682981491,6.699743270874023,0.21849799156188965,0.21849799156188965,0,-0.05378396436572075,-0.008878197520971298,-0.0019063116051256657,-0.09210629761219025,-17.427711486816406,-7.705092906951904,-7.705092906951904,0
165,2.75,0,0,spm1_platform_joint_z,0,,0,flat,0,5.748894691467285,5.043387413024902,0.14774629473686218,0.2,0.0,-0.046689074486494064,-0.13913287222385406,-0.1424499899148941,0.1756107658147812,-66.30667114257812,0.9513168334960938,0.9513168334960938,0,0.0,0.01744276098906994,0.019972987473011017,0.45230868458747864,59.45579528808594,-1.688509464263916,-1.688509464263916,0,0.0,-0.004903205670416355,-0.005571258254349232,0.5876744985580444,137.92141723632812,8.002071380615234,8.002071380615234,0,0.0,-0.06572914123535156,-0.07303157448768616,0.41464221477508545,30.111621856689453,7.0839338302612305,7.0839338302612305,0,0.0,0.009523926302790642,0.00960409827530384,-0.31266868114471436,-13.760560035705566,2.074695348739624,2.074695348739624,0,0.0,0.003546415362507105,0.0026488821022212505,0.651907205581665,129.57638549804688,4.347102165222168,4.347102165222168,0
165,2.75,1,1,spm1_platform_joint_y,0,,0,flat,0,7.033775806427002,4.749593257904053,0.144639790058136,0.2,0.0,0.0,-0.0009565743384882808,-0.002436167560517788,-0.11189679056406021,-1.925818920135498,1.7090604305267334,1.7090604305267334,0,-0.046689074486494064,-0.06498521566390991,-0.06231923773884773,0.322258323431015,-13.487109184265137,-4.4126996994018555,-4.4126996994018555,0,0.0,-0.0050140791572630405,-0.004545111209154129,0.42412349581718445,32.46507263183594,-1.5237640142440796,-1.5237640142440796,0,0.0,-0.001394989318214357,-0.0008435579366050661,0.11648793518543243,8.431994438171387,-0.4546032249927521,-0.4546032249927521,0,0.0,-0.05165940523147583,-0.05836240202188492,0.0783233642578125,-15.562198638916016,4.839863300323486,4.839863300323486,0,0.0,-0.001518618199042976,0.00031804919126443565,0.1868332326412201,-2.791736125946045,-3.572801113128662,-3.572801113128662,0
165,2.75,2,2,spm1_platform_joint_x,0,,0,flat,0,6.448850631713867,3.53731107711792,0.14566388726234436,0.2,0.0,0.0,0.012241004034876823,0.016847733408212662,0.19452007114887238,-7.952029228210449,-5.110360622406006,-5.110360622406006,0,0.0,0.008914060890674591,0.009019432589411736,-0.13191282749176025,0.24474620819091797,-0.4288891553878784,-0.4288891553878784,0,-0.046689074486494064,-0.004618603270500898,0.004081228282302618,-0.072319395840168,-27.23628807067871,-9.747424125671387,-9.747424125671387,0,0.0,2.31650446949061e-05,0.0014852925669401884,0.05046806111931801,-1.3785839080810547,-1.8452214002609253,-1.8452214002609253,0,0.0,0.006140532903373241,0.005279802717268467,0.16262872517108917,18.042762756347656,1.0455058813095093,1.0455058813095093,0,0.0,-0.0004336897109169513,-0.0029931142926216125,-0.10533306002616882,-20.69339370727539,1.3881728649139404,1.3881728649139404,0
165,2.75,3,3,spm2_platform_joint_z,0,,0,flat,0,7.223228454589844,4.447464942932129,0.1454622745513916,0.2,0.0,0.0,0.014430548995733261,0.014898791909217834,0.20154042541980743,21.937776565551758,-0.49470534920692444,-0.49470534920692444,0,0.0,0.004014264792203903,0.00701560266315937,0.27437347173690796,7.06571102142334,-4.090014457702637,-4.090014457702637,0,0.0,0.004270950797945261,0.0010550437727943063,-0.5682692527770996,-27.557025909423828,2.257610321044922,2.257610321044922,0,-0.046689074486494064,-0.0683281347155571,-0.0713379755616188,-0.06371334195137024,8.067882537841797,3.70466947555542,3.70466947555542,0,0.0,0.008123688399791718,0.006796499248594046,-0.15933343768119812,-7.809199810028076,1.3810017108917236,1.3810017108917236,0,0.0,-0.005183108150959015,-0.0042807902209460735,-0.39807721972465515,-119.07765197753906,-7.361087799072266,-7.361087799072266,0
165,2.75,4,4,spm2_platform_joint_y,0,,0,flat,0,6.236814975738525,5.056155681610107,0.14620038866996765,0.2,0.0,0.0,0.02611401677131653,0.03163854777812958,0.15321537852287292,16.549978256225586,-4.401440143585205,-4.401440143585205,0,0.0,-0.03776947408914566,-0.04150441288948059,0.0537324994802475,-28.01642608642578,1.1828620433807373,1.1828620433807373,0,0.0,-0.004377841018140316,-0.00236143940128386,0.14811523258686066,12.613088607788086,-0.2783305048942566,-0.2783305048942566,0,0.0,0.004625847563147545,0.005162311252206564,-0.13385166227817535,-22.358154296875,-1.4095144271850586,-1.4095144271850586,0,-0.046689074486494064,-0.052518319338560104,-0.05151095986366272,0.5613217353820801,49.061134338378906,-0.3758951425552368,-0.3758951425552368,0,0.0,-0.006036208476871252,-0.00689901877194643,0.33508890867233276,54.68748092651367,3.3610239028930664,3.3610239028930664,0
165,2.75,5,5,spm2_platform_joint_x,0,,0,flat,0,6.439047813415527,4.561130523681641,0.14496716856956482,0.2,0.0,0.0,0.003913320135325193,0.008401555940508842,0.1713741421699524,-6.944178581237793,-4.803614616394043,-4.803614616394043,0,0.0,0.0038322284817695618,0.002278336090967059,0.011831440031528473,40.1014404296875,3.0336713790893555,3.0336713790893555,0,0.0,0.0018316756468266249,0.0010115138720721006,-0.07886869460344315,23.236202239990234,2.5011026859283447,2.5011026859283447,0,0.0,-0.0004672564100474119,0.0015879503916949034,0.07167108356952667,-17.151086807250977,-3.412097930908203,-3.412097930908203,0,0.0,0.00471597770228982,0.0027507951017469168,0.15757450461387634,19.418813705444336,1.9911373853683472,1.9911373853683472,0,-0.046689074486494064,-0.007877346128225327,-0.002710668370127678,0.09192241728305817,26.51340675354004,-3.048844337463379,-3.048844337463379,0
166,2.7666666666666666,0,0,spm1_platform_joint_z,0,,0,flat,0,5.761282920837402,5.0426130294799805,0.14775772392749786,0.2,0.0,-0.03953146934509277,-0.128727525472641,-0.13481178879737854,0.627646803855896,20.425737380981445,6.220137119293213,6.220137119293213,0,0.0,0.017309922724962234,0.021805066615343094,-0.11390214413404465,-12.946586608886719,-4.613986492156982,-4.613986492156982,0,0.0,-0.004828423727303743,-0.0005301804048940539,-0.5115413665771484,-98.30622863769531,-6.365743637084961,-6.365743637084961,0,0.0,-0.06329403072595596,-0.06961869448423386,0.09779168665409088,-17.383506774902344,5.127444267272949,5.127444267272949,0,0.0,0.008323552086949348,0.008344587869942188,-0.1095476821064949,19.486635208129883,2.603841781616211,2.603841781616211,0,0.0,0.002295697806403041,0.00459490530192852,-0.7999638319015503,-115.19033813476562,-5.336446285247803,-5.336446285247803,0
166,2.7666666666666666,1,1,spm1_platform_joint_y,0,,0,flat,0,7.052089691162109,4.749161243438721,0.14504382014274597,0.2,0.0,0.0,-0.0021113452967256308,-0.0031258605886250734,0.0927148312330246,28.953393936157227,2.424417495727539,2.424417495727539,0,-0.03953146934509277,-0.059280868619680405,-0.05704022943973541,0.3268311321735382,-44.89492416381836,-5.902078151702881,-5.902078151702881,0,0.0,-0.003939096350222826,0.003302984405308962,0.05706474184989929,-79.13582611083984,-12.662690162658691,-12.662690162658691,0,0.0,-0.0007310835644602776,0.0010756462579593062,-0.10913991183042526,-29.195125579833984,-3.216188907623291,-3.216188907623291,0,0.0,-0.05058074742555618,-0.055898502469062805,0.10620266944169998,37.07845687866211,7.25958251953125,7.25958251953125,0,0.0,0.000275642640190199,-0.0006028743810020387,0.10269559174776077,17.67966651916504,3.541914701461792,3.541914701461792,0
166,2.7666666666666666,2,2,spm1_platform_joint_x,0,,0,flat,0,6.466532230377197,3.5374317169189453,0.14498180150985718,0.2,0.0,0.0,0.014601368457078934,0.018565591424703598,-0.01919354870915413,-13.90489387512207,-4.467913627624512,-4.467913627624512,0,0.0,0.007816841825842857,0.007196100428700447,-0.09456679970026016,23.885557174682617,2.9832234382629395,2.9832234382629395,0,-0.03953146934509277,-0.0017337980680167675,0.0008063187124207616,0.14823231101036072,59.217613220214844,1.4010248184204102,1.4010248184204102,0,0.0,0.0012872535735368729,0.0031327088363468647,0.058541957288980484,-10.76351547241211,-2.793245792388916,-2.793245792388916,0,0.0,0.004575829021632671,0.007481577806174755,-0.05791120603680611,-28.341249465942383,-4.694575786590576,-4.694575786590576,0,0.0,-0.0025940323248505592,-0.00039601908065378666,0.4085708260536194,52.05082702636719,1.097702145576477,1.097702145576477,0
166,2.7666666666666666,3,3,spm2_platform_joint_z,0,,0,flat,0,7.243597507476807,4.447294235229492,0.1455494910478592,0.2,0.0,0.0,0.012912286445498466,0.014940415509045124,-0.03970268741250038,13.74771785736084,-0.9610202312469482,-0.9610202312469482,0,0.0,0.006080188788473606,0.007998810149729252,-0.09640268236398697,-27.49677276611328,-3.4305272102355957,-3.4305272102355957,0,0.0,0.0009143712813965976,0.002124330960214138,0.3240668475627899,-36.8782958984375,-4.525435924530029,-4.525435924530029,0,-0.03953146934509277,-0.06709710508584976,-0.06986713409423828,0.06353823095560074,-16.86974334716797,1.5776793956756592,1.5776793956756592,0,0.0,0.00589029910042882,0.005496262572705746,0.05511605739593506,16.345138549804688,2.033165693283081,2.033165693283081,0,0.0,-0.003710018238052726,-0.0021008476614952087,0.19321830570697784,-15.364420890808105,-3.1106762886047363,-3.1106762886047363,0
166,2.7666666666666666,4,4,spm2_platform_joint_y,0,,0,flat,0,6.254910945892334,5.055054664611816,0.14557203650474548,0.2,0.0,0.0,0.027420073747634888,0.03334023430943489,0.3440261781215668,33.03166198730469,-5.59814453125,-5.59814453125,0,0.0,-0.03597049042582512,-0.040722478181123734,0.2854914665222168,40.235679626464844,5.303150653839111,5.303150653839111,0,0.0,-0.0020465808920562267,-0.001668277895078063,-0.3520839512348175,-46.264896392822266,-1.0598666667938232,-1.0598666667938232,0,0.0,0.004474002867937088,0.0058454652316868305,-0.13152611255645752,-25.107913970947266,-1.22098970413208,-1.22098970413208,0,-0.03953146934509277,-0.049913693219423294,-0.04329324886202812,0.04789484664797783,-53.839107513427734,-8.290913581848145,-8.290913581848145,0,0.0,-0.005979149602353573,-0.004920086823403835,-0.5322108864784241,-82.19231414794922,-4.056112289428711,-4.056112289428711,0
166,2.7666666666666666,5,5,spm2_platform_joint_x,0,,0,flat,0,6.4562811851501465,4.560233116149902,0.14503848552703857,0.2,0.0,0.0,0.007281348574906588,0.011079485528171062,0.2971857190132141,24.98625373840332,-3.119495391845703,-3.119495391845703,0,0.0,0.0019745579920709133,-0.0011983269359916449,0.3018493950366974,37.2261848449707,2.763376235961914,2.763376235961914,0,0.0,0.0008766453247517347,0.0003426618059165776,0.08512796461582184,20.905099868774414,1.4364964962005615,1.4364964962005615,0,0.0,0.0013762236339971423,0.004660692531615496,0.04304724931716919,-27.287317276000977,-4.757122039794922,-4.757122039794922,0,0.0,0.00238402234390378,-0.0028391669038683176,0.1515599638223648,12.863150596618652,2.2080657482147217,2.2080657482147217,0,-0.03953146934509277,-0.007620108313858509,-0.002758695976808667,-0.11943431943655014,-22.258346557617188,-6.038406848907471,-6.038406848907471,0
167,2.783333333333333,0,0,spm1_platform_joint_z,0,,0,flat,0,5.773634910583496,5.041799068450928,0.14618095755577087,0.2,0.0,-0.032320763915777206,-0.1211463212966919,-0.12128622084856033,0.8035055994987488,21.37836456298828,1.8013267517089844,1.8013267517089844,0,0.0,0.01889772340655327,0.01827961578965187,-0.2445891797542572,-8.49416446685791,0.14202046394348145,0.14202046394348145,0,0.0,-0.0004594896745402366,-0.0025640742387622595,0.20410028100013733,19.914751052856445,0.5903242826461792,0.5903242826461792,0,0.0,-0.06033620238304138,-0.06913933157920837,0.19401760399341583,4.94685173034668,7.078755855560303,7.078755855560303,0,0.0,0.00723197590559721,0.010617331601679325,0.12156383693218231,22.23520851135254,-0.1033068299293518,-0.1033068299293518,0,0.0,0.003982251044362783,-0.002151049906387925,0.23087091743946075,85.48236846923828,9.391565322875977,9.391565322875977,0
167,2.783333333333333,1,1,spm1_platform_joint_y,0,,0,flat,0,7.070683002471924,4.7485246658325195,0.14496514201164246,0.2,0.0,0.0,-0.0027090790681540966,-0.004598665051162243,-0.5146394968032837,-50.09883117675781,1.5458312034606934,1.5458312034606934,0,-0.032320763915777206,-0.053744301199913025,-0.04911835491657257,0.482970267534256,2.670038938522339,-5.634496688842773,-5.634496688842773,0,0.0,0.0028625864069908857,0.0025068316608667374,0.5632380843162537,68.5987548828125,0.07252014428377151,0.07252014428377151,0,0.0,0.0009322267724201083,0.0027608037926256657,0.3900822103023529,35.500404357910156,-1.2539958953857422,-1.2539958953857422,0,0.0,-0.04844536632299423,-0.054033488035202026,-0.21785426139831543,-41.12517166137695,4.286619186401367,4.286619186401367,0,0.0,-0.000522491114679724,-0.0013885452644899487,0.21253912150859833,20.14705467224121,-0.40293195843696594,-0.40293195843696594,0
167,2.783333333333333,2,2,spm1_platform_joint_x,0,,0,flat,0,6.4836297035217285,3.5378165245056152,0.1450250893831253,0.2,0.0,0.0,0.01609017886221409,0.02001950889825821,0.08682207763195038,9.094743728637695,-3.419011116027832,-3.419011116027832,0,0.0,0.006236620247364044,0.005914520006626844,0.049362845718860626,9.801301002502441,1.2549870014190674,1.2549870014190674,0,-0.032320763915777206,-0.0036106263287365437,0.0023425589315593243,0.13166943192481995,45.27171325683594,-2.9377024173736572,-2.9377024173736572,0,0.0,0.002715014386922121,0.004280277993530035,-0.04434249550104141,-21.9721736907959,-2.531440258026123,-2.531440258026123,0,0.0,0.00648403400555253,0.0063692922703921795,0.09628501534461975,58.00344467163086,2.3248891830444336,2.3248891830444336,0,0.0,-0.0003432165249250829,-0.003262989455834031,0.03979342803359032,43.44248580932617,5.114192008972168,5.114192008972168,0
167,2.783333333333333,3,3,spm2_platform_joint_z,0,,0,flat,0,7.263854503631592,4.447412967681885,0.14514417946338654,0.2,0.0,0.0,0.012948360294103622,0.015930524095892906,0.1297920197248459,-1.9759386777877808,-3.187620162963867,-3.187620162963867,0,0.0,0.006932301912456751,0.005713721737265587,-0.21382129192352295,-49.94301223754883,-2.4985318183898926,-2.4985318183898926,0,0.0,0.001841086777858436,0.0010152707109227777,-0.03438374772667885,17.49724578857422,2.211336135864258,2.211336135864258,0,-0.032320763915777206,-0.06486095488071442,-0.06889794766902924,-0.09787183254957199,-18.551517486572266,3.420480728149414,3.420480728149414,0,0.0,0.004763427656143904,0.006057296879589558,0.22022134065628052,39.48756790161133,0.6073789596557617,0.6073789596557617,0,0.0,-0.001820734585635364,-0.0024291181471198797,0.11255457997322083,34.27683639526367,1.7865089178085327,1.7865089178085327,0
167,2.783333333333333,4,4,spm2_platform_joint_y,0,,0,flat,0,6.272589206695557,5.054422378540039,0.14539887011051178,0.2,0.0,0.0,0.02889486961066723,0.03695664927363396,-0.11974206566810608,-37.62036895751953,-9.015130996704102,-9.015130996704102,0,0.0,-0.035292815417051315,-0.04041796177625656,0.1373838633298874,-13.715209007263184,2.2349767684936523,2.2349767684936523,0,0.0,-0.0014458408113569021,-0.0010356762213632464,-0.31861022114753723,-32.6546630859375,1.1456332206726074,1.1456332206726074,0,0.0,0.005066069774329662,0.005865583661943674,0.2456655353307724,23.537925720214844,-0.7077280282974243,-0.7077280282974243,0,-0.032320763915777206,-0.04183024913072586,-0.043633751571178436,0.49417832493782043,31.504032135009766,-0.13122916221618652,-0.13122916221618652,0,0.0,-0.004264075309038162,-0.006133514456450939,0.4002598226070404,87.64872741699219,6.877091407775879,6.877091407775879,0
167,2.783333333333333,5,5,spm2_platform_joint_x,0,,0,flat,0,6.473806381225586,4.559182167053223,0.14513757824897766,0.2,0.0,0.0,0.009602220728993416,0.01573009416460991,0.2069348692893982,-5.257898330688477,-6.172000408172607,-6.172000408172607,0,0.0,-0.0010385500499978662,-0.0005893789348192513,-0.025307606905698776,-15.703004837036133,-1.3892143964767456,-1.3892143964767456,0,0.0,0.00029697356512770057,0.001064498908817768,-0.16454662382602692,-30.917980194091797,-3.7636961936950684,-3.7636961936950684,0,0.0,0.00403926707804203,0.006276663858443499,0.13046586513519287,7.052100658416748,-2.110917806625366,-2.110917806625366,0,0.0,-0.0024606112856417894,-0.0026295699644833803,-0.005619666073471308,-3.196629285812378,0.5669753551483154,0.5669753551483154,0,-0.032320763915777206,-0.006700305268168449,4.186606747680344e-05,0.0006158659234642982,-3.0176053047180176,-6.556009769439697,-6.556009769439697,0
168,2.8,0,0,spm1_platform_joint_z,0,,0,flat,0,5.786274433135986,5.040243148803711,0.14477255940437317,0.2,0.0,-0.025066645815968513,-0.10845693945884705,-0.10738175362348557,0.9093706011772156,4.370605945587158,-3.0662126541137695,-3.0662126541137695,0,0.0,0.015842333436012268,0.013564354740083218,-0.4267917573451996,-24.971059799194336,2.0705528259277344,2.0705528259277344,0,0.0,-0.0022221975959837437,-0.002804745454341173,-0.4044678807258606,6.410747528076172,3.531853675842285,3.531853675842285,0,0.0,-0.05992075428366661,-0.06588209420442581,0.1402634084224701,-6.455698013305664,5.427594184875488,5.427594184875488,0,0.0,0.009201686829328537,0.01435057632625103,0.2853163480758667,20.954206466674805,-4.401974678039551,-4.401974678039551,0,0.0,-0.0018642432987689972,-0.00613811332732439,-0.2156980335712433,41.18013000488281,6.9882378578186035,6.9882378578186035,0
168,2.8,1,1,spm1_platform_joint_y,0,,0,flat,0,7.0895094871521,4.747955799102783,0.1453077495098114,0.2,0.0,0.0,-0.003985509742051363,-0.00666279811412096,-0.042639754712581635,25.798934936523438,4.348875522613525,4.348875522613525,0,-0.025066645815968513,-0.04591146111488342,-0.04530428722500801,-0.036346714943647385,-51.21800231933594,-2.429816246032715,-2.429816246032715,0,0.0,0.002172587439417839,0.005123117472976446,0.22497548162937164,-29.10287857055664,-5.677574157714844,-5.677574157714844,0,0.0,0.0023926966823637486,0.004850650671869516,-0.11166392266750336,-26.194107055664062,-3.8282370567321777,-3.8282370567321777,0,0.0,-0.04682902246713638,-0.046093616634607315,0.18371373414993286,-11.015013694763184,-0.9434502124786377,-0.9434502124786377,0,0.0,-0.0012034059036523104,0.0008268661913461983,0.13858099281787872,-64.02175903320312,-6.705435276031494,-6.705435276031494,0
168,2.8,2,2,spm1_platform_joint_x,0,,0,flat,0,6.500431537628174,3.538024425506592,0.14482788741588593,0.2,0.0,0.0,0.017350241541862488,0.02074887417256832,-0.041359126567840576,-7.2638397216796875,-3.3847923278808594,-3.3847923278808594,0,0.0,0.005125917494297028,0.004890757147222757,-0.12968000769615173,-9.991533279418945,-0.06250596046447754,-0.06250596046447754,0,-0.025066645815968513,-0.0013120018411427736,3.772051422856748e-05,-0.23888695240020752,-47.06671142578125,-6.871644020080566,-6.871644020080566,0,0.0,0.003709574230015278,0.005396575666964054,0.17647626996040344,19.456708908081055,-0.4378904402256012,-0.4378904402256012,0,0.0,0.005520053207874298,0.006586984731256962,-0.031177548691630363,5.491879463195801,-0.1168069839477539,-0.1168069839477539,0,0.0,-0.002827924210578203,-0.0035375417210161686,-0.022655244916677475,-0.7639143466949463,0.5170148015022278,0.5170148015022278,0
168,2.8,3,3,spm2_platform_joint_z,0,,0,flat,0,7.283751964569092,4.447408199310303,0.1446680724620819,0.2,0.0,0.0,0.01380645390599966,0.017056617885828018,-7.759174332022667e-05,-13.20505142211914,-3.699101448059082,-3.699101448059082,0,0.0,0.004951891954988241,0.00492258183658123,0.13013015687465668,30.487571716308594,1.8132493495941162,1.8132493495941162,0,0.0,0.0008799012866802514,-0.00012855546083301306,-0.032960131764411926,47.60249328613281,3.1824517250061035,3.1824517250061035,0,-0.025066645815968513,-0.06305377185344696,-0.06639677286148071,0.42815741896629333,47.387245178222656,5.294793605804443,5.294793605804443,0,0.0,0.005249657202512026,0.007861380465328693,-0.007065447047352791,-46.767826080322266,-6.292316436767578,-6.292316436767578,0,0.0,-0.0021052355878055096,-0.0015349524328485131,-0.010339498519897461,-14.767419815063477,-1.9064944982528687,-1.9064944982528687,0
168,2.8,4,4,spm2_platform_joint_y,0,,0,flat,0,6.290024280548096,5.054012298583984,0.1453099101781845,0.2,0.0,0.0,0.03202909603714943,0.03648685663938522,0.0295671746134758,7.527369499206543,-3.9970815181732178,-3.9970815181732178,0,0.0,-0.03502890095114708,-0.038456983864307404,0.055324602872133255,-12.030695915222168,2.5585334300994873,2.5585334300994873,0,0.0,-0.0008975860546343029,-0.0005515796947292984,-0.00549815408885479,-12.424699783325195,-0.7026997804641724,-0.7026997804641724,0,0.0,0.005083505995571613,0.00817285105586052,0.1690155267715454,3.2604126930236816,-3.6228578090667725,-3.6228578090667725,0,-0.025066645815968513,-0.04115813598036766,-0.03888130187988281,0.22381165623664856,-42.04656982421875,-6.7497477531433105,-6.7497477531433105,0,0.0,-0.005315712653100491,-0.0017884913831949234,-0.27302536368370056,-83.86348724365234,-8.085478782653809,-8.085478782653809,0
168,2.8,5,5,spm2_platform_joint_x,0,,0,flat,0,6.49113130569458,4.558381080627441,0.14428594708442688,0.2,0.0,0.0,0.013632748275995255,0.020692041143774986,0.3141267001628876,0.18086671829223633,-8.047809600830078,-8.047809600830078,0,0.0,-0.0005107950419187546,-0.006107404828071594,0.0110236294567585,33.62721633911133,6.100266456604004,6.100266456604004,0,0.0,0.0009225656976923347,0.0018462975276634097,-0.22709079086780548,-31.19886589050293,-0.634705126285553,-0.634705126285553,0,0.0,0.005439775064587593,0.009932407177984715,0.08639734983444214,-17.737585067749023,-4.965401649475098,-4.965401649475098,0,0.0,-0.002278960542753339,-5.831335511174984e-05,0.2116856575012207,-8.206876754760742,-3.155585527420044,-3.155585527420044,0,-0.025066645815968513,-0.0033059357665479183,-0.0024151350371539593,-0.09151270985603333,-35.5986213684082,-1.7539308071136475,-1.7539308071136475,0
169,2.8166666666666664,0,0,spm1_platform_joint_z,0,,0,flat,0,5.7992262840271,5.038741588592529,0.1449422985315323,0.2,0.0,-0.017778858542442322,-0.09543470293283463,-0.0974046140909195,0.5870329737663269,3.964354991912842,1.8325614929199219,1.8325614929199219,0,0.0,0.011755773797631264,0.012084119953215122,-0.06214909255504608,-7.263524055480957,-1.312139630317688,-1.312139630317688,0,0.0,-0.00243077939376235,-0.0013674545334652066,-0.33087357878685,4.3804192543029785,0.4643864631652832,0.4643864631652832,0,0.0,-0.05709781497716904,-0.06272242218255997,0.224020853638649,-4.538510322570801,4.510782241821289,4.510782241821289,0,0.0,0.012437165714800358,0.01252400316298008,0.024413852021098137,18.829952239990234,0.7661821842193604,0.7661821842193604,0,0.0,-0.0053196982480585575,-0.002744101919233799,-0.3865170478820801,-35.05856704711914,-4.015448093414307,-4.015448093414307,0
169,2.8166666666666664,1,1,spm1_platform_joint_y,0,,0,flat,0,7.108283042907715,4.747503280639648,0.14561064541339874,0.2,0.0,0.0,-0.0057744248770177364,-0.009892050176858902,-0.2858969271183014,23.317251205444336,7.000140190124512,7.000140190124512,0,-0.017778858542442322,-0.04163423180580139,-0.03900529444217682,0.11690232902765274,-68.53440856933594,-5.366243839263916,-5.366243839263916,0,0.0,0.004440035205334425,0.002267188625410199,-0.052629224956035614,-46.730262756347656,-4.235619068145752,-4.235619068145752,0,0.0,0.0042038969695568085,0.007913978770375252,0.30313926935195923,-3.4922003746032715,-4.3183746337890625,-4.3183746337890625,0,0.0,-0.03994780033826828,-0.04515951871871948,0.16017259657382965,17.19234275817871,4.443690776824951,4.443690776824951,0,0.0,0.0007166173309087753,-0.00197474448941648,-0.22551293671131134,-74.1926498413086,-4.105081081390381,-4.105081081390381,0
169,2.8166666666666664,2,2,spm1_platform_joint_x,0,,0,flat,0,6.516903877258301,3.5382983684539795,0.14493471384048462,0.2,0.0,0.0,0.01798235811293125,0.02107238583266735,-0.06760337203741074,-7.8794403076171875,-2.5866875648498535,-2.5866875648498535,0,0.0,0.004238656256347895,0.004446409642696381,0.20805391669273376,5.806063652038574,-2.1437478065490723,-2.1437478065490723,0,-0.017778858542442322,-0.002337823621928692,0.003050939878448844,0.23723046481609344,9.531659126281738,-5.4478936195373535,-5.4478936195373535,0,0.0,0.004677032120525837,0.00575225567445159,-0.11995116621255875,-11.933866500854492,-0.8691614270210266,-0.8691614270210266,0,0.0,0.005708720069378614,0.0028292438946664333,0.08554895222187042,36.925079345703125,4.067863464355469,4.067863464355469,0,0.0,-0.0030658694449812174,-0.0019290766213089228,0.3685908317565918,38.57080078125,-1.7599141597747803,-1.7599141597747803,0
169,2.8166666666666664,3,3,spm2_platform_joint_z,0,,0,flat,0,7.302914619445801,4.447356700897217,0.14519986510276794,0.2,0.0,0.0,0.014782401733100414,0.017780274152755737,0.15701451897621155,17.116342544555664,-2.7052135467529297,-2.7052135467529297,0,0.0,0.004266237374395132,0.004422703292220831,0.21834319829940796,27.88602638244629,-0.10609294474124908,-0.10609294474124908,0,0.0,-0.00011141473078168929,0.002236069180071354,0.22496764361858368,23.769514083862305,-1.5016894340515137,-1.5016894340515137,0,-0.017778858542442322,-0.05991438403725624,-0.060212090611457825,0.3424220383167267,-14.557718276977539,-0.8076272010803223,-0.8076272010803223,0,0.0,0.006813196465373039,0.0024190836120396852,-0.11702360957860947,-4.143617630004883,3.2258658409118652,3.2258658409118652,0,0.0,-0.001330292085185647,-0.004522223956882954,-0.25906842947006226,20.446914672851562,4.804719924926758,4.804719924926758,0
169,2.8166666666666664,4,4,spm2_platform_joint_y,0,,0,flat,0,6.307005405426025,5.053701400756836,0.14520618319511414,0.2,0.0,0.0,0.031621940433979034,0.038092564791440964,0.22245775163173676,19.0717830657959,-5.873776912689209,-5.873776912689209,0,0.0,-0.03332938626408577,-0.03587690368294716,0.22073210775852203,0.050089359283447266,1.8365354537963867,1.8365354537963867,0,0.0,-0.00047803574125282466,0.002925436245277524,-0.05634882301092148,-17.057565689086914,-2.263582944869995,-2.263582944869995,0,0.0,0.007083137519657612,0.008858171291649342,-0.10944998264312744,-24.325544357299805,-3.015331506729126,-3.015331506729126,0,-0.017778858542442322,-0.03606764227151871,-0.0375215969979763,0.21426697075366974,-3.197082281112671,-0.7721670866012573,-0.7721670866012573,0,0.0,-0.0015500258887186646,-0.00408004829660058,-0.14242345094680786,14.886425018310547,4.165124893188477,4.165124893188477,0
169,2.8166666666666664,5,5,spm2_platform_joint_x,0,,0,flat,0,6.508312702178955,4.558129787445068,0.1451706886291504,0.2,0.0,0.0,0.017933102324604988,0.025819212198257446,0.2731861472129822,9.23739242553711,-8.470388412475586,-8.470388412475586,0,0.0,-0.005293084308505058,-0.002317324047908187,0.15130110085010529,-4.223933696746826,-3.452653408050537,-3.452653408050537,0,0.0,0.001600124523974955,0.00011001600796589628,0.24667972326278687,71.33536529541016,4.107566833496094,4.107566833496094,0,0.0,0.008608086034655571,0.010248254053294659,0.001554454443976283,-10.798423767089844,-1.5644445419311523,-1.5644445419311523,0,0.0,-5.0538241339381784e-05,-0.003794411662966013,-0.03618239983916283,11.925664901733398,4.788176536560059,4.788176536560059,0,-0.017778858542442322,-0.00446363165974617,-0.0012567584635689855,-0.11857901513576508,-33.77800750732422,-4.234259605407715,-4.234259605407715,0
170,2.8333333333333335,0,0,spm1_platform_joint_z,0,,0,flat,0,5.812486171722412,5.037173271179199,0.14498957991600037,0.2,0.0,-0.010467191226780415,-0.08581295609474182,-0.08673404902219772,0.6086478233337402,-4.733612537384033,-0.37900257110595703,-0.37900257110595703,0,0.0,0.010472903959453106,0.012364093214273453,-0.027184681966900826,6.128537178039551,0.49163728952407837,0.49163728952407837,0,0.0,-0.0011851273011416197,0.002567138522863388,-0.05569562315940857,-1.6865439414978027,1.0905550718307495,1.0905550718307495,0,0.0,-0.05435943230986595,-0.060158707201480865,0.2694585919380188,7.162933826446533,4.6964497566223145,4.6964497566223145,0,0.0,0.010854136198759079,0.01016054954379797,-0.2244570404291153,-25.597131729125977,-1.1750175952911377,-1.1750175952911377,0,0.0,-0.0023782216012477875,-0.001059330883435905,0.0740131288766861,33.53182601928711,4.810782432556152,4.810782432556152,0
170,2.8333333333333335,1,1,spm1_platform_joint_y,0,,0,flat,0,7.12700080871582,4.746945858001709,0.14553165435791016,0.2,0.0,0.0,-0.008573110215365887,-0.012442676350474358,-0.232985720038414,-21.734357833862305,2.710203170776367,2.710203170776367,0,-0.010467191226780415,-0.03520021215081215,-0.03895961493253708,0.4022228717803955,34.65473556518555,3.472691297531128,3.472691297531128,0,0.0,0.0019648969173431396,0.0032475038897246122,0.2929213345050812,34.131160736083984,-0.4087650775909424,-0.4087650775909424,0,0.0,0.006858781445771456,0.009643198922276497,0.008552977815270424,1.2064602375030518,-1.8657177686691284,-1.8657177686691284,0,0.0,-0.039138250052928925,-0.041139472275972366,0.23156364262104034,-43.48231887817383,-2.428095817565918,-2.428095817565918,0,0.0,-0.0017114451620727777,-0.0011379545321688056,0.31839966773986816,38.9675178527832,0.26441410183906555,0.26441410183906555,0
170,2.8333333333333335,2,2,spm1_platform_joint_x,0,,0,flat,0,6.533194065093994,3.5381786823272705,0.1446981430053711,0.2,0.0,0.0,0.01826273463666439,0.022289952263236046,-0.05776930972933769,-27.870849609375,-5.491459846496582,-5.491459846496582,0,0.0,0.0038535550702363253,0.0010079307248815894,-0.11051764339208603,8.685660362243652,2.2644267082214355,2.2644267082214355,0,-0.010467191226780415,0.0012485223123803735,0.0026456257328391075,-0.2096252739429474,-6.146130084991455,-1.4823799133300781,-1.4823799133300781,0,0.0,0.004985288251191378,0.0033637606538832188,0.04316166415810585,32.53276062011719,3.3004493713378906,3.3004493713378906,0,0.0,0.00245201145298779,0.004247493110597134,0.026773832738399506,-32.642242431640625,-4.404218673706055,-4.404218673706055,0,0.0,-0.0016718663973733783,0.0005213484982959926,-0.03767908364534378,-17.33357810974121,-2.2963504791259766,-2.2963504791259766,0
170,2.8333333333333335,3,3,spm2_platform_joint_z,0,,0,flat,0,7.321528434753418,4.446935176849365,0.1449948251247406,0.2,0.0,0.0,0.01540957111865282,0.020782344043254852,0.12372441589832306,-18.261796951293945,-6.377437591552734,-6.377437591552734,0,0.0,0.003833009395748377,0.0013527015689760447,-0.10667344182729721,-16.53713607788086,0.522943377494812,0.522943377494812,0,0.0,0.0019379266304895282,0.0006231165025383234,-0.15509936213493347,-13.890704154968262,-1.1139166355133057,-1.1139166355133057,0,-0.010467191226780415,-0.05357943847775459,-0.05493329092860222,0.31324437260627747,11.86540412902832,2.1070752143859863,2.1070752143859863,0,0.0,0.002096539130434394,0.0010457279859110713,0.1411299854516983,15.276650428771973,0.7469491958618164,0.7469491958618164,0,0.0,-0.003919260576367378,-0.000986916245892644,-0.0010487819090485573,-14.30196762084961,-3.021785259246826,-3.021785259246826,0
170,2.8333333333333335,4,4,spm2_platform_joint_y,0,,0,flat,0,6.323850154876709,5.053498268127441,0.1444709599018097,0.2,0.0,0.0,0.03301355615258217,0.037844058126211166,0.10160904377698898,21.653472900390625,-4.476251602172852,-4.476251602172852,0,0.0,-0.03109331615269184,-0.0344085767865181,0.0016138742212206125,-13.500142097473145,2.5820703506469727,2.5820703506469727,0,0.0,0.0025353780947625637,-3.43319661624264e-05,0.26181337237358093,60.23126983642578,4.076519966125488,4.076519966125488,0,0.0,0.007677081972360611,0.00981021299958229,-0.10626904666423798,-24.628358840942383,-2.503804922103882,-2.503804922103882,0,-0.010467191226780415,-0.033914342522621155,-0.03146025910973549,0.409258097410202,-3.6622774600982666,-3.9063119888305664,-3.9063119888305664,0,0.0,-0.0035360418260097504,-0.00014026228745933622,0.20442433655261993,-1.1705660820007324,-4.021598815917969,-4.021598815917969,0
170,2.8333333333333335,5,5,spm2_platform_joint_x,0,,0,flat,0,6.525341510772705,4.557653427124023,0.14489801228046417,0.2,0.0,0.0,0.02237665094435215,0.028576428070664406,0.16820934414863586,11.860849380493164,-5.7989983558654785,-5.7989983558654785,0,0.0,-0.002008347539231181,-0.0037211147136986256,0.06897933036088943,23.022781372070312,2.6601574420928955,2.6601574420928955,0,0.0,9.534720447845757e-05,0.0026188946794718504,-0.14896367490291595,-37.37592315673828,-3.36594820022583,-3.36594820022583,0,0.0,0.008881820365786552,0.010273358784615993,0.06597490608692169,5.529011249542236,-2.18798565864563,-2.18798565864563,0,0.0,-0.0032884899992495775,-0.0024645421653985977,0.09723187983036041,-20.42145347595215,-2.736809015274048,-2.736809015274048,0,-0.010467191226780415,-0.002484816126525402,-0.002131915185600519,-0.21701094508171082,-44.40617370605469,-1.8741614818572998,-1.8741614818572998,0
171,2.85,0,0,spm1_platform_joint_z,0,,0,flat,0,5.825845718383789,5.036054611206055,0.14505940675735474,0.2,0.0,-0.003141463501378894,-0.07558836787939072,-0.07610747963190079,0.5223236083984375,-6.965081691741943,-0.07744121551513672,-0.07744121551513672,0,0.0,0.010715547017753124,0.010144517756998539,-0.09199634939432144,-3.12860369682312,-0.1915287971496582,-0.1915287971496582,0,0.0,0.0022248532623052597,0.00015170346887316555,-0.1972498893737793,15.866039276123047,3.858429431915283,3.858429431915283,0,0.0,-0.05213754624128342,-0.05742320045828819,0.23786571621894836,1.1088109016418457,4.6139349937438965,4.6139349937438965,0,0.0,0.008805809542536736,0.010219313204288483,0.027196066454052925,9.242538452148438,-0.36321601271629333,-0.36321601271629333,0,0.0,-0.0009180867346003652,-0.002511137630790472,-0.11921191960573196,22.81170082092285,2.9360363483428955,2.9360363483428955,0
171,2.85,1,1,spm1_platform_joint_y,0,,0,flat,0,7.145841121673584,4.746728897094727,0.1449504792690277,0.2,0.0,0.0,-0.010783652774989605,-0.013769585639238358,0.04920852184295654,15.52056884765625,3.7017626762390137,3.7017626762390137,0,-0.003141463501378894,-0.03418385982513428,-0.034679852426052094,-0.07172764092683792,-60.3201904296875,-2.533031463623047,-2.533031463623047,0,0.0,0.002814503386616707,-0.00015323885600082576,-0.26508602499961853,-47.737876892089844,-2.587444305419922,-2.587444305419922,0,0.0,0.008357439190149307,0.009497622027993202,0.10121804475784302,18.660728454589844,-0.5637246966362,-0.5637246966362,0,0.0,-0.035654209554195404,-0.03828888386487961,0.46299368143081665,35.14982223510742,2.5004184246063232,2.5004184246063232,0,0.0,-0.0009862273000180721,-0.0024793401826173067,-0.15949000418186188,-37.4473991394043,-2.446171283721924,-2.446171283721924,0
171,2.85,2,2,spm1_platform_joint_x,0,,0,flat,0,6.549030780792236,3.5381290912628174,0.14483097195625305,0.2,0.0,0.0,0.019317958503961563,0.022047879174351692,0.09504292905330658,14.676945686340332,-2.4102635383605957,-2.4102635383605957,0,0.0,0.0008735399460420012,-0.0007880775956436992,0.23920801281929016,32.26850891113281,2.156005859375,2.156005859375,0,-0.003141463501378894,0.0018740138038992882,0.0003072921826969832,0.10360202938318253,35.52482604980469,2.975647449493408,2.975647449493408,0,0.0,0.0029152592178434134,0.0057527548633515835,0.03699994832277298,-15.087425231933594,-2.96321702003479,-2.96321702003479,0,0.0,0.003681160742416978,-0.0005250528338365257,-0.07512257993221283,-18.578889846801758,0.8531462550163269,0.8531462550163269,0,0.0,0.00045183536713011563,-0.004146774299442768,-0.1513788402080536,29.830169677734375,5.5491485595703125,5.5491485595703125,0
171,2.85,3,3,spm2_platform_joint_z,0,,0,flat,0,7.33990478515625,4.4465789794921875,0.14491665363311768,0.2,0.0,0.0,0.018011365085840225,0.022949093952775,0.3041064441204071,38.41940689086914,-3.3812482357025146,-3.3812482357025146,0,0.0,0.0011723414063453674,-0.0007285932078957558,0.029617898166179657,24.388139724731445,3.698725700378418,3.698725700378418,0,0.0,0.0005400343216024339,0.0008963201544247568,0.10747180879116058,24.003408432006836,0.6348640322685242,0.6348640322685242,0,-0.003141463501378894,-0.04802771285176277,-0.048201676458120346,0.119572214782238,-54.04799270629883,-1.8205430507659912,-1.8205430507659912,0,0.0,0.0009062975877895951,-8.919301762944087e-05,0.09536600857973099,24.82599639892578,0.8265277147293091,0.8265277147293091,0,0.0,-0.0008553274092264473,-0.004123525694012642,0.2518855333328247,63.8109130859375,5.583527565002441,5.583527565002441,0
171,2.85,4,4,spm2_platform_joint_y,0,,0,flat,0,6.340064525604248,5.052927494049072,0.14505168795585632,0.2,0.0,0.0,0.03279818221926689,0.039020854979753494,0.05265197902917862,9.29836654663086,-5.394070148468018,-5.394070148468018,0,0.0,-0.029820766299962997,-0.029487021267414093,0.28560870885849,-17.871604919433594,-1.1349806785583496,-1.1349806785583496,0,0.0,-2.9754370189039037e-05,0.002050041453912854,0.18828672170639038,3.8293325901031494,-1.9314484596252441,-1.9314484596252441,0,0.0,0.00850218441337347,0.011301685124635696,0.15832671523094177,-6.771393775939941,-3.920558214187622,-3.920558214187622,0,-0.003141463501378894,-0.027684420347213745,-0.030912430956959724,-0.0638110414147377,9.682825088500977,3.6907684803009033,3.6907684803009033,0,0.0,-0.00012156064622104168,-0.004117724020034075,0.07678709924221039,25.441116333007812,4.666967391967773,4.666967391967773,0
171,2.85,5,5,spm2_platform_joint_x,0,,0,flat,0,6.542303562164307,4.5567169189453125,0.14520694315433502,0.2,0.0,0.0,0.024766236543655396,0.03353571891784668,0.1673525869846344,-18.312084197998047,-9.793527603149414,-9.793527603149414,0,0.0,-0.0032249661162495613,-0.0023537958040833473,0.09430254995822906,10.617581367492676,-0.277292937040329,-0.277292937040329,0,0.0,0.0022697087842971087,-0.0012450123904272914,-0.0701039731502533,42.282779693603516,5.696869850158691,5.696869850158691,0,0.0,0.00890357792377472,0.010641383938491344,-0.0024644760414958,-8.602082252502441,-2.4482386112213135,-2.4482386112213135,0,0.0,-0.002135936636477709,-0.006048719864338636,-0.15643905103206635,-4.790119647979736,3.262427568435669,3.262427568435669,0,-0.003141463501378894,-0.002266521565616131,-0.003402655478566885,-0.11875133216381073,14.97586727142334,4.583374977111816,4.583374977111816,0
172,2.8666666666666667,0,0,spm1_platform_joint_z,0,,0,flat,0,5.839433193206787,5.03449821472168,0.14505422115325928,0.2,0.0,0.00418848404660821,-0.0654013529419899,-0.0661332756280899,0.5641791224479675,7.872505187988281,0.9556713104248047,0.9556713104248047,0,0.0,0.008791915141046047,0.007318093907088041,-0.1956837773323059,-27.953598022460938,0.9313434958457947,0.9313434958457947,0,0.0,0.00013147633580956608,0.00137344840914011,-0.04507749527692795,-24.927602767944336,-1.3665472269058228,-1.3665472269058228,0,0.0,-0.049766771495342255,-0.05275164172053337,0.4997866451740265,17.480728149414062,1.6357550621032715,1.6357550621032715,0,0.0,0.008856737986207008,0.0049756248481571674,-0.1368701010942459,-5.937977313995361,2.2951903343200684,2.2951903343200684,0,0.0,-0.0021763192489743233,-0.0026645855978131294,0.4685060977935791,40.13630294799805,0.04425382614135742,0.04425382614135742,0
172,2.8666666666666667,1,1,spm1_platform_joint_y,0,,0,flat,0,7.164585113525391,4.746658802032471,0.14484846591949463,0.2,0.0,0.0,-0.011933640576899052,-0.015941886231303215,-0.05060693249106407,16.31140899658203,4.514272212982178,4.514272212982178,0,0.00418848404660821,-0.029497407376766205,-0.03427740931510925,0.3167700469493866,9.948357582092285,4.129122257232666,4.129122257232666,0,0.0,-0.00013280700659379363,0.003946978133171797,-0.04967011883854866,-46.32936096191406,-5.845199108123779,-5.845199108123779,0,0.0,0.008231271989643574,0.009591981768608093,-0.11080284416675568,-38.45349884033203,-3.626512050628662,-3.626512050628662,0,0.0,-0.03318369761109352,-0.03252038732171059,0.0334823839366436,-39.526611328125,-3.8284544944763184,-3.8284544944763184,0,0.0,-0.0021487614139914513,0.0004173866182100028,0.010293160565197468,-14.080718040466309,1.3754521608352661,1.3754521608352661,0
172,2.8666666666666667,2,2,spm1_platform_joint_x,0,,0,flat,0,6.564680576324463,3.538052558898926,0.14493903517723083,0.2,0.0,0.0,0.019108161330223083,0.023154711350798607,-0.09823954105377197,-22.498348236083984,-4.807724475860596,-4.807724475860596,0,0.0,-0.0006830006022937596,-0.0027903770096600056,-0.03706007078289986,-20.169565200805664,-1.0793637037277222,-1.0793637037277222,0,0.00418848404660821,0.00082478451076895,0.0019946482498198748,0.1877179890871048,-1.4678674936294556,-3.350693464279175,-3.350693464279175,0,0.0,0.0049857208505272865,0.005874257534742355,0.003641420044004917,-0.9102922081947327,-0.6659520268440247,-0.6659520268440247,0,0.0,-0.00045504578156396747,-0.0023124997969716787,0.18285967409610748,28.945329666137695,4.008335590362549,4.008335590362549,0,0.0,-0.0035938709042966366,-0.0012189795961603522,0.26455360651016235,12.808965682983398,-1.29929780960083,-1.29929780960083,0
172,2.8666666666666667,3,3,spm2_platform_joint_z,0,,0,flat,0,7.357810020446777,4.446067810058594,0.14496228098869324,0.2,0.0,0.0,0.019889215007424355,0.02614382654428482,0.266990065574646,19.2161922454834,-6.1782989501953125,-6.1782989501953125,0,0.0,-0.0006314474157989025,-0.007328740321099758,0.27319732308387756,31.14141845703125,4.297944068908691,4.297944068908691,0,0.0,0.0007768108043819666,0.000726044294424355,-0.03726797550916672,6.827559471130371,1.2678256034851074,1.2678256034851074,0,0.00418848404660821,-0.04121632128953934,-0.04439092427492142,0.16683360934257507,-15.204113006591797,2.3814971446990967,2.3814971446990967,0,0.0,-7.730061770416796e-05,-0.005549391731619835,0.31043362617492676,22.442832946777344,2.1690893173217773,2.1690893173217773,0,0.0,-0.003573722206056118,-0.000984080834314227,0.2009282261133194,5.745488166809082,-2.733734130859375,-2.733734130859375,0
172,2.8666666666666667,4,4,spm2_platform_joint_y,0,,0,flat,0,6.356149196624756,5.052283763885498,0.1451212465763092,0.2,0.0,0.0,0.0338180735707283,0.0388718880712986,0.07343824952840805,13.462120056152344,-5.263544082641602,-5.263544082641602,0,0.0,-0.02555541880428791,-0.027295103296637535,-0.10417849570512772,-47.95035934448242,-0.8548769950866699,-0.8548769950866699,0,0.0,0.0017767025856301188,1.6703364735803916e-06,-0.17847031354904175,-30.305152893066406,-2.0714969635009766,-2.0714969635009766,0,0.0,0.009794794023036957,0.014486530795693398,-0.01600365713238716,-24.334991455078125,-4.508856296539307,-4.508856296539307,0,0.00418848404660821,-0.026232309639453888,-0.028259940445423126,0.1946689337491989,-0.7455664873123169,2.0439646244049072,2.0439646244049072,0,0.0,-0.003568693995475769,-0.00021321553504094481,0.004121178761124611,-24.371915817260742,-3.7815797328948975,-3.7815797328948975,0
172,2.8666666666666667,5,5,spm2_platform_joint_x,0,,0,flat,0,6.558989524841309,4.556379318237305,0.14477194845676422,0.2,0.0,0.0,0.02906429022550583,0.036862075328826904,0.0688210278749466,-24.811147689819336,-9.557872772216797,-9.557872772216797,0,0.0,-0.002039956394582987,-0.009357853792607784,0.16733400523662567,19.602323532104492,3.574972629547119,3.574972629547119,0,0.0,-0.0010790107771754265,0.00332940137013793,0.2408730536699295,11.437202453613281,-1.6912554502487183,-1.6912554502487183,0,0.0,0.009222532622516155,0.008923721499741077,-0.18702693283557892,-14.033666610717773,-0.3790751099586487,-0.3790751099586487,0,0.0,-0.005242223851382732,-0.007066956255584955,0.34553220868110657,9.493181228637695,0.29447078704833984,0.29447078704833984,0,0.00418848404660821,-0.002390503417700529,-0.0006271666497923434,0.06554912030696869,7.657421588897705,1.5760596990585327,1.5760596990585327,0
173,2.8833333333333333,0,0,spm1_platform_joint_z,0,,0,flat,0,5.8537702560424805,5.0325212478637695,0.14544349908828735,0.2,0.0,0.011512805707752705,-0.05578046292066574,-0.056732602417469025,0.6003370881080627,13.675088882446289,1.0698399543762207,1.0698399543762207,0,0.0,0.006342348176985979,0.0023438744246959686,0.10119811445474625,25.620771408081055,3.301741361618042,3.301741361618042,0,0.0,0.0011903219856321812,-0.00039270237903110683,-0.09381267428398132,23.9567928314209,4.71450138092041,4.71450138092041,0,0.0,-0.04571808874607086,-0.04366452619433403,0.5164135098457336,-12.451729774475098,-4.226600646972656,-4.226600646972656,0,0.0,0.004312207922339439,0.0005980473360978067,0.17182765901088715,17.60390853881836,1.8526018857955933,1.8526018857955933,0,0.0,-0.0023093074560165405,-0.00045585891348309815,0.12462314963340759,-4.4080729484558105,-3.2798242568969727,-3.2798242568969727,0
173,2.8833333333333333,1,1,spm1_platform_joint_y,0,,0,flat,0,7.183220386505127,4.746853351593018,0.1447160392999649,0.2,0.0,0.0,-0.01381630077958107,-0.01880963146686554,-0.10875638574361801,23.390615463256836,6.049193382263184,6.049193382263184,0,0.011512805707752705,-0.028172047808766365,-0.03199557587504387,0.03669510781764984,-34.104331970214844,0.8952724933624268,0.8952724933624268,0,0.0,0.0034207142889499664,0.0013264071894809604,-0.22200065851211548,-32.493919372558594,-0.7184708714485168,-0.7184708714485168,0,0.0,0.008313050493597984,0.010023139417171478,0.1799871176481247,26.903654098510742,-0.4892328083515167,-0.4892328083515167,0,0.0,-0.02818433567881584,-0.03135514259338379,0.4991177022457123,14.05929946899414,0.9567341804504395,0.9567341804504395,0,0.0,0.0003617350594140589,-0.004261004738509655,-0.32170236110687256,-39.13898849487305,0.6789447069168091,0.6789447069168091,0
173,2.8833333333333333,2,2,spm1_platform_joint_x,0,,0,flat,0,6.58019495010376,3.5380592346191406,0.14496122300624847,0.2,0.0,0.0,0.02006741613149643,0.0238326583057642,0.03662671893835068,-14.433616638183594,-4.476590633392334,-4.476590633392334,0,0.0,-0.0024183266796171665,-0.003841848811134696,0.14957688748836517,36.79154586791992,3.0628645420074463,3.0628645420074463,0,0.011512805707752705,0.003263736143708229,0.002166472841054201,-0.14101509749889374,-30.80001449584961,-0.9324233531951904,-0.9324233531951904,0,0.0,0.005091023165732622,0.005391121841967106,0.1729980707168579,52.056739807128906,2.213791847229004,2.213791847229004,0,0.0,-0.0020041665993630886,-0.004478413611650467,0.10811273008584976,0.695452094078064,0.2730189561843872,0.2730189561843872,0,0.0,-0.0010564490221440792,-0.0023837294429540634,-0.4769171476364136,-43.8129768371582,-0.8997774124145508,-0.8997774124145508,0
173,2.8833333333333333,3,3,spm2_platform_joint_z,0,,0,flat,0,7.375582695007324,4.445789813995361,0.1447736769914627,0.2,0.0,0.0,0.022657983005046844,0.03105642832815647,0.10724406689405441,-79.81786346435547,-12.884493827819824,-12.884493827819824,0,0.0,-0.006351574789732695,-0.014065796509385109,0.07307213544845581,40.81864929199219,6.297686576843262,6.297686576843262,0,0.0,0.0006292383768595755,-0.005530547350645065,-0.5242810845375061,17.11005401611328,6.946478366851807,6.946478366851807,0,0.011512805707752705,-0.03693709522485733,-0.04064555838704109,0.6270672678947449,71.90424346923828,5.87913703918457,5.87913703918457,0,0.0,-0.00480947270989418,-0.006795304361730814,0.5239752531051636,-2.7080941200256348,-2.4370956420898438,-2.4370956420898438,0,0.0,-0.0008528700564056635,-0.0019549941644072533,-0.16450601816177368,-16.818023681640625,1.7705433368682861,1.7705433368682861,0
173,2.8833333333333333,4,4,spm2_platform_joint_y,0,,0,flat,0,6.372323513031006,5.0522780418396,0.14410294592380524,0.2,0.0,0.0,0.033688969910144806,0.03976484388113022,-0.162466898560524,-20.211688995361328,-5.6348371505737305,-5.6348371505737305,0,0.0,-0.023655755445361137,-0.028188180178403854,-0.2706625759601593,-45.878990173339844,2.475856304168701,2.475856304168701,0,0.0,1.4476249816652853e-06,0.0018277313793078065,0.2694567143917084,31.827037811279297,0.7892656922340393,0.7892656922340393,0,0.0,0.01255499292165041,0.015307623893022537,0.251552939414978,16.037288665771484,-3.8411521911621094,-3.8411521911621094,0,0.011512805707752705,-0.022956907749176025,-0.021854443475604057,0.3875356614589691,-20.83851432800293,-3.263448476791382,-3.263448476791382,0,0.0,-0.0001847867970354855,-0.0019810523372143507,0.11530517786741257,16.884721755981445,1.1364408731460571,1.1364408731460571,0
173,2.8833333333333333,5,5,spm2_platform_joint_x,0,,0,flat,0,6.575969219207764,4.556037425994873,0.1450343132019043,0.2,0.0,0.0,0.03194713220000267,0.04076105356216431,0.3331489861011505,15.98836898803711,-9.267904281616211,-9.267904281616211,0,0.0,-0.008110139518976212,-0.007546744775027037,-0.05247371271252632,-16.88738441467285,-0.5354429483413696,-0.5354429483413696,0,0.0,0.002885481109842658,0.00016786990454420447,-0.5631741285324097,-35.479217529296875,3.893195867538452,3.893195867538452,0,0.0,0.0077338917180895805,0.007378642912954092,-0.04178038239479065,4.643277645111084,0.9021590352058411,0.9021590352058411,0,0.0,-0.006124695297330618,-0.007657543756067753,-0.00827877689152956,-2.1878061294555664,0.5297801494598389,0.5297801494598389,0,0.011512805707752705,0.0009914964903146029,-0.0017327636014670134,-0.1153462678194046,9.234670639038086,4.495028495788574,4.495028495788574,0
174,2.9,0,0,spm1_platform_joint_z,0,,0,flat,0,5.86855411529541,5.029955863952637,0.14567740261554718,0.2,0.0,0.018821662291884422,-0.046658698469400406,-0.045547012239694595,0.8527379631996155,32.58438491821289,-1.8823399543762207,-1.8823399543762207,0,0.0,0.0020313577260822058,-0.00231557316146791,0.26984846591949463,64.12830352783203,4.726694107055664,4.726694107055664,0,0.0,-0.00034034205600619316,0.0013423950877040625,-0.1367175579071045,-20.672542572021484,-0.7569159865379333,-0.7569159865379333,0,0.0,-0.03784259036183357,-0.033806588500738144,0.5064671635627747,-28.66227912902832,-5.182984352111816,-5.182984352111816,0,0.0,0.0005183076718822122,-0.005054563283920288,0.42221716046333313,57.1400032043457,4.045533657073975,4.045533657073975,0,0.0,-0.0003950777172576636,-0.0017978250980377197,0.17680564522743225,28.691499710083008,2.4784626960754395,2.4784626960754395,0
174,2.9,1,1,spm1_platform_joint_y,0,,0,flat,0,7.201325416564941,4.7468438148498535,0.14519329369068146,0.2,0.0,0.0,-0.016301680356264114,-0.02055569924414158,-0.3367552161216736,-31.000246047973633,4.236412048339844,4.236412048339844,0,0.018821662291884422,-0.02521994337439537,-0.03128141537308693,0.1759071946144104,-18.896663665771484,3.587486505508423,3.587486505508423,0,0.0,0.0011495528742671013,0.002701295306906104,0.36643359065055847,23.95223045349121,-2.6322505474090576,-2.6322505474090576,0,0.0,0.00868672039359808,0.010125923901796341,0.03693685308098793,16.233646392822266,-0.5374321937561035,-0.5374321937561035,0,0.0,-0.027174456045031548,-0.030246013775467873,0.3960856795310974,-6.792283058166504,-1.0882883071899414,-1.0882883071899414,0,0.0,-0.0036928707268089056,-0.0019109476124867797,0.13143667578697205,-14.869412422180176,-3.0420584678649902,-3.0420584678649902,0
174,2.9,2,2,spm1_platform_joint_x,0,,0,flat,0,6.595388412475586,3.537966012954712,0.14505311846733093,0.2,0.0,0.0,0.020654970780014992,0.024388914927840233,-0.047409240156412125,-21.64124298095703,-4.878415584564209,-4.878415584564209,0,0.0,-0.003329602302983403,-0.00585187179967761,0.10686992853879929,7.11669397354126,1.107662558555603,1.107662558555603,0,0.018821662291884422,0.004387164954096079,-0.0016646619187667966,-0.32300424575805664,5.6131696701049805,6.534486770629883,6.534486770629883,0,0.0,0.004672305658459663,0.00846765749156475,0.1902870386838913,-0.09778618812561035,-4.405796527862549,-4.405796527862549,0,0.0,-0.0038812917191535234,-0.007238530553877354,0.24645282328128815,16.0509090423584,2.030057668685913,2.030057668685913,0,0.0,-0.0020658988505601883,-0.004671981558203697,-0.010880612768232822,1.070509910583496,2.9768950939178467,2.9768950939178467,0
174,2.9,3,3,spm2_platform_joint_z,0,,0,flat,0,7.393215179443359,4.445374965667725,0.1447676122188568,0.2,0.0,0.0,0.026915570721030235,0.03166458010673523,0.12679828703403473,22.301576614379883,-3.927455425262451,-3.927455425262451,0,0.0,-0.012190356850624084,-0.01652209646999836,0.10606458783149719,5.616873264312744,3.0217278003692627,3.0217278003692627,0,0.0,-0.004793141037225723,-0.005750829353928566,0.1532769799232483,35.45836639404297,3.495398998260498,3.495398998260498,0,0.018821662291884422,-0.03271659463644028,-0.03170323744416237,0.21003331243991852,-54.144378662109375,-3.8116133213043213,-3.8116133213043213,0,0.0,-0.0058892639353871346,-0.009548288770020008,0.0923166573047638,-2.546720027923584,0.23339951038360596,0.23339951038360596,0,0.0,-0.001694328268058598,-0.0037514264695346355,-0.34178879857063293,-29.409774780273438,1.8323700428009033,1.8323700428009033,0
174,2.9,4,4,spm2_platform_joint_y,0,,0,flat,0,6.3883376121521,5.051753997802734,0.14515775442123413,0.2,0.0,0.0,0.03446286544203758,0.03972366452217102,-0.1220669373869896,-23.02802276611328,-6.19978141784668,-6.19978141784668,0,0.0,-0.02442975528538227,-0.021805578842759132,0.36953431367874146,-14.314180374145508,-4.914613246917725,-4.914613246917725,0,0.0,0.0015840338310226798,0.004486157558858395,0.2835823893547058,-9.878951072692871,-3.3700718879699707,-3.3700718879699707,0,0.0,0.01326660718768835,0.016214266419410706,-0.18751217424869537,11.834304809570312,-1.828235149383545,-1.828235149383545,0,0.018821662291884422,-0.016430962830781937,-0.02430182322859764,0.09567517787218094,-8.013148307800293,6.363435745239258,6.363435745239258,0,0.0,-0.0017169120255857706,-0.0005793598247691989,0.24305957555770874,-8.683425903320312,-1.5807929039001465,-1.5807929039001465,0
174,2.9,5,5,spm2_platform_joint_x,0,,0,flat,0,6.593112945556641,4.555673599243164,0.14448824524879456,0.2,0.0,0.0,0.03532624617218971,0.04481344670057297,0.1504930704832077,3.581277370452881,-8.67542552947998,-8.67542552947998,0,0.0,-0.006540512200444937,-0.008160263299942017,-0.14263318479061127,-31.04945182800293,-1.0677642822265625,-1.0677642822265625,0,0.0,0.00014548725448548794,-0.001722735702060163,0.35916656255722046,74.65562438964844,5.174252986907959,5.174252986907959,0,0.0,0.0063948240131139755,0.007031081710010767,-0.026148777455091476,-9.750199317932129,-0.8170359134674072,-0.8170359134674072,0,0.0,-0.006636537611484528,-0.0045466916635632515,0.4889122545719147,57.00562286376953,0.6369985938072205,0.6369985938072205,0,0.018821662291884422,0.0010078265331685543,-0.004108634777367115,0.20289447903633118,23.969036102294922,2.1405556201934814,2.1405556201934814,0
175,2.9166666666666665,0,0,spm1_platform_joint_z,0,,0,flat,0,5.884024620056152,5.026862621307373,0.14633354544639587,0.2,0.0,0.026105238124728203,-0.03599337860941887,-0.03281049057841301,0.7730994820594788,12.494831085205078,-3.9797701835632324,-3.9797701835632324,0,0.0,-0.002006830181926489,-0.006451599765568972,-0.057945720851421356,14.08922290802002,3.819431781768799,3.819431781768799,0,0.0,0.0011634090915322304,0.0007420032052323222,-0.08009644597768784,-1.3115439414978027,0.7453100085258484,0.7453100085258484,0,0.0,-0.029299043118953705,-0.023362332955002785,0.41506582498550415,-41.71222686767578,-7.689095973968506,-7.689095973968506,0,0.0,-0.0043806214816868305,-0.011009320616722107,0.20364166796207428,29.749465942382812,4.0575852394104,4.0575852394104,0,0.0,-0.0015581150073558092,0.00026190647622570395,-0.23484133183956146,-65.38395690917969,-3.4655492305755615,-3.4655492305755615,0
175,2.9166666666666665,1,1,spm1_platform_joint_y,0,,0,flat,0,7.219629764556885,4.746720314025879,0.14438650012016296,0.2,0.0,0.0,-0.017814939841628075,-0.022098058834671974,0.022994300350546837,25.81158447265625,5.920818328857422,5.920818328857422,0,0.026105238124728203,-0.02362986095249653,-0.03469311073422432,0.4025476574897766,18.60092544555664,7.20354700088501,7.20354700088501,0,0.0,0.0023411225993186235,0.004615291021764278,-0.271697461605072,-80.60273742675781,-6.975362777709961,-6.975362777709961,0,0.0,0.008775800466537476,0.008562392555177212,-0.10171293467283249,-2.824707508087158,0.16230696439743042,0.16230696439743042,0,0.0,-0.026213211938738823,-0.028816044330596924,0.6573166251182556,12.68697738647461,-1.7709994316101074,-1.7709994316101074,0,0.0,-0.0016561546362936497,-0.0003733846824616194,0.048008911311626434,-11.229476928710938,-2.3519740104675293,-2.3519740104675293,0
175,2.9166666666666665,2,2,spm1_platform_joint_x,0,,0,flat,0,6.610669136047363,3.5378365516662598,0.14497685432434082,0.2,0.0,0.0,0.0211370587348938,0.024762269109487534,0.18605738878250122,15.46609115600586,-4.143902778625488,-4.143902778625488,0,0.0,-0.00507162231951952,-0.00918341800570488,0.07026176899671555,12.845236778259277,3.460280179977417,3.460280179977417,0,0.026105238124728203,0.0020379917696118355,0.0010755282128229737,0.2506280839443207,21.27383041381836,3.298112630844116,3.298112630844116,0,0.0,0.007338636554777622,0.008651109412312508,-0.3181638717651367,-38.18681335449219,-1.9174493551254272,-1.9174493551254272,0,0.0,-0.006273393053561449,-0.009693526662886143,0.17510275542736053,-3.467130661010742,-0.6151405572891235,-0.6151405572891235,0,0.0,-0.004049050621688366,-0.0009627057588659227,-0.10649558901786804,-26.701885223388672,-1.2883036136627197,-1.2883036136627197,0
175,2.9166666666666665,3,3,spm2_platform_joint_z,0,,0,flat,0,7.411098003387451,4.445148468017578,0.14493709802627563,0.2,0.0,0.0,0.027442635968327522,0.035849083214998245,0.16072730720043182,-53.68575668334961,-11.309707641601562,-11.309707641601562,0,0.0,-0.014319149777293205,-0.017312372103333473,0.20166729390621185,35.57337951660156,3.5496692657470703,3.5496692657470703,0,0.0,-0.004984051920473576,-0.00299575156532228,0.05715266987681389,48.882381439208984,2.4899044036865234,2.4899044036865234,0,0.026105238124728203,-0.02399544045329094,-0.029750339686870575,0.1772214025259018,31.82216453552246,6.764041900634766,6.764041900634766,0,0.0,-0.008275183849036694,-0.013179928064346313,0.24330875277519226,-1.1342382431030273,1.4543256759643555,1.4543256759643555,0,0.0,-0.0032512361649423838,-0.0040636807680130005,0.2333221733570099,46.16975402832031,4.639527320861816,4.639527320861816,0
175,2.9166666666666665,4,4,spm2_platform_joint_y,0,,0,flat,0,6.404528617858887,5.052077770233154,0.14481723308563232,0.2,0.0,0.0,0.03442717716097832,0.03846385329961777,-0.04830293729901314,8.19405746459961,-3.3052520751953125,-3.3052520751953125,0,0.0,-0.018898168578743935,-0.01926068216562271,0.029115410521626472,-21.42364501953125,-0.7384548187255859,-0.7384548187255859,0,0.0,0.0038880030624568462,0.0018855247180908918,-0.013312308117747307,9.096590995788574,2.7974908351898193,2.7974908351898193,0,0.0,0.01405236404389143,0.016482852399349213,0.06698187440633774,6.107254981994629,-2.322371482849121,-2.322371482849121,0,0.026105238124728203,-0.017580881714820862,-0.019122816622257233,0.24448257684707642,-8.380669593811035,0.4988114833831787,0.4988114833831787,0,0.0,-0.0005021118558943272,-0.0015003213193267584,-0.12277375161647797,1.797911524772644,0.8657810688018799,0.8657810688018799,0
175,2.9166666666666665,5,5,spm2_platform_joint_x,0,,0,flat,0,6.609918117523193,4.5553059577941895,0.145130455493927,0.2,0.0,0.0,0.03883831948041916,0.04596700891852379,0.18148496747016907,31.92829704284668,-5.43947172164917,-5.43947172164917,0,0.0,-0.007072228007018566,-0.006947161164134741,0.07169902324676514,18.141647338867188,3.3229305744171143,3.3229305744171143,0,0.0,-0.0014930375618860126,0.001762082101777196,-0.18492862582206726,-83.62410736083984,-10.65226936340332,-10.65226936340332,0,0.0,0.006093604024499655,0.006712521426379681,-0.06423814594745636,5.752729415893555,1.6063828468322754,1.6063828468322754,0,0.0,-0.003940465860068798,-0.007309789303690195,-0.01918259635567665,-25.523351669311523,-2.183379650115967,-2.183379650115967,0,0.026105238124728203,-8.011795580387115e-05,-0.0009007924818433821,0.003219535108655691,-46.370948791503906,-4.036882400512695,-4.036882400512695,0
176,2.933333333333333,0,0,spm1_platform_joint_z,0,,0,flat,0,5.89995813369751,5.024205684661865,0.14689688384532928,0.2,0.0,0.03335374966263771,-0.023988591507077217,-0.017529208213090897,0.6587862968444824,-25.955923080444336,-7.107107162475586,-7.107107162475586,0,0.0,-0.005591386463493109,-0.00891261175274849,-0.15432029962539673,-30.214845657348633,1.4544981718063354,1.4544981718063354,0,0.0,0.00064306944841519,0.002533288672566414,-0.33525460958480835,-37.81257247924805,-0.4934433102607727,-0.4934433102607727,0,0.0,-0.020247355103492737,-0.019000912085175514,0.06772363185882568,-28.278465270996094,-2.909238576889038,-2.909238576889038,0,0.0,-0.009541410952806473,-0.01417488045990467,0.30984339118003845,21.367353439331055,2.513774871826172,2.513774871826172,0,0.0,0.00022698560496792197,-0.00041523808613419533,-0.6347156167030334,-88.72257232666016,-1.4591692686080933,-1.4591692686080933,0
176,2.933333333333333,1,1,spm1_platform_joint_y,0,,0,flat,0,7.237942695617676,4.7467756271362305,0.1450062096118927,0.2,0.0,0.0,-0.019151650369167328,-0.0240537878125906,0.03241681307554245,41.10115432739258,6.80747652053833,6.80747652053833,0,0.03335374966263771,-0.025620196014642715,-0.031321633607149124,0.3635604977607727,32.31521987915039,7.15312385559082,7.15312385559082,0,0.0,0.003999918699264526,0.005187090486288071,0.07610510289669037,6.8536272048950195,1.930931806564331,1.930931806564331,0,0.0,0.007420740090310574,0.007782099302858114,-0.27981457114219666,-43.004886627197266,-3.4639780521392822,-3.4639780521392822,0,0.0,-0.024973904713988304,-0.026194514706730843,0.19158659875392914,-50.560997009277344,-5.112017631530762,-5.112017631530762,0,0.0,-0.00032360004843212664,-0.001687995856627822,0.15041758120059967,22.94080352783203,5.39818811416626,5.39818811416626,0
176,2.933333333333333,2,2,spm1_platform_joint_x,0,,0,flat,0,6.625911235809326,3.5379881858825684,0.14474791288375854,0.2,0.0,0.0,0.021460633724927902,0.026288850232958794,0.012107789516448975,-30.654197692871094,-6.573047161102295,-6.573047161102295,0,0.0,-0.007958962582051754,-0.012985548935830593,0.07406996190547943,6.742918968200684,2.6222338676452637,2.6222338676452637,0,0.03335374966263771,0.0053792912513017654,0.0036656446754932404,-0.10659964382648468,-9.443879127502441,1.8774681091308594,1.8774681091308594,0,0.0,0.007497628219425678,0.006583118345588446,-0.05151011049747467,17.398122787475586,1.8291879892349243,1.8291879892349243,0,0.0,-0.008401056751608849,-0.011334385722875595,0.3960685133934021,14.745977401733398,0.24837851524353027,0.24837851524353027,0,0.0,-0.0008343450026586652,-0.0008615435217507184,0.18410566449165344,30.55508804321289,2.2755837440490723,2.2755837440490723,0
176,2.933333333333333,3,3,spm2_platform_joint_z,0,,0,flat,0,7.429378032684326,4.444822788238525,0.14495892822742462,0.2,0.0,0.0,0.031069204211235046,0.03879711031913757,0.271826833486557,-24.845684051513672,-10.130987167358398,-10.130987167358398,0,0.0,-0.015004055574536324,-0.018399937078356743,0.3135703504085541,36.496665954589844,2.867482900619507,2.867482900619507,0,0.0,-0.0025963180232793093,-0.0016089509008452296,0.5841419696807861,100.07963562011719,1.570730447769165,1.570730447769165,0,0.03335374966263771,-0.02133646048605442,-0.027699541300535202,0.09494929015636444,25.821170806884766,8.033745765686035,8.033745765686035,0,0.0,-0.011422604322433472,-0.017266349866986275,0.40011537075042725,25.02289390563965,2.5153870582580566,2.5153870582580566,0,0.0,-0.0035218566190451384,-0.004077511839568615,-0.0716174840927124,42.9974479675293,3.5736050605773926,3.5736050605773926,0
176,2.933333333333333,4,4,spm2_platform_joint_y,0,,0,flat,0,6.42047643661499,5.05179500579834,0.1450749933719635,0.2,0.0,0.0,0.03333533927798271,0.03780008852481842,-0.14277972280979156,-11.394148826599121,-4.592554092407227,-4.592554092407227,0,0.0,-0.016692591831088066,-0.01650313474237919,0.19652600586414337,19.580352783203125,2.73663592338562,2.73663592338562,0,0.0,0.0016341214068233967,0.002511056140065193,-0.04125261679291725,-31.2535457611084,-4.247031211853027,-4.247031211853027,0,0.0,0.014285138808190823,0.018740927800536156,0.06214458495378494,14.349305152893066,-1.7550747394561768,-1.7550747394561768,0,0.03335374966263771,-0.01212594099342823,-0.017280371859669685,0.16435495018959045,-63.23029327392578,-2.8233370780944824,-2.8233370780944824,0,0.0,-0.0013002784689888358,-0.0013539836509153247,0.2214098423719406,9.579440116882324,-0.8730341792106628,-0.8730341792106628,0
176,2.933333333333333,5,5,spm2_platform_joint_x,0,,0,flat,0,6.626871585845947,4.555220603942871,0.14483603835105896,0.2,0.0,0.0,0.03983807563781738,0.04575703293085098,-0.31855669617652893,-41.9853630065918,-7.578807353973389,-7.578807353973389,0,0.0,-0.006020872853696346,-0.007517782971262932,-0.0961456447839737,-17.385473251342773,0.8802751302719116,0.8802751302719116,0,0.0,0.0015271378215402365,0.0016407384537160397,0.2955377399921417,51.1588249206543,2.3449745178222656,2.3449745178222656,0,0.0,0.0058175185695290565,0.006343914195895195,0.18524615466594696,18.90431022644043,-0.048102617263793945,-0.048102617263793945,0,0.0,-0.006335150450468063,-0.006849240977317095,0.22529184818267822,20.34183120727539,0.6452291011810303,0.6452291011810303,0,0.03335374966263771,0.0036664800718426704,-0.0029064049012959003,-0.1213875338435173,17.814903259277344,8.366268157958984,8.366268157958984,0
177,2.95,0,0,spm1_platform_joint_z,0,,0,flat,0,5.916329383850098,5.022426605224609,0.14667969942092896,0.2,0.0,0.040557458996772766,-0.009784318506717682,-0.006145399995148182,0.5877953171730042,-7.183735370635986,-4.823802947998047,-4.823802947998047,0,0.0,-0.007724263705313206,-0.010901517234742641,-0.024454597383737564,7.875732898712158,3.306659698486328,3.306659698486328,0,0.0,0.002195516834035516,0.004678088240325451,0.18078401684761047,10.591329574584961,-1.4892151355743408,-1.4892151355743408,0,0.0,-0.01646745763719082,-0.016351204365491867,0.2521130442619324,7.127198219299316,-0.2582019567489624,-0.2582019567489624,0,0.0,-0.012284896336495876,-0.01087717991322279,0.22968690097332,-11.880485534667969,-3.4149506092071533,-3.4149506092071533,0,0.0,-0.0003598729963414371,-0.0033822667319327593,-0.007457851432263851,10.331842422485352,3.6380796432495117,3.6380796432495117,0
177,2.95,1,1,spm1_platform_joint_y,0,,0,flat,0,7.25594425201416,4.746524810791016,0.14501111209392548,0.2,0.0,0.0,-0.020846616476774216,-0.023299753665924072,-0.18733438849449158,-32.15970993041992,1.9820122718811035,1.9820122718811035,0,0.040557458996772766,-0.021737754344940186,-0.024786915630102158,0.282520592212677,-41.97478485107422,-0.1488027572631836,-0.1488027572631836,0,0.0,0.004495478235185146,0.0036411138717085123,-0.16924500465393066,-21.55707359313965,-0.7512302398681641,-0.7512302398681641,0,0.0,0.006744486279785633,0.004118266049772501,-0.009278550744056702,28.023639678955078,3.431987762451172,3.431987762451172,0,0.0,-0.022701911628246307,-0.02635844051837921,0.3577668368816376,20.716562271118164,1.2655988931655884,1.2655988931655884,0,0.0,-0.0014629297656938434,-0.0008551491773687303,-0.22379837930202484,-36.8771858215332,-1.192626953125,-1.192626953125,0
177,2.95,2,2,spm1_platform_joint_x,0,,0,flat,0,6.641173839569092,3.5379981994628906,0.14489877223968506,0.2,0.0,0.0,0.02278367057442665,0.02599131502211094,0.09105291217565536,14.341708183288574,-3.24117112159729,-3.24117112159729,0,0.0,-0.01125414203852415,-0.016040129587054253,0.14053696393966675,2.5967493057250977,2.6849918365478516,2.6849918365478516,0,0.040557458996772766,0.008584553375840187,0.0008327527903020382,0.04168058559298515,46.848541259765625,11.433416366577148,11.433416366577148,0,0.0,0.005705369170755148,0.008543352596461773,-0.02133776992559433,-23.812387466430664,-3.249232769012451,-3.249232769012451,0,0.0,-0.009823134168982506,-0.01609591580927372,0.20933039486408234,12.974701881408691,3.420029640197754,3.420029640197754,0,0.0,-0.0007466710521839559,-0.0009456505649723113,-0.3187409043312073,-31.35961151123047,0.7544417977333069,0.7544417977333069,0
177,2.95,3,3,spm2_platform_joint_z,0,,0,flat,0,7.448225021362305,4.444420337677002,0.14511173963546753,0.2,0.0,0.0,0.033624161034822464,0.04225313290953636,-0.1309202015399933,-69.57200622558594,-12.262800216674805,-12.262800216674805,0,0.0,-0.015946611762046814,-0.019763557240366936,0.16889409720897675,55.20283126831055,5.904321670532227,5.904321670532227,0,0.0,-0.0013944241218268871,0.0010134296026080847,0.0028273595962673426,0.8224259614944458,-1.9619287252426147,-1.9619287252426147,0,0.040557458996772766,-0.018598606809973717,-0.026229556649923325,0.3555753231048584,68.16669464111328,10.806982040405273,10.806982040405273,0,0.0,-0.014964169822633266,-0.017683114856481552,0.3504825234413147,8.225780487060547,-0.10996890068054199,-0.10996890068054199,0,0.0,-0.0035338434390723705,-0.004594328813254833,0.13644231855869293,18.874971389770508,1.9466197490692139,1.9466197490692139,0
177,2.95,4,4,spm2_platform_joint_y,0,,0,flat,0,6.436657905578613,5.051786422729492,0.14535465836524963,0.2,0.0,0.0,0.032760076224803925,0.035149041563272476,-0.4565223157405853,-53.037784576416016,-3.466287136077881,-3.466287136077881,0,0.0,-0.014302716590464115,-0.011270631104707718,0.6124104261398315,44.71735382080078,-2.8159432411193848,-2.8159432411193848,0,0.0,0.002176248701289296,0.0027280249632894993,0.39916813373565674,49.7800178527832,0.13120649755001068,0.13120649755001068,0,0.0,0.01624213717877865,0.020887408405542374,0.3957134485244751,53.37626647949219,-2.911457061767578,-2.911457061767578,0,0.040557458996772766,-0.009568661451339722,-0.013594821095466614,-0.12977606058120728,-51.28864288330078,2.615279197692871,2.615279197692871,0,0.0,-0.0011734524741768837,-0.001119939493946731,0.2900509238243103,46.0847053527832,-0.3932343125343323,-0.3932343125343323,0
177,2.95,5,5,spm2_platform_joint_x,0,,0,flat,0,6.6439971923828125,4.555287837982178,0.14468014240264893,0.2,0.0,0.0,0.03965609520673752,0.04182501882314682,-0.15164440870285034,22.120216369628906,-0.8323144912719727,-0.8323144912719727,0,0.0,-0.006515411660075188,-0.00845723133534193,0.06763754785060883,-17.667314529418945,0.5019474029541016,0.5019474029541016,0,0.0,0.001421973342075944,0.0019791487138718367,-0.23988671600818634,12.693083763122559,0.33054685592651367,0.33054685592651367,0,0.0,0.005498059093952179,0.007096134591847658,-0.2543754279613495,-60.79546356201172,-3.24526309967041,-3.24526309967041,0,0.0,-0.005936008878052235,-0.00868965219706297,0.144181028008461,20.33344078063965,1.6035799980163574,1.6035799980163574,0,0.040557458996772766,0.002888777293264866,-0.003621193114668131,-0.2913225591182709,13.995752334594727,9.918668746948242,9.918668746948242,0
178,2.966666666666667,0,0,spm1_platform_joint_z,0,,0,flat,0,5.9328694343566895,5.021103858947754,0.1452002078294754,0.2,0.0,0.047706689685583115,0.0010348786599934101,0.00682566175237298,0.2036966234445572,-84.8991928100586,-8.322772979736328,-8.322772979736328,0,0.0,-0.009447981603443623,-0.012518376111984253,0.15771740674972534,57.6146125793457,4.974477291107178,4.974477291107178,0,0.0,0.004054343327879906,0.004583654925227165,-0.297789990901947,-64.86695861816406,-5.471108913421631,-5.471108913421631,0,0.0,-0.014171043410897255,-0.015526796691119671,0.4335128664970398,75.63448333740234,3.3528237342834473,3.3528237342834473,0,0.0,-0.009426889009773731,-0.006231403909623623,-0.06807103008031845,-32.824886322021484,-3.1402688026428223,-3.1402688026428223,0,0.0,-0.00293129775673151,-0.009060093201696873,0.25029996037483215,122.16324615478516,9.92479419708252,9.92479419708252,0
178,2.966666666666667,1,1,spm1_platform_joint_y,0,,0,flat,0,7.273911476135254,4.746419429779053,0.14461107552051544,0.2,0.0,0.0,-0.02019312046468258,-0.022641189396381378,0.14217005670070648,12.561012268066406,3.1095473766326904,3.1095473766326904,0,0.047706689685583115,-0.015121101401746273,-0.02267594449222088,0.11338406056165695,-18.69783592224121,5.6477813720703125,5.6477813720703125,0,0.0,0.0031556319445371628,0.0014851054875180125,0.23104460537433624,48.4548225402832,4.501774787902832,4.501774787902832,0,0.0,0.0035691638477146626,0.004000028595328331,-0.11633583903312683,-20.92169189453125,-1.5039324760437012,-1.5039324760437012,0,0.0,-0.0228439811617136,-0.01975215971469879,0.5072235465049744,-8.394048690795898,-5.120540142059326,-5.120540142059326,0,0.0,-0.0007411292754113674,-0.0024934029206633568,0.15762825310230255,-2.3489534854888916,0.8741765022277832,0.8741765022277832,0
178,2.966666666666667,2,2,spm1_platform_joint_x,0,,0,flat,0,6.656793117523193,3.538081169128418,0.14471755921840668,0.2,0.0,0.0,0.022525805979967117,0.027647793292999268,0.07789532840251923,12.921982765197754,-3.1029558181762695,-3.1029558181762695,0,0.0,-0.013901446014642715,-0.022252777591347694,0.08689557760953903,-11.564502716064453,2.7799417972564697,2.7799417972564697,0,0.047706689685583115,0.007082611322402954,-0.0003159888437949121,-0.08832123130559921,-41.2039794921875,1.9126238822937012,1.9126238822937012,0,0.0,0.0074042389169335365,0.009489660151302814,0.12967419624328613,5.630956172943115,-2.3482437133789062,-2.3482437133789062,0,0.0,-0.013949793763458729,-0.019578756764531136,0.43448585271835327,29.98448944091797,3.4723761081695557,3.4723761081695557,0,0.0,-0.0008195638074539602,-0.004828376695513725,0.12572212517261505,59.53829574584961,6.813462257385254,6.813462257385254,0
178,2.966666666666667,3,3,spm2_platform_joint_z,0,,0,flat,0,7.467288970947266,4.444217205047607,0.14488700032234192,0.2,0.0,0.0,0.03661938011646271,0.03943045809864998,-0.2260039895772934,-14.66366195678711,-3.501201868057251,-3.501201868057251,0,0.0,-0.017128415405750275,-0.016563568264245987,0.031844332814216614,21.738279342651367,2.156224489212036,2.156224489212036,0,0.0,0.0008783056400716305,0.0022339022252708673,0.1188366562128067,9.787874221801758,-1.073585033416748,-1.073585033416748,0,0.047706689685583115,-0.016371389850974083,-0.020146001130342484,0.3781861960887909,12.233687400817871,4.001710891723633,4.001710891723633,0,0.0,-0.015325365588068962,-0.014512861147522926,0.00995290745049715,-12.391988754272461,-0.9937360882759094,-0.9937360882759094,0,0.0,-0.003981751389801502,-0.0056161354295909405,-0.0762777253985405,26.02215576171875,3.5247604846954346,3.5247604846954346,0
178,2.966666666666667,4,4,spm2_platform_joint_y,0,,0,flat,0,6.453193187713623,5.05181360244751,0.14599943161010742,0.2,0.0,0.0,0.03046250343322754,0.030621683225035667,-0.5062873959541321,-34.79255676269531,-0.061614274978637695,-0.061614274978637695,0,0.0,-0.009767880663275719,-0.0021681354846805334,0.6004583239555359,27.899415969848633,-7.932404518127441,-7.932404518127441,0,0.0,0.002364288317039609,0.007749316282570362,0.7593663334846497,62.339622497558594,-5.079994201660156,-5.079994201660156,0,0.0,0.01810242049396038,0.023919308558106422,0.331348180770874,18.422712326049805,-6.63542366027832,-6.63542366027832,0,0.047706689685583115,-0.005421285517513752,-0.010967280715703964,-0.15982376039028168,-21.47488784790039,6.994980335235596,6.994980335235596,0,0.0,-0.0009706142009235919,0.0037196537014096975,0.7869720458984375,64.53237915039062,-3.4516003131866455,-3.4516003131866455,0
178,2.966666666666667,5,5,spm2_platform_joint_x,0,,0,flat,0,6.661016941070557,4.555265426635742,0.144984632730484,0.2,0.0,0.0,0.0362483486533165,0.037062328308820724,-0.37449538707733154,-20.706050872802734,-2.507448673248291,-2.507448673248291,0,0.0,-0.0073296003974974155,-0.010629094205796719,-0.01444253046065569,-17.09268569946289,0.7024410963058472,0.7024410963058472,0,0.0,0.0017152621876448393,0.003100821515545249,0.3426429033279419,53.23060989379883,2.7049365043640137,2.7049365043640137,0,0.0,0.006149983033537865,0.004583219066262245,-0.06957156211137772,8.024576187133789,2.58028507232666,2.58028507232666,0,0.0,-0.007531031966209412,-0.008180445060133934,0.2077917754650116,13.80194091796875,0.779139518737793,0.779139518737793,0,0.047706689685583115,0.003222525119781494,-0.0026340088807046413,0.007895424962043762,7.586147308349609,6.641725063323975,6.641725063323975,0
179,2.9833333333333334,0,0,spm1_platform_joint_z,0,,0,flat,0,5.950052261352539,5.020660400390625,0.14486798644065857,0.2,0.0,0.05479184538125992,0.013221153058111668,0.014625285752117634,0.3370119333267212,-13.42954158782959,-1.4435241222381592,-1.4435241222381592,0,0.0,-0.010849258862435818,-0.006189445033669472,0.4696335792541504,32.35715103149414,-3.689779281616211,-3.689779281616211,0,0.0,0.003972501028329134,-0.0009793995413929224,-0.07585398852825165,23.80839729309082,5.331560134887695,5.331560134887695,0,0.0,-0.0134565569460392,-0.012271839193999767,0.029523219913244247,-18.27647590637207,-2.219498634338379,-2.219498634338379,0,0.0,-0.005400550086051226,-0.004910193849354982,-0.5683209300041199,-53.114253997802734,0.5738692879676819,0.5738692879676819,0,0.0,-0.007852081209421158,-0.004557604901492596,0.4984753727912903,16.476058959960938,-4.6368513107299805,-4.6368513107299805,0
179,2.9833333333333334,1,1,spm1_platform_joint_y,0,,0,flat,0,7.291690349578857,4.745763301849365,0.14474692940711975,0.2,0.0,0.0,-0.01962236315011978,-0.018592530861496925,0.1961178183555603,-33.099979400634766,-3.654439926147461,-3.654439926147461,0,0.05479184538125992,-0.01234690472483635,-0.017079634591937065,0.21232478320598602,-24.115299224853516,3.5357131958007812,3.5357131958007812,0,0.0,0.001287091406993568,0.004944073501974344,-0.1601659506559372,-29.9024600982666,-3.875176429748535,-3.875176429748535,0,0.0,0.003466691356152296,-0.0001919364440254867,-0.12643834948539734,37.211753845214844,5.4599223136901855,5.4599223136901855,0,0.0,-0.017118537798523903,-0.016055934131145477,0.2152998149394989,-42.40389633178711,-6.2693305015563965,-6.2693305015563965,0,0.0,-0.0021609491668641567,0.0003672089660540223,-0.17659279704093933,-64.6578140258789,-5.209619998931885,-5.209619998931885,0
179,2.9833333333333334,2,2,spm1_platform_joint_x,0,,0,flat,0,6.672725200653076,3.5382096767425537,0.14472642540931702,0.2,0.0,0.0,0.023961421102285385,0.028456473723053932,0.33137068152427673,14.823097229003906,-5.78520393371582,-5.78520393371582,0,0.0,-0.019285740330815315,-0.028785275295376778,0.34103327989578247,23.526260375976562,5.526721000671387,5.526721000671387,0,0.05479184538125992,0.00703172292560339,-0.001422330504283309,-0.6035126447677612,-26.422327041625977,9.812064170837402,9.812064170837402,0,0.0,0.008224371820688248,0.009101225063204765,-0.415475070476532,-32.88727951049805,-0.2787405252456665,-0.2787405252456665,0,0.0,-0.01696825586259365,-0.02545308507978916,0.31982558965682983,11.431671142578125,3.6050822734832764,3.6050822734832764,0,0.0,-0.004184592980891466,0.0007043174118734896,-0.49438154697418213,-108.58924865722656,-6.702641487121582,-6.702641487121582,0
179,2.9833333333333334,3,3,spm2_platform_joint_z,0,,0,flat,0,7.485867023468018,4.4441657066345215,0.14528994262218475,0.2,0.0,0.0,0.034173063933849335,0.03323366865515709,-0.1896405667066574,32.80792999267578,3.1016149520874023,3.1016149520874023,0,0.0,-0.01435509230941534,-0.0109123345464468,-0.1728469580411911,-51.95403289794922,-4.497079372406006,-4.497079372406006,0,0.0,0.001936048618517816,0.0010458502219989896,-0.1525290459394455,29.648571014404297,5.399317741394043,5.399317741394043,0,0.05479184538125992,-0.010154287330806255,-0.011851200833916664,0.3068680167198181,-49.331974029541016,-1.9213533401489258,-1.9213533401489258,0,0.0,-0.012577813118696213,-0.011955099180340767,-0.21648754179477692,2.9101967811584473,2.5129330158233643,2.5129330158233643,0,0.0,-0.004867317155003548,-0.0029764415230602026,-0.08564440160989761,35.974098205566406,5.583667278289795,5.583667278289795,0
179,2.9833333333333334,4,4,spm2_platform_joint_y,0,,0,flat,0,6.470229148864746,5.051441192626953,0.14676961302757263,0.2,0.0,0.0,0.026538792997598648,0.027973072603344917,0.035838499665260315,20.886625289916992,-0.33557355403900146,-0.33557355403900146,0,0.0,-0.0018790507456287742,0.00011032872862415388,0.11356423795223236,0.3999021649360657,-2.766890048980713,-2.766890048980713,0,0.0,0.006716073956340551,0.010501713491976261,-0.10516054183244705,-31.720958709716797,-5.577125549316406,-5.577125549316406,0,0.0,0.020730067044496536,0.026261398568749428,-0.006745790597051382,-14.643835067749023,-6.4423956871032715,-6.4423956871032715,0,0.05479184538125992,-0.002199397422373295,-0.011309809051454067,0.2657976746559143,28.91332244873047,8.608512878417969,8.608512878417969,0,0.0,0.0032236999832093716,0.00634011160582304,-0.3129608929157257,-33.294410705566406,-4.691183090209961,-4.691183090209961,0
179,2.9833333333333334,5,5,spm2_platform_joint_x,0,,0,flat,0,6.678336143493652,4.555789947509766,0.14495444297790527,0.2,0.0,0.0,0.032120682299137115,0.03019152209162712,-0.26439034938812256,47.27509307861328,5.249356269836426,5.249356269836426,0,0.0,-0.009211881086230278,-0.01687362976372242,0.08601710945367813,28.59617805480957,6.668862819671631,6.668862819671631,0,0.0,0.002687378553673625,0.010799047537147999,0.2736581265926361,-99.02412414550781,-15.35622787475586,-15.35622787475586,0,0.0,0.003972123377025127,0.0010066651739180088,-0.33348873257637024,-29.105316162109375,1.8045709133148193,1.8045709133148193,0,0.0,-0.007089719176292419,-0.010960674844682217,0.3369222581386566,6.669792175292969,-0.17655563354492188,-0.17655563354492188,0,0.05479184538125992,0.005022772122174501,-0.0028171315789222717,-0.5402889251708984,-61.543434143066406,5.930304527282715,5.930304527282715,0
