step,time_s,env_id,episode_index,is_done,done_reason,terrain_col,terrain_name,terrain_level,row_progress,root_x,root_y,root_z,vx_cmd_raw,yaw_rate_cmd_raw,vx_cmd_limited,yaw_rate_cmd_limited,wheel_speed_reference_abs_mean,wheel_torque_target_abs_mean,contact_weight_mean,rolling_speed_actual_mean,lateral_speed_actual_abs_mean,action_0,action_1,action_2,action_3,action_4,action_5,action_6,action_7,q_desired_spm1_platform_joint_z,q_position_target_spm1_platform_joint_z,q_actual_spm1_platform_joint_z,qdot_actual_spm1_platform_joint_z,qdot_alloc_spm1_platform_joint_z,q_desired_minus_position_target_spm1_platform_joint_z,q_desired_minus_actual_spm1_platform_joint_z,q_position_target_minus_actual_spm1_platform_joint_z,q_desired_spm1_platform_joint_y,q_position_target_spm1_platform_joint_y,q_actual_spm1_platform_joint_y,qdot_actual_spm1_platform_joint_y,qdot_alloc_spm1_platform_joint_y,q_desired_minus_position_target_spm1_platform_joint_y,q_desired_minus_actual_spm1_platform_joint_y,q_position_target_minus_actual_spm1_platform_joint_y,q_desired_spm1_platform_joint_x,q_position_target_spm1_platform_joint_x,q_actual_spm1_platform_joint_x,qdot_actual_spm1_platform_joint_x,qdot_alloc_spm1_platform_joint_x,q_desired_minus_position_target_spm1_platform_joint_x,q_desired_minus_actual_spm1_platform_joint_x,q_position_target_minus_actual_spm1_platform_joint_x,q_desired_spm2_platform_joint_z,q_position_target_spm2_platform_joint_z,q_actual_spm2_platform_joint_z,qdot_actual_spm2_platform_joint_z,qdot_alloc_spm2_platform_joint_z,q_desired_minus_position_target_spm2_platform_joint_z,q_desired_minus_actual_spm2_platform_joint_z,q_position_target_minus_actual_spm2_platform_joint_z,q_desired_spm2_platform_joint_y,q_position_target_spm2_platform_joint_y,q_actual_spm2_platform_joint_y,qdot_actual_spm2_platform_joint_y,qdot_alloc_spm2_platform_joint_y,q_desired_minus_position_target_spm2_platform_joint_y,q_desired_minus_actual_spm2_platform_joint_y,q_position_target_minus_actual_spm2_platform_joint_y,q_desired_spm2_platform_joint_x,q_position_target_spm2_platform_joint_x,q_actual_spm2_platform_joint_x,qdot_actual_spm2_platform_joint_x,qdot_alloc_spm2_platform_joint_x,q_desired_minus_position_target_spm2_platform_joint_x,q_desired_minus_actual_spm2_platform_joint_x,q_position_target_minus_actual_spm2_platform_joint_x
0,0.0,2,0,0,,6,stairs down,11,0.0,92.74342346191406,52.124359130859375,-1.1590884923934937,1.2019953727722168,0.8468390703201294,0.9310305118560791,0.8468390703201294,4.746268272399902,2.618312120437622,0.5,0.30037280917167664,0.004253461956977844,0.6009976863861084,0.4234195351600647,-0.11054351925849915,-0.2471807301044464,0.5085474252700806,-0.05849642679095268,0.3359279930591583,0.07367503643035889,-0.0773804634809494,-0.0773804634809494,0.011397121474146843,-0.1888999491930008,0.19019517302513123,0.0,-0.08877758495509624,-0.08877758495509624,-0.3954891860485077,-0.3954891860485077,-0.36704009771347046,-0.14028212428092957,-0.9204888939857483,0.0,-0.02844908833503723,-0.02844908833503723,0.2542737126350403,0.2542737126350403,-0.013538014143705368,0.461075097322464,-0.2599303126335144,0.0,0.26781172677874565,0.26781172677874565,-0.04094749689102173,-0.04094749689102173,0.05655226483941078,-0.32995209097862244,-0.1696208119392395,0.0,-0.09749976173043251,-0.09749976173043251,0.16796399652957916,0.16796399652957916,0.10935050249099731,0.2023039311170578,-0.3282448649406433,0.0,0.05861349403858185,0.05861349403858185,0.03683751821517944,0.03683751821517944,-5.1743481890298426e-05,0.27663084864616394,-0.034524913877248764,0.0,0.03688926169706974,0.03688926169706974
0,0.0,8,0,0,,6,stairs down,11,0.0,92.69381713867188,52.16944122314453,-1.1549469232559204,1.6630008220672607,0.6583578586578369,0.5300633907318115,0.6583578586578369,2.6984879970550537,1.5209530591964722,0.3333333432674408,0.45436805486679077,0.01558894943445921,0.8315004110336304,0.32917892932891846,-0.1147492527961731,-0.0002140868455171585,-0.02690793201327324,0.24361473321914673,0.6394014358520508,-0.027028843760490417,-0.08032447844743729,-0.08032447844743729,-0.049547966569662094,-0.4278261661529541,-0.8929283618927002,0.0,-0.030776511877775192,-0.030776511877775192,-0.0003425389586482197,-0.0003425389586482197,-0.26081863045692444,1.9571491479873657,1.2910351753234863,0.0,0.2604760914982762,0.2604760914982762,-0.01345396600663662,-0.01345396600663662,0.034625343978405,-1.0382379293441772,0.16004148125648499,0.0,-0.04807930998504162,-0.04807930998504162,0.170530304312706,0.170530304312706,0.06638497859239578,1.0092260837554932,0.2843989133834839,0.0,0.10414532572031021,0.10414532572031021,0.3197007179260254,0.3197007179260254,0.20550256967544556,1.9401434659957886,1.803480625152588,0.0,0.11419814825057983,0.11419814825057983,-0.013514421880245209,-0.013514421880245209,0.003572196001186967,-0.057359203696250916,0.025882679969072342,0.0,-0.017086617881432176,-0.017086617881432176
0,0.0,14,0,0,,6,stairs down,11,0.0,92.70056915283203,52.143104553222656,-1.1597793102264404,1.7716588973999023,1.6162270307540894,0.5270929336547852,1.6162270307540894,3.161271572113037,3.499652624130249,0.6296632289886475,0.401693195104599,0.0609518364071846,0.8858294486999512,0.8081135153770447,-0.1543773114681244,-0.12393125891685486,0.22648265957832336,-0.016220299527049065,0.8523502945899963,-0.25585806369781494,-0.10806411504745483,-0.10806411504745483,0.023760536685585976,-0.7832016944885254,-0.9554604291915894,0.0,-0.1318246517330408,-0.1318246517330408,-0.19829002022743225,-0.19829002022743225,-0.36640551686286926,1.770686388015747,0.5288164615631104,0.0,0.168115496635437,0.168115496635437,0.11324132978916168,0.11324132978916168,0.058324750512838364,-0.3524247109889984,0.6159179210662842,0.0,0.05491657927632332,0.05491657927632332,-0.01135420985519886,-0.01135420985519886,0.030333083122968674,0.4381869435310364,0.5563464760780334,0.0,-0.041687292978167534,-0.041687292978167534,0.42617514729499817,0.42617514729499817,0.1688164621591568,1.8730841875076294,1.7114514112472534,0.0,0.25735868513584137,0.25735868513584137,-0.12792903184890747,-0.12792903184890747,-0.004744347650557756,-0.4390217959880829,-0.12456879019737244,0.0,-0.12318468419834971,-0.12318468419834971
1,0.016666666666666666,2,0,0,,6,stairs down,11,0.0,92.76020812988281,52.1275634765625,-1.1599586009979248,1.2985410690307617,0.6956297159194946,0.6398038864135742,0.6956297159194946,3.277637004852295,1.919447660446167,0.4180119037628174,0.31600141525268555,0.014570779167115688,0.6492705345153809,0.3478148579597473,-0.03371638059616089,-0.24572202563285828,0.3958349823951721,0.19313593208789825,0.5083665251731873,0.10050393640995026,-0.023601466789841652,-0.023601466789841652,0.005711730569601059,-0.024460971355438232,0.061014946550130844,0.0,-0.02931319735944271,-0.02931319735944271,-0.3931552469730377,-0.3931552469730377,-0.3666122853755951,0.39823076128959656,-0.6546261310577393,0.0,-0.026542961597442627,-0.026542961597442627,0.19791749119758606,0.19791749119758606,-0.0029595389496535063,0.07235224545001984,-0.014240960590541363,0.0,0.20087703014723957,0.20087703014723957,0.13519515097141266,0.13519515097141266,0.05943022668361664,0.3899933695793152,-0.22425518929958344,0.0,0.07576492428779602,0.07576492428779602,0.25418326258659363,0.25418326258659363,0.11920713633298874,0.5335426926612854,-0.1474553793668747,0.0,0.1349761262536049,0.1349761262536049,0.05025196820497513,0.05025196820497513,-0.005157655570656061,-0.6184258460998535,0.07150432467460632,0.0,0.05540962377563119,0.05540962377563119
1,0.016666666666666666,8,0,0,,6,stairs down,11,0.0,92.7086181640625,52.17201232910156,-1.1567552089691162,1.7802746295928955,1.1094884872436523,0.5218255519866943,1.1094884872436523,2.7336502075195312,2.588836669921875,0.5,0.49199986457824707,0.04653039574623108,0.8901373147964478,0.5547442436218262,-0.22536411881446838,-0.19122077524662018,-0.026137856766581535,0.10537281632423401,0.6831110715866089,-0.30863919854164124,-0.15775488317012787,-0.15775488317012787,-0.05742991343140602,-0.3998715281486511,-0.7344403862953186,0.0,-0.10032496973872185,-0.10032496973872185,-0.3059532344341278,-0.3059532344341278,-0.25506988167762756,0.12259972095489502,1.518019676208496,0.0,-0.050883352756500244,-0.050883352756500244,-0.013068928383290768,-0.013068928383290768,0.010229041799902916,-1.6565388441085815,-0.24828346073627472,0.0,-0.023297970183193684,-0.023297970183193684,0.0737609714269638,0.0737609714269638,0.08580803126096725,1.1878528594970703,0.5313905477523804,0.0,-0.012047059834003448,-0.012047059834003448,0.34155553579330444,0.34155553579330444,0.2147451788187027,0.4632866680622101,1.8500497341156006,0.0,0.12681035697460175,0.12681035697460175,-0.15431959927082062,-0.15431959927082062,-0.0023284652270376682,-0.7321638464927673,-0.0024827723391354084,0.0,-0.15199113404378295,-0.15199113404378295
1,0.016666666666666666,14,0,0,,6,stairs down,11,0.0,92.71566009521484,52.14616012573242,-1.1599692106246948,1.789406180381775,1.3883342742919922,0.5702574253082275,1.3883342742919922,3.2649123668670654,2.9624059200286865,0.8333333730697632,0.4122578501701355,0.047203462570905685,0.8947030901908875,0.6941671371459961,-0.022014258429408073,-0.10506293177604675,0.06447690725326538,0.3065567910671234,0.7752053141593933,-0.1448962241411209,-0.015409980900585651,-0.015409980900585651,0.010764483362436295,-0.8808982968330383,-0.8967615962028503,0.0,-0.026174464263021946,-0.026174464263021946,-0.16810069978237152,-0.16810069978237152,-0.3363669514656067,1.9199174642562866,0.9519952535629272,0.0,0.16826625168323517,0.16826625168323517,0.03223845362663269,0.03223845362663269,0.050387896597385406,-0.19144412875175476,0.2859460711479187,0.0,-0.018149442970752716,-0.018149442970752716,0.21458974480628967,0.21458974480628967,0.04234706237912178,0.7740895748138428,0.5160824656486511,0.0,0.1722426824271679,0.1722426824271679,0.38760265707969666,0.38760265707969666,0.20220847427845,1.903656005859375,1.7665292024612427,0.0,0.18539418280124664,0.18539418280124664,-0.07244811207056046,-0.07244811207056046,-0.00942349061369896,0.06859394907951355,-0.23172159492969513,0.0,-0.0630246214568615,-0.0630246214568615
2,0.03333333333333333,2,0,0,,6,stairs down,11,0.0,92.77706909179688,52.130191802978516,-1.1601566076278687,1.5407055616378784,0.7304171323776245,0.517986536026001,0.7304171323776245,2.6470868587493896,2.773914337158203,0.5,0.3434237837791443,0.03526720404624939,0.7703527808189392,0.36520856618881226,-0.14497895538806915,-0.3012610673904419,0.42601534724235535,0.047630734741687775,0.5878826975822449,-0.049283139407634735,-0.10148526728153229,-0.10148526728153229,0.0016712126089259982,-0.23788310587406158,0.03188822790980339,0.0,-0.10315647989045829,-0.10315647989045829,-0.48201772570610046,-0.48201772570610046,-0.36989548802375793,-0.11008283495903015,-0.2958552837371826,0.0,-0.11212223768234253,-0.11212223768234253,0.21300767362117767,0.21300767362117767,0.001266916748136282,0.2510523200035095,0.015266485512256622,0.0,0.2117407568730414,0.2117407568730414,0.03334151208400726,0.03334151208400726,0.06638289988040924,0.23756945133209229,-0.014944236725568771,0.0,-0.03304138779640198,-0.03304138779640198,0.29394134879112244,0.29394134879112244,0.12507925927639008,0.49744877219200134,0.08460109680891037,0.0,0.16886208951473236,0.16886208951473236,-0.024641569703817368,-0.024641569703817368,-0.008549501188099384,-0.2283841222524643,-0.16359584033489227,0.0,-0.016092068515717983,-0.016092068515717983
2,0.03333333333333333,8,0,0,,6,stairs down,11,0.0,92.72308349609375,52.17490768432617,-1.1598109006881714,1.6457873582839966,1.0737181901931763,0.522924542427063,1.0737181901931763,2.716846466064453,3.8911967277526855,0.5,0.5634270906448364,0.04961017519235611,0.8228936791419983,0.5368590950965881,-0.17184574902057648,-0.36978328227996826,-0.05243449658155441,-0.0946296900510788,0.5824215412139893,-0.39833810925483704,-0.12029202282428741,-0.12029202282428741,-0.057474974542856216,0.07775058597326279,-0.6204328536987305,0.0,-0.0628170482814312,-0.0628170482814312,-0.5916532874107361,-0.5916532874107361,-0.28368687629699707,-1.3686192035675049,1.0425171852111816,0.0,-0.307966411113739,-0.307966411113739,-0.026217248290777206,-0.026217248290777206,-0.017190059646964073,-0.9192555546760559,-0.7281596660614014,0.0,-0.009027188643813133,-0.009027188643813133,-0.06624078005552292,-0.06624078005552292,0.09888005256652832,0.3108181059360504,0.7550862431526184,0.0,-0.16512083262205124,-0.16512083262205124,0.29121077060699463,0.29121077060699463,0.1969950944185257,-1.4419020414352417,1.3774970769882202,0.0,0.09421567618846893,0.09421567618846893,-0.19916905462741852,-0.19916905462741852,-0.011037468910217285,0.23083558678627014,-0.2511284351348877,0.0,-0.18813158571720123,-0.18813158571720123
2,0.03333333333333333,14,0,0,,6,stairs down,11,0.0,92.72998046875,52.14942932128906,-1.1596636772155762,1.8023808002471924,0.7191511988639832,0.7249917984008789,0.7191511988639832,3.807373046875,1.3142516613006592,0.6101430654525757,0.41227370500564575,0.04257833957672119,0.9011904001235962,0.3595755994319916,-0.07778044044971466,-0.0060157813131809235,0.0567716509103775,0.07520291954278946,0.736733078956604,-0.15145035088062286,-0.05444630607962608,-0.05444630607962608,-0.0019725742749869823,-0.43493926525115967,-0.8913559913635254,0.0,-0.0524737318046391,-0.0524737318046391,-0.009625250473618507,-0.009625250473618507,-0.3027108609676361,1.9976428747177124,1.281823754310608,0.0,0.2930856104940176,0.2930856104940176,0.02838582545518875,0.02838582545518875,0.04760829731822014,-0.5726765394210815,0.12327087670564651,0.0,-0.019222471863031387,-0.019222471863031387,0.05264204367995262,0.05264204367995262,0.04554929956793785,-0.09868776798248291,0.6040008068084717,0.0,0.0070927441120147705,0.0070927441120147705,0.368366539478302,0.368366539478302,0.22721292078495026,1.4415132999420166,1.8132565021514893,0.0,0.14115361869335175,0.14115361869335175,-0.07572517544031143,-0.07572517544031143,-0.00444081611931324,0.23409660160541534,-0.12938624620437622,0.0,-0.07128435932099819,-0.07128435932099819
3,0.05,2,0,0,,6,stairs down,11,0.0,92.79350280761719,52.13370132446289,-1.1600421667099,1.4490294456481934,0.8783616423606873,0.5234800577163696,0.8783616423606873,2.6604361534118652,4.041558742523193,0.49042829871177673,0.39030182361602783,0.03004184179008007,0.7245147228240967,0.43918082118034363,-0.11298061907291412,-0.38315722346305847,0.35655635595321655,0.07916095107793808,0.5744906663894653,0.00725871417671442,-0.07908643037080765,-0.07908643037080765,-0.008036753162741661,-0.5422549247741699,-0.06003888323903084,0.0,-0.07104967720806599,-0.07104967720806599,-0.6130515933036804,-0.6130515933036804,-0.38853493332862854,-1.0883173942565918,-0.23255155980587006,0.0,-0.22451665997505188,-0.22451665997505188,0.17827817797660828,0.17827817797660828,0.014150532893836498,0.3832045793533325,0.09561271965503693,0.0,0.16412764508277178,0.16412764508277178,0.055412665009498596,0.055412665009498596,0.06386010348796844,-0.17993277311325073,0.07110216468572617,0.0,-0.008447438478469849,-0.008447438478469849,0.28724533319473267,0.28724533319473267,0.11471248418092728,-0.11789743602275848,0.22528280317783356,0.0,0.1725328490138054,0.1725328490138054,0.00362935708835721,0.00362935708835721,-0.0023906314745545387,0.14730174839496613,-0.1856730431318283,0.0,0.006019988562911749,0.006019988562911749
3,0.05,8,0,0,,6,stairs down,11,0.0,92.73715209960938,52.17805099487305,-1.1600863933563232,1.5872458219528198,0.8101555705070496,0.5954500436782837,0.8101555705070496,3.561540126800537,3.8654208183288574,0.8333333730697632,0.613654613494873,0.06178971379995346,0.7936229109764099,0.4050777852535248,-0.17993687093257904,-0.3789307475090027,-0.07210429012775421,-0.16009144484996796,0.42243692278862,-0.02168797142803669,-0.12595580518245697,-0.12595580518245697,-0.05506959185004234,0.1723320186138153,-0.38252028822898865,0.0,-0.07088621333241463,-0.07088621333241463,-0.6062892079353333,-0.6062892079353333,-0.31405824422836304,-1.3887337446212769,0.22089987993240356,0.0,-0.2922309637069702,-0.2922309637069702,-0.036052145063877106,-0.036052145063877106,-0.03295156732201576,-0.7505810856819153,-0.793277382850647,0.0,-0.0031005777418613434,-0.0031005777418613434,-0.11206401139497757,-0.11206401139497757,0.0968901664018631,-0.47153112292289734,0.6036977171897888,0.0,-0.20895417779684067,-0.20895417779684067,0.21121846139431,0.21121846139431,0.16149432957172394,-1.9948111772537231,0.4167603552341461,0.0,0.04972413182258606,0.04972413182258606,-0.010843985714018345,-0.010843985714018345,-0.006357458885759115,0.8185553550720215,-0.0868946760892868,0.0,-0.00448652682825923,-0.00448652682825923
3,0.05,14,0,0,,6,stairs down,11,0.0,92.74409484863281,52.1525993347168,-1.159355640411377,1.7751226425170898,1.3326709270477295,0.9052973985671997,1.3326709270477295,4.580235481262207,2.7613418102264404,0.5,0.4346429705619812,0.031207427382469177,0.8875613212585449,0.6663354635238647,-0.120747409760952,-0.041758544743061066,0.030154844745993614,0.23426897823810577,0.5768033266067505,0.0458182655274868,-0.08452318608760834,-0.08452318608760834,-0.010311545804142952,-0.33283019065856934,-0.7358276844024658,0.0,-0.07421164028346539,-0.07421164028346539,-0.06681367009878159,-0.06681367009878159,-0.2702232003211975,1.8744521141052246,1.5257457494735718,0.0,0.20340953022241592,0.20340953022241592,0.015077422372996807,0.015077422372996807,0.032326068729162216,-1.350481390953064,-0.1138797253370285,0.0,-0.01724864635616541,-0.01724864635616541,0.16398827731609344,0.16398827731609344,0.05331055074930191,0.694920539855957,0.3645530641078949,0.0,0.11067772656679153,0.11067772656679153,0.28840166330337524,0.28840166330337524,0.24728257954120636,1.1466928720474243,1.6865814924240112,0.0,0.041119083762168884,0.041119083762168884,0.0229091327637434,0.0229091327637434,-0.008825737982988358,-0.33553141355514526,-0.005526058375835419,0.0,0.03173487074673176,0.03173487074673176
4,0.06666666666666667,2,0,0,,6,stairs down,11,0.0,92.8097152709961,52.13711166381836,-1.1598248481750488,1.4663387537002563,1.513924479484558,0.5314183235168457,1.513924479484558,2.8197579383850098,4.9495086669921875,0.8333333730697632,0.4690546989440918,0.023775026202201843,0.7331693768501282,0.756962239742279,-0.3449037969112396,-0.22353041172027588,0.16435934603214264,0.23838764429092407,0.4070954918861389,0.3892528712749481,-0.24143265187740326,-0.24143265187740326,-0.027408570051193237,-1.5143613815307617,-0.22435851395130157,0.0,-0.21402408182621002,-0.21402408182621002,-0.35764867067337036,-0.35764867067337036,-0.3984404504299164,0.08225849270820618,-0.5241617560386658,0.0,0.04079177975654602,0.04079177975654602,0.08217967301607132,0.08217967301607132,0.015527375042438507,0.1650281846523285,0.19361233711242676,0.0,0.06665229797363281,0.06665229797363281,0.1668713539838791,0.1668713539838791,0.07762742042541504,1.118340253829956,-0.014440342783927917,0.0,0.08924393355846405,0.08924393355846405,0.20354774594306946,0.20354774594306946,0.11678188294172287,0.6587022542953491,0.10834091156721115,0.0,0.08676586300134659,0.08676586300134659,0.19462643563747406,0.19462643563747406,-0.0036840601824223995,0.12388346344232559,-0.07220876216888428,0.0,0.19831049581989646,0.19831049581989646
4,0.06666666666666667,8,0,0,,6,stairs down,11,0.0,92.75150299072266,52.181640625,-1.159702181816101,1.4664809703826904,0.20201218128204346,0.7811805009841919,0.20201218128204346,4.014978408813477,1.0343704223632812,0.7958552241325378,0.6872680187225342,0.041859351098537445,0.7332404851913452,0.10100609064102173,0.044278789311647415,-0.21697422862052917,0.03323300927877426,-0.184246227145195,0.3989465534687042,0.1057240292429924,0.03099515289068222,0.03099515289068222,-0.044126447290182114,0.854543924331665,-0.19344916939735413,0.0,0.07512160018086433,0.07512160018086433,-0.3471587598323822,-0.3471587598323822,-0.3191145360469818,-0.1922275871038437,-0.32759785652160645,0.0,-0.02804422378540039,-0.02804422378540039,0.01661650463938713,0.01661650463938713,-0.03023214265704155,0.7496525049209595,-0.778728187084198,0.0,0.04684864729642868,0.04684864729642868,-0.1289723515510559,-0.1289723515510559,0.07820793241262436,-1.5880244970321655,0.23730342090129852,0.0,-0.20718028396368027,-0.20718028396368027,0.1994732767343521,0.1994732767343521,0.1593903750181198,0.28479185700416565,-0.40500524640083313,0.0,0.0400829017162323,0.0400829017162323,0.0528620146214962,0.0528620146214962,-0.0038193529471755028,-0.06547603756189346,0.22164590656757355,0.0,0.0566813675686717,0.0566813675686717
4,0.06666666666666667,14,0,0,,6,stairs down,11,0.0,92.75789642333984,52.15545654296875,-1.1595935821533203,1.8377935886383057,1.0399311780929565,0.658693790435791,1.0399311780929565,3.481161117553711,2.6962599754333496,0.6371808052062988,0.4861695468425751,0.019242767244577408,0.9188967943191528,0.5199655890464783,-0.04982328414916992,-0.13396336138248444,0.07828575372695923,0.1512855440378189,0.5571837425231934,-0.2487192451953888,-0.034876298159360886,-0.034876298159360886,-0.01562567800283432,-0.08169927448034286,-0.598502516746521,0.0,-0.019250620156526566,-0.019250620156526566,-0.21434138715267181,-0.21434138715267181,-0.25500595569610596,0.7490346431732178,1.6445705890655518,0.0,0.04066456854343414,0.04066456854343414,0.039142876863479614,0.039142876863479614,0.015196764841675758,-1.222292423248291,-0.5352632999420166,0.0,0.023946112021803856,0.023946112021803856,0.105899877846241,0.105899877846241,0.06214894726872444,0.16219714283943176,0.47712886333465576,0.0,0.043750930577516556,0.043750930577516556,0.2785918712615967,0.2785918712615967,0.24969400465488434,-0.039699871093034744,1.502609372138977,0.0,0.02889786660671234,0.02889786660671234,-0.1243596225976944,-0.1243596225976944,-0.011207743547856808,0.3756425380706787,-0.11797847598791122,0.0,-0.11315187904983759,-0.11315187904983759
5,0.08333333333333333,2,0,0,,6,stairs down,11,0.0,92.82635498046875,52.14089584350586,-1.1596935987472534,1.4955980777740479,0.33378687500953674,0.6411347389221191,0.33378687500953674,3.420273542404175,0.1713039129972458,0.3333333432674408,0.5009256601333618,0.016467852517962456,0.7477990388870239,0.16689343750476837,-0.3468911647796631,-0.09482228755950928,0.22929121553897858,-0.0934043824672699,0.6525131464004517,-0.10988152027130127,-0.24282380938529968,-0.24282380938529968,-0.04621417075395584,-1.0187956094741821,-0.6639390587806702,0.0,-0.19660963863134384,-0.19660963863134384,-0.15171566605567932,-0.15171566605567932,-0.3698746860027313,2.0000357627868652,-0.31751835346221924,0.0,0.218159019947052,0.218159019947052,0.11464560776948929,0.11464560776948929,0.01588543877005577,0.04990055784583092,0.1838720142841339,0.0,0.09876016899943352,0.09876016899943352,-0.06538306921720505,-0.06538306921720505,0.08533581346273422,0.01605629175901413,0.3715652525424957,0.0,-0.15071888267993927,-0.15071888267993927,0.32625657320022583,0.32625657320022583,0.14779634773731232,1.8673956394195557,0.2958816885948181,0.0,0.1784602254629135,0.1784602254629135,-0.054940760135650635,-0.054940760135650635,-0.004833659622818232,-0.09441954642534256,-0.0053884973749518394,0.0,-0.0501071005128324,-0.0501071005128324
5,0.08333333333333333,8,0,0,,6,stairs down,11,0.0,92.76555633544922,52.18497085571289,-1.159928321838379,1.0217825174331665,0.31008586287498474,0.61705482006073,0.31008586287498474,2.9562716484069824,5.1027045249938965,0.6666666865348816,0.5587905645370483,0.022426676005125046,0.5108912587165833,0.15504293143749237,-0.07901956886053085,-0.1098131611943245,0.37375229597091675,0.25976118445396423,0.2227250039577484,0.6046643257141113,-0.05531369894742966,-0.05531369894742966,-0.04435883089900017,-0.3786623179912567,0.1636642962694168,0.0,-0.01095486804842949,-0.01095486804842949,-0.1757010668516159,-0.1757010668516159,-0.3214123845100403,0.2972677946090698,-0.2814691662788391,0.0,0.14571131765842438,0.14571131765842438,0.18687614798545837,0.18687614798545837,-0.01727932132780552,0.3369266092777252,-0.2579181492328644,0.0,0.2041554693132639,0.2041554693132639,0.18183282017707825,0.18183282017707825,0.06818246841430664,-0.14512713253498077,-0.3846941590309143,0.0,0.1136503517627716,0.1136503517627716,0.1113625019788742,0.1113625019788742,0.16383738815784454,0.39830276370048523,-0.16995041072368622,0.0,-0.05247488617897034,-0.05247488617897034,0.30233216285705566,0.30233216285705566,-0.0008083129650913179,0.1151203066110611,0.1238064095377922,0.0,0.303140475822147,0.303140475822147
5,0.08333333333333333,14,0,0,,6,stairs down,11,0.0,92.77106475830078,52.15861129760742,-1.159977674484253,1.7636653184890747,1.0097543001174927,0.5371289253234863,1.0097543001174927,2.7640035152435303,2.905761480331421,0.6913497447967529,0.49768972396850586,0.023599516600370407,0.8818326592445374,0.5048771500587463,-0.028292322531342506,-0.2824467420578003,-0.06485365331172943,0.0031380625441670418,0.448847234249115,-0.11127512156963348,-0.01980462484061718,-0.01980462484061718,-0.015514581464231014,0.1345059871673584,-0.4223969280719757,0.0,-0.004290043376386166,-0.004290043376386166,-0.45191478729248047,-0.45191478729248047,-0.2657971680164337,-0.9661795496940613,1.339408278465271,0.0,-0.18611761927604675,-0.18611761927604675,-0.032426826655864716,-0.032426826655864716,-0.002908170223236084,-0.9190107583999634,-0.7693749070167542,0.0,-0.02951865643262863,-0.02951865643262863,0.0021966437343508005,0.0021966437343508005,0.06040472164750099,-0.1781223863363266,0.36981290578842163,0.0,-0.05820807791315019,-0.05820807791315019,0.2244236171245575,0.2244236171245575,0.2263159304857254,-1.5792784690856934,0.9770529866218567,0.0,-0.0018923133611679077,-0.0018923133611679077,-0.05563756078481674,-0.05563756078481674,-0.0071881795302033424,-0.07547229528427124,0.050227511674165726,0.0,-0.0484493812546134,-0.0484493812546134
6,0.1,2,0,0,,6,stairs down,11,0.0,92.8425521850586,52.14531707763672,-1.1594250202178955,1.5918327569961548,1.1812150478363037,0.8787375688552856,1.1812150478363037,4.33064603805542,0.5673947930335999,0.1666666716337204,0.5195703506469727,0.04351770505309105,0.7959163784980774,0.5906075239181519,-0.33722642064094543,0.2702931761741638,0.3993415832519531,0.13756683468818665,0.6865163445472717,0.3543091416358948,-0.23605848848819733,-0.23605848848819733,-0.06891357153654099,-1.4964362382888794,-0.7848597168922424,0.0,-0.16714491695165634,-0.16714491695165634,0.1351465880870819,0.1351465880870819,-0.33641955256462097,1.9908087253570557,0.4722099304199219,0.0,0.4715661406517029,0.4715661406517029,0.19967079162597656,0.19967079162597656,0.02750774659216404,1.151180386543274,0.13821998238563538,0.0,0.17216304503381252,0.17216304503381252,0.0962967798113823,0.0962967798113823,0.09014102071523666,0.3023878335952759,0.25042223930358887,0.0,0.00615575909614563,0.00615575909614563,0.34325817227363586,0.34325817227363586,0.17697973549365997,1.6503080129623413,0.8313897848129272,0.0,0.1662784367799759,0.1662784367799759,0.1771545708179474,0.1771545708179474,-0.005831729620695114,0.159787118434906,-0.03572666272521019,0.0,0.1829863004386425,0.1829863004386425
6,0.1,8,0,0,,6,stairs down,11,0.0,92.77973937988281,52.18838119506836,-1.1592516899108887,1.231044054031372,0.7460803985595703,0.5228018760681152,0.7460803985595703,2.504457950592041,1.4033873081207275,0.5,0.5274975895881653,0.011361932381987572,0.615522027015686,0.37304019927978516,0.052381083369255066,-0.11516772955656052,0.44268742203712463,0.008300759829580784,0.5116268992424011,0.2012641876935959,0.036666758358478546,0.036666758358478546,-0.048284582793712616,0.12779320776462555,-0.02113857865333557,0.0,0.08495134115219116,0.08495134115219116,-0.18426837027072906,-0.18426837027072906,-0.30500301718711853,1.1423662900924683,-0.08425912261009216,0.0,0.12073464691638947,0.12073464691638947,0.22134371101856232,0.22134371101856232,-0.0048859394155442715,0.8560910820960999,-0.055219218134880066,0.0,0.2262296504341066,0.2262296504341066,0.005810531787574291,0.005810531787574291,0.06364773958921432,-0.5414161086082458,-0.303059458732605,0.0,-0.057837207801640034,-0.057837207801640034,0.25581344962120056,0.25581344962120056,0.18084008991718292,1.1253677606582642,0.02368718758225441,0.0,0.07497335970401764,0.07497335970401764,0.10063209384679794,0.10063209384679794,-0.0037554253358393908,-0.3379642069339752,0.12084653228521347,0.0,0.10438751918263733,0.10438751918263733
6,0.1,14,0,0,,6,stairs down,11,0.0,92.7844009399414,52.16169357299805,-1.1599581241607666,1.4745513200759888,0.07216501235961914,0.5203255414962769,0.07216501235961914,2.7006278038024902,1.3261399269104004,0.6328511238098145,0.4777061939239502,0.0326450951397419,0.7372756600379944,0.03608250617980957,-0.23136596381664276,-0.21771140396595,-0.15194617211818695,-0.06815184652805328,0.31467869877815247,0.02097100391983986,-0.16195617616176605,-0.16195617616176605,-0.011653999797999859,-0.27696168422698975,-0.2326270490884781,0.0,-0.1503021763637662,-0.1503021763637662,-0.34833824634552,-0.34833824634552,-0.2790835499763489,-0.7709738612174988,0.5537576079368591,0.0,-0.06925469636917114,-0.06925469636917114,-0.07597308605909348,-0.07597308605909348,-0.009976208209991455,0.3471181094646454,-0.8203647136688232,0.0,-0.06599687784910202,-0.06599687784910202,-0.04770629107952118,-0.04770629107952118,0.059494294226169586,2.861378015950322e-05,0.18309880793094635,0.0,-0.10720058530569077,-0.10720058530569077,0.15733934938907623,0.15733934938907623,0.2103661447763443,-0.7617788910865784,0.10595907270908356,0.0,-0.053026795387268066,-0.053026795387268066,0.01048550195991993,0.01048550195991993,-0.011342397890985012,0.03158485144376755,0.007394123822450638,0.0,0.02182789985090494,0.02182789985090494
7,0.11666666666666667,2,0,0,,6,stairs down,11,0.0,92.85682678222656,52.149993896484375,-1.1574188470840454,1.6413217782974243,0.794995903968811,0.6611025333404541,0.794995903968811,3.3167903423309326,0.6401623487472534,0.3333333432674408,0.4858953356742859,0.048123881220817566,0.8206608891487122,0.3974979519844055,-0.3007572293281555,0.26116394996643066,0.30939701199531555,0.23668959736824036,0.7863127589225769,0.18279366195201874,-0.21053005754947662,-0.21053005754947662,-0.09732799232006073,-1.9658015966415405,-1.0273361206054688,0.0,-0.1132020652294159,-0.1132020652294159,0.13058197498321533,0.13058197498321533,-0.30298101902008057,1.8844033479690552,0.9896866679191589,0.0,0.4335629940032959,0.4335629940032959,0.15469850599765778,0.15469850599765778,0.008336257189512253,-1.6374759674072266,0.4833957254886627,0.0,0.14636224880814552,0.14636224880814552,0.16568271815776825,0.16568271815776825,0.10458569973707199,0.8532596826553345,0.26813000440597534,0.0,0.06109701842069626,0.06109701842069626,0.39315637946128845,0.39315637946128845,0.20343144237995148,2.0002429485321045,1.1104438304901123,0.0,0.18972493708133698,0.18972493708133698,0.09139683097600937,0.09139683097600937,-0.0070581864565610886,0.3240217864513397,0.030896490439772606,0.0,0.09845501743257046,0.09845501743257046
7,0.11666666666666667,8,0,0,,6,stairs down,11,0.0,92.79396057128906,52.19060516357422,-1.1587494611740112,1.176884651184082,0.6409664750099182,0.5404618978500366,0.6409664750099182,2.4871792793273926,2.7574424743652344,0.6666666865348816,0.484100878238678,0.04032427817583084,0.588442325592041,0.3204832375049591,0.06806571781635284,0.1086973175406456,0.20776943862438202,0.22522906959056854,0.49055489897727966,0.30049845576286316,0.04764600098133087,0.04764600098133087,-0.04763415828347206,0.025558149442076683,0.02961132302880287,0.0,0.09528015926480293,0.09528015926480293,0.0543486587703228,0.0543486587703228,-0.27496933937072754,1.999255895614624,0.3337249755859375,0.0,0.32931799814105034,0.32931799814105034,0.10388471931219101,0.10388471931219101,0.0029290784150362015,0.41826122999191284,0.2553183138370514,0.0,0.10095564089715481,0.10095564089715481,0.1576603502035141,0.1576603502035141,0.06353382021188736,0.18243587017059326,-0.384281724691391,0.0,0.09412652999162674,0.09412652999162674,0.24527744948863983,0.24527744948863983,0.20986369252204895,1.7348828315734863,0.3990951478481293,0.0,0.03541375696659088,0.03541375696659088,0.15024922788143158,0.15024922788143158,-0.0057326508685946465,0.12033647298812866,-0.035497527569532394,0.0,0.15598187875002623,0.15598187875002623
7,0.11666666666666667,14,0,0,,6,stairs down,11,0.0,92.79730224609375,52.16482925415039,-1.1597594022750854,1.3038749694824219,0.4495887756347656,0.5312132835388184,0.4495887756347656,2.7545411586761475,2.8105857372283936,0.6842774152755737,0.39010247588157654,0.010060884058475494,0.6519374847412109,0.2247943878173828,-0.05335800349712372,-0.31106311082839966,0.04531189054250717,-0.045440562069416046,0.2838161289691925,0.23268036544322968,-0.0373506024479866,-0.0373506024479866,-0.016715308651328087,-0.3300608694553375,-0.24773448705673218,0.0,-0.020635293796658516,-0.020635293796658516,-0.4977009892463684,-0.4977009892463684,-0.30697426199913025,-1.6341794729232788,0.10234293341636658,0.0,-0.19072672724723816,-0.19072672724723816,0.022655945271253586,0.022655945271253586,-0.0010134757030755281,0.8857560753822327,-0.4225339889526367,0.0,0.023669420974329114,0.023669420974329114,-0.03180839121341705,-0.03180839121341705,0.05445314943790436,-0.38995257019996643,0.1207159236073494,0.0,-0.08626154065132141,-0.08626154065132141,0.14190806448459625,0.14190806448459625,0.18308056890964508,-1.5614582300186157,-0.18973076343536377,0.0,-0.04117250442504883,-0.04117250442504883,0.11634018272161484,0.11634018272161484,-0.007648938335478306,0.2254984974861145,0.015637340024113655,0.0,0.12398912105709314,0.12398912105709314
8,0.13333333333333333,2,0,0,,6,stairs down,11,0.0,92.86697387695312,52.15535354614258,-1.1573669910430908,1.9689302444458008,1.999993920326233,0.5397114753723145,1.999993920326233,2.863243579864502,2.6052873134613037,0.6666666865348816,0.4422076642513275,0.11763959378004074,0.9844651222229004,0.9999969601631165,0.18571127951145172,-0.27970772981643677,0.24906383454799652,0.5645990967750549,0.7811278104782104,-0.219801664352417,0.12999789416790009,0.12999789416790009,-0.12243182212114334,-1.1996653079986572,-1.3471269607543945,0.0,0.2524297162890434,0.2524297162890434,-0.44753238558769226,-0.44753238558769226,-0.30105164647102356,-0.5839084386825562,1.294569730758667,0.0,-0.1464807391166687,-0.1464807391166687,0.12453191727399826,0.12453191727399826,-0.02044842764735222,-1.7503489255905151,-0.23931118845939636,0.0,0.14498034492135048,0.14498034492135048,0.3952193558216095,0.3952193558216095,0.12332091480493546,1.1669297218322754,0.4675184190273285,0.0,0.27189844101667404,0.27189844101667404,0.3905639052391052,0.3905639052391052,0.21769152581691742,0.7410817742347717,1.4136511087417603,0.0,0.1728723794221878,0.1728723794221878,-0.1099008321762085,-0.1099008321762085,-0.008457706309854984,-0.43693751096725464,0.13078168034553528,0.0,-0.10144312586635351,-0.10144312586635351
8,0.13333333333333333,8,0,0,,6,stairs down,11,0.0,92.80840301513672,52.192867279052734,-1.157913088798523,1.4275261163711548,0.4783620238304138,0.5223730802536011,0.4783620238304138,2.317207098007202,2.2034828662872314,0.6565408110618591,0.5025174617767334,0.060306113213300705,0.7137630581855774,0.2391810119152069,-0.02275983616709709,0.10401151329278946,0.10968748480081558,0.057824376970529556,0.48523736000061035,0.20818954706192017,-0.015931885689496994,-0.015931885689496994,-0.05005393922328949,-0.16698643565177917,0.02823016606271267,0.0,0.034122053533792496,0.034122053533792496,0.05200575664639473,0.05200575664639473,-0.24201376736164093,1.9953283071517944,0.9012702107429504,0.0,0.29401952400803566,0.29401952400803566,0.05484374240040779,0.05484374240040779,0.0075372071005403996,0.4039957523345947,0.3108426332473755,0.0,0.04730653529986739,0.04730653529986739,0.04047706350684166,0.04047706350684166,0.06517387181520462,-0.19374272227287292,-0.19116736948490143,0.0,-0.02469680830836296,-0.02469680830836296,0.24261868000030518,0.24261868000030518,0.24049372971057892,1.7909750938415527,0.8542773127555847,0.0,0.0021249502897262573,0.0021249502897262573,0.10409477353096008,0.10409477353096008,-0.004484463017433882,0.5986021757125854,0.017604369670152664,0.0,0.10857923654839396,0.10857923654839396
8,0.13333333333333333,14,0,0,,6,stairs down,11,0.0,92.81059265136719,52.16817092895508,-1.159805417060852,1.2352293729782104,0.7377007007598877,0.5203254222869873,0.7377007007598877,2.703673839569092,2.097423553466797,0.6614322662353516,0.35314473509788513,0.023084696382284164,0.6176146864891052,0.36885035037994385,-0.3110681474208832,-0.18579702079296112,0.15387751162052155,-0.06397029757499695,0.35537460446357727,0.2882433533668518,-0.21774770319461823,-0.21774770319461823,-0.029688343405723572,-0.8428160548210144,-0.27578797936439514,0.0,-0.18805935978889465,-0.18805935978889465,-0.29727524518966675,-0.29727524518966675,-0.31621649861335754,0.007893436588346958,-0.48939335346221924,0.0,0.018941253423690796,0.018941253423690796,0.07693875581026077,0.07693875581026077,0.007656191475689411,0.19584712386131287,0.02327813021838665,0.0,0.06928256433457136,0.06928256433457136,-0.044779207557439804,-0.044779207557439804,0.0532563179731369,0.15271645784378052,-0.053299155086278915,0.0,-0.0980355255305767,-0.0980355255305767,0.17768730223178864,0.17768730223178864,0.1776302605867386,-0.19427387416362762,-0.6571597456932068,0.0,5.704164505004883e-05,5.704164505004883e-05,0.1441216766834259,0.1441216766834259,-0.005366222467273474,0.01114565134048462,0.0871494933962822,0.0,0.14948789915069938,0.14948789915069938
9,0.15,2,0,0,,6,stairs down,11,0.0,92.87584686279297,52.1616325378418,-1.159590721130371,1.7444779872894287,0.838874101638794,0.5354701280593872,0.838874101638794,2.450397253036499,1.581567645072937,0.6666666865348816,0.39747509360313416,0.13811974227428436,0.8722389936447144,0.419437050819397,-0.17996294796466827,-0.20412273705005646,-0.18120603263378143,-0.1469741314649582,0.7945375442504883,-0.6565500497817993,-0.12597405910491943,-0.12597405910491943,-0.13294845819473267,-0.7624227404594421,-1.2968779802322388,0.0,0.006974399089813232,0.006974399089813232,-0.32659637928009033,-0.32659637928009033,-0.30216318368911743,0.4357002079486847,0.6544606685638428,0.0,-0.0244331955909729,-0.0244331955909729,-0.09060301631689072,-0.09060301631689072,-0.053109414875507355,-1.3256975412368774,-0.75421142578125,0.0,-0.03749360144138336,-0.03749360144138336,-0.10288189351558685,-0.10288189351558685,0.1272066831588745,-0.01307386253029108,0.7058493494987488,0.0,-0.23008857667446136,-0.23008857667446136,0.39726877212524414,0.39726877212524414,0.24274717271327972,1.0682483911514282,1.1844667196273804,0.0,0.15452159941196442,0.15452159941196442,-0.32827502489089966,-0.32827502489089966,-0.018611429259181023,-0.26019585132598877,-0.06267395615577698,0.0,-0.30966359563171864,-0.30966359563171864
9,0.15,8,0,0,,6,stairs down,11,0.0,92.82247161865234,52.19515609741211,-1.1573885679244995,1.5109872817993164,0.5099870562553406,0.5401610136032104,0.5099870562553406,2.312633514404297,2.708317518234253,0.7983762621879578,0.4865589141845703,0.033372845500707626,0.7554936408996582,0.2549935281276703,0.02495940774679184,-0.016529308632016182,0.11573754251003265,0.20139870047569275,0.5538290739059448,0.22653257846832275,0.017471585422754288,0.017471585422754288,-0.05287874862551689,-0.06073940545320511,-0.03829171881079674,0.0,0.07035033404827118,0.07035033404827118,-0.02644689381122589,-0.02644689381122589,-0.21620388329029083,1.3620893955230713,1.274080753326416,0.0,0.18975698947906494,0.18975698947906494,0.05786877125501633,0.05786877125501633,0.010383253917098045,0.11119988560676575,0.34258541464805603,0.0,0.04748551733791828,0.04748551733791828,0.1409790813922882,0.1409790813922882,0.06463299691677094,0.17458456754684448,-0.1920449435710907,0.0,0.07634608447551727,0.07634608447551727,0.2769145369529724,0.2769145369529724,0.2646346986293793,1.2328245639801025,1.1734658479690552,0.0,0.01227983832359314,0.01227983832359314,0.11326628923416138,0.11326628923416138,0.0006261230446398258,0.05409826338291168,0.21558481454849243,0.0,0.11264016618952155,0.11264016618952155
9,0.15,14,0,0,,6,stairs down,11,0.0,92.82366180419922,52.1710319519043,-1.1596795320510864,1.4195921421051025,0.9340831637382507,0.610445499420166,0.9340831637382507,3.07063627243042,3.8277385234832764,0.5746963024139404,0.3568349778652191,0.05064060539007187,0.7097960710525513,0.46704158186912537,-0.015276435762643814,-0.236260324716568,0.24815431237220764,0.0637635663151741,0.49314001202583313,0.06840497255325317,-0.010693504475057125,-0.010693504475057125,-0.034619372338056564,-0.03382309526205063,-0.46900808811187744,0.0,0.02392586786299944,0.02392586786299944,-0.37801653146743774,-0.37801653146743774,-0.3252865672111511,-0.3026163578033447,-0.31993821263313293,0.0,-0.05272996425628662,-0.05272996425628662,0.12407715618610382,0.12407715618610382,0.006828228943049908,0.02458014152944088,0.08208262920379639,0.0,0.11724892724305391,0.11724892724305391,0.04463449493050575,0.04463449493050575,0.052824001759290695,-0.1594824343919754,0.01690259575843811,0.0,-0.008189506828784943,-0.008189506828784943,0.24657000601291656,0.24657000601291656,0.1714789718389511,0.049017421901226044,-0.49942702054977417,0.0,0.07509103417396545,0.07509103417396545,0.03420248627662659,0.03420248627662659,-0.007619685959070921,0.005095720756798983,0.0612504705786705,0.0,0.04182217223569751,0.04182217223569751
10,0.16666666666666666,2,0,0,,6,stairs down,11,0.0,92.88359069824219,52.166507720947266,-1.159864902496338,1.8426316976547241,1.3742806911468506,0.5255517959594727,1.3742806911468506,2.1403112411499023,2.96625018119812,0.6666666865348816,0.3309048116207123,0.14022594690322876,0.9213158488273621,0.6871403455734253,-0.21772105991840363,-0.39911454916000366,-0.16414736211299896,0.07125343382358551,0.5885414481163025,-0.28782081604003906,-0.15240474045276642,-0.15240474045276642,-0.14389681816101074,-0.5859067440032959,-1.1147572994232178,0.0,-0.008507922291755676,-0.008507922291755676,-0.6385833024978638,-0.6385833024978638,-0.3235306441783905,-1.916718602180481,0.5799160003662109,0.0,-0.31505265831947327,-0.31505265831947327,-0.08207368105649948,-0.08207368105649948,-0.07450129836797714,-1.1732150316238403,-0.9489506483078003,0.0,-0.007572382688522339,-0.007572382688522339,0.04987740144133568,0.04987740144133568,0.126617893576622,-0.09760469943284988,0.46086952090263367,0.0,-0.07674049213528633,-0.07674049213528633,0.29427072405815125,0.29427072405815125,0.23143067955970764,-1.2018157243728638,1.1448642015457153,0.0,0.0628400444984436,0.0628400444984436,-0.14391040802001953,-0.14391040802001953,-0.018267329782247543,0.012957088649272919,-0.1299813836812973,0.0,-0.125643078237772,-0.125643078237772
10,0.16666666666666666,8,0,0,,6,stairs down,11,0.0,92.83558654785156,52.197723388671875,-1.157755732536316,1.541659951210022,0.24445626139640808,0.6691358089447021,0.24445626139640808,3.04605770111084,1.9048237800598145,0.6666666865348816,0.4886745810508728,0.03181132301688194,0.770829975605011,0.12222813069820404,-0.13041119277477264,-0.1526622623205185,0.06103874370455742,0.10725416243076324,0.5159459710121155,0.08824806660413742,-0.09128783643245697,-0.09128783643245697,-0.055473364889621735,-0.10826687514781952,-0.04594097658991814,0.0,-0.035814471542835236,-0.035814471542835236,-0.24425962567329407,-0.24425962567329407,-0.2179102599620819,-0.3024415373802185,1.3040704727172852,0.0,-0.026349365711212158,-0.026349365711212158,0.03051937185227871,0.03051937185227871,0.006476200185716152,-0.5471766591072083,0.26373863220214844,0.0,0.024043171666562557,0.024043171666562557,0.07507791370153427,0.07507791370153427,0.07198621332645416,0.43755802512168884,-0.067112497985363,0.0,0.0030917003750801086,0.0030917003750801086,0.25797298550605774,0.25797298550605774,0.26469385623931885,-0.21036474406719208,1.193692922592163,0.0,-0.006720870733261108,-0.006720870733261108,0.04412403330206871,0.04412403330206871,-0.008368508890271187,-0.4314306080341339,0.16055676341056824,0.0,0.0524925421923399,0.0524925421923399
10,0.16666666666666666,14,0,0,,6,stairs down,11,0.0,92.83634185791016,52.173912048339844,-1.1598715782165527,1.293996810913086,0.5979505181312561,0.805052638053894,0.5979505181312561,4.012908458709717,4.014892578125,0.6666666865348816,0.3672170639038086,0.037696823477745056,0.646998405456543,0.29897525906562805,-0.12789878249168396,-0.34034109115600586,0.12760324776172638,0.11470141261816025,0.40605735778808594,0.17552603781223297,-0.08952914923429489,-0.08952914923429489,-0.04028576239943504,-0.4507644474506378,-0.32071471214294434,0.0,-0.04924338683485985,-0.04924338683485985,-0.5445457696914673,-0.5445457696914673,-0.34935206174850464,-1.3890964984893799,-0.3140356242656708,0.0,-0.19519370794296265,-0.19519370794296265,0.06380162388086319,0.06380162388086319,0.009057593531906605,0.10243120044469833,0.062488116323947906,0.0,0.054744030348956585,0.054744030348956585,0.08029098808765411,0.08029098808765411,0.04905659332871437,-0.23990371823310852,-0.04320225492119789,0.0,0.031234394758939743,0.031234394758939743,0.20302867889404297,0.20302867889404297,0.1514490395784378,-0.9274974465370178,-0.31253939867019653,0.0,0.051579639315605164,0.051579639315605164,0.08776301890611649,0.08776301890611649,-0.002770161721855402,0.004333034157752991,0.042115211486816406,0.0,0.09053318062797189,0.09053318062797189
11,0.18333333333333332,2,0,0,,6,stairs down,11,0.0,92.89086151123047,52.17177963256836,-1.159773349761963,1.3884526491165161,0.4632021188735962,0.5462045669555664,0.4632021188735962,1.7467668056488037,2.1975717544555664,0.6666666865348816,0.3287046551704407,0.12863381206989288,0.6942263245582581,0.2316010594367981,-0.15131168067455292,-0.17797240614891052,-0.30621424317359924,-0.4149981737136841,0.38409626483917236,-0.2419375479221344,-0.10591817647218704,-0.10591817647218704,-0.14301322400569916,-0.11136218905448914,-0.9345464706420898,0.0,0.037095047533512115,0.037095047533512115,-0.2847558557987213,-0.2847558557987213,-0.32970893383026123,-0.15750782191753387,-0.27083566784858704,0.0,0.04495307803153992,0.04495307803153992,-0.15310712158679962,-0.15310712158679962,-0.09702010452747345,-0.6275593638420105,-1.0253708362579346,0.0,-0.05608701705932617,-0.05608701705932617,-0.2904987037181854,-0.2904987037181854,0.10725685954093933,-1.577410340309143,0.27056416869163513,0.0,-0.39775556325912476,-0.39775556325912476,0.19204813241958618,0.19204813241958618,0.2302624136209488,0.23314431309700012,0.345210999250412,0.0,-0.03821428120136261,-0.03821428120136261,-0.1209687739610672,-0.1209687739610672,-0.015054519288241863,0.309658020734787,-0.08127375692129135,0.0,-0.10591425467282534,-0.10591425467282534
11,0.18333333333333332,8,0,0,,6,stairs down,11,0.0,92.84774780273438,52.200599670410156,-1.1592648029327393,1.4964450597763062,0.7397212386131287,0.801912784576416,0.7397212386131287,3.9376139640808105,0.9655556678771973,0.528983473777771,0.49003955721855164,0.026009729132056236,0.7482225298881531,0.36986061930656433,-0.07720084488391876,-0.33401280641555786,0.01222933642566204,-0.046714041382074356,0.40526923537254333,0.0742337703704834,-0.05404059216380119,-0.05404059216380119,-0.05592561513185501,-2.1447994709014893,-0.0671791061758995,0.0,0.0018850229680538177,0.0018850229680538177,-0.5344204902648926,-0.5344204902648926,-0.24791200459003448,-1.2494187355041504,0.7566364407539368,0.0,-0.2865084856748581,-0.2865084856748581,0.00611466821283102,0.00611466821283102,-0.009460194036364555,-0.9768322110176086,-0.012588361278176308,0.0,0.015574862249195576,0.015574862249195576,-0.0326998271048069,-0.0326998271048069,0.07397592067718506,1.5829083919525146,0.10485871136188507,0.0,-0.10667574778199196,-0.10667574778199196,0.20263461768627167,0.20263461768627167,0.24187320470809937,-0.18597771227359772,0.7152470946311951,0.0,-0.0392385870218277,-0.0392385870218277,0.0371168851852417,0.0371168851852417,-0.01369994506239891,-0.029037781059741974,-0.04116848111152649,0.0,0.05081683024764061,0.05081683024764061
11,0.18333333333333332,14,0,0,,6,stairs down,11,0.0,92.84980010986328,52.17731475830078,-1.1589845418930054,1.4180877208709717,1.0190670490264893,0.7494150400161743,1.0190670490264893,3.756089210510254,5.387188911437988,0.8333333730697632,0.36989307403564453,0.032293837517499924,0.7090438604354858,0.5095335245132446,-0.5116824507713318,0.02547646127641201,0.3384544253349304,0.07383264601230621,0.40514934062957764,0.41691285371780396,-0.35817772150039673,-0.35817772150039673,-0.05505578592419624,-1.8145809173583984,-0.3650303781032562,0.0,-0.3031219355762005,-0.3031219355762005,0.012738230638206005,0.012738230638206005,-0.3289838433265686,1.8668603897094727,-0.6803726553916931,0.0,0.3417220739647746,0.3417220739647746,0.1692272126674652,0.1692272126674652,0.0048799579963088036,-0.9716454744338989,0.07609909772872925,0.0,0.1643472546711564,0.1643472546711564,0.05168285220861435,0.05168285220861435,0.05428576469421387,0.7785524725914001,-0.11023011803627014,0.0,-0.002602912485599518,-0.002602912485599518,0.20257467031478882,0.20257467031478882,0.17119450867176056,1.4081424474716187,-0.5220921039581299,0.0,0.03138016164302826,0.03138016164302826,0.20845642685890198,0.20845642685890198,-0.0036023526918143034,0.20141491293907166,0.029240580275654793,0.0,0.21205877955071628,0.21205877955071628
12,0.2,2,0,0,,6,stairs down,11,0.0,92.89739227294922,52.17713165283203,-1.159544587135315,1.6012603044509888,0.4054529070854187,0.5284661054611206,0.4054529070854187,0.6540747880935669,9.277681350708008,1.0,0.2599453926086426,0.17684024572372437,0.8006301522254944,0.20272645354270935,0.3140788972377777,-0.46232518553733826,-0.20161861181259155,0.04679160192608833,0.4021261930465698,0.15998010337352753,0.21985521912574768,0.21985521912574768,-0.13742414116859436,0.5923271179199219,-0.654038667678833,0.0,0.35727936029434204,0.35727936029434204,-0.7397202849388123,-0.7397202849388123,-0.35994839668273926,-1.9070544242858887,-0.23221813142299652,0.0,-0.379771888256073,-0.379771888256073,-0.10080930590629578,-0.10080930590629578,-0.10806103050708771,-0.6392531991004944,-0.8898128271102905,0.0,0.007251724600791931,0.007251724600791931,0.032754119485616684,0.032754119485616684,0.08234056085348129,-1.3907520771026611,-0.3591504693031311,0.0,-0.04958644136786461,-0.04958644136786461,0.2010630965232849,0.2010630965232849,0.2114088386297226,-1.7302961349487305,0.30702322721481323,0.0,-0.010345742106437683,-0.010345742106437683,0.07999005168676376,0.07999005168676376,-0.011182689107954502,0.46844276785850525,0.05193990841507912,0.0,0.09117274079471827,0.09117274079471827
12,0.2,8,0,0,,6,stairs down,11,0.0,92.85600280761719,52.20549392700195,-1.1590896844863892,1.9706147909164429,2.0,0.6191767454147339,2.0,3.485145330429077,4.189755439758301,0.8333333730697632,0.2501153349876404,0.20091919600963593,0.9853073954582214,1.0,-0.15080982446670532,-0.303616464138031,0.6226856708526611,0.4273333251476288,0.8613523840904236,0.0028504522051662207,-0.10556687414646149,-0.10556687414646149,-0.08922582119703293,-1.9481010437011719,-0.7751476764678955,0.0,-0.01634105294942856,-0.01634105294942856,-0.4857863485813141,-0.4857863485813141,-0.2657327353954315,-1.0348668098449707,0.07305432856082916,0.0,-0.22005361318588257,-0.22005361318588257,0.31134283542633057,0.31134283542633057,-0.02684149704873562,-0.7057274580001831,-0.3411634862422943,0.0,0.3381843324750662,0.3381843324750662,0.2991333305835724,0.2991333305835724,0.09857967495918274,1.5307352542877197,0.6085180044174194,0.0,0.20055365562438965,0.20055365562438965,0.4306761920452118,0.4306761920452118,0.23859918117523193,0.11936773359775543,0.4081462621688843,0.0,0.19207701086997986,0.19207701086997986,0.0014252261025831103,0.0014252261025831103,-0.014434576034545898,-0.28790584206581116,-0.03703482821583748,0.0,0.01585980213712901,0.01585980213712901
12,0.2,14,0,0,,6,stairs down,11,0.0,92.85968017578125,52.182308197021484,-1.1557350158691406,1.8516676425933838,1.2828185558319092,0.583332896232605,1.2828185558319092,2.736759901046753,1.6793349981307983,0.5,0.3524836003780365,0.05222894251346588,0.9258338212966919,0.6414092779159546,0.04637105017900467,0.15969005227088928,0.1962164342403412,0.05852869525551796,0.6844230890274048,0.006354650482535362,0.03245973587036133,0.03245973587036133,-0.07630141079425812,-0.6557824611663818,-0.858978271484375,0.0,0.10876114666461945,0.10876114666461945,0.07984502613544464,0.07984502613544464,-0.2964992821216583,1.996129035949707,0.18762089312076569,0.0,0.37634430825710297,0.37634430825710297,0.0981082171201706,0.0981082171201706,-0.024847833439707756,-1.3299083709716797,-0.28092968463897705,0.0,0.12295605055987835,0.12295605055987835,0.0409700870513916,0.0409700870513916,0.060906004160642624,-0.0621984638273716,0.19263087213039398,0.0,-0.019935917109251022,-0.019935917109251022,0.3422115445137024,0.3422115445137024,0.20141442120075226,1.7173594236373901,0.13565342128276825,0.0,0.14079712331295013,0.14079712331295013,0.003177325241267681,0.003177325241267681,0.004367380402982235,0.5797351598739624,0.08791059255599976,0.0,-0.0011900551617145538,-0.0011900551617145538
13,0.21666666666666667,2,0,0,,6,stairs down,11,0.0,92.9042739868164,52.18113327026367,-1.158396601676941,0.9871751666069031,-0.34526586532592773,0.5255517959594727,-0.34526586532592773,1.3369271755218506,8.914872169494629,0.8333333730697632,0.26166415214538574,0.10333511233329773,0.49358758330345154,-0.17263293266296387,0.0973304882645607,-0.13472045958042145,-0.11166581511497498,-0.31683096289634705,0.47722604870796204,0.12026695907115936,0.06813134253025055,0.06813134253025055,-0.12609432637691498,0.2510721683502197,-0.22932784259319305,0.0,0.19422566890716553,0.19422566890716553,-0.21555273234844208,-0.21555273234844208,-0.356869637966156,0.9724797606468201,-0.8029342889785767,0.0,0.14131690561771393,0.14131690561771393,-0.05583290755748749,-0.05583290755748749,-0.11952286213636398,0.03221515566110611,-0.804432213306427,0.0,0.0636899545788765,0.0636899545788765,-0.2217816710472107,-0.2217816710472107,0.055823713541030884,-1.589645504951477,-0.7106783986091614,0.0,-0.2776053845882416,-0.2776053845882416,0.23861302435398102,0.23861302435398102,0.22360838949680328,0.4815926253795624,-0.38721245527267456,0.0,0.015004634857177734,0.015004634857177734,0.06013347953557968,0.06013347953557968,-0.0030965697951614857,1.0092934370040894,0.19386716187000275,0.0,0.06323004933074117,0.06323004933074117
13,0.21666666666666667,8,0,0,,6,stairs down,11,0.0,92.86367797851562,52.21023941040039,-1.1600539684295654,1.8255348205566406,1.228302240371704,0.5651565790176392,1.228302240371704,3.0100209712982178,2.146181583404541,0.5762038230895996,0.1751340627670288,0.14393553137779236,0.9127674102783203,0.614151120185852,-0.27187490463256836,-0.4621734023094177,-0.1255735456943512,-0.16176405549049377,0.836791455745697,-0.7070666551589966,-0.1903124302625656,-0.1903124302625656,-0.10605305433273315,-0.662926197052002,-1.1748424768447876,0.0,-0.08425937592983246,-0.08425937592983246,-0.7394774556159973,-0.7394774556159973,-0.29803356528282166,-1.9752514362335205,-0.3044801950454712,0.0,-0.44144389033317566,-0.44144389033317566,-0.0627867728471756,-0.0627867728471756,-0.04517297074198723,-0.9295725226402283,-0.4653920829296112,0.0,-0.01761380210518837,-0.01761380210518837,-0.11323484033346176,-0.11323484033346176,0.10482816398143768,-0.1343989074230194,0.9227721095085144,0.0,-0.21806300431489944,-0.21806300431489944,0.4183957278728485,0.4183957278728485,0.23142236471176147,-0.48065587878227234,0.309742271900177,0.0,0.18697336316108704,0.18697336316108704,-0.3535333275794983,-0.3535333275794983,-0.01837523654103279,-0.14025962352752686,-0.12252147495746613,0.0,-0.3351580910384655,-0.3351580910384655
13,0.21666666666666667,14,0,0,,6,stairs down,11,0.0,92.8684310913086,52.187442779541016,-1.1548434495925903,1.837972640991211,0.2332720011472702,0.5241022109985352,0.2332720011472702,2.1698009967803955,1.4122494459152222,0.6636860370635986,0.303317666053772,0.13027828931808472,0.9189863204956055,0.1166360005736351,0.4088018834590912,-0.2633000612258911,-0.13082854449748993,0.1141994521021843,0.6822373270988464,-0.35862961411476135,0.28616130352020264,0.28616130352020264,-0.0758541077375412,0.25053879618644714,-0.789737343788147,0.0,0.36201541125774384,0.36201541125774384,-0.4212801158428192,-0.4212801158428192,-0.2935603857040405,-0.6843909025192261,0.8038869500160217,0.0,-0.1277197301387787,-0.1277197301387787,-0.06541427224874496,-0.06541427224874496,-0.05416175350546837,-1.7791048288345337,-0.6383789777755737,0.0,-0.011252518743276596,-0.011252518743276596,0.07993961870670319,0.07993961870670319,0.054731160402297974,-0.556018054485321,0.10579538345336914,0.0,0.025208458304405212,0.025208458304405212,0.3411186635494232,0.3411186635494232,0.21444231271743774,0.7617427110671997,0.674634575843811,0.0,0.12667635083198547,0.12667635083198547,-0.17931480705738068,-0.17931480705738068,0.0036329799331724644,-0.384141206741333,0.25550442934036255,0.0,-0.18294778699055314,-0.18294778699055314
14,0.23333333333333334,2,0,0,,6,stairs down,11,0.0,92.9101791381836,52.1839714050293,-1.1548205614089966,1.3610807657241821,0.8108139634132385,0.5287302732467651,0.8108139634132385,1.7464892864227295,3.0427587032318115,0.8333333730697632,0.16336937248706818,0.0805014967918396,0.6805403828620911,0.40540698170661926,0.29972824454307556,-0.22614063322544098,0.29829949140548706,-0.11317481100559235,0.3607873320579529,0.67009437084198,0.20980976521968842,0.20980976521968842,-0.11552011966705322,0.8073315024375916,-0.06562702357769012,0.0,0.32532988488674164,0.32532988488674164,-0.36182501912117004,-0.36182501912117004,-0.35656046867370605,-0.15938915312290192,-0.1979452669620514,0.0,-0.005264550447463989,-0.005264550447463989,0.14914974570274353,0.14914974570274353,-0.12029390782117844,0.11070691049098969,-0.5193367600440979,0.0,0.26944365352392197,0.26944365352392197,-0.07922236621379852,-0.07922236621379852,0.025401053950190544,-2.015763282775879,-1.0101946592330933,0.0,-0.10462342016398907,-0.10462342016398907,0.18039366602897644,0.18039366602897644,0.21549484133720398,-0.6504080295562744,-0.09115896373987198,0.0,-0.03510117530822754,-0.03510117530822754,0.33504718542099,0.33504718542099,0.014076821506023407,1.0629887580871582,0.4717313051223755,0.0,0.3209703639149666,0.3209703639149666
14,0.23333333333333334,8,0,0,,6,stairs down,11,0.0,92.87125396728516,52.214088439941406,-1.1597933769226074,1.6211153268814087,1.164116382598877,0.5272225141525269,1.164116382598877,2.3411271572113037,5.121163368225098,0.6666666865348816,0.1953732967376709,0.12914681434631348,0.8105576634407043,0.5820581912994385,-0.15293113887310028,-0.40982556343078613,-0.3713114261627197,-0.37708422541618347,0.4322163164615631,-0.3060268759727478,-0.1070517972111702,-0.1070517972111702,-0.1048501580953598,0.5336146354675293,-1.0004022121429443,0.0,-0.0022016391158103943,-0.0022016391158103943,-0.6557208895683289,-0.6557208895683289,-0.3282262682914734,-1.9888122081756592,-0.8738111257553101,0.0,-0.32749462127685547,-0.32749462127685547,-0.18565571308135986,-0.18565571308135986,-0.06380245834589005,-1.2953287363052368,-0.6235659122467041,0.0,-0.12185325473546982,-0.12185325473546982,-0.26395896077156067,-0.26395896077156067,0.0862429067492485,-1.790042757987976,0.5625311136245728,0.0,-0.3502018675208092,-0.3502018675208092,0.21610815823078156,0.21610815823078156,0.21832619607448578,-0.8827998042106628,0.04040668532252312,0.0,-0.0022180378437042236,-0.0022180378437042236,-0.1530134379863739,-0.1530134379863739,-0.013198337517678738,0.3172953128814697,-0.12856590747833252,0.0,-0.13981510046869516,-0.13981510046869516
14,0.23333333333333334,14,0,0,,6,stairs down,11,0.0,92.87644958496094,52.19306945800781,-1.1569695472717285,1.602748990058899,1.10380220413208,0.5315548181533813,1.10380220413208,2.210972785949707,1.5039829015731812,0.5,0.3277781009674072,0.14085668325424194,0.8013744950294495,0.55190110206604,0.3476943373680115,-0.23782789707183838,-0.24055664241313934,-0.024054529145359993,0.5289760231971741,-0.03249427676200867,0.24338603019714355,0.24338603019714355,-0.06442269682884216,0.9921836853027344,-0.43525347113609314,0.0,0.3078087270259857,0.3078087270259857,-0.3805246353149414,-0.3805246353149414,-0.31345075368881226,-1.336253046989441,0.2967422902584076,0.0,-0.06707388162612915,-0.06707388162612915,-0.12027832120656967,-0.12027832120656967,-0.08141037076711655,-1.5791347026824951,-1.0270919799804688,0.0,-0.038867950439453125,-0.038867950439453125,-0.01683817058801651,-0.01683817058801651,0.03688623383641243,-1.3636014461517334,-0.11972375214099884,0.0,-0.05372440442442894,-0.05372440442442894,0.26448801159858704,0.26448801159858704,0.22850091755390167,0.9268741011619568,0.7043174505233765,0.0,0.035987094044685364,0.035987094044685364,-0.016247138381004333,-0.016247138381004333,-0.002145821927115321,-0.29306328296661377,0.03753918036818504,0.0,-0.014101316453889012,-0.014101316453889012
15,0.25,2,0,0,,6,stairs down,11,0.0,92.9150619506836,52.186588287353516,-1.1511832475662231,0.47762104868888855,0.7284049987792969,0.47762104868888855,0.7284049987792969,2.3205888271331787,0.9199962019920349,0.5,0.14588722586631775,0.07188178598880768,0.23881052434444427,0.36420249938964844,0.17440839111804962,-0.13534384965896606,0.39355453848838806,-0.11912808567285538,0.32595518231391907,0.45423874258995056,0.12208586931228638,0.12208586931228638,-0.10490892827510834,0.3883221745491028,0.2318417727947235,0.0,0.22699479758739471,0.22699479758739471,-0.21655015647411346,-0.21655015647411346,-0.34937238693237305,0.6739014983177185,-0.18480689823627472,0.0,0.13282223045825958,0.13282223045825958,0.19677726924419403,0.19677726924419403,-0.1174347996711731,0.45605799555778503,-0.3046434819698334,0.0,0.3142120689153671,0.3142120689153671,-0.08338966220617294,-0.08338966220617294,-0.004644584376364946,-1.7856687307357788,-1.3528515100479126,0.0,-0.078745077829808,-0.078745077829808,0.16297759115695953,0.16297759115695953,0.21204090118408203,-0.06693900376558304,-0.2817283272743225,0.0,-0.0490633100271225,-0.0490633100271225,0.22711937129497528,0.22711937129497528,0.02907182276248932,1.0581164360046387,0.6732078194618225,0.0,0.19804754853248596,0.19804754853248596
15,0.25,8,0,0,,6,stairs down,11,0.0,92.8785629272461,52.217872619628906,-1.1590286493301392,1.3552972078323364,-0.2578454613685608,0.5513603687286377,-0.2578454613685608,2.5488741397857666,3.897905111312866,0.5325186848640442,0.21915185451507568,0.13270995020866394,0.6776486039161682,-0.1289227306842804,0.18677286803722382,-0.44739827513694763,-0.3036139905452728,-0.26283708214759827,0.19027723371982574,0.020369835197925568,0.13074100017547607,0.13074100017547607,-0.08944591879844666,0.7709445953369141,-0.4776715934276581,0.0,0.22018691897392273,0.22018691897392273,-0.7158372402191162,-0.7158372402191162,-0.3598159849643707,-1.8843377828598022,-1.253758192062378,0.0,-0.3560212552547455,-0.3560212552547455,-0.1518069952726364,-0.1518069952726364,-0.08792883157730103,-0.8311266899108887,-0.8524753451347351,0.0,-0.06387816369533539,-0.06387816369533539,-0.18398594856262207,-0.18398594856262207,0.05514639616012573,-2.015690326690674,-0.23913048207759857,0.0,-0.2391323447227478,-0.2391323447227478,0.09513861685991287,0.09513861685991287,0.1946610063314438,-1.305968999862671,-0.27418458461761475,0.0,-0.09952238947153091,-0.09952238947153091,0.010184917598962784,0.010184917598962784,-0.003572421381250024,0.3173335790634155,0.023365482687950134,0.0,0.013757338980212808,0.013757338980212808
15,0.25,14,0,0,,6,stairs down,11,0.0,92.88406372070312,52.19752883911133,-1.1597883701324463,1.3622311353683472,-0.08119150996208191,0.5361160039901733,-0.08119150996208191,2.436708927154541,2.759962797164917,0.6666666865348816,0.3354759216308594,0.12510284781455994,0.6811155676841736,-0.040595754981040955,0.27131375670433044,-0.2236805260181427,-0.09681562334299088,0.035026513040065765,0.4699632227420807,0.09703085571527481,0.1899196207523346,0.1899196207523346,-0.05031156167387962,0.6345411539077759,0.051159124821424484,0.0,0.24023118242621422,0.24023118242621422,-0.3578888475894928,-0.3578888475894928,-0.3365881145000458,-0.792302131652832,-0.2597161829471588,0.0,-0.02130073308944702,-0.02130073308944702,-0.04840781167149544,-0.04840781167149544,-0.10529450327157974,-1.0275875329971313,-1.2152056694030762,0.0,0.056886691600084305,0.056886691600084305,0.024518558755517006,0.024518558755517006,0.01992986351251602,-0.6559913158416748,-0.5435867309570312,0.0,0.004588695243000984,0.004588695243000984,0.23498161137104034,0.23498161137104034,0.2391761690378189,-0.029508473351597786,0.7801557183265686,0.0,-0.0041945576667785645,-0.0041945576667785645,0.048515427857637405,0.048515427857637405,-0.005306507460772991,0.3184514343738556,-0.07511670887470245,0.0,0.0538219353184104,0.0538219353184104
16,0.26666666666666666,2,0,0,,6,stairs down,11,0.0,92.91917419433594,52.18901443481445,-1.1472618579864502,0.8500743508338928,1.1028976440429688,0.5499441623687744,1.1028976440429688,3.09436297416687,3.4439380168914795,0.6666666865348816,0.08292125910520554,0.08435557782649994,0.4250371754169464,0.5514488220214844,0.22602812945842743,-0.08828368037939072,0.37955573201179504,-0.1178080141544342,0.49213436245918274,0.5073713660240173,0.15821969509124756,0.15821969509124756,-0.09475681930780411,0.7608382105827332,0.285163938999176,0.0,0.25297651439905167,0.25297651439905167,-0.14125388860702515,-0.14125388860702515,-0.3326259255409241,1.4351527690887451,0.10780603438615799,0.0,0.19137203693389893,0.19137203693389893,0.18977786600589752,0.18977786600589752,-0.10843212902545929,1.357203483581543,-0.045427314937114716,0.0,0.2982099950313568,0.2982099950313568,-0.08246561139822006,-0.08246561139822006,-0.035722147673368454,-1.9940048456192017,-1.5003379583358765,0.0,-0.04674346372485161,-0.04674346372485161,0.24606718122959137,0.24606718122959137,0.21637561917304993,0.7712737917900085,-0.20853683352470398,0.0,0.029691562056541443,0.029691562056541443,0.25368568301200867,0.25368568301200867,0.04804777354001999,1.2887320518493652,0.8043690323829651,0.0,0.20563790947198868,0.20563790947198868
16,0.26666666666666666,8,0,0,,6,stairs down,11,0.0,92.8859634399414,52.22134780883789,-1.157204508781433,1.013088345527649,0.08275242894887924,0.5279407501220703,0.08275242894887924,1.7884798049926758,5.841372966766357,1.0,0.17547164857387543,0.133966326713562,0.5065441727638245,0.04137621447443962,0.17189496755599976,-0.37329909205436707,-0.1199493259191513,-0.28907540440559387,0.19251884520053864,0.21890857815742493,0.12032647430896759,0.12032647430896759,-0.07445108145475388,1.0510010719299316,-0.05219392478466034,0.0,0.19477755576372147,0.19477755576372147,-0.5972785353660583,-0.5972785353660583,-0.3909262716770172,-1.8765547275543213,-1.468634009361267,0.0,-0.20635226368904114,-0.20635226368904114,-0.05997466295957565,-0.05997466295957565,-0.10067485272884369,-0.6678640842437744,-0.8452005982398987,0.0,0.040700189769268036,0.040700189769268036,-0.20235277712345123,-0.20235277712345123,0.02389177493751049,-2.000175714492798,-0.8445098996162415,0.0,-0.22624455206096172,-0.22624455206096172,0.09625942260026932,0.09625942260026932,0.17088854312896729,-1.647809386253357,-0.6257748007774353,0.0,-0.07462912052869797,-0.07462912052869797,0.10945428907871246,0.10945428907871246,0.005121919792145491,0.6251071691513062,0.12353786081075668,0.0,0.10433236928656697,0.10433236928656697
16,0.26666666666666666,14,0,0,,6,stairs down,11,0.0,92.89122009277344,52.19971466064453,-1.1596605777740479,1.3696430921554565,-0.18024078011512756,0.5377860069274902,-0.18024078011512756,2.694683074951172,4.29632568359375,0.7962203025817871,0.26126375794410706,0.060278356075286865,0.6848215460777283,-0.09012039005756378,0.3194959759712219,-0.48351943492889404,0.1744811087846756,-0.07210218161344528,0.5491936206817627,0.08194570243358612,0.22364717721939087,0.22364717721939087,-0.03753407299518585,1.0733237266540527,0.2499520182609558,0.0,0.2611812502145767,0.2611812502145767,-0.7736310958862305,-0.7736310958862305,-0.365458220243454,-1.992632269859314,-0.4411998391151428,0.0,-0.4081728756427765,-0.4081728756427765,0.0872405543923378,0.0872405543923378,-0.11912894248962402,-0.7736257910728455,-1.1512730121612549,0.0,0.20636949688196182,0.20636949688196182,-0.05047152563929558,-0.05047152563929558,0.006791532970964909,-0.9969940781593323,-0.5818896293640137,0.0,-0.05726305861026049,-0.05726305861026049,0.27459681034088135,0.27459681034088135,0.22432588040828705,-0.9201552271842957,0.5042549967765808,0.0,0.0502709299325943,0.0502709299325943,0.04097285121679306,0.04097285121679306,0.0008023726986721158,0.34792912006378174,0.058995321393013,0.0,0.040170478518120944,0.040170478518120944
17,0.2833333333333333,2,0,0,,6,stairs down,11,0.0,92.92315673828125,52.19042205810547,-1.142862319946289,0.9751424789428711,0.1546325981616974,0.624586820602417,0.1546325981616974,4.285845756530762,7.238884925842285,0.8333333730697632,0.08368349075317383,0.07589202374219894,0.48757123947143555,0.0773162990808487,0.16849137842655182,-0.009551102295517921,0.40853235125541687,0.05838566645979881,0.4198862314224243,0.44953471422195435,0.11794396489858627,0.11794396489858627,-0.08721166849136353,0.2184268683195114,0.44725438952445984,0.0,0.2051556333899498,0.2051556333899498,-0.01528176385909319,-0.01528176385909319,-0.312086820602417,1.8401844501495361,0.5601118803024292,0.0,0.2968050567433238,0.2968050567433238,0.20426617562770844,0.20426617562770844,-0.09057155251502991,1.132901668548584,0.43253228068351746,0.0,0.29483772814273834,0.29483772814273834,0.04086996614933014,0.04086996614933014,-0.05662807449698448,-0.7609888315200806,-1.6685595512390137,0.0,0.09749804064631462,0.09749804064631462,0.20994311571121216,0.20994311571121216,0.22387391328811646,0.9250208735466003,0.12534281611442566,0.0,-0.013930797576904297,-0.013930797576904297,0.22476735711097717,0.22476735711097717,0.06855925172567368,1.4684752225875854,0.9694202542304993,0.0,0.1562081053853035,0.1562081053853035
17,0.2833333333333333,8,0,0,,6,stairs down,11,0.0,92.8927230834961,52.22458267211914,-1.1548914909362793,0.485381156206131,0.15559768676757812,0.485381156206131,0.15559768676757812,2.4038891792297363,3.9871010780334473,0.8177789449691772,0.1679706573486328,0.10611286014318466,0.2426905781030655,0.07779884338378906,-0.030364153906702995,-0.26989275217056274,0.2704797685146332,-0.3146505653858185,0.24785596132278442,0.3243598937988281,-0.02125490829348564,-0.02125490829348564,-0.06404702365398407,0.23159471154212952,0.32373011112213135,0.0,0.04279211536049843,0.04279211536049843,-0.43182840943336487,-0.43182840943336487,-0.409547358751297,-0.6835567355155945,-1.60763680934906,0.0,-0.02228105068206787,-0.02228105068206787,0.1352398842573166,0.1352398842573166,-0.1051221564412117,0.16620633006095886,-0.7847715020179749,0.0,0.2403620406985283,0.2403620406985283,-0.22025538980960846,-0.22025538980960846,-0.004455044865608215,-1.5704413652420044,-1.2383137941360474,0.0,-0.21580034494400024,-0.21580034494400024,0.12392798066139221,0.12392798066139221,0.15258151292800903,-0.776852548122406,-0.9740426540374756,0.0,-0.02865353226661682,-0.02865353226661682,0.16217994689941406,0.16217994689941406,0.015480288304388523,1.0519583225250244,0.2944522798061371,0.0,0.14669965859502554,0.14669965859502554
17,0.2833333333333333,14,0,0,,6,stairs down,11,0.0,92.89798736572266,52.201438903808594,-1.1592196226119995,1.1534217596054077,-0.12538331747055054,0.5346167087554932,-0.12538331747055054,3.0141429901123047,1.6333179473876953,0.7111322283744812,0.2651711404323578,0.044751815497875214,0.5767108798027039,-0.06269165873527527,0.26969364285469055,-0.46192729473114014,0.35589170455932617,-0.21365655958652496,0.5834952592849731,-0.008346190676093102,0.18878555297851562,0.18878555297851562,-0.019946515560150146,1.0449891090393066,0.5305236577987671,0.0,0.20873206853866577,0.20873206853866577,-0.7390837073326111,-0.7390837073326111,-0.39857450127601624,-1.9829201698303223,-0.9698649644851685,0.0,-0.34050920605659485,-0.34050920605659485,0.17794585227966309,0.17794585227966309,-0.1298535019159317,-0.35930612683296204,-1.0225861072540283,0.0,0.3077993541955948,0.3077993541955948,-0.14955958724021912,-0.14955958724021912,-0.007715525571256876,-0.9931678175926208,-0.7233403325080872,0.0,-0.14184406166896224,-0.14184406166896224,0.2917476296424866,0.2917476296424866,0.2058689445257187,-1.2712745666503906,0.018873844295740128,0.0,0.08587868511676788,0.08587868511676788,-0.004173095338046551,-0.004173095338046551,0.0021944798063486814,0.0744486078619957,0.15745222568511963,0.0,-0.006367575144395232,-0.006367575144395232
18,0.3,2,0,0,,6,stairs down,11,0.0,92.92727661132812,52.1903190612793,-1.1375410556793213,1.0102369785308838,0.23118674755096436,0.7170768976211548,0.23118674755096436,4.647627353668213,6.30954122543335,0.6666666865348816,0.08492901176214218,0.047855012118816376,0.5051184892654419,0.11559337377548218,0.3408319056034088,0.11420682072639465,0.18714584410190582,-0.2526669204235077,0.36052024364471436,0.2795596718788147,0.2385823279619217,0.2385823279619217,-0.06819386035203934,1.5829882621765137,0.36927926540374756,0.0,0.30677618831396103,0.30677618831396103,0.05710341036319733,0.05710341036319733,-0.28359413146972656,1.9768863916397095,0.9963085651397705,0.0,0.3406975418329239,0.3406975418329239,0.09357292205095291,0.09357292205095291,-0.07512567937374115,0.9729527831077576,0.6711896657943726,0.0,0.16869860142469406,0.16869860142469406,-0.17686684429645538,-0.17686684429645538,-0.07982981204986572,-1.605297565460205,-1.3592963218688965,0.0,-0.09703703224658966,-0.09703703224658966,0.18026012182235718,0.18026012182235718,0.23591503500938416,0.9152498841285706,0.39784058928489685,0.0,-0.05565491318702698,-0.05565491318702698,0.13977983593940735,0.13977983593940735,0.0883418545126915,1.3203593492507935,1.1394778490066528,0.0,0.05143798142671585,0.05143798142671585
18,0.3,8,0,0,,6,stairs down,11,0.0,92.89899444580078,52.227725982666016,-1.1524145603179932,0.49205896258354187,0.2545604109764099,0.49205896258354187,0.2545604109764099,2.8174452781677246,3.9504761695861816,0.6666666865348816,0.09541092813014984,0.08672522753477097,0.24602948129177094,0.12728020548820496,0.1643034964799881,-0.21594899892807007,0.30311262607574463,-0.17578084766864777,0.3609541058540344,0.25727343559265137,0.11501244455575943,0.11501244455575943,-0.05684284120798111,0.5380892753601074,0.29233410954475403,0.0,0.17185528576374054,0.17185528576374054,-0.34551841020584106,-0.34551841020584106,-0.4124612808227539,0.30669379234313965,-1.2927478551864624,0.0,0.06694287061691284,0.06694287061691284,0.15155631303787231,0.15155631303787231,-0.10492408275604248,0.044133156538009644,-0.4607168734073639,0.0,0.2564803957939148,0.2564803957939148,-0.12304659187793732,-0.12304659187793732,-0.03004167228937149,-1.600247859954834,-1.3514893054962158,0.0,-0.09300491958856583,-0.09300491958856583,0.1804770529270172,0.1804770529270172,0.14734798669815063,0.1801360547542572,-0.9068482518196106,0.0,0.03312906622886658,0.03312906622886658,0.12863671779632568,0.12863671779632568,0.03066876530647278,0.9556911587715149,0.5525795221328735,0.0,0.0979679524898529,0.0979679524898529
18,0.3,14,0,0,,6,stairs down,11,0.0,92.90437316894531,52.203102111816406,-1.158348798751831,0.9116860628128052,0.3466453552246094,0.5341222286224365,0.3466453552246094,3.192824125289917,1.7449443340301514,0.6666666865348816,0.21562418341636658,0.027745943516492844,0.4558430314064026,0.1733226776123047,0.15798699855804443,-0.41124534606933594,0.31976741552352905,-0.12708543241024017,0.49616193771362305,0.14055408537387848,0.11059089750051498,0.11059089750051498,-0.006180906668305397,0.5682908892631531,0.7058325409889221,0.0,0.11677180416882038,0.11677180416882038,-0.6579925417900085,-0.6579925417900085,-0.43010032176971436,-1.7449983358383179,-1.315073013305664,0.0,-0.2278922200202942,-0.2278922200202942,0.15988370776176453,0.15988370776176453,-0.13350342214107513,0.06276029348373413,-0.7965672016143799,0.0,0.29338712990283966,0.29338712990283966,-0.08895979821681976,-0.08895979821681976,-0.021559465676546097,-0.8304365873336792,-0.8152865171432495,0.0,-0.06740033254027367,-0.06740033254027367,0.24808096885681152,0.24808096885681152,0.1874237209558487,-0.7781400084495544,-0.4207563102245331,0.0,0.06065724790096283,0.06065724790096283,0.07027704268693924,0.07027704268693924,0.003592106280848384,0.26802605390548706,0.12916795909404755,0.0,0.06668493640609086,0.06668493640609086
19,0.31666666666666665,2,0,0,,6,stairs down,11,0.0,92.9322280883789,52.18804168701172,-1.1316289901733398,0.9999691843986511,-0.32671380043029785,0.8505235910415649,-0.32671380043029785,5.944865703582764,5.785201072692871,0.5,0.19361209869384766,0.05017074942588806,0.49998459219932556,-0.16335690021514893,0.13929565250873566,0.09641727060079575,0.33465516567230225,0.008402185514569283,0.4779742658138275,0.5167374014854431,0.09750695526599884,0.09750695526599884,-0.05365804582834244,0.5485816597938538,0.7828619480133057,0.0,0.15116500109434128,0.15116500109434128,0.04820863530039787,0.04820863530039787,-0.2560870945453644,1.9993860721588135,1.3304495811462402,0.0,0.30429572984576225,0.30429572984576225,0.16732758283615112,0.16732758283615112,-0.0566767193377018,1.3234261274337769,0.7740182280540466,0.0,0.22400430217385292,0.22400430217385292,0.00588152976706624,0.00588152976706624,-0.09371167421340942,-0.3281402587890625,-1.443123459815979,0.0,0.09959320398047566,0.09959320398047566,0.23898713290691376,0.23898713290691376,0.24140480160713196,0.5595993399620056,0.5741526484489441,0.0,-0.0024176687002182007,-0.0024176687002182007,0.25836870074272156,0.25836870074272156,0.11695130914449692,1.9859163761138916,1.2011148929595947,0.0,0.14141739159822464,0.14141739159822464
19,0.31666666666666665,8,0,0,,6,stairs down,11,0.0,92.90525817871094,52.23045349121094,-1.1494444608688354,0.4631064832210541,0.03585163131356239,0.4631064832210541,0.03585163131356239,3.1999499797821045,4.4999823570251465,0.6666666865348816,0.10587166249752045,0.06901688873767853,0.23155324161052704,0.017925815656781197,0.28417620062828064,-0.1147761270403862,0.3629271984100342,-0.09221531450748444,0.3499010503292084,0.31770142912864685,0.19892333447933197,0.19892333447933197,-0.048117946833372116,0.5052217841148376,0.37607747316360474,0.0,0.2470412813127041,0.2470412813127041,-0.18364180624485016,-0.18364180624485016,-0.40009376406669617,1.3202757835388184,-0.7477231025695801,0.0,0.216451957821846,0.216451957821846,0.1814635992050171,0.1814635992050171,-0.1080627292394638,-0.07507793605327606,-0.2886844873428345,0.0,0.2895263284444809,0.2895263284444809,-0.0645507201552391,-0.0645507201552391,-0.05046650022268295,-1.1163525581359863,-1.4362560510635376,0.0,-0.014084219932556152,-0.014084219932556152,0.1749505251646042,0.1749505251646042,0.15241031348705292,0.7964173555374146,-0.5364481210708618,0.0,0.02254021167755127,0.02254021167755127,0.15885071456432343,0.15885071456432343,0.045268140733242035,1.1522037982940674,0.6899435520172119,0.0,0.11358257383108139,0.11358257383108139
19,0.31666666666666665,14,0,0,,6,stairs down,11,0.0,92.91084289550781,52.204715728759766,-1.1577935218811035,0.9683877229690552,0.32440704107284546,0.5412951707839966,0.32440704107284546,3.30397891998291,2.3760147094726562,0.6666666865348816,0.17853382229804993,0.017471380531787872,0.4841938614845276,0.16220352053642273,0.11215176433324814,-0.3948000371456146,0.3610209822654724,-0.12911024689674377,0.524726927280426,0.13335508108139038,0.0785062313079834,0.0785062313079834,0.0007585333660244942,0.20878969132900238,0.6589639186859131,0.0,0.0777476979419589,0.0777476979419589,-0.6316800713539124,-0.6316800713539124,-0.4580078423023224,-1.3998864889144897,-1.4615740776062012,0.0,-0.17367222905158997,-0.17367222905158997,0.1805104911327362,0.1805104911327362,-0.13200490176677704,0.3340659737586975,-0.5037432909011841,0.0,0.31251539289951324,0.31251539289951324,-0.09037717431783676,-0.09037717431783676,-0.032836269587278366,-0.6313169598579407,-0.8204490542411804,0.0,-0.057540904730558395,-0.057540904730558395,0.262363463640213,0.262363463640213,0.17611978948116302,-0.34703195095062256,-0.5425381064414978,0.0,0.08624367415904999,0.08624367415904999,0.06667754054069519,0.06667754054069519,0.008590119890868664,0.327288419008255,0.17648515105247498,0.0,0.05808742064982653,0.05808742064982653
20,0.3333333333333333,2,0,0,,6,stairs down,11,0.0,92.93738555908203,52.18552780151367,-1.1251386404037476,0.9335676431655884,-0.036139339208602905,0.7455863952636719,-0.036139339208602905,4.861799716949463,6.207775115966797,0.5,0.17604690790176392,0.08518757671117783,0.4667838215827942,-0.018069669604301453,0.3676528334617615,0.2543657422065735,0.19744303822517395,-0.5138158202171326,0.42118722200393677,0.08674068003892899,0.2573569715023041,0.2573569715023041,-0.024315249174833298,1.9550069570541382,0.7030287384986877,0.0,0.2816722206771374,0.2816722206771374,0.12718287110328674,0.12718287110328674,-0.22685104608535767,1.99793541431427,1.5583959817886353,0.0,0.3540339171886444,0.3540339171886444,0.09872151911258698,0.09872151911258698,-0.0499839223921299,0.22088758647441864,0.9612340927124023,0.0,0.14870544150471687,0.14870544150471687,-0.35967105627059937,-0.35967105627059937,-0.11320769786834717,-1.3458036184310913,-1.0631824731826782,0.0,-0.2464633584022522,-0.2464633584022522,0.21059361100196838,0.21059361100196838,0.24102500081062317,0.278744101524353,0.5691934823989868,0.0,-0.030431389808654785,-0.030431389808654785,0.04337034001946449,0.04337034001946449,0.13961191475391388,1.4193305969238281,1.468543291091919,0.0,-0.09624157473444939,-0.09624157473444939
20,0.3333333333333333,8,0,0,,6,stairs down,11,0.0,92.91143035888672,52.23249435424805,-1.1459778547286987,0.6428677439689636,-0.12081797420978546,0.5313498973846436,-0.12081797420978546,3.801539182662964,4.878949165344238,0.6666666865348816,0.08679317682981491,0.060971252620220184,0.3214338719844818,-0.06040898710489273,0.32385870814323425,-0.11966167390346527,0.34317949414253235,-0.17788873612880707,0.4160098135471344,0.22416318953037262,0.22670109570026398,0.22670109570026398,-0.03407350927591324,0.48727861046791077,0.4200845956802368,0.0,0.2607746049761772,0.2607746049761772,-0.19145868718624115,-0.19145868718624115,-0.38085508346557617,0.8803563714027405,-0.043033089488744736,0.0,0.18939639627933502,0.18939639627933502,0.17158974707126617,0.17158974707126617,-0.11202338337898254,-0.20814451575279236,-0.21589604020118713,0.0,0.2836131304502487,0.2836131304502487,-0.12452211230993271,-0.12452211230993271,-0.07129879295825958,-0.7773706316947937,-1.3272459506988525,0.0,-0.053223319351673126,-0.053223319351673126,0.2080049067735672,0.2080049067735672,0.15956348180770874,0.7670382857322693,-0.08226171880960464,0.0,0.04844142496585846,0.04844142496585846,0.11208159476518631,0.11208159476518631,0.057558052241802216,1.7739448547363281,0.847463071346283,0.0,0.054523542523384094,0.054523542523384094
20,0.3333333333333333,14,0,0,,6,stairs down,11,0.0,92.9175033569336,52.20635986328125,-1.1573597192764282,0.9136244058609009,0.5670328736305237,0.6084204912185669,0.5670328736305237,3.594649076461792,3.016026258468628,0.6666666865348816,0.1581784337759018,0.024506740272045135,0.45681220293045044,0.28351643681526184,0.08104437589645386,-0.35657429695129395,0.38156813383102417,-0.11325965821743011,0.5064358115196228,0.09060288965702057,0.05673106387257576,0.05673106387257576,0.003565943567082286,-0.04752325266599655,0.5055627822875977,0.0,0.053165120305493474,0.053165120305493474,-0.5705189108848572,-0.5705189108848572,-0.48010820150375366,-0.9439077973365784,-1.4405534267425537,0.0,-0.09041070938110352,-0.09041070938110352,0.19078406691551208,0.19078406691551208,-0.12659840285778046,0.5521051287651062,-0.21825191378593445,0.0,0.31738246977329254,0.31738246977329254,-0.0792817622423172,-0.0792817622423172,-0.04153105616569519,-0.4886834919452667,-0.7560005187988281,0.0,-0.03775070607662201,-0.03775070607662201,0.2532179057598114,0.2532179057598114,0.17114165425300598,0.1529051810503006,-0.4759175479412079,0.0,0.08207625150680542,0.08207625150680542,0.045301444828510284,0.045301444828510284,0.012932650744915009,0.32111579179763794,0.22787277400493622,0.0,0.032368794083595276,0.032368794083595276
21,0.35,2,0,0,,6,stairs down,11,0.0,92.94254302978516,52.182594299316406,-1.118260383605957,1.1255775690078735,0.06725998222827911,0.6561493873596191,0.06725998222827911,4.1714348793029785,2.7414798736572266,0.3333333432674408,0.2693161964416504,0.07134806364774704,0.5627887845039368,0.03362999111413956,0.26474279165267944,0.14093303680419922,0.25504785776138306,-0.17764566838741302,0.08809519559144974,0.597602367401123,0.1853199452161789,0.1853199452161789,0.0043985615484416485,1.6168291568756104,1.1296520233154297,0.0,0.18092138366773725,0.18092138366773725,0.07046651840209961,0.07046651840209961,-0.2058986872434616,1.4256616830825806,1.708173155784607,0.0,0.2763652056455612,0.2763652056455612,0.12752392888069153,0.12752392888069153,-0.031374555081129074,1.61570405960083,0.7089540362358093,0.0,0.1588984839618206,0.1588984839618206,-0.12435196340084076,-0.12435196340084076,-0.1328773945569992,-1.0473074913024902,-1.1594882011413574,0.0,0.008525431156158447,0.008525431156158447,0.04404759779572487,0.04404759779572487,0.23516619205474854,-0.5800937414169312,0.4702201187610626,0.0,-0.19111859425902367,-0.19111859425902367,0.2988011837005615,0.2988011837005615,0.16803991794586182,1.7627224922180176,1.4517735242843628,0.0,0.1307612657546997,0.1307612657546997
21,0.35,8,0,0,,6,stairs down,11,0.0,92.9177017211914,52.233680725097656,-1.1438415050506592,1.1417756080627441,0.37172210216522217,0.5504422187805176,0.37172210216522217,3.8641505241394043,5.834190368652344,0.6666666865348816,0.05198075622320175,0.06171678751707077,0.5708878040313721,0.18586105108261108,0.48345115780830383,-0.3225370943546295,0.2993418276309967,-0.08285471796989441,0.6926494836807251,0.13740350306034088,0.33841580152511597,0.33841580152511597,-0.011277686804533005,1.8037155866622925,0.4429815709590912,0.0,0.34969348832964897,0.34969348832964897,-0.5160593390464783,-0.5160593390464783,-0.38817596435546875,-0.38896283507347107,0.271620512008667,0.0,-0.12788337469100952,-0.12788337469100952,0.14967091381549835,0.14967091381549835,-0.11997247487306595,-0.3226030766963959,-0.2132546305656433,0.0,0.2696433886885643,0.2696433886885643,-0.057998303323984146,-0.057998303323984146,-0.08896531164646149,-1.156708002090454,-1.1398707628250122,0.0,0.03096700832247734,0.03096700832247734,0.34632474184036255,0.34632474184036255,0.1573752760887146,0.314360648393631,0.20714521408081055,0.0,0.18894946575164795,0.18894946575164795,0.06870175153017044,0.06870175153017044,0.07032065838575363,0.5025610327720642,1.1631704568862915,0.0,-0.001618906855583191,-0.001618906855583191
21,0.35,14,0,0,,6,stairs down,11,0.0,92.92454528808594,52.20802307128906,-1.157313346862793,1.0114933252334595,0.556984543800354,0.7112573385238647,0.556984543800354,3.983989715576172,3.5615451335906982,0.6666666865348816,0.15392057597637177,0.028018316254019737,0.5057466626167297,0.278492271900177,0.14790484309196472,-0.3367477059364319,0.34051281213760376,-0.010741213336586952,0.5375567674636841,0.05718196555972099,0.10353338718414307,0.10353338718414307,0.0050128125585615635,-0.045282840728759766,0.31709352135658264,0.0,0.0985205746255815,0.0985205746255815,-0.5387963652610779,-0.5387963652610779,-0.49688923358917236,-0.7513182759284973,-1.2713167667388916,0.0,-0.04190713167190552,-0.04190713167190552,0.17025640606880188,0.17025640606880188,-0.12045639753341675,0.3009468615055084,0.04425447806715965,0.0,0.29071280360221863,0.29071280360221863,-0.0075188493356108665,-0.0075188493356108665,-0.046967338770627975,-0.033446334302425385,-0.6649097204208374,0.0,0.03944848943501711,0.03944848943501711,0.26877838373184204,0.26877838373184204,0.17412523925304413,0.5842796564102173,-0.2616402804851532,0.0,0.09465314447879791,0.09465314447879791,0.028590982779860497,0.028590982779860497,0.013693106360733509,-0.02930007129907608,0.2596462070941925,0.0,0.014897876419126987,0.014897876419126987
22,0.36666666666666664,2,0,0,,6,stairs down,11,0.0,92.94773864746094,52.180084228515625,-1.11093008518219,0.9686219096183777,-0.3765118718147278,0.5910781621932983,-0.3765118718147278,4.216531753540039,8.448617935180664,0.6666666865348816,0.3039129376411438,0.08751273155212402,0.48431095480918884,-0.1882559359073639,-0.02426081895828247,0.27524256706237793,0.22528667747974396,-0.4940865635871887,0.04568170756101608,0.3276013731956482,-0.01698257215321064,-0.01698257215321064,0.026079704985022545,1.1993764638900757,1.2956621646881104,0.0,-0.043062277138233185,-0.043062277138233185,0.13762128353118896,0.13762128353118896,-0.18780410289764404,1.5379666090011597,1.6119046211242676,0.0,0.325425386428833,0.325425386428833,0.11264333873987198,0.11264333873987198,-0.008253083564341068,1.682119607925415,1.0179375410079956,0.0,0.12089642230421305,0.12089642230421305,-0.3458606004714966,-0.3458606004714966,-0.1472247987985611,-1.0751839876174927,-1.1212615966796875,0.0,-0.19863580167293549,-0.19863580167293549,0.02284085378050804,0.02284085378050804,0.22415827214717865,-0.5008618235588074,0.1123158261179924,0.0,-0.2013174183666706,-0.2013174183666706,0.1638006865978241,0.1638006865978241,0.1929560750722885,0.9900673031806946,1.5577322244644165,0.0,-0.029155388474464417,-0.029155388474464417
22,0.36666666666666664,8,0,0,,6,stairs down,11,0.0,92.92473602294922,52.234832763671875,-1.1425248384475708,0.37094101309776306,-0.6096715927124023,0.37094101309776306,-0.6096715927124023,2.448791027069092,1.3901342153549194,0.3856695592403412,0.16200071573257446,0.06798695027828217,0.18547050654888153,-0.30483579635620117,0.14230187237262726,0.004474801942706108,0.2877233326435089,0.03355659916996956,0.4594763517379761,0.3089399039745331,0.0996113121509552,0.0996113121509552,0.0021882278379052877,0.1875888705253601,0.9066644310951233,0.0,0.09742308431304991,0.09742308431304991,0.002237400971353054,0.002237400971353054,-0.363535076379776,1.8298181295394897,0.046520546078681946,0.0,0.36577247735112906,0.36577247735112906,0.14386166632175446,0.14386166632175446,-0.12164249271154404,0.12253136187791824,-0.2505161166191101,0.0,0.2655041590332985,0.2655041590332985,0.02348961867392063,0.02348961867392063,-0.0940650925040245,0.20555338263511658,-1.1456081867218018,0.0,0.11755471117794514,0.11755471117794514,0.22973817586898804,0.22973817586898804,0.1890658736228943,1.9962599277496338,0.24367986619472504,0.0,0.04067230224609375,0.04067230224609375,0.15446995198726654,0.15446995198726654,0.07983820885419846,0.9360780715942383,0.938061535358429,0.0,0.07463174313306808,0.07463174313306808
22,0.36666666666666664,14,0,0,,6,stairs down,11,0.0,92.93196868896484,52.209320068359375,-1.157274842262268,1.1098730564117432,0.6075410842895508,0.8640756607055664,0.6075410842895508,4.522979259490967,4.658656597137451,0.6666666865348816,0.14619231224060059,0.0207303948700428,0.5549365282058716,0.3037705421447754,0.14490799605846405,-0.3915611803531647,0.25155186653137207,-0.017093868926167488,0.5985223054885864,-0.038638293743133545,0.1014355942606926,0.1014355942606926,0.00970771349966526,0.21948395669460297,0.19361037015914917,0.0,0.09172788076102734,0.09172788076102734,-0.6264979243278503,-0.6264979243278503,-0.5183081030845642,-1.0244970321655273,-1.0941224098205566,0.0,-0.10818982124328613,-0.10818982124328613,0.12577593326568604,0.12577593326568604,-0.12015733867883682,0.12381111085414886,0.13172480463981628,0.0,0.24593327194452286,0.24593327194452286,-0.011965707875788212,-0.011965707875788212,-0.04823147505521774,-0.008928964845836163,-0.44973263144493103,0.0,0.03626576717942953,0.03626576717942953,0.2992611527442932,0.2992611527442932,0.17584320902824402,0.434520959854126,0.026614874601364136,0.0,0.1234179437160492,0.1234179437160492,-0.019319146871566772,-0.019319146871566772,0.011974221095442772,-0.13896343111991882,0.16118505597114563,0.0,-0.031293367967009544,-0.031293367967009544
23,0.3833333333333333,2,0,0,,6,stairs down,11,0.0,92.95279693603516,52.179683685302734,-1.103678584098816,1.1972453594207764,0.2981376647949219,0.5462049245834351,0.2981376647949219,3.4649829864501953,9.043657302856445,0.6666666865348816,0.2545935809612274,0.052806004881858826,0.5986226797103882,0.14906883239746094,-0.029303045943379402,0.3429529070854187,0.2366422712802887,-0.3987024426460266,0.033198364078998566,0.33547303080558777,-0.020512131974101067,-0.020512131974101067,0.03991108760237694,0.6887617707252502,1.2628518342971802,0.0,-0.060423219576478004,-0.060423219576478004,0.17147645354270935,0.17147645354270935,-0.16753296554088593,1.5618456602096558,1.5867094993591309,0.0,0.3390094190835953,0.3390094190835953,0.11832113564014435,0.11832113564014435,0.011253973469138145,0.8259807229042053,1.244263768196106,0.0,0.1070671621710062,0.1070671621710062,-0.2790917158126831,-0.2790917158126831,-0.15943589806556702,-0.888836145401001,-1.1055601835250854,0.0,-0.11965581774711609,-0.11965581774711609,0.016599182039499283,0.016599182039499283,0.20983779430389404,-0.5540933012962341,-0.09663020074367523,0.0,-0.19323861226439476,-0.19323861226439476,0.16773651540279388,0.16773651540279388,0.20873239636421204,0.600471019744873,1.3642950057983398,0.0,-0.04099588096141815,-0.04099588096141815
23,0.3833333333333333,8,0,0,,6,stairs down,11,0.0,92.931640625,52.23643112182617,-1.1404240131378174,0.9549310207366943,-0.24924364686012268,0.7759097814559937,-0.24924364686012268,4.3168044090271,4.1942830085754395,0.49672967195510864,0.059126775711774826,0.06467255204916,0.47746551036834717,-0.12462182343006134,0.10604463517665863,0.003704037284478545,0.4373309016227722,-0.2748146057128906,0.5435537099838257,-0.020218539983034134,0.07423124462366104,0.07423124462366104,0.011946804821491241,0.37340155243873596,0.6616326570510864,0.0,0.0622844398021698,0.0622844398021698,0.0018520186422392726,0.0018520186422392726,-0.33121129870414734,1.5348451137542725,0.6541959047317505,0.0,0.3330633173463866,0.3330633173463866,0.2186654508113861,0.2186654508113861,-0.12279818952083588,0.23429545760154724,-0.12339667975902557,0.0,0.341463640332222,0.341463640332222,-0.1923702210187912,-0.1923702210187912,-0.09982293099164963,-0.32700657844543457,-0.6851872205734253,0.0,-0.09254729002714157,-0.09254729002714157,0.27177685499191284,0.27177685499191284,0.21852050721645355,1.6744282245635986,0.8408879637718201,0.0,0.05325634777545929,0.05325634777545929,-0.010109269991517067,-0.010109269991517067,0.08422110229730606,0.44956010580062866,0.937385618686676,0.0,-0.09433037228882313,-0.09433037228882313
23,0.3833333333333333,14,0,0,,6,stairs down,11,0.0,92.9395751953125,52.210445404052734,-1.1577026844024658,1.027025818824768,0.7112874984741211,0.7479217052459717,0.7112874984741211,3.835170269012451,4.8150224685668945,0.6666666865348816,0.166456937789917,0.0230167955160141,0.513512909412384,0.35564374923706055,0.15405412018299103,-0.44436028599739075,0.2785385847091675,0.0016268626786768436,0.5606523752212524,-0.0927044153213501,0.10783788561820984,0.10783788561820984,0.014631860889494419,0.2536366879940033,0.20242702960968018,0.0,0.09320602472871542,0.09320602472871542,-0.7109764814376831,-0.7109764814376831,-0.5473132729530334,-1.6919524669647217,-1.070396900177002,0.0,-0.16366320848464966,-0.16366320848464966,0.13926929235458374,0.13926929235458374,-0.11968963593244553,0.20235349237918854,0.12902814149856567,0.0,0.25895892828702927,0.25895892828702927,0.001138803898356855,0.001138803898356855,-0.04840460047125816,-0.04481888189911842,-0.2995246350765228,0.0,0.04954340436961502,0.04954340436961502,0.2803261876106262,0.2803261876106262,0.17179514467716217,0.07384064793586731,0.16561269760131836,0.0,0.10853104293346405,0.10853104293346405,-0.04635220766067505,-0.04635220766067505,0.008597152307629585,-0.43628445267677307,0.058906640857458115,0.0,-0.054949359968304634,-0.054949359968304634
24,0.4,2,0,0,,6,stairs down,11,0.0,92.9571533203125,52.1810417175293,-1.0951178073883057,1.2153561115264893,0.8979417085647583,0.5161131620407104,0.8979417085647583,3.0895297527313232,5.336886882781982,0.5,0.18858548998832703,0.02939537726342678,0.6076780557632446,0.44897085428237915,0.2981845438480377,0.3474648892879486,-0.20174847543239594,-0.41168949007987976,-0.10573586821556091,0.2659720182418823,0.20872917771339417,0.20872917771339417,0.0629851296544075,1.9112643003463745,1.0672252178192139,0.0,0.14574404805898666,0.14574404805898666,0.1737324446439743,0.1737324446439743,-0.15072885155677795,0.9832378029823303,1.5782369375228882,0.0,0.32446129620075226,0.32446129620075226,-0.10087423771619797,-0.10087423771619797,0.01814977638423443,-0.6920499801635742,1.1017298698425293,0.0,-0.1190240141004324,-0.1190240141004324,-0.28818264603614807,-0.28818264603614807,-0.17726506292819977,-1.5917937755584717,-1.0317094326019287,0.0,-0.1109175831079483,-0.1109175831079483,-0.16917739808559418,-0.16917739808559418,0.1883479356765747,-1.6931777000427246,-0.25251504778862,0.0,-0.3575253337621689,-0.3575253337621689,0.13298600912094116,0.13298600912094116,0.20806393027305603,-0.7603574991226196,1.1040147542953491,0.0,-0.07507792115211487,-0.07507792115211487
24,0.4,8,0,0,,6,stairs down,11,0.0,92.93882751464844,52.23792266845703,-1.1387485265731812,1.2760446071624756,0.022244442254304886,0.7682315111160278,0.022244442254304886,4.280090808868408,8.395682334899902,0.6666666865348816,0.08303584158420563,0.0432564914226532,0.6380223035812378,0.011122221127152443,0.14127616584300995,-0.2773355543613434,0.284505695104599,-0.08410070836544037,0.6826404333114624,0.09988143295049667,0.09889331459999084,0.09889331459999084,0.02084091305732727,0.45879361033439636,0.5634151697158813,0.0,0.07805240154266357,0.07805240154266357,-0.44373688101768494,-0.44373688101768494,-0.34347304701805115,-0.7480049133300781,0.9542853832244873,0.0,-0.10026383399963379,-0.10026383399963379,0.1422528475522995,0.1422528475522995,-0.12411312013864517,0.12071540951728821,-0.0015097270952537656,0.0,0.26636596769094467,0.26636596769094467,-0.05887049436569214,-0.05887049436569214,-0.10348241776227951,-0.18697497248649597,-0.5631337761878967,0.0,0.04461192339658737,0.04461192339658737,0.3413202166557312,0.3413202166557312,0.216391921043396,0.24021033942699432,1.124924659729004,0.0,0.1249282956123352,0.1249282956123352,0.04994071647524834,0.04994071647524834,0.08720310777425766,0.21725231409072876,0.7711544632911682,0.0,-0.03726239129900932,-0.03726239129900932
24,0.4,14,0,0,,6,stairs down,11,0.0,92.94723510742188,52.2116584777832,-1.1583280563354492,0.9010298848152161,1.1168073415756226,0.6354261636734009,1.1168073415756226,3.2063140869140625,4.566428184509277,0.6666666865348816,0.14041639864444733,0.025010181590914726,0.45051494240760803,0.5584036707878113,0.07865893095731735,-0.4550340473651886,0.2659798562526703,0.048804521560668945,0.542194128036499,-0.06888703256845474,0.05506125092506409,0.05506125092506409,0.015703028067946434,-0.08231645077466965,0.2198771983385086,0.0,0.03935822285711765,0.03935822285711765,-0.7280544638633728,-0.7280544638633728,-0.576701819896698,-1.6045936346054077,-1.2821977138519287,0.0,-0.1513526439666748,-0.1513526439666748,0.13298992812633514,0.13298992812633514,-0.11723318696022034,0.32176172733306885,0.1540144383907318,0.0,0.2502231150865555,0.2502231150865555,0.03416316583752632,0.03416316583752632,-0.04519473761320114,0.2610190808773041,-0.2127312570810318,0.0,0.07935790345072746,0.07935790345072746,0.2710970640182495,0.2710970640182495,0.16909250617027283,0.1281314343214035,0.13434050977230072,0.0,0.10200455784797668,0.10200455784797668,-0.03444351628422737,-0.03444351628422737,0.0038674501702189445,-0.425432950258255,-0.10983436554670334,0.0,-0.038310966454446316,-0.038310966454446316
25,0.4166666666666667,2,0,0,,6,stairs down,11,0.0,92.96099853515625,52.1839599609375,-1.0854936838150024,1.5885701179504395,0.37598365545272827,0.5145074129104614,0.37598365545272827,3.4049882888793945,5.917079925537109,0.5,0.13357305526733398,0.029282335191965103,0.7942850589752197,0.18799182772636414,-0.1956542730331421,0.17420360445976257,-0.28128597140312195,-0.2007777988910675,-0.14572188258171082,0.5407068133354187,-0.13695798814296722,-0.13695798814296722,0.07402832061052322,0.00344613054767251,1.3548394441604614,0.0,-0.21098630875349045,-0.21098630875349045,0.08710180222988129,0.08710180222988129,-0.13223622739315033,1.1888513565063477,1.3754853010177612,0.0,0.21933802962303162,0.21933802962303162,-0.14064298570156097,-0.14064298570156097,0.012020038440823555,-0.1980437934398651,0.4904825687408447,0.0,-0.15266302414238453,-0.15266302414238453,-0.14054445922374725,-0.14054445922374725,-0.1848505735397339,-0.03857382386922836,-1.22256338596344,0.0,0.04430611431598663,0.04430611431598663,-0.2331550121307373,-0.2331550121307373,0.1591419279575348,-1.8250362873077393,-0.7434343099594116,0.0,-0.3922969400882721,-0.3922969400882721,0.27035340666770935,0.27035340666770935,0.20235665142536163,-0.36726492643356323,0.46871238946914673,0.0,0.06799675524234772,0.06799675524234772
25,0.4166666666666667,8,0,0,,6,stairs down,11,0.0,92.9466552734375,52.239871978759766,-1.1378943920135498,1.1284881830215454,0.2208278775215149,0.6531625986099243,0.2208278775215149,3.5457396507263184,8.871845245361328,0.6666666865348816,0.07880654186010361,0.0317070446908474,0.5642440915107727,0.11041393876075745,-0.00931740365922451,-0.17413364350795746,0.24388061463832855,-0.1927410066127777,0.5919458866119385,0.004632985685020685,-0.006522182375192642,-0.006522182375192642,0.0246879942715168,0.012948772870004177,0.5277643799781799,0.0,-0.031210176646709442,-0.031210176646709442,-0.2786138355731964,-0.2786138355731964,-0.35749825835227966,-0.015673043206334114,0.3742139935493469,0.0,0.07888442277908325,0.07888442277908325,0.12194030731916428,0.12194030731916428,-0.11488346755504608,0.4697226285934448,0.040139634162187576,0.0,0.23682377487421036,0.23682377487421036,-0.1349187046289444,-0.1349187046289444,-0.10464749485254288,-0.06189728528261185,-0.43495410680770874,0.0,-0.03027120977640152,-0.03027120977640152,0.29597294330596924,0.29597294330596924,0.21794217824935913,1.0102745294570923,0.8234499096870422,0.0,0.07803076505661011,0.07803076505661011,0.0023164928425103426,0.0023164928425103426,0.0883866548538208,0.17962859570980072,0.5824071168899536,0.0,-0.08607016201131046,-0.08607016201131046
25,0.4166666666666667,14,0,0,,6,stairs down,11,0.0,92.95504760742188,52.213035583496094,-1.1589818000793457,1.057930588722229,1.2413330078125,0.5618976354598999,1.2413330078125,2.699127197265625,4.809328079223633,0.6666666865348816,0.11157307028770447,0.030657708644866943,0.5289652943611145,0.62066650390625,0.08651391416788101,-0.39310961961746216,0.2853684425354004,0.03271480277180672,0.5690914988517761,-0.18306294083595276,0.06055973842740059,0.06055973842740059,0.015538421459496021,-0.1714889407157898,0.11690188199281693,0.0,0.04502131696790457,0.04502131696790457,-0.6289753913879395,-0.6289753913879395,-0.599648654460907,-0.9096595644950867,-1.3920570611953735,0.0,-0.02932673692703247,-0.02932673692703247,0.1426842212677002,0.1426842212677002,-0.11363469064235687,0.40583717823028564,0.21117588877677917,0.0,0.25631891191005707,0.25631891191005707,0.022900361567735672,0.022900361567735672,-0.042260851711034775,0.17268489301204681,-0.05129639059305191,0.0,0.06516121327877045,0.06516121327877045,0.28454574942588806,0.28454574942588806,0.1749355047941208,0.9458394050598145,0.13222470879554749,0.0,0.10961024463176727,0.10961024463176727,-0.09153147041797638,-0.09153147041797638,-0.0038196879904717207,-0.23383629322052002,-0.21737754344940186,0.0,-0.08771178242750466,-0.08771178242750466
26,0.43333333333333335,2,0,0,,6,stairs down,11,0.0,92.9640884399414,52.18921661376953,-1.0756701231002808,1.5427343845367432,0.35659003257751465,0.5146170854568481,0.35659003257751465,2.586756706237793,7.569191932678223,0.5,0.08997030556201935,0.04602214694023132,0.7713671922683716,0.17829501628875732,-0.2813102602958679,0.306995153427124,-0.1962793469429016,-0.3160945475101471,-0.08243449777364731,0.08472415804862976,-0.19691717624664307,-0.19691717624664307,0.06486247479915619,-1.0809353590011597,0.8943395018577576,0.0,-0.26177965104579926,-0.26177965104579926,0.153497576713562,0.153497576713562,-0.11153824627399445,1.430872917175293,1.3118879795074463,0.0,0.26503582298755646,0.26503582298755646,-0.0981396734714508,-0.0981396734714508,0.008721042424440384,-0.19102343916893005,0.25586074590682983,0.0,-0.10686071589589119,-0.10686071589589119,-0.22126618027687073,-0.22126618027687073,-0.18364690244197845,0.3098985552787781,-0.8191077709197998,0.0,-0.03761927783489227,-0.03761927783489227,-0.13189519941806793,-0.13189519941806793,0.1320527195930481,-1.4125847816467285,-1.1120003461837769,0.0,-0.26394791901111603,-0.26394791901111603,0.04236207902431488,0.04236207902431488,0.18171699345111847,-1.1315810680389404,0.18384526669979095,0.0,-0.1393549144268036,-0.1393549144268036
26,0.43333333333333335,8,0,0,,6,stairs down,11,0.0,92.95512390136719,52.24199295043945,-1.1375421285629272,1.172374963760376,0.4600397050380707,0.5714402198791504,0.4600397050380707,2.918443202972412,4.857750415802002,0.5,0.06817381083965302,0.04177703708410263,0.586187481880188,0.23001985251903534,-0.014264696277678013,-0.31228864192962646,0.43296682834625244,-0.19191765785217285,0.5930538773536682,-0.010319140739738941,-0.009985287673771381,-0.009985287673771381,0.025507107377052307,-0.15806813538074493,0.3523361086845398,0.0,-0.03549239505082369,-0.03549239505082369,-0.4996618330478668,-0.4996618330478668,-0.3765629231929779,-1.2008212804794312,0.24135631322860718,0.0,-0.12309890985488892,-0.12309890985488892,0.21648341417312622,0.21648341417312622,-0.1091490238904953,0.42693302035331726,0.18652406334877014,0.0,0.3256324380636215,0.3256324380636215,-0.13434235751628876,-0.13434235751628876,-0.1037076786160469,-0.01856001652777195,-0.3078314960002899,0.0,-0.030634678900241852,-0.030634678900241852,0.2965269386768341,0.2965269386768341,0.2220621258020401,0.42383354902267456,0.8871121406555176,0.0,0.074464812874794,0.074464812874794,-0.005159570369869471,-0.005159570369869471,0.09069410711526871,0.1764206886291504,0.4451565444469452,0.0,-0.09585367748513818,-0.09585367748513818
26,0.43333333333333335,14,0,0,,6,stairs down,11,0.0,92.9627914428711,52.21420669555664,-1.1600573062896729,1.1664363145828247,1.1426365375518799,0.518101692199707,1.1426365375518799,2.4612181186676025,1.2678108215332031,0.5,0.0764383003115654,0.02911127172410488,0.5832181572914124,0.5713182687759399,0.16313405334949493,-0.3500283360481262,0.2734023332595825,0.12213806807994843,0.5976977348327637,-0.1405518352985382,0.11419383436441422,0.11419383436441422,0.014197813346982002,-0.64398592710495,0.018630003556609154,0.0,0.09999602101743221,0.09999602101743221,-0.5600453615188599,-0.5600453615188599,-0.6063814759254456,-0.1568579524755478,-1.2276755571365356,0.0,0.04633611440658569,0.04633611440658569,0.13670116662979126,0.13670116662979126,-0.11166271567344666,0.612456202507019,0.27750855684280396,0.0,0.24836388230323792,0.24836388230323792,0.08549664914608002,0.08549664914608002,-0.03546017035841942,0.5730570554733276,0.025027332827448845,0.0,0.12095681950449944,0.12095681950449944,0.29884886741638184,0.29884886741638184,0.19690003991127014,1.1580795049667358,0.4094715416431427,0.0,0.1019488275051117,0.1019488275051117,-0.0702759176492691,-0.0702759176492691,-0.006656233221292496,0.06518758088350296,-0.22298601269721985,0.0,-0.06361968442797661,-0.06361968442797661
27,0.45,2,0,0,,6,stairs down,11,0.0,92.96721649169922,52.197017669677734,-1.066413402557373,1.6080399751663208,0.9072683453559875,0.5202068090438843,0.9072683453559875,2.0314669609069824,6.521589279174805,0.5,-0.0017004460096359253,0.08229665458202362,0.8040199875831604,0.4536341726779938,-0.37952080368995667,0.33705416321754456,-0.24653328955173492,-0.4048754870891571,0.2049565464258194,-0.00036243160138837993,-0.26566454768180847,-0.26566454768180847,0.04007814824581146,-1.7027020454406738,0.22124603390693665,0.0,-0.30574269592761993,-0.30574269592761993,0.16852708160877228,0.16852708160877228,-0.08143610507249832,1.9881662130355835,1.352433204650879,0.0,0.2499631866812706,0.2499631866812706,-0.12326664477586746,-0.12326664477586746,-0.003092010272666812,-0.9539863467216492,0.1035807728767395,0.0,-0.12017463450320065,-0.12017463450320065,-0.2834128439426422,-0.2834128439426422,-0.17802676558494568,0.21255724132061005,-0.43438827991485596,0.0,-0.10538607835769653,-0.10538607835769653,0.1024782732129097,0.1024782732129097,0.11658008396625519,-0.5645100474357605,-1.2144273519515991,0.0,-0.01410181075334549,-0.01410181075334549,-0.00018121580069418997,-0.00018121580069418997,0.15408790111541748,-1.852491855621338,-0.26439857482910156,0.0,-0.15426911691611167,-0.15426911691611167
27,0.45,8,0,0,,6,stairs down,11,0.0,92.96401977539062,52.24436950683594,-1.1386412382125854,1.409224033355713,1.3810973167419434,0.5190296173095703,1.3810973167419434,2.5397911071777344,6.206140518188477,0.5,0.03158366680145264,0.023108255118131638,0.7046120166778564,0.6905486583709717,0.1238950788974762,-0.4563691318035126,0.2828105390071869,-0.27255406975746155,0.7201611995697021,-0.32422971725463867,0.08672655373811722,0.08672655373811722,0.030296938493847847,0.6364771723747253,0.178411066532135,0.0,0.05642961524426937,0.05642961524426937,-0.730190634727478,-0.730190634727478,-0.4081003963947296,-1.9766428470611572,-0.2500792145729065,0.0,-0.3220902383327484,-0.3220902383327484,0.14140526950359344,0.14140526950359344,-0.10309626162052155,-0.10557173937559128,0.2684456706047058,0.0,0.244501531124115,0.244501531124115,-0.19078785181045532,-0.19078785181045532,-0.10323463380336761,-0.08182975649833679,-0.2092595249414444,0.0,-0.08755321800708771,-0.08755321800708771,0.3600805997848511,0.3600805997848511,0.22423557937145233,0.46505603194236755,0.7292456030845642,0.0,0.13584502041339874,0.13584502041339874,-0.16211485862731934,-0.16211485862731934,0.08674925565719604,-0.4868665933609009,0.3535822629928589,0.0,-0.24886411428451538,-0.24886411428451538
27,0.45,14,0,0,,6,stairs down,11,0.0,92.97020721435547,52.215484619140625,-1.1597834825515747,1.4415981769561768,1.3898365497589111,0.5182169675827026,1.3898365497589111,2.3058433532714844,3.492457151412964,0.6666666865348816,0.06544982641935349,0.025477781891822815,0.7207990884780884,0.6949182748794556,0.020825570449233055,-0.32037153840065,0.36642518639564514,0.025700464844703674,0.6712514758110046,-0.19714371860027313,0.014577899128198624,0.014577899128198624,0.0036287473049014807,-0.8927066922187805,-0.20716258883476257,0.0,0.010949151823297143,0.010949151823297143,-0.51259446144104,-0.51259446144104,-0.5961965322494507,0.7551494836807251,-0.8627843856811523,0.0,0.08360207080841064,0.08360207080841064,0.18321259319782257,0.18321259319782257,-0.10714462399482727,0.5360081791877747,0.3916451036930084,0.0,0.29035721719264984,0.29035721719264984,0.017990324646234512,0.017990324646234512,-0.023422876372933388,0.6249975562095642,0.2117735892534256,0.0,0.0414132010191679,0.0414132010191679,0.3356257379055023,0.3356257379055023,0.22262589633464813,1.6045432090759277,0.664566695690155,0.0,0.11299984157085419,0.11299984157085419,-0.09857185930013657,-0.09857185930013657,-0.007185717578977346,0.10028988122940063,-0.12478815019130707,0.0,-0.09138614172115922,-0.09138614172115922
28,0.4666666666666667,2,0,0,,6,stairs down,11,0.0,92.97074890136719,52.206268310546875,-1.0600336790084839,1.7129842042922974,1.5937678813934326,0.5146719217300415,1.5937678813934326,2.237306594848633,8.529218673706055,0.5096420645713806,-0.07351626455783844,0.1389613151550293,0.8564921021461487,0.7968839406967163,-0.07462576031684875,0.30669263005256653,-0.18088369071483612,-0.4831937551498413,0.3642899692058563,0.027065297588706017,-0.05223803222179413,-0.05223803222179413,0.02163912169635296,-0.8570493459701538,-0.43435731530189514,0.0,-0.07387715391814709,-0.07387715391814709,0.15334631502628326,0.15334631502628326,-0.058126576244831085,1.9549007415771484,1.5690650939941406,0.0,0.21147289127111435,0.21147289127111435,-0.09044184535741806,-0.09044184535741806,-0.01852000318467617,-0.8427837491035461,-0.25679513812065125,0.0,-0.07192184217274189,-0.07192184217274189,-0.33823561668395996,-0.33823561668395996,-0.19014553725719452,-1.103435754776001,-0.21393553912639618,0.0,-0.14809007942676544,-0.14809007942676544,0.18214498460292816,0.18214498460292816,0.1098640188574791,0.5602262616157532,-0.9929618835449219,0.0,0.07228096574544907,0.07228096574544907,0.013532648794353008,0.013532648794353008,0.12752589583396912,-0.8487340211868286,-0.8055562376976013,0.0,-0.11399324703961611,-0.11399324703961611
28,0.4666666666666667,8,0,0,,6,stairs down,11,0.0,92.97386932373047,52.24644088745117,-1.1395305395126343,1.3184852600097656,0.6924391388893127,0.5188546180725098,0.6924391388893127,2.6185193061828613,6.580670356750488,0.5,0.015114804729819298,0.013710475526750088,0.6592426300048828,0.34621956944465637,-0.05093928799033165,-0.37439635396003723,0.17360976338386536,-0.3288319706916809,0.5919411182403564,-0.20164944231510162,-0.035657502710819244,-0.035657502710819244,0.040592558681964874,0.20222444832324982,0.33450138568878174,0.0,-0.07625006139278412,-0.07625006139278412,-0.5990341901779175,-0.5990341901779175,-0.439188152551651,-1.8403576612472534,-0.8384219408035278,0.0,-0.15984603762626648,-0.15984603762626648,0.08680488169193268,0.08680488169193268,-0.10965395718812943,0.467545747756958,0.14099572598934174,0.0,0.1964588388800621,0.1964588388800621,-0.23018237948417664,-0.23018237948417664,-0.10291951149702072,-0.03342314437031746,-0.1658366322517395,0.0,-0.12726286798715591,-0.12726286798715591,0.2959705591201782,0.2959705591201782,0.23221798241138458,0.6380351185798645,0.6392205357551575,0.0,0.06375257670879364,0.06375257670879364,-0.10082472115755081,-0.10082472115755081,0.08309963345527649,-0.18575678765773773,0.06719142943620682,0.0,-0.1839243546128273,-0.1839243546128273
28,0.4666666666666667,14,0,0,,6,stairs down,11,0.0,92.97721099853516,52.21688461303711,-1.1593914031982422,1.5480966567993164,1.3537044525146484,0.5186800956726074,1.3537044525146484,2.2338876724243164,2.9610469341278076,0.6666666865348816,0.054712362587451935,0.01979074440896511,0.7740483283996582,0.6768522262573242,0.07044576853513718,-0.29320991039276123,0.5186356902122498,-0.05580943450331688,0.7674808502197266,-0.2754803001880646,0.049312036484479904,0.049312036484479904,-0.006942054256796837,-0.8545603156089783,-0.44076815247535706,0.0,0.05625409074127674,0.05625409074127674,-0.4691358506679535,-0.4691358506679535,-0.5780502557754517,1.0883759260177612,-0.3114582598209381,0.0,0.10891440510749817,0.10891440510749817,0.2593178451061249,0.2593178451061249,-0.09937771409749985,0.834968626499176,0.44083818793296814,0.0,0.3586955592036247,0.3586955592036247,-0.039066605269908905,-0.039066605269908905,-0.018943168222904205,0.05560639873147011,0.35258352756500244,0.0,-0.0201234370470047,-0.0201234370470047,0.3837404251098633,0.3837404251098633,0.25245821475982666,1.5928834676742554,0.9848724603652954,0.0,0.13128221035003662,0.13128221035003662,-0.1377401500940323,-0.1377401500940323,-0.002989456756040454,0.41168272495269775,-0.04809069633483887,0.0,-0.13475069333799183,-0.13475069333799183
29,0.48333333333333334,2,0,0,,6,stairs down,11,0.0,92.97543334960938,52.21467971801758,-1.0554863214492798,1.4811038970947266,1.2289133071899414,0.5212820768356323,1.2289133071899414,2.7613563537597656,6.6666669845581055,0.3333333432674408,-0.07180014252662659,0.14815214276313782,0.7405519485473633,0.6144566535949707,0.2636544108390808,0.17190828919410706,-0.07722526788711548,-0.10646355152130127,0.36831891536712646,0.2713024318218231,0.18455807864665985,0.18455807864665985,0.016310792416334152,-0.03738314285874367,-0.5783935785293579,0.0,0.1682472862303257,0.1682472862303257,0.08595414459705353,0.08595414459705353,-0.04608303681015968,0.8174132108688354,1.7005420923233032,0.0,0.1320371814072132,0.1320371814072132,-0.03861263394355774,-0.03861263394355774,-0.030002901330590248,-0.5076999664306641,-0.45647624135017395,0.0,-0.008609732612967491,-0.008609732612967491,-0.07452448457479477,-0.07452448457479477,-0.21019522845745087,-1.090413212776184,-0.5170410871505737,0.0,0.1356707438826561,0.1356707438826561,0.18415945768356323,0.18415945768356323,0.11088652908802032,0.6874702572822571,-0.46369844675064087,0.0,0.07327292859554291,0.07327292859554291,0.13565121591091156,0.13565121591091156,0.11021313816308975,-0.8522650003433228,-0.8202694654464722,0.0,0.025438077747821808,0.025438077747821808
29,0.48333333333333334,8,0,0,,6,stairs down,11,0.0,92.9836196899414,52.24958801269531,-1.1402099132537842,1.454374074935913,0.2747846841812134,0.5281368494033813,0.2747846841812134,2.6033053398132324,5.1647233963012695,0.5,0.01533679198473692,0.019841399043798447,0.7271870374679565,0.1373923420906067,-0.30238351225852966,-0.5302332639694214,0.13701757788658142,-0.2886391580104828,0.7235214114189148,-0.08552245795726776,-0.211668461561203,-0.211668461561203,0.030490919947624207,-1.0981454849243164,0.2894267737865448,0.0,-0.2421593815088272,-0.2421593815088272,-0.8483732342720032,-0.8483732342720032,-0.47237783670425415,-1.8817564249038696,-1.1798409223556519,0.0,-0.375995397567749,-0.375995397567749,0.06850878894329071,0.06850878894329071,-0.09234949946403503,1.3767906427383423,0.2522706985473633,0.0,0.16085828840732574,0.16085828840732574,-0.2020474076271057,-0.2020474076271057,-0.09752792119979858,0.48246100544929504,-0.12071549147367477,0.0,-0.10451948642730713,-0.10451948642730713,0.3617607057094574,0.3617607057094574,0.23093925416469574,0.2698376774787903,0.6388165950775146,0.0,0.13082145154476166,0.13082145154476166,-0.04276122897863388,-0.04276122897863388,0.07814311981201172,0.3673038184642792,-0.019003046676516533,0.0,-0.1209043487906456,-0.1209043487906456
29,0.48333333333333334,14,0,0,,6,stairs down,11,0.0,92.98395538330078,52.218589782714844,-1.1585702896118164,1.6086572408676147,1.371763825416565,0.5223121643066406,1.371763825416565,2.15366268157959,2.8701913356781006,0.6666666865348816,0.05618911609053612,0.0416872575879097,0.8043286204338074,0.6858819127082825,0.06119488924741745,-0.21980585157871246,0.47424575686454773,0.06764278560876846,0.7386959791183472,-0.013290395960211754,0.042836420238018036,0.042836420238018036,-0.015605486929416656,-0.6643491983413696,-0.5817716717720032,0.0,0.05844190716743469,0.05844190716743469,-0.3516893684864044,-0.3516893684864044,-0.5541417002677917,1.402835726737976,0.16554835438728333,0.0,0.20245233178138733,0.20245233178138733,0.23712287843227386,0.23712287843227386,-0.0893477126955986,0.9011738896369934,0.5751417875289917,0.0,0.32647059112787247,0.32647059112787247,0.047349948436021805,0.047349948436021805,-0.021434489637613297,-0.29819974303245544,0.25138577818870544,0.0,0.0687844380736351,0.0687844380736351,0.3693479895591736,0.3693479895591736,0.28637760877609253,2.004835367202759,1.1920578479766846,0.0,0.08297038078308105,0.08297038078308105,-0.006645197980105877,-0.006645197980105877,0.0014801546931266785,0.37205687165260315,0.10858140885829926,0.0,-0.008125352673232555,-0.008125352673232555
30,0.5,2,0,0,,6,stairs down,11,0.0,92.98124694824219,52.22052764892578,-1.0528713464736938,1.56876540184021,0.8216479420661926,0.5148916244506836,0.8216479420661926,3.3558900356292725,4.784085750579834,0.3333333432674408,-0.023199401795864105,0.12710684537887573,0.784382700920105,0.4108239710330963,0.19875024259090424,-0.17703408002853394,-0.16564521193504333,0.1512562483549118,0.592083215713501,0.40725287795066833,0.13912516832351685,0.13912516832351685,0.010613063350319862,-0.4618932902812958,-0.39403918385505676,0.0,0.12851210497319698,0.12851210497319698,-0.2832545340061188,-0.2832545340061188,-0.05894237756729126,-0.8833487629890442,1.3996076583862305,0.0,-0.22431215643882751,-0.22431215643882751,-0.08282260596752167,-0.08282260596752167,-0.03978085145354271,-0.5064698457717896,-0.4739311933517456,0.0,-0.04304175451397896,-0.04304175451397896,0.10587937384843826,0.10587937384843826,-0.2137082815170288,0.3348993957042694,-0.7124229669570923,0.0,0.31958765536546707,0.31958765536546707,0.2960416078567505,0.2960416078567505,0.10136563330888748,-0.10542245954275131,-0.07142692804336548,0.0,0.194675974547863,0.194675974547863,0.20362643897533417,0.20362643897533417,0.0936642661690712,-0.7659977078437805,-0.8311721682548523,0.0,0.10996217280626297,0.10996217280626297
30,0.5,8,0,0,,6,stairs down,11,0.0,92.99356079101562,52.2536735534668,-1.1414220333099365,1.3204302787780762,0.7383172512054443,0.5272877216339111,0.7383172512054443,2.2006702423095703,3.579742431640625,0.5,0.04723796248435974,0.04384135454893112,0.6602151393890381,0.36915862560272217,-0.3754768371582031,-0.5156697630882263,0.26981040835380554,-0.29135188460350037,0.7449125051498413,0.056175313889980316,-0.26283377408981323,-0.26283377408981323,0.00868041068315506,-1.1295547485351562,-0.18340148031711578,0.0,-0.2715141847729683,-0.2715141847729683,-0.8250716328620911,-0.8250716328620911,-0.5053513646125793,-1.9935998916625977,-1.419025182723999,0.0,-0.3197202682495117,-0.3197202682495117,0.13490520417690277,0.13490520417690277,-0.06982582807540894,0.707068681716919,0.6354613900184631,0.0,0.2047310322523117,0.2047310322523117,-0.2039463222026825,-0.2039463222026825,-0.09026951342821121,0.23184767365455627,0.08482255041599274,0.0,-0.11367680877447128,-0.11367680877447128,0.37245625257492065,0.37245625257492065,0.22817696630954742,0.03624466806650162,0.5130835771560669,0.0,0.14427928626537323,0.14427928626537323,0.028087656944990158,0.028087656944990158,0.07788100838661194,-0.01356559619307518,0.11263463646173477,0.0,-0.04979335144162178,-0.04979335144162178
30,0.5,14,0,0,,6,stairs down,11,0.0,92.99028778076172,52.22026062011719,-1.1577613353729248,1.4267685413360596,1.1057713031768799,0.528071403503418,1.1057713031768799,2.1029508113861084,0.7519940137863159,0.5,0.05306479334831238,0.03443444147706032,0.7133842706680298,0.5528856515884399,0.12610439956188202,-0.12655232846736908,0.4324147701263428,0.14532725512981415,0.7560449838638306,0.06450767070055008,0.0882730782032013,0.0882730782032013,-0.021873261779546738,-0.32599931955337524,-0.6099107265472412,0.0,0.11014633998274803,0.11014633998274803,-0.20248372852802277,-0.20248372852802277,-0.5234429836273193,1.7645692825317383,0.5871655941009521,0.0,0.32095925509929657,0.32095925509929657,0.2162073850631714,0.2162073850631714,-0.08160129189491272,0.5844892859458923,0.6862402558326721,0.0,0.2978086769580841,0.2978086769580841,0.10172908008098602,0.10172908008098602,-0.025097357109189034,-0.3424173593521118,0.06410935521125793,0.0,0.12682643719017506,0.12682643719017506,0.3780224919319153,0.3780224919319153,0.3226148188114166,1.9559299945831299,1.4690192937850952,0.0,0.05540767312049866,0.05540767312049866,0.03225383535027504,0.03225383535027504,0.007836975157260895,0.135107159614563,0.19836314022541046,0.0,0.024416860193014145,0.024416860193014145
31,0.5166666666666666,2,0,0,,6,stairs down,11,0.0,92.98854064941406,52.22496032714844,-1.0539630651474,1.276603102684021,0.4012235701084137,0.5372014045715332,0.4012235701084137,2.7973811626434326,1.6045761108398438,0.1666666716337204,0.06322337687015533,0.1035141572356224,0.6383015513420105,0.20061178505420685,0.18058866262435913,-0.10182949155569077,-0.13714268803596497,-0.0483466237783432,0.7038089036941528,-0.08176803588867188,0.1264120638370514,0.1264120638370514,0.007960068061947823,-0.03855448216199875,-0.41716110706329346,0.0,0.11845199577510357,0.11845199577510357,-0.16292719542980194,-0.16292719542980194,-0.06461507081985474,-0.7808908224105835,0.621668815612793,0.0,-0.0983121246099472,-0.0983121246099472,-0.06857134401798248,-0.06857134401798248,-0.051229752600193024,-0.946602463722229,-0.4850190281867981,0.0,-0.01734159141778946,-0.01734159141778946,-0.03384263440966606,-0.03384263440966606,-0.20619606971740723,0.808473527431488,-0.3555380403995514,0.0,0.17235343530774117,0.17235343530774117,0.3519044518470764,0.3519044518470764,0.11538556218147278,1.3465266227722168,-0.08301122486591339,0.0,0.23651888966560364,0.23651888966560364,-0.04088401794433594,-0.04088401794433594,0.07141312211751938,-1.3026494979858398,-0.8089633584022522,0.0,-0.11229714006185532,-0.11229714006185532
31,0.5166666666666666,8,0,0,,6,stairs down,11,0.0,93.0042495727539,52.2577018737793,-1.1432174444198608,1.4131793975830078,1.9399564266204834,0.5276786088943481,1.9399564266204834,2.761786460876465,3.4436187744140625,0.3333333432674408,0.05309063196182251,0.07829254865646362,0.7065896987915039,0.9699782133102417,-0.022337662056088448,-0.24445784091949463,0.46454137563705444,-0.350104957818985,0.6235722303390503,-0.14092811942100525,-0.015636363998055458,-0.015636363998055458,-0.00021757416834589094,0.16167812049388885,-0.5058120489120483,0.0,-0.015418789829709567,-0.015418789829709567,-0.39113256335258484,-0.39113256335258484,-0.5181851387023926,-0.22957219183444977,-1.6148169040679932,0.0,0.12705257534980774,0.12705257534980774,0.23227068781852722,0.23227068781852722,-0.05308694392442703,0.7785066962242126,0.659862220287323,0.0,0.28535763174295425,0.28535763174295425,-0.24507346749305725,-0.24507346749305725,-0.09368190169334412,-0.9270874261856079,0.13492274284362793,0.0,-0.15139156579971313,-0.15139156579971313,0.31178611516952515,0.31178611516952515,0.24940617382526398,1.9944610595703125,0.35059624910354614,0.0,0.06237994134426117,0.06237994134426117,-0.07046405971050262,-0.07046405971050262,0.07844603806734085,-0.47625958919525146,0.06963072717189789,0.0,-0.14891009777784348,-0.14891009777784348
31,0.5166666666666666,14,0,0,,6,stairs down,11,0.0,92.99632263183594,52.22148132324219,-1.1565883159637451,1.405705451965332,0.804756760597229,0.5293941497802734,0.804756760597229,2.139035940170288,2.0306308269500732,0.6666666865348816,0.0592350959777832,0.027580875903367996,0.702852725982666,0.4023783802986145,0.13831394910812378,-0.13438311219215393,0.3557651937007904,0.3688831925392151,0.7583284378051758,0.11079920083284378,0.09681976586580276,0.09681976586580276,-0.028716066852211952,-0.573699951171875,-0.5131652355194092,0.0,0.12553583271801472,0.12553583271801472,-0.21501298248767853,-0.21501298248767853,-0.49485963582992554,1.863340973854065,0.9883769154548645,0.0,0.279846653342247,0.279846653342247,0.1778825968503952,0.1778825968503952,-0.07677027583122253,0.40125760436058044,0.6515676379203796,0.0,0.25465287268161774,0.25465287268161774,0.2582182288169861,0.2582182288169861,-0.022609306499361992,0.4802304804325104,-0.07441843301057816,0.0,0.2808275353163481,0.2808275353163481,0.3791642189025879,0.3791642189025879,0.35280776023864746,1.7821661233901978,1.6349387168884277,0.0,0.02635645866394043,0.02635645866394043,0.05539960041642189,0.05539960041642189,0.010506310500204563,0.25520357489585876,0.17680805921554565,0.0,0.04489328991621733,0.04489328991621733
32,0.5333333333333333,2,0,0,,6,stairs down,11,0.0,92.99708557128906,52.22833251953125,-1.05813729763031,1.191101312637329,0.9354968070983887,0.587266206741333,0.9354968070983887,2.051819324493408,8.610716819763184,0.5,0.09409480541944504,0.09417800605297089,0.5955506563186646,0.46774840354919434,-0.10614772140979767,-0.33782777190208435,-0.04651763662695885,-0.021379142999649048,0.8047174215316772,-0.27552530169487,-0.07430340349674225,-0.07430340349674225,0.0002776026085484773,-0.6199139356613159,-0.28814733028411865,0.0,-0.07458100610529073,-0.07458100610529073,-0.540524423122406,-0.540524423122406,-0.09809239208698273,-1.956467628479004,0.1437334567308426,0.0,-0.4424320310354233,-0.4424320310354233,-0.023258818313479424,-0.023258818313479424,-0.06746771931648254,-1.205676794052124,-0.6423078775405884,0.0,0.04420890100300312,0.04420890100300312,-0.014965400099754333,-0.014965400099754333,-0.18049441277980804,1.8377712965011597,0.041109807789325714,0.0,0.1655290126800537,0.1655290126800537,0.4023587107658386,0.4023587107658386,0.1256999373435974,1.5885745286941528,0.4041171967983246,0.0,0.2766587734222412,0.2766587734222412,-0.137762650847435,-0.137762650847435,0.046758346259593964,-1.7672572135925293,-0.9771915078163147,0.0,-0.18452099710702896,-0.18452099710702896
32,0.5333333333333333,8,0,0,,6,stairs down,11,0.0,93.01544189453125,52.26110076904297,-1.1441822052001953,1.4797465801239014,1.6735442876815796,0.5551992654800415,1.6735442876815796,2.662092685699463,3.5643649101257324,0.5,0.02997545525431633,0.07404999434947968,0.7398732900619507,0.8367721438407898,-0.13159684836864471,-0.11216616630554199,0.2965485453605652,0.22227659821510315,0.6827574968338013,0.1324550360441208,-0.0921177938580513,-0.0921177938580513,-0.013337762095034122,-1.2290509939193726,-0.27835848927497864,0.0,-0.07878003176301718,-0.07878003176301718,-0.1794658750295639,-0.1794658750295639,-0.5100914239883423,0.8068527579307556,-1.1427817344665527,0.0,0.3306255489587784,0.3306255489587784,0.1482742726802826,0.1482742726802826,-0.037554025650024414,0.892179012298584,0.7002913951873779,0.0,0.185828298330307,0.185828298330307,0.1555936187505722,0.1555936187505722,-0.08656139671802521,0.9522178769111633,-0.22696717083454132,0.0,0.2421550154685974,0.2421550154685974,0.34137874841690063,0.34137874841690063,0.28451666235923767,1.9917137622833252,0.9107585549354553,0.0,0.056862086057662964,0.056862086057662964,0.0662275180220604,0.0662275180220604,0.07602293789386749,0.04255971685051918,-0.11638651043176651,0.0,-0.009795419871807098,-0.009795419871807098
32,0.5333333333333333,14,0,0,,6,stairs down,11,0.0,93.00205993652344,52.2219352722168,-1.155257225036621,1.5382428169250488,0.5414959192276001,0.5193221569061279,0.5414959192276001,2.007463216781616,2.3189821243286133,0.6666666865348816,0.04967286437749863,0.01967129483819008,0.7691214084625244,0.27074795961380005,0.09834249317646027,-0.1707308441400528,0.3304026126861572,0.1564321666955948,0.6782655715942383,-0.13113561272621155,0.06883974373340607,0.06883974373340607,-0.034409500658512115,-0.13544929027557373,-0.5337929725646973,0.0,0.10324924439191818,0.10324924439191818,-0.2731693685054779,-0.2731693685054779,-0.4758724272251129,1.0818641185760498,1.2865290641784668,0.0,0.202703058719635,0.202703058719635,0.1652013063430786,0.1652013063430786,-0.07420746237039566,0.002355768345296383,0.5662721395492554,0.0,0.23940876871347427,0.23940876871347427,0.10950251668691635,0.10950251668691635,-0.01789969392120838,0.34506434202194214,0.11458338052034378,0.0,0.12740221060812473,0.12740221060812473,0.33913278579711914,0.33913278579711914,0.37190502882003784,0.8918128609657288,1.6851078271865845,0.0,-0.0327722430229187,-0.0327722430229187,-0.06556780636310577,-0.06556780636310577,0.01733827404677868,0.1767936795949936,0.20352205634117126,0.0,-0.08290608040988445,-0.08290608040988445
33,0.55,2,0,0,,6,stairs down,11,0.0,93.00750732421875,52.23134231567383,-1.0633598566055298,1.283132791519165,1.7714693546295166,0.656624436378479,1.7714693546295166,2.380474805831909,9.734583854675293,0.5,0.14333942532539368,0.06320180743932724,0.6415663957595825,0.8857346773147583,-0.3920861482620239,-0.5461050271987915,0.05734783038496971,-0.3307031989097595,0.8199581503868103,-0.6341587901115417,-0.2744602859020233,-0.2744602859020233,-0.013760555535554886,-1.1275280714035034,-0.40119990706443787,0.0,-0.26069973036646843,-0.26069973036646843,-0.8737680315971375,-0.8737680315971375,-0.1310712993144989,-2.000659704208374,-0.5719297528266907,0.0,-0.7426967322826385,-0.7426967322826385,0.028673915192484856,0.028673915192484856,-0.08229910582304001,0.04698098450899124,-0.8342810869216919,0.0,0.11097302101552486,0.11097302101552486,-0.23149223625659943,-0.23149223625659943,-0.15051326155662537,1.5876905918121338,0.6533390283584595,0.0,-0.08097897469997406,-0.08097897469997406,0.40997907519340515,0.40997907519340515,0.1516733169555664,2.0760884284973145,0.807732105255127,0.0,0.25830575823783875,0.25830575823783875,-0.3170793950557709,-0.3170793950557709,0.02505534701049328,-1.4035279750823975,-1.2464138269424438,0.0,-0.34213474206626415,-0.34213474206626415
33,0.55,8,0,0,,6,stairs down,11,0.0,93.02691650390625,52.2640266418457,-1.143646478652954,1.6409615278244019,1.4833569526672363,0.6432209014892578,1.4833569526672363,2.3617682456970215,4.496053695678711,0.6320995092391968,0.05834917724132538,0.017665348947048187,0.8204807639122009,0.7416784763336182,-0.1208786815404892,-0.09167496860027313,0.2600575387477875,-0.18633754551410675,0.8293920755386353,-0.2813226282596588,-0.0846150740981102,-0.0846150740981102,-0.02096415124833584,-0.3499763309955597,-0.6023158431053162,0.0,-0.06365092284977436,-0.06365092284977436,-0.14667995274066925,-0.14667995274066925,-0.49217328429222107,1.3956246376037598,-0.4784255027770996,0.0,0.3454933315515518,0.3454933315515518,0.13002876937389374,0.13002876937389374,-0.031937818974256516,0.43679341673851013,0.765678882598877,0.0,0.16196658834815025,0.16196658834815025,-0.13043628633022308,-0.13043628633022308,-0.08059428632259369,0.21544845402240753,0.174851194024086,0.0,-0.049842000007629395,-0.049842000007629395,0.4146960377693176,0.4146960377693176,0.3190048635005951,1.9915763139724731,1.2791041135787964,0.0,0.09569117426872253,0.09569117426872253,-0.1406613141298294,-0.1406613141298294,0.07256268709897995,-0.1860978901386261,-0.06222409009933472,0.0,-0.21322400122880936,-0.21322400122880936
33,0.55,14,0,0,,6,stairs down,11,0.0,93.00757598876953,52.22235870361328,-1.1541070938110352,1.446513056755066,0.5655688643455505,0.5421350002288818,0.5655688643455505,2.181192398071289,3.4245357513427734,0.6666666865348816,0.045147836208343506,0.02818119525909424,0.723256528377533,0.28278443217277527,0.03770725429058075,-0.328955739736557,0.2486148178577423,0.09158040583133698,0.5819393992424011,-0.11461362987756729,0.026395076885819435,0.026395076885819435,-0.03525445982813835,0.04185110703110695,-0.3980536162853241,0.0,0.06164953671395779,0.06164953671395779,-0.5263292193412781,-0.5263292193412781,-0.48520395159721375,-0.8401209115982056,1.216787576675415,0.0,-0.04112526774406433,-0.04112526774406433,0.12430740892887115,0.12430740892887115,-0.07755885273218155,-0.08205296844244003,0.3741123378276825,0.0,0.2018662616610527,0.2018662616610527,0.064106285572052,0.064106285572052,-0.01205196138471365,0.11534357815980911,0.19312192499637604,0.0,0.07615824695676565,0.07615824695676565,0.29096969962120056,0.29096969962120056,0.3613435626029968,-0.8147130012512207,1.4147850275039673,0.0,-0.07037386298179626,-0.07037386298179626,-0.057306814938783646,-0.057306814938783646,0.019853541627526283,-0.1635270118713379,0.19441410899162292,0.0,-0.07716035656630993,-0.07716035656630993
34,0.5666666666666667,2,0,0,,6,stairs down,11,0.0,93.01922607421875,52.2352294921875,-1.0684258937835693,1.1270884275436401,1.3940662145614624,0.7691278457641602,1.3940662145614624,2.1102519035339355,4.864124298095703,0.5,0.18051278591156006,0.05237547680735588,0.5635442137718201,0.6970331072807312,-0.5935254693031311,-0.5309715270996094,-0.041054192930459976,-0.3165498971939087,0.8676417469978333,-0.4929657280445099,-0.4154678285121918,-0.4154678285121918,-0.03594384342432022,-1.8551899194717407,-0.6487030386924744,0.0,-0.37952398508787155,-0.37952398508787155,-0.8495544791221619,-0.8495544791221619,-0.16440783441066742,-1.996961236000061,-1.0587828159332275,0.0,-0.6851466447114944,-0.6851466447114944,-0.020527096465229988,-0.020527096465229988,-0.09016156196594238,-0.06745320558547974,-0.5339827537536621,0.0,0.0696344655007124,0.0696344655007124,-0.22158493101596832,-0.22158493101596832,-0.12626540660858154,1.4601235389709473,0.9717280268669128,0.0,-0.09531952440738678,-0.09531952440738678,0.4338208734989166,0.4338208734989166,0.18199247121810913,1.9113141298294067,1.239936351776123,0.0,0.2518284022808075,0.2518284022808075,-0.24648286402225494,-0.24648286402225494,0.009441877715289593,-0.8102126121520996,-1.2999519109725952,0.0,-0.25592474173754454,-0.25592474173754454
34,0.5666666666666667,8,0,0,,6,stairs down,11,0.0,93.03849029541016,52.26688003540039,-1.1424567699432373,1.6766462326049805,1.1882522106170654,0.8089430332183838,1.1882522106170654,3.1977202892303467,3.632476806640625,0.4678131937980652,0.009751936420798302,0.03697626292705536,0.8383231163024902,0.5941261053085327,-0.05636321380734444,0.03254064545035362,0.07273556292057037,0.10932744294404984,0.8006903529167175,-0.11844364553689957,-0.039454247802495956,-0.039454247802495956,-0.027071211487054825,-0.3919568359851837,-0.516328752040863,0.0,-0.012383036315441132,-0.012383036315441132,0.01627032272517681,0.01627032272517681,-0.4615861773490906,1.833787202835083,0.1601746380329132,0.0,0.4778565000742674,0.4778565000742674,0.03636778146028519,0.03636778146028519,-0.03069142811000347,0.10942304879426956,0.6536080241203308,0.0,0.06705920957028866,0.06705920957028866,0.07652921229600906,0.07652921229600906,-0.06886691600084305,0.5558434724807739,0.1886850893497467,0.0,0.1453961282968521,0.1453961282968521,0.40034517645835876,0.40034517645835876,0.35349327325820923,2.0005149841308594,1.521885633468628,0.0,0.046851903200149536,0.046851903200149536,-0.05922182276844978,-0.05922182276844978,0.06572859734296799,-0.16163496673107147,-0.10443524271249771,0.0,-0.12495042011141777,-0.12495042011141777
34,0.5666666666666667,14,0,0,,6,stairs down,11,0.0,93.01303100585938,52.2238883972168,-1.1526811122894287,1.1925286054611206,0.6301378011703491,0.5754623413085938,0.6301378011703491,2.51713228225708,4.0413103103637695,0.6666666865348816,0.046074673533439636,0.01966129243373871,0.5962643027305603,0.31506890058517456,-0.09892725199460983,-0.19473478198051453,0.2169584333896637,-0.22574205696582794,0.48970484733581543,-0.0018767599249258637,-0.06924907863140106,-0.06924907863140106,-0.033154696226119995,-0.04694113880395889,-0.248151957988739,0.0,-0.03609438240528107,-0.03609438240528107,-0.31157565116882324,-0.31157565116882324,-0.4909839928150177,0.32202693819999695,0.5158767104148865,0.0,0.17940834164619446,0.17940834164619446,0.10847921669483185,0.10847921669483185,-0.07640247792005539,0.33540987968444824,0.21866972744464874,0.0,0.18488169461488724,0.18488169461488724,-0.15801943838596344,-0.15801943838596344,-0.020943477749824524,-0.8149054646492004,0.166618213057518,0.0,-0.13707596063613892,-0.13707596063613892,0.24485242366790771,0.24485242366790771,0.35393327474594116,-0.05461821332573891,0.6550626158714294,0.0,-0.10908085107803345,-0.10908085107803345,-0.0009383799624629319,-0.0009383799624629319,0.024588769301772118,0.5087000727653503,0.07244231551885605,0.0,-0.02552714926423505,-0.02552714926423505
35,0.5833333333333334,2,0,0,,6,stairs down,11,0.0,93.03062438964844,52.241092681884766,-1.0758556127548218,1.3120965957641602,1.4701554775238037,0.9449362754821777,1.4701554775238037,3.548348903656006,0.5624008178710938,0.1666666716337204,0.17982780933380127,0.051705196499824524,0.6560482978820801,0.7350777387619019,-0.4349885582923889,-0.597488284111023,-0.06322237104177475,-0.5245690941810608,0.8772344589233398,-0.46717146039009094,-0.3044919967651367,-0.3044919967651367,-0.06073370948433876,-1.3027129173278809,-1.0598247051239014,0.0,-0.24375828728079796,-0.24375828728079796,-0.9559812545776367,-0.9559812545776367,-0.19775159657001495,-2.0000033378601074,-1.3784759044647217,0.0,-0.7582296580076218,-0.7582296580076218,-0.031611185520887375,-0.031611185520887375,-0.08968352526426315,0.1215171217918396,-0.3750084340572357,0.0,0.05807233974337578,0.05807233974337578,-0.3671983480453491,-0.3671983480453491,-0.11578307300806046,0.04279419779777527,1.138153314590454,0.0,-0.25141527503728867,-0.25141527503728867,0.4386172294616699,0.4386172294616699,0.21503600478172302,2.0050644874572754,1.4687145948410034,0.0,0.2235812246799469,0.2235812246799469,-0.23358573019504547,-0.23358573019504547,-0.0024202277418226004,-0.7120301127433777,-1.1330686807632446,0.0,-0.23116550245322287,-0.23116550245322287
35,0.5833333333333334,8,0,0,,6,stairs down,11,0.0,93.04989624023438,52.26949691772461,-1.1407897472381592,1.724739909172058,0.42611879110336304,0.638042688369751,0.42611879110336304,2.5023789405822754,1.8347090482711792,0.3333333432674408,-0.05011449754238129,0.013235792517662048,0.862369954586029,0.21305939555168152,-0.1367979496717453,-0.11311507225036621,0.018309826031327248,0.14888322353363037,0.8130625486373901,-0.16854241490364075,-0.09575856477022171,-0.09575856477022171,-0.03550032526254654,-1.176252007484436,-0.47394782304763794,0.0,-0.06025823950767517,-0.06025823950767517,-0.18098412454128265,-0.18098412454128265,-0.4336649775505066,1.4673430919647217,0.7304738163948059,0.0,0.25268085300922394,0.25268085300922394,0.009154913015663624,0.009154913015663624,-0.03965601325035095,0.4371909499168396,0.4681718945503235,0.0,0.048810926266014576,0.048810926266014576,0.1042182520031929,0.1042182520031929,-0.04942677170038223,1.39030122756958,0.3137977421283722,0.0,0.15364502370357513,0.15364502370357513,0.40653127431869507,0.40653127431869507,0.3812101483345032,1.83686363697052,1.6849830150604248,0.0,0.025321125984191895,0.025321125984191895,-0.08427120745182037,-0.08427120745182037,0.059493958950042725,-1.013899564743042,-0.12392657995223999,0.0,-0.1437651664018631,-0.1437651664018631
35,0.5833333333333334,14,0,0,,6,stairs down,11,0.0,93.01885986328125,52.22523498535156,-1.1516857147216797,1.314586877822876,0.2939085066318512,0.6423244476318359,0.2939085066318512,2.9823110103607178,3.973590850830078,0.6666666865348816,0.06884999573230743,0.03780889883637428,0.657293438911438,0.1469542533159256,0.21277976036071777,-0.4166245758533478,0.17286139726638794,0.07441046833992004,0.5764777660369873,0.06004282832145691,0.14894582331180573,0.14894582331180573,-0.02661055140197277,0.6524470448493958,-0.1795874834060669,0.0,0.1755563747137785,0.1755563747137785,-0.6665993332862854,-0.6665993332862854,-0.5133762359619141,-1.617965817451477,0.4498205780982971,0.0,-0.15322309732437134,-0.15322309732437134,0.08643069863319397,0.08643069863319397,-0.07706176489591599,-0.11408384144306183,0.2584500312805176,0.0,0.16349246352910995,0.16349246352910995,0.05208732560276985,0.05208732560276985,-0.030962487682700157,-0.6336483955383301,-0.16784517467021942,0.0,0.08304981328547001,0.08304981328547001,0.28823888301849365,0.28823888301849365,0.3307027518749237,-1.2687243223190308,0.4132322072982788,0.0,-0.042463868856430054,-0.042463868856430054,0.030021414160728455,0.030021414160728455,0.029962744563817978,0.008013874292373657,0.22110122442245483,0.0,5.8669596910476685e-05,5.8669596910476685e-05
36,0.6,2,0,0,,6,stairs down,11,0.0,93.04208374023438,52.247467041015625,-1.085081696510315,1.2071733474731445,0.9566895961761475,0.7223999500274658,0.9566895961761475,2.885009288787842,0.9210015535354614,0.1666666716337204,0.20040087401866913,0.08986526727676392,0.6035866737365723,0.47834479808807373,-0.30343303084373474,-0.49499720335006714,-0.04900256171822548,-0.1774144172668457,0.8546109199523926,-0.09125570952892303,-0.21240311861038208,-0.21240311861038208,-0.08098463714122772,-0.6812130808830261,-1.142591118812561,0.0,-0.13141848146915436,-0.13141848146915436,-0.7919955253601074,-0.7919955253601074,-0.2312827855348587,-1.9997888803482056,-1.5902671813964844,0.0,-0.5607127398252487,-0.5607127398252487,-0.02450128085911274,-0.02450128085911274,-0.08578518033027649,-0.20852982997894287,-0.20581269264221191,0.0,0.06128389947116375,0.06128389947116375,-0.12419009208679199,-0.12419009208679199,-0.11579392105340958,-0.17880620062351227,0.7648993730545044,0.0,-0.008396171033382416,-0.008396171033382416,0.4273054599761963,0.4273054599761963,0.24896493554115295,2.008445978164673,1.651480793952942,0.0,0.17834052443504333,0.17834052443504333,-0.04562785476446152,-0.04562785476446152,-0.007919657975435257,-0.03196372091770172,-0.9895958304405212,0.0,-0.03770819678902626,-0.03770819678902626
36,0.6,8,0,0,,6,stairs down,11,0.0,93.06121826171875,52.27305221557617,-1.1385178565979004,1.663277268409729,1.2251570224761963,0.5412188768386841,1.2251570224761963,1.7478235960006714,2.978182315826416,0.6666666865348816,0.008683314546942711,0.01914111152291298,0.8316386342048645,0.6125785112380981,-0.42650166153907776,0.09711810946464539,0.14542290568351746,-0.21870210766792297,0.8177196979522705,-0.3023945093154907,-0.29855117201805115,-0.29855117201805115,-0.053140196949243546,-1.1009624004364014,-0.713264524936676,0.0,-0.2454109750688076,-0.2454109750688076,0.04855905473232269,0.04855905473232269,-0.40119218826293945,2.0000011920928955,0.9815688729286194,0.0,0.44975124299526215,0.44975124299526215,0.07271145284175873,0.07271145284175873,-0.030797544866800308,0.6046701669692993,0.45761483907699585,0.0,0.10350899770855904,0.10350899770855904,-0.15309147536754608,-0.15309147536754608,-0.03799775242805481,0.34216195344924927,0.680626392364502,0.0,-0.11509372293949127,-0.11509372293949127,0.40885984897613525,0.40885984897613525,0.4154450595378876,1.8675175905227661,1.7367377281188965,0.0,-0.006585210561752319,-0.006585210561752319,-0.15119725465774536,-0.15119725465774536,0.05434407293796539,-0.2509121298789978,-0.42719319462776184,0.0,-0.20554132759571075,-0.20554132759571075
36,0.6,14,0,0,,6,stairs down,11,0.0,93.02536010742188,52.226837158203125,-1.1506943702697754,0.952934980392456,0.36565545201301575,0.7539310455322266,0.36565545201301575,3.790921688079834,6.002110958099365,0.6615728139877319,0.07050399482250214,0.026496876031160355,0.476467490196228,0.18282772600650787,-0.051637548953294754,-0.20538464188575745,0.1401553750038147,-0.1837163269519806,0.48409029841423035,0.19994063675403595,-0.03614628314971924,-0.03614628314971924,-0.024102021008729935,-0.11851781606674194,0.1039360836148262,0.0,-0.012044262140989304,-0.012044262140989304,-0.3286154270172119,-0.3286154270172119,-0.5229111313819885,0.14266327023506165,-0.2547970116138458,0.0,0.1942957043647766,0.1942957043647766,0.07007768750190735,0.07007768750190735,-0.06632076948881149,1.03917396068573,0.13150562345981598,0.0,0.13639845699071884,0.13639845699071884,-0.12860143184661865,-0.12860143184661865,-0.04508811607956886,-0.962694525718689,-0.3265719711780548,0.0,-0.08351331576704979,-0.08351331576704979,0.24204514920711517,0.24204514920711517,0.32564854621887207,0.3760506808757782,-0.15991024672985077,0.0,-0.0836033970117569,-0.0836033970117569,0.09997031837701797,0.09997031837701797,0.03885144740343094,0.9092140793800354,0.14848971366882324,0.0,0.061118870973587036,0.061118870973587036
37,0.6166666666666667,2,0,0,,6,stairs down,11,0.0,93.0546646118164,52.251556396484375,-1.0951812267303467,1.3922150135040283,1.5359164476394653,0.5827943086624146,1.5359164476394653,2.1293606758117676,3.857541561126709,0.4895566403865814,0.13429127633571625,0.0610278956592083,0.6961075067520142,0.7679582238197327,0.21910084784030914,-0.4267885386943817,0.10134627670049667,0.1253150999546051,0.7614132761955261,-0.11629349738359451,0.15337058901786804,0.15337058901786804,-0.079701729118824,0.6734535694122314,-0.9853721857070923,0.0,0.23307231813669205,0.23307231813669205,-0.6828616857528687,-0.6828616857528687,-0.2647375464439392,-2.001511335372925,-1.7298154830932617,0.0,-0.41812413930892944,-0.41812413930892944,0.05067313835024834,0.05067313835024834,-0.08720062673091888,0.07404515147209167,-0.20673857629299164,0.0,0.13787376508116722,0.13787376508116722,0.08772056549787521,0.08772056549787521,-0.11812597513198853,-0.5267737507820129,0.4433228373527527,0.0,0.20584654062986374,0.20584654062986374,0.38070663809776306,0.38070663809776306,0.28430506587028503,2.2117793560028076,1.7731199264526367,0.0,0.09640157222747803,0.09640157222747803,-0.058146748691797256,-0.058146748691797256,-0.010452570393681526,-0.4633811414241791,-0.6632736921310425,0.0,-0.04769417829811573,-0.04769417829811573
37,0.6166666666666667,8,0,0,,6,stairs down,11,0.0,93.07232666015625,52.276466369628906,-1.1360828876495361,1.6928863525390625,1.109549641609192,0.5353984832763672,1.109549641609192,1.5728814601898193,2.5318329334259033,0.6666666865348816,-0.006225774995982647,0.05042034387588501,0.8464431762695312,0.554774820804596,-0.1830453723669052,0.10763337463140488,0.23863379657268524,0.10676504671573639,0.8584999442100525,-0.03593527898192406,-0.12813176214694977,-0.12813176214694977,-0.06719999760389328,-0.7890893220901489,-0.845376193523407,0.0,-0.06093176454305649,-0.06093176454305649,0.05381668731570244,0.05381668731570244,-0.36791709065437317,2.000014066696167,1.3286092281341553,0.0,0.4217337779700756,0.4217337779700756,0.11931689828634262,0.11931689828634262,-0.021987715736031532,0.5595081448554993,0.5077252984046936,0.0,0.14130461402237415,0.14130461402237415,0.07473552972078323,0.07473552972078323,-0.03370252624154091,0.16857346892356873,0.5652914643287659,0.0,0.10843805596232414,0.10843805596232414,0.42924997210502625,0.42924997210502625,0.44592249393463135,1.8420671224594116,1.7813020944595337,0.0,-0.016672521829605103,-0.016672521829605103,-0.01796763949096203,-0.01796763949096203,0.05365709960460663,0.040712255984544754,-0.3671237528324127,0.0,-0.07162473909556866,-0.07162473909556866
37,0.6166666666666667,14,0,0,,6,stairs down,11,0.0,93.03240203857422,52.22793197631836,-1.1490814685821533,1.217092752456665,0.04041227325797081,0.8313800096511841,0.04041227325797081,4.182027816772461,6.413907051086426,0.7297174334526062,0.11383609473705292,0.021032758057117462,0.6085463762283325,0.020206136628985405,0.1283620446920395,-0.23130980134010315,0.39199814200401306,0.0853598341345787,0.6415636539459229,0.14623995125293732,0.0898534283041954,0.0898534283041954,-0.02364511229097843,-0.12158031016588211,0.028132827952504158,0.0,0.11349854059517384,0.11349854059517384,-0.37009570002555847,-0.37009570002555847,-0.5234174132347107,0.35346901416778564,-0.11935868859291077,0.0,0.15332171320915222,0.15332171320915222,0.19599907100200653,0.19599907100200653,-0.054080408066511154,0.6706729531288147,0.44080209732055664,0.0,0.2500794790685177,0.2500794790685177,0.059751883149147034,0.059751883149147034,-0.05234615132212639,0.19326573610305786,-0.5433366894721985,0.0,0.11209803447127342,0.11209803447127342,0.3207818269729614,0.3207818269729614,0.32517513632774353,0.517059326171875,0.02272346243262291,0.0,-0.0043933093547821045,-0.0043933093547821045,0.07311997562646866,0.07311997562646866,0.04833337292075157,1.031057596206665,0.4077136516571045,0.0,0.024786602705717087,0.024786602705717087
38,0.6333333333333333,2,0,0,,6,stairs down,11,0.0,93.06830596923828,52.253353118896484,-1.1033614873886108,1.349539041519165,0.3640432357788086,0.5201473236083984,0.3640432357788086,1.3711011409759521,2.892066717147827,0.6666666865348816,0.07705812156200409,0.016793131828308105,0.6747695207595825,0.1820216178894043,-0.18221528828144073,-0.40407687425613403,0.0026205829344689846,0.25739869475364685,0.7011891007423401,-0.036998387426137924,-0.12755070626735687,-0.12755070626735687,-0.08024074137210846,-0.6316229701042175,-0.420111745595932,0.0,-0.04730996489524841,-0.04730996489524841,-0.6465229988098145,-0.6465229988098145,-0.2982367277145386,-1.9998078346252441,-1.8223984241485596,0.0,-0.3482862710952759,-0.3482862710952759,0.0013102914672344923,0.0013102914672344923,-0.08491341769695282,0.26829224824905396,-0.11105888336896896,0.0,0.08622370916418731,0.08622370916418731,0.18017908930778503,0.18017908930778503,-0.11064070463180542,1.1697206497192383,0.11275332421064377,0.0,0.29081979393959045,0.29081979393959045,0.35059455037117004,0.35059455037117004,0.3171916604042053,1.8367674350738525,1.9225971698760986,0.0,0.03340288996696472,0.03340288996696472,-0.018499193713068962,-0.018499193713068962,-0.010636366903781891,0.002073838608339429,-0.5951583981513977,0.0,-0.007862826809287071,-0.007862826809287071
38,0.6333333333333333,8,0,0,,6,stairs down,11,0.0,93.0831298828125,52.27838134765625,-1.1328346729278564,1.653402328491211,0.7922855615615845,0.8171058893203735,0.7922855615615845,2.482783079147339,3.3813064098358154,0.6666666865348816,-0.06132130324840546,0.03699438273906708,0.8267011642456055,0.39614278078079224,-0.03056713566184044,-0.07102944701910019,0.15109427273273468,0.19691306352615356,0.8158084750175476,-0.07711316645145416,-0.021396994590759277,-0.021396994590759277,-0.07459855079650879,-0.44031351804733276,-0.8261958956718445,0.0,0.05320155620574951,0.05320155620574951,-0.11364711821079254,-0.11364711821079254,-0.3436969220638275,2.022801637649536,1.557396650314331,0.0,0.23004980385303497,0.23004980385303497,0.07554713636636734,0.07554713636636734,-0.007849820889532566,2.049124240875244,0.5253707766532898,0.0,0.0833969572558999,0.0833969572558999,0.13783913850784302,0.13783913850784302,-0.034909937530756,-1.2164117097854614,0.4301060736179352,0.0,0.17274907603859901,0.17274907603859901,0.4079042375087738,0.4079042375087738,0.4609611928462982,0.17397156357765198,1.8020082712173462,0.0,-0.053056955337524414,-0.053056955337524414,-0.03855658322572708,-0.03855658322572708,0.05943797528743744,2.007955312728882,-0.22814980149269104,0.0,-0.09799455851316452,-0.09799455851316452
38,0.6333333333333333,14,0,0,,6,stairs down,11,0.0,93.04024505615234,52.227970123291016,-1.1473157405853271,1.2561852931976318,-0.030667025595903397,0.7012268304824829,-0.030667025595903397,3.3391799926757812,6.297344207763672,0.8046457171440125,0.10700824856758118,0.04530442878603935,0.6280926465988159,-0.015333512797951698,0.29527491331100464,-0.22892636060714722,0.23634913563728333,-0.14756213128566742,0.6586397290229797,-0.09653811901807785,0.20669244229793549,0.20669244229793549,-0.010555400513112545,1.2021430730819702,-0.022883327677845955,0.0,0.21724784281104803,0.21724784281104803,-0.366282194852829,-0.366282194852829,-0.5205841064453125,0.17878545820713043,0.04176178202033043,0.0,0.15430191159248352,0.15430191159248352,0.11817456781864166,0.11817456781864166,-0.047283854335546494,0.2576368749141693,0.5191327333450317,0.0,0.16545842215418816,0.16545842215418816,-0.10329349339008331,-0.10329349339008331,-0.058809008449316025,-0.5192639827728271,-0.2923325002193451,0.0,-0.04448448494076729,-0.04448448494076729,0.32931986451148987,0.32931986451148987,0.32984089851379395,0.6681471467018127,0.1911730319261551,0.0,-0.0005210340023040771,-0.0005210340023040771,-0.048269059509038925,-0.048269059509038925,0.04728975519537926,0.17354904115200043,0.6201239228248596,0.0,-0.09555881470441818,-0.09555881470441818
39,0.65,2,0,0,,6,stairs down,11,0.0,93.08199310302734,52.25463104248047,-1.1112158298492432,1.0620403289794922,1.224410057067871,0.8085132837295532,1.224410057067871,2.204012870788574,4.375041484832764,0.6666666865348816,0.012789751403033733,0.04348384588956833,0.5310201644897461,0.6122050285339355,-0.21677906811237335,-0.4999088644981384,-0.03784172609448433,-0.27016857266426086,0.7586816549301147,-0.26798883080482483,-0.15174534916877747,-0.15174534916877747,-0.0804872065782547,0.3200998306274414,-0.49218615889549255,0.0,-0.07125814259052277,-0.07125814259052277,-0.7998542189598083,-0.7998542189598083,-0.3316669166088104,-1.9612398147583008,-1.88285231590271,0.0,-0.4681873023509979,-0.4681873023509979,-0.018920863047242165,-0.018920863047242165,-0.08084350824356079,0.2598517835140228,0.018208572641015053,0.0,0.061922645196318626,0.061922645196318626,-0.18911799788475037,-0.18911799788475037,-0.10424348711967468,-0.22624555230140686,0.4729248285293579,0.0,-0.08487451076507568,-0.08487451076507568,0.3793408274650574,0.3793408274650574,0.3448551595211029,1.6850438117980957,1.8933498859405518,0.0,0.03448566794395447,0.03448566794395447,-0.13399441540241241,-0.13399441540241241,-0.00926993414759636,-0.15124259889125824,-0.3916459083557129,0.0,-0.12472448125481606,-0.12472448125481606
39,0.65,8,0,0,,6,stairs down,11,0.0,93.09255981445312,52.27791213989258,-1.1260886192321777,1.419399380683899,0.4164360761642456,0.8145129680633545,0.4164360761642456,3.2628235816955566,4.460824966430664,0.5008072853088379,-0.13568106293678284,0.08319301903247833,0.7096996903419495,0.2082180380821228,0.07488437741994858,0.5071826577186584,0.14656491577625275,-0.10301878303289413,0.15083037316799164,0.6079003810882568,0.052419062703847885,0.052419062703847885,-0.07460081577301025,0.284751296043396,-0.6947028636932373,0.0,0.12701987847685814,0.12701987847685814,0.2535913288593292,0.2535913288593292,-0.31034401059150696,2.0000014305114746,1.7159876823425293,0.0,0.5639353394508362,0.5639353394508362,0.07328245788812637,0.07328245788812637,0.022516857832670212,1.7050234079360962,1.0446040630340576,0.0,0.05076560005545616,0.05076560005545616,-0.07211314886808395,-0.07211314886808395,-0.05267872288823128,-1.0259360074996948,-0.13096030056476593,0.0,-0.019434425979852676,-0.019434425979852676,0.07541518658399582,0.07541518658399582,0.45490333437919617,-0.7994951009750366,1.2472394704818726,0.0,-0.37948814779520035,-0.37948814779520035,0.3039501905441284,0.3039501905441284,0.08728104084730148,1.461550235748291,0.5338239669799805,0.0,0.21666914969682693,0.21666914969682693
39,0.65,14,0,0,,6,stairs down,11,0.0,93.048828125,52.22689437866211,-1.1449782848358154,1.1814372539520264,0.15525057911872864,0.5995849370956421,0.15525057911872864,3.154956817626953,5.099474906921387,0.620644748210907,0.12957412004470825,0.062428053468465805,0.5907186269760132,0.07762528955936432,0.019382324069738388,-0.10500899702310562,0.13108806312084198,-0.017864307388663292,0.5422309637069702,0.3174229562282562,0.013567626476287842,0.013567626476287842,-0.004257769789546728,0.024777403101325035,0.3945558965206146,0.0,0.01782539626583457,0.01782539626583457,-0.16801439225673676,-0.16801439225673676,-0.5078240036964417,1.4329469203948975,0.08845388144254684,0.0,0.3398096114397049,0.3398096114397049,0.06554403156042099,0.06554403156042099,-0.03140225261449814,1.2058840990066528,0.430025577545166,0.0,0.09694628417491913,0.09694628417491913,-0.01250501535832882,-0.01250501535832882,-0.062621109187603,-0.0003590168198570609,-0.36966150999069214,0.0,0.05011609382927418,0.05011609382927418,0.2711154818534851,0.2711154818534851,0.34189215302467346,1.1814851760864258,0.353706419467926,0.0,-0.07077667117118835,-0.07077667117118835,0.1587114781141281,0.1587114781141281,0.05693620443344116,0.7610976696014404,0.4679493308067322,0.0,0.10177527368068695,0.10177527368068695
40,0.6666666666666666,2,0,0,,6,stairs down,11,0.0,93.0936508178711,52.2548828125,-1.1149722337722778,1.116209626197815,0.36407023668289185,0.8113405704498291,0.36407023668289185,2.639242649078369,4.269031047821045,0.6666666865348816,-0.025766288861632347,0.0443422757089138,0.5581048130989075,0.18203511834144592,-0.05712960287928581,-0.33655664324760437,0.13024182617664337,0.1199217438697815,0.6545051336288452,-0.01160504575818777,-0.03999072313308716,-0.03999072313308716,-0.07786347717046738,0.5281103253364563,-0.21539206802845,0.0,0.03787275403738022,0.03787275403738022,-0.5384906530380249,-0.5384906530380249,-0.35841429233551025,-0.9958299398422241,-1.9095635414123535,0.0,-0.18007636070251465,-0.18007636070251465,0.06512091308832169,0.06512091308832169,-0.05351128429174423,1.584742546081543,0.10055076330900192,0.0,0.11863219738006592,0.11863219738006592,0.08394522219896317,0.08394522219896317,-0.11958540230989456,-1.879661202430725,0.23467595875263214,0.0,0.20353062450885773,0.20353062450885773,0.3272525668144226,0.3272525668144226,0.34619054198265076,-0.8052706122398376,1.822367548942566,0.0,-0.01893797516822815,-0.01893797516822815,-0.005802522879093885,-0.005802522879093885,0.010762509889900684,1.2544035911560059,-0.30972620844841003,0.0,-0.01656503276899457,-0.01656503276899457
40,0.6666666666666666,8,0,0,,6,stairs down,11,0.0,93.10185241699219,52.27766036987305,-1.1180177927017212,1.4341447353363037,0.006642019376158714,0.809258222579956,0.006642019376158714,3.602491855621338,3.4874207973480225,0.5,-0.1967436522245407,0.07055496424436569,0.7170723676681519,0.003321009688079357,-0.07846648246049881,0.37171876430511475,0.22610518336296082,-0.28841009736061096,0.33448299765586853,0.34722861647605896,-0.05492653697729111,-0.05492653697729111,-0.06992395967245102,0.08598022162914276,-0.3609446585178375,0.0,0.014997422695159912,0.014997422695159912,0.18585938215255737,0.18585938215255737,-0.27800798416137695,2.0034019947052,1.8127679824829102,0.0,0.4638673663139343,0.4638673663139343,0.11305259168148041,0.11305259168148041,0.05129263922572136,1.7992935180664062,1.2696480751037598,0.0,0.06175995245575905,0.06175995245575905,-0.2018870711326599,-0.2018870711326599,-0.06926631182432175,-0.8065681457519531,-0.43593165278434753,0.0,-0.13262075930833817,-0.13262075930833817,0.16724149882793427,0.16724149882793427,0.4363500475883484,-1.2853561639785767,0.5497954487800598,0.0,-0.2691085487604141,-0.2691085487604141,0.17361430823802948,0.17361430823802948,0.10641242563724518,1.110474705696106,0.8499553799629211,0.0,0.0672018826007843,0.0672018826007843
40,0.6666666666666666,14,0,0,,6,stairs down,11,0.0,93.05760192871094,52.22501754760742,-1.1409385204315186,1.2390555143356323,0.3330341577529907,0.5327945947647095,0.3330341577529907,2.5925474166870117,5.783814907073975,0.6666666865348816,0.20208482444286346,0.08100174367427826,0.6195277571678162,0.16651707887649536,0.00306857586838305,0.18798373639583588,0.39120951294898987,-0.06759660691022873,0.5218507051467896,0.1667051911354065,0.0021480030845850706,0.0021480030845850706,-0.006287690717726946,-0.0717744529247284,0.26855042576789856,0.0,0.008435693802312016,0.008435693802312016,0.09399186819791794,0.09399186819791794,-0.477800190448761,1.998660683631897,0.5466024875640869,0.0,0.5717920586466789,0.5717920586466789,0.19560475647449493,0.19560475647449493,-0.007552495226264,1.3203281164169312,0.6944066286087036,0.0,0.20315725170075893,0.20315725170075893,-0.04731762409210205,-0.04731762409210205,-0.061016783118247986,0.23923556506633759,-0.24381820857524872,0.0,0.013699159026145935,0.013699159026145935,0.2609253525733948,0.2609253525733948,0.3570936620235443,1.0152572393417358,0.6357797980308533,0.0,-0.09616830945014954,-0.09616830945014954,0.08335259556770325,0.08335259556770325,0.07179460674524307,0.7185826897621155,0.5678423643112183,0.0,0.011557988822460175,0.011557988822460175
41,0.6833333333333333,2,0,0,,6,stairs down,11,0.0,93.10125732421875,52.25596618652344,-1.1123285293579102,1.438171148300171,0.7300838828086853,0.8537602424621582,0.7300838828086853,4.14712381362915,5.286457538604736,0.5,-0.0972219929099083,0.12859755754470825,0.7190855741500854,0.36504194140434265,-0.025630619376897812,0.430135577917099,0.10770390927791595,0.2655167877674103,-0.2694753408432007,0.8809794187545776,-0.017941433936357498,-0.017941433936357498,-0.08830545097589493,-1.133815884590149,0.037963349372148514,0.0,0.07036401703953743,0.07036401703953743,0.2150677889585495,0.2150677889585495,-0.3576219081878662,1.1349422931671143,-1.5982002019882202,0.0,0.5726896971464157,0.5726896971464157,0.05385195463895798,0.05385195463895798,-0.02202322520315647,1.98177969455719,0.6063030362129211,0.0,0.07587517984211445,0.07587517984211445,0.1858617514371872,0.1858617514371872,-0.1291203647851944,0.054331228137016296,-0.4858042299747467,0.0,0.3149821162223816,0.3149821162223816,-0.4311605393886566,-0.4311605393886566,0.3266083300113678,-0.9601932168006897,0.9269751906394958,0.0,-0.7577688694000244,-0.7577688694000244,0.4404897093772888,0.4404897093772888,0.04131443426012993,1.6281075477600098,0.22326569259166718,0.0,0.3991752751171589,0.3991752751171589
41,0.6833333333333333,8,0,0,,6,stairs down,11,0.0,93.1107406616211,52.278133392333984,-1.108552098274231,1.550208330154419,0.10038623213768005,0.8077772855758667,0.10038623213768005,3.754088878631592,4.86024808883667,0.6666666865348816,-0.2280370593070984,0.07777391374111176,0.7751041650772095,0.05019311606884003,-0.11775069683790207,0.3879629671573639,0.11044441908597946,-0.16033406555652618,0.3947596549987793,0.29608988761901855,-0.08242549002170563,-0.08242549002170563,-0.07219499349594116,-0.06158599257469177,-0.20865081250667572,0.0,-0.010230496525764465,-0.010230496525764465,0.19398148357868195,0.19398148357868195,-0.24432311952114105,2.0000030994415283,1.8777282238006592,0.0,0.438304603099823,0.438304603099823,0.05522220954298973,0.05522220954298973,0.07674262672662735,1.0042786598205566,1.450129747390747,0.0,-0.02152041718363762,-0.02152041718363762,-0.11223384737968445,-0.11223384737968445,-0.07883904129266739,-0.1894252747297287,-0.5622295141220093,0.0,-0.03339480608701706,-0.03339480608701706,0.19737982749938965,0.19737982749938965,0.4091341197490692,-1.6989970207214355,-0.07554968446493149,0.0,-0.21175429224967957,-0.21175429224967957,0.14804494380950928,0.14804494380950928,0.12326652556657791,0.4568899869918823,0.9387297630310059,0.0,0.024778418242931366,0.024778418242931366
41,0.6833333333333333,14,0,0,,6,stairs down,11,0.0,93.06647491455078,52.22286605834961,-1.1353819370269775,1.580190658569336,0.24969422817230225,0.5201473236083984,0.24969422817230225,2.294431209564209,7.545014381408691,0.8333333730697632,0.23146626353263855,0.10311474651098251,0.790095329284668,0.12484711408615112,0.009102357551455498,0.11797551810741425,0.35999584197998047,-0.009339310228824615,0.6004056930541992,0.10023491084575653,0.006371650379151106,0.006371650379151106,-0.007720347493886948,0.16613328456878662,0.15258152782917023,0.0,0.014091997873038054,0.014091997873038054,0.05898775905370712,0.05898775905370712,-0.44451165199279785,1.999596357345581,1.0414049625396729,0.0,0.503499411046505,0.503499411046505,0.17999792098999023,0.17999792098999023,0.013999075628817081,1.2734370231628418,0.9076952338218689,0.0,0.16599884536117315,0.16599884536117315,-0.006537517067044973,-0.006537517067044973,-0.054446958005428314,0.0826282650232315,-0.07921310514211655,0.0,0.04790944093838334,0.04790944093838334,0.3002028465270996,0.3002028465270996,0.3673083186149597,0.5805767774581909,0.76509028673172,0.0,-0.06710547208786011,-0.06710547208786011,0.050117455422878265,0.050117455422878265,0.08204576373100281,0.026536621153354645,0.6192085146903992,0.0,-0.03192830830812454,-0.03192830830812454
42,0.7,2,0,0,,6,stairs down,11,0.0,93.10919189453125,52.25590515136719,-1.1064095497131348,1.0776524543762207,-0.20790407061576843,0.9363329410552979,-0.20790407061576843,3.880509853363037,5.711812973022461,0.5,-0.2031814306974411,0.058190688490867615,0.5388262271881104,-0.10395203530788422,0.13062193989753723,0.3505246639251709,0.2682497203350067,-0.2290511429309845,0.06948443502187729,0.15774555504322052,0.09143535792827606,0.09143535792827606,-0.091901034116745,0.8111941814422607,-0.36133140325546265,0.0,0.18333639204502106,0.18333639204502106,0.17526233196258545,0.17526233196258545,-0.32740387320518494,1.9395716190338135,-0.6668562889099121,0.0,0.5026662051677704,0.5026662051677704,0.13412486016750336,0.13412486016750336,0.0043695177882909775,1.1374492645263672,1.0750095844268799,0.0,0.12975534237921238,0.12975534237921238,-0.16033579409122467,-0.16033579409122467,-0.13596972823143005,-0.8766961693763733,-0.30174797773361206,0.0,-0.024366065859794617,-0.024366065859794617,0.034742217510938644,0.034742217510938644,0.31139543652534485,-0.8533637523651123,0.2839048206806183,0.0,-0.2766532190144062,-0.2766532190144062,0.07887277752161026,0.07887277752161026,0.0619414746761322,0.5986614227294922,0.7019787430763245,0.0,0.016931302845478058,0.016931302845478058
42,0.7,8,0,0,,6,stairs down,11,0.0,93.11973571777344,52.28053283691406,-1.0998905897140503,1.661095142364502,0.07133904099464417,0.861235499382019,0.07133904099464417,3.7615432739257812,3.348346710205078,0.5,-0.24984347820281982,0.053724855184555054,0.830547571182251,0.03566952049732208,-0.0913664698600769,0.3904019892215729,-0.09875226765871048,-0.25374913215637207,0.45485979318618774,0.054979611188173294,-0.06395652890205383,-0.06395652890205383,-0.06820862740278244,0.8534294962882996,-0.1585370898246765,0.0,0.004252098500728607,0.004252098500728607,0.19520099461078644,0.19520099461078644,-0.21099168062210083,1.825147032737732,1.9193944931030273,0.0,0.40619267523288727,0.40619267523288727,-0.04937613382935524,-0.04937613382935524,0.07940801233053207,-0.5352311730384827,1.2982017993927002,0.0,-0.1287841461598873,-0.1287841461598873,-0.1776243895292282,-0.1776243895292282,-0.08024318516254425,-0.20839570462703705,-0.43519294261932373,0.0,-0.09738120436668396,-0.09738120436668396,0.22742989659309387,0.22742989659309387,0.38476085662841797,-1.5111093521118164,-0.6287545561790466,0.0,-0.1573309600353241,-0.1573309600353241,0.027489805594086647,0.027489805594086647,0.1172020360827446,-0.8257063627243042,0.7745383381843567,0.0,-0.08971223048865795,-0.08971223048865795
42,0.7,14,0,0,,6,stairs down,11,0.0,93.07525634765625,52.22100830078125,-1.1284984350204468,1.5071676969528198,0.41868698596954346,0.8041818141937256,0.41868698596954346,3.5759410858154297,6.27911376953125,0.6666666865348816,0.263726145029068,0.10378502309322357,0.7535838484764099,0.20934349298477173,-0.2446950078010559,0.09829921275377274,0.2632586359977722,-0.12227292358875275,0.43533071875572205,0.2614673972129822,-0.17128650844097137,-0.17128650844097137,-0.015655986964702606,-0.6205694675445557,0.1571994125843048,0.0,-0.15563052147626877,-0.15563052147626877,0.04914960637688637,0.04914960637688637,-0.41426652669906616,1.999841570854187,1.3679176568984985,0.0,0.46341613307595253,0.46341613307595253,0.1316293179988861,0.1316293179988861,0.04069964215159416,1.7129215002059937,1.0323251485824585,0.0,0.09092967584729195,0.09092967584729195,-0.08559104800224304,-0.08559104800224304,-0.047187499701976776,0.3374866843223572,-0.024064138531684875,0.0,-0.038403548300266266,-0.038403548300266266,0.21766535937786102,0.21766535937786102,0.36306366324424744,-0.12277994304895401,0.7022155523300171,0.0,-0.1453983038663864,-0.1453983038663864,0.1307336986064911,0.1307336986064911,0.09423361718654633,0.18451349437236786,0.41724997758865356,0.0,0.03650008141994476,0.03650008141994476
43,0.7166666666666667,2,0,0,,6,stairs down,11,0.0,93.11798095703125,52.255001068115234,-1.0989922285079956,1.3140652179718018,0.21392783522605896,1.073002815246582,0.21392783522605896,4.628390789031982,7.851680755615234,0.6666666865348816,-0.27963685989379883,0.04926281422376633,0.6570326089859009,0.10696391761302948,-0.07047664374113083,0.3712947964668274,0.16097304224967957,0.0526532419025898,0.013282584957778454,0.4800149202346802,-0.04933365061879158,-0.04933365061879158,-0.09107627719640732,0.2389720380306244,0.038217686116695404,0.0,0.04174262657761574,0.04174262657761574,0.1856473982334137,0.1856473982334137,-0.29552140831947327,1.6680792570114136,0.22130845487117767,0.0,0.48116880655288696,0.48116880655288696,0.08048652112483978,0.08048652112483978,0.025131981819868088,0.7299800515174866,1.0962865352630615,0.0,0.055354539304971695,0.055354539304971695,0.03685726970434189,0.03685726970434189,-0.13637445867061615,0.24567653238773346,-0.49766695499420166,0.0,0.17323172837495804,0.17323172837495804,0.006641292478889227,0.006641292478889227,0.29018422961235046,-1.3391733169555664,-0.10363011062145233,0.0,-0.28354293713346124,-0.28354293713346124,0.2400074601173401,0.2400074601173401,0.07821041345596313,0.42742520570755005,0.6667723655700684,0.0,0.16179704666137695,0.16179704666137695
43,0.7166666666666667,8,0,0,,6,stairs down,11,0.0,93.1292953491211,52.28340530395508,-1.091091275215149,1.8019037246704102,0.28888005018234253,0.9679194688796997,0.28888005018234253,4.340767860412598,5.343331813812256,0.6666666865348816,-0.26883870363235474,0.026951953768730164,0.9009518623352051,0.14444002509117126,0.21143068373203278,0.28057968616485596,-0.38296976685523987,-0.02060907706618309,0.19478186964988708,0.12263496965169907,0.14800147712230682,0.14800147712230682,-0.05094056576490402,1.0913457870483398,0.18630000948905945,0.0,0.19894204288721085,0.19894204288721085,0.14028984308242798,0.14028984308242798,-0.1783907562494278,1.978994607925415,1.8872787952423096,0.0,0.3186805993318558,0.3186805993318558,-0.19148488342761993,-0.19148488342761993,0.06836146116256714,-0.4066281318664551,0.6734423041343689,0.0,-0.2598463445901871,-0.2598463445901871,-0.014426353387534618,-0.014426353387534618,-0.08420263230800629,-0.26439183950424194,-0.3579096496105194,0.0,0.06977627892047167,0.06977627892047167,0.09739093482494354,0.09739093482494354,0.35874101519584656,-1.8070412874221802,-0.9294251799583435,0.0,-0.261350080370903,-0.261350080370903,0.06131748482584953,0.06131748482584953,0.10324224829673767,-0.46283504366874695,0.22923994064331055,0.0,-0.04192476347088814,-0.04192476347088814
43,0.7166666666666667,14,0,0,,6,stairs down,11,0.0,93.08404541015625,52.22005844116211,-1.1210319995880127,1.5866312980651855,0.5250182747840881,0.8106728792190552,0.5250182747840881,3.5008068084716797,5.860262870788574,0.6666666865348816,0.3085440993309021,0.09932943433523178,0.7933156490325928,0.26250913739204407,-0.1572154462337494,0.11031103134155273,0.1931237429380417,-0.19214719533920288,0.4945615231990814,0.15783989429473877,-0.11005081236362457,-0.11005081236362457,-0.021711835637688637,-0.16541357338428497,-0.10783262550830841,0.0,-0.08833897672593594,-0.08833897672593594,0.05515551567077637,0.05515551567077637,-0.38196244835853577,1.9995356798171997,1.5832515954971313,0.0,0.43711796402931213,0.43711796402931213,0.09656187146902084,0.09656187146902084,0.06431490927934647,1.164385199546814,1.2642446756362915,0.0,0.03224696218967438,0.03224696218967438,-0.13450303673744202,-0.13450303673744202,-0.041861727833747864,0.22112488746643066,0.09913769364356995,0.0,-0.09264130890369415,-0.09264130890369415,0.2472807615995407,0.2472807615995407,0.35130324959754944,-0.725858747959137,0.42109060287475586,0.0,-0.10402248799800873,-0.10402248799800873,0.07891994714736938,0.07891994714736938,0.10138919204473495,0.3884449899196625,0.33794283866882324,0.0,-0.02246924489736557,-0.02246924489736557
44,0.7333333333333333,2,0,0,,6,stairs down,11,0.0,93.12789154052734,52.25425720214844,-1.0914415121078491,1.6164307594299316,0.031406354159116745,1.1278202533721924,0.031406354159116745,4.48381233215332,5.658103942871094,0.6666666865348816,-0.3307594060897827,0.05849480628967285,0.8082153797149658,0.015703177079558372,-0.05195198953151703,0.21783651411533356,0.08456211537122726,-0.25165724754333496,0.29763615131378174,-0.032342445105314255,-0.03636639192700386,-0.03636639192700386,-0.08304955810308456,0.6552668809890747,0.10662660747766495,0.0,0.046683166176080704,0.046683166176080704,0.10891825705766678,0.10891825705766678,-0.2638092041015625,1.9878487586975098,0.7143091559410095,0.0,0.3727274611592293,0.3727274611592293,0.04228105768561363,0.04228105768561363,0.03404427319765091,0.3274230659008026,0.9714640974998474,0.0,0.008236784487962723,0.008236784487962723,-0.17616006731987,-0.17616006731987,-0.13242994248867035,0.18468508124351501,-0.24436567723751068,0.0,-0.043730124831199646,-0.043730124831199646,0.14881807565689087,0.14881807565689087,0.27122339606285095,-1.0491770505905151,-0.5246530175209045,0.0,-0.12240532040596008,-0.12240532040596008,-0.016171222552657127,-0.016171222552657127,0.07951103150844574,-0.175149604678154,0.5852125883102417,0.0,-0.09568225406110287,-0.09568225406110287
44,0.7333333333333333,8,0,0,,6,stairs down,11,0.0,93.13902282714844,52.285701751708984,-1.0807362794876099,1.854087471961975,-0.29691800475120544,0.9679194688796997,-0.29691800475120544,4.636142730712891,5.332686901092529,0.6666666865348816,-0.3208795487880707,0.03066340461373329,0.9270437359809875,-0.14845900237560272,-0.0031656885985285044,0.3829876780509949,-0.4009641110897064,-0.07984187453985214,0.25221648812294006,0.29013752937316895,-0.00221598194912076,-0.00221598194912076,-0.0409078411757946,0.3995986580848694,0.49470284581184387,0.0,0.03869185922667384,0.03869185922667384,0.19149383902549744,0.19149383902549744,-0.144445538520813,2.0015902519226074,1.9185317754745483,0.0,0.3359393775463104,0.3359393775463104,-0.2004820555448532,-0.2004820555448532,0.06202711537480354,-0.550800621509552,0.305398166179657,0.0,-0.26250917091965675,-0.26250917091965675,-0.0558893121778965,-0.0558893121778965,-0.08473851531744003,0.14528700709342957,-0.3260425627231598,0.0,0.028849203139543533,0.028849203139543533,0.12610824406147003,0.12610824406147003,0.3257066309452057,-2.021557331085205,-1.2284810543060303,0.0,-0.19959838688373566,-0.19959838688373566,0.14506876468658447,0.14506876468658447,0.09754417091608047,-0.3551822602748871,-0.006591092795133591,0.0,0.047524593770504,0.047524593770504
44,0.7333333333333333,14,0,0,,6,stairs down,11,0.0,93.09271240234375,52.22040939331055,-1.1134734153747559,1.4852641820907593,0.5976470708847046,0.8069539070129395,0.5976470708847046,3.689797878265381,2.7851147651672363,0.5,0.21946871280670166,0.08870347589254379,0.7426320910453796,0.2988235354423523,-0.14957796037197113,0.3286849558353424,0.17992986738681793,-0.2722328305244446,0.08560450375080109,0.2682401239871979,-0.10470457375049591,-0.10470457375049591,-0.021263981238007545,0.03342054411768913,-0.12745386362075806,0.0,-0.08344059251248837,-0.08344059251248837,0.1643424779176712,0.1643424779176712,-0.3491742014884949,1.977299451828003,1.7251042127609253,0.0,0.5135166794061661,0.5135166794061661,0.08996493369340897,0.08996493369340897,0.08529923111200333,1.1762701272964478,1.2302166223526,0.0,0.00466570258140564,0.00466570258140564,-0.19056297838687897,-0.19056297838687897,-0.048573531210422516,-0.4515918791294098,0.14070597290992737,0.0,-0.14198944717645645,-0.14198944717645645,0.04280225187540054,0.04280225187540054,0.33092692494392395,-1.2504661083221436,0.030256852507591248,0.0,-0.2881246730685234,-0.2881246730685234,0.13412006199359894,0.13412006199359894,0.10729563981294632,0.8986054062843323,0.355151891708374,0.0,0.02682442218065262,0.02682442218065262
45,0.75,2,0,0,,6,stairs down,11,0.0,93.13849639892578,52.253814697265625,-1.0837074518203735,1.4785242080688477,-0.23351381719112396,0.9668073654174805,-0.23351381719112396,4.348361492156982,1.9165151119232178,0.3827298879623413,-0.3377494215965271,0.05010657757520676,0.7392621040344238,-0.11675690859556198,-0.10816311836242676,0.2768082320690155,-0.038255270570516586,-0.0750301405787468,-0.02553638443350792,0.3244718909263611,-0.07571417838335037,-0.07571417838335037,-0.07641619443893433,0.3340148329734802,0.29358091950416565,0.0,0.0007020160555839539,0.0007020160555839539,0.13840411603450775,0.13840411603450775,-0.23241131007671356,1.9642746448516846,1.1482796669006348,0.0,0.3708154261112213,0.3708154261112213,-0.019127635285258293,-0.019127635285258293,0.04044649749994278,0.24732810258865356,0.7520011067390442,0.0,-0.05957413278520107,-0.05957413278520107,-0.05252109840512276,-0.05252109840512276,-0.12479764968156815,0.3058079779148102,-0.09816261380910873,0.0,0.07227655127644539,0.07227655127644539,-0.04085821658372879,-0.04085821658372879,0.247983917593956,-1.243311882019043,-0.7033894658088684,0.0,-0.2888421341776848,-0.2888421341776848,0.16223594546318054,0.16223594546318054,0.08337762206792831,-0.04396583139896393,0.3261120319366455,0.0,0.07885832339525223,0.07885832339525223
45,0.75,8,0,0,,6,stairs down,11,0.0,93.14898681640625,52.28858184814453,-1.0708222389221191,1.7659990787506104,-0.14667345583438873,0.8670163154602051,-0.14667345583438873,4.013970375061035,3.5404410362243652,0.6666666865348816,-0.3216584622859955,0.0082289082929492,0.8829995393753052,-0.07333672791719437,0.03767578303813934,0.3948821425437927,-0.3439861238002777,-0.14881987869739532,0.21705996990203857,0.21473444998264313,0.02637304738163948,0.02637304738163948,-0.03457567095756531,0.4675736725330353,0.46229520440101624,0.0,0.06094871833920479,0.06094871833920479,0.19744107127189636,0.19744107127189636,-0.11067518591880798,1.9987717866897583,1.946834683418274,0.0,0.30811625719070435,0.30811625719070435,-0.17199306190013885,-0.17199306190013885,0.05703531205654144,-0.35613036155700684,0.01364039909094572,0.0,-0.2290283739566803,-0.2290283739566803,-0.10417391359806061,-0.10417391359806061,-0.08577757328748703,-0.24431586265563965,-0.16543258726596832,0.0,-0.018396340310573578,-0.018396340310573578,0.10852998495101929,0.10852998495101929,0.2920118272304535,-1.990525484085083,-1.4987292289733887,0.0,-0.1834818422794342,-0.1834818422794342,0.10736722499132156,0.10736722499132156,0.09272132068872452,-0.3511267304420471,-0.12537680566310883,0.0,0.014645904302597046,0.014645904302597046
45,0.75,14,0,0,,6,stairs down,11,0.0,93.1017837524414,52.22230529785156,-1.1045080423355103,1.4818506240844727,0.19162419438362122,0.8381143808364868,0.19162419438362122,3.9844329357147217,2.1145455837249756,0.5,0.18470963835716248,0.06922786682844162,0.7409253120422363,0.09581209719181061,-0.14797182381153107,0.4465492069721222,0.010269947350025177,-0.23094753921031952,-0.082357257604599,0.1746891438961029,-0.10358027368783951,-0.10358027368783951,-0.019854668527841568,0.2006450742483139,-0.07263439893722534,0.0,-0.08372560515999794,-0.08372560515999794,0.2232746034860611,0.2232746034860611,-0.31676816940307617,1.9969043731689453,1.811042070388794,0.0,0.5400427728891373,0.5400427728891373,0.0051349736750125885,0.0051349736750125885,0.09372124820947647,0.060981910675764084,1.2118338346481323,0.0,-0.08858627453446388,-0.08858627453446388,-0.16166327893733978,-0.16166327893733978,-0.05410618335008621,-0.42039114236831665,-0.061125073581933975,0.0,-0.10755709558725357,-0.10755709558725357,-0.13177160918712616,-0.13177160918712616,0.3056109547615051,-1.807565450668335,-0.40616148710250854,0.0,-0.4373825639486313,-0.4373825639486313,0.08734457194805145,0.08734457194805145,0.10823757201433182,-0.41098541021347046,0.5403387546539307,0.0,-0.020893000066280365,-0.020893000066280365
46,0.7666666666666666,2,0,0,,6,stairs down,11,0.0,93.14945220947266,52.25382995605469,-1.0753988027572632,1.5735464096069336,-0.21566469967365265,0.8604311943054199,-0.21566469967365265,3.396414279937744,2.2624354362487793,0.6666666865348816,-0.3468117117881775,0.06783747673034668,0.7867732048034668,-0.10783234983682632,0.07199593633413315,0.2163355052471161,-0.1632535606622696,-0.04675731435418129,0.18435686826705933,0.07180598378181458,0.050397153943777084,0.050397153943777084,-0.06874997168779373,0.4703007936477661,0.30735915899276733,0.0,0.11914712563157082,0.11914712563157082,0.10816775262355804,0.10816775262355804,-0.1992219090461731,2.000591516494751,1.4263375997543335,0.0,0.30738966166973114,0.30738966166973114,-0.0816267803311348,-0.0816267803311348,0.04245734214782715,0.13005970418453217,0.5800290107727051,0.0,-0.12408412247896194,-0.12408412247896194,-0.03273012116551399,-0.03273012116551399,-0.11852173507213593,0.33420732617378235,0.03949415683746338,0.0,0.08579161390662193,0.08579161390662193,0.09217843413352966,0.09217843413352966,0.22230322659015656,-1.8858577013015747,-0.8873730301856995,0.0,-0.1301247924566269,-0.1301247924566269,0.03590299189090729,0.03590299189090729,0.08323145657777786,0.083915114402771,0.20000453293323517,0.0,-0.047328464686870575,-0.047328464686870575
46,0.7666666666666666,8,0,0,,6,stairs down,11,0.0,93.15933990478516,52.291629791259766,-1.0611680746078491,1.74174964427948,0.044631581753492355,0.8092584609985352,0.044631581753492355,3.9430346488952637,2.439335346221924,0.5665687322616577,-0.3092644214630127,0.012096493504941463,0.87087482213974,0.022315790876746178,0.07882212102413177,0.3935869336128235,-0.41475212574005127,-0.02693409100174904,0.14959463477134705,0.3015080690383911,0.05517548322677612,0.05517548322677612,-0.029851766303181648,0.35604462027549744,0.4640938639640808,0.0,0.08502724952995777,0.08502724952995777,0.19679346680641174,0.19679346680641174,-0.07706879079341888,2.0000009536743164,1.964532732963562,0.0,0.2738622575998306,0.2738622575998306,-0.20737606287002563,-0.20737606287002563,0.05132702738046646,-0.6409620046615601,-0.11236245185136795,0.0,-0.2587030902504921,-0.2587030902504921,-0.018853863701224327,-0.018853863701224327,-0.08570932596921921,0.15882988274097443,-0.1923127919435501,0.0,0.06685546226799488,0.06685546226799488,0.07479731738567352,0.07479731738567352,0.26201680302619934,-1.6668660640716553,-1.6663134098052979,0.0,-0.18721948564052582,-0.18721948564052582,0.15075403451919556,0.15075403451919556,0.0866636410355568,-0.8557136654853821,-0.2023032009601593,0.0,0.06409039348363876,0.06409039348363876
46,0.7666666666666666,14,0,0,,6,stairs down,11,0.0,93.11106872558594,52.2259521484375,-1.0949070453643799,1.7499537467956543,1.549183964729309,0.920504093170166,1.549183964729309,4.381072044372559,4.600741386413574,0.5,0.18590375781059265,0.051159270107746124,0.8749768733978271,0.7745919823646545,-0.07499219477176666,0.5191916227340698,-0.16830302774906158,-0.07140829414129257,-0.03338702768087387,0.22496728599071503,-0.052494537085294724,-0.052494537085294724,-0.01507143210619688,0.3311436176300049,0.02048814482986927,0.0,-0.03742310497909784,-0.03742310497909784,0.2595958113670349,0.2595958113670349,-0.2834744155406952,1.9853907823562622,1.8743764162063599,0.0,0.5430702269077301,0.5430702269077301,-0.08415151387453079,-0.08415151387453079,0.08692430704832077,-0.5690014958381653,0.8196702003479004,0.0,-0.17107582092285156,-0.17107582092285156,-0.04998580366373062,-0.04998580366373062,-0.05777580291032791,-0.2654068171977997,-0.18354834616184235,0.0,0.00778999924659729,0.00778999924659729,-0.053419243544340134,-0.053419243544340134,0.2770615220069885,-1.822140097618103,-0.8837029933929443,0.0,-0.33048076555132866,-0.33048076555132866,0.11248364299535751,0.11248364299535751,0.09949402511119843,-0.8431209921836853,0.21616610884666443,0.0,0.012989617884159088,0.012989617884159088
47,0.7833333333333333,2,0,0,,6,stairs down,11,0.0,93.16046142578125,52.254486083984375,-1.066624641418457,1.621484398841858,-0.19186042249202728,0.802376389503479,-0.19186042249202728,3.5585689544677734,1.6626157760620117,0.5,-0.3649708032608032,0.036329302936792374,0.810742199420929,-0.09593021124601364,0.07853642106056213,0.3310428857803345,-0.18060611188411713,-0.08365652710199356,0.06077348813414574,0.2157057672739029,0.054975494742393494,0.054975494742393494,-0.056264616549015045,0.5750879645347595,0.3628830313682556,0.0,0.11124011129140854,0.11124011129140854,0.16552144289016724,0.16552144289016724,-0.16588446497917175,1.9498718976974487,1.6220200061798096,0.0,0.331405907869339,0.331405907869339,-0.09030305594205856,-0.09030305594205856,0.041210196912288666,0.06399976462125778,0.4266977310180664,0.0,-0.13151325285434723,-0.13151325285434723,-0.058559566736221313,-0.058559566736221313,-0.11712274700403214,0.2590599060058594,0.1399204283952713,0.0,0.05856318026781082,0.05856318026781082,0.03038674406707287,0.03038674406707287,0.19528648257255554,-1.5241163969039917,-1.2276160717010498,0.0,-0.16489973850548267,-0.16489973850548267,0.10785288363695145,0.10785288363695145,0.08271564543247223,-0.059732284396886826,0.16044597327709198,0.0,0.025137238204479218,0.025137238204479218
47,0.7833333333333333,8,0,0,,6,stairs down,11,0.0,93.1698989868164,52.295143127441406,-1.052122712135315,1.8002228736877441,-0.030960768461227417,0.8054810762405396,-0.030960768461227417,3.7624967098236084,2.5044822692871094,0.5,-0.30933910608291626,0.009962223470211029,0.9001114368438721,-0.015480384230613708,0.013422878459095955,0.3809753358364105,-0.44659653306007385,-0.01153615489602089,0.267263799905777,0.2658388614654541,0.009396014735102654,0.009396014735102654,-0.02651314251124859,0.17417117953300476,0.42727506160736084,0.0,0.03590915724635124,0.03590915724635124,0.19048766791820526,0.19048766791820526,-0.043500036001205444,1.9998228549957275,1.976618766784668,0.0,0.2339877039194107,0.2339877039194107,-0.22329826653003693,-0.22329826653003693,0.04008731618523598,-0.5018491148948669,-0.2924876809120178,0.0,-0.2633855827152729,-0.2633855827152729,-0.008075308054685593,-0.008075308054685593,-0.08262661099433899,0.16234271228313446,-0.07265763729810715,0.0,0.0745513029396534,0.0745513029396534,0.1336318999528885,0.1336318999528885,0.23425666987895966,-1.7145980596542358,-1.6665016412734985,0.0,-0.10062476992607117,-0.10062476992607117,0.13291943073272705,0.13291943073272705,0.07334429025650024,-0.6149645447731018,-0.4249589145183563,0.0,0.05957514047622681,0.05957514047622681
47,0.7833333333333333,14,0,0,,6,stairs down,11,0.0,93.12064361572266,52.231201171875,-1.0857431888580322,1.8394408226013184,0.6827898621559143,1.0606536865234375,0.6827898621559143,5.045709609985352,4.369858741760254,0.6666666865348816,0.16728004813194275,0.04717988893389702,0.9197204113006592,0.34139493107795715,-0.1261080950498581,0.41406336426734924,-0.4576810300350189,0.10546152293682098,0.1833014339208603,0.147161602973938,-0.08827566355466843,-0.08827566355466843,-0.016956903040409088,-0.393234521150589,0.1263469010591507,0.0,-0.07131876051425934,-0.07131876051425934,0.20703168213367462,0.20703168213367462,-0.2501099109649658,1.9978419542312622,1.9122055768966675,0.0,0.45714159309864044,0.45714159309864044,-0.22884051501750946,-0.22884051501750946,0.06499966979026794,-1.5369035005569458,0.3464672565460205,0.0,-0.2938401848077774,-0.2938401848077774,0.07382306456565857,0.07382306456565857,-0.051035646349191666,0.6777195334434509,-0.21144238114356995,0.0,0.12485871091485023,0.12485871091485023,0.09165071696043015,0.09165071696043015,0.2492755502462387,-1.5451451539993286,-1.2034841775894165,0.0,-0.15762483328580856,-0.15762483328580856,0.073580801486969,0.073580801486969,0.07590959221124649,-1.6885967254638672,-0.14479589462280273,0.0,-0.0023287907242774963,-0.0023287907242774963
48,0.8,2,0,0,,6,stairs down,11,0.0,93.17174530029297,52.25535202026367,-1.0580960512161255,1.7095156908035278,-0.1598140448331833,0.8021106719970703,-0.1598140448331833,3.1535277366638184,2.4436302185058594,0.8333333730697632,-0.3599702715873718,0.036245670169591904,0.8547578454017639,-0.07990702241659164,0.09200946241617203,0.2725791037082672,-0.2705312967300415,-0.12207955121994019,0.23258459568023682,0.170789897441864,0.0644066259264946,0.0644066259264946,-0.04590969905257225,0.6249344944953918,0.43519383668899536,0.0,0.11031632497906685,0.11031632497906685,0.1362895518541336,0.1362895518541336,-0.13230523467063904,2.002554416656494,1.7337385416030884,0.0,0.26859478652477264,0.26859478652477264,-0.13526564836502075,-0.13526564836502075,0.04113436117768288,-0.1550050973892212,0.303104966878891,0.0,-0.17640000954270363,-0.17640000954270363,-0.08545568585395813,-0.08545568585395813,-0.11411891132593155,0.16665874421596527,0.18051831424236298,0.0,0.02866322547197342,0.02866322547197342,0.11629229784011841,0.11629229784011841,0.17336484789848328,-1.3245192766189575,-1.3286513090133667,0.0,-0.05707255005836487,-0.05707255005836487,0.085394948720932,0.085394948720932,0.08005819469690323,-0.16676975786685944,0.08541816473007202,0.0,0.005336754024028778,0.005336754024028778
48,0.8,8,0,0,,6,stairs down,11,0.0,93.17829895019531,52.3016357421875,-1.0440175533294678,1.7893301248550415,0.10693622380495071,0.8130135536193848,0.10693622380495071,3.7755188941955566,3.1644468307495117,0.6666666865348816,-0.3037347197532654,0.012488926760852337,0.8946650624275208,0.05346811190247536,0.05644409358501434,0.359411358833313,-0.4089612066745758,-0.037173449993133545,0.30104151368141174,0.25602564215660095,0.03951086476445198,0.03951086476445198,-0.050040122121572495,-1.5110224485397339,0.34102752804756165,0.0,0.08955098688602448,0.08955098688602448,0.1797056794166565,0.1797056794166565,-0.00920773297548294,1.935670256614685,1.9845256805419922,0.0,0.18891341239213943,0.18891341239213943,-0.2044806033372879,-0.2044806033372879,0.017118291929364204,-1.3113826513290405,-0.3638295531272888,0.0,-0.2215988952666521,-0.2215988952666521,-0.02602141536772251,-0.02602141536772251,-0.07055198401212692,0.6116144061088562,0.007420933805406094,0.0,0.04453056864440441,0.04453056864440441,0.15052075684070587,0.15052075684070587,0.22511273622512817,-0.2595774829387665,-1.6828908920288086,0.0,-0.0745919793844223,-0.0745919793844223,0.12801282107830048,0.12801282107830048,0.07136566191911697,0.35107263922691345,-0.4897051155567169,0.0,0.0566471591591835,0.0566471591591835
48,0.8,14,0,0,,6,stairs down,11,0.0,93.13072204589844,52.2373046875,-1.0775437355041504,1.8357115983963013,0.5215330719947815,1.0856668949127197,0.5215330719947815,5.328919410705566,2.2339344024658203,0.3333333432674408,0.15814533829689026,0.061602234840393066,0.9178557991981506,0.26076653599739075,-0.08149053901433945,0.3727343678474426,-0.4111981987953186,0.037978097796440125,0.23268508911132812,0.23559296131134033,-0.05704337731003761,-0.05704337731003761,-0.02458488754928112,-0.3273542523384094,-0.05070533975958824,0.0,-0.03245848976075649,-0.03245848976075649,0.1863671839237213,0.1863671839237213,-0.21691787242889404,1.9998689889907837,1.9413869380950928,0.0,0.40328505635261536,0.40328505635261536,-0.2055990993976593,-0.2055990993976593,0.040312428027391434,-1.5720059871673584,-0.2953089773654938,0.0,-0.24591152742505074,-0.24591152742505074,0.026584668084979057,0.026584668084979057,-0.043741438537836075,0.3171848952770233,0.09154786914587021,0.0,0.07032610662281513,0.07032610662281513,0.11634254455566406,0.11634254455566406,0.2266092598438263,-1.0831646919250488,-1.3199082612991333,0.0,-0.11026671528816223,-0.11026671528816223,0.11779648065567017,0.11779648065567017,0.05101073905825615,-1.5239297151565552,-0.6708604693412781,0.0,0.06678574159741402,0.06678574159741402
49,0.8166666666666667,2,0,0,,6,stairs down,11,0.0,93.18273162841797,52.257080078125,-1.050235390663147,1.6396026611328125,-0.06433803588151932,0.8042278289794922,-0.06433803588151932,3.22021746635437,1.7987515926361084,0.6571092009544373,-0.3392389416694641,0.026513662189245224,0.8198013305664062,-0.03216901794075966,0.11617348343133926,0.298989862203598,-0.2502725124359131,0.007092820946127176,0.12484748661518097,0.2605971395969391,0.08132144063711166,0.08132144063711166,-0.04727158322930336,-1.8021414279937744,0.49984973669052124,0.0,0.12859302386641502,0.12859302386641502,0.149494931101799,0.149494931101799,-0.09730352461338043,1.9214602708816528,1.8253400325775146,0.0,0.24679845571517944,0.24679845571517944,-0.12513625621795654,-0.12513625621795654,0.03339404985308647,-1.1834659576416016,0.14699965715408325,0.0,-0.15853030607104301,-0.15853030607104301,0.004964974708855152,0.004964974708855152,-0.10430877655744553,1.42179274559021,0.1757955253124237,0.0,0.10927375126630068,0.10927375126630068,0.062423743307590485,0.062423743307590485,0.15848445892333984,0.19292396306991577,-1.3272432088851929,0.0,-0.09606071561574936,-0.09606071561574936,0.13029856979846954,0.13029856979846954,0.07784128934144974,0.3239877223968506,-0.0005172340315766633,0.0,0.052457280457019806,0.052457280457019806
49,0.8166666666666667,8,0,0,,6,stairs down,11,0.0,93.1858139038086,52.3090934753418,-1.0371850728988647,1.9477037191390991,0.9886581301689148,0.8116508722305298,0.9886581301689148,3.2542014122009277,3.831897258758545,0.6666666865348816,-0.1648028939962387,0.17250995337963104,0.9738518595695496,0.4943290650844574,0.42014041543006897,0.4090266823768616,-0.39794158935546875,-0.1825380176305771,0.668887197971344,-0.2140321284532547,0.29409828782081604,0.29409828782081604,-0.05709879845380783,0.19724363088607788,-0.2900758683681488,0.0,0.35119708627462387,0.35119708627462387,0.2045133411884308,0.2045133411884308,0.022307125851511955,1.999491572380066,1.9678776264190674,0.0,0.18220621533691883,0.18220621533691883,-0.19897079467773438,-0.19897079467773438,-0.015614361502230167,-1.9981434345245361,-0.68671715259552,0.0,-0.1833564331755042,-0.1833564331755042,-0.1277766078710556,-0.1277766078710556,-0.07777062058448792,-1.0806217193603516,0.2133055180311203,0.0,-0.05000598728656769,-0.05000598728656769,0.334443598985672,0.334443598985672,0.23364542424678802,1.0172569751739502,-1.1978833675384521,0.0,0.10079817473888397,0.10079817473888397,-0.10701606422662735,-0.10701606422662735,0.06572850793600082,-0.3912065029144287,-0.20320221781730652,0.0,-0.17274457216262817,-0.17274457216262817
49,0.8166666666666667,14,0,0,,6,stairs down,11,0.0,93.14139556884766,52.24153518676758,-1.0691725015640259,1.812110185623169,0.9231278896331787,0.9388734102249146,0.9231278896331787,4.5121989250183105,2.640073299407959,0.6214503645896912,0.16758422553539276,0.06724147498607635,0.9060550928115845,0.46156394481658936,0.11669863015413284,0.29416099190711975,-0.35790887475013733,0.16365230083465576,0.2938188910484314,0.2511337399482727,0.08168903738260269,0.08168903738260269,-0.029313748702406883,-0.18590988218784332,-0.14497604966163635,0.0,0.11100278608500957,0.11100278608500957,0.14708049595355988,0.14708049595355988,-0.18326184153556824,2.0000109672546387,1.9613151550292969,0.0,0.3303423374891281,0.3303423374891281,-0.17895443737506866,-0.17895443737506866,0.0315430723130703,0.07270300388336182,-0.730355441570282,0.0,-0.21049750968813896,-0.21049750968813896,0.11455661058425903,0.11455661058425903,-0.04327527433633804,-0.04444796219468117,0.16843579709529877,0.0,0.15783188492059708,0.15783188492059708,0.1469094455242157,0.1469094455242157,0.20286868512630463,-1.644449234008789,-1.2392356395721436,0.0,-0.05595923960208893,-0.05595923960208893,0.12556686997413635,0.12556686997413635,0.04346770793199539,0.17773272097110748,-0.9615517854690552,0.0,0.08209916204214096,0.08209916204214096
50,0.8333333333333334,2,0,0,,6,stairs down,11,0.0,93.19091796875,52.260868072509766,-1.046109676361084,1.9827005863189697,1.9999998807907104,0.8166576623916626,1.9999998807907104,2.726168394088745,6.025149345397949,0.6666666865348816,-0.12894980609416962,0.14587277173995972,0.9913502931594849,0.9999999403953552,0.35966235399246216,-0.14417245984077454,0.2588594853878021,0.34157419204711914,0.7029810547828674,-0.16586272418498993,0.25176364183425903,0.25176364183425903,-0.0663977637887001,-0.5722470283508301,-0.28457534313201904,0.0,0.31816140562295914,0.31816140562295914,-0.23067593574523926,-0.23067593574523926,-0.094207264482975,-0.22426669299602509,1.8580938577651978,0.0,-0.13646867126226425,-0.13646867126226425,0.12942974269390106,0.12942974269390106,0.007804879918694496,-1.6039559841156006,-0.30636897683143616,0.0,0.12162486277520657,0.12162486277520657,0.23910193145275116,0.23910193145275116,-0.081867516040802,1.3009693622589111,0.6003807187080383,0.0,0.32096944749355316,0.32096944749355316,0.3514905273914337,0.3514905273914337,0.15812288224697113,0.44516220688819885,-0.8092319965362549,0.0,0.19336764514446259,0.19336764514446259,-0.08293136209249496,-0.08293136209249496,0.07582693547010422,-0.25412461161613464,0.11006087064743042,0.0,-0.15875829756259918,-0.15875829756259918
50,0.8333333333333334,8,0,0,,6,stairs down,11,0.0,93.19279479980469,52.31565856933594,-1.0325530767440796,1.8724033832550049,1.489793300628662,0.8065704107284546,1.489793300628662,3.972553253173828,5.163376808166504,0.6666666865348816,-0.06750224530696869,0.17906717956066132,0.9362016916275024,0.744896650314331,0.44943124055862427,0.026170814409852028,-0.3391205072402954,0.03828253969550133,0.7115539312362671,0.07477354258298874,0.314601868391037,0.314601868391037,-0.049264874309301376,0.7731902003288269,-0.12401717901229858,0.0,0.36386674270033836,0.36386674270033836,0.013085407204926014,0.013085407204926014,0.03163895383477211,0.38193055987358093,1.9786503314971924,0.0,-0.018553546629846096,-0.018553546629846096,-0.1695602536201477,-0.1695602536201477,-0.04899338260293007,-1.9694968461990356,-1.13359797000885,0.0,-0.12056687101721764,-0.12056687101721764,0.02679777704179287,0.02679777704179287,-0.09274222701787949,-0.9858428835868835,-0.22761230170726776,0.0,0.11954000405967236,0.11954000405967236,0.35577696561813354,0.35577696561813354,0.23522619903087616,0.49936914443969727,-0.4430535137653351,0.0,0.12055076658725739,0.12055076658725739,0.03738677129149437,0.03738677129149437,0.06098269671201706,-0.5311039090156555,-0.2672664523124695,0.0,-0.02359592542052269,-0.02359592542052269
50,0.8333333333333334,14,0,0,,6,stairs down,11,0.0,93.15254974365234,52.244319915771484,-1.0609012842178345,1.7367331981658936,0.3890548646450043,0.8448656797409058,0.3890548646450043,4.09600305557251,2.7736098766326904,0.6666666865348816,0.11792227625846863,0.03045440837740898,0.8683665990829468,0.19452743232250214,-0.008482065051794052,0.4627816677093506,-0.29734480381011963,-0.09880238771438599,0.2473495602607727,0.17331096529960632,-0.005937445443123579,-0.005937445443123579,-0.030030105262994766,-0.15276049077510834,-0.1589246243238449,0.0,0.024092659819871187,0.024092659819871187,0.2313908338546753,0.2313908338546753,-0.14964190125465393,1.989745020866394,1.974501132965088,0.0,0.3810327351093292,0.3810327351093292,-0.14867240190505981,-0.14867240190505981,0.032540153712034225,0.2342686802148819,-0.4567057490348816,0.0,-0.18121255561709404,-0.18121255561709404,-0.06916166841983795,-0.06916166841983795,-0.045922234654426575,-0.053977467119693756,0.09589365124702454,0.0,-0.023239433765411377,-0.023239433765411377,0.12367478013038635,0.12367478013038635,0.17664334177970886,-1.2781356573104858,-1.377315878868103,0.0,-0.05296856164932251,-0.05296856164932251,0.08665548264980316,0.08665548264980316,0.048663586378097534,0.49878042936325073,-0.5733298659324646,0.0,0.03799189627170563,0.03799189627170563
51,0.85,2,0,0,,6,stairs down,11,0.0,93.19951629638672,52.26328659057617,-1.0444141626358032,1.7053799629211426,1.012112021446228,0.8366756439208984,1.012112021446228,3.1703920364379883,3.964930295944214,0.46385955810546875,-0.11331107467412949,0.12229210138320923,0.8526899814605713,0.506056010723114,-0.02371804416179657,-0.027903718873858452,-0.28104692697525024,-0.34180834889411926,0.7470600605010986,-0.7166811227798462,-0.01660262979567051,-0.01660262979567051,-0.06709548085927963,0.34946009516716003,-0.38260215520858765,0.0,0.05049285106360912,0.05049285106360912,-0.04464595019817352,-0.04464595019817352,-0.09133321791887283,0.5530092120170593,1.1485098600387573,0.0,0.04668726772069931,0.04668726772069931,-0.14052346348762512,-0.14052346348762512,-0.01562514342367649,-1.3963872194290161,-0.7485339045524597,0.0,-0.12489832006394863,-0.12489832006394863,-0.23926584422588348,-0.23926584422588348,-0.07410319894552231,0.025426987558603287,0.8391128182411194,0.0,-0.16516264528036118,-0.16516264528036118,0.3735300302505493,0.3735300302505493,0.17953573167324066,1.8676165342330933,-0.38178542256355286,0.0,0.19399429857730865,0.19399429857730865,-0.3583405613899231,-0.3583405613899231,0.07781168073415756,-0.047125283628702164,-0.014038749039173126,0.0,-0.43615224212408066,-0.43615224212408066
51,0.85,8,0,0,,6,stairs down,11,0.0,93.19971466064453,52.32051467895508,-1.0304948091506958,1.7182345390319824,0.3250245451927185,0.8062366247177124,0.3250245451927185,4.656765937805176,6.176051139831543,0.6666666865348816,-0.006058355327695608,0.150979146361351,0.8591172695159912,0.16251227259635925,0.29241350293159485,-0.18154186010360718,-0.2666720151901245,-0.1801699548959732,0.64617919921875,-0.07544806599617004,0.20468944311141968,0.20468944311141968,-0.03300165385007858,1.2908928394317627,0.18171463906764984,0.0,0.23769109696149826,0.23769109696149826,-0.2904669940471649,-0.2904669940471649,0.003659144975244999,-1.7856113910675049,1.4345530271530151,0.0,-0.2941261390224099,-0.2941261390224099,-0.13333600759506226,-0.13333600759506226,-0.07567630708217621,-1.2393102645874023,-1.4184383153915405,0.0,-0.05765970051288605,-0.05765970051288605,-0.1261189728975296,-0.1261189728975296,-0.10907755047082901,-1.0337777137756348,-0.48598647117614746,0.0,-0.017041422426700592,-0.017041422426700592,0.323089599609375,0.323089599609375,0.2157347947359085,-0.9983568787574768,-0.12191414088010788,0.0,0.10735480487346649,0.10735480487346649,-0.03772403299808502,-0.03772403299808502,0.058270230889320374,0.11462251842021942,-0.35717153549194336,0.0,-0.0959942638874054,-0.0959942638874054
51,0.85,14,0,0,,6,stairs down,11,0.0,93.16439056396484,52.24692916870117,-1.0534971952438354,1.7440495491027832,-0.05502179265022278,0.807050347328186,-0.05502179265022278,3.9711647033691406,2.947547674179077,0.5800800323486328,0.09877326339483261,0.00901047419756651,0.8720247745513916,-0.02751089632511139,0.08559757471084595,0.3065450191497803,-0.27183088660240173,-0.06411604583263397,0.2909010052680969,0.16891372203826904,0.05991830304265022,0.05991830304265022,-0.027719175443053246,0.27537959814071655,-0.15682412683963776,0.0,0.08763747848570347,0.08763747848570347,0.15327250957489014,0.15327250957489014,-0.11612483114004135,2.0000321865081787,1.9796955585479736,0.0,0.2693973407149315,0.2693973407149315,-0.13591544330120087,-0.13591544330120087,0.030358605086803436,-0.0832425057888031,-0.22124972939491272,0.0,-0.1662740483880043,-0.1662740483880043,-0.04488123208284378,-0.04488123208284378,-0.047360606491565704,-0.11920378357172012,0.04482366517186165,0.0,0.002479374408721924,0.002479374408721924,0.14545050263404846,0.14545050263404846,0.16382068395614624,-0.7290162444114685,-1.3435192108154297,0.0,-0.01837018132209778,-0.01837018132209778,0.08445686101913452,0.08445686101913452,0.046660371124744415,-0.13059458136558533,-0.20799821615219116,0.0,0.037796489894390106,0.037796489894390106
52,0.8666666666666667,2,0,0,,6,stairs down,11,0.0,93.20748901367188,52.265541076660156,-1.0433076620101929,1.7086881399154663,0.8615496754646301,0.8854678869247437,0.8615496754646301,3.8990752696990967,5.410303115844727,0.6666666865348816,-0.03089265525341034,0.11360201239585876,0.8543440699577332,0.43077483773231506,-0.15223339200019836,-0.21983571350574493,-0.06983257830142975,-0.0840354785323143,0.6508951187133789,-0.2474902868270874,-0.10656337440013885,-0.10656337440013885,-0.07086341083049774,-0.48440638184547424,-0.13314509391784668,0.0,-0.03569996356964111,-0.03569996356964111,-0.3517371416091919,-0.3517371416091919,-0.10986419022083282,-1.281223177909851,0.9455873966217041,0.0,-0.24187295138835907,-0.24187295138835907,-0.034916289150714874,-0.034916289150714874,-0.02671556919813156,-0.5351328253746033,-0.9692959785461426,0.0,-0.008200719952583313,-0.008200719952583313,-0.05882483348250389,-0.05882483348250389,-0.06635935604572296,0.5561200976371765,0.5618417263031006,0.0,0.0075345225632190704,0.0075345225632190704,0.32544755935668945,0.32544755935668945,0.18231353163719177,-0.27256709337234497,0.3847193717956543,0.0,0.14313402771949768,0.14313402771949768,-0.1237451434135437,-0.1237451434135437,0.08237916231155396,0.11541762202978134,-0.025313295423984528,0.0,-0.20612430572509766,-0.20612430572509766
52,0.8666666666666667,8,0,0,,6,stairs down,11,0.0,93.20750427246094,52.323516845703125,-1.0297197103500366,1.3540518283843994,-0.37187251448631287,0.8125911951065063,-0.37187251448631287,4.584989070892334,4.5489420890808105,0.3333333432674408,0.05243365094065666,0.14387010037899017,0.6770259141921997,-0.18593625724315643,0.1491771936416626,-0.16926239430904388,-0.2623473107814789,-0.305497407913208,0.39796382188796997,0.11699213087558746,0.10442403703927994,0.10442403703927994,-0.016125589609146118,0.7321169972419739,0.5596774816513062,0.0,0.12054962664842606,0.12054962664842606,-0.27081984281539917,-0.27081984281539917,-0.02794915996491909,-1.9293255805969238,0.33725181221961975,0.0,-0.24287068285048008,-0.24287068285048008,-0.13117365539073944,-0.13117365539073944,-0.08445660769939423,-0.2451532930135727,-1.3573987483978271,0.0,-0.046717047691345215,-0.046717047691345215,-0.21384818851947784,-0.21384818851947784,-0.12359047681093216,-0.6217339634895325,-0.672651469707489,0.0,-0.09025771170854568,-0.09025771170854568,0.19898191094398499,0.19898191094398499,0.19478684663772583,-1.063757061958313,-0.4205702245235443,0.0,0.004195064306259155,0.004195064306259155,0.05849606543779373,0.05849606543779373,0.07258870452642441,0.9752524495124817,-0.19640327990055084,0.0,-0.014092639088630676,-0.014092639088630676
52,0.8666666666666667,14,0,0,,6,stairs down,11,0.0,93.17449188232422,52.2515754699707,-1.0469348430633545,1.609765887260437,0.024615386500954628,0.8052470684051514,0.024615386500954628,3.985733985900879,3.3716323375701904,0.6609029769897461,0.10700950026512146,0.008023006841540337,0.8048829436302185,0.012307693250477314,0.10711850225925446,0.30628734827041626,-0.25951147079467773,0.03275897353887558,0.13610568642616272,0.3167722225189209,0.07498294860124588,0.07498294860124588,-0.047080039978027344,-1.5023093223571777,-0.009546652436256409,0.0,0.12206298857927322,0.12206298857927322,0.15314367413520813,0.15314367413520813,-0.08256920427083969,1.7928894758224487,1.9866254329681396,0.0,0.23571287840604782,0.23571287840604782,-0.12975573539733887,-0.12975573539733887,0.016545437276363373,-1.3087763786315918,-0.1742224544286728,0.0,-0.14630117267370224,-0.14630117267370224,0.022931281477212906,0.022931281477212906,-0.03621385991573334,0.7276879549026489,-0.01107022538781166,0.0,0.05914514139294624,0.05914514139294624,0.06805284321308136,0.06805284321308136,0.16387738287448883,0.2815506160259247,-1.1341215372085571,0.0,-0.09582453966140747,-0.09582453966140747,0.15838611125946045,0.15838611125946045,0.048941344022750854,0.17073526978492737,-0.1816221922636032,0.0,0.1094447672367096,0.1094447672367096
53,0.8833333333333333,2,0,0,,6,stairs down,11,0.0,93.21538543701172,52.26836395263672,-1.0415468215942383,1.7146700620651245,0.7110279202461243,0.9494659900665283,0.7110279202461243,4.3585615158081055,3.4833829402923584,0.3333333432674408,0.007134129758924246,0.141227588057518,0.8573350310325623,0.35551396012306213,-0.23663045465946198,-0.14011156558990479,-0.3452051877975464,-0.23206503689289093,0.6032564640045166,-0.18166522681713104,-0.16564132273197174,-0.16564132273197174,-0.08086424320936203,-0.5674604773521423,-0.25284066796302795,0.0,-0.08477707952260971,-0.08477707952260971,-0.2241785079240799,-0.2241785079240799,-0.11628059297800064,-0.3703781068325043,0.18678084015846252,0.0,-0.10789791494607925,-0.10789791494607925,-0.1726025938987732,-0.1726025938987732,-0.03989400714635849,-1.1075204610824585,-0.8213508129119873,0.0,-0.1327085867524147,-0.1327085867524147,-0.162445530295372,-0.162445530295372,-0.05584974214434624,0.5689682960510254,0.5598919987678528,0.0,-0.10659578815102577,-0.10659578815102577,0.3016282320022583,0.3016282320022583,0.1875564455986023,0.3737620413303375,0.1607428342103958,0.0,0.114071786403656,0.114071786403656,-0.09083261340856552,-0.09083261340856552,0.08729812502861023,0.24189096689224243,0.02264208346605301,0.0,-0.17813073843717575,-0.17813073843717575
53,0.8833333333333333,8,0,0,,6,stairs down,11,0.0,93.21646118164062,52.326194763183594,-1.0309369564056396,1.4777337312698364,0.024729957804083824,0.8713091611862183,0.024729957804083824,4.997870445251465,5.317465782165527,0.6666666865348816,0.08037619292736053,0.12903670966625214,0.7388668656349182,0.012364978902041912,0.1260637789964676,-0.24705839157104492,-0.0007952040177769959,-0.34934917092323303,0.5737619400024414,0.0844089612364769,0.08824464678764343,0.08824464678764343,-0.003367549739778042,0.4197413921356201,0.6184378266334534,0.0,0.09161219652742147,0.09161219652742147,-0.3952934443950653,-0.3952934443950653,-0.06043364480137825,-1.5943512916564941,-0.43510568141937256,0.0,-0.33485979959368706,-0.33485979959368706,-0.00039760200888849795,-0.00039760200888849795,-0.08505265414714813,0.7955697774887085,-0.978390634059906,0.0,0.08465505213825963,0.08465505213825963,-0.24454441666603088,-0.24454441666603088,-0.13377465307712555,-0.35584840178489685,-0.6553008556365967,0.0,-0.11076976358890533,-0.11076976358890533,0.2868809700012207,0.2868809700012207,0.18479852378368378,-0.4148466885089874,-0.6397421360015869,0.0,0.10208244621753693,0.10208244621753693,0.04220448061823845,0.04220448061823845,0.09062302857637405,1.8971514701843262,0.2028493881225586,0.0,-0.048418547958135605,-0.048418547958135605
53,0.8833333333333333,14,0,0,,6,stairs down,11,0.0,93.1830062866211,52.25738525390625,-1.0422617197036743,1.920324444770813,1.124401330947876,0.8136520385742188,1.124401330947876,3.4882326126098633,4.870165824890137,0.6666666865348816,0.020169129595160484,0.18193775415420532,0.9601622223854065,0.562200665473938,0.40884655714035034,-0.00881965085864067,-0.41260606050491333,-0.04745442047715187,0.5201406478881836,-0.4178333878517151,0.2861925959587097,0.2861925959587097,-0.053976837545633316,0.23013125360012054,-0.518219530582428,0.0,0.34016943350434303,0.34016943350434303,-0.014111441560089588,-0.014111441560089588,-0.06881725043058395,0.7793261408805847,1.9206080436706543,0.0,0.054705808870494366,0.054705808870494366,-0.20630303025245667,-0.20630303025245667,-0.01406977977603674,-1.7306385040283203,-0.5608323216438293,0.0,-0.19223325047641993,-0.19223325047641993,-0.03321809321641922,-0.03321809321641922,-0.03456822410225868,-0.33044901490211487,0.24066855013370514,0.0,0.0013501308858394623,0.0013501308858394623,0.2600703239440918,0.2600703239440918,0.16701243817806244,0.5771926045417786,-0.6517179608345032,0.0,0.09305788576602936,0.09305788576602936,-0.20891669392585754,-0.20891669392585754,0.04664453864097595,-0.2575215697288513,-0.06155307963490486,0.0,-0.2555612325668335,-0.2555612325668335
54,0.9,2,0,0,,6,stairs down,11,0.0,93.2226333618164,52.2709846496582,-1.0390493869781494,1.6711243391036987,0.4719615578651428,1.0174517631530762,0.4719615578651428,4.8009467124938965,3.7572174072265625,0.3333333432674408,0.03538065776228905,0.12579958140850067,0.8355621695518494,0.2359807789325714,-0.20037224888801575,-0.2504136264324188,-0.033989302814006805,-0.20637160539627075,0.7068720459938049,-0.22513549029827118,-0.14026057720184326,-0.14026057720184326,-0.08819679915904999,-0.052233994007110596,-0.3600503206253052,0.0,-0.052063778042793274,-0.052063778042793274,-0.40066179633140564,-0.40066179633140564,-0.12779501080513,-0.7556020617485046,-0.003076298860833049,0.0,-0.27286678552627563,-0.27286678552627563,-0.016994651407003403,-0.016994651407003403,-0.05626658722758293,-1.0384933948516846,-0.9188657402992249,0.0,0.03927193582057953,0.03927193582057953,-0.14446012675762177,-0.14446012675762177,-0.04392107203602791,0.7097957134246826,0.562984824180603,0.0,-0.10053905472159386,-0.10053905472159386,0.35343602299690247,0.35343602299690247,0.1799711436033249,-0.8428602814674377,0.2333311140537262,0.0,0.17346487939357758,0.17346487939357758,-0.11256774514913559,-0.11256774514913559,0.08826535195112228,-0.5749042630195618,0.09735319018363953,0.0,-0.20083309710025787,-0.20083309710025787
54,0.9,8,0,0,,6,stairs down,11,0.0,93.22647094726562,52.328372955322266,-1.0322972536087036,1.246145248413086,0.5329917073249817,0.9792917966842651,0.5329917073249817,4.935651779174805,8.019131660461426,0.6173446178436279,0.13556352257728577,0.1042095422744751,0.623072624206543,0.26649585366249084,-0.02613961324095726,-0.19003725051879883,-0.08298938721418381,-0.2670993208885193,0.6396471261978149,0.09381503611803055,-0.018297728151082993,-0.018297728151082993,0.0005085117882117629,0.17654238641262054,0.5507301092147827,0.0,-0.018806239939294755,-0.018806239939294755,-0.30405959486961365,-0.30405959486961365,-0.09099558740854263,-1.736564040184021,-0.8301294445991516,0.0,-0.21306400746107101,-0.21306400746107101,-0.041494693607091904,-0.041494693607091904,-0.08288522809743881,-0.3101631700992584,-0.3738970160484314,0.0,0.04139053449034691,0.04139053449034691,-0.18696951866149902,-0.18696951866149902,-0.1354561597108841,-0.06735240668058395,-0.5532596111297607,0.0,-0.05151335895061493,-0.05151335895061493,0.31982356309890747,0.31982356309890747,0.17709439992904663,0.3252321183681488,-0.563106894493103,0.0,0.14272916316986084,0.14272916316986084,0.046907518059015274,0.046907518059015274,0.1069139763712883,0.7287998199462891,0.7801986932754517,0.0,-0.060006458312273026,-0.060006458312273026
54,0.9,14,0,0,,6,stairs down,11,0.0,93.19193267822266,52.260929107666016,-1.038561224937439,1.7971217632293701,0.017055783420801163,0.8144049644470215,0.017055783420801163,3.849193572998047,7.65376615524292,0.8333333730697632,-0.026162421330809593,0.1514708697795868,0.8985608816146851,0.008527891710400581,0.15313094854354858,-0.1922997087240219,-0.35956186056137085,-0.013410690240561962,0.6089640855789185,-0.421189546585083,0.10719165951013565,0.10719165951013565,-0.052192509174346924,0.48452436923980713,-0.2632119655609131,0.0,0.15938416868448257,0.15938416868448257,-0.30767953395843506,-0.30767953395843506,-0.08017392456531525,-1.2774903774261475,1.5317054986953735,0.0,-0.2275056093931198,-0.2275056093931198,-0.17978093028068542,-0.17978093028068542,-0.03967186063528061,-1.9958745241165161,-0.9594547152519226,0.0,-0.14010906964540482,-0.14010906964540482,-0.009387482888996601,-0.009387482888996601,-0.032246291637420654,0.20654721558094025,0.04605487734079361,0.0,0.022858808748424053,0.022858808748424053,0.30448204278945923,0.30448204278945923,0.1630295217037201,-0.07207256555557251,-0.2329551726579666,0.0,0.14145252108573914,0.14145252108573914,-0.2105947732925415,-0.2105947732925415,0.05123084411025047,-0.32355576753616333,-0.12833118438720703,0.0,-0.261825617402792,-0.261825617402792
55,0.9166666666666666,2,0,0,,6,stairs down,11,0.0,93.2287368774414,52.273433685302734,-1.03565514087677,1.5442835092544556,0.5423242449760437,1.0213801860809326,0.5423242449760437,4.931242942810059,5.802082061767578,0.5,-0.007065470330417156,0.09205305576324463,0.7721417546272278,0.27116212248802185,-0.18190446496009827,-0.19266532361507416,0.07500481605529785,-0.3873350918292999,0.5292985439300537,-0.24707017838954926,-0.1273331195116043,-0.1273331195116043,-0.07952959835529327,0.7817286849021912,-0.25515902042388916,0.0,-0.047803521156311035,-0.047803521156311035,-0.30826452374458313,-0.30826452374458313,-0.12971840798854828,-0.3793182373046875,-0.259506493806839,0.0,-0.17854611575603485,-0.17854611575603485,0.037502408027648926,0.037502408027648926,-0.06766779720783234,-0.2822417616844177,-0.9596299529075623,0.0,0.10517020523548126,0.10517020523548126,-0.27113455533981323,-0.27113455533981323,-0.041234537959098816,-0.24778009951114655,0.6130119562149048,0.0,-0.22990001738071442,-0.22990001738071442,0.26464927196502686,0.26464927196502686,0.17099013924598694,-0.6977369785308838,-0.13339118659496307,0.0,0.09365913271903992,0.09365913271903992,-0.12353508919477463,-0.12353508919477463,0.07774309813976288,-0.7273670434951782,-0.13172483444213867,0.0,-0.2012781873345375,-0.2012781873345375
55,0.9166666666666666,8,0,0,,6,stairs down,11,0.0,93.2367172241211,52.331172943115234,-1.0319570302963257,1.601913571357727,0.28849101066589355,0.9674426317214966,0.28849101066589355,4.671040058135986,5.996213912963867,0.7731883525848389,0.18778912723064423,0.11035901308059692,0.8009567856788635,0.14424550533294678,-0.030271606519818306,-0.3204558491706848,-0.046596866101026535,-0.12932977080345154,0.7610241174697876,-0.23193573951721191,-0.02119012363255024,-0.02119012363255024,-0.004485336132347584,0.16655035316944122,0.4232221245765686,0.0,-0.016704787500202656,-0.016704787500202656,-0.5127293467521667,-0.5127293467521667,-0.11871335655450821,-1.388702154159546,-1.1390055418014526,0.0,-0.39401599019765854,-0.39401599019765854,-0.023298433050513268,-0.023298433050513268,-0.0947808176279068,-1.3652726411819458,-0.3521791100502014,0.0,0.07148238457739353,0.07148238457739353,-0.09053083509206772,-0.09053083509206772,-0.12090464681386948,1.4347386360168457,-0.387682169675827,0.0,0.030373811721801758,0.030373811721801758,0.3805120587348938,0.3805120587348938,0.16936208307743073,-1.3917388916015625,-0.2603970468044281,0.0,0.21114997565746307,0.21114997565746307,-0.11596786975860596,-0.11596786975860596,0.10672266781330109,-1.3889431953430176,0.7626840472221375,0.0,-0.22269053757190704,-0.22269053757190704
55,0.9166666666666666,14,0,0,,6,stairs down,11,0.0,93.20137786865234,52.2630729675293,-1.0370895862579346,1.5489022731781006,-0.45855778455734253,0.8156046867370605,-0.45855778455734253,4.189732551574707,2.9080519676208496,0.3333333432674408,-0.08201305568218231,0.11868798732757568,0.7744511365890503,-0.22927889227867126,0.10503584891557693,-0.43141719698905945,-0.08393462747335434,-0.36906322836875916,0.5890893340110779,-0.47213780879974365,0.0735250934958458,0.0735250934958458,-0.03964269161224365,1.2714875936508179,-0.008413796313107014,0.0,0.11316778510808945,0.11316778510808945,-0.6902675032615662,-0.6902675032615662,-0.11271538585424423,-1.9906436204910278,0.5744456052780151,0.0,-0.5775521174073219,-0.5775521174073219,-0.04196731373667717,-0.04196731373667717,-0.05639948323369026,-1.1874791383743286,-1.312624454498291,0.0,0.014432169497013092,0.014432169497013092,-0.25834426283836365,-0.25834426283836365,-0.03525150194764137,-0.532711386680603,0.10074414312839508,0.0,-0.22309276089072227,-0.22309276089072227,0.29454466700553894,0.29454466700553894,0.15047214925289154,-0.24068483710289001,-0.17813292145729065,0.0,0.1440725177526474,0.1440725177526474,-0.23606890439987183,-0.23606890439987183,0.05929504707455635,-0.040318068116903305,-0.19485577940940857,0.0,-0.2953639514744282,-0.2953639514744282
56,0.9333333333333333,2,0,0,,6,stairs down,11,0.0,93.23442840576172,52.27650451660156,-1.0326247215270996,1.2706525325775146,0.021436115726828575,0.9390157461166382,0.021436115726828575,4.747200012207031,4.282259941101074,0.3333333432674408,-0.02352321147918701,0.08371521532535553,0.6353262662887573,0.010718057863414288,-0.3518151640892029,-0.07702361047267914,0.06656894832849503,-0.4754471480846405,0.2973439693450928,-0.06804721057415009,-0.24627061188220978,-0.24627061188220978,-0.07295923680067062,0.02338666468858719,0.09817017614841461,0.0,-0.17331137508153915,-0.17331137508153915,-0.12323778122663498,-0.12323778122663498,-0.12647150456905365,0.18074242770671844,-0.3003334701061249,0.0,0.0032337233424186707,0.0032337233424186707,0.03328447416424751,0.03328447416424751,-0.07027126103639603,-1.0461894273757935,-0.7288035154342651,0.0,0.10355573520064354,0.10355573520064354,-0.33281299471855164,-0.33281299471855164,-0.04793227091431618,-0.5577446818351746,0.319689005613327,0.0,-0.28488072380423546,-0.28488072380423546,0.1486719846725464,0.1486719846725464,0.16158263385295868,-0.24401049315929413,-0.32569730281829834,0.0,-0.012910649180412292,-0.012910649180412292,-0.03402360528707504,-0.03402360528707504,0.07755067199468613,0.40400660037994385,-0.3346954882144928,0.0,-0.11157427728176117,-0.11157427728176117
56,0.9333333333333333,8,0,0,,6,stairs down,11,0.0,93.24435424804688,52.3330192565918,-1.0281177759170532,1.894267201423645,0.9918394684791565,0.8644148111343384,0.9918394684791565,3.8443706035614014,3.027250051498413,0.5,0.10108479112386703,0.08866149187088013,0.9471336007118225,0.49591973423957825,-0.22032810747623444,-0.37602460384368896,0.2665192186832428,-0.5265806913375854,0.5949658751487732,-0.4337652325630188,-0.15422967076301575,-0.15422967076301575,-0.0016138297505676746,0.19523286819458008,0.3357588052749634,0.0,-0.15261584101244807,-0.15261584101244807,-0.6016393899917603,-0.6016393899917603,-0.14803093671798706,-1.9650816917419434,-1.2240920066833496,0.0,-0.4536084532737732,-0.4536084532737732,0.1332596093416214,0.1332596093416214,-0.11150258034467697,-0.6965804100036621,-0.6974002122879028,0.0,0.24476218968629837,0.24476218968629837,-0.36860647797584534,-0.36860647797584534,-0.10725349932909012,0.3267379105091095,0.23332479596138,0.0,-0.2613529786467552,-0.2613529786467552,0.2974829375743866,0.2974829375743866,0.14078916609287262,-1.524865984916687,-0.6459123492240906,0.0,0.15669377148151398,0.15669377148151398,-0.2168826162815094,-0.2168826162815094,0.08455619215965271,-1.388034462928772,0.029496895149350166,0.0,-0.3014388084411621,-0.3014388084411621
56,0.9333333333333333,14,0,0,,6,stairs down,11,0.0,93.21113586425781,52.26563262939453,-1.037041425704956,1.238343596458435,-0.42628830671310425,0.827070951461792,-0.42628830671310425,4.3914875984191895,2.025407314300537,0.1666666716337204,-0.10867621749639511,0.11976467818021774,0.6191717982292175,-0.21314415335655212,-0.025758080184459686,-0.47456470131874084,0.06936973333358765,-0.3010868430137634,0.557031512260437,-0.014438078738749027,-0.01803065650165081,-0.01803065650165081,-0.02620805986225605,0.3784126341342926,0.42772459983825684,0.0,0.00817740336060524,0.00817740336060524,-0.7593035101890564,-0.7593035101890564,-0.14533500373363495,-2.000843048095703,-0.29963257908821106,0.0,-0.6139685064554214,-0.6139685064554214,0.03468486666679382,0.03468486666679382,-0.05618313327431679,0.5825111269950867,-1.2699799537658691,0.0,0.09086799994111061,0.09086799994111061,-0.21076078712940216,-0.21076078712940216,-0.04511120542883873,-0.49201500415802,-0.11511176079511642,0.0,-0.16564958170056343,-0.16564958170056343,0.2785157561302185,0.2785157561302185,0.14033380150794983,-0.7803248763084412,-0.19944806396961212,0.0,0.13818195462226868,0.13818195462226868,-0.007219039369374514,-0.007219039369374514,0.07257477939128876,1.0956292152404785,-0.14219561219215393,0.0,-0.07979381876066327,-0.07979381876066327
57,0.95,2,0,0,,6,stairs down,11,0.0,93.23904418945312,52.278160095214844,-1.0305992364883423,1.6484272480010986,1.1527156829833984,0.8816676139831543,1.1527156829833984,4.531867027282715,3.8416411876678467,0.3333333432674408,0.09613494575023651,0.07482590526342392,0.8242136240005493,0.5763578414916992,0.3498373031616211,-0.41185954213142395,0.2968035042285919,-0.14258643984794617,0.5225903391838074,0.0009972021216526628,0.244886115193367,0.244886115193367,-0.05560846999287605,1.131701111793518,0.07268699258565903,0.0,0.30049458518624306,0.30049458518624306,-0.6589753031730652,-0.6589753031730652,-0.15789882838726044,-1.957373857498169,-0.13640233874320984,0.0,-0.5010764747858047,-0.5010764747858047,0.14840175211429596,0.14840175211429596,-0.07591860741376877,-0.026049403473734856,-0.836955726146698,0.0,0.22432035952806473,0.22432035952806473,-0.09981050342321396,-0.09981050342321396,-0.06293847411870956,-0.667948842048645,0.020695241168141365,0.0,-0.036872029304504395,-0.036872029304504395,0.2612951695919037,0.2612951695919037,0.1285465955734253,-1.9006119966506958,-0.2978617548942566,0.0,0.1327485740184784,0.1327485740184784,0.0004986010608263314,0.0004986010608263314,0.08539573103189468,0.9113270044326782,-0.0829758271574974,0.0,-0.08489712997106835,-0.08489712997106835
57,0.95,8,0,0,,6,stairs down,11,0.0,93.25140380859375,52.3359489440918,-1.025385856628418,1.4680745601654053,0.8443760871887207,0.8186396360397339,0.8443760871887207,3.885327100753784,2.976409673690796,0.5,0.1796572208404541,0.05280623957514763,0.7340372800827026,0.42218804359436035,-0.26474761962890625,-0.2719697058200836,0.09980125725269318,-0.6359612345695496,0.19430333375930786,-0.4206605851650238,-0.1853233277797699,-0.1853233277797699,0.0010726212058216333,0.1381056010723114,0.2878732681274414,0.0,-0.18639594898559153,-0.18639594898559153,-0.4351515471935272,-0.4351515471935272,-0.18104873597621918,-1.9797050952911377,-1.4765911102294922,0.0,-0.25410281121730804,-0.25410281121730804,0.04990062862634659,0.04990062862634659,-0.12117704004049301,-0.3002517521381378,-0.6971208453178406,0.0,0.1710776686668396,0.1710776686668396,-0.44517284631729126,-0.44517284631729126,-0.10834122449159622,-0.5160900950431824,0.26515617966651917,0.0,-0.33683162182569504,-0.33683162182569504,0.09715166687965393,0.09715166687965393,0.11824116110801697,-1.287700891494751,-0.9454240202903748,0.0,-0.021089494228363037,-0.021089494228363037,-0.2103302925825119,-0.2103302925825119,0.07501092553138733,-0.7175652384757996,-0.45354020595550537,0.0,-0.28534121811389923,-0.28534121811389923
57,0.95,14,0,0,,6,stairs down,11,0.0,93.22108459472656,52.269325256347656,-1.0365837812423706,1.541975975036621,0.5963701605796814,0.9096037149429321,0.5963701605796814,4.818492412567139,4.281261444091797,0.3333333432674408,-0.13320279121398926,0.15577778220176697,0.7709879875183105,0.2981850802898407,-0.31451335549354553,-0.27471473813056946,-0.2212361842393875,-0.1840045303106308,0.5593007802963257,0.3248097896575928,-0.2201593518257141,-0.2201593518257141,-0.03808217868208885,-1.1658973693847656,0.4109210669994354,0.0,-0.18207717314362526,-0.18207717314362526,-0.43954357504844666,-0.43954357504844666,-0.16856858134269714,-1.3741093873977661,-0.8793359398841858,0.0,-0.2709749937057495,-0.2709749937057495,-0.11061809211969376,-0.11061809211969376,-0.04941878840327263,0.08051331341266632,-0.6387262344360352,0.0,-0.06119930371642113,-0.06119930371642113,-0.12880316376686096,-0.12880316376686096,-0.04326983913779259,0.25916022062301636,-0.2435450702905655,0.0,-0.08553332462906837,-0.08553332462906837,0.27965039014816284,0.27965039014816284,0.13390028476715088,-0.2868430018424988,-0.3973872661590576,0.0,0.14575010538101196,0.14575010538101196,0.1624048948287964,0.1624048948287964,0.09910586476325989,1.4284611940383911,0.27960479259490967,0.0,0.0632990300655365,0.0632990300655365
58,0.9666666666666667,2,0,0,,6,stairs down,11,0.0,93.24488830566406,52.27952194213867,-1.0274211168289185,1.4411962032318115,0.30528244376182556,0.8465868234634399,0.30528244376182556,4.6219587326049805,8.649231910705566,0.6666666865348816,0.10829673707485199,0.037533409893512726,0.7205981016159058,0.15264122188091278,-0.07347559183835983,-0.12728825211524963,0.36816251277923584,-0.21471329033374786,0.7100688219070435,0.04152732715010643,-0.05143291503190994,-0.05143291503190994,-0.042861443012952805,0.2924972176551819,0.4335559606552124,0.0,-0.008571472018957138,-0.008571472018957138,-0.20366120338439941,-0.20366120338439941,-0.14894898235797882,0.5171840786933899,-0.7569154500961304,0.0,-0.05471222102642059,-0.05471222102642059,0.18408125638961792,0.18408125638961792,-0.07524558901786804,0.4849633276462555,-0.5606317520141602,0.0,0.25932684540748596,0.25932684540748596,-0.1502992957830429,-0.1502992957830429,-0.07166390866041183,-0.09907883405685425,-0.21396668255329132,0.0,-0.07863538712263107,-0.07863538712263107,0.35503441095352173,0.35503441095352173,0.13789400458335876,1.0718103647232056,-0.8440139293670654,0.0,0.21714040637016296,0.21714040637016296,0.020763663575053215,0.020763663575053215,0.09268812090158463,0.31148380041122437,0.2558421790599823,0.0,-0.07192445732653141,-0.07192445732653141
58,0.9666666666666667,8,0,0,,6,stairs down,11,0.0,93.25778198242188,52.33970642089844,-1.023207187652588,1.3817024230957031,0.34768325090408325,0.8119630813598633,0.34768325090408325,4.148701190948486,5.5974836349487305,0.5,0.20498991012573242,0.05893330276012421,0.6908512115478516,0.17384162545204163,-0.09654383361339569,-0.3033175766468048,0.1576213538646698,-0.46848419308662415,0.2340727150440216,-0.20856212079524994,-0.0675806850194931,-0.0675806850194931,0.004856427665799856,0.3689787983894348,0.23683851957321167,0.0,-0.07243711268529296,-0.07243711268529296,-0.48530814051628113,-0.48530814051628113,-0.21389953792095184,-2.000229835510254,-1.6480318307876587,0.0,-0.2714086025953293,-0.2714086025953293,0.0788106769323349,0.0788106769323349,-0.12186257541179657,0.5851104259490967,-0.5618839859962463,0.0,0.20067325234413147,0.20067325234413147,-0.3279389441013336,-0.3279389441013336,-0.11940975487232208,-0.8468294739723206,-0.0010608118027448654,0.0,-0.20852918922901154,-0.20852918922901154,0.1170363575220108,0.1170363575220108,0.09437081217765808,-1.0103306770324707,-1.0620580911636353,0.0,0.022665545344352722,0.022665545344352722,-0.10428106039762497,-0.10428106039762497,0.06996084004640579,0.0318283885717392,-0.5435091853141785,0.0,-0.17424190044403076,-0.17424190044403076
58,0.9666666666666667,14,0,0,,6,stairs down,11,0.0,93.2304916381836,52.27448272705078,-1.0337920188903809,1.5533316135406494,0.6868748664855957,0.9970285892486572,0.6868748664855957,5.153613090515137,3.921924114227295,0.3333333432674408,-0.13024088740348816,0.18210528790950775,0.7766658067703247,0.34343743324279785,-0.19910527765750885,-0.18638522922992706,-0.2548292577266693,-0.27004310488700867,0.6664353609085083,0.01317660417407751,-0.13937368988990784,-0.13937368988990784,-0.04928748309612274,-0.2335173487663269,-0.1263946145772934,0.0,-0.0900862067937851,-0.0900862067937851,-0.2982163727283478,-0.2982163727283478,-0.16299638152122498,0.7759754657745361,-1.047934651374817,0.0,-0.1352199912071228,-0.1352199912071228,-0.12741462886333466,-0.12741462886333466,-0.06547220796346664,-1.526820421218872,-0.39363861083984375,0.0,-0.06194242089986801,-0.06194242089986801,-0.18903017044067383,-0.18903017044067383,-0.03889820724725723,0.29701560735702515,-0.07224352657794952,0.0,-0.1501319631934166,-0.1501319631934166,0.33321768045425415,0.33321768045425415,0.1348760724067688,-0.34660977125167847,-0.3597182631492615,0.0,0.19834160804748535,0.19834160804748535,0.006588302087038755,0.006588302087038755,0.10514286160469055,-0.3941165804862976,0.6710883378982544,0.0,-0.0985545595176518,-0.0985545595176518
59,0.9833333333333333,2,0,0,,6,stairs down,11,0.0,93.25118255615234,52.28031539916992,-1.0253329277038574,1.5665991306304932,-0.19307705760002136,0.8147842884063721,-0.19307705760002136,4.291200160980225,6.270366668701172,0.6666666865348816,0.07788257300853729,0.017841346561908722,0.7832995653152466,-0.09653852880001068,0.24099034070968628,-0.43394720554351807,0.10966277867555618,-0.06789948791265488,0.7707521915435791,-0.3249504566192627,0.16869322955608368,0.16869322955608368,-0.031096000224351883,0.30157238245010376,0.3854888379573822,0.0,0.19978922978043556,0.19978922978043556,-0.6943155527114868,-0.6943155527114868,-0.1769234985113144,-1.922230839729309,-0.3227540850639343,0.0,-0.5173920542001724,-0.5173920542001724,0.05483138933777809,0.05483138933777809,-0.0714215338230133,0.677168607711792,-0.20433540642261505,0.0,0.1262529231607914,0.1262529231607914,-0.047529641538858414,-0.047529641538858414,-0.06877271831035614,0.6114410161972046,-0.17481756210327148,0.0,0.021243076771497726,0.021243076771497726,0.38537609577178955,0.38537609577178955,0.12529918551445007,-1.141515851020813,-0.1911787986755371,0.0,0.2600769102573395,0.2600769102573395,-0.16247522830963135,-0.16247522830963135,0.08118277788162231,-0.6560968160629272,0.274802565574646,0.0,-0.24365800619125366,-0.24365800619125366
59,0.9833333333333333,8,0,0,,6,stairs down,11,0.0,93.26393127441406,52.342411041259766,-1.0208340883255005,1.401192307472229,-0.1271190494298935,0.8072916269302368,-0.1271190494298935,4.371459007263184,9.539207458496094,0.6666666865348816,0.17657765746116638,0.060390762984752655,0.7005961537361145,-0.06355952471494675,-0.051288921386003494,-0.3354308009147644,0.3750595450401306,-0.1268397569656372,0.4265015125274658,0.04967307671904564,-0.0359022431075573,-0.0359022431075573,0.008200478740036488,-0.03816431015729904,0.28186655044555664,0.0,-0.044102721847593784,-0.044102721847593784,-0.536689281463623,-0.536689281463623,-0.2421865016222,-1.5581841468811035,-1.768046498298645,0.0,-0.29450277984142303,-0.29450277984142303,0.1875297725200653,0.1875297725200653,-0.11071538925170898,1.0692336559295654,-0.17103487253189087,0.0,0.2982451617717743,0.2982451617717743,-0.08878783136606216,-0.08878783136606216,-0.12488166242837906,-0.001929661026224494,-0.28926441073417664,0.0,0.036093831062316895,0.036093831062316895,0.2132507562637329,0.2132507562637329,0.0765814259648323,-0.83826744556427,-1.044431447982788,0.0,0.1366693302989006,0.1366693302989006,0.02483653835952282,0.02483653835952282,0.06800328195095062,-0.023080354556441307,-0.34745749831199646,0.0,-0.0431667435914278,-0.0431667435914278
59,0.9833333333333333,14,0,0,,6,stairs down,11,0.0,93.2398910522461,52.27933120727539,-1.030799150466919,1.7272028923034668,0.2614818513393402,0.9218120574951172,0.2614818513393402,4.784397125244141,6.110882759094238,0.43291062116622925,-0.05945160239934921,0.14551319181919098,0.8636014461517334,0.1307409256696701,0.18413659930229187,-0.07742348313331604,-0.17946593463420868,-0.29496023058891296,0.6586555242538452,-0.2183230221271515,0.1288956105709076,0.1288956105709076,-0.03776417672634125,1.3720101118087769,-0.16289769113063812,0.0,0.16665978729724884,0.16665978729724884,-0.12387757748365402,-0.12387757748365402,-0.136230006814003,1.192504644393921,-0.4264201819896698,0.0,0.012352429330348969,0.012352429330348969,-0.08973296731710434,-0.08973296731710434,-0.09146735817193985,-1.503796935081482,-0.779780924320221,0.0,0.0017343908548355103,0.0017343908548355103,-0.20647215843200684,-0.20647215843200684,-0.043275587260723114,-0.7312009930610657,0.053584985435009,0.0,-0.16319657117128372,-0.16319657117128372,0.3293277621269226,0.3293277621269226,0.15469081699848175,1.1131794452667236,-0.35525140166282654,0.0,0.17463694512844086,0.17463694512844086,-0.10916151106357574,-0.10916151106357574,0.10263796895742416,-0.5574573278427124,0.30810976028442383,0.0,-0.2117994800209999,-0.2117994800209999
60,1.0,2,0,0,,6,stairs down,11,0.0,93.25891876220703,52.282047271728516,-1.022637128829956,1.3129520416259766,1.3287277221679688,0.8097598552703857,1.3287277221679688,4.4763875007629395,5.371127128601074,0.5,0.062271248549222946,0.0487464964389801,0.6564760208129883,0.6643638610839844,-0.30856385827064514,-0.18154501914978027,0.133677676320076,-0.5535372495651245,0.6963034272193909,-0.3415195941925049,-0.2159947007894516,-0.2159947007894516,-0.025687536224722862,-0.07030940055847168,0.35689350962638855,0.0,-0.19030716456472874,-0.19030716456472874,-0.29047203063964844,-0.29047203063964844,-0.17644640803337097,0.23473040759563446,-0.8677907586097717,0.0,-0.11402562260627747,-0.11402562260627747,0.066838838160038,0.066838838160038,-0.06673827022314072,0.9921137690544128,0.0960453450679779,0.0,0.1335771083831787,0.1335771083831787,-0.3874760568141937,-0.3874760568141937,-0.06620744615793228,-0.022909168154001236,0.0931074246764183,0.0,-0.32126861065626144,-0.32126861065626144,0.34815171360969543,0.34815171360969543,0.14252139627933502,0.9656083583831787,-0.5150150656700134,0.0,0.2056303173303604,0.2056303173303604,-0.17075979709625244,-0.17075979709625244,0.06808776408433914,-0.49658963084220886,-0.042410120368003845,0.0,-0.23884756118059158,-0.23884756118059158
60,1.0,8,0,0,,6,stairs down,11,0.0,93.2717056274414,52.343074798583984,-1.0197023153305054,1.1730797290802002,0.9569752216339111,0.8051069974899292,0.9569752216339111,4.4461493492126465,5.257818222045898,0.3333333432674408,0.10669396817684174,0.048529401421546936,0.5865398645401001,0.47848761081695557,0.3985612988471985,-0.44565528631210327,0.6111745834350586,0.08170595020055771,0.7437189817428589,-0.13303537666797638,0.2789928913116455,0.2789928913116455,0.02158867008984089,0.9300653338432312,0.1728130280971527,0.0,0.2574042212218046,0.2574042212218046,-0.7130484580993652,-0.7130484580993652,-0.2710135281085968,-1.9936155080795288,-1.6965337991714478,0.0,-0.44203492999076843,-0.44203492999076843,0.3055872917175293,0.3055872917175293,-0.0960582047700882,1.4866650104522705,0.2515982389450073,0.0,0.4016454964876175,0.4016454964876175,0.057194165885448456,0.057194165885448456,-0.12211605161428452,0.42223110795021057,-0.19135238230228424,0.0,0.17931021749973297,0.17931021749973297,0.37185949087142944,0.37185949087142944,0.07632389664649963,0.8547278642654419,-0.9741791486740112,0.0,0.2955355942249298,0.2955355942249298,-0.06651768833398819,-0.06651768833398819,0.06508834660053253,0.04989509657025337,-0.23692293465137482,0.0,-0.13160603493452072,-0.13160603493452072
60,1.0,14,0,0,,6,stairs down,11,0.0,93.2476806640625,52.28294372558594,-1.0269066095352173,0.9896975755691528,-0.41201046109199524,0.8433252573013306,-0.41201046109199524,4.447388648986816,5.608004570007324,0.31651610136032104,-0.0052749766036868095,0.13447892665863037,0.4948487877845764,-0.20600523054599762,0.01423658337444067,-0.36706042289733887,0.1497020274400711,-0.09606222808361053,0.5946924686431885,0.16591084003448486,0.009965607896447182,0.009965607896447182,-0.013715137727558613,1.0498462915420532,0.3601365387439728,0.0,0.023680745624005795,0.023680745624005795,-0.5872966647148132,-0.5872966647148132,-0.14942412078380585,-1.387049913406372,0.12524361908435822,0.0,-0.4378725439310074,-0.4378725439310074,0.07485101372003555,0.07485101372003555,-0.1129482239484787,-0.2246810793876648,-1.026496171951294,0.0,0.18779923766851425,0.18779923766851425,-0.0672435611486435,-0.0672435611486435,-0.049850281327962875,-0.1552349030971527,-0.21383818984031677,0.0,-0.01739327982068062,-0.01739327982068062,0.29734623432159424,0.29734623432159424,0.12979532778263092,-1.841538429260254,0.1451301872730255,0.0,0.16755090653896332,0.16755090653896332,0.08295542001724243,0.08295542001724243,0.086946040391922,-0.02078396826982498,0.01315965224057436,0.0,-0.003990620374679565,-0.003990620374679565
61,1.0166666666666666,2,0,0,,6,stairs down,11,0.0,93.26670837402344,52.28361129760742,-1.020235300064087,1.2253379821777344,0.317743182182312,0.80548095703125,0.317743182182312,4.243963241577148,4.941451072692871,0.3333333432674408,0.08954035490751266,0.016260037198662758,0.6126689910888672,0.158871591091156,-0.2810593545436859,-0.3818832337856293,0.3757129907608032,-0.17156077921390533,0.6880327463150024,-0.3892437517642975,-0.19674155116081238,-0.19674155116081238,-0.036843497306108475,-1.385623812675476,0.21132010221481323,0.0,-0.1598980538547039,-0.1598980538547039,-0.6110131740570068,-0.6110131740570068,-0.1970740556716919,-1.869918704032898,-0.49209630489349365,0.0,-0.41393911838531494,-0.41393911838531494,0.1878564953804016,0.1878564953804016,-0.04815832898020744,1.4423242807388306,0.40138906240463257,0.0,0.23601482436060905,0.23601482436060905,-0.12009254097938538,-0.12009254097938538,-0.05660119652748108,1.130854845046997,0.05357368290424347,0.0,-0.0634913444519043,-0.0634913444519043,0.3440163731575012,0.3440163731575012,0.14094914495944977,-0.7235090732574463,-0.010478752665221691,0.0,0.20306722819805145,0.20306722819805145,-0.19462187588214874,-0.19462187588214874,0.058475516736507416,-0.34199705719947815,-0.1971760392189026,0.0,-0.25309739261865616,-0.25309739261865616
61,1.0166666666666666,8,0,0,,6,stairs down,11,0.0,93.28092193603516,52.34362030029297,-1.0188206434249878,0.9462626576423645,1.1565622091293335,0.8101638555526733,1.1565622091293335,4.445960998535156,1.0714863538742065,0.1666666716337204,0.07391234487295151,0.10739684104919434,0.47313132882118225,0.5782811045646667,-0.005937926936894655,-0.3539220690727234,-0.2886141240596771,-0.18216589093208313,0.8476594686508179,-0.3669341504573822,-0.004156548995524645,-0.004156548995524645,0.026706088334321976,0.26129987835884094,0.43085384368896484,0.0,-0.03086263732984662,-0.03086263732984662,-0.5662752985954285,-0.5662752985954285,-0.29091405868530273,-0.8430570960044861,-1.7977670431137085,0.0,-0.27536123991012573,-0.27536123991012573,-0.14430706202983856,-0.14430706202983856,-0.08258082717657089,0.6984864473342896,0.672458827495575,0.0,-0.06172623485326767,-0.06172623485326767,-0.12751612067222595,-0.12751612067222595,-0.10576208680868149,0.8554851412773132,0.01773194968700409,0.0,-0.021754033863544464,-0.021754033863544464,0.42382973432540894,0.42382973432540894,0.09054186195135117,0.8956301212310791,-0.35096195340156555,0.0,0.33328787237405777,0.33328787237405777,-0.1834670752286911,-0.1834670752286911,0.049322597682476044,-1.1828616857528687,-0.13918699324131012,0.0,-0.23278967291116714,-0.23278967291116714
61,1.0166666666666666,14,0,0,,6,stairs down,11,0.0,93.25677490234375,52.285400390625,-1.022720456123352,1.508972406387329,0.6918865442276001,0.8060941696166992,0.6918865442276001,4.346048831939697,5.726454734802246,0.6666666865348816,-0.062074821442365646,0.05994445085525513,0.7544862031936646,0.34594327211380005,-0.15248042345046997,0.01288779079914093,0.2723274528980255,-0.42701026797294617,0.5842973589897156,0.08167026191949844,-0.10673629492521286,-0.10673629492521286,-0.0020398388151079416,0.6911059617996216,0.5951615571975708,0.0,-0.10469645611010492,-0.10469645611010492,0.006443895399570465,0.006443895399570465,-0.13266991078853607,1.795607328414917,-0.39008456468582153,0.0,0.13911380618810654,0.13911380618810654,0.13616372644901276,0.13616372644901276,-0.11396420747041702,0.7450397610664368,-0.753270149230957,0.0,0.2501279339194298,0.2501279339194298,-0.29890719056129456,-0.29890719056129456,-0.06033172458410263,-0.9423635601997375,-0.19386856257915497,0.0,-0.23857546597719193,-0.23857546597719193,0.2921486794948578,0.2921486794948578,0.14300209283828735,1.2269973754882812,-0.53184574842453,0.0,0.14914658665657043,0.14914658665657043,0.04083513095974922,0.04083513095974922,0.09478773176670074,0.14012430608272552,0.0015930450754240155,0.0,-0.05395260080695152,-0.05395260080695152
62,1.0333333333333332,2,0,0,,6,stairs down,11,0.0,93.27489471435547,52.286376953125,-1.0183451175689697,1.4961962699890137,1.7274588346481323,0.8038160800933838,1.7274588346481323,3.7373881340026855,8.784662246704102,0.6666666865348816,0.1499083787202835,0.01545974425971508,0.7480981349945068,0.8637294173240662,-0.5275145769119263,-0.39850690960884094,-0.0533081479370594,-0.47324901819229126,0.7062491178512573,-0.25101467967033386,-0.36926019191741943,-0.36926019191741943,-0.058580998331308365,-1.7050429582595825,-0.3328534960746765,0.0,-0.31067919358611107,-0.31067919358611107,-0.6376110911369324,-0.6376110911369324,-0.22859683632850647,-1.879698395729065,-0.9616022109985352,0.0,-0.4090142548084259,-0.4090142548084259,-0.0266540739685297,-0.0266540739685297,-0.03501562401652336,1.1432842016220093,0.7560974955558777,0.0,0.00836155004799366,0.00836155004799366,-0.3312743008136749,-0.3312743008136749,-0.04467257484793663,0.7494763135910034,0.4206673204898834,0.0,-0.2866017259657383,-0.2866017259657383,0.35312455892562866,0.35312455892562866,0.13242457807064056,-0.7808881402015686,-0.25345051288604736,0.0,0.2206999808549881,0.2206999808549881,-0.12550733983516693,-0.12550733983516693,0.04904710128903389,0.10785895586013794,-0.24652515351772308,0.0,-0.17455444112420082,-0.17455444112420082
62,1.0333333333333332,8,0,0,,6,stairs down,11,0.0,93.29051971435547,52.34536361694336,-1.0166032314300537,1.1055256128311157,1.4305516481399536,0.8092081546783447,1.4305516481399536,4.37890625,6.6666669845581055,0.3333333432674408,0.07432183623313904,0.07245877385139465,0.5527628064155579,0.7152758240699768,-0.22813484072685242,-0.30717480182647705,0.1510358452796936,-0.5078585147857666,0.7933729290962219,-0.5074570178985596,-0.1596943885087967,-0.1596943885087967,0.025801891461014748,-0.2451191544532776,0.3730767071247101,0.0,-0.18549627996981144,-0.18549627996981144,-0.49147969484329224,-0.49147969484329224,-0.29427775740623474,-0.6028234958648682,-1.4724406003952026,0.0,-0.1972019374370575,-0.1972019374370575,0.0755179226398468,0.0755179226398468,-0.06866399943828583,1.038797378540039,0.6813279390335083,0.0,0.14418192207813263,0.14418192207813263,-0.3555009663105011,-0.3555009663105011,-0.0926574319601059,0.7174314856529236,0.303204208612442,0.0,-0.2628435343503952,-0.2628435343503952,0.39668646454811096,0.39668646454811096,0.11237795650959015,1.2213939428329468,0.07382599264383316,0.0,0.2843085080385208,0.2843085080385208,-0.2537285089492798,-0.2537285089492798,0.033232517540454865,-0.600750207901001,-0.4948289096355438,0.0,-0.28696102648973465,-0.28696102648973465
62,1.0333333333333332,14,0,0,,6,stairs down,11,0.0,93.26538848876953,52.288326263427734,-1.0170434713363647,1.147201418876648,0.20878174901008606,0.8058106899261475,0.20878174901008606,4.531194686889648,7.627068996429443,0.6666666865348816,-0.05700318142771721,0.07239198684692383,0.573600709438324,0.10439087450504303,-0.23945923149585724,-0.17556670308113098,0.41207635402679443,-0.15394462645053864,0.6585912704467773,0.16581730544567108,-0.1676214635372162,-0.1676214635372162,0.0004434267175383866,-0.09354696422815323,0.6278554797172546,0.0,-0.16806489025475457,-0.16806489025475457,-0.2809067368507385,-0.2809067368507385,-0.12308087944984436,0.3012254536151886,0.3547104299068451,0.0,-0.15782585740089417,-0.15782585740089417,0.20603817701339722,0.20603817701339722,-0.10668438673019409,0.7884088754653931,-0.24270698428153992,0.0,0.3127225637435913,0.3127225637435913,-0.10776123404502869,-0.10776123404502869,-0.06400184333324432,-0.07882586866617203,-0.4489252269268036,0.0,-0.04375939071178436,-0.04375939071178436,0.32929563522338867,0.32929563522338867,0.14434543251991272,0.2143019437789917,0.06749653816223145,0.0,0.18495020270347595,0.18495020270347595,0.08290865272283554,0.08290865272283554,0.09555234014987946,0.09528367221355438,0.04879887029528618,0.0,-0.012643687427043915,-0.012643687427043915
63,1.05,2,0,0,,6,stairs down,11,0.0,93.2838363647461,52.29008483886719,-1.0163450241088867,1.4698299169540405,1.5303174257278442,0.8043656349182129,1.5303174257278442,3.927363157272339,5.386929988861084,0.5,0.2240668386220932,0.062476228922605515,0.7349149584770203,0.7651587128639221,-0.5580921173095703,-0.24621005356311798,0.026030534878373146,-0.3704988360404968,0.6867932081222534,-0.15160927176475525,-0.3906644880771637,-0.3906644880771637,-0.08615368604660034,-1.6016744375228882,-0.8004398941993713,0.0,-0.30451080203056335,-0.30451080203056335,-0.3939360976219177,-0.3939360976219177,-0.24313274025917053,-0.5405117869377136,-1.2744520902633667,0.0,-0.1508033573627472,-0.1508033573627472,0.013015267439186573,0.013015267439186573,-0.02690809965133667,0.31663691997528076,0.8880349397659302,0.0,0.03992336709052324,0.03992336709052324,-0.25934916734695435,-0.25934916734695435,-0.03589465841650963,0.07900601625442505,0.5327120423316956,0.0,-0.22345450893044472,-0.22345450893044472,0.3433966040611267,0.3433966040611267,0.13796930015087128,0.8484161496162415,-0.4331798255443573,0.0,0.20542730391025543,0.20542730391025543,-0.07580463588237762,-0.07580463588237762,0.05021212622523308,-0.4171590805053711,-0.12576544284820557,0.0,-0.1260167621076107,-0.1260167621076107
63,1.05,8,0,0,,6,stairs down,11,0.0,93.30094146728516,52.34789276123047,-1.015563726425171,1.206796407699585,1.1565954685211182,0.8049206733703613,1.1565954685211182,3.6891391277313232,6.911233425140381,0.5,0.0857219398021698,0.0544440858066082,0.6033982038497925,0.5782977342605591,-0.3336661458015442,-0.5634720325469971,-0.04278772324323654,-0.4623813033103943,0.7862035632133484,-0.532719075679779,-0.2335662990808487,-0.2335662990808487,0.007078805007040501,-0.9757198691368103,0.16242067515850067,0.0,-0.2406451040878892,-0.2406451040878892,-0.9015552401542664,-0.9015552401542664,-0.3227826952934265,-1.7575366497039795,-1.1761103868484497,0.0,-0.5787725448608398,-0.5787725448608398,-0.02139386162161827,-0.02139386162161827,-0.045604635030031204,0.583980143070221,0.8031389713287354,0.0,0.024210773408412933,0.024210773408412933,-0.32366690039634705,-0.32366690039634705,-0.07862671464681625,0.7021289467811584,0.4443560242652893,0.0,-0.2450401857495308,-0.2450401857495308,0.3931017816066742,0.3931017816066742,0.12004431337118149,0.15521125495433807,0.46487051248550415,0.0,0.2730574682354927,0.2730574682354927,-0.2663595378398895,-0.2663595378398895,0.027636369690299034,-1.12717604637146,-0.5309225916862488,0.0,-0.29399590753018856,-0.29399590753018856
63,1.05,14,0,0,,6,stairs down,11,0.0,93.27462005615234,52.291446685791016,-1.0139820575714111,1.3864500522613525,0.2819555103778839,0.8059993982315063,0.2819555103778839,4.366462230682373,7.294859886169434,0.8333333730697632,-0.08161121606826782,0.02368082106113434,0.6932250261306763,0.14097775518894196,-0.16772252321243286,-0.1014162078499794,0.21293963491916656,-0.4122563898563385,0.6490272283554077,-0.21764004230499268,-0.11740576475858688,-0.11740576475858688,-0.001440732041373849,-0.15839560329914093,0.38203081488609314,0.0,-0.11596503271721303,-0.11596503271721303,-0.16226594150066376,-0.16226594150066376,-0.12854015827178955,-0.18489831686019897,0.3364849090576172,0.0,-0.03372578322887421,-0.03372578322887421,0.10646981745958328,0.10646981745958328,-0.09058349579572678,0.7372705340385437,0.1086554005742073,0.0,0.19705331325531006,0.19705331325531006,-0.28857946395874023,-0.28857946395874023,-0.06614020466804504,-0.17968274652957916,-0.3228103816509247,0.0,-0.2224392592906952,-0.2224392592906952,0.32451361417770386,0.32451361417770386,0.1520991176366806,1.2209008932113647,0.11752185225486755,0.0,0.17241449654102325,0.17241449654102325,-0.10882002115249634,-0.10882002115249634,0.09562141448259354,0.002171711763367057,0.06463900208473206,0.0,-0.20444143563508987,-0.20444143563508987
64,1.0666666666666667,2,0,0,,6,stairs down,11,0.0,93.2931137084961,52.29450225830078,-1.0156885385513306,1.3158464431762695,1.170888066291809,0.804966926574707,1.170888066291809,4.221968650817871,1.2275803089141846,0.1666666716337204,0.20796647667884827,0.12151657789945602,0.6579232215881348,0.5854440331459045,-0.1684165596961975,-0.25488990545272827,0.13753190636634827,-0.1774982064962387,0.7504880428314209,-0.2738133668899536,-0.1178915873169899,-0.1178915873169899,-0.10138632357120514,-1.0748546123504639,-1.0734680891036987,0.0,-0.01650526374578476,-0.01650526374578476,-0.4078238606452942,-0.4078238606452942,-0.24815885722637177,0.021394824609160423,-1.0243550539016724,0.0,-0.15966500341892242,-0.15966500341892242,0.06876595318317413,0.06876595318317413,-0.02317955531179905,1.16576087474823,0.6933256983757019,0.0,0.09194550849497318,0.09194550849497318,-0.12424874305725098,-0.12424874305725098,-0.037967342883348465,0.08691439032554626,0.3781074583530426,0.0,-0.08628140017390251,-0.08628140017390251,0.37524402141571045,0.37524402141571045,0.1551353931427002,0.49115926027297974,0.003536022501066327,0.0,0.22010862827301025,0.22010862827301025,-0.1369066834449768,-0.1369066834449768,0.04114599525928497,0.27739518880844116,-0.22506055235862732,0.0,-0.17805267870426178,-0.17805267870426178
64,1.0666666666666667,8,0,0,,6,stairs down,11,0.0,93.31184387207031,52.35193634033203,-1.013856053352356,1.5760849714279175,1.6421592235565186,0.836390495300293,1.6421592235565186,3.873965263366699,5.761096000671387,0.5,0.06923717260360718,0.08479383587837219,0.7880424857139587,0.8210796117782593,-0.5046201348304749,-0.617743968963623,-0.16913090646266937,-0.5711748600006104,0.588676393032074,-0.4428454637527466,-0.35323408246040344,-0.35323408246040344,-0.013632296584546566,-1.311509370803833,-0.22541138529777527,0.0,-0.3396017858758569,-0.3396017858758569,-0.9883903861045837,-0.9883903861045837,-0.35365650057792664,-1.8812084197998047,-1.374236822128296,0.0,-0.6347338855266571,-0.6347338855266571,-0.08456545323133469,-0.08456545323133469,-0.03597308322787285,0.4135543704032898,0.7284585237503052,0.0,-0.04859237000346184,-0.04859237000346184,-0.3998223841190338,-0.3998223841190338,-0.07416711002588272,0.01607814058661461,0.5321945548057556,0.0,-0.3256552740931511,-0.3256552740931511,0.294338196516037,0.294338196516037,0.12399638444185257,-0.34710901975631714,0.35935118794441223,0.0,0.17034181207418442,0.17034181207418442,-0.2214227318763733,-0.2214227318763733,0.01634381338953972,-0.6462993621826172,-0.7341015338897705,0.0,-0.237766545265913,-0.237766545265913
64,1.0666666666666667,14,0,0,,6,stairs down,11,0.0,93.28424835205078,52.294677734375,-1.0131888389587402,1.2279428243637085,0.8812372088432312,0.8120150566101074,0.8812372088432312,4.22557258605957,4.57688045501709,0.3333333432674408,-0.07206584513187408,0.03001135215163231,0.6139714121818542,0.4406186044216156,-0.05104030668735504,-0.4164009392261505,0.26501965522766113,-0.0526040717959404,0.7849443554878235,-0.14911112189292908,-0.03572821244597435,-0.03572821244597435,-0.001545537612400949,-0.09731972962617874,0.19787542521953583,0.0,-0.0341826748335734,-0.0341826748335734,-0.6662415266036987,-0.6662415266036987,-0.1610638052225113,-1.9700933694839478,0.15881867706775665,0.0,-0.5051777213811874,-0.5051777213811874,0.13250982761383057,0.13250982761383057,-0.08608703315258026,0.4794751703739166,0.3228618800640106,0.0,0.21859686076641083,0.21859686076641083,-0.0368228480219841,-0.0368228480219841,-0.06080612912774086,0.7784310579299927,-0.27403828501701355,0.0,0.02398328110575676,0.02398328110575676,0.39247217774391174,0.39247217774391174,0.14820528030395508,0.24546295404434204,0.49350857734680176,0.0,0.24426689743995667,0.24426689743995667,-0.07455556094646454,-0.07455556094646454,0.08160487562417984,-0.8383849859237671,0.04335268586874008,0.0,-0.15616043657064438,-0.15616043657064438
65,1.0833333333333333,2,0,0,,6,stairs down,11,0.0,93.30303192138672,52.296810150146484,-1.0138390064239502,1.604449987411499,1.2937302589416504,0.8060941696166992,1.2937302589416504,3.151247978210449,1.5914170742034912,0.5,0.27545660734176636,0.07118168473243713,0.8022249937057495,0.6468651294708252,-0.27888137102127075,-0.21470163762569427,0.1169586107134819,-0.1389559954404831,0.7017760872840881,-0.08211523294448853,-0.19521695375442505,-0.19521695375442505,-0.11215956509113312,-0.48075565695762634,-1.0739405155181885,0.0,-0.08305738866329193,-0.08305738866329193,-0.3435226380825043,-0.3435226380825043,-0.2501210868358612,-0.15642814338207245,-0.6680059432983398,0.0,-0.09340155124664307,-0.09340155124664307,0.05847930535674095,0.05847930535674095,-0.013546266593039036,0.35543927550315857,0.8543123602867126,0.0,0.07202557194977999,0.07202557194977999,-0.09726919233798981,-0.09726919233798981,-0.037572987377643585,-0.033685021102428436,0.27888068556785583,0.0,-0.05969620496034622,-0.05969620496034622,0.35088804364204407,0.35088804364204407,0.16871780157089233,1.0394706726074219,0.16969820857048035,0.0,0.18217024207115173,0.18217024207115173,-0.04105761647224426,-0.04105761647224426,0.0350838229060173,-0.4868616759777069,-0.05384404957294464,0.0,-0.07614143937826157,-0.07614143937826157
65,1.0833333333333333,8,0,0,,6,stairs down,11,0.0,93.32313537597656,52.35685348510742,-1.0124030113220215,1.704915165901184,1.5751583576202393,0.9072778224945068,1.5751583576202393,4.376623153686523,3.3926684856414795,0.5,0.07196472585201263,0.14783762395381927,0.852457582950592,0.7875791788101196,-0.49364006519317627,-0.3718317747116089,-0.04965953156352043,-0.48223042488098145,0.4515349268913269,-0.13804000616073608,-0.34554803371429443,-0.34554803371429443,-0.041232846677303314,-1.6968774795532227,-0.5955094695091248,0.0,-0.3043151870369911,-0.3043151870369911,-0.5949308276176453,-0.5949308276176453,-0.37700870633125305,-1.6264503002166748,-1.5469920635223389,0.0,-0.2179221212863922,-0.2179221212863922,-0.024829765781760216,-0.024829765781760216,-0.026762695983052254,1.1590989828109741,0.6211519837379456,0.0,0.001932930201292038,0.001932930201292038,-0.3375612795352936,-0.3375612795352936,-0.07985547930002213,-0.7950387001037598,0.3563230335712433,0.0,-0.25770580023527145,-0.25770580023527145,0.22576746344566345,0.22576746344566345,0.13261690735816956,0.06217976287007332,0.11861824989318848,0.0,0.0931505560874939,0.0931505560874939,-0.06902000308036804,-0.06902000308036804,0.015682116150856018,0.6447333693504333,-0.7041820883750916,0.0,-0.08470211923122406,-0.08470211923122406
65,1.0833333333333333,14,0,0,,6,stairs down,11,0.0,93.29462432861328,52.297882080078125,-1.0132907629013062,1.103086233139038,1.000709056854248,0.8132259845733643,1.000709056854248,3.9940059185028076,3.924405813217163,0.401283860206604,-0.11628280580043793,0.008458989672362804,0.551543116569519,0.500354528427124,-0.23142482340335846,-0.35926154255867004,0.056206341832876205,-0.2779354155063629,0.8068784475326538,-0.3169510066509247,-0.16199737787246704,-0.16199737787246704,-0.001720246160402894,-0.16726712882518768,0.09728491306304932,0.0,-0.16027713171206415,-0.16027713171206415,-0.57481849193573,-0.57481849193573,-0.19393691420555115,-1.909157395362854,-0.5666280388832092,0.0,-0.38088157773017883,-0.38088157773017883,0.028103170916438103,0.028103170916438103,-0.08469276875257492,0.31543123722076416,0.37622931599617004,0.0,0.11279593966901302,0.11279593966901302,-0.19455479085445404,-0.19455479085445404,-0.05133350193500519,0.6340983510017395,0.08460050821304321,0.0,-0.14322128891944885,-0.14322128891944885,0.4034392237663269,0.4034392237663269,0.15247640013694763,0.6432479619979858,0.4089846909046173,0.0,0.2509628236293793,0.2509628236293793,-0.15847550332546234,-0.15847550332546234,0.05837281048297882,-1.1491265296936035,-0.257107675075531,0.0,-0.21684831380844116,-0.21684831380844116
66,1.1,2,0,0,,6,stairs down,11,0.0,93.31392669677734,52.298583984375,-1.0131016969680786,1.345869779586792,0.9347380995750427,0.8591899871826172,0.9347380995750427,3.4402072429656982,1.5581636428833008,0.3333333432674408,0.25575608015060425,0.06311791390180588,0.672934889793396,0.46736904978752136,-0.11727143079042435,-0.1498708724975586,0.05747593939304352,-0.11002752929925919,0.6962924599647522,-0.1538742482662201,-0.08208999782800674,-0.08208999782800674,-0.11144578456878662,-0.2194143831729889,-0.8718072175979614,0.0,0.029355786740779877,0.029355786740779877,-0.23979340493679047,-0.23979340493679047,-0.24973787367343903,0.4491386115550995,-0.4936809837818146,0.0,0.00994446873664856,0.00994446873664856,0.02873796969652176,0.02873796969652176,-0.017562251538038254,0.3485628068447113,0.6843166351318359,0.0,0.04630022123456001,0.04630022123456001,-0.07701926678419113,-0.07701926678419113,-0.03665091469883919,0.1665264070034027,0.17237098515033722,0.0,-0.040368352085351944,-0.040368352085351944,0.3481462299823761,0.3481462299823761,0.19688360393047333,1.4723953008651733,0.46608132123947144,0.0,0.15126262605190277,0.15126262605190277,-0.07693712413311005,-0.07693712413311005,0.02277752384543419,-0.2940540909767151,-0.20139886438846588,0.0,-0.09971464797854424,-0.09971464797854424
66,1.1,8,0,0,,6,stairs down,11,0.0,93.33496856689453,52.360897064208984,-1.011055827140808,1.519156813621521,1.7268071174621582,1.0377020835876465,1.7268071174621582,5.146941661834717,2.0428452491760254,0.3333333432674408,0.07424696534872055,0.17693987488746643,0.7595784068107605,0.8634035587310791,-0.2610725164413452,-0.0780174657702446,0.0014471326721832156,-0.1823386549949646,0.5404606461524963,0.5336742997169495,-0.18275076150894165,-0.18275076150894165,-0.06545156240463257,-0.6208193302154541,-0.9708109498023987,0.0,-0.11729919910430908,-0.11729919910430908,-0.12482794374227524,-0.12482794374227524,-0.3618786334991455,0.6903305053710938,-1.5740681886672974,0.0,0.23705068975687027,0.23705068975687027,0.0007235663360916078,0.0007235663360916078,-0.01644446887075901,0.11413024365901947,0.8044624328613281,0.0,0.017168035206850618,0.017168035206850618,-0.12763705849647522,-0.12763705849647522,-0.09373314678668976,-1.7642436027526855,-0.03601427748799324,0.0,-0.03390391170978546,-0.03390391170978546,0.27023032307624817,0.27023032307624817,0.1650294065475464,1.5938713550567627,0.0993862971663475,0.0,0.10520091652870178,0.10520091652870178,0.26683714985847473,0.26683714985847473,0.03825615346431732,0.5792728662490845,-0.2445264756679535,0.0,0.2285809963941574,0.2285809963941574
66,1.1,14,0,0,,6,stairs down,11,0.0,93.30553436279297,52.301204681396484,-1.0140221118927002,0.9210997819900513,1.0903387069702148,0.8059048652648926,1.0903387069702148,3.810548782348633,4.268342971801758,0.5,-0.10598780959844589,0.03487222269177437,0.46054989099502563,0.5451693534851074,-0.14876538515090942,-0.3936499357223511,0.1384432315826416,-0.19973619282245636,0.805038332939148,-0.378677636384964,-0.10413576662540436,-0.10413576662540436,-0.002278632717207074,-0.1590500771999359,0.0071363248862326145,0.0,-0.10185713390819728,-0.10185713390819728,-0.6298398971557617,-0.6298398971557617,-0.22695480287075043,-1.9184112548828125,-1.0241074562072754,0.0,-0.4028850942850113,-0.4028850942850113,0.0692216157913208,0.0692216157913208,-0.07972662150859833,0.20703478157520294,0.35551178455352783,0.0,0.14894823729991913,0.14894823729991913,-0.1398153305053711,-0.1398153305053711,-0.04256640747189522,0.864056408405304,0.27184703946113586,0.0,-0.09724892303347588,-0.09724892303347588,0.402519166469574,0.402519166469574,0.1593911349773407,1.0733650922775269,0.48881208896636963,0.0,0.24312803149223328,0.24312803149223328,-0.189338818192482,-0.189338818192482,0.03409656137228012,-0.9380655884742737,-0.5610714554786682,0.0,-0.22343537956476212,-0.22343537956476212
67,1.1166666666666667,2,0,0,,6,stairs down,11,0.0,93.32515716552734,52.29994201660156,-1.0122207403182983,1.4177961349487305,1.025266170501709,0.9824568033218384,1.025266170501709,3.9575071334838867,3.2855167388916016,0.8302570581436157,0.2799057364463806,0.07263153791427612,0.7088980674743652,0.5126330852508545,-0.1645144373178482,-0.14326345920562744,0.03884575515985489,0.024350278079509735,0.6941975355148315,-0.012327752076089382,-0.11516010761260986,-0.11516010761260986,-0.1123252660036087,-0.16510280966758728,-0.6494982242584229,0.0,-0.0028348416090011597,-0.0028348416090011597,-0.22922153770923615,-0.22922153770923615,-0.24615761637687683,0.11490141600370407,-0.1724063754081726,0.0,0.016936078667640686,0.016936078667640686,0.019422877579927444,0.019422877579927444,-0.01630033552646637,0.11096858978271484,0.5699053406715393,0.0,0.035723213106393814,0.035723213106393814,0.017045194283127785,0.017045194283127785,-0.035401199012994766,0.1473042517900467,0.1703793853521347,0.0,0.05244639329612255,0.05244639329612255,0.34709876775741577,0.34709876775741577,0.22244147956371307,1.5845463275909424,0.8089922070503235,0.0,0.1246572881937027,0.1246572881937027,-0.006163876038044691,-0.006163876038044691,0.01674305647611618,-0.20598746836185455,-0.23297199606895447,0.0,-0.02290693251416087,-0.02290693251416087
67,1.1166666666666667,8,0,0,,6,stairs down,11,0.0,93.34710693359375,52.36478805541992,-1.0094913244247437,1.7354400157928467,1.1958811283111572,0.6735012531280518,1.1958811283111572,3.7911276817321777,3.8813252449035645,0.5,0.016163408756256104,0.19236235320568085,0.8677200078964233,0.5979405641555786,0.12790381908416748,-0.3367340564727783,0.2705543637275696,0.37779363989830017,0.6752179861068726,0.4984293282032013,0.08953267335891724,0.08953267335891724,-0.08000800013542175,-0.904198169708252,-0.8515480160713196,0.0,0.169540673494339,0.169540673494339,-0.5387744903564453,-0.5387744903564453,-0.37776708602905273,-1.1279997825622559,-0.8024531006813049,0.0,-0.16100740432739258,-0.16100740432739258,0.1352771818637848,0.1352771818637848,-0.004296507686376572,1.0297396183013916,0.5692252516746521,0.0,0.13957368955016136,0.13957368955016136,0.26445555686950684,0.26445555686950684,-0.10900784283876419,-0.330596923828125,-0.6249246001243591,0.0,0.373463399708271,0.373463399708271,0.3376089930534363,0.3376089930534363,0.16783204674720764,0.4930826723575592,0.6086460947990417,0.0,0.16977694630622864,0.16977694630622864,0.24921466410160065,0.24921466410160065,0.04796336591243744,0.47107139229774475,0.036190878599882126,0.0,0.2012512981891632,0.2012512981891632
67,1.1166666666666667,14,0,0,,6,stairs down,11,0.0,93.31752014160156,52.30324935913086,-1.013730525970459,0.9602773189544678,1.436570167541504,0.8504409790039062,1.436570167541504,3.961850643157959,3.018092155456543,0.6666666865348816,-0.0887765884399414,0.05316094309091568,0.4801386594772339,0.718285083770752,-0.2717062532901764,-0.45448634028434753,-0.04876768961548805,-0.2587308883666992,0.7469997406005859,-0.35599029064178467,-0.19019436836242676,-0.19019436836242676,-0.011692223139107227,-0.6356733441352844,-0.049493249505758286,0.0,-0.17850214522331953,-0.17850214522331953,-0.727178156375885,-0.727178156375885,-0.25942182540893555,-1.9096895456314087,-1.3288497924804688,0.0,-0.46775633096694946,-0.46775633096694946,-0.024383844807744026,-0.024383844807744026,-0.07216791808605194,0.5560373663902283,0.3049168586730957,0.0,0.047784073278307915,0.047784073278307915,-0.18111161887645721,-0.18111161887645721,-0.025683721527457237,0.7961524128913879,0.47364792227745056,0.0,-0.15542789734899998,-0.15542789734899998,0.37349987030029297,0.37349987030029297,0.16636815667152405,0.31467404961586,0.6880039572715759,0.0,0.20713171362876892,0.20713171362876892,-0.17799514532089233,-0.17799514532089233,0.018032131716609,-1.1259278059005737,-0.6895357370376587,0.0,-0.19602727703750134,-0.19602727703750134
68,1.1333333333333333,2,0,0,,6,stairs down,11,0.0,93.3362045288086,52.301265716552734,-1.0122145414352417,1.2989387512207031,0.6833426356315613,1.0536820888519287,0.6833426356315613,5.132541179656982,2.259634017944336,0.4041310250759125,0.29605042934417725,0.06368792057037354,0.6494693756103516,0.34167131781578064,-0.10213959217071533,-0.283346563577652,-0.033366069197654724,0.025829073041677475,0.7320603132247925,-0.11258569359779358,-0.07149771600961685,-0.07149771600961685,-0.11903195828199387,-0.3741932213306427,-0.48443591594696045,0.0,0.047534242272377014,0.047534242272377014,-0.45335450768470764,-0.45335450768470764,-0.26125481724739075,-1.1475987434387207,-0.07450354844331741,0.0,-0.1920996904373169,-0.1920996904373169,-0.016683034598827362,-0.016683034598827362,-0.013706248253583908,0.15629342198371887,0.4135183095932007,0.0,-0.002976786345243454,-0.002976786345243454,0.018080350011587143,0.018080350011587143,-0.02980569563806057,0.11705327779054642,0.16251631081104279,0.0,0.04788604564964771,0.04788604564964771,0.36603015661239624,0.36603015661239624,0.22765560448169708,0.043031010776758194,1.0732694864273071,0.0,0.13837455213069916,0.13837455213069916,-0.05629284679889679,-0.05629284679889679,0.014185966923832893,-0.30303728580474854,-0.22377675771713257,0.0,-0.07047881372272968,-0.07047881372272968
68,1.1333333333333333,8,0,0,,6,stairs down,11,0.0,93.36021423339844,52.36822509765625,-1.0097426176071167,1.2906489372253418,0.9890047311782837,0.5496962070465088,0.9890047311782837,2.971342086791992,3.3333334922790527,0.1666666716337204,0.06752746552228928,0.083943210542202,0.6453244686126709,0.49450236558914185,-0.08191877603530884,-0.20416687428951263,-0.09100737422704697,0.13394179940223694,0.7036850452423096,0.14924821257591248,-0.057343143969774246,-0.057343143969774246,-0.09053047746419907,-0.4881274104118347,-0.8694890141487122,0.0,0.03318733349442482,0.03318733349442482,-0.32666701078414917,-0.32666701078414917,-0.38346344232559204,0.11706695705652237,-0.9133861064910889,0.0,0.05679643154144287,0.05679643154144287,-0.04550368711352348,-0.04550368711352348,-0.0016544403042644262,-0.19541612267494202,0.7261497974395752,0.0,-0.04384924680925906,-0.04384924680925906,0.09375926107168198,0.09375926107168198,-0.10979573428630829,0.0048180269077420235,-0.5246296525001526,0.0,0.20355499535799026,0.20355499535799026,0.3518425226211548,0.3518425226211548,0.1884271800518036,1.9046040773391724,0.5692667365074158,0.0,0.1634153425693512,0.1634153425693512,0.07462410628795624,0.07462410628795624,0.04343196377158165,-0.568682074546814,0.18438048660755157,0.0,0.031192142516374588,0.031192142516374588
68,1.1333333333333333,14,0,0,,6,stairs down,11,0.0,93.32958984375,52.305442810058594,-1.0129971504211426,1.2316663265228271,1.5051403045654297,0.9401532411575317,1.5051403045654297,4.882068157196045,4.3915510177612305,0.5,-0.09860622882843018,0.08793491125106812,0.6158331632614136,0.7525701522827148,-0.3506679832935333,-0.3186497092247009,-0.013551111333072186,-0.49169301986694336,0.6801894903182983,-0.36416861414909363,-0.24546758830547333,-0.24546758830547333,-0.021583154797554016,-0.9324198961257935,-0.24923960864543915,0.0,-0.2238844335079193,-0.2238844335079193,-0.5098395347595215,-0.5098395347595215,-0.28378674387931824,-1.3626328706741333,-1.5267763137817383,0.0,-0.22605279088020325,-0.22605279088020325,-0.006775555666536093,-0.006775555666536093,-0.05940069258213043,1.16731595993042,0.39048853516578674,0.0,0.05262513691559434,0.05262513691559434,-0.34418511390686035,-0.34418511390686035,-0.022096604108810425,-0.015515835024416447,0.5835443139076233,0.0,-0.3220885097980499,-0.3220885097980499,0.34009474515914917,0.34009474515914917,0.17395295202732086,0.32406899333000183,0.5607882738113403,0.0,0.1661417931318283,0.1661417931318283,-0.18208430707454681,-0.18208430707454681,0.001273412723094225,-0.17692220211029053,-0.838240385055542,0.0,-0.18335771979764104,-0.18335771979764104
69,1.15,2,0,0,,6,stairs down,11,0.0,93.34707641601562,52.30317306518555,-1.0123569965362549,1.3106130361557007,1.1642026901245117,0.6456282138824463,1.1642026901245117,2.7195053100585938,2.4932308197021484,0.6181284189224243,0.30693429708480835,0.04678654670715332,0.6553065180778503,0.5821013450622559,-0.2181144505739212,-0.3221953511238098,-0.25447878241539,0.033839285373687744,0.5391604900360107,0.04961248114705086,-0.15268011391162872,-0.15268011391162872,-0.12541644275188446,-0.23367451131343842,-0.4468696713447571,0.0,-0.027263671159744263,-0.027263671159744263,-0.5155125856399536,-0.5155125856399536,-0.28931713104248047,-1.6935495138168335,-0.4401707947254181,0.0,-0.22619545459747314,-0.22619545459747314,-0.127239391207695,-0.127239391207695,-0.01744259148836136,-0.5652344226837158,0.3258665204048157,0.0,-0.10979679971933365,-0.10979679971933365,0.02368749864399433,0.02368749864399433,-0.028809944167733192,0.10378824174404144,0.14702434837818146,0.0,0.052497442811727524,0.052497442811727524,0.26958024501800537,0.26958024501800537,0.2178589105606079,-0.7001370787620544,0.7222060561180115,0.0,0.05172133445739746,0.05172133445739746,0.02480624057352543,0.02480624057352543,0.010100440122187138,-0.3989607095718384,-0.2507854998111725,0.0,0.014705800451338291,0.014705800451338291
69,1.15,8,0,0,,6,stairs down,11,0.0,93.37360382080078,52.371822357177734,-1.0112931728363037,1.4714024066925049,1.0128483772277832,0.5189712047576904,1.0128483772277832,2.6749024391174316,3.208977460861206,0.3333333432674408,0.05145984888076782,0.0656234547495842,0.7357012033462524,0.5064241886138916,-0.05441659688949585,-0.24169667065143585,-0.16283993422985077,0.18271344900131226,0.7422877550125122,-0.03368965536355972,-0.038091618567705154,-0.038091618567705154,-0.09948476403951645,-1.36969792842865,-0.739536464214325,0.0,0.061393145471811295,0.061393145471811295,-0.3867146670818329,-0.3867146670818329,-0.387727826833725,-0.2939342260360718,-0.5622495412826538,0.0,0.0010131597518920898,0.0010131597518920898,-0.08141996711492538,-0.08141996711492538,-0.0106717050075531,0.2573801279067993,0.4121175706386566,0.0,-0.07074826210737228,-0.07074826210737228,0.1278994083404541,0.1278994083404541,-0.10122374445199966,1.0158438682556152,-0.34421539306640625,0.0,0.22912315279245377,0.22912315279245377,0.3711438775062561,0.3711438775062561,0.21267440915107727,1.2726870775222778,1.024295449256897,0.0,0.15846946835517883,0.15846946835517883,-0.01684482768177986,-0.01684482768177986,0.03084247186779976,-0.3365572988986969,-0.07223264127969742,0.0,-0.04768729954957962,-0.04768729954957962
69,1.15,14,0,0,,6,stairs down,11,0.0,93.34182739257812,52.30803298950195,-1.012168288230896,1.5032399892807007,1.3081989288330078,1.003763198852539,1.3081989288330078,5.165149688720703,3.51784086227417,0.5,-0.035260312259197235,0.10849718749523163,0.7516199946403503,0.6540994644165039,-0.38683587312698364,-0.38670942187309265,0.033975787460803986,-0.1280573159456253,0.6620686054229736,0.04543115571141243,-0.2707850933074951,-0.2707850933074951,-0.04259783774614334,-1.343681812286377,-0.4820396900177002,0.0,-0.22818725556135178,-0.22818725556135178,-0.6187350749969482,-0.6187350749969482,-0.3096272051334381,-1.8371529579162598,-1.4708428382873535,0.0,-0.30910786986351013,-0.30910786986351013,0.016987893730401993,0.016987893730401993,-0.04363289847970009,0.812139093875885,0.6551997661590576,0.0,0.06062079221010208,0.06062079221010208,-0.08964011818170547,-0.08964011818170547,-0.017489034682512283,0.33433496952056885,0.37940892577171326,0.0,-0.07215108349919319,-0.07215108349919319,0.3310343027114868,0.3310343027114868,0.17525915801525116,-0.07586660981178284,0.48012396693229675,0.0,0.15577514469623566,0.15577514469623566,0.022715577855706215,0.022715577855706215,0.003407142125070095,0.21957051753997803,-0.6128900051116943,0.0,0.01930843573063612,0.01930843573063612
70,1.1666666666666667,2,0,0,,6,stairs down,11,0.0,93.35794067382812,52.304744720458984,-1.0122195482254028,1.3216875791549683,0.5817869901657104,0.5454093217849731,0.5817869901657104,2.741823196411133,2.149069309234619,0.5955628156661987,0.3231436610221863,0.04567587375640869,0.6608437895774841,0.2908934950828552,-0.11770612001419067,-0.2857174575328827,-0.15008941292762756,-0.05415432155132294,0.4259852170944214,0.03610045090317726,-0.08239427953958511,-0.08239427953958511,-0.12521006166934967,0.06841377168893814,-0.37422141432762146,0.0,0.04281578212976456,0.04281578212976456,-0.4571479260921478,-0.4571479260921478,-0.31025779247283936,-1.2115660905838013,-0.8672713041305542,0.0,-0.14689013361930847,-0.14689013361930847,-0.07504470646381378,-0.07504470646381378,-0.026034390553832054,-0.272094190120697,0.02221551351249218,0.0,-0.04901031590998173,-0.04901031590998173,-0.037908025085926056,-0.037908025085926056,-0.03225274756550789,-0.6428805589675903,0.13229122757911682,0.0,-0.005655277520418167,-0.005655277520418167,0.2129926085472107,0.2129926085472107,0.20525707304477692,-0.840630054473877,0.23752929270267487,0.0,0.007735535502433777,0.007735535502433777,0.01805022545158863,0.01805022545158863,0.00920071266591549,-0.05400451272726059,-0.3012775778770447,0.0,0.008849512785673141,0.008849512785673141
70,1.1666666666666667,8,0,0,,6,stairs down,11,0.0,93.3832015991211,52.374542236328125,-1.0089045763015747,1.5896053314208984,1.5566322803497314,0.8135986328125,1.5566322803497314,3.2411715984344482,4.07305908203125,0.5,0.10294988751411438,0.02646155282855034,0.7948026657104492,0.7783161401748657,-0.3049923777580261,-0.3697158098220825,-0.24981525540351868,0.08562006801366806,0.7713185548782349,-0.15933318436145782,-0.2134946584701538,-0.2134946584701538,-0.10179389268159866,0.1909302920103073,-0.9542698860168457,0.0,-0.11170076578855515,-0.11170076578855515,-0.5915452837944031,-0.5915452837944031,-0.3924042582511902,0.33339956402778625,-0.47081854939460754,0.0,-0.1991410255432129,-0.1991410255432129,-0.12490762770175934,-0.12490762770175934,-0.005928852595388889,-0.26264771819114685,0.3593893349170685,0.0,-0.11897877510637045,-0.11897877510637045,0.05993404611945152,0.05993404611945152,-0.11802508682012558,-1.6461114883422852,0.11923754215240479,0.0,0.1779591329395771,0.1779591329395771,0.38565927743911743,0.38565927743911743,0.20263509452342987,-0.8061819076538086,1.10893714427948,0.0,0.18302418291568756,0.18302418291568756,-0.07966659218072891,-0.07966659218072891,0.04030144587159157,0.3458351492881775,-0.16230374574661255,0.0,-0.11996803805232048,-0.11996803805232048
70,1.1666666666666667,14,0,0,,6,stairs down,11,0.0,93.35433959960938,52.31100845336914,-1.011731505393982,1.3547183275222778,1.0780375003814697,0.5998234748840332,1.0780375003814697,3.177520275115967,0.16902343928813934,0.1666666716337204,0.014128635637462139,0.11877894401550293,0.6773591637611389,0.5390187501907349,-0.3228476941585541,-0.2989007234573364,0.08771463483572006,-0.2725111246109009,0.6961305141448975,0.04636577516794205,-0.22599337995052338,-0.22599337995052338,-0.06553883105516434,-1.2827086448669434,-0.775652289390564,0.0,-0.16045454889535904,-0.16045454889535904,-0.4782411754131317,-0.4782411754131317,-0.327341765165329,-1.225281834602356,-1.5956664085388184,0.0,-0.15089941024780273,-0.15089941024780273,0.04385731741786003,0.04385731741786003,-0.02711484394967556,1.0588651895523071,0.7086783051490784,0.0,0.07097216136753559,0.07097216136753559,-0.19075778126716614,-0.19075778126716614,-0.018725857138633728,-0.40187716484069824,0.3640495538711548,0.0,-0.1720319241285324,-0.1720319241285324,0.34806525707244873,0.34806525707244873,0.1813955008983612,0.6788850426673889,0.290664941072464,0.0,0.16666975617408752,0.16666975617408752,0.023182887583971024,0.023182887583971024,0.008364887908101082,0.47153210639953613,-0.32922127842903137,0.0,0.014817999675869942,0.014817999675869942
71,1.1833333333333333,2,0,0,,6,stairs down,11,0.0,93.36856842041016,52.30689239501953,-1.0119929313659668,1.2382500171661377,0.5751551985740662,0.5207421779632568,0.5751551985740662,2.7415542602539062,2.4346678256988525,0.6666666865348816,0.29069826006889343,0.04220224544405937,0.6191250085830688,0.2875775992870331,-0.21568726003170013,-0.27464181184768677,-0.03920186311006546,0.026960674673318863,0.31229785084724426,0.2748378813266754,-0.1509810835123062,-0.1509810835123062,-0.12745219469070435,-0.28121456503868103,-0.22338932752609253,0.0,-0.023528888821601868,-0.023528888821601868,-0.43942689895629883,-0.43942689895629883,-0.3291659355163574,-1.0738139152526855,-0.9845929145812988,0.0,-0.1102609634399414,-0.1102609634399414,-0.01960093155503273,-0.01960093155503273,-0.027524424716830254,-0.09269170463085175,-0.07807327806949615,0.0,0.007923493161797523,0.007923493161797523,0.018872471526265144,0.018872471526265144,-0.041452836245298386,-0.36118218302726746,-0.1318558156490326,0.0,0.06032530777156353,0.06032530777156353,0.15614892542362213,0.15614892542362213,0.19027048349380493,-0.8057571649551392,-0.12986360490322113,0.0,-0.0341215580701828,-0.0341215580701828,0.1374189406633377,0.1374189406633377,0.011657968163490295,0.20979143679141998,-0.21701696515083313,0.0,0.1257609724998474,0.1257609724998474
71,1.1833333333333333,8,0,0,,6,stairs down,11,0.0,93.38872528076172,52.37735366821289,-1.0046298503875732,1.7000515460968018,1.0598865747451782,0.8074369430541992,1.0598865747451782,4.084295272827148,2.174434185028076,0.3333333432674408,-0.11893375217914581,0.19973266124725342,0.8500257730484009,0.5299432873725891,-0.2368781715631485,0.3981233239173889,-0.23081819713115692,0.2261616289615631,-0.10897758603096008,0.716765284538269,-0.16581471264362335,-0.16581471264362335,-0.1175372526049614,-1.211706519126892,-0.5640321969985962,0.0,-0.04827746003866196,-0.04827746003866196,0.19906166195869446,0.19906166195869446,-0.3613021969795227,1.7400480508804321,-0.19677366316318512,0.0,0.5603638589382172,0.5603638589382172,-0.11540909856557846,-0.11540909856557846,-0.00783043447881937,-0.2270994633436203,0.1474243700504303,0.0,-0.10757866408675909,-0.10757866408675909,0.15831314027309418,0.15831314027309418,-0.12423710525035858,-0.3925992250442505,-0.48232167959213257,0.0,0.28255024552345276,0.28255024552345276,-0.1743641346693039,-0.1743641346693039,0.19039557874202728,-1.5719633102416992,0.4563423693180084,0.0,-0.3647597134113312,-0.3647597134113312,0.3583826422691345,0.3583826422691345,0.06301230192184448,0.8462957739830017,0.010849344544112682,0.0,0.29537034034729004,0.29537034034729004
71,1.1833333333333333,14,0,0,,6,stairs down,11,0.0,93.3674087524414,52.314056396484375,-1.0123032331466675,1.4016335010528564,1.2457267045974731,0.5211018323898315,1.2457267045974731,2.634483814239502,1.5549591779708862,0.5,0.04320261627435684,0.12204968184232712,0.7008167505264282,0.6228633522987366,-0.18407534062862396,-0.299075722694397,0.03392712399363518,0.250185489654541,0.7146490216255188,0.32742205262184143,-0.1288527399301529,-0.1288527399301529,-0.08623965084552765,-1.1823581457138062,-0.9484364986419678,0.0,-0.042613089084625244,-0.042613089084625244,-0.4785211682319641,-0.4785211682319641,-0.344830721616745,-1.0236563682556152,-1.469454288482666,0.0,-0.13369044661521912,-0.13369044661521912,0.01696356199681759,0.01696356199681759,-0.01661653444170952,0.4184226095676422,0.8280077576637268,0.0,0.03358009643852711,0.03358009643852711,0.17512984573841095,0.17512984573841095,-0.015383404679596424,0.5024734139442444,0.10305284708738327,0.0,0.19051325041800737,0.19051325041800737,0.3573245108127594,0.3573245108127594,0.19834314286708832,1.1875249147415161,0.4229545593261719,0.0,0.15898136794567108,0.15898136794567108,0.16371102631092072,0.16371102631092072,0.006310466211289167,-0.2101161777973175,-0.05635705590248108,0.0,0.15740056009963155,0.15740056009963155
72,1.2,2,0,0,,6,stairs down,11,0.0,93.37972259521484,52.308834075927734,-1.0119624137878418,1.0148680210113525,0.4746266007423401,0.8114954233169556,0.4746266007423401,4.260847568511963,3.203726291656494,0.5,0.3282955586910248,0.02679162472486496,0.5074340105056763,0.23731330037117004,-0.1964319348335266,-0.1666376292705536,0.11191046237945557,0.05107776075601578,0.28623634576797485,0.20659351348876953,-0.13750235736370087,-0.13750235736370087,-0.12822610139846802,0.23679040372371674,-0.243093803524971,0.0,-0.009276255965232849,-0.009276255965232849,-0.2666202187538147,-0.2666202187538147,-0.3340127468109131,0.07394479960203171,-1.014995813369751,0.0,0.06739252805709839,0.06739252805709839,0.05595523118972778,0.05595523118972778,-0.03157620131969452,-0.5524647235870361,-0.08305463939905167,0.0,0.0875314325094223,0.0875314325094223,0.035754431039094925,0.035754431039094925,-0.04863903671503067,-0.4398530125617981,-0.2100009173154831,0.0,0.0843934677541256,0.0843934677541256,0.14311817288398743,0.14311817288398743,0.18721385300159454,-0.0729239284992218,-0.36018064618110657,0.0,-0.04409568011760712,-0.04409568011760712,0.10329675674438477,0.10329675674438477,0.017733518034219742,0.11044333875179291,-0.0715779960155487,0.0,0.08556323871016502,0.08556323871016502
72,1.2,8,0,0,,6,stairs down,11,0.0,93.39395141601562,52.37912368774414,-1.0001028776168823,1.2634592056274414,0.7517402172088623,0.8081194162368774,0.7517402172088623,3.9481544494628906,3.046149969100952,0.3333333432674408,-0.055907152593135834,0.14673112332820892,0.6317296028137207,0.37587010860443115,0.18465249240398407,0.5459740161895752,-0.11685701459646225,-0.05224518105387688,0.17644350230693817,0.12103503197431564,0.1292567402124405,0.1292567402124405,-0.11931843310594559,0.6191886067390442,-0.7847332954406738,0.0,0.24857517331838608,0.24857517331838608,0.2729870080947876,0.2729870080947876,-0.3276931345462799,1.5369514226913452,0.46321648359298706,0.0,0.6006801426410675,0.6006801426410675,-0.058428507298231125,-0.058428507298231125,-0.02239052951335907,-1.0398482084274292,0.01980186067521572,0.0,-0.036037977784872055,-0.036037977784872055,-0.036571625620126724,-0.036571625620126724,-0.13154907524585724,-0.8268299698829651,-0.4517478942871094,0.0,0.09497744962573051,0.09497744962573051,0.08822175115346909,0.08822175115346909,0.16628797352313995,-1.6786242723464966,-0.23482179641723633,0.0,-0.07806622236967087,-0.07806622236967087,0.06051751598715782,0.06051751598715782,0.08032149821519852,0.5234891176223755,0.29553553462028503,0.0,-0.019803982228040695,-0.019803982228040695
72,1.2,14,0,0,,6,stairs down,11,0.0,93.37706756591797,52.31550979614258,-1.0105853080749512,1.4056758880615234,1.2531390190124512,0.8166580200195312,1.2531390190124512,4.134518623352051,1.1804839372634888,0.3333333432674408,0.03352690488100052,0.08841405808925629,0.7028379440307617,0.6265695095062256,-0.14704641699790955,-0.3141682744026184,-0.11448216438293457,0.13971929252147675,0.7825069427490234,0.022469423711299896,-0.10293249040842056,-0.10293249040842056,-0.08820165693759918,0.5476763248443604,-1.0281474590301514,0.0,-0.01473083347082138,-0.01473083347082138,-0.5026692748069763,-0.5026692748069763,-0.3467687666416168,0.4176882207393646,-1.3175444602966309,0.0,-0.1559005081653595,-0.1559005081653595,-0.057241082191467285,-0.057241082191467285,-0.004088183399289846,0.42438286542892456,0.6884377598762512,0.0,-0.05315289879217744,-0.05315289879217744,0.0978035032749176,0.0978035032749176,-0.0316181443631649,-1.5642495155334473,0.23915913701057434,0.0,0.1294216476380825,0.1294216476380825,0.3912534713745117,0.3912534713745117,0.20104381442070007,-0.116287000477314,0.6834890842437744,0.0,0.19020965695381165,0.19020965695381165,0.011234711855649948,0.011234711855649948,0.01414407417178154,0.6346003413200378,-0.10875191539525986,0.0,-0.002909362316131592,-0.002909362316131592
73,1.2166666666666666,2,0,0,,6,stairs down,11,0.0,93.38865661621094,52.311248779296875,-1.009725570678711,1.0701210498809814,0.2936279773712158,0.8085626363754272,0.2936279773712158,3.8882389068603516,3.757711410522461,0.6666666865348816,0.3514168858528137,0.005984524264931679,0.5350605249404907,0.1468139886856079,0.08100593835115433,-0.18063335120677948,0.0992213636636734,0.17802637815475464,0.3168168067932129,0.24726875126361847,0.05670415610074997,0.05670415610074997,-0.11685670912265778,0.686154305934906,-0.0795687586069107,0.0,0.17356086522340775,0.17356086522340775,-0.2890133559703827,-0.2890133559703827,-0.3243741989135742,1.034001111984253,-0.6439290642738342,0.0,0.03536084294319153,0.03536084294319153,0.0496106818318367,0.0496106818318367,-0.030315957963466644,0.45219123363494873,-0.2430105209350586,0.0,0.07992663979530334,0.07992663979530334,0.12461846321821213,0.12461846321821213,-0.07257691025733948,-1.9188944101333618,-0.28832516074180603,0.0,0.1971953734755516,0.1971953734755516,0.15840840339660645,0.15840840339660645,0.1764708161354065,-0.9209201335906982,-0.2622952163219452,0.0,-0.01806241273880005,-0.01806241273880005,0.12363437563180923,0.12363437563180923,0.03292952850461006,1.1140756607055664,-0.009552517905831337,0.0,0.09070484712719917,0.09070484712719917
73,1.2166666666666666,8,0,0,,6,stairs down,11,0.0,93.39927673339844,52.37944412231445,-0.9954367876052856,0.9918849468231201,0.27505218982696533,0.8464289903640747,0.27505218982696533,4.36244535446167,4.864477157592773,0.5,-0.031187785789370537,0.07176534831523895,0.49594247341156006,0.13752609491348267,0.10529966652393341,0.41527259349823,-0.1409744769334793,0.08409567922353745,0.009669719263911247,0.3834495544433594,0.07370976358652115,0.07370976358652115,-0.1122511476278305,0.35069581866264343,-0.3063337206840515,0.0,0.18596091121435165,0.18596091121435165,0.207636296749115,0.207636296749115,-0.2940364181995392,1.9962573051452637,0.8291016817092896,0.0,0.5016727149486542,0.5016727149486542,-0.07048723846673965,-0.07048723846673965,-0.0329095683991909,-0.4821891784667969,-0.3412838280200958,0.0,-0.03757767006754875,-0.03757767006754875,0.05886697396636009,0.05886697396636009,-0.1401715874671936,-0.13445216417312622,-0.5795606374740601,0.0,0.1990385614335537,0.1990385614335537,0.004834859631955624,0.004834859631955624,0.1377338469028473,-1.932450294494629,-0.7268109917640686,0.0,-0.13289898727089167,-0.13289898727089167,0.1917247772216797,0.1917247772216797,0.0938873365521431,1.1254286766052246,0.3732128441333771,0.0,0.09783744066953659,0.09783744066953659
73,1.2166666666666666,14,0,0,,6,stairs down,11,0.0,93.38275909423828,52.316810607910156,-1.006344199180603,1.6592013835906982,1.4433925151824951,0.8098605871200562,1.4433925151824951,4.146409511566162,2.668651580810547,0.5,0.17362162470817566,0.1654275804758072,0.8296006917953491,0.7216962575912476,-0.2033945471048355,0.2526307702064514,0.4350835978984833,0.43353867530822754,0.22355177998542786,0.8657892346382141,-0.14237618446350098,-0.14237618446350098,-0.10009580850601196,-1.4872719049453735,-0.4911707043647766,0.0,-0.042280375957489014,-0.042280375957489014,0.1263153851032257,0.1263153851032257,-0.3148050010204315,1.9872008562088013,-0.7262476086616516,0.0,0.4411203861236572,0.4411203861236572,0.21754179894924164,0.21754179894924164,0.015373392961919308,1.7381964921951294,0.5984585881233215,0.0,0.20216840598732233,0.20216840598732233,0.30347707867622375,0.30347707867622375,-0.041312675923109055,0.008877314627170563,-0.37536925077438354,0.0,0.3447897545993328,0.3447897545993328,0.11177588999271393,0.11177588999271393,0.2054346352815628,-0.21488741040229797,0.41095787286758423,0.0,-0.09365874528884888,-0.09365874528884888,0.43289461731910706,0.43289461731910706,0.03208997845649719,1.0313459634780884,0.1445523351430893,0.0,0.40080463886260986,0.40080463886260986
74,1.2333333333333334,2,0,0,,6,stairs down,11,0.0,93.39508056640625,52.3128547668457,-1.0043129920959473,0.8844255208969116,0.6373295187950134,0.8395750522613525,0.6373295187950134,4.723350524902344,9.37978458404541,0.7530399560928345,0.1810617446899414,0.1269446313381195,0.4422127604484558,0.3186647593975067,0.05436063930392265,0.32083770632743835,0.16703693568706512,0.10310624539852142,-0.3583877980709076,0.6950556635856628,0.03805244714021683,0.03805244714021683,-0.11038153618574142,0.8452730178833008,0.18135854601860046,0.0,0.14843398332595825,0.14843398332595825,0.16041885316371918,0.16041885316371918,-0.29895007610321045,1.999986171722412,-0.07215862721204758,0.0,0.4593689292669296,0.4593689292669296,0.08351846784353256,0.08351846784353256,-0.018074728548526764,0.22171153128147125,-0.006114000454545021,0.0,0.10159319639205933,0.10159319639205933,0.07217437028884888,0.07217437028884888,-0.09803527593612671,-1.4560256004333496,-0.8439568877220154,0.0,0.17020964622497559,0.17020964622497559,-0.5734204649925232,-0.5734204649925232,0.14982818067073822,-1.8948596715927124,-0.4867278039455414,0.0,-0.7232486456632614,-0.7232486456632614,0.3475278317928314,0.3475278317928314,0.05895620584487915,1.3933944702148438,0.3733343183994293,0.0,0.28857162594795227,0.28857162594795227
74,1.2333333333333334,8,0,0,,6,stairs down,11,0.0,93.40548706054688,52.38029479980469,-0.991374671459198,0.7772551774978638,-0.1710752248764038,0.7772551774978638,-0.1710752248764038,3.8575539588928223,4.049280166625977,0.3333333432674408,0.01026015542447567,0.06710627675056458,0.3886275887489319,-0.0855376124382019,-0.06607089191675186,0.42105165123939514,-0.0894802063703537,-0.25926658511161804,0.06404853612184525,0.31793534755706787,-0.0462496243417263,-0.0462496243417263,-0.11390791833400726,-0.05077815055847168,-0.08244474232196808,0.0,0.06765829399228096,0.06765829399228096,0.21052582561969757,0.21052582561969757,-0.2603047490119934,2.0022568702697754,1.226820945739746,0.0,0.470830574631691,0.470830574631691,-0.04474010318517685,-0.04474010318517685,-0.01689963787794113,2.006183624267578,-0.3892986476421356,0.0,-0.027840465307235718,-0.027840465307235718,-0.1814866065979004,-0.1814866065979004,-0.14195698499679565,-0.5431169867515564,-0.4278857409954071,0.0,-0.039529621601104736,-0.039529621601104736,0.03202426806092262,0.03202426806092262,0.1181265190243721,-1.0642921924591064,-1.137643814086914,0.0,-0.08610225096344948,-0.08610225096344948,0.15896767377853394,0.15896767377853394,0.10829518735408783,0.8316290378570557,0.6295374035835266,0.0,0.050672486424446106,0.050672486424446106
74,1.2333333333333334,14,0,0,,6,stairs down,11,0.0,93.38822937011719,52.31722640991211,-1.001806616783142,1.4628961086273193,1.118685007095337,0.8115471601486206,1.118685007095337,4.0277557373046875,4.151115417480469,0.6666666865348816,0.09684596955776215,0.12955257296562195,0.7314480543136597,0.5593425035476685,0.010491679422557354,0.44872382283210754,0.34519198536872864,-0.046822983771562576,0.43276873230934143,0.3360123336315155,0.007344175595790148,0.007344175595790148,-0.1117633506655693,0.5706226825714111,-0.8306015133857727,0.0,0.11910752626135945,0.11910752626135945,0.22436191141605377,0.22436191141605377,-0.2814866900444031,1.9298546314239502,0.19838538765907288,0.0,0.5058486014604568,0.5058486014604568,0.17259599268436432,0.17259599268436432,0.040320515632629395,0.6149478554725647,0.9868349432945251,0.0,0.13227547705173492,0.13227547705173492,-0.032776087522506714,-0.032776087522506714,-0.04962646961212158,-1.0122135877609253,-0.24443362653255463,0.0,0.016850382089614868,0.016850382089614868,0.21638436615467072,0.21638436615467072,0.20514488220214844,0.0987437516450882,0.19769522547721863,0.0,0.011239483952522278,0.011239483952522278,0.16800616681575775,0.16800616681575775,0.051362063735723495,1.0681209564208984,0.44673556089401245,0.0,0.11664410308003426,0.11664410308003426
75,1.25,2,0,0,,6,stairs down,11,0.0,93.4023666381836,52.313270568847656,-0.9957470297813416,0.7749739289283752,-0.2156336009502411,0.7749739289283752,-0.2156336009502411,4.99442195892334,9.725225448608398,0.6666666865348816,0.22641019523143768,0.07520171254873276,0.3874869644641876,-0.10781680047512054,0.0185763668268919,0.28743860125541687,0.1357414871454239,-0.004010635428130627,-0.21352116763591766,0.27394697070121765,0.0130034564062953,0.0130034564062953,-0.10050012916326523,0.5309170484542847,0.40759360790252686,0.0,0.11350358556956053,0.11350358556956053,0.14371930062770844,0.14371930062770844,-0.2673587501049042,1.9999752044677734,0.6339441537857056,0.0,0.4110780507326126,0.4110780507326126,0.06787074357271194,0.06787074357271194,0.0005426650168374181,1.0174152851104736,0.07151968032121658,0.0,0.06732807855587453,0.06732807855587453,-0.0028074446599930525,-0.0028074446599930525,-0.11374811083078384,-0.6497080326080322,-1.0525250434875488,0.0,0.11094066617079079,0.11094066617079079,-0.3416338860988617,-0.3416338860988617,0.12088844180107117,-1.855596661567688,-0.9665619134902954,0.0,-0.46252232789993286,-0.46252232789993286,0.13697348535060883,0.13697348535060883,0.07829003036022186,0.8345387578010559,0.7209293842315674,0.0,0.05868345499038696,0.05868345499038696
75,1.25,8,0,0,,6,stairs down,11,0.0,93.41123962402344,52.38200759887695,-0.9855765700340271,1.315950632095337,0.0762200877070427,0.9937139749526978,0.0762200877070427,4.460789680480957,6.300777435302734,0.5,-0.013864691369235516,0.044028978794813156,0.6579753160476685,0.03811004385352135,-0.22587785124778748,0.39147549867630005,0.1362912654876709,-0.32427263259887695,0.22960525751113892,0.13627326488494873,-0.158114492893219,-0.158114492893219,-0.1192782074213028,-0.294637531042099,-0.0716540515422821,0.0,-0.0388362854719162,-0.0388362854719162,0.19573774933815002,0.19573774933815002,-0.2259843945503235,1.9978456497192383,1.4910579919815063,0.0,0.4217221438884735,0.4217221438884735,0.06814563274383545,0.06814563274383545,0.009081429801881313,1.0810357332229614,0.42698436975479126,0.0,0.059064202941954136,0.059064202941954136,-0.22699083387851715,-0.22699083387851715,-0.15072326362133026,-0.3128281533718109,-0.4671518802642822,0.0,-0.07626757025718689,-0.07626757025718689,0.11480262875556946,0.11480262875556946,0.10002030432224274,-1.0026229619979858,-1.1126484870910645,0.0,0.014782324433326721,0.014782324433326721,0.06813663244247437,0.06813663244247437,0.12078658491373062,0.32289382815361023,0.6984019875526428,0.0,-0.052649952471256256,-0.052649952471256256
75,1.25,14,0,0,,6,stairs down,11,0.0,93.39449310302734,52.31550216674805,-0.9974503517150879,1.3994215726852417,1.5901212692260742,0.8152204751968384,1.5901212692260742,3.6764473915100098,5.8899455070495605,0.5,0.19482219219207764,0.0939100980758667,0.6997107863426208,0.7950606346130371,-0.02323780581355095,0.36547261476516724,0.3629554212093353,0.2844048738479614,0.13758085668087006,0.7045422792434692,-0.016266463324427605,-0.016266463324427605,-0.10583259165287018,0.6218845248222351,-0.35312122106552124,0.0,0.08956612832844257,0.08956612832844257,0.18273630738258362,0.18273630738258362,-0.25308722257614136,1.994516372680664,0.7883997559547424,0.0,0.435823529958725,0.435823529958725,0.18147771060466766,0.18147771060466766,0.053550444543361664,0.47864359617233276,0.8601109385490417,0.0,0.127927266061306,0.127927266061306,0.19908340275287628,0.19908340275287628,-0.058432433754205704,-0.23805809020996094,-0.506061851978302,0.0,0.257515836507082,0.257515836507082,0.06879042834043503,0.06879042834043503,0.19736221432685852,-0.3762443959712982,0.16397657990455627,0.0,-0.1285717859864235,-0.1285717859864235,0.3522711396217346,0.3522711396217346,0.07447828352451324,1.4324977397918701,0.6584784388542175,0.0,0.2777928560972214,0.2777928560972214
76,1.2666666666666666,2,0,0,,6,stairs down,11,0.0,93.41094207763672,52.31344985961914,-0.9871192574501038,0.9058517217636108,-0.1592833399772644,0.9058517217636108,-0.1592833399772644,5.350738048553467,7.426477432250977,0.6666666865348816,0.2425631284713745,0.03183392435312271,0.4529258608818054,-0.0796416699886322,0.08008842170238495,0.281562477350235,-0.01742028445005417,-0.09034275263547897,0.02321445383131504,0.2503117620944977,0.056061893701553345,0.056061893701553345,-0.08777482062578201,0.9199646711349487,0.4496172368526459,0.0,0.14383671432733536,0.14383671432733536,0.1407812386751175,0.1407812386751175,-0.23549358546733856,1.9996860027313232,1.0994319915771484,0.0,0.37627482414245605,0.37627482414245605,-0.008710142225027084,-0.008710142225027084,0.008015437051653862,0.25508108735084534,0.3938424587249756,0.0,-0.016725579276680946,-0.016725579276680946,-0.0632399246096611,-0.0632399246096611,-0.12298930436372757,-0.6660760641098022,-0.9152613878250122,0.0,0.05974937975406647,0.05974937975406647,0.01160722691565752,0.01160722691565752,0.10170454531908035,-0.8957849740982056,-1.2695088386535645,0.0,-0.09009731840342283,-0.09009731840342283,0.12515588104724884,0.12515588104724884,0.08772947639226913,0.11642009019851685,0.7596428394317627,0.0,0.037426404654979706,0.037426404654979706
76,1.2666666666666666,8,0,0,,6,stairs down,11,0.0,93.4171142578125,52.3832893371582,-0.9797320365905762,1.547706127166748,0.11638854444026947,1.1101009845733643,0.11638854444026947,4.768241882324219,6.18726110458374,0.5,-0.09381701052188873,0.058428697288036346,0.773853063583374,0.058194272220134735,-0.06989322602748871,0.37578821182250977,-0.18454866111278534,-0.1380726546049118,0.06196478754281998,0.12174538522958755,-0.048925258219242096,-0.048925258219242096,-0.12558850646018982,-0.19982662796974182,-0.1476377546787262,0.0,0.07666324824094772,0.07666324824094772,0.18789410591125488,0.18789410591125488,-0.19200365245342255,1.9998631477355957,1.6637505292892456,0.0,0.37989775836467743,0.37989775836467743,-0.09227433055639267,-0.09227433055639267,0.0239994116127491,0.048874955624341965,0.6498584747314453,0.0,-0.11627374216914177,-0.11627374216914177,-0.0966508537530899,-0.0966508537530899,-0.15146192908287048,0.1657746285200119,-0.4145646095275879,0.0,0.05481107532978058,0.05481107532978058,0.03098239377140999,0.03098239377140999,0.08404433727264404,-0.6119215488433838,-1.0751562118530273,0.0,-0.053061943501234055,-0.053061943501234055,0.06087269261479378,0.06087269261479378,0.12778408825397491,-0.31649842858314514,0.5704440474510193,0.0,-0.06691139563918114,-0.06691139563918114
76,1.2666666666666666,14,0,0,,6,stairs down,11,0.0,93.40084838867188,52.31257247924805,-0.9922465682029724,1.5221824645996094,0.8322975039482117,0.8217467069625854,0.8322975039482117,3.864866018295288,5.253532886505127,0.6666666865348816,0.2875160574913025,0.07065928727388382,0.7610912322998047,0.41614875197410583,0.2645045518875122,0.3066708743572235,0.24338877201080322,-0.14695598185062408,0.04647642374038696,0.18425485491752625,0.18515318632125854,0.18515318632125854,-0.080496646463871,1.999723196029663,-0.02087886445224285,0.0,0.26564983278512955,0.26564983278512955,0.15333543717861176,0.15333543717861176,-0.2247471958398819,1.9862918853759766,1.1993952989578247,0.0,0.37808263301849365,0.37808263301849365,0.12169438600540161,0.12169438600540161,0.058759961277246475,0.23503485321998596,0.7301223278045654,0.0,0.06293442472815514,0.06293442472815514,-0.1028691828250885,-0.1028691828250885,-0.07221069186925888,-1.0593079328536987,-0.4147370457649231,0.0,-0.03065849095582962,-0.03065849095582962,0.02323821187019348,0.02323821187019348,0.18146780133247375,-0.93990159034729,-0.0201087836176157,0.0,-0.15822958946228027,-0.15822958946228027,0.09212742745876312,0.09212742745876312,0.09283223003149033,0.9655121564865112,0.9222327470779419,0.0,-0.0007048025727272034,-0.0007048025727272034
77,1.2833333333333332,2,0,0,,6,stairs down,11,0.0,93.41939544677734,52.31404495239258,-0.9782631397247314,0.9143478870391846,0.14752139151096344,0.9143478870391846,0.14752139151096344,5.304901123046875,4.344879150390625,0.5,0.24982206523418427,0.029339797794818878,0.4571739435195923,0.07376069575548172,-0.4000546336174011,0.382720947265625,0.0873752161860466,0.05382530018687248,-0.16227930784225464,0.6994379758834839,-0.2800382375717163,-0.2800382375717163,-0.09660741686820984,-1.2611806392669678,0.6098925471305847,0.0,-0.18343082070350647,-0.18343082070350647,0.1913604736328125,0.1913604736328125,-0.20242586731910706,1.9935024976730347,1.406201958656311,0.0,0.39378634095191956,0.39378634095191956,0.0436876080930233,0.0436876080930233,0.02875061333179474,1.5289101600646973,0.34655821323394775,0.0,0.014936994761228561,0.014936994761228561,0.03767770901322365,0.03767770901322365,-0.122057244181633,0.3181067407131195,-0.8303491473197937,0.0,0.15973495319485664,0.15973495319485664,-0.2596468925476074,-0.2596468925476074,0.07030081748962402,-1.9395725727081299,-1.14215886592865,0.0,-0.32994771003723145,-0.32994771003723145,0.34971898794174194,0.34971898794174194,0.10397348552942276,1.2196359634399414,0.540458619594574,0.0,0.24574550241231918,0.24574550241231918
77,1.2833333333333332,8,0,0,,6,stairs down,11,0.0,93.42314910888672,52.384185791015625,-0.973107635974884,1.186574935913086,0.02035188488662243,1.1448259353637695,0.02035188488662243,4.730451583862305,2.5068576335906982,0.3333333432674408,-0.04712369665503502,0.05646860599517822,0.593287467956543,0.010175942443311214,-0.03562713786959648,0.3801336884498596,-0.2630533277988434,-0.14774177968502045,0.0913153737783432,-0.04458126425743103,-0.024938996881246567,-0.024938996881246567,-0.12495051324367523,0.2739500105381012,-0.16542160511016846,0.0,0.10001151636242867,0.10001151636242867,0.1900668442249298,0.1900668442249298,-0.15800625085830688,1.998673915863037,1.778283953666687,0.0,0.3480730950832367,0.3480730950832367,-0.1315266638994217,-0.1315266638994217,0.03376709297299385,0.019811119884252548,0.44506770372390747,0.0,-0.16529375687241554,-0.16529375687241554,-0.1034192442893982,-0.1034192442893982,-0.15322662889957428,-0.1799779087305069,-0.21680855751037598,0.0,0.049807384610176086,0.049807384610176086,0.0456576868891716,0.0456576868891716,0.06515738368034363,-1.0360900163650513,-0.9173046350479126,0.0,-0.019499696791172028,-0.019499696791172028,-0.022290632128715515,-0.022290632128715515,0.13297928869724274,0.020719971507787704,0.2682100832462311,0.0,-0.15526992082595825,-0.15526992082595825
77,1.2833333333333332,14,0,0,,6,stairs down,11,0.0,93.40680694580078,52.30982208251953,-0.9864730834960938,1.1916425228118896,0.06449564546346664,0.8904647827148438,0.06449564546346664,4.774588584899902,4.612351894378662,0.3333333432674408,0.3165585398674011,0.07204177975654602,0.5958212614059448,0.03224782273173332,-0.3442527651786804,0.4460366368293762,0.16357412934303284,0.2758927345275879,-0.14004363119602203,0.7502039074897766,-0.24097692966461182,-0.24097692966461182,-0.07725360244512558,-0.855023980140686,0.6676602363586426,0.0,-0.16372332721948624,-0.16372332721948624,0.2230183184146881,0.2230183184146881,-0.19277362525463104,1.9218873977661133,1.4675376415252686,0.0,0.41579194366931915,0.41579194366931915,0.08178706467151642,0.08178706467151642,0.07347624748945236,0.8435136675834656,0.5614166259765625,0.0,0.008310817182064056,0.008310817182064056,0.1931249052286148,0.1931249052286148,-0.06645375490188599,1.2106709480285645,-0.6343806385993958,0.0,0.2595786601305008,0.2595786601305008,-0.22406981885433197,-0.22406981885433197,0.15103599429130554,-1.9912030696868896,-0.3335368037223816,0.0,-0.3751058131456375,-0.3751058131456375,0.3751019537448883,0.3751019537448883,0.11501690745353699,1.4288357496261597,0.9369806051254272,0.0,0.2600850462913513,0.2600850462913513
78,1.3,2,0,0,,6,stairs down,11,0.0,93.42845153808594,52.31609344482422,-0.9705343842506409,1.0438162088394165,0.8219131231307983,1.0438162088394165,0.8219131231307983,4.815028190612793,2.4549527168273926,0.3333333432674408,0.23523813486099243,0.029704367741942406,0.5219081044197083,0.41095656156539917,0.10799091309309006,0.48712974786758423,-0.19061237573623657,-0.213457852602005,0.11175756901502609,0.04933226853609085,0.07559363543987274,0.07559363543987274,-0.0975479707121849,0.6161750555038452,-0.027693184092640877,0.0,0.17314160615205765,0.17314160615205765,0.24356487393379211,0.24356487393379211,-0.16874612867832184,1.9040721654891968,1.6063300371170044,0.0,0.41231100261211395,0.41231100261211395,-0.09530618786811829,-0.09530618786811829,0.03355076164007187,0.3092122972011566,0.7494556903839111,0.0,-0.12885694950819016,-0.12885694950819016,-0.14942049980163574,-0.14942049980163574,-0.12559884786605835,-0.6409295797348022,-0.43900203704833984,0.0,-0.023821651935577393,-0.023821651935577393,0.055878784507513046,0.055878784507513046,0.049188293516635895,-1.2986754179000854,-1.4138849973678589,0.0,0.0066904909908771515,0.0066904909908771515,0.024666134268045425,0.024666134268045425,0.10607802867889404,0.2704674005508423,0.771894633769989,0.0,-0.08141189441084862,-0.08141189441084862
78,1.3,8,0,0,,6,stairs down,11,0.0,93.4290542602539,52.38535690307617,-0.9657081365585327,1.3759770393371582,-0.09589045494794846,1.034967303276062,-0.09589045494794846,4.306549072265625,5.916623115539551,0.5349457859992981,-0.13871824741363525,0.0244339257478714,0.6879885196685791,-0.04794522747397423,0.08553355932235718,0.3406676650047302,-0.38163432478904724,-0.06244359537959099,-0.04187512770295143,0.1682966649532318,0.059873491525650024,0.059873491525650024,-0.12034592777490616,0.21799030900001526,-0.015701603144407272,0.0,0.18021941930055618,0.18021941930055618,0.1703338325023651,0.1703338325023651,-0.1241026222705841,1.9780023097991943,1.8533838987350464,0.0,0.2944364547729492,0.2944364547729492,-0.19081716239452362,-0.19081716239452362,0.027329033240675926,-0.7336905598640442,0.3001575171947479,0.0,-0.21814619563519955,-0.21814619563519955,-0.04371051490306854,-0.04371051490306854,-0.15315191447734833,0.2556951940059662,-0.20425815880298615,0.0,0.10944139957427979,0.10944139957427979,-0.06700020283460617,-0.06700020283460617,0.04695667698979378,-0.8635516166687012,-0.9577818512916565,0.0,-0.11395687982439995,-0.11395687982439995,0.0841483324766159,0.0841483324766159,0.1333414614200592,-0.6766760945320129,0.18387550115585327,0.0,-0.0491931289434433,-0.0491931289434433
78,1.3,14,0,0,,6,stairs down,11,0.0,93.4136962890625,52.3094596862793,-0.9808591604232788,1.316543698310852,0.6818679571151733,0.9547137022018433,0.6818679571151733,4.140052318572998,3.9643306732177734,0.45181557536125183,0.26008665561676025,0.06140657514333725,0.658271849155426,0.34093397855758667,0.311685711145401,0.3769925534725189,-0.1592150777578354,-0.31513720750808716,0.1688029021024704,-0.029929598793387413,0.21818000078201294,0.21818000078201294,-0.057988278567790985,2.003321647644043,0.14879131317138672,0.0,0.2761682793498039,0.2761682793498039,0.18849627673625946,0.18849627673625946,-0.15988852083683014,1.9060252904891968,1.6223615407943726,0.0,0.3483847975730896,0.3483847975730896,-0.0796075388789177,-0.0796075388789177,0.06814542412757874,-0.12397490441799164,0.6575438380241394,0.0,-0.14775296300649643,-0.14775296300649643,-0.220596045255661,-0.220596045255661,-0.07194820791482925,-0.8642733097076416,-0.005661997944116592,0.0,-0.14864783734083176,-0.14864783734083176,0.0844014510512352,0.0844014510512352,0.1314115822315216,-0.13230448961257935,-0.8984020948410034,0.0,-0.04701013118028641,-0.04701013118028641,-0.014964799396693707,-0.014964799396693707,0.11959698796272278,-0.5027004480361938,1.104584813117981,0.0,-0.13456178735941648,-0.13456178735941648
79,1.3166666666666667,2,0,0,,6,stairs down,11,0.0,93.437255859375,52.31660461425781,-0.9620898365974426,1.3925952911376953,0.36169731616973877,0.9532040357589722,0.36169731616973877,4.628207206726074,4.15291166305542,0.5309653282165527,0.24342529475688934,0.023780090734362602,0.6962976455688477,0.18084865808486938,-0.2178618609905243,0.4212367832660675,-0.15956979990005493,0.17651057243347168,-0.2468269020318985,0.4328857660293579,-0.15250329673290253,-0.15250329673290253,-0.09995395690202713,-0.6462417244911194,0.1917109489440918,0.0,-0.0525493398308754,-0.0525493398308754,0.21061839163303375,0.21061839163303375,-0.1349923014640808,2.004303216934204,1.707788348197937,0.0,0.34561069309711456,0.34561069309711456,-0.07978489995002747,-0.07978489995002747,0.043612685054540634,0.5365180969238281,0.5994386076927185,0.0,-0.1233975850045681,-0.1233975850045681,0.12355739623308182,0.12355739623308182,-0.11829320341348648,1.1556503772735596,-0.5078107118606567,0.0,0.2418505996465683,0.2418505996465683,-0.39492306113243103,-0.39492306113243103,0.016396641731262207,-2.0700275897979736,-1.3746261596679688,0.0,-0.41131970286369324,-0.41131970286369324,0.21644288301467896,0.21644288301467896,0.12266204506158829,1.1439907550811768,0.601028561592102,0.0,0.09378083795309067,0.09378083795309067
79,1.3166666666666667,8,0,0,,6,stairs down,11,0.0,93.43484497070312,52.3867301940918,-0.9572902917861938,1.2439484596252441,-0.41685786843299866,0.9506559371948242,-0.41685786843299866,4.061013698577881,2.124835968017578,0.3333333432674408,-0.06586965918540955,0.010877866297960281,0.6219742298126221,-0.20842893421649933,0.0722593292593956,0.4210848808288574,-0.41380438208580017,-0.07606596499681473,-0.1006070002913475,0.10184050351381302,0.05058152973651886,0.05058152973651886,-0.11724216490983963,0.36079657077789307,0.06393110752105713,0.0,0.1678236946463585,0.1678236946463585,0.2105424404144287,0.2105424404144287,-0.09114149212837219,1.9881377220153809,1.8958487510681152,0.0,0.3016839325428009,0.3016839325428009,-0.20690219104290009,-0.20690219104290009,0.025999216362833977,-0.3440781533718109,-0.05213591083884239,0.0,-0.23290140740573406,-0.23290140740573406,-0.05324617400765419,-0.05324617400765419,-0.1537512093782425,-0.04598655924201012,-0.04752473533153534,0.0,0.1005050353705883,0.1005050353705883,-0.16097120940685272,-0.16097120940685272,0.020804505795240402,-1.7102723121643066,-0.9256719946861267,0.0,-0.18177571520209312,-0.18177571520209312,0.05092025175690651,0.05092025175690651,0.12963928282260895,-0.5080074071884155,-0.10936552286148071,0.0,-0.07871903106570244,-0.07871903106570244
79,1.3166666666666667,14,0,0,,6,stairs down,11,0.0,93.42271423339844,52.31123352050781,-0.9750490784645081,1.8037887811660767,0.8247302174568176,1.0931057929992676,0.8247302174568176,5.813504695892334,3.373866081237793,0.5,0.3128553330898285,0.052330099046230316,0.9018943905830383,0.4123651087284088,-0.08338511735200882,0.297018438577652,-0.3284744620323181,-0.17868605256080627,0.10735802352428436,0.572503387928009,-0.058369580656290054,-0.058369580656290054,-0.04003110155463219,0.5502756237983704,0.7807399034500122,0.0,-0.018338479101657867,-0.018338479101657867,0.148509219288826,0.148509219288826,-0.1313612312078476,1.979376196861267,1.719022512435913,0.0,0.2798704504966736,0.2798704504966736,-0.16423723101615906,-0.16423723101615906,0.06293774396181107,-0.23530615866184235,0.39123401045799255,0.0,-0.22717497497797012,-0.22717497497797012,-0.12508022785186768,-0.12508022785186768,-0.08252424001693726,-0.5618838667869568,-0.29824185371398926,0.0,-0.04255598783493042,-0.04255598783493042,0.05367901176214218,0.05367901176214218,0.128823384642601,-0.08197250217199326,-0.6373471617698669,0.0,-0.07514437288045883,-0.07514437288045883,0.2862516939640045,0.2862516939640045,0.11579211056232452,0.3717193305492401,0.5568872690200806,0.0,0.17045958340168,0.17045958340168
80,1.3333333333333333,2,0,0,,6,stairs down,11,0.0,93.4461669921875,52.31816864013672,-0.9539092183113098,1.4492746591567993,0.4239450693130493,0.866174578666687,0.4239450693130493,4.189635753631592,3.4356751441955566,0.3333333432674408,0.21996963024139404,0.04901958629488945,0.7246373295783997,0.21197253465652466,0.17739306390285492,0.44900059700012207,-0.4086672365665436,-0.2701956331729889,0.016074996441602707,-0.11005985736846924,0.12417514622211456,0.12417514622211456,-0.093552365899086,0.9726982712745667,-0.09382927417755127,0.0,0.21772751212120056,0.21772751212120056,0.22450029850006104,0.22450029850006104,-0.10095793753862381,1.980615496635437,1.8088284730911255,0.0,0.32545823603868484,0.32545823603868484,-0.2043336182832718,-0.2043336182832718,0.03997550532221794,-1.043126106262207,0.5779978036880493,0.0,-0.24430912360548973,-0.24430912360548973,-0.18913693726062775,-0.18913693726062775,-0.11795356869697571,-0.4372396469116211,0.05902926251292229,0.0,-0.07118336856365204,-0.07118336856365204,0.008037498220801353,0.008037498220801353,-0.006412987131625414,-0.6040139198303223,-1.6115906238555908,0.0,0.014450485352426767,0.014450485352426767,-0.05502992868423462,-0.05502992868423462,0.1264796406030655,-0.9208245277404785,0.7860479950904846,0.0,-0.1815095692873001,-0.1815095692873001
80,1.3333333333333333,8,0,0,,6,stairs down,11,0.0,93.44062805175781,52.38794708251953,-0.948543906211853,1.3904874324798584,-0.08074133843183517,0.8887087106704712,-0.08074133843183517,3.488168716430664,6.035949230194092,0.6666666865348816,-0.11058899760246277,0.022300124168395996,0.6952437162399292,-0.04037066921591759,0.16020552814006805,0.3650749623775482,-0.4292548596858978,-0.02936890721321106,-0.07008679211139679,0.25127601623535156,0.1121438667178154,0.1121438667178154,-0.10936544090509415,0.31421345472335815,0.16509079933166504,0.0,0.22150930762290955,0.22150930762290955,0.1825374811887741,0.1825374811887741,-0.056910715997219086,1.9980531930923462,1.9272969961166382,0.0,0.2394481971859932,0.2394481971859932,-0.2146274298429489,-0.2146274298429489,0.022482631728053093,0.06291339546442032,-0.15161795914173126,0.0,-0.237110061571002,-0.237110061571002,-0.020558234304189682,-0.020558234304189682,-0.15641166269779205,-0.011712733656167984,-0.04700058698654175,0.0,0.13585342839360237,0.13585342839360237,-0.11213886737823486,-0.11213886737823486,-0.009055239148437977,-1.8720424175262451,-1.193031907081604,0.0,-0.10308362822979689,-0.10308362822979689,0.12563800811767578,0.12563800811767578,0.12532807886600494,-0.2925131618976593,-0.24520647525787354,0.0,0.0003099292516708374,0.0003099292516708374
80,1.3333333333333333,14,0,0,,6,stairs down,11,0.0,93.43053436279297,52.31362533569336,-0.96748286485672,1.4240748882293701,0.1999727040529251,1.0468182563781738,0.1999727040529251,5.490675926208496,2.911048412322998,0.3145313858985901,0.265708327293396,0.01762968860566616,0.7120374441146851,0.09998635202646255,-0.05213199928402901,0.3999674916267395,-0.31271496415138245,-0.015370332635939121,-0.09818274527788162,0.31099990010261536,-0.036492399871349335,-0.036492399871349335,-0.041819892823696136,-0.5247451663017273,0.7022070288658142,0.0,0.005327492952346802,0.005327492952346802,0.19998374581336975,0.19998374581336975,-0.0998687669634819,1.9152854681015015,1.807740330696106,0.0,0.29985251277685165,0.29985251277685165,-0.15635748207569122,-0.15635748207569122,0.06560281664133072,0.18636643886566162,0.17773456871509552,0.0,-0.22196029871702194,-0.22196029871702194,-0.010759232565760612,-0.010759232565760612,-0.08770500868558884,0.10398780554533005,-0.38808032870292664,0.0,0.07694577611982822,0.07694577611982822,-0.1570923924446106,-0.1570923924446106,0.10692441463470459,-1.4285932779312134,-0.4480980336666107,0.0,-0.2640168070793152,-0.2640168070793152,0.15549995005130768,0.15549995005130768,0.12571583688259125,0.0005445946007966995,0.49378955364227295,0.0,0.02978411316871643,0.02978411316871643
81,1.35,2,0,0,,6,stairs down,11,0.0,93.45460510253906,52.319828033447266,-0.9449801445007324,1.3645217418670654,-0.638676643371582,0.8134386539459229,-0.638676643371582,3.890876293182373,0.8352718353271484,0.3333333432674408,0.17604224383831024,0.05326443538069725,0.6822608709335327,-0.319338321685791,-0.11660580337047577,0.29593566060066223,-0.5042751431465149,-0.03148821368813515,-0.16977572441101074,0.2878798544406891,-0.08162406086921692,-0.08162406086921692,-0.09093095362186432,-0.12988877296447754,0.269599974155426,0.0,0.0093068927526474,0.0093068927526474,0.14796783030033112,0.14796783030033112,-0.07005065679550171,1.982607364654541,1.8673664331436157,0.0,0.21801848709583282,0.21801848709583282,-0.25213757157325745,-0.25213757157325745,0.03928342089056969,-0.49376359581947327,0.02558462880551815,0.0,-0.29142099246382713,-0.29142099246382713,-0.022041749209165573,-0.022041749209165573,-0.11709202826023102,0.2549838125705719,-0.11007902026176453,0.0,0.09505027905106544,0.09505027905106544,-0.27164116501808167,-0.27164116501808167,-0.03551251068711281,-1.9825434684753418,-1.2682493925094604,0.0,-0.23612865433096886,-0.23612865433096886,0.14393992722034454,0.14393992722034454,0.13361892104148865,-0.08642634749412537,0.20441515743732452,0.0,0.010321006178855896,0.010321006178855896
81,1.35,8,0,0,,6,stairs down,11,0.0,93.4469223022461,52.38885498046875,-0.9397796392440796,1.5072119235992432,-0.04828531667590141,0.8439391851425171,-0.04828531667590141,3.3143162727355957,5.150067329406738,0.6666666865348816,-0.12423272430896759,0.01320887915790081,0.7536059617996216,-0.024142658337950706,0.17881345748901367,0.47711288928985596,-0.4475156366825104,0.003436607774347067,-0.008138840086758137,0.18321405351161957,0.12516941130161285,0.12516941130161285,-0.1064494252204895,0.1840391904115677,0.21590574085712433,0.0,0.23161883652210236,0.23161883652210236,0.23855644464492798,0.23855644464492798,-0.02224726974964142,2.0000622272491455,1.951407790184021,0.0,0.2608037143945694,0.2608037143945694,-0.2237578183412552,-0.2237578183412552,0.024444416165351868,-0.22486934065818787,-0.07851438224315643,0.0,-0.24820223450660706,-0.24820223450660706,0.0024056253023445606,0.0024056253023445606,-0.15399177372455597,0.3928854763507843,-0.034975919872522354,0.0,0.15639739902690053,0.15639739902690053,-0.013022144325077534,-0.013022144325077534,-0.03786363825201988,-1.502488136291504,-1.4244110584259033,0.0,0.02484149392694235,0.02484149392694235,0.09160702675580978,0.09160702675580978,0.12903326749801636,0.13220736384391785,-0.2613266706466675,0.0,-0.037426240742206573,-0.037426240742206573
81,1.35,14,0,0,,6,stairs down,11,0.0,93.4382553100586,52.31727600097656,-0.9590066075325012,1.6549060344696045,0.5359497666358948,0.9371765851974487,0.5359497666358948,4.398902893066406,4.27591609954834,0.6666666865348816,0.22746974229812622,0.05054400488734245,0.8274530172348022,0.2679748833179474,-0.005833946634083986,0.5289784669876099,-0.4117792248725891,-0.10781749337911606,0.295328289270401,-0.016954613849520683,-0.004083762411028147,-0.004083762411028147,-0.046704959124326706,-0.06847956776618958,0.28411155939102173,0.0,0.04262119671329856,0.04262119671329856,0.26448923349380493,0.26448923349380493,-0.06716945767402649,1.9666661024093628,1.8443872928619385,0.0,0.3316586911678314,0.3316586911678314,-0.20588961243629456,-0.20588961243629456,0.06524057686328888,-0.26870670914649963,0.1806759536266327,0.0,-0.27113018929958344,-0.27113018929958344,-0.07547224313020706,-0.07547224313020706,-0.09103914350271225,-0.27270424365997314,-0.2204034924507141,0.0,0.015566900372505188,0.015566900372505188,0.1476641446352005,0.1476641446352005,0.0868990495800972,-0.996063768863678,-0.7822109460830688,0.0,0.0607650950551033,0.0607650950551033,-0.008477306924760342,-0.008477306924760342,0.12559528648853302,-0.1095329001545906,0.3257116973400116,0.0,-0.13407259341329336,-0.13407259341329336
82,1.3666666666666667,2,0,0,,6,stairs down,11,0.0,93.46266174316406,52.32163619995117,-0.9355829954147339,1.5466067790985107,0.3658306300640106,0.801582932472229,0.3658306300640106,3.2127959728240967,3.9798686504364014,0.6666666865348816,0.08053505420684814,0.027885308489203453,0.7733033895492554,0.1829153150320053,0.14766114950180054,0.3893145024776459,-0.48866644501686096,-0.03696132451295853,-0.015782630071043968,0.14299938082695007,0.1033628061413765,0.1033628061413765,-0.08615557104349136,0.6481134295463562,0.13347043097019196,0.0,0.18951837718486786,0.18951837718486786,0.19465725123882294,0.19465725123882294,-0.03612993285059929,1.9962278604507446,1.9066358804702759,0.0,0.23078718408942223,0.23078718408942223,-0.24433322250843048,-0.24433322250843048,0.0315919890999794,-0.6391342878341675,-0.15138813853263855,0.0,-0.2759252116084099,-0.2759252116084099,-0.02587292715907097,-0.02587292715907097,-0.11548839509487152,0.04089823365211487,0.01431956421583891,0.0,0.08961546793580055,0.08961546793580055,-0.02525220811367035,-0.02525220811367035,-0.06333255022764206,-1.3965282440185547,-1.5116517543792725,0.0,0.03808034211397171,0.03808034211397171,0.07149969041347504,0.07149969041347504,0.1332152783870697,-0.2290596067905426,0.1053081825375557,0.0,-0.061715587973594666,-0.061715587973594666
82,1.3666666666666667,8,0,0,,6,stairs down,11,0.0,93.45451354980469,52.39081573486328,-0.9331955909729004,1.5393892526626587,-0.21180342137813568,0.8109288215637207,-0.21180342137813568,3.382955551147461,3.7192227840423584,0.5214698314666748,-0.14587345719337463,0.023465653881430626,0.7696946263313293,-0.10590171068906784,0.20099622011184692,0.4562082290649414,-0.48802661895751953,-0.06433078646659851,-0.018155083060264587,0.18855351209640503,0.14069734513759613,0.14069734513759613,-0.09614414721727371,0.7377675771713257,0.2050469070672989,0.0,0.23684149235486984,0.23684149235486984,0.2281041145324707,0.2281041145324707,0.009718629531562328,1.9972968101501465,1.9679871797561646,0.0,0.21838548500090837,0.21838548500090837,-0.24401330947875977,-0.24401330947875977,0.007753453683108091,-1.4032105207443237,-0.12838619947433472,0.0,-0.25176676316186786,-0.25176676316186786,-0.04503155127167702,-0.04503155127167702,-0.15564042329788208,-0.21466027200222015,0.11082185804843903,0.0,0.11060887202620506,0.11060887202620506,-0.0290481336414814,-0.0290481336414814,-0.045210786163806915,0.07228373736143112,-1.4510165452957153,0.0,0.016162652522325516,0.016162652522325516,0.09427675604820251,0.09427675604820251,0.11618218570947647,-1.0715893507003784,-0.12722624838352203,0.0,-0.021905429661273956,-0.021905429661273956
82,1.3666666666666667,14,0,0,,6,stairs down,11,0.0,93.44602966308594,52.32020950317383,-0.9510480761528015,1.7298833131790161,0.45969778299331665,0.8639558553695679,0.45969778299331665,4.0793657302856445,3.8644895553588867,0.6666666865348816,0.21253129839897156,0.04872904717922211,0.8649416565895081,0.22984889149665833,0.1185552179813385,0.4664612114429474,-0.48943910002708435,-0.04007299989461899,0.2023104578256607,0.18172313272953033,0.08298864960670471,0.08298864960670471,-0.046022679656744,0.16264861822128296,0.16396282613277435,0.0,0.12901132926344872,0.12901132926344872,0.2332306057214737,0.2332306057214737,-0.03390612453222275,1.9383618831634521,1.8860548734664917,0.0,0.26713673025369644,0.26713673025369644,-0.24471955001354218,-0.24471955001354218,0.06166261062026024,-0.30809274315834045,0.027544595301151276,0.0,-0.3063821606338024,-0.3063821606338024,-0.028051098808646202,-0.028051098808646202,-0.09519915282726288,-0.159360870718956,-0.23822546005249023,0.0,0.06714805401861668,0.06714805401861668,0.10115522891283035,0.10115522891283035,0.06979178637266159,-0.937641978263855,-0.8550832867622375,0.0,0.03136344254016876,0.03136344254016876,0.09086156636476517,0.09086156636476517,0.12729831039905548,-0.03525049611926079,0.17739801108837128,0.0,-0.036436744034290314,-0.036436744034290314
83,1.3833333333333333,2,0,0,,6,stairs down,11,0.0,93.47090148925781,52.323272705078125,-0.9269302487373352,1.5939019918441772,0.014938673004508018,0.8032717704772949,0.014938673004508018,3.5599632263183594,3.472289562225342,0.630131185054779,0.03220017999410629,0.031214643269777298,0.7969509959220886,0.007469336502254009,0.1289750337600708,0.3982795476913452,-0.5276051163673401,0.002466973615810275,-0.11164648830890656,0.3527159094810486,0.09028252214193344,0.09028252214193344,-0.07646457850933075,0.664266049861908,0.3088398575782776,0.0,0.1667471006512642,0.1667471006512642,0.1991397738456726,0.1991397738456726,-0.0025674141943454742,1.920090675354004,1.9371651411056519,0.0,0.20170718804001808,0.20170718804001808,-0.26380255818367004,-0.26380255818367004,0.022587407380342484,-0.6949426531791687,-0.31759220361709595,0.0,-0.2863899655640125,-0.2863899655640125,0.0017268814845010638,0.0017268814845010638,-0.11437952518463135,-0.007786352653056383,0.023376494646072388,0.0,0.11610640666913241,0.11610640666913241,-0.1786343902349472,-0.1786343902349472,-0.08715969324111938,-1.4757219552993774,-1.4724222421646118,0.0,-0.09147469699382782,-0.09147469699382782,0.1763579547405243,0.1763579547405243,0.1290077567100525,-0.42249640822410583,-0.008630776777863503,0.0,0.0473501980304718,0.0473501980304718
83,1.3833333333333333,8,0,0,,6,stairs down,11,0.0,93.46183776855469,52.391845703125,-0.9269222021102905,1.0879234075546265,-0.5004961490631104,0.801364541053772,-0.5004961490631104,3.561352491378784,3.1114072799682617,0.5,-0.06668832153081894,0.009142667055130005,0.5439617037773132,-0.2502480745315552,0.04940066114068031,0.3112262487411499,-0.45286381244659424,-0.06503445655107498,-0.1306622475385666,0.3505617678165436,0.03458046168088913,0.03458046168088913,-0.09015195816755295,0.13293243944644928,0.38657644391059875,0.0,0.12473241984844208,0.12473241984844208,0.15561312437057495,0.15561312437057495,0.028699185699224472,1.2417463064193726,1.9779746532440186,0.0,0.12691393867135048,0.12691393867135048,-0.22643190622329712,-0.22643190622329712,0.005644649732857943,-0.09042561799287796,-0.5627945065498352,0.0,-0.23207655595615506,-0.23207655595615506,-0.04552412033081055,-0.04552412033081055,-0.15600904822349548,0.09532970190048218,-8.922843699110672e-05,0.0,0.11048492789268494,0.11048492789268494,-0.20905959606170654,-0.20905959606170654,-0.07189144194126129,-1.5754320621490479,-0.9319376349449158,0.0,-0.13716815412044525,-0.13716815412044525,0.1752808839082718,0.1752808839082718,0.11450787633657455,-0.10551905632019043,-0.44902682304382324,0.0,0.060773007571697235,0.060773007571697235
83,1.3833333333333333,14,0,0,,6,stairs down,11,0.0,93.453857421875,52.32243347167969,-0.9437466859817505,1.724035620689392,0.333363801240921,0.8172184228897095,0.333363801240921,4.020922660827637,1.9492954015731812,0.5,0.2171766459941864,0.032308679074048996,0.862017810344696,0.1666819006204605,0.133276104927063,0.5267295241355896,-0.4812895655632019,-0.001650357968173921,-0.04531178995966911,0.3000508248806,0.09329327195882797,0.09329327195882797,-0.044571783393621445,0.1974346786737442,0.16351498663425446,0.0,0.13786505535244942,0.13786505535244942,0.2633647620677948,0.2633647620677948,-0.0006576924934051931,1.9590606689453125,1.903878927230835,0.0,0.2640224545612,0.2640224545612,-0.24064478278160095,-0.24064478278160095,0.05924239382147789,-0.3286431133747101,-0.08682697266340256,0.0,-0.29988717660307884,-0.29988717660307884,-0.001155250589363277,-0.001155250589363277,-0.09446138888597488,0.15641632676124573,-0.21135160326957703,0.0,0.09330613829661161,0.09330613829661161,-0.0724988654255867,-0.0724988654255867,0.051052264869213104,-1.2981854677200317,-0.8832159042358398,0.0,-0.1235511302947998,-0.1235511302947998,0.1500254124403,0.1500254124403,0.1322474181652069,0.196213036775589,0.10493603348731995,0.0,0.01777799427509308,0.01777799427509308
84,1.4,2,0,0,,6,stairs down,11,0.0,93.4800796508789,52.32489013671875,-0.9194183349609375,1.532684326171875,0.06725626438856125,0.80286705493927,0.06725626438856125,3.6612868309020996,3.8950510025024414,0.6666666865348816,-0.006610691547393799,0.04512392729520798,0.7663421630859375,0.033628132194280624,0.13323430716991425,0.3782466650009155,-0.5206737518310547,0.08933766931295395,0.04950552433729172,0.34294697642326355,0.09326401352882385,0.09326401352882385,-0.07004115730524063,0.3026183843612671,0.4299546480178833,0.0,0.16330517083406448,0.16330517083406448,0.18912333250045776,0.18912333250045776,0.031160302460193634,2.002796173095703,1.9313467741012573,0.0,0.15796303004026413,0.15796303004026413,-0.26033687591552734,-0.26033687591552734,0.012803012505173683,-0.5261760354042053,-0.4461778998374939,0.0,-0.273139888420701,-0.273139888420701,0.06253636628389359,0.06253636628389359,-0.10973036289215088,0.5329839587211609,0.01275746151804924,0.0,0.17226672917604446,0.17226672917604446,0.02475276216864586,0.02475276216864586,-0.10078347474336624,-0.48240911960601807,-1.4735466241836548,0.0,0.1255362369120121,0.1255362369120121,0.17147348821163177,0.17147348821163177,0.12745273113250732,0.11598675698041916,-0.14965936541557312,0.0,0.04402075707912445,0.04402075707912445
84,1.4,8,0,0,,6,stairs down,11,0.0,93.47034454345703,52.39300537109375,-0.9208008050918579,1.3248608112335205,-0.016222821548581123,0.8011035919189453,-0.016222821548581123,3.3001136779785156,4.901999473571777,0.6666666865348816,-0.15037837624549866,0.006060439627617598,0.6624304056167603,-0.008111410774290562,0.1408284455537796,0.3263578414916992,-0.38230282068252563,0.019740182906389236,0.07450459152460098,0.12268443405628204,0.09857991337776184,0.09857991337776184,-0.08855167776346207,0.0682121068239212,0.30014488101005554,0.0,0.1871315911412239,0.1871315911412239,0.1631789207458496,0.1631789207458496,0.06065618246793747,2.001274585723877,1.7270978689193726,0.0,0.10252273827791214,0.10252273827791214,-0.19115141034126282,-0.19115141034126282,0.0070829614996910095,-0.09076140075922012,-0.4018303453922272,0.0,-0.19823437184095383,-0.19823437184095383,0.013818128034472466,0.013818128034472466,-0.15368060767650604,0.1543751358985901,0.032425664365291595,0.0,0.1674987357109785,0.1674987357109785,0.03725229576230049,0.03725229576230049,-0.08237350732088089,-0.20838123559951782,-1.151214361190796,0.0,0.11962580308318138,0.11962580308318138,0.06134221702814102,0.06134221702814102,0.11802938580513,0.18141454458236694,-0.3319733440876007,0.0,-0.05668716877698898,-0.05668716877698898
84,1.4,14,0,0,,6,stairs down,11,0.0,93.46166229248047,52.32442092895508,-0.9364919662475586,1.7034978866577148,-0.0037708685267716646,0.8062366247177124,-0.0037708685267716646,3.9027490615844727,1.9867136478424072,0.5,0.22230105102062225,0.02494867704808712,0.8517489433288574,-0.0018854342633858323,0.16827921569347382,0.514855682849884,-0.46712344884872437,0.012584899552166462,-0.07349169999361038,0.24286331236362457,0.11779545247554779,0.11779545247554779,-0.04052154719829559,0.2681047320365906,0.17507342994213104,0.0,0.15831699967384338,0.15831699967384338,0.257427841424942,0.257427841424942,0.03006880171597004,1.9671188592910767,1.9226826429367065,0.0,0.22735903970897198,0.22735903970897198,-0.23356172442436218,-0.23356172442436218,0.05444435030221939,-0.45057108998298645,-0.16922807693481445,0.0,-0.2880060747265816,-0.2880060747265816,0.008809429593384266,0.008809429593384266,-0.09573134034872055,0.007840940728783607,-0.0860312357544899,0.0,0.10454076994210482,0.10454076994210482,-0.11758672446012497,-0.11758672446012497,0.02744068205356598,-1.350160837173462,-1.0246206521987915,0.0,-0.14502740651369095,-0.14502740651369095,0.12143165618181229,0.12143165618181229,0.13361001014709473,0.2717353105545044,0.13603952527046204,0.0,-0.01217835396528244,-0.01217835396528244
85,1.4166666666666667,2,0,0,,6,stairs down,11,0.0,93.49083709716797,52.326683044433594,-0.9140243530273438,1.5182054042816162,-0.2767168879508972,0.8355401754379272,-0.2767168879508972,3.681649684906006,3.6108832359313965,0.6666666865348816,-0.02885591983795166,0.048370033502578735,0.7591027021408081,-0.1383584439754486,0.1121315136551857,0.32314297556877136,-0.4391215741634369,-0.0792190358042717,0.2563960552215576,0.1448870301246643,0.07849206030368805,0.07849206030368805,-0.06111490726470947,0.7412666082382202,0.38656362891197205,0.0,0.13960696756839752,0.13960696756839752,0.16157148778438568,0.16157148778438568,0.064466692507267,2.000244140625,1.9556937217712402,0.0,0.09710479527711868,0.09710479527711868,-0.21956078708171844,-0.21956078708171844,0.001103352988138795,-0.6646374464035034,-0.47343799471855164,0.0,-0.22066414006985724,-0.22066414006985724,-0.05545332282781601,-0.05545332282781601,-0.10986693203449249,-0.14629895985126495,0.19002951681613922,0.0,0.05441360920667648,0.05441360920667648,0.1281980276107788,0.1281980276107788,-0.09142144024372101,0.8357095718383789,-1.1358071565628052,0.0,0.21961946785449982,0.21961946785449982,0.07244351506233215,0.07244351506233215,0.12121710181236267,-0.3017331063747406,-0.05913795158267021,0.0,-0.04877358675003052,-0.04877358675003052
85,1.4166666666666667,8,0,0,,6,stairs down,11,0.0,93.47964477539062,52.394351959228516,-0.9153292179107666,1.422196626663208,-0.13354180753231049,0.8034526109695435,-0.13354180753231049,3.220702886581421,4.5308685302734375,0.6666666865348816,-0.1737540364265442,0.012592440471053123,0.711098313331604,-0.06677090376615524,0.2056274712085724,0.26136526465415955,-0.29292333126068115,-0.08957313001155853,0.31219905614852905,-0.010851510800421238,0.14393922686576843,0.14393922686576843,-0.08466934412717819,0.3893211781978607,0.22111161053180695,0.0,0.22860857099294662,0.22860857099294662,0.13068263232707977,0.13068263232707977,0.09399965405464172,2.0004684925079346,1.820526123046875,0.0,0.03668297827243805,0.03668297827243805,-0.14646166563034058,-0.14646166563034058,0.006623939611017704,-0.17365708947181702,-0.29583069682121277,0.0,-0.15308560524135828,-0.15308560524135828,-0.06270118802785873,-0.06270118802785873,-0.15304692089557648,-0.0521119087934494,0.07398108392953873,0.0,0.09034573286771774,0.09034573286771774,0.15609952807426453,0.15609952807426453,-0.0793737918138504,0.40914490818977356,-0.8299350738525391,0.0,0.23547331988811493,0.23547331988811493,-0.005425755400210619,-0.005425755400210619,0.12229606509208679,0.10389873385429382,-0.1570316106081009,0.0,-0.1277218204922974,-0.1277218204922974
85,1.4166666666666667,14,0,0,,6,stairs down,11,0.0,93.47002410888672,52.326210021972656,-0.9294440150260925,1.6769750118255615,0.028000015765428543,0.8031365871429443,0.028000015765428543,3.879810094833374,1.9587302207946777,0.5,0.1941193789243698,0.005668500438332558,0.8384875059127808,0.014000007882714272,0.1485244184732437,0.47227635979652405,-0.4550604522228241,-0.015659546479582787,0.01380994450300932,0.29504528641700745,0.1039670929312706,0.1039670929312706,-0.036702144891023636,0.2304907888174057,0.20677471160888672,0.0,0.14066923782229424,0.14066923782229424,0.23613817989826202,0.23613817989826202,0.06207000091671944,1.9994982481002808,1.9378246068954468,0.0,0.1740681789815426,0.1740681789815426,-0.22753022611141205,-0.22753022611141205,0.05059647560119629,-0.04960188642144203,-0.26509833335876465,0.0,-0.27812670171260834,-0.27812670171260834,-0.01096168253570795,-0.01096168253570795,-0.09668532013893127,0.0037689616438001394,-0.05404340848326683,0.0,0.08572363760322332,0.08572363760322332,0.00690497225150466,0.00690497225150466,0.01279879454523325,-0.6351321339607239,-1.1355514526367188,0.0,-0.00589382229372859,-0.00589382229372859,0.14752264320850372,0.14752264320850372,0.13442488014698029,-0.028102437034249306,0.18227913975715637,0.0,0.013097763061523438,0.013097763061523438
86,1.4333333333333333,2,0,0,,6,stairs down,11,0.0,93.50150299072266,52.327964782714844,-0.9086576104164124,1.2772865295410156,-0.13300086557865143,0.9284746646881104,-0.13300086557865143,4.428741931915283,5.973526954650879,0.6429773569107056,-0.054233770817518234,0.03158567100763321,0.6386432647705078,-0.06650043278932571,0.018846184015274048,0.16576218605041504,-0.20278789103031158,-0.03413698077201843,0.21759285032749176,0.3235776126384735,0.013192328624427319,0.013192328624427319,-0.05729830637574196,-0.09716500341892242,0.5074319839477539,0.0,0.07049063500016928,0.07049063500016928,0.08288109302520752,0.08288109302520752,0.09573061019182205,1.8507460355758667,1.970874547958374,0.0,-0.012849517166614532,-0.012849517166614532,-0.10139394551515579,-0.10139394551515579,0.0032681848388165236,0.1061868891119957,-0.5385909676551819,0.0,-0.10466213035397232,-0.10466213035397232,-0.023895885795354843,-0.023895885795354843,-0.10547985136508942,0.585685133934021,0.07542243599891663,0.0,0.08158396556973457,0.08158396556973457,0.10879642516374588,0.10879642516374588,-0.08857559412717819,0.17054112255573273,-0.4639943242073059,0.0,0.19737201929092407,0.19737201929092407,0.16178880631923676,0.16178880631923676,0.12954749166965485,0.6145492196083069,-0.1418045163154602,0.0,0.03224131464958191,0.03224131464958191
86,1.4333333333333333,8,0,0,,6,stairs down,11,0.0,93.48917388916016,52.3956184387207,-0.9110886454582214,1.4126904010772705,0.15360146760940552,0.8312702178955078,0.15360146760940552,3.8152689933776855,3.469393491744995,0.5,-0.16464176774024963,0.032528601586818695,0.7063452005386353,0.07680073380470276,0.23696067929267883,0.2761925756931305,-0.357786625623703,-0.06670516729354858,0.10940597206354141,0.20403864979743958,0.1658724695444107,0.1658724695444107,-0.07849589735269547,0.2598833441734314,0.2784305810928345,0.0,0.24436836689710617,0.24436836689710617,0.13809628784656525,0.13809628784656525,0.12313307821750641,1.4932817220687866,1.8818432092666626,0.0,0.014963209629058838,0.014963209629058838,-0.1788933128118515,-0.1788933128118515,0.0064566670916974545,0.04958257079124451,-0.2541988790035248,0.0,-0.18534997990354896,-0.18534997990354896,-0.04669361561536789,-0.04669361561536789,-0.1515032947063446,0.1485123634338379,0.031013712286949158,0.0,0.10480967909097672,0.10480967909097672,0.054702986031770706,0.054702986031770706,-0.07348884642124176,0.19809097051620483,-0.4077069163322449,0.0,0.12819183245301247,0.12819183245301247,0.10201932489871979,0.10201932489871979,0.12891188263893127,0.2865719497203827,-0.06811714917421341,0.0,-0.026892557740211487,-0.026892557740211487
86,1.4333333333333333,14,0,0,,6,stairs down,11,0.0,93.47870635986328,52.32804870605469,-0.9233071208000183,1.6861623525619507,0.32177138328552246,0.8024653196334839,0.32177138328552246,3.576105833053589,3.502223491668701,0.6666666865348816,0.18863537907600403,0.005147435702383518,0.8430811762809753,0.16088569164276123,0.1273443102836609,0.4320336878299713,-0.42480239272117615,-0.0702107846736908,0.1642279177904129,0.22259347140789032,0.08914101868867874,0.08914101868867874,-0.03287297859787941,0.2669427990913391,0.21485617756843567,0.0,0.12201399728655815,0.12201399728655815,0.21601684391498566,0.21601684391498566,0.09299173951148987,1.9983632564544678,1.9588403701782227,0.0,0.12302510440349579,0.12302510440349579,-0.21240119636058807,-0.21240119636058807,0.05072532221674919,-0.06310229748487473,-0.1916659027338028,0.0,-0.26312651857733727,-0.26312651857733727,-0.04914755001664162,-0.04914755001664162,-0.09852349758148193,-0.06600190699100494,-0.03434330224990845,0.0,0.04937594756484032,0.04937594756484032,0.08211395889520645,0.08211395889520645,0.0026105851866304874,-0.39857107400894165,-0.9650288224220276,0.0,0.07950337370857596,0.07950337370857596,0.11129673570394516,0.11129673570394516,0.13617973029613495,0.09415826946496964,0.1105896383523941,0.0,-0.02488299459218979,-0.02488299459218979
87,1.45,2,0,0,,6,stairs down,11,0.0,93.51078033447266,52.3292121887207,-0.9009255766868591,1.6204731464385986,0.4869815707206726,1.080908179283142,0.4869815707206726,5.065520763397217,4.100636959075928,0.5225282907485962,-0.0839860662817955,0.04860547184944153,0.8102365732192993,0.2434907853603363,0.178946852684021,0.2560271918773651,-0.3372420370578766,-0.10679593682289124,0.4073579013347626,0.020554611459374428,0.1252627968788147,0.1252627968788147,-0.04626298323273659,0.9643531441688538,0.30140990018844604,0.0,0.17152578011155128,0.17152578011155128,0.12801359593868256,0.12801359593868256,0.12855564057826996,1.9555346965789795,1.9299396276474,0.0,-0.0005420446395874023,-0.0005420446395874023,-0.1686210185289383,-0.1686210185289383,-0.017323071137070656,-1.1745685338974,-0.31887683272361755,0.0,-0.15129794739186764,-0.15129794739186764,-0.0747571513056755,-0.0747571513056755,-0.10200361162424088,-0.3197799026966095,0.24929922819137573,0.0,0.02724646031856537,0.02724646031856537,0.2036789506673813,0.2036789506673813,-0.09542712569236755,0.342030793428421,-0.24777039885520935,0.0,0.29910607635974884,0.29910607635974884,0.010277305729687214,0.010277305729687214,0.11971016228199005,-1.1275348663330078,0.11593011021614075,0.0,-0.10943285655230284,-0.10943285655230284
87,1.45,8,0,0,,6,stairs down,11,0.0,93.49888610839844,52.39744186401367,-0.9072155356407166,1.4964450597763062,-0.0009880660800263286,0.9092344045639038,-0.0009880660800263286,4.144001007080078,3.823021411895752,0.5,-0.1699843853712082,0.05218113958835602,0.7482225298881531,-0.0004940330400131643,0.1919768899679184,0.2889425456523895,-0.4246583580970764,-0.09372405707836151,0.16376815736293793,0.043110642582178116,0.13438382744789124,0.13438382744789124,-0.076579250395298,0.11353731155395508,0.2721104323863983,0.0,0.21096307784318924,0.21096307784318924,0.14447127282619476,0.14447127282619476,0.14783339202404022,1.3746856451034546,1.7494372129440308,0.0,-0.003362119197845459,-0.003362119197845459,-0.2123291790485382,-0.2123291790485382,0.004857082385569811,-0.3561711013317108,-0.1506824940443039,0.0,-0.21718626143410802,-0.21718626143410802,-0.06560683995485306,-0.06560683995485306,-0.1475437730550766,0.16749978065490723,0.07105247676372528,0.0,0.08193693310022354,0.08193693310022354,0.08188407868146896,0.08188407868146896,-0.06777804344892502,0.2596243619918823,-0.20127560198307037,0.0,0.14966212213039398,0.14966212213039398,0.021555321291089058,0.021555321291089058,0.1333923488855362,0.043669190257787704,0.0527464859187603,0.0,-0.11183702759444714,-0.11183702759444714
87,1.45,14,0,0,,6,stairs down,11,0.0,93.48751831054688,52.3299674987793,-0.9181318283081055,1.6955045461654663,0.39701470732688904,0.8032717704772949,0.39701470732688904,3.86653470993042,2.1003470420837402,0.5,0.16680693626403809,0.006848282180726528,0.8477522730827332,0.19850735366344452,0.19081947207450867,0.4028037488460541,-0.43646004796028137,-0.05471539869904518,0.1431960016489029,0.2213573008775711,0.13357362151145935,0.13357362151145935,-0.027839332818984985,0.5026325583457947,0.23260517418384552,0.0,0.16141295433044434,0.16141295433044434,0.20140187442302704,0.20140187442302704,0.12238264828920364,1.7095667123794556,1.9723081588745117,0.0,0.0790192261338234,0.0790192261338234,-0.21823002398014069,-0.21823002398014069,0.05061335489153862,-0.0771956592798233,-0.14785665273666382,0.0,-0.2688433788716793,-0.2688433788716793,-0.0383007787168026,-0.0383007787168026,-0.10127565264701843,-0.27088573575019836,-0.045131269842386246,0.0,0.06297487393021584,0.06297487393021584,0.07159800082445145,0.07159800082445145,-0.003341534873470664,-0.17485776543617249,-0.7720029950141907,0.0,0.07493953569792211,0.07493953569792211,0.11067865043878555,0.11067865043878555,0.13825982809066772,-0.060417335480451584,0.10499049723148346,0.0,-0.02758117765188217,-0.02758117765188217
88,1.4666666666666666,2,0,0,,6,stairs down,11,0.0,93.52090454101562,52.3305778503418,-0.8941305875778198,1.3724384307861328,0.05211249366402626,1.2320256233215332,0.05211249366402626,5.969341278076172,9.481452941894531,0.7429065704345703,-0.2086513489484787,0.027280449867248535,0.6862192153930664,0.02605624683201313,-0.007038923446089029,0.11789119988679886,-0.20906172692775726,-0.16024458408355713,0.41801416873931885,0.3140352666378021,-0.004927246365696192,-0.004927246365696192,-0.03228262439370155,1.0890648365020752,0.5273140072822571,0.0,0.02735537802800536,0.02735537802800536,0.05894559994339943,0.05894559994339943,0.16050228476524353,1.4061228036880493,1.9386613368988037,0.0,-0.1015566848218441,-0.1015566848218441,-0.10453086346387863,-0.10453086346387863,-0.03253904730081558,-0.740636944770813,-0.6104617714881897,0.0,-0.07199181616306305,-0.07199181616306305,-0.11217121034860611,-0.11217121034860611,-0.10325068980455399,-0.6582845449447632,0.05538017302751541,0.0,-0.008920520544052124,-0.008920520544052124,0.20900708436965942,0.20900708436965942,-0.09320875257253647,-0.24381057918071747,-0.04679010435938835,0.0,0.3022158369421959,0.3022158369421959,0.15701763331890106,0.15701763331890106,0.10906729102134705,-0.7924646139144897,-0.3077922463417053,0.0,0.047950342297554016,0.047950342297554016
88,1.4666666666666666,8,0,0,,6,stairs down,11,0.0,93.50856018066406,52.39936447143555,-0.9030765891075134,1.5709835290908813,0.15316461026668549,1.0392733812332153,0.15316461026668549,4.719274044036865,4.200309753417969,0.5,-0.16752347350120544,0.07055054605007172,0.7854917645454407,0.07658230513334274,0.22897453606128693,0.2744081914424896,-0.46843305230140686,-0.05451217293739319,0.2546609342098236,0.07182035595178604,0.1602821797132492,0.1602821797132492,-0.07431282848119736,0.4928191006183624,0.21807514131069183,0.0,0.23459500819444656,0.23459500819444656,0.1372040957212448,0.1372040957212448,0.17188595235347748,1.3953537940979004,1.621737003326416,0.0,-0.034681856632232666,-0.034681856632232666,-0.23421652615070343,-0.23421652615070343,-0.0030915297102183104,-1.2004594802856445,-0.22070465981960297,0.0,-0.23112499644048512,-0.23112499644048512,-0.03815852105617523,-0.03815852105617523,-0.14260682463645935,0.3302496671676636,0.10391779989004135,0.0,0.10444830358028412,0.10444830358028412,0.1273304671049118,0.1273304671049118,-0.06062045693397522,-0.10135740041732788,-0.04421960934996605,0.0,0.18795092403888702,0.18795092403888702,0.03591017797589302,0.03591017797589302,0.1389634907245636,-0.9200156927108765,0.0496533140540123,0.0,-0.10305331274867058,-0.10305331274867058
88,1.4666666666666666,14,0,0,,6,stairs down,11,0.0,93.4958724975586,52.33184814453125,-0.9125704169273376,1.6641862392425537,0.5040912628173828,0.8395750522613525,0.5040912628173828,3.9068732261657715,3.735112190246582,0.6666666865348816,0.1482330560684204,0.027575712651014328,0.8320931196212769,0.2520456314086914,0.1292424499988556,0.36228615045547485,-0.4174758791923523,-0.0237661711871624,0.2416389435529709,0.26215192675590515,0.09046971052885056,0.09046971052885056,-0.02417907863855362,0.08355627208948135,0.3246195316314697,0.0,0.11464878916740417,0.11464878916740417,0.18114307522773743,0.18114307522773743,0.14799435436725616,1.8143928050994873,1.8827764987945557,0.0,0.03314872086048126,0.03314872086048126,-0.20873793959617615,-0.20873793959617615,0.046806514263153076,-0.5031697750091553,-0.12377825379371643,0.0,-0.2555444538593292,-0.2555444538593292,-0.01663631945848465,-0.01663631945848465,-0.10171441733837128,0.36505457758903503,-0.12205921858549118,0.0,0.08507809787988663,0.08507809787988663,0.12081947177648544,0.12081947177648544,-0.012982504442334175,-0.5966050028800964,-0.568520188331604,0.0,0.13380197621881962,0.13380197621881962,0.13107596337795258,0.13107596337795258,0.13898266851902008,-0.45579439401626587,0.04862622916698456,0.0,-0.007906705141067505,-0.007906705141067505
89,1.4833333333333334,2,0,0,,6,stairs down,11,0.0,93.53158569335938,52.33203125,-0.8885894417762756,1.0758864879608154,0.3975858688354492,1.038880705833435,0.3975858688354492,5.21260929107666,6.850154876708984,0.5,-0.28315621614456177,0.029123038053512573,0.5379432439804077,0.1987929344177246,0.027597466483712196,0.0151131059974432,-0.19031541049480438,-0.10284536331892014,0.31484121084213257,0.5702977180480957,0.019318226724863052,0.019318226724863052,-0.01814069040119648,0.6067948937416077,0.7187358736991882,0.0,0.03745891712605953,0.03745891712605953,0.0075565529987216,0.0075565529987216,0.1850796490907669,1.0850969552993774,1.757193684577942,0.0,-0.1775230960920453,-0.1775230960920453,-0.09515770524740219,-0.09515770524740219,-0.040262240916490555,-1.9620016813278198,-0.6548201441764832,0.0,-0.054895464330911636,-0.054895464330911636,-0.07199175655841827,-0.07199175655841827,-0.11052779853343964,-0.548210084438324,-0.18780776858329773,0.0,0.03853604197502136,0.03853604197502136,0.15742060542106628,0.15742060542106628,-0.09008327126502991,0.15700246393680573,-0.11392667144536972,0.0,0.2475038766860962,0.2475038766860962,0.28514885902404785,0.28514885902404785,0.11108043789863586,-0.32064855098724365,-0.4729488790035248,0.0,0.174068421125412,0.174068421125412
89,1.4833333333333334,8,0,0,,6,stairs down,11,0.0,93.51718139648438,52.4000244140625,-0.8973519206047058,1.635095477104187,0.0057051475159823895,1.2239265441894531,0.0057051475159823895,5.679355144500732,7.153196334838867,0.6666666865348816,-0.06744061410427094,0.03817722201347351,0.8175477385520935,0.0028525737579911947,0.09636002033948898,0.10867955535650253,-0.36754846572875977,-0.16757261753082275,0.32496607303619385,0.16016414761543274,0.06745201349258423,0.06745201349258423,-0.06608288735151291,0.5418683290481567,0.31169670820236206,0.0,0.13353490084409714,0.13353490084409714,0.054339777678251266,0.054339777678251266,0.19498473405838013,1.1638754606246948,1.5445947647094727,0.0,-0.14064495638012886,-0.14064495638012886,-0.18377423286437988,-0.18377423286437988,-0.01776053011417389,-0.9525998830795288,-0.5545653104782104,0.0,-0.166013702750206,-0.166013702750206,-0.11730083078145981,-0.11730083078145981,-0.1342982053756714,0.4611188471317291,0.18104249238967896,0.0,0.01699737459421158,0.01699737459421158,0.16248303651809692,0.16248303651809692,-0.059793077409267426,-0.02064431458711624,-0.06368984282016754,0.0,0.22227611392736435,0.22227611392736435,0.08008207380771637,0.08008207380771637,0.12998640537261963,-0.5439757108688354,-0.280770480632782,0.0,-0.04990433156490326,-0.04990433156490326
89,1.4833333333333334,14,0,0,,6,stairs down,11,0.0,93.50357818603516,52.332759857177734,-0.9061338901519775,1.7754141092300415,0.296779602766037,0.9113365411758423,0.296779602766037,4.354869842529297,4.830966949462891,0.6765024662017822,0.11931966245174408,0.008826821111142635,0.8877070546150208,0.1483898013830185,0.15316832065582275,0.30126243829727173,-0.38435736298561096,-0.024351585656404495,0.3109095096588135,0.176673024892807,0.10721782594919205,0.10721782594919205,-0.01960868574678898,0.4790138006210327,0.24247495830059052,0.0,0.12682651169598103,0.12682651169598103,0.15063121914863586,0.15063121914863586,0.1754612773656845,1.6649271249771118,1.8594740629196167,0.0,-0.024830058217048645,-0.024830058217048645,-0.19217868149280548,-0.19217868149280548,0.038709718734025955,-0.690119206905365,-0.2530594766139984,0.0,-0.23088840022683144,-0.23088840022683144,-0.017046108841896057,-0.017046108841896057,-0.0972210094332695,0.05936594307422638,0.04392937570810318,0.0,0.08017490059137344,0.08017490059137344,0.15545475482940674,0.15545475482940674,-0.023872891440987587,-0.3171544373035431,-0.5780903100967407,0.0,0.17932764627039433,0.17932764627039433,0.0883365124464035,0.0883365124464035,0.13124658167362213,-0.9187102913856506,-0.12325982749462128,0.0,-0.04291006922721863,-0.04291006922721863
90,1.5,2,0,0,,6,stairs down,11,0.0,93.5409927368164,52.33318328857422,-0.8831008076667786,1.1454983949661255,0.49075838923454285,0.9017657041549683,0.49075838923454285,4.689395904541016,6.005627632141113,0.5,-0.30146974325180054,0.025558194145560265,0.5727491974830627,0.24537919461727142,0.3533957004547119,-0.12192327529191971,-0.1643049567937851,-0.00965629518032074,0.45717498660087585,0.3719498813152313,0.24737699329853058,0.24737699329853058,0.003038050839677453,1.4910638332366943,0.6805909276008606,0.0,0.24433894245885313,0.24433894245885313,-0.19507724046707153,-0.19507724046707153,0.189485102891922,-0.06363875418901443,1.5281703472137451,0.0,-0.38456234335899353,-0.38456234335899353,-0.08215247839689255,-0.08215247839689255,-0.07097798585891724,-1.8890615701675415,-1.1002544164657593,0.0,-0.011174492537975311,-0.011174492537975311,-0.00675940653309226,-0.00675940653309226,-0.11940916627645493,-0.28366684913635254,-0.31061822175979614,0.0,0.11264975974336267,0.11264975974336267,0.22858749330043793,0.22858749330043793,-0.09811494499444962,-0.11194885522127151,-0.021605025976896286,0.0,0.32670243829488754,0.32670243829488754,0.18597494065761566,0.18597494065761566,0.10970737785100937,0.4925122857093811,-0.4210510849952698,0.0,0.07626756280660629,0.07626756280660629
90,1.5,8,0,0,,6,stairs down,11,0.0,93.52590942382812,52.40088653564453,-0.8921716213226318,1.3866245746612549,0.22244064509868622,1.1035572290420532,0.22244064509868622,5.524556636810303,8.325105667114258,0.49307698011398315,-0.09035329520702362,0.044422850012779236,0.6933122873306274,0.11122032254934311,0.034180689603090286,0.07549010962247849,-0.3910430669784546,-0.23131652176380157,0.21418088674545288,0.16503512859344482,0.02392648160457611,0.02392648160457611,-0.05779426917433739,0.4717108905315399,0.39012983441352844,0.0,0.0817207507789135,0.0817207507789135,0.03774505481123924,0.03774505481123924,0.21338842809200287,0.4131007194519043,1.4148609638214111,0.0,-0.17564337328076363,-0.17564337328076363,-0.1955215334892273,-0.1955215334892273,-0.03587944805622101,-0.9731908440589905,-0.6901993155479431,0.0,-0.1596420854330063,-0.1596420854330063,-0.16192156076431274,-0.16192156076431274,-0.129006028175354,0.1031813696026802,0.27648112177848816,0.0,-0.03291553258895874,-0.03291553258895874,0.10709044337272644,0.10709044337272644,-0.05868768319487572,-0.26578742265701294,-0.04902167618274689,0.0,0.16577812656760216,0.16577812656760216,0.08251756429672241,0.08251756429672241,0.124086394906044,-0.3546091914176941,-0.3704601228237152,0.0,-0.041568830609321594,-0.041568830609321594
90,1.5,14,0,0,,6,stairs down,11,0.0,93.51123809814453,52.333473205566406,-0.9003505706787109,1.622078776359558,0.7322739362716675,1.0131981372833252,0.7322739362716675,4.802433013916016,5.726766109466553,0.7299251556396484,0.10021016001701355,0.03607070446014404,0.811039388179779,0.36613696813583374,0.11572283506393433,0.26660051941871643,-0.35220927000045776,-0.02586297318339348,0.16488073766231537,0.30435144901275635,0.08100598305463791,0.08100598305463791,-0.015187694691121578,-0.37482234835624695,0.3230777680873871,0.0,0.09619367774575949,0.09619367774575949,0.13330025970935822,0.13330025970935822,0.19657622277736664,0.793271005153656,1.7931803464889526,0.0,-0.06327596306800842,-0.06327596306800842,-0.17610463500022888,-0.17610463500022888,0.02446952648460865,-1.9557257890701294,-0.40199166536331177,0.0,-0.20057416148483753,-0.20057416148483753,-0.018104080110788345,-0.018104080110788345,-0.09242500364780426,0.14887569844722748,0.049189530313014984,0.0,0.07432092353701591,0.07432092353701591,0.08244036883115768,0.08244036883115768,-0.0361504890024662,-0.2985879182815552,-0.489173948764801,0.0,0.11859085783362389,0.11859085783362389,0.15217572450637817,0.15217572450637817,0.12224743515253067,-0.7747547030448914,-0.39431703090667725,0.0,0.029928289353847504,0.029928289353847504
91,1.5166666666666666,2,0,0,,6,stairs down,11,0.0,93.54981231689453,52.33350372314453,-0.8797050714492798,1.2184484004974365,0.030630476772785187,0.8313374519348145,0.030630476772785187,4.096657752990723,5.06377649307251,0.5,-0.35069739818573,0.036085888743400574,0.6092242002487183,0.015315238386392593,0.19477063417434692,-0.21469464898109436,-0.059300441294908524,-0.0769580528140068,0.5866104364395142,0.1420356184244156,0.1363394409418106,0.1363394409418106,0.025138169527053833,1.8368706703186035,0.9567671418190002,0.0,0.11120127141475677,0.11120127141475677,-0.3435114324092865,-0.3435114324092865,0.17404857277870178,-1.4314461946487427,0.9857465028762817,0.0,-0.5175600051879883,-0.5175600051879883,-0.029650220647454262,-0.029650220647454262,-0.08901788294315338,-0.3395196497440338,-1.36904776096344,0.0,0.05936766229569912,0.05936766229569912,-0.053870636969804764,-0.053870636969804764,-0.11105317622423172,0.2870214581489563,-0.3014342784881592,0.0,0.057182539254426956,0.057182539254426956,0.2933052182197571,0.2933052182197571,-0.08898057788610458,0.836355447769165,-0.052390530705451965,0.0,0.38228579610586166,0.38228579610586166,0.0710178092122078,0.0710178092122078,0.09551354497671127,-1.1480300426483154,-0.1097458004951477,0.0,-0.02449573576450348,-0.02449573576450348
91,1.5166666666666666,8,0,0,,6,stairs down,11,0.0,93.5337142944336,52.40132522583008,-0.8870713710784912,1.1685211658477783,-0.10576573759317398,0.9663313627243042,-0.10576573759317398,4.2170867919921875,11.861929893493652,0.8333333730697632,-0.09371674060821533,0.015680957585573196,0.5842605829238892,-0.05288286879658699,0.08345530927181244,-0.15491023659706116,-0.30980515480041504,-0.17429375648498535,0.41299310326576233,0.09158257395029068,0.05841871723532677,0.05841871723532677,-0.04556046798825264,1.112853765487671,0.4179293215274811,0.0,0.1039791852235794,0.1039791852235794,-0.24785637855529785,-0.24785637855529785,0.20542632043361664,-1.3288004398345947,1.073501706123352,0.0,-0.4532826989889145,-0.4532826989889145,-0.15490257740020752,-0.15490257740020752,-0.05457475781440735,-0.8755452632904053,-0.7866312861442566,0.0,-0.10032781958580017,-0.10032781958580017,-0.12200562655925751,-0.12200562655925751,-0.12762291729450226,-0.4141422212123871,0.217427596449852,0.0,0.005617290735244751,0.005617290735244751,0.20649655163288116,0.20649655163288116,-0.07962502539157867,-1.354979157447815,-0.12288663536310196,0.0,0.28612157702445984,0.28612157702445984,0.04579128697514534,0.04579128697514534,0.11434657126665115,-0.8384547829627991,-0.3650587499141693,0.0,-0.06855528429150581,-0.06855528429150581
91,1.5166666666666666,14,0,0,,6,stairs down,11,0.0,93.51899719238281,52.3350715637207,-0.894966185092926,1.777326226234436,1.8918983936309814,1.1544504165649414,1.8918983936309814,5.177252769470215,9.611579895019531,1.0,-0.033533789217472076,0.04744021221995354,0.888663113117218,0.9459491968154907,0.3161097764968872,0.21831724047660828,-0.30462846159935,0.08382411301136017,0.503520667552948,-0.14166802167892456,0.22127683460712433,0.22127683460712433,-0.011578519828617573,0.5537472367286682,0.0852617546916008,0.0,0.2328553544357419,0.2328553544357419,0.10915862023830414,0.10915862023830414,0.21110762655735016,0.8505851626396179,1.4524518251419067,0.0,-0.10194900631904602,-0.10194900631904602,-0.152314230799675,-0.152314230799675,-0.0060215056873857975,-1.7337356805801392,-0.9314411282539368,0.0,-0.1462927251122892,-0.1462927251122892,0.05867687985301018,0.05867687985301018,-0.0888773649930954,0.2410847693681717,0.08315852284431458,0.0,0.14755424484610558,0.14755424484610558,0.251760333776474,0.251760333776474,-0.03337067738175392,0.6719114780426025,-0.4242299497127533,0.0,0.2851310111582279,0.2851310111582279,-0.07083401083946228,-0.07083401083946228,0.11111847311258316,-0.44671058654785156,-0.5239547491073608,0.0,-0.18195248395204544,-0.18195248395204544
92,1.5333333333333332,2,0,0,,6,stairs down,11,0.0,93.5577621459961,52.33385467529297,-0.8770739436149597,1.2956565618515015,0.2424999624490738,0.802376389503479,0.2424999624490738,3.6405112743377686,3.377119779586792,0.4111831784248352,-0.270524263381958,0.1338699758052826,0.6478282809257507,0.1212499812245369,-0.17765383422374725,-0.32923129200935364,-0.059335608035326004,-0.1982729583978653,0.6748523712158203,-0.2727849781513214,-0.1243576854467392,-0.1243576854467392,0.04159997031092644,0.6568167209625244,1.256670594215393,0.0,-0.16595765575766563,-0.16595765575766563,-0.5267700552940369,-0.5267700552940369,0.14324736595153809,-1.9741438627243042,0.16206541657447815,0.0,-0.670017421245575,-0.670017421245575,-0.029667804017663002,-0.029667804017663002,-0.08929810672998428,0.2501073479652405,-1.0182263851165771,0.0,0.05963030271232128,0.05963030271232128,-0.1387910693883896,-0.1387910693883896,-0.0968744084239006,1.0009546279907227,-0.10091246664524078,0.0,-0.04191666096448898,-0.04191666096448898,0.33742618560791016,0.33742618560791016,-0.08304435759782791,0.38799339532852173,0.2504580020904541,0.0,0.42047054320573807,0.42047054320573807,-0.1363924890756607,-0.1363924890756607,0.07110916823148727,-1.642486572265625,-0.463550865650177,0.0,-0.20750165730714798,-0.20750165730714798
92,1.5333333333333332,8,0,0,,6,stairs down,11,0.0,93.5412368774414,52.40179443359375,-0.8831859230995178,1.1379966735839844,0.4592466652393341,0.8825039863586426,0.4592466652393341,3.9534950256347656,5.709629058837891,0.5,-0.018978755921125412,0.020583845674991608,0.5689983367919922,0.22962333261966705,-0.02764144353568554,-0.2825428247451782,-0.3503468930721283,-0.22562949359416962,0.5620214939117432,0.05359358713030815,-0.019349010661244392,-0.019349010661244392,-0.03342138230800629,1.092092752456665,0.6547313332557678,0.0,0.014072371646761894,0.014072371646761894,-0.4520685374736786,-0.4520685374736786,0.1768030822277069,-1.7701971530914307,0.2548947036266327,0.0,-0.6288716197013855,-0.6288716197013855,-0.17517344653606415,-0.17517344653606415,-0.07239186763763428,-1.0096851587295532,-0.8169295787811279,0.0,-0.10278157889842987,-0.10278157889842987,-0.15794064104557037,-0.15794064104557037,-0.1248994916677475,-0.10134422779083252,0.0022142597008496523,0.0,-0.033041149377822876,-0.033041149377822876,0.2810107469558716,0.2810107469558716,-0.10321569442749023,-0.5631789565086365,-0.5427337288856506,0.0,0.3842264413833618,0.3842264413833618,0.026796793565154076,0.026796793565154076,0.09231320768594742,-2.152986526489258,-0.5263728499412537,0.0,-0.06551641412079334,-0.06551641412079334
92,1.5333333333333332,14,0,0,,6,stairs down,11,0.0,93.52684783935547,52.33534240722656,-0.8900535702705383,1.6567466259002686,0.7108678817749023,1.0740633010864258,0.7108678817749023,4.998761177062988,9.291439056396484,1.0,-0.014381359331309795,0.023258840665221214,0.8283733129501343,0.35543394088745117,0.17189623415470123,0.05437285825610161,-0.3915994465351105,-0.12615184485912323,0.5257001519203186,-0.35419607162475586,0.12032736092805862,0.12032736092805862,0.00042643886990845203,0.7873830199241638,0.244902566075325,0.0,0.11990092205815017,0.11990092205815017,0.027186429128050804,0.027186429128050804,0.21231044828891754,-0.23413296043872833,1.247360110282898,0.0,-0.18512401916086674,-0.18512401916086674,-0.19579972326755524,-0.19579972326755524,-0.03558901324868202,-1.5393232107162476,-1.204830527305603,0.0,-0.16021071001887321,-0.16021071001887321,-0.08830629289150238,-0.08830629289150238,-0.0832182839512825,0.22212544083595276,0.13697336614131927,0.0,-0.005088008940219879,-0.005088008940219879,0.2628500759601593,0.2628500759601593,-0.03170213848352432,0.36779361963272095,-0.05070948228240013,0.0,0.2945522144436836,0.2945522144436836,-0.17709803581237793,-0.17709803581237793,0.10095767676830292,-0.9649237394332886,-0.49763306975364685,0.0,-0.27805571258068085,-0.27805571258068085
93,1.55,2,0,0,,6,stairs down,11,0.0,93.56596374511719,52.334415435791016,-0.8743653297424316,1.1254456043243408,1.1642370223999023,0.8013209104537964,1.1642370223999023,4.28973913192749,4.174210548400879,0.3333333432674408,-0.23962919414043427,0.09508796036243439,0.5627228021621704,0.5821185111999512,-0.2823832333087921,-0.4794042706489563,-0.05207954719662666,-0.3712063729763031,0.7093285322189331,-0.6529987454414368,-0.19766825437545776,-0.19766825437545776,0.045196063816547394,-0.012417594902217388,1.05226469039917,0.0,-0.24286431819200516,-0.24286431819200516,-0.7670468688011169,-0.7670468688011169,0.1147385910153389,-1.102529525756836,-0.5658679008483887,0.0,-0.8817854598164558,-0.8817854598164558,-0.02603977359831333,-0.02603977359831333,-0.08299355953931808,0.45464640855789185,-0.5860297679901123,0.0,0.05695378594100475,0.05695378594100475,-0.25984445214271545,-0.25984445214271545,-0.07954397797584534,0.8936871290206909,0.2745590806007385,0.0,-0.18030047416687012,-0.18030047416687012,0.35466426610946655,0.35466426610946655,-0.07153516262769699,1.5126577615737915,0.29732444882392883,0.0,0.42619942873716354,0.42619942873716354,-0.3264993727207184,-0.3264993727207184,0.039026014506816864,-1.9619674682617188,-0.865284264087677,0.0,-0.36552538722753525,-0.36552538722753525
93,1.55,8,0,0,,6,stairs down,11,0.0,93.54857635498047,52.40176010131836,-0.8795480728149414,1.449895977973938,0.35327765345573425,0.8302009105682373,0.35327765345573425,4.02724027633667,2.90301775932312,0.6666666865348816,0.10408259928226471,0.03417379409074783,0.724947988986969,0.17663882672786713,0.05418642982840538,-0.23419347405433655,-0.4092206656932831,-0.36919260025024414,0.4412033259868622,-0.39052924513816833,0.03793049976229668,0.03793049976229668,-0.015276946127414703,0.8337808847427368,0.8037663102149963,0.0,0.05320744588971138,0.05320744588971138,-0.3747095763683319,-0.3747095763683319,0.15233641862869263,-1.896574854850769,-0.4351743161678314,0.0,-0.5270459949970245,-0.5270459949970245,-0.20461033284664154,-0.20461033284664154,-0.06696402281522751,-0.15887703001499176,-0.8826127648353577,0.0,-0.13764631003141403,-0.13764631003141403,-0.25843480229377747,-0.25843480229377747,-0.1269024759531021,-0.10505076497793198,-0.033074263483285904,0.0,-0.13153232634067535,-0.13153232634067535,0.2206016629934311,0.2206016629934311,-0.09504733234643936,0.4493796229362488,-0.5497006177902222,0.0,0.31564899533987045,0.31564899533987045,-0.19526462256908417,-0.19526462256908417,0.06281144917011261,-1.745376467704773,-1.08065664768219,0.0,-0.2580760717391968,-0.2580760717391968
93,1.55,14,0,0,,6,stairs down,11,0.0,93.53373718261719,52.335548400878906,-0.886299192905426,1.505647897720337,0.5971720218658447,0.9566917419433594,0.5971720218658447,4.378552436828613,8.454587936401367,1.0,0.009176324121654034,0.02773529663681984,0.7528239488601685,0.29858601093292236,-0.08926112949848175,-0.21290208399295807,-0.38883915543556213,-0.2583504617214203,0.42137667536735535,-0.15424203872680664,-0.062482789158821106,-0.062482789158821106,0.010628626681864262,0.444236695766449,0.42975786328315735,0.0,-0.07311141584068537,-0.07311141584068537,-0.34064334630966187,-0.34064334630966187,0.18514512479305267,-1.9493541717529297,0.742527425289154,0.0,-0.5257884711027145,-0.5257884711027145,-0.19441957771778107,-0.19441957771778107,-0.060594771057367325,-1.5747978687286377,-1.3188120126724243,0.0,-0.13382480666041374,-0.13382480666041374,-0.18084532022476196,-0.18084532022476196,-0.0773410052061081,0.3461061418056488,0.1659897267818451,0.0,-0.10350431501865387,-0.10350431501865387,0.21068833768367767,0.21068833768367767,-0.048908352851867676,-1.1762721538543701,0.09189937263727188,0.0,0.25959669053554535,0.25959669053554535,-0.07712101936340332,-0.07712101936340332,0.08663161844015121,-1.0661274194717407,-0.656866729259491,0.0,-0.16375263780355453,-0.16375263780355453
94,1.5666666666666667,2,0,0,,6,stairs down,11,0.0,93.57438659667969,52.335391998291016,-0.8717776536941528,1.2292451858520508,1.1552647352218628,0.8057632446289062,1.1552647352218628,4.295848369598389,4.230906963348389,0.3333333432674408,-0.20398113131523132,0.05663492530584335,0.6146225929260254,0.5776323676109314,-0.3224153518676758,-0.5542213320732117,-0.0760212391614914,-0.31674474477767944,0.8339073657989502,-0.6580349206924438,-0.22569073736667633,-0.22569073736667633,0.03990981727838516,-0.6673200726509094,0.6894642114639282,0.0,-0.2656005546450615,-0.2656005546450615,-0.8867541551589966,-0.8867541551589966,0.08867011964321136,-0.8744997978210449,-0.7487403750419617,0.0,-0.975424274802208,-0.975424274802208,-0.0380106195807457,-0.0380106195807457,-0.07485930621623993,0.4488075375556946,-0.23140960931777954,0.0,0.03684868663549423,0.03684868663549423,-0.2217213213443756,-0.2217213213443756,-0.06513234227895737,1.0537545680999756,0.4855327606201172,0.0,-0.15658897906541824,-0.15658897906541824,0.4169536828994751,0.4169536828994751,-0.05580075457692146,1.9126522541046143,0.7114606499671936,0.0,0.47275443747639656,0.47275443747639656,-0.3290174603462219,-0.3290174603462219,0.006794553250074387,-1.4674454927444458,-1.2389893531799316,0.0,-0.3358120135962963,-0.3358120135962963
94,1.5666666666666667,8,0,0,,6,stairs down,11,0.0,93.55622100830078,52.402496337890625,-0.8772473335266113,1.2860329151153564,0.7613205313682556,0.7998179197311401,0.7613205313682556,4.12679386138916,3.620325803756714,0.45837634801864624,0.1577725112438202,0.0596620999276638,0.6430164575576782,0.3806602656841278,-0.31404441595077515,-0.30277979373931885,-0.21669349074363708,-0.3574007749557495,0.5102779269218445,-0.35882845520973206,-0.21983109414577484,-0.21983109414577484,-0.017300933599472046,-0.344484806060791,0.8139940500259399,0.0,-0.2025301605463028,-0.2025301605463028,-0.4844476878643036,-0.4844476878643036,0.12184808403253555,-1.9771027565002441,-0.9331602454185486,0.0,-0.6062957718968391,-0.6062957718968391,-0.10834674537181854,-0.10834674537181854,-0.06448304653167725,0.26500868797302246,-0.6359930038452148,0.0,-0.043863698840141296,-0.043863698840141296,-0.25018054246902466,-0.25018054246902466,-0.11584357172250748,0.6288621425628662,-0.05760093033313751,0.0,-0.13433697074651718,-0.13433697074651718,0.25513896346092224,0.25513896346092224,-0.08171506226062775,0.9997550845146179,-0.209254652261734,0.0,0.33685402572155,0.33685402572155,-0.17941422760486603,-0.17941422760486603,0.043014317750930786,-1.18917977809906,-1.3071660995483398,0.0,-0.22242854535579681,-0.22242854535579681
94,1.5666666666666667,14,0,0,,6,stairs down,11,0.0,93.5401611328125,52.3358039855957,-0.8830875754356384,1.3847135305404663,0.69455885887146,0.8838728666305542,0.69455885887146,4.401998043060303,2.400888442993164,0.5,0.012915710918605328,0.027750413864850998,0.6923567652702332,0.34727942943573,-0.12567999958992004,-0.26265424489974976,-0.4508616328239441,-0.4729723036289215,0.4835771322250366,-0.19422554969787598,-0.08797600120306015,-0.08797600120306015,0.021561993286013603,0.6860093474388123,0.4346916675567627,0.0,-0.10953799448907375,-0.10953799448907375,-0.42024680972099304,-0.42024680972099304,0.15568991005420685,-1.9987022876739502,-0.1747564822435379,0.0,-0.5759367197751999,-0.5759367197751999,-0.22543081641197205,-0.22543081641197205,-0.08673977851867676,-1.6466890573501587,-1.4060416221618652,0.0,-0.1386910378932953,-0.1386910378932953,-0.3310806155204773,-0.3310806155204773,-0.07726685702800751,-0.18531475961208344,0.22736607491970062,0.0,-0.2538137584924698,-0.2538137584924698,0.2417885661125183,0.2417885661125183,-0.06335355341434479,-0.7549369931221008,-0.3402419686317444,0.0,0.3051421195268631,0.3051421195268631,-0.09711277484893799,-0.09711277484893799,0.07180721312761307,-0.8041783571243286,-0.7963261604309082,0.0,-0.16891998797655106,-0.16891998797655106
95,1.5833333333333333,2,0,0,,6,stairs down,11,0.0,93.5835952758789,52.33631134033203,-0.8693850040435791,1.2166657447814941,1.441199779510498,0.846744179725647,1.441199779510498,3.998983860015869,4.444330215454102,0.5,-0.23405349254608154,0.07258155941963196,0.6083328723907471,0.720599889755249,-0.22691889107227325,-0.6071274280548096,-0.04643775150179863,-0.1026388555765152,0.8893219828605652,-0.6451919078826904,-0.15884321928024292,-0.15884321928024292,0.023432565852999687,-1.117316722869873,0.22712722420692444,0.0,-0.1822757851332426,-0.1822757851332426,-0.9714038968086243,-0.9714038968086243,0.06167994439601898,-1.1030902862548828,-0.7915940880775452,0.0,-1.0330838412046432,-1.0330838412046432,-0.023218875750899315,-0.023218875750899315,-0.06829872727394104,0.3706333041191101,0.0003807559551205486,0.0,0.045079851523041725,0.045079851523041725,-0.07184720039367676,-0.07184720039367676,-0.04182926192879677,1.5611488819122314,0.6791596412658691,0.0,-0.03001793846487999,-0.03001793846487999,0.4446609914302826,0.4446609914302826,-0.03676178306341171,1.9827536344528198,1.12077796459198,0.0,0.4814227744936943,0.4814227744936943,-0.3225959539413452,-0.3225959539413452,-0.02297804318368435,-1.8046497106552124,-1.3168379068374634,0.0,-0.29961791075766087,-0.29961791075766087
95,1.5833333333333333,8,0,0,,6,stairs down,11,0.0,93.56356048583984,52.40324020385742,-0.8749679327011108,1.2372833490371704,1.2367284297943115,0.800973653793335,1.2367284297943115,3.926738739013672,3.3950533866882324,0.5,0.11929629743099213,0.04969797655940056,0.6186416745185852,0.6183642148971558,-0.36925479769706726,-0.3655354082584381,-0.2190207690000534,-0.2313084900379181,0.7494499683380127,-0.39032596349716187,-0.2584783434867859,-0.2584783434867859,-0.02896719239652157,-0.8950102925300598,0.41923150420188904,0.0,-0.22951115109026432,-0.22951115109026432,-0.5848566889762878,-0.5848566889762878,0.09171473234891891,-1.9478793144226074,-1.2888933420181274,0.0,-0.6765714213252068,-0.6765714213252068,-0.1095103845000267,-0.1095103845000267,-0.06566835939884186,-0.2999628484249115,-0.32896822690963745,0.0,-0.043842025101184845,-0.043842025101184845,-0.16191594302654266,-0.16191594302654266,-0.09736596792936325,1.2346609830856323,0.17631779611110687,0.0,-0.06454997509717941,-0.06454997509717941,0.37472498416900635,0.37472498416900635,-0.06705275923013687,0.9834632873535156,0.20272673666477203,0.0,0.4417777433991432,0.4417777433991432,-0.19516298174858093,-0.19516298174858093,0.015056475065648556,-2.0232229232788086,-1.2669610977172852,0.0,-0.2102194568142295,-0.2102194568142295
95,1.5833333333333333,14,0,0,,6,stairs down,11,0.0,93.54638671875,52.33602523803711,-0.8802456855773926,1.3426573276519775,0.5925623178482056,0.8373924493789673,0.5925623178482056,4.322319984436035,2.4772958755493164,0.5,0.014641305431723595,0.054945431649684906,0.6713286638259888,0.2962811589241028,-0.03932630270719528,-0.4615134596824646,-0.3210217356681824,-0.3283119201660156,0.4357303977012634,-0.09738180786371231,-0.027528410777449608,-0.027528410777449608,0.03200090676546097,0.6181279420852661,0.5203304886817932,0.0,-0.059529317542910576,-0.059529317542910576,-0.7384215593338013,-0.7384215593338013,0.12703607976436615,-1.2188689708709717,-0.7962830662727356,0.0,-0.8654576390981674,-0.8654576390981674,-0.1605108678340912,-0.1605108678340912,-0.10941385477781296,-1.2352490425109863,-1.4880443811416626,0.0,-0.05109701305627823,-0.05109701305627823,-0.22981834411621094,-0.22981834411621094,-0.07992644608020782,-0.22288104891777039,0.08674120903015137,0.0,-0.1498918980360031,-0.1498918980360031,0.2178651988506317,0.2178651988506317,-0.07155117392539978,0.22185075283050537,-0.48155316710472107,0.0,0.2894163727760315,0.2894163727760315,-0.048690903931856155,-0.048690903931856155,0.0626758262515068,-0.6466237306594849,-0.7990018129348755,0.0,-0.11136673018336296,-0.11136673018336296
96,1.6,2,0,0,,6,stairs down,11,0.0,93.59393310546875,52.33723831176758,-0.8676913380622864,1.2526825666427612,1.683200478553772,0.9119594097137451,1.683200478553772,4.376306533813477,5.23038911819458,0.5,-0.24261844158172607,0.07681681215763092,0.6263412833213806,0.841600239276886,-0.26626941561698914,-0.5751137733459473,-0.09350991249084473,-0.1384667009115219,0.912614643573761,-0.6614236831665039,-0.18638858199119568,-0.18638858199119568,0.004744828678667545,-0.9925863146781921,-0.23100465536117554,0.0,-0.19113341066986322,-0.19113341066986322,-0.9201820492744446,-0.9201820492744446,0.03205697610974312,-1.22726571559906,-0.8977392911911011,0.0,-0.9522390253841877,-0.9522390253841877,-0.04675495624542236,-0.04675495624542236,-0.06613036245107651,0.3152489960193634,0.12654778361320496,0.0,0.019375406205654144,0.019375406205654144,-0.09692668914794922,-0.09692668914794922,-0.016341350972652435,1.3325419425964355,0.9797057509422302,0.0,-0.08058533817529678,-0.08058533817529678,0.4563073217868805,0.4563073217868805,-0.013017437420785427,2.0015316009521484,1.4145041704177856,0.0,0.4693247592076659,0.4693247592076659,-0.33071184158325195,-0.33071184158325195,-0.05180273950099945,-1.7281832695007324,-1.4830642938613892,0.0,-0.2789091020822525,-0.2789091020822525
96,1.6,8,0,0,,6,stairs down,11,0.0,93.57089233398438,52.40382766723633,-0.8727735877037048,1.504378318786621,1.529363751411438,0.8000298738479614,1.529363751411438,4.325055122375488,3.057821750640869,0.3333333432674408,0.13955768942832947,0.04134183004498482,0.7521891593933105,0.764681875705719,-0.4385502338409424,-0.4193299114704132,-0.09148337692022324,-0.3299325704574585,0.7493926286697388,-0.4443659782409668,-0.30698516964912415,-0.30698516964912415,-0.04852721840143204,-1.2478246688842773,-0.028608711436390877,0.0,-0.2584579512476921,-0.2584579512476921,-0.670927882194519,-0.670927882194519,0.06125195696949959,-1.8457993268966675,-1.51344895362854,0.0,-0.7321798391640186,-0.7321798391640186,-0.04574168846011162,-0.04574168846011162,-0.06847130507230759,-0.11093340814113617,-0.3190843462944031,0.0,0.02272961661219597,0.02272961661219597,-0.23095279932022095,-0.23095279932022095,-0.07632118463516235,1.1784489154815674,0.5369581580162048,0.0,-0.1546316146850586,-0.1546316146850586,0.3746963143348694,0.3746963143348694,-0.05068936571478844,1.2771135568618774,0.46877002716064453,0.0,0.4253856800496578,0.4253856800496578,-0.2221829891204834,-0.2221829891204834,-0.01729404740035534,-1.6402839422225952,-1.5246644020080566,0.0,-0.20488894172012806,-0.20488894172012806
96,1.6,14,0,0,,6,stairs down,11,0.0,93.55249786376953,52.33622360229492,-0.8777252435684204,1.1893372535705566,0.7109836935997009,0.806954026222229,0.7109836935997009,4.255183219909668,2.580505132675171,0.45830631256103516,0.07882358878850937,0.06628729403018951,0.5946686267852783,0.35549184679985046,-0.0005466811708174646,-0.45342469215393066,-0.12014416605234146,-0.3028441071510315,0.521410346031189,-0.19587022066116333,-0.00038267680793069303,-0.00038267680793069303,0.04114609956741333,0.5497680306434631,0.5536558628082275,0.0,-0.04152877637534402,-0.04152877637534402,-0.7254795432090759,-0.7254795432090759,0.09973344951868057,-1.2750755548477173,-0.9402831196784973,0.0,-0.8252129927277565,-0.8252129927277565,-0.06007208302617073,-0.06007208302617073,-0.12095245718955994,-0.3467642068862915,-1.4019019603729248,0.0,0.060880374163389206,0.060880374163389206,-0.21199087798595428,-0.21199087798595428,-0.08302604407072067,-0.19083338975906372,-0.01876547932624817,0.0,-0.1289648339152336,-0.1289648339152336,0.2607051730155945,0.2607051730155945,-0.07468117773532867,0.5109228491783142,-0.24186168611049652,0.0,0.33538635075092316,0.33538635075092316,-0.09793511033058167,-0.09793511033058167,0.052525755017995834,-0.7194758057594299,-0.7470775246620178,0.0,-0.1504608653485775,-0.1504608653485775
97,1.6166666666666667,2,0,0,,6,stairs down,11,0.0,93.60507202148438,52.33805847167969,-0.8663997650146484,1.0570487976074219,1.6002240180969238,1.023264765739441,1.6002240180969238,5.183224678039551,7.421258449554443,0.5,-0.2653639018535614,0.09262581914663315,0.5285243988037109,0.8001120090484619,-0.19239260256290436,-0.5376092195510864,-0.02970806322991848,-0.08757784217596054,0.9220994114875793,-0.6824436187744141,-0.1346748173236847,-0.1346748173236847,-0.010181891731917858,-1.4201087951660156,-0.49052074551582336,0.0,-0.12449292559176683,-0.12449292559176683,-0.8601747751235962,-0.8601747751235962,0.001213072333484888,-1.2274200916290283,-1.0100284814834595,0.0,-0.8613878474570811,-0.8613878474570811,-0.01485403161495924,-0.01485403161495924,-0.06257116794586182,0.5348895192146301,0.19084948301315308,0.0,0.047717136330902576,0.047717136330902576,-0.0613044872879982,-0.0613044872879982,0.005196890328079462,1.7786428928375244,1.099937915802002,0.0,-0.06650137761607766,-0.06650137761607766,0.4610497057437897,0.4610497057437897,0.00968601368367672,2.0189061164855957,1.6145392656326294,0.0,0.45136369206011295,0.45136369206011295,-0.34122180938720703,-0.34122180938720703,-0.0799688994884491,-1.2805169820785522,-1.5665907859802246,0.0,-0.26125290989875793,-0.26125290989875793
97,1.6166666666666667,8,0,0,,6,stairs down,11,0.0,93.57839965820312,52.404483795166016,-0.8714805841445923,1.499889612197876,1.5874567031860352,0.8070986270904541,1.5874567031860352,3.67920184135437,2.8612418174743652,0.5,0.13170824944972992,0.0661366805434227,0.749944806098938,0.7937283515930176,-0.42887580394744873,-0.4529496431350708,-0.05290265753865242,-0.22009554505348206,0.7777186036109924,-0.3591921627521515,-0.3002130687236786,-0.3002130687236786,-0.06896885484457016,-1.2126966714859009,-0.44406795501708984,0.0,-0.23124421387910843,-0.23124421387910843,-0.7247194647789001,-0.7247194647789001,0.029855426400899887,-1.6952948570251465,-1.6267004013061523,0.0,-0.7545748911798,-0.7545748911798,-0.02645132876932621,-0.02645132876932621,-0.07085663825273514,-0.09489243477582932,-0.24815495312213898,0.0,0.04440530948340893,0.04440530948340893,-0.15406687557697296,-0.15406687557697296,-0.05826342850923538,0.9041250944137573,0.7555521130561829,0.0,-0.09580344706773758,-0.09580344706773758,0.3888593018054962,0.3888593018054962,-0.028603436425328255,1.7685059309005737,0.7442206144332886,0.0,0.41746273823082447,0.41746273823082447,-0.17959608137607574,-0.17959608137607574,-0.04642132669687271,-1.8007639646530151,-1.5640627145767212,0.0,-0.13317475467920303,-0.13317475467920303
97,1.6166666666666667,14,0,0,,6,stairs down,11,0.0,93.55841827392578,52.33641052246094,-0.8755784034729004,1.2840709686279297,0.7165277600288391,0.8009301424026489,0.7165277600288391,4.223011016845703,2.543631076812744,0.5,0.17154960334300995,0.06730534881353378,0.6420354843139648,0.35826388001441956,-0.059642158448696136,-0.418569952249527,-0.09844087064266205,-0.33416858315467834,0.5897140502929688,-0.2696366310119629,-0.041749510914087296,-0.041749510914087296,0.04646431282162666,0.27448299527168274,0.5523310303688049,0.0,-0.08821382373571396,-0.08821382373571396,-0.6697119474411011,-0.6697119474411011,0.07059864699840546,-1.590740442276001,-1.0543667078018188,0.0,-0.7403105944395065,-0.7403105944395065,-0.049220435321331024,-0.049220435321331024,-0.12130491435527802,0.17045046389102936,-1.042353868484497,0.0,0.07208447903394699,0.07208447903394699,-0.23391801118850708,-0.23391801118850708,-0.08464038372039795,-0.07437986880540848,-0.07739923149347305,0.0,-0.14927762746810913,-0.14927762746810913,0.2948570251464844,0.2948570251464844,-0.07482993602752686,0.45111581683158875,0.014656699262559414,0.0,0.36968696117401123,0.36968696117401123,-0.13481831550598145,-0.13481831550598145,0.03916766494512558,-0.9959456324577332,-0.737671971321106,0.0,-0.17398598045110703,-0.17398598045110703
98,1.6333333333333333,2,0,0,,6,stairs down,11,0.0,93.61742401123047,52.3392219543457,-0.8645861148834229,1.4096136093139648,1.8258945941925049,1.2071219682693481,1.8258945941925049,6.390470504760742,8.505316734313965,0.5,-0.34804338216781616,0.09735558927059174,0.7048068046569824,0.9129472970962524,-0.29987832903862,-0.6975095272064209,-0.021105589345097542,-0.02814795821905136,0.9319765567779541,-0.6847027540206909,-0.20991483330726624,-0.20991483330726624,-0.035579975694417953,-1.7303482294082642,-0.8072865605354309,0.0,-0.17433485761284828,-0.17433485761284828,-1.1160153150558472,-1.1160153150558472,-0.02712339721620083,-1.3548775911331177,-1.084106683731079,0.0,-1.0888919178396463,-1.0888919178396463,-0.010552794672548771,-0.010552794672548771,-0.055091358721256256,0.3416174352169037,0.3080843389034271,0.0,0.044538564048707485,0.044538564048707485,-0.019703570753335953,-0.019703570753335953,0.033504076302051544,1.9968669414520264,1.3312129974365234,0.0,-0.0532076470553875,-0.0532076470553875,0.46598827838897705,0.46598827838897705,0.0320008210837841,1.978242039680481,1.752331018447876,0.0,0.43398745730519295,0.43398745730519295,-0.34235137701034546,-0.34235137701034546,-0.1044149249792099,-1.1984038352966309,-1.4691084623336792,0.0,-0.23793645203113556,-0.23793645203113556
98,1.6333333333333333,8,0,0,,6,stairs down,11,0.0,93.58574676513672,52.40491485595703,-0.8700910210609436,1.385260820388794,1.3880705833435059,0.833725094795227,1.3880705833435059,4.172452926635742,0.6859543323516846,0.24917851388454437,0.15159568190574646,0.09484736621379852,0.692630410194397,0.6940352916717529,-0.43661946058273315,-0.3576851189136505,0.0420355387032032,-0.3137986660003662,0.8114544153213501,-0.3639208674430847,-0.3056336045265198,-0.3056336045265198,-0.08846545219421387,-0.9810711741447449,-0.7059853672981262,0.0,-0.2171681523323059,-0.2171681523323059,-0.5722962021827698,-0.5722962021827698,-0.0011999104171991348,-1.9979640245437622,-1.6500746011734009,0.0,-0.5710962917655706,-0.5710962917655706,0.0210177693516016,0.0210177693516016,-0.06456656008958817,0.5702016353607178,-0.19592930376529694,0.0,0.08558432944118977,0.08558432944118977,-0.21965906023979187,-0.21965906023979187,-0.04650537297129631,0.3185989260673523,0.8061797022819519,0.0,-0.17315368726849556,-0.17315368726849556,0.40572720766067505,0.40572720766067505,-0.008147262036800385,1.2746185064315796,1.0932554006576538,0.0,0.41387446969747543,0.41387446969747543,-0.18196043372154236,-0.18196043372154236,-0.07166233658790588,-1.5155694484710693,-1.6447207927703857,0.0,-0.11029809713363647,-0.11029809713363647
98,1.6333333333333333,14,0,0,,6,stairs down,11,0.0,93.56419372558594,52.336639404296875,-0.8737455606460571,1.39027738571167,0.9858628511428833,0.8025543689727783,0.9858628511428833,4.238550186157227,2.5183491706848145,0.48179349303245544,0.23249539732933044,0.07976450771093369,0.695138692855835,0.49293142557144165,-0.2270602583885193,-0.42028576135635376,-0.11927039921283722,-0.39773914217948914,0.6120741367340088,-0.2700614333152771,-0.15894217789173126,-0.15894217789173126,0.04388657584786415,-0.20436736941337585,0.45765170454978943,0.0,-0.2028287537395954,-0.2028287537395954,-0.672457218170166,-0.672457218170166,0.0395602248609066,-1.996861219406128,-1.2371410131454468,0.0,-0.7120174430310726,-0.7120174430310726,-0.05963519960641861,-0.05963519960641861,-0.11622603237628937,0.35720446705818176,-0.6290794014930725,0.0,0.05659083276987076,0.05659083276987076,-0.2784174084663391,-0.2784174084663391,-0.0792568102478981,0.25953251123428345,-0.07637035101652145,0.0,-0.199160598218441,-0.199160598218441,0.3060370683670044,0.3060370683670044,-0.06644856929779053,0.6237325668334961,0.16338422894477844,0.0,0.3724856376647949,0.3724856376647949,-0.13503071665763855,-0.13503071665763855,0.018470577895641327,-1.17941415309906,-0.8256811499595642,0.0,-0.15350129455327988,-0.15350129455327988
99,1.65,2,0,0,,6,stairs down,11,0.0,93.63116455078125,52.3409423828125,-0.864362359046936,1.2177366018295288,1.818516492843628,1.1472208499908447,1.818516492843628,6.480454921722412,3.0946996212005615,0.3333333432674408,-0.4249891936779022,0.0953817218542099,0.6088683009147644,0.909258246421814,-0.3257596790790558,-0.6916162967681885,0.06476804614067078,-0.15223552286624908,0.9378007650375366,-0.6268429756164551,-0.22803176939487457,-0.22803176939487457,-0.062432900071144104,-1.9821487665176392,-1.1218284368515015,0.0,-0.16559886932373047,-0.16559886932373047,-1.1065860986709595,-1.1065860986709595,-0.05632820725440979,-1.274376392364502,-1.1763744354248047,0.0,-1.0502578914165497,-1.0502578914165497,0.03238402307033539,0.03238402307033539,-0.044467389583587646,0.8346474766731262,0.3195110559463501,0.0,0.07685141265392303,0.07685141265392303,-0.10656486451625824,-0.10656486451625824,0.05801691859960556,1.6755475997924805,1.558040738105774,0.0,-0.1645817831158638,-0.1645817831158638,0.4689003825187683,0.4689003825187683,0.06150196120142937,1.9672892093658447,1.8293122053146362,0.0,0.40739842131733894,0.40739842131733894,-0.31342148780822754,-0.31342148780822754,-0.12370491772890091,-0.6152200102806091,-1.3768632411956787,0.0,-0.18971657007932663,-0.18971657007932663
99,1.65,8,0,0,,6,stairs down,11,0.0,93.59295654296875,52.405311584472656,-0.8687050342559814,1.4422070980072021,1.4489271640777588,0.8730655908584595,1.4489271640777588,4.620869159698486,3.3257670402526855,0.3333333432674408,0.18726377189159393,0.13300076127052307,0.7211035490036011,0.7244635820388794,-0.48431217670440674,-0.40946125984191895,0.06140943244099617,-0.21894407272338867,0.7126181125640869,-0.1573544144630432,-0.3390185236930847,-0.3390185236930847,-0.10898911952972412,-1.5858640670776367,-0.7997234463691711,0.0,-0.2300294041633606,-0.2300294041633606,-0.6551380157470703,-0.6551380157470703,-0.03259909525513649,-1.9584987163543701,-1.7686212062835693,0.0,-0.6225389204919338,-0.6225389204919338,0.030704716220498085,0.030704716220498085,-0.05239266902208328,0.9100632667541504,0.06513699889183044,0.0,0.08309738524258137,0.08309738524258137,-0.15326084196567535,-0.15326084196567535,-0.04031634330749512,0.40770429372787476,0.6400319337844849,0.0,-0.11294449865818024,-0.11294449865818024,0.35630905628204346,0.35630905628204346,0.009781651198863983,1.0111585855484009,1.1550564765930176,0.0,0.3465274050831795,0.3465274050831795,-0.0786772072315216,-0.0786772072315216,-0.08942452073097229,-0.6963191628456116,-1.6007112264633179,0.0,0.010747313499450684,0.010747313499450684
99,1.65,14,0,0,,6,stairs down,11,0.0,93.5699462890625,52.336917877197266,-0.8721395134925842,1.457125186920166,1.1421856880187988,0.8023320436477661,1.1421856880187988,4.170743465423584,2.8557183742523193,0.5,0.25093796849250793,0.08808775991201401,0.728562593460083,0.5710928440093994,-0.2756696045398712,-0.475698858499527,-0.2119373083114624,-0.30223050713539124,0.6392563581466675,-0.3132722079753876,-0.1929687261581421,-0.1929687261581421,0.03281708434224129,-0.807866096496582,0.23206248879432678,0.0,-0.22578581050038338,-0.22578581050038338,-0.7611181735992432,-0.7611181735992432,0.00919361226260662,-1.5878150463104248,-1.4960227012634277,0.0,-0.7703117858618498,-0.7703117858618498,-0.1059686541557312,-0.1059686541557312,-0.11160699278116226,0.18562088906764984,-0.2929939329624176,0.0,0.005638338625431061,0.005638338625431061,-0.21156135201454163,-0.21156135201454163,-0.07115520536899567,0.4909372627735138,0.03809169679880142,0.0,-0.14040614664554596,-0.14040614664554596,0.31962817907333374,0.31962817907333374,-0.0549868568778038,1.164146065711975,0.3202522397041321,0.0,0.37461503595113754,0.37461503595113754,-0.1566361039876938,-0.1566361039876938,-0.0006047936039976776,-1.2613800764083862,-0.9462189674377441,0.0,-0.1560313103836961,-0.1560313103836961
100,1.6666666666666667,2,0,0,,6,stairs down,11,0.0,93.64107513427734,52.343177795410156,-0.8634452223777771,1.4112467765808105,1.8579721450805664,0.937881588935852,1.8579721450805664,5.7458624839782715,2.8022000789642334,0.3333333432674408,-0.47027814388275146,0.06743878126144409,0.7056233882904053,0.9289860725402832,-0.2864319086074829,-0.701873779296875,0.010538606904447079,0.04500024765729904,0.9303900599479675,-0.4325389564037323,-0.20050233602523804,-0.20050233602523804,-0.08408252894878387,-1.2456181049346924,-1.4149906635284424,0.0,-0.11641980707645416,-0.11641980707645416,-1.1229981184005737,-1.1229981184005737,-0.08856368809938431,-1.8859400749206543,-1.2097694873809814,0.0,-1.0344344303011894,-1.0344344303011894,0.005269303452223539,0.005269303452223539,-0.030503973364830017,0.8148443102836609,0.4950486123561859,0.0,0.035773276817053556,0.035773276817053556,0.03150017186999321,0.03150017186999321,0.06310869008302689,0.1665194034576416,1.598082184791565,0.0,-0.031608518213033676,-0.031608518213033676,0.46519502997398376,0.46519502997398376,0.09683258831501007,1.9913763999938965,1.8763291835784912,0.0,0.3683624416589737,0.3683624416589737,-0.21626947820186615,-0.21626947820186615,-0.12571513652801514,-0.1250741332769394,-1.1173261404037476,0.0,-0.09055434167385101,-0.09055434167385101
100,1.6666666666666667,8,0,0,,6,stairs down,11,0.0,93.60025787353516,52.40602493286133,-0.8673475980758667,1.6048247814178467,1.6101582050323486,0.9290170669555664,1.6101582050323486,4.899981498718262,3.373422622680664,0.3333333432674408,0.1707949936389923,0.13716226816177368,0.8024123907089233,0.8050791025161743,-0.48957669734954834,-0.46366941928863525,0.041519295424222946,-0.19017305970191956,0.7016305327415466,0.08541163057088852,-0.3427036702632904,-0.3427036702632904,-0.13348162174224854,-1.3184137344360352,-1.0676082372665405,0.0,-0.20922204852104187,-0.20922204852104187,-0.7418710589408875,-0.7418710589408875,-0.06426642835140228,-1.9621227979660034,-1.8333237171173096,0.0,-0.6776046305894852,-0.6776046305894852,0.020759647712111473,0.020759647712111473,-0.03911755234003067,0.7376180291175842,0.3530535399913788,0.0,0.05987720005214214,0.05987720005214214,-0.13312113285064697,-0.13312113285064697,-0.03704795986413956,-2.227959339506924e-05,0.5608640909194946,0.0,-0.09607317298650742,-0.09607317298650742,0.3508152663707733,0.3508152663707733,0.025656450539827347,1.0565779209136963,1.1060218811035156,0.0,0.32515881583094597,0.32515881583094597,0.04270581528544426,0.04270581528544426,-0.09236343204975128,0.23183421790599823,-1.292531132698059,0.0,0.13506924733519554,0.13506924733519554
100,1.6666666666666667,14,0,0,,6,stairs down,11,0.0,93.57572174072266,52.337215423583984,-0.870719313621521,1.4989663362503052,1.3835234642028809,0.8030017614364624,1.3835234642028809,4.199542045593262,2.7888333797454834,0.42689186334609985,0.25832539796829224,0.11456118524074554,0.7494831681251526,0.6917617321014404,-0.29985785484313965,-0.48223599791526794,-0.22477605938911438,-0.2689867913722992,0.7221332788467407,-0.26286494731903076,-0.20990049839019775,-0.20990049839019775,0.015547475777566433,-1.0835447311401367,-0.12230291962623596,0.0,-0.2254479741677642,-0.2254479741677642,-0.7715775966644287,-0.7715775966644287,-0.02075580693781376,-1.5664281845092773,-1.5273017883300781,0.0,-0.750821789726615,-0.750821789726615,-0.11238802969455719,-0.11238802969455719,-0.1101432740688324,0.03261863812804222,-0.1299014389514923,0.0,-0.0022447556257247925,-0.0022447556257247925,-0.18829074501991272,-0.18829074501991272,-0.06234084442257881,0.4451146125793457,0.19240306317806244,0.0,-0.1259499005973339,-0.1259499005973339,0.36106663942337036,0.36106663942337036,-0.041333530098199844,1.2759425640106201,0.6078169345855713,0.0,0.4024001695215702,0.4024001695215702,-0.13143247365951538,-0.13143247365951538,-0.022905170917510986,-1.3631974458694458,-1.0536130666732788,0.0,-0.1085273027420044,-0.1085273027420044
101,1.6833333333333333,2,0,0,,6,stairs down,11,0.0,93.6500015258789,52.34510040283203,-0.863786518573761,1.2929710149765015,1.3554410934448242,0.5746486186981201,1.3554410934448242,4.415721893310547,6.108142375946045,0.6648622751235962,-0.26826274394989014,0.0795993059873581,0.6464855074882507,0.6777205467224121,-0.21974770724773407,-0.6295877695083618,-0.2869511544704437,0.3044387102127075,0.8538453578948975,0.007301426026970148,-0.1538233906030655,-0.1538233906030655,-0.10702887922525406,-1.8391456604003906,-1.357275366783142,0.0,-0.04679451137781143,-0.04679451137781143,-1.007340431213379,-1.007340431213379,-0.12086188048124313,-1.7172218561172485,-1.4401808977127075,0.0,-0.8864785507321358,-0.8864785507321358,-0.14347557723522186,-0.14347557723522186,-0.026198409497737885,0.26686301827430725,0.6040219664573669,0.0,-0.11727716773748398,-0.11727716773748398,0.21310709416866302,0.21310709416866302,0.07180983573198318,1.0469691753387451,1.110263705253601,0.0,0.14129725843667984,0.14129725843667984,0.42692267894744873,0.42692267894744873,0.1276552826166153,1.9945189952850342,1.9155325889587402,0.0,0.29926739633083344,0.29926739633083344,0.003650713013485074,0.003650713013485074,-0.12294860929250717,0.9119408130645752,-0.7792069315910339,0.0,0.12659932230599225,0.12659932230599225
101,1.6833333333333333,8,0,0,,6,stairs down,11,0.0,93.6077880859375,52.40618133544922,-0.86664879322052,1.507211446762085,1.1757385730743408,1.0035836696624756,1.1757385730743408,5.280938148498535,0.9777070879936218,0.1666666716337204,0.12919647991657257,0.15776406228542328,0.7536057233810425,0.5878692865371704,-0.25877657532691956,-0.38093143701553345,0.10514242202043533,-0.04803351312875748,0.6523696184158325,0.12311948835849762,-0.1811435967683792,-0.1811435967683792,-0.15021741390228271,-1.4790823459625244,-1.153072476387024,0.0,-0.030926182866096497,-0.030926182866096497,-0.6094903349876404,-0.6094903349876404,-0.09600631147623062,-1.9991707801818848,-1.8772132396697998,0.0,-0.5134840235114098,-0.5134840235114098,0.05257121101021767,0.05257121101021767,-0.027438446879386902,0.9346908926963806,0.4840974807739258,0.0,0.08000965788960457,0.08000965788960457,-0.033623456954956055,-0.033623456954956055,-0.0387439951300621,0.17822347581386566,0.36973679065704346,0.0,0.005120538175106049,0.005120538175106049,0.32618480920791626,0.32618480920791626,0.04228859022259712,0.9885464310646057,1.089173436164856,0.0,0.28389621898531914,0.28389621898531914,0.06155974417924881,0.06155974417924881,-0.08330482244491577,0.999180018901825,-0.7730892896652222,0.0,0.14486456662416458,0.14486456662416458
101,1.6833333333333333,14,0,0,,6,stairs down,11,0.0,93.58171844482422,52.33756637573242,-0.8694406151771545,1.493622899055481,1.5130633115768433,0.8113404512405396,1.5130633115768433,4.383203029632568,2.697183609008789,0.3333333432674408,0.24961356818675995,0.15345411002635956,0.7468114495277405,0.7565316557884216,-0.34170854091644287,-0.46367886662483215,-0.21100829541683197,-0.24137434363365173,0.7618489265441895,-0.20173032581806183,-0.23919597268104553,-0.23919597268104553,-0.006355651188641787,-1.3110673427581787,-0.4498550593852997,0.0,-0.23284032149240375,-0.23284032149240375,-0.7418861985206604,-0.7418861985206604,-0.05183103680610657,-1.9563908576965332,-1.5406343936920166,0.0,-0.6900551617145538,-0.6900551617145538,-0.10550414770841599,-0.10550414770841599,-0.11085010319948196,-0.026648830622434616,-0.07452119886875153,0.0,0.005345955491065979,0.005345955491065979,-0.1689620316028595,-0.1689620316028595,-0.052836883813142776,0.43235668540000916,0.27851688861846924,0.0,-0.11612514778971672,-0.11612514778971672,0.3809244632720947,0.3809244632720947,-0.02574521116912365,1.0801527500152588,0.8354869484901428,0.0,0.4066696744412184,0.4066696744412184,-0.10086516290903091,-0.10086516290903091,-0.03995690494775772,-0.9857558608055115,-1.159106731414795,0.0,-0.06090825796127319,-0.06090825796127319
102,1.7,2,0,0,,6,stairs down,11,0.0,93.65896606445312,52.346492767333984,-0.8639480471611023,1.3970012664794922,1.5254764556884766,0.5191464424133301,1.5254764556884766,3.761192798614502,1.8920305967330933,0.3333333432674408,-0.2702941596508026,0.055078502744436264,0.6985006332397461,0.7627382278442383,-0.22376137971878052,-0.6926040649414062,-0.3244960904121399,0.12387599050998688,0.8510648012161255,0.006631278898566961,-0.15663295984268188,-0.15663295984268188,-0.12362318485975266,-1.2841956615447998,-1.5214771032333374,0.0,-0.03300977498292923,-0.03300977498292923,-1.1081665754318237,-1.1081665754318237,-0.15088583528995514,-1.1826272010803223,-1.5345851182937622,0.0,-0.9572807401418686,-0.9572807401418686,-0.16224804520606995,-0.16224804520606995,-0.036804746836423874,-0.7696269750595093,0.4891318678855896,0.0,-0.12544329836964607,-0.12544329836964607,0.08671319484710693,0.08671319484710693,0.07911108434200287,0.6054556369781494,1.0886954069137573,0.0,0.007602110505104065,0.007602110505104065,0.42553240060806274,0.42553240060806274,0.15591825544834137,1.9721148014068604,1.9424479007720947,0.0,0.2696141451597214,0.2696141451597214,0.0033156394492834806,0.0033156394492834806,-0.12214960157871246,0.09326618164777756,-0.20293249189853668,0.0,0.12546524102799594,0.12546524102799594
102,1.7,8,0,0,,6,stairs down,11,0.0,93.6160659790039,52.406410217285156,-0.8662037253379822,1.6090654134750366,1.4417506456375122,1.1222436428070068,1.4417506456375122,5.877511024475098,4.228273391723633,0.3333333432674408,0.09318443387746811,0.13362228870391846,0.8045327067375183,0.7208753228187561,-0.2175675928592682,-0.4528462588787079,-0.13991926610469818,0.03779321163892746,0.7097223997116089,0.31339001655578613,-0.15229731798171997,-0.15229731798171997,-0.16713182628154755,-1.4566285610198975,-1.2641633749008179,0.0,0.014834508299827576,0.014834508299827576,-0.7245540022850037,-0.7245540022850037,-0.1270846277475357,-1.6568799018859863,-1.9187713861465454,0.0,-0.597469374537468,-0.597469374537468,-0.06995963305234909,-0.06995963305234909,-0.022048158571124077,0.45907309651374817,0.6376413702964783,0.0,-0.047911474481225014,-0.047911474481225014,0.026455247774720192,0.026455247774720192,-0.036112744361162186,1.0673481225967407,0.3044768273830414,0.0,0.06256799213588238,0.06256799213588238,0.35486119985580444,0.35486119985580444,0.06258813291788101,1.8108972311019897,1.0548838376998901,0.0,0.29227306693792343,0.29227306693792343,0.15669500827789307,0.15669500827789307,-0.07508207112550735,-0.030818302184343338,-0.16917188465595245,0.0,0.23177707940340042,0.23177707940340042
102,1.7,14,0,0,,6,stairs down,11,0.0,93.587890625,52.33786392211914,-0.8682518601417542,1.4693100452423096,1.6041520833969116,0.832420825958252,1.6041520833969116,4.480140686035156,2.681683301925659,0.3333333432674408,0.21612010896205902,0.1745447963476181,0.7346550226211548,0.8020760416984558,-0.3271028399467468,-0.47736769914627075,-0.10761117935180664,-0.35784947872161865,0.7563650608062744,-0.13154196739196777,-0.22897198796272278,-0.22897198796272278,-0.02540166862308979,-1.0344855785369873,-0.7433211803436279,0.0,-0.203570319339633,-0.203570319339633,-0.7637883424758911,-0.7637883424758911,-0.08326046168804169,-1.965630054473877,-1.682307243347168,0.0,-0.6805278807878494,-0.6805278807878494,-0.05380558967590332,-0.05380558967590332,-0.10911516100168228,0.22478200495243073,-0.05820823833346367,0.0,0.05530957132577896,0.05530957132577896,-0.2504946291446686,-0.2504946291446686,-0.051796019077301025,-0.21468567848205566,0.33093923330307007,0.0,-0.19869861006736755,-0.19869861006736755,0.3781825304031372,0.3781825304031372,-0.008781458251178265,1.1555674076080322,0.91885906457901,0.0,0.38696398865431547,0.38696398865431547,-0.06577098369598389,-0.06577098369598389,-0.05320686846971512,-0.6446985006332397,-1.1000357866287231,0.0,-0.012564115226268768,-0.012564115226268768
103,1.7166666666666666,2,0,0,,6,stairs down,11,0.0,93.6678237915039,52.34786605834961,-0.8638644814491272,1.5174834728240967,1.2422083616256714,0.5207421779632568,1.2422083616256714,3.507722854614258,4.884878158569336,0.5,-0.2413392961025238,0.06325393170118332,0.7587417364120483,0.6211041808128357,-0.14781977236270905,-0.6127809882164001,-0.2894951403141022,0.2588549256324768,0.8002590537071228,-0.12077105790376663,-0.10347384214401245,-0.10347384214401245,-0.1400619000196457,-0.9669169187545776,-1.4406211376190186,0.0,0.03658805787563324,0.03658805787563324,-0.9804496169090271,-0.9804496169090271,-0.18328262865543365,-1.8230900764465332,-1.4146521091461182,0.0,-0.7971669882535934,-0.7971669882535934,-0.1447475701570511,-0.1447475701570511,-0.05145137384533882,-0.9617573022842407,0.06019798293709755,0.0,-0.09329619631171227,-0.09329619631171227,0.18119844794273376,0.18119844794273376,0.08672922849655151,0.5023409724235535,0.9240269064903259,0.0,0.09446921944618225,0.09446921944618225,0.4001295268535614,0.4001295268535614,0.17627406120300293,1.3818199634552002,1.9525572061538696,0.0,0.22385546565055847,0.22385546565055847,-0.060385528951883316,-0.060385528951883316,-0.12002398818731308,0.13578945398330688,-0.10200002044439316,0.0,0.059638459235429764,0.059638459235429764
103,1.7166666666666666,8,0,0,,6,stairs down,11,0.0,93.62406158447266,52.40690612792969,-0.86542147397995,1.293365240097046,1.4292643070220947,1.1898168325424194,1.4292643070220947,5.927445411682129,6.750310897827148,0.5,0.07088373601436615,0.09422318637371063,0.646682620048523,0.7146321535110474,-0.10348298400640488,-0.4429452121257782,-0.12299072742462158,0.3811323344707489,0.8136290907859802,-0.33453208208084106,-0.07243809103965759,-0.07243809103965759,-0.19361014664173126,-1.4520282745361328,-1.3297476768493652,0.0,0.12117205560207367,0.12117205560207367,-0.7087123394012451,-0.7087123394012451,-0.1586807370185852,-1.937747597694397,-1.8295294046401978,0.0,-0.5500316023826599,-0.5500316023826599,-0.06149536371231079,-0.06149536371231079,-0.022868702188134193,-0.27353352308273315,0.5767925381660461,0.0,-0.0386266615241766,-0.0386266615241766,0.2667926251888275,0.2667926251888275,-0.009918845258653164,1.6585270166397095,0.5644323825836182,0.0,0.2767114704474807,0.2767114704474807,0.4068145453929901,0.4068145453929901,0.08483196794986725,1.2367422580718994,1.312502384185791,0.0,0.32198257744312286,0.32198257744312286,-0.16726604104042053,-0.16726604104042053,-0.08800967037677765,-0.9523357152938843,-0.12202659994363785,0.0,-0.07925637066364288,-0.07925637066364288
103,1.7166666666666666,14,0,0,,6,stairs down,11,0.0,93.59410858154297,52.338172912597656,-0.8670408129692078,1.4655230045318604,1.5029045343399048,0.8670167922973633,1.5029045343399048,4.64349889755249,2.723731517791748,0.3333333432674408,0.1675812005996704,0.20521244406700134,0.7327615022659302,0.7514522671699524,-0.2660429775714874,-0.46639102697372437,-0.036945633590221405,-0.26425373554229736,0.7007430195808411,0.04263129085302353,-0.18623007833957672,-0.18623007833957672,-0.04186692088842392,-0.9132936596870422,-0.8425381779670715,0.0,-0.1443631574511528,-0.1443631574511528,-0.7462256550788879,-0.7462256550788879,-0.11499904096126556,-1.966758370399475,-1.778852105140686,0.0,-0.6312266141176224,-0.6312266141176224,-0.018472816795110703,-0.018472816795110703,-0.10186097025871277,0.5800151228904724,0.03822333738207817,0.0,0.08338815346360207,0.08338815346360207,-0.18497760593891144,-0.18497760593891144,-0.0579332634806633,-0.5261847972869873,0.14501242339611053,0.0,-0.12704434245824814,-0.12704434245824814,0.35037150979042053,0.35037150979042053,0.009554059244692326,1.271842122077942,0.9995195865631104,0.0,0.3408174505457282,0.3408174505457282,0.021315645426511765,0.021315645426511765,-0.06481186300516129,-0.7204399704933167,-0.9448752999305725,0.0,0.08612750843167305,0.08612750843167305
104,1.7333333333333334,2,0,0,,6,stairs down,11,0.0,93.67672729492188,52.34922409057617,-0.8645216226577759,1.4257495403289795,1.2332813739776611,0.8026882410049438,1.2332813739776611,5.387286186218262,7.940234661102295,0.6666666865348816,-0.2368161678314209,0.05084618180990219,0.7128747701644897,0.6166406869888306,-0.14666689932346344,-0.6193901300430298,-0.3515985608100891,0.17093312740325928,0.7807308435440063,-0.07674139738082886,-0.10266682505607605,-0.10266682505607605,-0.1489519625902176,-0.3081199824810028,-1.2792019844055176,0.0,0.04628513753414154,0.04628513753414154,-0.9910241961479187,-0.9910241961479187,-0.21573764085769653,-1.7581642866134644,-1.5538311004638672,0.0,-0.7752865552902222,-0.7752865552902222,-0.17579928040504456,-0.17579928040504456,-0.06883162260055542,-1.1029318571090698,-0.2880428433418274,0.0,-0.10696765780448914,-0.10696765780448914,0.11965318769216537,0.11965318769216537,0.08843544125556946,-0.14327478408813477,0.7803334593772888,0.0,0.031217746436595917,0.031217746436595917,0.3903654217720032,0.3903654217720032,0.19715511798858643,1.0361419916152954,1.758073091506958,0.0,0.19321030378341675,0.19321030378341675,-0.03837069869041443,-0.03837069869041443,-0.11899470537900925,0.047093626111745834,-0.02097102627158165,0.0,0.08062400668859482,0.08062400668859482
104,1.7333333333333334,8,0,0,,6,stairs down,11,0.0,93.6325454711914,52.40799331665039,-0.864620566368103,1.4313783645629883,1.6893975734710693,1.0486242771148682,1.6893975734710693,5.372811794281006,4.401769161224365,0.24062219262123108,0.06941385567188263,0.06813220679759979,0.7156891822814941,0.8446987867355347,-0.2672632336616516,-0.5804305672645569,-0.43807414174079895,-0.039199382066726685,0.8610930442810059,-0.461110383272171,-0.18708425760269165,-0.18708425760269165,-0.21215784549713135,-0.7260417938232422,-1.3714159727096558,0.0,0.025073587894439697,0.025073587894439697,-0.9286889433860779,-0.9286889433860779,-0.190171018242836,-1.962586522102356,-1.866405725479126,0.0,-0.7385179251432419,-0.7385179251432419,-0.21903707087039948,-0.21903707087039948,-0.03635067492723465,-1.1264185905456543,0.2870359420776367,0.0,-0.18268639594316483,-0.18268639594316483,-0.02743956632912159,-0.02743956632912159,0.010773609392344952,0.8754655718803406,0.9372553825378418,0.0,-0.03821317572146654,-0.03821317572146654,0.43054652214050293,0.43054652214050293,0.10455615073442459,1.2679370641708374,1.2866864204406738,0.0,0.32599037140607834,0.32599037140607834,-0.2305551916360855,-0.2305551916360855,-0.10697691142559052,-1.1273521184921265,-0.4049622118473053,0.0,-0.123578280210495,-0.123578280210495
104,1.7333333333333334,14,0,0,,6,stairs down,11,0.0,93.60030364990234,52.33856201171875,-0.8659736514091492,1.524404764175415,1.375552773475647,0.9232591390609741,1.375552773475647,4.920815944671631,2.910684108734131,0.3333333432674408,0.10409711301326752,0.20956838130950928,0.7622023820877075,0.6877763867378235,-0.30528169870376587,-0.42754340171813965,0.022319063544273376,-0.0874699130654335,0.629284679889679,0.21186350286006927,-0.2136971801519394,-0.2136971801519394,-0.06225869059562683,-1.3479198217391968,-0.8666487336158752,0.0,-0.15143848955631256,-0.15143848955631256,-0.6840694546699524,-0.6840694546699524,-0.14685772359371185,-1.9743627309799194,-1.8428828716278076,0.0,-0.5372117310762405,-0.5372117310762405,0.011159531772136688,0.011159531772136688,-0.0908249020576477,0.7651268243789673,0.2228439599275589,0.0,0.1019844338297844,0.1019844338297844,-0.06122893840074539,-0.06122893840074539,-0.06157352402806282,-0.03882824257016182,-0.08370432257652283,0.0,0.0003445856273174286,0.0003445856273174286,0.3146423399448395,0.3146423399448395,0.028210153803229332,1.3029741048812866,1.0923160314559937,0.0,0.28643218614161015,0.28643218614161015,0.10593175143003464,0.10593175143003464,-0.06849009543657303,-0.3309829533100128,-0.8683968782424927,0.0,0.17442184686660767,0.17442184686660767
105,1.75,2,0,0,,6,stairs down,11,0.0,93.68560791015625,52.350433349609375,-0.8640717267990112,1.4019544124603271,0.8403623700141907,0.8070021867752075,0.8403623700141907,4.8321638107299805,6.576198577880859,0.6666666865348816,-0.19916051626205444,0.04001611843705177,0.7009772062301636,0.42018118500709534,-0.08779183775186539,-0.5669488906860352,-0.2767329216003418,0.2513647675514221,0.6751416921615601,0.02136879786849022,-0.06145428493618965,-0.06145428493618965,-0.15363934636116028,-0.07616229355335236,-0.9482966661453247,0.0,0.09218506142497063,0.09218506142497063,-0.9071182608604431,-0.9071182608604431,-0.24853137135505676,-1.9979490041732788,-1.6234594583511353,0.0,-0.6585868895053864,-0.6585868895053864,-0.1383664608001709,-0.1383664608001709,-0.08362230658531189,-0.9004265069961548,-0.5657238960266113,0.0,-0.05474415421485901,-0.05474415421485901,0.17595534026622772,0.17595534026622772,0.08520060777664185,-0.21787217259407043,0.4656052589416504,0.0,0.09075473248958588,0.09075473248958588,0.33757084608078003,0.33757084608078003,0.209498792886734,0.7358758449554443,1.512068271636963,0.0,0.12807205319404602,0.12807205319404602,0.01068439893424511,0.01068439893424511,-0.11392202973365784,0.34235480427742004,0.0022226423025131226,0.0,0.12460642866790295,0.12460642866790295
105,1.75,8,0,0,,6,stairs down,11,0.0,93.64186096191406,52.4091911315918,-0.8643567562103271,1.4157130718231201,1.4868009090423584,0.9353526830673218,1.4868009090423584,4.770118713378906,2.9772329330444336,0.3333333432674408,0.09580917656421661,0.06276610493659973,0.7078565359115601,0.7434004545211792,-0.2666928470134735,-0.5716931819915771,-0.4056657552719116,-0.07495909929275513,0.7937090396881104,-0.32473862171173096,-0.1866849958896637,-0.1866849958896637,-0.21908609569072723,-0.579462468624115,-1.1514986753463745,0.0,0.03240109980106354,0.03240109980106354,-0.9147090911865234,-0.9147090911865234,-0.22231629490852356,-1.9534043073654175,-1.8991801738739014,0.0,-0.6923927962779999,-0.6923927962779999,-0.2028328776359558,-0.2028328776359558,-0.0552879199385643,-1.1121176481246948,-0.19461193680763245,0.0,-0.1475449576973915,-0.1475449576973915,-0.05247136950492859,-0.05247136950492859,0.016877684742212296,0.16671213507652283,0.9161999225616455,0.0,-0.06934905424714088,-0.06934905424714088,0.3968545198440552,0.3968545198440552,0.12688952684402466,1.1752883195877075,1.2802972793579102,0.0,0.2699649930000305,0.2699649930000305,-0.16236931085586548,-0.16236931085586548,-0.13040895760059357,-0.9839420914649963,-0.6511233448982239,0.0,-0.03196035325527191,-0.03196035325527191
105,1.75,14,0,0,,6,stairs down,11,0.0,93.60613250732422,52.33872604370117,-0.8654057383537292,1.5222718715667725,1.3655223846435547,0.9951056241989136,1.3655223846435547,5.1034345626831055,6.164585113525391,0.5,0.034106820821762085,0.19454340636730194,0.7611359357833862,0.6827611923217773,-0.24524259567260742,-0.48258233070373535,-0.01964416913688183,-0.008626136928796768,0.6640753746032715,0.17144298553466797,-0.17166981101036072,-0.17166981101036072,-0.0807235911488533,-1.080953598022461,-1.0306463241577148,0.0,-0.09094621986150742,-0.09094621986150742,-0.7721317410469055,-0.7721317410469055,-0.17963679134845734,-1.9967838525772095,-1.887685775756836,0.0,-0.5924949496984482,-0.5924949496984482,-0.009822084568440914,-0.009822084568440914,-0.07949419319629669,0.6722412109375,0.40763193368911743,0.0,0.06967210862785578,0.06967210862785578,-0.006038295570760965,-0.006038295570760965,-0.06154479458928108,0.06751523911952972,-0.06841237097978592,0.0,0.05550649901852012,0.05550649901852012,0.33203768730163574,0.33203768730163574,0.049685485661029816,1.4370677471160889,1.1640996932983398,0.0,0.2823522016406059,0.2823522016406059,0.08572149276733398,0.08572149276733398,-0.08243105560541153,-0.6900061368942261,-0.685267984867096,0.0,0.16815254837274551,0.16815254837274551
106,1.7666666666666666,2,0,0,,6,stairs down,11,0.0,93.69461822509766,52.35138702392578,-0.8642269372940063,1.225041389465332,0.6923800110816956,0.8314045667648315,0.6923800110816956,4.549468040466309,6.258293151855469,0.6666666865348816,-0.19228902459144592,0.029294423758983612,0.612520694732666,0.3461900055408478,-0.09915756434202194,-0.5007115006446838,-0.12016099691390991,0.15198421478271484,0.6340206861495972,0.1507609337568283,-0.0694102942943573,-0.0694102942943573,-0.15350157022476196,0.04160000756382942,-0.6511086821556091,0.0,0.08409127593040466,0.08409127593040466,-0.8011384010314941,-0.8011384010314941,-0.28091341257095337,-1.903069019317627,-1.751070261001587,0.0,-0.5202249884605408,-0.5202249884605408,-0.060080498456954956,-0.060080498456954956,-0.09095651656389236,-0.24388723075389862,-0.6797769069671631,0.0,0.03087601810693741,0.03087601810693741,0.10638894885778427,0.10638894885778427,0.07747858762741089,-0.6384563446044922,0.23270390927791595,0.0,0.028910361230373383,0.028910361230373383,0.3170103430747986,0.3170103430747986,0.21617470681667328,0.05419190227985382,1.2475733757019043,0.0,0.1008356362581253,0.1008356362581253,0.07538046687841415,0.07538046687841415,-0.10195675492286682,0.41768670082092285,0.11812586337327957,0.0,0.17733722180128098,0.17733722180128098
106,1.7666666666666666,8,0,0,,6,stairs down,11,0.0,93.65117645263672,52.41093826293945,-0.8638625741004944,1.4372814893722534,1.3894433975219727,0.5761785507202148,1.3894433975219727,3.0171923637390137,2.5086212158203125,0.3333333432674408,0.1501942276954651,0.04440298676490784,0.7186407446861267,0.6947216987609863,-0.1284111589193344,-0.5029676556587219,-0.3368052542209625,0.19941113889217377,0.7459678053855896,-0.08490453660488129,-0.08988781273365021,-0.08988781273365021,-0.22678375244140625,-0.2567490041255951,-0.9565719366073608,0.0,0.13689593970775604,0.13689593970775604,-0.8047482371330261,-0.8047482371330261,-0.254688024520874,-1.9854774475097656,-1.917657494544983,0.0,-0.5500602126121521,-0.5500602126121521,-0.16840262711048126,-0.16840262711048126,-0.07355139404535294,-1.1210026741027832,-0.5072606205940247,0.0,-0.09485123306512833,-0.09485123306512833,0.13958778977394104,0.13958778977394104,0.019868768751621246,0.21545718610286713,0.6608049273490906,0.0,0.1197190210223198,0.1197190210223198,0.3729839026927948,0.3729839026927948,0.145130917429924,1.3309388160705566,1.2445144653320312,0.0,0.2278529852628708,0.2278529852628708,-0.04245226830244064,-0.04245226830244064,-0.14504897594451904,-0.881484866142273,-0.7645344138145447,0.0,0.1025967076420784,0.1025967076420784
106,1.7666666666666666,14,0,0,,6,stairs down,11,0.0,93.61194610595703,52.33906936645508,-0.8647847175598145,1.3840076923370361,1.302858829498291,1.0869724750518799,1.302858829498291,5.534626007080078,5.0040082931518555,0.3333333432674408,-0.02122374437749386,0.17641305923461914,0.6920038461685181,0.6514294147491455,-0.19743701815605164,-0.5177803039550781,-0.06316732615232468,-0.04202891141176224,0.732698917388916,0.011738008819520473,-0.13820591568946838,-0.13820591568946838,-0.10057507455348969,-1.1122630834579468,-1.0477889776229858,0.0,-0.0376308411359787,-0.0376308411359787,-0.828448474407196,-0.828448474407196,-0.21201743185520172,-1.955257534980774,-1.9248619079589844,0.0,-0.6164310425519943,-0.6164310425519943,-0.03158366307616234,-0.03158366307616234,-0.06891416758298874,0.5538360476493835,0.49779999256134033,0.0,0.0373305045068264,0.0373305045068264,-0.029420237988233566,-0.029420237988233566,-0.05902756750583649,0.18158820271492004,-0.0220937617123127,0.0,0.02960732951760292,0.02960732951760292,0.366349458694458,0.366349458694458,0.0673207938671112,1.2683590650558472,1.2571160793304443,0.0,0.2990286648273468,0.2990286648273468,0.005869004409760237,0.005869004409760237,-0.09157721698284149,-0.7929925918579102,-0.6868825554847717,0.0,0.09744622139260173,0.09744622139260173
107,1.7833333333333332,2,0,0,,6,stairs down,11,0.0,93.7012710571289,52.35289001464844,-0.860769510269165,1.454264760017395,0.4431716501712799,0.9076424837112427,0.4431716501712799,4.55902099609375,5.528319358825684,0.5,-0.15473990142345428,0.008440089412033558,0.7271323800086975,0.22158582508563995,-0.2316613495349884,-0.4918283224105835,-0.003802530700340867,0.17391104996204376,0.5167351365089417,0.2710951268672943,-0.16216294467449188,-0.16216294467449188,-0.15363174676895142,-0.2133645862340927,-0.41506168246269226,0.0,-0.008531197905540466,-0.008531197905540466,-0.7869253158569336,-0.7869253158569336,-0.30939337611198425,-1.9681998491287231,-1.8028652667999268,0.0,-0.47753193974494934,-0.47753193974494934,-0.0019012653501704335,-0.0019012653501704335,-0.07727552950382233,0.7507509589195251,-0.5312433838844299,0.0,0.0753742641536519,0.0753742641536519,0.12173773348331451,0.12173773348331451,0.05289439857006073,-1.137732982635498,-0.06415210664272308,0.0,0.06884333491325378,0.06884333491325378,0.2583675682544708,0.2583675682544708,0.196696475148201,-1.2023451328277588,0.8409174084663391,0.0,0.061671093106269836,0.061671093106269836,0.13554756343364716,0.13554756343364716,-0.08042153716087341,1.2272071838378906,0.22020402550697327,0.0,0.21596910059452057,0.21596910059452057
107,1.7833333333333332,8,0,0,,6,stairs down,11,0.0,93.66040802001953,52.412445068359375,-0.8637948632240295,0.8607791066169739,1.1313337087631226,0.5169018507003784,1.1313337087631226,2.831873655319214,3.1798617839813232,0.5,0.1216321587562561,0.05244497209787369,0.43038955330848694,0.5656668543815613,0.08148947358131409,-0.43970608711242676,-0.24573826789855957,0.3731269836425781,0.8064608573913574,-0.2273191511631012,0.05704263225197792,0.05704263225197792,-0.22770467400550842,0.3052396774291992,-0.7181006669998169,0.0,0.28474730625748634,0.28474730625748634,-0.7035297751426697,-0.7035297751426697,-0.28724750876426697,-1.9454772472381592,-1.940767765045166,0.0,-0.4162822663784027,-0.4162822663784027,-0.12286913394927979,-0.12286913394927979,-0.09042869508266449,-0.7853829860687256,-0.7163989543914795,0.0,-0.032440438866615295,-0.032440438866615295,0.26118889451026917,0.26118889451026917,0.025910770520567894,0.3693874478340149,0.5090484619140625,0.0,0.23527812398970127,0.23527812398970127,0.4032304286956787,0.4032304286956787,0.16453228890895844,1.3846906423568726,1.273964285850525,0.0,0.23869813978672028,0.23869813978672028,-0.1136595755815506,-0.1136595755815506,-0.16049666702747345,-0.7465701103210449,-0.80438631772995,0.0,0.04683709144592285,0.04683709144592285
107,1.7833333333333332,14,0,0,,6,stairs down,11,0.0,93.61829376220703,52.33950424194336,-0.864188551902771,1.4372636079788208,1.5914075374603271,1.195382833480835,1.5914075374603271,6.03364372253418,7.121167182922363,0.5,-0.03189954161643982,0.14971819519996643,0.7186318039894104,0.7957037687301636,-0.0868876650929451,-0.5513945817947388,-0.12592081725597382,-0.005012896843254566,0.7667534351348877,0.014896023087203503,-0.06082136556506157,-0.06082136556506157,-0.11621614545583725,-0.8702625036239624,-1.0697591304779053,0.0,0.05539477989077568,0.05539477989077568,-0.8822313547134399,-0.8822313547134399,-0.2441600263118744,-1.9580332040786743,-1.935219407081604,0.0,-0.6380713284015656,-0.6380713284015656,-0.06296040862798691,-0.06296040862798691,-0.0626840889453888,0.2347986102104187,0.5168948173522949,0.0,-0.000276319682598114,-0.000276319682598114,-0.00350902765057981,-0.00350902765057981,-0.05772006884217262,0.10147066414356232,0.04731277748942375,0.0,0.05421104119159281,0.05421104119159281,0.38337671756744385,0.38337671756744385,0.08393939584493637,1.0551555156707764,1.2609472274780273,0.0,0.2994373217225075,0.2994373217225075,0.007448011543601751,0.007448011543601751,-0.09592877328395844,0.09183526784181595,-0.7230405211448669,0.0,0.10337678482756019,0.10337678482756019
108,1.8,2,0,0,,6,stairs down,11,0.0,93.70761108398438,52.35449981689453,-0.8568660020828247,0.9205981492996216,0.5794782638549805,0.9205981492996216,0.5794782638549805,4.56112003326416,2.6828842163085938,0.37102290987968445,-0.06945955753326416,0.05556855350732803,0.4602990746498108,0.28973913192749023,-0.2166440337896347,0.03533262014389038,0.3479132652282715,0.10715348273515701,0.25022247433662415,0.5845135450363159,-0.1516508162021637,-0.1516508162021637,-0.15955328941345215,-0.5145524144172668,-0.34633150696754456,0.0,0.007902473211288452,0.007902473211288452,0.01766631007194519,0.01766631007194519,-0.29084348678588867,1.9059438705444336,-1.8592045307159424,0.0,0.30850979685783386,0.30850979685783386,0.17395663261413574,0.17395663261413574,-0.05290139093995094,1.9747174978256226,-0.09439180046319962,0.0,0.22685802355408669,0.22685802355408669,0.07500743865966797,0.07500743865966797,0.0325227715075016,-1.1635335683822632,-0.42998483777046204,0.0,0.04248466715216637,0.04248466715216637,0.12511123716831207,0.12511123716831207,0.21094319224357605,0.9292783737182617,0.14465652406215668,0.0,-0.08583195507526398,-0.08583195507526398,0.29225677251815796,0.29225677251815796,-0.05868179351091385,1.5210705995559692,0.5633497834205627,0.0,0.3509385660290718,0.3509385660290718
108,1.8,8,0,0,,6,stairs down,11,0.0,93.66726684570312,52.41312026977539,-0.864006757736206,0.4945535659790039,1.0366202592849731,0.4945535659790039,1.0366202592849731,2.748223304748535,3.0158443450927734,0.39806994795799255,0.08801907300949097,0.07884903997182846,0.24727678298950195,0.5183101296424866,0.05320997163653374,-0.2895395755767822,-0.20852723717689514,0.49288156628608704,0.8549744486808777,-0.3375217318534851,0.037246979773044586,0.037246979773044586,-0.22286859154701233,0.3437771201133728,-0.36938783526420593,0.0,0.2601155713200569,0.2601155713200569,-0.4632633328437805,-0.4632633328437805,-0.31158819794654846,-1.430719256401062,-1.942372441291809,0.0,-0.15167513489723206,-0.15167513489723206,-0.10426361858844757,-0.10426361858844757,-0.10509590804576874,-0.8792706727981567,-0.7399058938026428,0.0,0.000832289457321167,0.000832289457321167,0.34501710534095764,0.34501710534095764,0.033092301338911057,0.8501121401786804,0.46145763993263245,0.0,0.3119248040020466,0.3119248040020466,0.42748722434043884,0.42748722434043884,0.19718144834041595,1.913413643836975,1.3116953372955322,0.0,0.2303057760000229,0.2303057760000229,-0.16876086592674255,-0.16876086592674255,-0.16169849038124084,-0.23493587970733643,-0.7846848368644714,0.0,-0.007062375545501709,-0.007062375545501709
108,1.8,14,0,0,,6,stairs down,11,0.0,93.62519836425781,52.34006881713867,-0.8634994029998779,1.539379596710205,1.581048846244812,1.1431550979614258,1.581048846244812,5.965968132019043,3.629866600036621,0.3333333432674408,0.009558668360114098,0.11861559003591537,0.7696897983551025,0.790524423122406,0.017198000103235245,-0.6866747140884399,-0.3024364113807678,-0.06152559444308281,0.7909414768218994,-0.029543448239564896,0.012038599699735641,0.012038599699735641,-0.12321599572896957,-0.22874577343463898,-1.0017787218093872,0.0,0.13525459542870522,0.13525459542870522,-1.098679542541504,-1.098679542541504,-0.27602842450141907,-1.7290291786193848,-1.942993402481079,0.0,-0.8226511180400848,-0.8226511180400848,-0.1512182056903839,-0.1512182056903839,-0.0638483464717865,-0.34167250990867615,0.4207678735256195,0.0,-0.08736985921859741,-0.08736985921859741,-0.043067917227745056,-0.043067917227745056,-0.06143329665064812,-0.37969452142715454,0.06576758623123169,0.0,0.01836537942290306,0.01836537942290306,0.3954707384109497,0.3954707384109497,0.1052374318242073,1.4904502630233765,1.1908217668533325,0.0,0.2902333065867424,0.2902333065867424,-0.014771724119782448,-0.014771724119782448,-0.11082297563552856,-0.3201194703578949,-0.44536393880844116,0.0,0.09605125151574612,0.09605125151574612
109,1.8166666666666667,2,0,0,,6,stairs down,11,0.0,93.71258544921875,52.35514450073242,-0.8518816232681274,1.107134222984314,0.5574114322662354,1.107134222984314,0.5574114322662354,5.435561180114746,2.645738124847412,0.3333333432674408,0.029497068375349045,0.07054085284471512,0.553567111492157,0.2787057161331177,-0.10608814656734467,0.20231859385967255,0.5025808215141296,0.2752358317375183,0.11002559959888458,0.6280848979949951,-0.07426170259714127,-0.07426170259714127,-0.165244922041893,-0.24523398280143738,-0.4036543369293213,0.0,0.09098321944475174,0.09098321944475174,0.10115929692983627,0.10115929692983627,-0.25755617022514343,1.9494297504425049,-0.5761948227882385,0.0,0.3587154671549797,0.3587154671549797,0.2512904107570648,0.2512904107570648,-0.020739110186696053,1.998351812362671,0.6106765866279602,0.0,0.27202952094376087,0.27202952094376087,0.19266508519649506,0.19266508519649506,0.016907859593629837,-0.7356630563735962,-0.6799484491348267,0.0,0.17575722560286522,0.17575722560286522,0.05501279979944229,0.05501279979944229,0.21469058096408844,-0.325598806142807,0.41202375292778015,0.0,-0.15967778116464615,-0.15967778116464615,0.31404244899749756,0.31404244899749756,-0.03619961813092232,1.7218888998031616,0.8897020816802979,0.0,0.3502420671284199,0.3502420671284199
109,1.8166666666666667,8,0,0,,6,stairs down,11,0.0,93.67296600341797,52.414100646972656,-0.8640524744987488,1.072340965270996,1.1322685480117798,0.8057632446289062,1.1322685480117798,4.400820732116699,4.6020965576171875,0.5,-0.05824347585439682,0.0740639716386795,0.536170482635498,0.5661342740058899,-0.48133209347724915,-0.5935090184211731,-0.09169250726699829,0.29952895641326904,0.7695658802986145,-0.24893930554389954,-0.3369324505329132,-0.3369324505329132,-0.22931928932666779,-0.9768487811088562,-0.12637019157409668,0.0,-0.10761316120624542,-0.10761316120624542,-0.9496144652366638,-0.9496144652366638,-0.34471744298934937,-2.000060796737671,-1.7680217027664185,0.0,-0.6048970222473145,-0.6048970222473145,-0.045846253633499146,-0.045846253633499146,-0.1122734546661377,-0.022454842925071716,-0.787395715713501,0.0,0.06642720103263855,0.06642720103263855,0.2096702605485916,0.2096702605485916,0.05412891507148743,1.61135733127594,0.5938953161239624,0.0,0.1555413454771042,0.1555413454771042,0.38478294014930725,0.38478294014930725,0.21249163150787354,0.7207608222961426,1.5167365074157715,0.0,0.17229130864143372,0.17229130864143372,-0.12446965277194977,-0.12446965277194977,-0.16173873841762543,0.20605690777301788,-0.5973526835441589,0.0,0.03726908564567566,0.03726908564567566
109,1.8166666666666667,14,0,0,,6,stairs down,11,0.0,93.63277435302734,52.340476989746094,-0.8631435036659241,1.4317665100097656,1.2045795917510986,1.0187565088272095,1.2045795917510986,5.2923197746276855,2.9484915733337402,0.3333333432674408,0.036022525280714035,0.10878267139196396,0.7158832550048828,0.6022897958755493,0.10567226260900497,-0.6313347220420837,-0.29567664861679077,0.2795623540878296,0.7150388956069946,0.09146656841039658,0.07397058606147766,0.07397058606147766,-0.12740330398082733,-0.304897665977478,-0.7383604645729065,0.0,0.201373890042305,0.201373890042305,-1.010135531425476,-1.010135531425476,-0.3088429272174835,-1.8124600648880005,-1.870082974433899,0.0,-0.7012926042079926,-0.7012926042079926,-0.14783832430839539,-0.14783832430839539,-0.07495801895856857,-0.6453660130500793,0.1609591543674469,0.0,-0.07288030534982681,-0.07288030534982681,0.19569364190101624,0.19569364190101624,-0.05904039740562439,0.4362550973892212,-0.08602780103683472,0.0,0.2547340393066406,0.2547340393066406,0.3575194478034973,0.3575194478034973,0.1252451092004776,1.5644170045852661,1.2929229736328125,0.0,0.23227433860301971,0.23227433860301971,0.04573328420519829,0.04573328420519829,-0.11810354143381119,-0.6592496633529663,-0.4026857018470764,0.0,0.16383682563900948,0.16383682563900948
110,1.8333333333333333,2,0,0,,6,stairs down,11,0.0,93.71568298339844,52.35485076904297,-0.8459198474884033,1.0690152645111084,0.2854737937450409,1.0690152645111084,0.2854737937450409,5.222896575927734,6.3651556968688965,0.5,0.05686750262975693,0.06322279572486877,0.5345076322555542,0.14273689687252045,-0.1540171355009079,0.2824229896068573,0.3665131628513336,0.0066163004375994205,0.023152729496359825,0.447049081325531,-0.10781199485063553,-0.10781199485063553,-0.16658037900924683,-0.044343430548906326,-0.3496710956096649,0.0,0.0587683841586113,0.0587683841586113,0.14121149480342865,0.14121149480342865,-0.22462767362594604,1.9614931344985962,0.2844354212284088,0.0,0.3658391684293747,0.3658391684293747,0.1832565814256668,0.1832565814256668,0.012572169303894043,1.9260371923446655,1.0835398435592651,0.0,0.17068441212177277,0.17068441212177277,0.004631410352885723,0.004631410352885723,0.003265165025368333,-0.8226990699768066,-0.6989337205886841,0.0,0.0013662453275173903,0.0013662453275173903,0.011576364748179913,0.011576364748179913,0.19460736215114594,-1.3693093061447144,0.16067193448543549,0.0,-0.18303099740296602,-0.18303099740296602,0.2235245406627655,0.2235245406627655,-0.012113895267248154,1.9626749753952026,1.173277497291565,0.0,0.23563843593001366,0.23563843593001366
110,1.8333333333333333,8,0,0,,6,stairs down,11,0.0,93.67863464355469,52.41554641723633,-0.8641550540924072,1.1256835460662842,1.3839139938354492,0.8088598251342773,1.3839139938354492,4.697747230529785,4.119388103485107,0.5,-0.058554716408252716,0.06163051351904869,0.5628417730331421,0.6919569969177246,-0.3334127962589264,-0.5598485469818115,0.09733964502811432,0.0643095150589943,0.7975740432739258,-0.3124065101146698,-0.2333889603614807,-0.2333889603614807,-0.23786823451519012,-0.24336682260036469,-0.41617873311042786,0.0,0.004479274153709412,0.004479274153709412,-0.8957576751708984,-0.8957576751708984,-0.37753674387931824,-1.9969760179519653,-1.8470910787582397,0.0,-0.5182209312915802,-0.5182209312915802,0.04866982251405716,0.04866982251405716,-0.1054457575082779,0.8256772756576538,-0.5267348885536194,0.0,0.15411558002233505,0.15411558002233505,0.045016661286354065,0.045016661286354065,0.07062190771102905,0.6053658723831177,0.9406049847602844,0.0,-0.025605246424674988,-0.025605246424674988,0.3987870216369629,0.3987870216369629,0.22310222685337067,0.628926157951355,1.2455002069473267,0.0,0.17568479478359222,0.17568479478359222,-0.1562032550573349,-0.1562032550573349,-0.1566169112920761,0.4030711054801941,-0.32358333468437195,0.0,0.00041365623474121094,0.00041365623474121094
110,1.8333333333333333,14,0,0,,6,stairs down,11,0.0,93.64022064208984,52.34095001220703,-0.862432599067688,1.3065074682235718,1.1743525266647339,0.919464111328125,1.1743525266647339,4.576032638549805,5.553908824920654,0.5,0.03762521594762802,0.10381954163312912,0.6532537341117859,0.5871762633323669,0.02626650035381317,-0.5782564282417297,-0.3323962390422821,0.18237607181072235,0.7967201471328735,-0.2500803768634796,0.01838655024766922,0.01838655024766922,-0.1326274275779724,-0.1637704223394394,-0.5906538963317871,0.0,0.15101397782564163,0.15101397782564163,-0.9252102971076965,-0.9252102971076965,-0.3415842652320862,-1.9809675216674805,-1.8504472970962524,0.0,-0.5836260318756104,-0.5836260318756104,-0.16619811952114105,-0.16619811952114105,-0.0870480164885521,-0.8423886299133301,-0.11380369961261749,0.0,-0.07915010303258896,-0.07915010303258896,0.127663254737854,0.127663254737854,-0.0515010803937912,0.510391116142273,0.09194499254226685,0.0,0.1791643351316452,0.1791643351316452,0.39836007356643677,0.39836007356643677,0.13950204849243164,0.8880954384803772,1.38543701171875,0.0,0.2588580250740051,0.2588580250740051,-0.1250401884317398,-0.1250401884317398,-0.1309874802827835,-0.6054385304450989,-0.4901122748851776,0.0,0.005947291851043701,0.005947291851043701
111,1.8499999999999999,2,0,0,,6,stairs down,11,0.0,93.71709442138672,52.35383224487305,-0.8399152755737305,0.8213745951652527,0.618903398513794,0.8213745951652527,0.618903398513794,4.1123151779174805,4.373941421508789,0.3333333432674408,0.08269455283880234,0.038297951221466064,0.41068729758262634,0.309451699256897,-0.20751602947711945,0.4445832669734955,0.2968728244304657,0.019712068140506744,-0.09042598307132721,0.4601915180683136,-0.14526121318340302,-0.14526121318340302,-0.16806530952453613,-0.04701115936040878,-0.24562782049179077,0.0,0.022804096341133118,0.022804096341133118,0.22229163348674774,0.22229163348674774,-0.1920536607503891,1.9856364727020264,0.8559085726737976,0.0,0.41434529423713684,0.41434529423713684,0.14843641221523285,0.14843641221523285,0.03900397941470146,1.5478888750076294,1.3706287145614624,0.0,0.10943243280053139,0.10943243280053139,0.013798447325825691,0.013798447325825691,-0.0031895036809146404,-0.3043997883796692,-0.7411078810691833,0.0,0.01698795100674033,0.01698795100674033,-0.14468157291412354,-0.14468157291412354,0.1646067202091217,-1.9991308450698853,-0.36068350076675415,0.0,-0.30928829312324524,-0.30928829312324524,0.2300957590341568,0.2300957590341568,0.01768605224788189,1.6823220252990723,1.4422720670700073,0.0,0.2124097067862749,0.2124097067862749
111,1.8499999999999999,8,0,0,,6,stairs down,11,0.0,93.68405151367188,52.41658020019531,-0.8639931082725525,0.4436149597167969,0.9023681282997131,0.4436149597167969,0.9023681282997131,2.9188106060028076,2.656691551208496,0.5,-0.029453948140144348,0.05470133572816849,0.22180747985839844,0.45118406414985657,-0.23673193156719208,-0.4122716784477234,0.15165671706199646,0.1916143298149109,0.702234148979187,-0.13461793959140778,-0.1657123565673828,-0.1657123565673828,-0.24370266497135162,-0.4160589277744293,-0.35729143023490906,0.0,0.07799030840396881,0.07799030840396881,-0.6596347093582153,-0.6596347093582153,-0.40720364451408386,-1.865744709968567,-1.8981657028198242,0.0,-0.25243106484413147,-0.25243106484413147,0.07582835853099823,0.07582835853099823,-0.08458582311868668,1.470533847808838,-0.06588777154684067,0.0,0.1604141816496849,0.1604141816496849,0.13413003087043762,0.13413003087043762,0.08048354089260101,0.5990504026412964,0.8263691067695618,0.0,0.05364648997783661,0.05364648997783661,0.3511170744895935,0.3511170744895935,0.22869855165481567,0.23779313266277313,1.0353968143463135,0.0,0.12241852283477783,0.12241852283477783,-0.06730896979570389,-0.06730896979570389,-0.14275142550468445,0.9551631212234497,-0.07596901804208755,0.0,0.07544245570898056,0.07544245570898056
111,1.8499999999999999,14,0,0,,6,stairs down,11,0.0,93.6480941772461,52.341400146484375,-0.8626771569252014,1.2935807704925537,1.320676565170288,0.5793954133987427,1.320676565170288,2.99953556060791,1.582979679107666,0.3333333432674408,0.0551302433013916,0.09339103102684021,0.6467903852462769,0.660338282585144,0.08185818791389465,-0.6284129619598389,-0.40400442481040955,0.14412055909633636,0.7959018349647522,-0.0960179939866066,0.05730073153972626,0.05730073153972626,-0.1327054798603058,0.2459009885787964,-0.44518932700157166,0.0,0.19000621140003204,0.19000621140003204,-1.0054607391357422,-1.0054607391357422,-0.3743778169155121,-1.9785460233688354,-1.894923210144043,0.0,-0.6310829222202301,-0.6310829222202301,-0.20200221240520477,-0.20200221240520477,-0.10151637345552444,-1.0241787433624268,-0.3620758354663849,0.0,-0.10048583894968033,-0.10048583894968033,0.10088439285755157,0.10088439285755157,-0.04492022842168808,0.28683531284332275,0.23453442752361298,0.0,0.14580462127923965,0.14580462127923965,0.3979509174823761,0.3979509174823761,0.154121994972229,0.896915853023529,1.2159631252288818,0.0,0.2438289225101471,0.2438289225101471,-0.0480089969933033,-0.0480089969933033,-0.13206133246421814,0.1890512853860855,-0.5294107794761658,0.0,0.08405233547091484,0.08405233547091484
112,1.8666666666666667,2,0,0,,6,stairs down,11,0.0,93.71826171875,52.35283279418945,-0.8353369235992432,0.7587538361549377,0.8554818630218506,0.7587538361549377,0.8554818630218506,3.8528032302856445,2.5416033267974854,0.1666666716337204,0.07587041705846786,0.041338659822940826,0.37937691807746887,0.4277409315109253,-0.3296809494495392,0.5541345477104187,0.15078504383563995,-0.00701697776094079,-0.24313479661941528,0.46552687883377075,-0.23077666759490967,-0.23077666759490967,-0.17189402878284454,-0.35583627223968506,-0.17794732749462128,0.0,-0.058882638812065125,-0.058882638812065125,0.27706727385520935,0.27706727385520935,-0.15863634645938873,2.000000476837158,1.24087393283844,0.0,0.4357036203145981,0.4357036203145981,0.07539252191781998,0.07539252191781998,0.05952519178390503,0.9284147620201111,1.4310317039489746,0.0,0.015867330133914948,0.015867330133914948,-0.0049118841998279095,-0.0049118841998279095,-0.0050362348556518555,0.05417260155081749,-0.5922954678535461,0.0,0.000124350655823946,0.000124350655823946,-0.38901567459106445,-0.38901567459106445,0.1320737898349762,-1.9961200952529907,-0.9189997911453247,0.0,-0.5210894644260406,-0.5210894644260406,0.23276343941688538,0.23276343941688538,0.04449327290058136,1.792264699935913,1.5240713357925415,0.0,0.18827016651630402,0.18827016651630402
112,1.8666666666666667,8,0,0,,6,stairs down,11,0.0,93.68844604492188,52.4178466796875,-0.8628284931182861,0.7196567058563232,1.102872610092163,0.7196567058563232,1.102872610092163,4.190428733825684,4.217696189880371,0.5,-0.036198690533638,0.06729672104120255,0.3598283529281616,0.5514363050460815,-0.4010368287563324,-0.2636558413505554,0.004280522465705872,0.1679278165102005,0.6120963096618652,0.06641029566526413,-0.28072577714920044,-0.28072577714920044,-0.24771815538406372,-0.00888892449438572,-0.37731698155403137,0.0,-0.03300762176513672,-0.03300762176513672,-0.4218493402004242,-0.4218493402004242,-0.41186270117759705,0.057010941207408905,-1.887117862701416,0.0,-0.009986639022827148,-0.009986639022827148,0.002140261232852936,0.002140261232852936,-0.06416784226894379,1.0958800315856934,0.45766228437423706,0.0,0.06630810350179672,0.06630810350179672,0.11754947155714035,0.11754947155714035,0.08280005306005478,-0.3047398030757904,0.7489081025123596,0.0,0.03474941849708557,0.03474941849708557,0.3060481548309326,0.3060481548309326,0.24439825117588043,0.8506208658218384,0.7636058926582336,0.0,0.061649903655052185,0.061649903655052185,0.033205147832632065,0.033205147832632065,-0.13641102612018585,0.6059533357620239,0.2753989100456238,0.0,0.16961617395281792,0.16961617395281792
112,1.8666666666666667,14,0,0,,6,stairs down,11,0.0,93.65607452392578,52.342403411865234,-0.8628764748573303,1.0869472026824951,1.4216978549957275,0.5253610610961914,1.4216978549957275,2.7182130813598633,1.0201466083526611,0.3333333432674408,0.083816759288311,0.09522080421447754,0.5434736013412476,0.7108489274978638,0.15609818696975708,-0.6864579916000366,-0.30221855640411377,0.1947869211435318,0.8100354671478271,-0.13531912863254547,0.10926873236894608,0.10926873236894608,-0.12667004764080048,0.5581791996955872,-0.20969383418560028,0.0,0.23593878000974655,0.23593878000974655,-1.0983327627182007,-1.0983327627182007,-0.4073467254638672,-1.9731284379959106,-1.923418402671814,0.0,-0.6909860372543335,-0.6909860372543335,-0.15110927820205688,-0.15110927820205688,-0.11716756969690323,-0.8558251857757568,-0.5876935720443726,0.0,-0.033941708505153656,-0.033941708505153656,0.1363508403301239,0.1363508403301239,-0.03993920981884003,0.31702178716659546,0.2523564398288727,0.0,0.17629005014896393,0.17629005014896393,0.4050177335739136,0.4050177335739136,0.16584992408752441,1.0371620655059814,1.1072447299957275,0.0,0.23916780948638916,0.23916780948638916,-0.06765956431627274,-0.06765956431627274,-0.13087405264377594,-0.6599462628364563,-0.284588098526001,0.0,0.0632144883275032,0.0632144883275032
113,1.8833333333333333,2,0,0,,6,stairs down,11,0.0,93.7192153930664,52.352474212646484,-0.8325674533843994,1.0329985618591309,0.8561488389968872,1.0329985618591309,0.8561488389968872,5.288441181182861,0.0,0.0,0.03952714055776596,0.03249972313642502,0.5164992809295654,0.4280744194984436,-0.19138118624687195,0.5072983503341675,-0.07769802212715149,-0.03779108449816704,-0.28970950841903687,0.3854154944419861,-0.1339668333530426,-0.1339668333530426,-0.16982713341712952,0.3035801649093628,-0.2385646551847458,0.0,0.035860300064086914,0.035860300064086914,0.25364917516708374,0.25364917516708374,-0.12519025802612305,2.0000016689300537,1.4995533227920532,0.0,0.3788394331932068,0.3788394331932068,-0.038849011063575745,-0.038849011063575745,0.06129486486315727,-0.28693288564682007,1.2597602605819702,0.0,-0.10014387592673302,-0.10014387592673302,-0.026453759521245956,-0.026453759521245956,-0.009142369031906128,-0.42230623960494995,-0.3720054030418396,0.0,-0.01731139048933983,-0.01731139048933983,-0.46353521943092346,-0.46353521943092346,0.10008905082941055,-1.9822639226913452,-1.2860386371612549,0.0,-0.563624270260334,-0.563624270260334,0.19270774722099304,0.19270774722099304,0.06084812432527542,0.7220771312713623,1.615460753440857,0.0,0.13185962289571762,0.13185962289571762
113,1.8833333333333333,8,0,0,,6,stairs down,11,0.0,93.69049835205078,52.41835021972656,-0.8611934781074524,0.41283610463142395,-0.37261608242988586,0.41283610463142395,-0.37261608242988586,2.4262547492980957,1.4922139644622803,0.3333333432674408,0.0286161657422781,0.07155196368694305,0.20641805231571198,-0.18630804121494293,-0.17454500496387482,-0.2686266005039215,0.4131418466567993,0.497469037771225,0.38177409768104553,0.09509070962667465,-0.12218150496482849,-0.12218150496482849,-0.2478024959564209,-0.10070072114467621,-0.2517716586589813,0.0,0.1256209909915924,0.1256209909915924,-0.4298025667667389,-0.4298025667667389,-0.41760513186454773,-0.3070342540740967,-1.2246376276016235,0.0,-0.012197434902191162,-0.012197434902191162,0.20657092332839966,0.20657092332839966,-0.03498866781592369,1.9930084943771362,0.6751409769058228,0.0,0.24155959114432335,0.24155959114432335,0.3482283353805542,0.3482283353805542,0.07951957732439041,0.2312045693397522,0.3898676931858063,0.0,0.2687087580561638,0.2687087580561638,0.19088704884052277,0.19088704884052277,0.2395869642496109,-0.5048942565917969,0.7932570576667786,0.0,-0.048699915409088135,-0.048699915409088135,0.047545354813337326,0.047545354813337326,-0.1274929791688919,0.8279542326927185,0.38803842663764954,0.0,0.17503833398222923,0.17503833398222923
113,1.8833333333333333,14,0,0,,6,stairs down,11,0.0,93.66410064697266,52.34344482421875,-0.8633818626403809,1.210396409034729,0.7479499578475952,0.5156106948852539,0.7479499578475952,2.6055617332458496,3.2237558364868164,0.5,0.06812886893749237,0.09046575427055359,0.6051982045173645,0.3739749789237976,0.0669320821762085,-0.53341144323349,-0.18402045965194702,0.5252218842506409,0.8318808674812317,-0.11265851557254791,0.04685245826840401,0.04685245826840401,-0.12205704301595688,0.35035237669944763,0.0519661083817482,0.0,0.16890950128436089,0.16890950128436089,-0.8534583449363708,-0.8534583449363708,-0.4407207667827606,-2.001314640045166,-1.9403574466705322,0.0,-0.41273757815361023,-0.41273757815361023,-0.09201022982597351,-0.09201022982597351,-0.12776494026184082,-0.6800828576087952,-0.6790619492530823,0.0,0.03575471043586731,0.03575471043586731,0.36765530705451965,0.36765530705451965,-0.023688726127147675,1.489046335220337,0.2743917405605316,0.0,0.39134403318166733,0.39134403318166733,0.41594043374061584,0.41594043374061584,0.1791093498468399,1.0642681121826172,1.08336341381073,0.0,0.23683108389377594,0.23683108389377594,-0.056329257786273956,-0.056329257786273956,-0.14611782133579254,-0.7772282361984253,-0.4124948978424072,0.0,0.08978856354951859,0.08978856354951859
114,1.9,2,0,0,,6,stairs down,11,0.0,93.71998596191406,52.35230255126953,-0.8313403129577637,1.0452167987823486,0.6260102987289429,1.0452167987823486,0.6260102987289429,5.386504173278809,2.058641195297241,0.1666666716337204,-0.03116397187113762,0.02263304591178894,0.5226083993911743,0.31300514936447144,-0.06694691628217697,0.4428158402442932,-0.2668057978153229,0.1897638440132141,-0.1967107206583023,0.4009636640548706,-0.04686284065246582,-0.04686284065246582,-0.16290700435638428,0.10082665830850601,-0.053823720663785934,0.0,0.11604416370391846,0.11604416370391846,0.2214079201221466,0.2214079201221466,-0.09173870086669922,1.9406077861785889,1.6700857877731323,0.0,0.3131466209888458,0.3131466209888458,-0.13340289890766144,-0.13340289890766144,0.04532930254936218,-0.43271002173423767,0.732710063457489,0.0,-0.17873220145702362,-0.17873220145702362,0.13283468782901764,0.13283468782901764,-0.01194773055613041,0.19416551291942596,-0.3891458809375763,0.0,0.14478241838514805,0.14478241838514805,-0.3147371709346771,-0.3147371709346771,0.06720364093780518,-1.9475550651550293,-1.523283839225769,0.0,-0.3819408118724823,-0.3819408118724823,0.2004818320274353,0.2004818320274353,0.06586569547653198,0.23833417892456055,1.3110318183898926,0.0,0.13461613655090332,0.13461613655090332
114,1.9,8,0,0,,6,stairs down,11,0.0,93.69078063964844,52.41800308227539,-0.8585096597671509,0.5314121246337891,0.16558349132537842,0.5314121246337891,0.16558349132537842,3.098418712615967,9.551383972167969,0.6666666865348816,-0.03968276455998421,0.090873122215271,0.26570606231689453,0.08279174566268921,-0.32527756690979004,0.16919741034507751,0.18850301206111908,0.30489861965179443,0.37031421065330505,0.3938582241535187,-0.2276942878961563,-0.2276942878961563,-0.24966631829738617,-0.08575122058391571,-0.20029281079769135,0.0,0.02197203040122986,0.02197203040122986,0.08459870517253876,0.08459870517253876,-0.38908204436302185,1.9197921752929688,-0.9119556546211243,0.0,0.4736807495355606,0.4736807495355606,0.09425150603055954,0.09425150603055954,-0.005602886900305748,1.7904366254806519,1.1242166757583618,0.0,0.09985439293086529,0.09985439293086529,0.2134290337562561,0.2134290337562561,0.08353076875209808,0.12160215526819229,0.33580172061920166,0.0,0.12989826500415802,0.12989826500415802,0.18515710532665253,0.18515710532665253,0.2476184368133545,0.17577913403511047,0.3508998155593872,0.0,-0.062461331486701965,-0.062461331486701965,0.19692911207675934,0.19692911207675934,-0.11162570118904114,0.7403789758682251,0.5379438400268555,0.0,0.3085548132658005,0.3085548132658005
114,1.9,14,0,0,,6,stairs down,11,0.0,93.67054748535156,52.344398498535156,-0.8640685081481934,1.1997286081314087,1.1805837154388428,0.5183324813842773,1.1805837154388428,2.760227680206299,0.9362583160400391,0.3333333432674408,0.0950261577963829,0.15225759148597717,0.5998643040657043,0.5902918577194214,-0.10873933136463165,-0.6746196150779724,-0.08822241425514221,0.11106369644403458,0.9084222912788391,-0.41820451617240906,-0.07611753046512604,-0.07611753046512604,-0.11809731274843216,0.15974394977092743,0.15364402532577515,0.0,0.04197978228330612,0.04197978228330612,-1.079391360282898,-1.079391360282898,-0.4742516577243805,-1.9902660846710205,-1.961129069328308,0.0,-0.6051397025585175,-0.6051397025585175,-0.044111207127571106,-0.044111207127571106,-0.12926138937473297,0.21300336718559265,-0.6794098019599915,0.0,0.08515018224716187,0.08515018224716187,0.07774458825588226,0.07774458825588226,-0.010007868520915508,0.7187329530715942,0.6882966756820679,0.0,0.08775245677679777,0.08775245677679777,0.45421114563941956,0.45421114563941956,0.20113036036491394,1.5422245264053345,1.0768564939498901,0.0,0.2530807852745056,0.2530807852745056,-0.20910225808620453,-0.20910225808620453,-0.1450851559638977,0.0016991908196359873,-0.5367811918258667,0.0,-0.06401710212230682,-0.06401710212230682
115,1.9166666666666667,2,0,0,,6,stairs down,11,0.0,93.72367858886719,52.35277557373047,-0.8285794854164124,1.2234244346618652,0.41543078422546387,1.0749139785766602,0.41543078422546387,4.883578300476074,3.9294724464416504,0.3333333432674408,-0.060531239956617355,0.03826724737882614,0.6117122173309326,0.20771539211273193,-0.17475439608097076,0.4221956431865692,-0.26556196808815,0.11424300819635391,-0.07770294696092606,0.41071656346321106,-0.12232807278633118,-0.12232807278633118,-0.1754012107849121,-0.3192700445652008,-0.0011251546675339341,0.0,0.05307313799858093,0.05307313799858093,0.2110978215932846,0.2110978215932846,-0.06999655812978745,1.4465962648391724,1.7622686624526978,0.0,0.28109437972307205,0.28109437972307205,-0.132780984044075,-0.132780984044075,0.05784529075026512,-0.6269519329071045,0.3355822265148163,0.0,-0.19062627479434013,-0.19062627479434013,0.0799701064825058,0.0799701064825058,-0.014926673844456673,-0.23632529377937317,-0.19037705659866333,0.0,0.09489678032696247,0.09489678032696247,-0.12432471662759781,-0.12432471662759781,0.05262230336666107,-0.19715413451194763,-1.6678582429885864,0.0,-0.17694701999425888,-0.17694701999425888,0.20535828173160553,0.20535828173160553,0.06468956172466278,0.2469826489686966,0.9455000162124634,0.0,0.14066872000694275,0.14066872000694275
115,1.9166666666666667,8,0,0,,6,stairs down,11,0.0,93.68972778320312,52.41749572753906,-0.8551532030105591,0.5953974723815918,-0.3135678470134735,0.5953974723815918,-0.3135678470134735,3.099708080291748,6.6666669845581055,0.3333333432674408,-0.017469532787799835,0.08292948454618454,0.2976987361907959,-0.15678392350673676,-0.2974500060081482,0.2418755143880844,0.31034034490585327,0.41187384724617004,0.24758478999137878,0.3952905535697937,-0.20821499824523926,-0.20821499824523926,-0.24805468320846558,0.16145020723342896,-0.1612616926431656,0.0,0.03983968496322632,0.03983968496322632,0.1209377571940422,0.1209377571940422,-0.35642674565315247,1.9812211990356445,0.052988968789577484,0.0,0.47736450284719467,0.47736450284719467,0.15517017245292664,0.15517017245292664,0.021960103884339333,1.6304491758346558,1.3512372970581055,0.0,0.1332100685685873,0.1332100685685873,0.2883116900920868,0.2883116900920868,0.0855647474527359,0.12820462882518768,0.26281118392944336,0.0,0.2027469426393509,0.2027469426393509,0.12379239499568939,0.12379239499568939,0.24100735783576965,-0.6164425015449524,0.291225790977478,0.0,-0.11721496284008026,-0.11721496284008026,0.19764527678489685,0.19764527678489685,-0.10018135607242584,1.0071228742599487,0.6069254875183105,0.0,0.2978266328573227,0.2978266328573227
115,1.9166666666666667,14,0,0,,6,stairs down,11,0.0,93.67606353759766,52.34513473510742,-0.864138662815094,1.1680371761322021,1.1516964435577393,0.8009301424026489,1.1516964435577393,4.196169853210449,3.480933904647827,0.5,0.036055900156497955,0.09039197862148285,0.5840185880661011,0.5758482217788696,-0.18879346549510956,-0.6662704944610596,-0.05838416889309883,0.43816834688186646,0.7918692827224731,0.06174486503005028,-0.1321554183959961,-0.1321554183959961,-0.11995882540941238,-0.5019358396530151,0.15572261810302734,0.0,-0.01219659298658371,-0.01219659298658371,-1.0660327672958374,-1.0660327672958374,-0.5081825852394104,-2.000210762023926,-1.971057653427124,0.0,-0.557850182056427,-0.557850182056427,-0.029192084446549416,-0.029192084446549416,-0.1246870830655098,0.4648723006248474,-0.37531161308288574,0.0,0.09549499861896038,0.09549499861896038,0.3067178428173065,0.3067178428173065,0.012200616300106049,1.8431018590927124,0.6986681222915649,0.0,0.29451722651720047,0.29451722651720047,0.3959346413612366,0.3959346413612366,0.21616819500923157,0.7387138605117798,1.2354350090026855,0.0,0.179766446352005,0.179766446352005,0.03087243251502514,0.03087243251502514,-0.13942965865135193,0.6232572793960571,-0.3532889187335968,0.0,0.17030209116637707,0.17030209116637707
116,1.9333333333333333,2,0,0,,6,stairs down,11,0.0,93.7278060913086,52.351173400878906,-0.8249912261962891,1.4098961353302002,1.3287819623947144,1.013749599456787,1.3287819623947144,4.094038963317871,3.758330821990967,0.3333333432674408,0.08899794518947601,0.14522746205329895,0.7049480676651001,0.6643909811973572,0.3991629481315613,0.3606448173522949,0.025110241025686264,0.24932929873466492,-0.13757292926311493,0.1917269229888916,0.2794140577316284,0.2794140577316284,-0.16572441160678864,1.1479629278182983,-0.10953600704669952,0.0,0.44513846933841705,0.44513846933841705,0.18032240867614746,0.18032240867614746,-0.06662280857563019,0.3327205777168274,1.6547002792358398,0.0,0.24694521725177765,0.24694521725177765,0.012555120512843132,0.012555120512843132,0.05502782016992569,0.20907868444919586,0.007589690387248993,0.0,-0.04247269965708256,-0.04247269965708256,0.1745305061340332,0.1745305061340332,-0.022927673533558846,-0.40169596672058105,-0.2060343474149704,0.0,0.19745817966759205,0.19745817966759205,-0.22011668980121613,-0.22011668980121613,0.03764626383781433,-0.780686616897583,-1.1667019128799438,0.0,-0.25776295363903046,-0.25776295363903046,0.0958634614944458,0.0958634614944458,0.06398864835500717,0.05014163628220558,0.707473635673523,0.0,0.03187481313943863,0.03187481313943863
116,1.9333333333333333,8,0,0,,6,stairs down,11,0.0,93.68704223632812,52.41624450683594,-0.8508350253105164,0.6538338661193848,-0.19622193276882172,0.6538338661193848,-0.19622193276882172,3.3539576530456543,10.0,0.5,-0.04812903702259064,0.11066019535064697,0.3269169330596924,-0.09811096638441086,-0.13096198439598083,0.09824904054403305,0.24040725827217102,0.3798768222332001,0.10224627703428268,0.4208655059337616,-0.09167338907718658,-0.09167338907718658,-0.240984246134758,1.0905894041061401,-0.051294583827257156,0.0,0.1493108570575714,0.1493108570575714,0.049124520272016525,0.049124520272016525,-0.3238227367401123,1.9719631671905518,0.7100521326065063,0.0,0.37294725701212883,0.37294725701212883,0.12020362913608551,0.12020362913608551,0.04921185225248337,1.0431551933288574,1.4463813304901123,0.0,0.07099177688360214,0.07099177688360214,0.26591378450393677,0.26591378450393677,0.0855904221534729,-0.14645016193389893,0.21694272756576538,0.0,0.18032336235046387,0.18032336235046387,0.05112313851714134,0.05112313851714134,0.21431633830070496,-1.9463541507720947,-0.018070684745907784,0.0,-0.16319319978356361,-0.16319319978356361,0.2104327529668808,0.2104327529668808,-0.08369907736778259,1.803867220878601,0.7432964444160461,0.0,0.2941318303346634,0.2941318303346634
116,1.9333333333333333,14,0,0,,6,stairs down,11,0.0,93.68172454833984,52.346065521240234,-0.8638949394226074,1.1379941701889038,1.4105327129364014,0.8182388544082642,1.4105327129364014,4.522031784057617,3.4428935050964355,0.5,0.04738515615463257,0.11609189212322235,0.5689970850944519,0.7052663564682007,-0.22245103120803833,-0.7134458422660828,0.20016327500343323,-0.08580107986927032,0.9162926077842712,-0.2907119691371918,-0.1557157188653946,-0.1557157188653946,-0.12206224352121353,0.11056698113679886,-0.06838066130876541,0.0,-0.03365347534418106,-0.03365347534418106,-1.1415133476257324,-1.1415133476257324,-0.5416317582130432,-1.9954712390899658,-1.9809918403625488,0.0,-0.5998815894126892,-0.5998815894126892,0.10008163750171661,0.10008163750171661,-0.10619413107633591,1.5242537260055542,-0.0890110656619072,0.0,0.20627576857805252,0.20627576857805252,-0.06006075441837311,-0.06006075441837311,0.028845885768532753,0.5209534764289856,1.0886446237564087,0.0,-0.08890664018690586,-0.08890664018690586,0.4581463038921356,0.4581463038921356,0.22680649161338806,0.7768543362617493,1.0661725997924805,0.0,0.23133981227874756,0.23133981227874756,-0.1453559845685959,-0.1453559845685959,-0.1269320249557495,0.8091998100280762,-0.020521637052297592,0.0,-0.018423959612846375,-0.018423959612846375
117,1.95,2,0,0,,6,stairs down,11,0.0,93.73277282714844,52.34755325317383,-0.8212409615516663,1.7554067373275757,0.4356367290019989,0.9545621871948242,0.4356367290019989,4.6025614738464355,8.98208999633789,0.6666666865348816,0.1960383653640747,0.15065839886665344,0.8777033686637878,0.21781836450099945,-0.0036521106958389282,0.22219377756118774,0.03159807622432709,0.1420309692621231,0.07609257102012634,0.2815689742565155,-0.002556477440521121,-0.002556477440521121,-0.14893461763858795,0.8850024342536926,0.3189685344696045,0.0,0.14637814019806683,0.14637814019806683,0.11109688878059387,0.11109688878059387,-0.06399653106927872,0.920568585395813,1.2042232751846313,0.0,0.1750934198498726,0.1750934198498726,0.015799038112163544,0.015799038112163544,0.05575472116470337,0.025693608447909355,0.07624895125627518,0.0,-0.039955683052539825,-0.039955683052539825,0.0994216799736023,0.0994216799736023,-0.021891644224524498,0.36483314633369446,-0.27270784974098206,0.0,0.12131332419812679,0.12131332419812679,0.03804628551006317,0.03804628551006317,0.03140365332365036,0.3874591886997223,-1.0351635217666626,0.0,0.006642632186412811,0.006642632186412811,0.14078448712825775,0.14078448712825775,0.06787191331386566,0.3606078028678894,0.48348158597946167,0.0,0.07291257381439209,0.07291257381439209
117,1.95,8,0,0,,6,stairs down,11,0.0,93.68368530273438,52.414432525634766,-0.8467528820037842,0.3393794596195221,-0.27990955114364624,0.3393794596195221,-0.27990955114364624,1.7510426044464111,6.6666669845581055,0.3333333432674408,-0.05926431342959404,0.14035388827323914,0.16968972980976105,-0.13995477557182312,-0.3481962978839874,0.23128865659236908,0.3075670599937439,0.09491235017776489,-0.13562050461769104,0.7861950397491455,-0.24373739957809448,-0.24373739957809448,-0.2277902513742447,1.7065515518188477,0.3378130793571472,0.0,-0.015947148203849792,-0.015947148203849792,0.11564432829618454,0.11564432829618454,-0.2905513048171997,2.0147252082824707,1.1400600671768188,0.0,0.40619563311338425,0.40619563311338425,0.15378352999687195,0.15378352999687195,0.07644375413656235,-0.07755692303180695,1.3089781999588013,0.0,0.0773397758603096,0.0773397758603096,0.06643864512443542,0.06643864512443542,0.07915017753839493,-0.8998949527740479,0.09311319142580032,0.0,-0.012711532413959503,-0.012711532413959503,-0.2169928103685379,-0.2169928103685379,0.18163922429084778,-1.9799234867095947,-0.6751513481140137,0.0,-0.3986320346593857,-0.3986320346593857,0.39309751987457275,0.39309751987457275,-0.056818414479494095,0.10570810735225677,1.1046957969665527,0.0,0.44991593435406685,0.44991593435406685
117,1.95,14,0,0,,6,stairs down,11,0.0,93.6880111694336,52.34682846069336,-0.8637813925743103,0.9213476777076721,1.194061517715454,0.8450207710266113,1.194061517715454,4.659777641296387,4.770593166351318,0.5,0.0767316147685051,0.08769071102142334,0.46067383885383606,0.597030758857727,-0.1979743391275406,-0.5396935939788818,-0.03744162619113922,0.3202601969242096,0.7851523160934448,0.20257683098316193,-0.1385820358991623,-0.1385820358991623,-0.122332364320755,-0.10576143115758896,-0.007402575109153986,0.0,-0.016249671578407288,-0.016249671578407288,-0.8635097742080688,-0.8635097742080688,-0.573480486869812,-1.9964381456375122,-1.9859257936477661,0.0,-0.29002928733825684,-0.29002928733825684,-0.01872081309556961,-0.01872081309556961,-0.0841444879770279,1.1853445768356323,0.46072402596473694,0.0,0.06542367488145828,0.06542367488145828,0.22418212890625,0.22418212890625,0.04126022011041641,0.8891531825065613,0.8951985239982605,0.0,0.1829219087958336,0.1829219087958336,0.3925761580467224,0.3925761580467224,0.24077507853507996,0.9582902789115906,0.9675846695899963,0.0,0.15180107951164246,0.15180107951164246,0.10128841549158096,0.10128841549158096,-0.11133906245231628,0.7480873465538025,0.26221370697021484,0.0,0.21262747794389725,0.21262747794389725
118,1.9666666666666666,2,0,0,,6,stairs down,11,0.0,93.73782348632812,52.343814849853516,-0.8182681202888489,1.4702378511428833,0.5875278115272522,0.8988394737243652,0.5875278115272522,4.806979179382324,10.350549697875977,0.6666666865348816,0.19257712364196777,0.14004351198673248,0.7351189255714417,0.2937639057636261,0.27867206931114197,0.10459616780281067,-0.12833550572395325,0.029598936438560486,-0.03657973185181618,0.24687932431697845,0.19507044553756714,0.19507044553756714,-0.12671314179897308,1.4119372367858887,0.5118498802185059,0.0,0.3217835873365402,0.3217835873365402,0.052298083901405334,0.052298083901405334,-0.07235722243785858,0.051113590598106384,1.1075652837753296,0.0,0.12465530633926392,0.12465530633926392,-0.06416775286197662,-0.06416775286197662,0.05944908782839775,0.6046545505523682,0.05902174115180969,0.0,-0.12361684069037437,-0.12361684069037437,0.02071925438940525,0.02071925438940525,-0.023643381893634796,-0.26797404885292053,-0.05545976758003235,0.0,0.04436263628304005,0.04436263628304005,-0.058527570217847824,-0.058527570217847824,0.018474657088518143,-0.16949674487113953,-0.550391435623169,0.0,-0.07700222730636597,-0.07700222730636597,0.12343966215848923,0.12343966215848923,0.06594280898571014,-0.36334359645843506,0.4416111707687378,0.0,0.05749685317277908,0.05749685317277908
118,1.9666666666666666,8,0,0,,6,stairs down,11,0.0,93.68003845214844,52.41300582885742,-0.8428283333778381,0.6349276304244995,-0.05112264305353165,0.6349276304244995,-0.05112264305353165,2.958498477935791,6.2040252685546875,0.3333333432674408,-0.1019730269908905,0.11416229605674744,0.31746381521224976,-0.025561321526765823,-0.15727172791957855,0.22380788624286652,0.5664141178131104,0.5740828514099121,-0.28664863109588623,0.8832964897155762,-0.1100902110338211,-0.1100902110338211,-0.21984080970287323,0.7833101749420166,0.8042235374450684,0.0,0.10975059866905212,0.10975059866905212,0.11190394312143326,0.11190394312143326,-0.2575911581516266,1.9996166229248047,1.4381103515625,0.0,0.36949510127305984,0.36949510127305984,0.2832070589065552,0.2832070589065552,0.10247740149497986,1.184920072555542,0.8365033268928528,0.0,0.18072965741157532,0.18072965741157532,0.40185800194740295,0.40185800194740295,0.08082271367311478,0.35298779606819153,-0.24526363611221313,0.0,0.3210352882742882,0.3210352882742882,-0.4586378037929535,-0.4586378037929535,0.1463194489479065,-2.0487892627716064,-1.1197646856307983,0.0,-0.60495725274086,-0.60495725274086,0.4416482448577881,0.4416482448577881,-0.03715784102678299,1.2039107084274292,0.7642813920974731,0.0,0.4788060858845711,0.4788060858845711
118,1.9666666666666666,14,0,0,,6,stairs down,11,0.0,93.69422912597656,52.34775924682617,-0.8638394474983215,0.8723145723342896,0.9690811038017273,0.8723145723342896,0.9690811038017273,5.147997856140137,8.398487091064453,0.6254222393035889,0.04715847969055176,0.09356554597616196,0.4361572861671448,0.48454055190086365,-0.26200658082962036,-0.4877214729785919,0.03953241929411888,0.19033882021903992,0.802666962146759,0.2055521011352539,-0.1834046095609665,-0.1834046095609665,-0.12233016639947891,-0.07398225367069244,-0.04091927781701088,0.0,-0.06107444316148758,-0.06107444316148758,-0.780354380607605,-0.780354380607605,-0.6045050024986267,-1.8232965469360352,-1.9895079135894775,0.0,-0.17584937810897827,-0.17584937810897827,0.01976620964705944,0.01976620964705944,-0.06228380650281906,1.4112725257873535,0.7076452374458313,0.0,0.0820500161498785,0.0820500161498785,0.13323716819286346,0.13323716819286346,0.04850887134671211,0.2830127775669098,0.8931384682655334,0.0,0.08472829684615135,0.08472829684615135,0.4013334810733795,0.4013334810733795,0.25532373785972595,0.9372008442878723,0.9644174575805664,0.0,0.14600974321365356,0.14600974321365356,0.10277605056762695,0.10277605056762695,-0.10032574087381363,0.27723824977874756,0.4277796745300293,0.0,0.20310179144144058,0.20310179144144058
119,1.9833333333333334,2,0,0,,6,stairs down,11,0.0,93.74452209472656,52.340789794921875,-0.8156440258026123,1.6026922464370728,0.5165039300918579,0.8560564517974854,0.5165039300918579,4.875802516937256,3.6760146617889404,0.3333333432674408,0.2917141914367676,0.11981470882892609,0.8013461232185364,0.25825196504592896,-0.3772600591182709,0.4422106146812439,-0.14297868311405182,0.08169368654489517,0.10108575969934464,0.43888044357299805,-0.26408204436302185,-0.26408204436302185,-0.11780915409326553,-0.5331337451934814,0.8185631036758423,0.0,-0.14627289026975632,-0.14627289026975632,0.22110530734062195,0.22110530734062195,-0.05350569635629654,1.3940931558609009,0.7475694417953491,0.0,0.2746110036969185,0.2746110036969185,-0.07148934155702591,-0.07148934155702591,0.05865337699651718,0.40805283188819885,0.24495123326778412,0.0,-0.1301427185535431,-0.1301427185535431,0.0571855790913105,0.0571855790913105,-0.01587810181081295,1.0463627576828003,-0.12787599861621857,0.0,0.07306368090212345,0.07306368090212345,0.05054287984967232,0.05054287984967232,0.03198108822107315,1.3397740125656128,-0.42059800028800964,0.0,0.018561791628599167,0.018561791628599167,0.21944022178649902,0.21944022178649902,0.06824421137571335,0.4305916726589203,0.167315274477005,0.0,0.15119601041078568,0.15119601041078568
119,1.9833333333333334,8,0,0,,6,stairs down,11,0.0,93.67660522460938,52.41133499145508,-0.8395809531211853,0.6197006106376648,0.01211941335350275,0.6197006106376648,0.01211941335350275,3.071864604949951,6.6666669845581055,0.3333333432674408,-0.12019729614257812,0.13076424598693848,0.3098503053188324,0.006059706676751375,-0.3593280613422394,0.29709726572036743,0.4495786726474762,0.10616261512041092,-0.033566273748874664,0.6429275274276733,-0.25152963399887085,-0.25152963399887085,-0.20519720017910004,0.7767539620399475,0.7970970869064331,0.0,-0.04633243381977081,-0.04633243381977081,0.14854863286018372,0.14854863286018372,-0.22440288960933685,1.9737963676452637,1.6294488906860352,0.0,0.37295152246952057,0.37295152246952057,0.2247893363237381,0.2247893363237381,0.12269505113363266,1.4496619701385498,0.9552295207977295,0.0,0.10209428519010544,0.10209428519010544,0.07431382685899734,0.07431382685899734,0.08134102821350098,-0.22170479595661163,-0.04140384867787361,0.0,-0.007027201354503632,-0.007027201354503632,-0.05370603874325752,-0.05370603874325752,0.11078710854053497,-1.9202858209609985,-1.4363384246826172,0.0,-0.1644931472837925,-0.1644931472837925,0.32146376371383667,0.32146376371383667,-0.011074754409492016,1.4293017387390137,0.9140892028808594,0.0,0.3325385181233287,0.3325385181233287
119,1.9833333333333334,14,0,0,,6,stairs down,11,0.0,93.70032501220703,52.34868621826172,-0.8638856410980225,1.00131356716156,1.0746673345565796,0.9627141952514648,1.0746673345565796,5.101485729217529,6.481692314147949,0.3333333432674408,0.028561195358633995,0.08093900978565216,0.50065678358078,0.5373336672782898,-0.3252542316913605,-0.39882269501686096,0.07028144598007202,0.41677409410476685,0.7253223061561584,0.5273251533508301,-0.22767795622348785,-0.22767795622348785,-0.12863391637802124,-0.06806762516498566,-0.052185796201229095,0.0,-0.09904403984546661,-0.09904403984546661,-0.6381163001060486,-0.6381163001060486,-0.6245623826980591,-1.1789238452911377,-1.932869791984558,0.0,-0.013553917407989502,-0.013553917407989502,0.03514072299003601,0.03514072299003601,-0.03965871408581734,0.9288660287857056,0.9474127888679504,0.0,0.07479943707585335,0.07479943707585335,0.29174184799194336,0.29174184799194336,0.05688099563121796,0.4570480287075043,0.685232400894165,0.0,0.2348608523607254,0.2348608523607254,0.3626611530780792,0.3626611530780792,0.2725694179534912,0.9651311039924622,0.9551430940628052,0.0,0.09009173512458801,0.09009173512458801,0.26366257667541504,0.26366257667541504,-0.09119559079408646,-0.2714579403400421,0.3764812648296356,0.0,0.3548581674695015,0.3548581674695015
120,2.0,2,0,0,,6,stairs down,11,0.0,93.75189971923828,52.33970260620117,-0.8139165639877319,1.4896581172943115,0.6573060750961304,0.817387580871582,0.6573060750961304,4.1628570556640625,4.735709190368652,0.6666666865348816,0.31918567419052124,0.09755353629589081,0.7448290586471558,0.3286530375480652,0.016059240326285362,0.16795334219932556,-0.3322291672229767,-0.017731614410877228,0.30545368790626526,-0.06270511448383331,0.011241467669606209,0.011241467669606209,-0.11183725297451019,0.8215609788894653,0.3579597473144531,0.0,0.1230787206441164,0.1230787206441164,0.08397667109966278,0.08397667109966278,-0.040168389678001404,1.1188840866088867,0.9678784608840942,0.0,0.12414506077766418,0.12414506077766418,-0.16611458361148834,-0.16611458361148834,0.04211648553609848,-1.6956802606582642,0.3005296289920807,0.0,-0.20823106914758682,-0.20823106914758682,-0.012412129901349545,-0.012412129901349545,-0.011686120182275772,-0.11213063448667526,0.27225685119628906,0.0,-0.0007260097190737724,-0.0007260097190737724,0.15272684395313263,0.15272684395313263,0.04825468361377716,1.3345040082931519,0.17926524579524994,0.0,0.10447216033935547,0.10447216033935547,-0.031352557241916656,-0.031352557241916656,0.052227310836315155,-1.4008612632751465,0.2570291757583618,0.0,-0.08357986807823181,-0.08357986807823181
120,2.0,8,0,0,,6,stairs down,11,0.0,93.67305755615234,52.409934997558594,-0.8368092179298401,0.3683529496192932,0.33625200390815735,0.3683529496192932,0.33625200390815735,1.8353984355926514,3.3333334922790527,0.1666666716337204,-0.08010845631361008,0.0895872712135315,0.1841764748096466,0.16812600195407867,-0.27027785778045654,0.38353025913238525,0.4320972263813019,0.2966424226760864,-0.20347748696804047,0.6869185566902161,-0.18919450044631958,-0.18919450044631958,-0.19442510604858398,1.06925630569458,0.7901649475097656,0.0,0.005230605602264404,0.005230605602264404,0.19176512956619263,0.19176512956619263,-0.19119037687778473,2.0000317096710205,1.746788501739502,0.0,0.38295550644397736,0.38295550644397736,0.21604861319065094,0.21604861319065094,0.1459835022687912,0.49362561106681824,1.1237120628356934,0.0,0.07006511092185974,0.07006511092185974,0.20764969289302826,0.20764969289302826,0.07996592670679092,-0.25326305627822876,-0.10284308344125748,0.0,0.12768376618623734,0.12768376618623734,-0.3255639970302582,-0.3255639970302582,0.07683546841144562,-2.0496506690979004,-1.601248025894165,0.0,-0.4023994654417038,-0.4023994654417038,0.34345927834510803,0.34345927834510803,0.006922848988324404,1.0875345468521118,1.08965265750885,0.0,0.33653642935678363,0.33653642935678363
120,2.0,14,0,0,,6,stairs down,11,0.0,93.70463562011719,52.35014724731445,-0.8615269660949707,1.250262975692749,1.1980347633361816,1.0549046993255615,1.1980347633361816,5.42657470703125,6.6666669845581055,0.3333333432674408,0.015829190611839294,0.0854320377111435,0.6251314878463745,0.5990173816680908,-0.36381563544273376,-0.4993850588798523,0.17040105164051056,0.32574209570884705,0.736957848072052,0.3239143490791321,-0.2546709477901459,-0.2546709477901459,-0.1370469033718109,-0.7210806012153625,-0.057597678154706955,0.0,-0.11762404441833496,-0.11762404441833496,-0.7990161180496216,-0.7990161180496216,-0.644361674785614,-0.9302160739898682,-1.6759555339813232,0.0,-0.15465444326400757,-0.15465444326400757,0.08520052582025528,0.08520052582025528,-0.011143638752400875,1.6208384037017822,0.9410927891731262,0.0,0.09634416457265615,0.09634416457265615,0.22801946103572845,0.22801946103572845,0.051732078194618225,-0.17129088938236237,0.6074764132499695,0.0,0.17628738284111023,0.17628738284111023,0.368478924036026,0.368478924036026,0.2696763277053833,-0.20654137432575226,0.9585465788841248,0.0,0.0988025963306427,0.0988025963306427,0.16195717453956604,0.16195717453956604,-0.08026500791311264,1.1855441331863403,0.15568989515304565,0.0,0.24222218245267868,0.24222218245267868
121,2.0166666666666666,2,0,0,,6,stairs down,11,0.0,93.7575454711914,52.33823013305664,-0.8109392523765564,0.8465840816497803,0.6730645298957825,0.7993963956832886,0.6730645298957825,4.013215065002441,1.3001937866210938,0.1666666716337204,0.24844330549240112,0.0875525176525116,0.42329204082489014,0.33653226494789124,0.08199118822813034,-0.022030124440789223,-0.22217051684856415,0.2843469977378845,0.12499547749757767,0.21089638769626617,0.05739383026957512,0.05739383026957512,-0.1072307676076889,-0.09834989160299301,0.5159361958503723,0.0,0.16462459787726402,0.16462459787726402,-0.035248201340436935,-0.035248201340436935,-0.03252682089805603,0.9342406392097473,1.0193350315093994,0.0,-0.002721380442380905,-0.002721380442380905,-0.11108525842428207,-0.11108525842428207,0.03517188876867294,0.4828647971153259,-0.3796975910663605,0.0,-0.14625714719295502,-0.14625714719295502,0.1990429013967514,0.1990429013967514,-0.004311243072152138,0.6648626923561096,0.14127321541309357,0.0,0.20335414446890354,0.20335414446890354,0.062497738748788834,0.062497738748788834,0.041373446583747864,-1.1370142698287964,0.5729236602783203,0.0,0.02112429216504097,0.02112429216504097,0.10544819384813309,0.10544819384813309,0.0512252040207386,0.4525861442089081,-0.30791252851486206,0.0,0.054222989827394485,0.054222989827394485
121,2.0166666666666666,8,0,0,,6,stairs down,11,0.0,93.66952514648438,52.40914535522461,-0.8349495530128479,0.5635520815849304,-0.3743382692337036,0.5635520815849304,-0.3743382692337036,2.9593427181243896,3.3333334922790527,0.1666666716337204,-0.11083607375621796,0.09682988375425339,0.2817760407924652,-0.1871691346168518,-0.1137254610657692,0.42050281167030334,0.31135910749435425,0.324746310710907,-0.4171246290206909,0.5399303436279297,-0.07960782200098038,-0.07960782200098038,-0.17903172969818115,0.7699078917503357,0.8852679133415222,0.0,0.09942390769720078,0.09942390769720078,0.21025140583515167,0.21025140583515167,-0.1577865332365036,2.0000038146972656,1.8330833911895752,0.0,0.3680379390716553,0.3680379390716553,0.15567955374717712,0.15567955374717712,0.15431571006774902,0.5689402222633362,0.9090041518211365,0.0,0.0013638436794281006,0.0013638436794281006,0.22732241451740265,0.22732241451740265,0.08099327981472015,0.3504403829574585,-0.15410009026527405,0.0,0.1463291347026825,0.1463291347026825,-0.6673994064331055,-0.6673994064331055,0.043166711926460266,-2.007066249847412,-1.7540453672409058,0.0,-0.7105661183595657,-0.7105661183595657,0.26996517181396484,0.26996517181396484,0.022868003696203232,1.3569973707199097,1.0889308452606201,0.0,0.2470971681177616,0.2470971681177616
121,2.0166666666666666,14,0,0,,6,stairs down,11,0.0,93.70719909667969,52.35077667236328,-0.8582282066345215,1.3287146091461182,1.4860737323760986,1.1637048721313477,1.4860737323760986,5.717299461364746,7.812587738037109,0.444541871547699,-0.04852934181690216,0.15136069059371948,0.6643573045730591,0.7430368661880493,-0.218245729804039,0.25588318705558777,0.3134028911590576,0.3751475512981415,0.021266942843794823,0.7883532643318176,-0.15277200937271118,-0.15277200937271118,-0.14863130450248718,-0.0711810514330864,-0.28368568420410156,0.0,-0.004140704870223999,-0.004140704870223999,0.12794159352779388,0.12794159352779388,-0.6167569756507874,1.3905490636825562,-1.4218378067016602,0.0,0.7446985691785812,0.7446985691785812,0.1567014455795288,0.1567014455795288,0.014440825209021568,0.9503856301307678,1.1727224588394165,0.0,0.14226062037050724,0.14226062037050724,0.2626032829284668,0.2626032829284668,0.05189498886466026,-0.10713201016187668,0.34210413694381714,0.0,0.21070829406380653,0.21070829406380653,0.010633471421897411,0.010633471421897411,0.28828001022338867,-0.024677233770489693,0.5615319013595581,0.0,-0.27764653880149126,-0.27764653880149126,0.3941766321659088,0.3941766321659088,-0.061911363154649734,0.4876185953617096,0.5066223740577698,0.0,0.45608799532055855,0.45608799532055855
122,2.033333333333333,2,0,0,,6,stairs down,11,0.0,93.76191711425781,52.33769989013672,-0.8054295778274536,1.3870757818222046,0.6093240976333618,0.8010166883468628,0.6093240976333618,4.191563606262207,2.4626951217651367,0.4137040972709656,0.2955518364906311,0.05831204354763031,0.6935378909111023,0.3046620488166809,-0.11310844123363495,0.4237360656261444,-0.188615620136261,-0.06576630473136902,-0.09241573512554169,0.1993739753961563,-0.0791759043931961,-0.0791759043931961,-0.10227956622838974,0.09563083946704865,0.30661246180534363,0.0,0.023103661835193634,0.023103661835193634,0.2118680328130722,0.2118680328130722,-0.010572701692581177,1.4507558345794678,0.9903383255004883,0.0,0.22244073450565338,0.22244073450565338,-0.0943078100681305,-0.0943078100681305,0.03603419288992882,-0.08383948355913162,-0.0857713595032692,0.0,-0.1303420029580593,-0.1303420029580593,-0.046036411076784134,-0.046036411076784134,-0.002720239805057645,0.11760678142309189,0.3196912407875061,0.0,-0.04331617127172649,-0.04331617127172649,-0.1478651762008667,-0.1478651762008667,0.026515621691942215,-1.02928626537323,-0.009753715246915817,0.0,-0.17438079789280891,-0.17438079789280891,0.09968698769807816,0.09968698769807816,0.05025121942162514,-0.07975004613399506,-0.048765476793050766,0.0,0.04943576827645302,0.04943576827645302
122,2.033333333333333,8,0,0,,6,stairs down,11,0.0,93.66592407226562,52.40712356567383,-0.8350144624710083,0.47883138060569763,0.04816068708896637,0.47883138060569763,0.04816068708896637,2.474964141845703,0.0,0.0,-0.10711205005645752,0.11042825877666473,0.23941569030284882,0.024080343544483185,0.007930201478302479,0.37955108284950256,0.208841010928154,0.20269690454006195,-0.31414589285850525,0.6254420876502991,0.005551140755414963,0.005551140755414963,-0.16012251377105713,1.638561725616455,0.84595787525177,0.0,0.1656736545264721,0.1656736545264721,0.18977554142475128,0.18977554142475128,-0.12434663623571396,1.9897229671478271,1.8899630308151245,0.0,0.31412217766046524,0.31412217766046524,0.104420505464077,0.104420505464077,0.1615622490644455,-1.4298243522644043,0.7931241989135742,0.0,-0.0571417436003685,-0.0571417436003685,0.141887828707695,0.141887828707695,0.08462753146886826,-0.21395766735076904,0.017826804891228676,0.0,0.05726029723882675,0.05726029723882675,-0.5026334524154663,-0.5026334524154663,0.010587047785520554,-2.1619036197662354,-1.8402645587921143,0.0,-0.5132205002009869,-0.5132205002009869,0.31272104382514954,0.31272104382514954,0.04263986647129059,-0.5124046206474304,1.1802769899368286,0.0,0.27008117735385895,0.27008117735385895
122,2.033333333333333,14,0,0,,6,stairs down,11,0.0,93.70748138427734,52.35000228881836,-0.8530017137527466,1.128328800201416,0.6544221043586731,1.128328800201416,0.6544221043586731,5.478896141052246,9.784259796142578,0.5,-0.05005119368433952,0.11486983299255371,0.564164400100708,0.32721105217933655,-0.19022227823734283,0.2966677248477936,0.4380895495414734,0.3055288791656494,0.07188382744789124,0.43496036529541016,-0.13315559923648834,-0.13315559923648834,-0.15704382956027985,-0.788893461227417,-0.211272731423378,0.0,0.023888230323791504,0.023888230323791504,0.1483338624238968,0.1483338624238968,-0.5837957262992859,1.9951285123825073,-0.4634906053543091,0.0,0.7321295887231827,0.7321295887231827,0.2190447747707367,0.2190447747707367,0.04156368225812912,1.9998894929885864,1.096959114074707,0.0,0.17748109251260757,0.17748109251260757,0.21387021243572235,0.21387021243572235,0.0528242401778698,0.27597424387931824,0.1890227049589157,0.0,0.16104597225785255,0.16104597225785255,0.03594191372394562,0.03594191372394562,0.2865818440914154,-0.5492355227470398,0.36177563667297363,0.0,-0.2506399303674698,-0.2506399303674698,0.21748018264770508,0.21748018264770508,-0.037658173590898514,1.3671152591705322,0.5001466274261475,0.0,0.2551383562386036,0.2551383562386036
123,2.05,2,0,0,,6,stairs down,11,0.0,93.76637268066406,52.33758544921875,-0.7988249063491821,1.4486632347106934,0.36511075496673584,0.8004567623138428,0.36511075496673584,4.117251873016357,7.431548595428467,1.0,0.3126138150691986,0.025025710463523865,0.7243316173553467,0.18255537748336792,0.042874306440353394,0.3045676350593567,-0.30021998286247253,0.10216015577316284,-0.08165759593248367,0.16332416236400604,0.030012013390660286,0.030012013390660286,-0.0983356311917305,0.28924208879470825,0.23471850156784058,0.0,0.12834764458239079,0.12834764458239079,0.15228381752967834,0.15228381752967834,0.002137275878340006,1.004192590713501,1.1472299098968506,0.0,0.15014654165133834,0.15014654165133834,-0.15010999143123627,-0.15010999143123627,0.028121521696448326,-0.6333814859390259,-0.0851130485534668,0.0,-0.1782315131276846,-0.1782315131276846,0.07151211053133011,0.07151211053133011,-0.0004420047625899315,0.14699231088161469,0.2508290410041809,0.0,0.07195411529392004,0.07195411529392004,-0.13065215945243835,-0.13065215945243835,0.001826228923164308,-1.0841435194015503,-0.357168972492218,0.0,-0.13247838837560266,-0.13247838837560266,0.08166208118200302,0.08166208118200302,0.04648813232779503,-0.38952991366386414,-0.0593237578868866,0.0,0.03517394885420799,0.03517394885420799
123,2.05,8,0,0,,6,stairs down,11,0.0,93.6620864868164,52.406005859375,-0.8343496918678284,0.821256160736084,0.2036348581314087,0.8020222187042236,0.2036348581314087,4.105619430541992,6.439469814300537,0.3333333432674408,-0.25012117624282837,0.12972934544086456,0.410628080368042,0.10181742906570435,0.05529095232486725,0.2820075452327728,0.28073850274086,0.5429582595825195,-0.1228298544883728,0.735651969909668,0.038703665137290955,0.038703665137290955,-0.13705165684223175,2.005950927734375,1.1160449981689453,0.0,0.1757553219795227,0.1757553219795227,0.1410037726163864,0.1410037726163864,-0.0925653949379921,1.9719492197036743,1.923957109451294,0.0,0.2335691675543785,0.2335691675543785,0.14036925137043,0.14036925137043,0.14258919656276703,-2.0246593952178955,0.03563365340232849,0.0,-0.002219945192337036,-0.002219945192337036,0.3800707757472992,0.3800707757472992,0.09092595428228378,0.25842612981796265,-0.06115592643618584,0.0,0.2891448214650154,0.2891448214650154,-0.19652776420116425,-0.19652776420116425,-0.020640069618821144,-1.9875365495681763,-1.9498659372329712,0.0,-0.1758876945823431,-0.1758876945823431,0.367825984954834,0.367825984954834,0.046126414090394974,0.2386719137430191,0.6034798622131348,0.0,0.321699570864439,0.321699570864439
123,2.05,14,0,0,,6,stairs down,11,0.0,93.705810546875,52.34797668457031,-0.8474128246307373,1.0355465412139893,0.898622453212738,1.0355465412139893,0.898622453212738,5.141500473022461,6.008496284484863,0.3333333432674408,-0.04152361676096916,0.10309197753667831,0.5177732706069946,0.449311226606369,-0.03501978516578674,0.37613072991371155,0.35051071643829346,0.09412180632352829,0.04620645195245743,0.6225111484527588,-0.02451384998857975,-0.02451384998857975,-0.1563691347837448,0.6027263402938843,-0.4081023931503296,0.0,0.13185528479516506,0.13185528479516506,0.18806536495685577,0.18806536495685577,-0.5508114695549011,1.6955854892730713,0.37430688738822937,0.0,0.7388768345117569,0.7388768345117569,0.17525535821914673,0.17525535821914673,0.06990597397089005,1.3184226751327515,1.404641032218933,0.0,0.10534938424825668,0.10534938424825668,0.0658852607011795,0.0658852607011795,0.04790174216032028,-0.4622364938259125,0.21865224838256836,0.0,0.017983518540859222,0.017983518540859222,0.023103225976228714,0.023103225976228714,0.26355820894241333,-1.8103792667388916,0.05134003236889839,0.0,-0.24045498296618462,-0.24045498296618462,0.3112555742263794,0.3112555742263794,-0.01617208495736122,0.43763434886932373,0.7955743074417114,0.0,0.3274276591837406,0.3274276591837406
124,2.0666666666666664,2,0,0,,6,stairs down,11,0.0,93.77099609375,52.33734893798828,-0.791837751865387,1.4064531326293945,0.23981072008609772,0.8090089559555054,0.23981072008609772,4.2358808517456055,2.258312702178955,0.5145044326782227,0.30076858401298523,0.03132089599967003,0.7032265663146973,0.11990536004304886,-0.046267252415418625,0.4049815237522125,-0.3513595759868622,0.1554022580385208,-0.16750942170619965,0.22650876641273499,-0.03238707780838013,-0.03238707780838013,-0.0974898412823677,0.05814766511321068,0.25329792499542236,0.0,0.06510276347398758,0.06510276347398758,0.20249076187610626,0.20249076187610626,0.014616798609495163,1.068637728691101,1.0984885692596436,0.0,0.1878739632666111,0.1878739632666111,-0.1756797879934311,-0.1756797879934311,0.01990078017115593,-0.6373962163925171,-0.2719406485557556,0.0,-0.19558056816458702,-0.19558056816458702,0.10878157615661621,0.10878157615661621,0.006024052854627371,0.4704835116863251,0.21544569730758667,0.0,0.10275752330198884,0.10275752330198884,-0.2680150866508484,-0.2680150866508484,-0.02799149416387081,-1.6455222368240356,-0.604892373085022,0.0,-0.24002359248697758,-0.24002359248697758,0.11325438320636749,0.11325438320636749,0.04238063469529152,-0.3034400939941406,-0.17184460163116455,0.0,0.07087374851107597,0.07087374851107597
124,2.0666666666666664,8,0,0,,6,stairs down,11,0.0,93.65972900390625,52.403358459472656,-0.8329777717590332,1.4898760318756104,1.5047214031219482,0.5202066898345947,1.5047214031219482,3.9796693325042725,8.937931060791016,0.5,-0.2207256406545639,0.14634184539318085,0.7449380159378052,0.7523607015609741,0.2023341953754425,0.20094774663448334,0.4656547009944916,0.6190159916877747,0.4460243582725525,0.3982104957103729,0.14163392782211304,0.14163392782211304,-0.1045861691236496,2.0000288486480713,1.4192887544631958,0.0,0.24622009694576263,0.24622009694576263,0.10047387331724167,0.10047387331724167,-0.059034764766693115,1.990976333618164,1.9403107166290283,0.0,0.15950863808393478,0.15950863808393478,0.2328273504972458,0.2328273504972458,0.12002281099557877,-1.4062026739120483,-0.6664304733276367,0.0,0.11280453950166702,0.11280453950166702,0.43331119418144226,0.43331119418144226,0.10320693254470825,1.0072124004364014,0.04774465411901474,0.0,0.330104261636734,0.330104261636734,0.22301217913627625,0.22301217913627625,-0.035655390471220016,-0.18179357051849365,-1.9627025127410889,0.0,0.25866756960749626,0.25866756960749626,0.19910524785518646,0.19910524785518646,0.05569053813815117,1.334261417388916,0.4791681170463562,0.0,0.1434147097170353,0.1434147097170353
124,2.0666666666666664,14,0,0,,6,stairs down,11,0.0,93.70285034179688,52.34538269042969,-0.8427132368087769,0.6036372184753418,0.6401541233062744,0.6036372184753418,0.6401541233062744,2.9191997051239014,3.3333334922790527,0.1666666716337204,-0.0009913842659443617,0.10674130916595459,0.3018186092376709,0.3200770616531372,-0.41872555017471313,0.6722666621208191,0.41290774941444397,0.26812276244163513,-0.3216544985771179,0.778139591217041,-0.29310786724090576,-0.29310786724090576,-0.1660396009683609,-0.3875844478607178,-0.06365301460027695,0.0,-0.12706826627254486,-0.12706826627254486,0.33613333106040955,0.33613333106040955,-0.5175542831420898,1.9817941188812256,0.8245449066162109,0.0,0.8536876142024994,0.8536876142024994,0.20645387470722198,0.20645387470722198,0.09999585896730423,0.9165041446685791,1.3752613067626953,0.0,0.10645801573991776,0.10645801573991776,0.18768593668937683,0.18768593668937683,0.05422423779964447,0.8714209198951721,-0.013366969302296638,0.0,0.13346169888973236,0.13346169888973236,-0.5146471858024597,-0.5146471858024597,0.23220108449459076,-1.9397778511047363,-0.58305823802948,0.0,-0.7468482702970505,-0.7468482702970505,0.3890697956085205,0.3890697956085205,0.017604360356926918,1.4239805936813354,0.6736028790473938,0.0,0.3714654352515936,0.3714654352515936
125,2.0833333333333335,2,0,0,,6,stairs down,11,0.0,93.77600860595703,52.33720779418945,-0.7843692898750305,1.5320472717285156,0.11651059985160828,0.8296710252761841,0.11651059985160828,4.360838413238525,3.553398847579956,0.6666666865348816,0.3048418462276459,0.05369284749031067,0.7660236358642578,0.05825529992580414,-0.003136897459626198,0.37714284658432007,-0.38047856092453003,0.13467355072498322,-0.11497735977172852,0.29124096035957336,-0.002195828128606081,-0.002195828128606081,-0.09787475317716599,0.3606695234775543,0.18679863214492798,0.0,0.0956789250485599,0.0956789250485599,0.18857142329216003,0.18857142329216003,0.0368172712624073,1.345411777496338,1.088316559791565,0.0,0.15175415202975273,0.15175415202975273,-0.19023928046226501,-0.19023928046226501,0.012541698291897774,-0.45101597905158997,-0.3964730501174927,0.0,-0.2027809787541628,-0.2027809787541628,0.09427148103713989,0.09427148103713989,0.011877796612679958,0.15762457251548767,0.3023522198200226,0.0,0.08239368442445993,0.08239368442445993,-0.18396377563476562,-0.18396377563476562,-0.05269235745072365,-1.2994561195373535,-0.9594967365264893,0.0,-0.13127141818404198,-0.13127141818404198,0.14562048017978668,0.14562048017978668,0.03910813480615616,-0.15648502111434937,-0.21668699383735657,0.0,0.10651234537363052,0.10651234537363052
125,2.0833333333333335,8,0,0,,6,stairs down,11,0.0,93.65966033935547,52.40123748779297,-0.8335193991661072,1.2052319049835205,-0.3024703860282898,0.5134761333465576,-0.3024703860282898,3.817847728729248,9.064151763916016,0.5,-0.10323822498321533,0.22665172815322876,0.6026159524917603,-0.1512351930141449,0.28084105253219604,0.22222667932510376,-0.26089799404144287,0.24273450672626495,0.424933522939682,0.21813204884529114,0.19658873975276947,0.19658873975276947,-0.068691186606884,2.0224263668060303,1.6171813011169434,0.0,0.2652799263596535,0.2652799263596535,0.11111333966255188,0.11111333966255188,-0.025940820574760437,1.8135645389556885,1.9575754404067993,0.0,0.13705416023731232,0.13705416023731232,-0.13044899702072144,-0.13044899702072144,0.08426570892333984,-2.025358200073242,-0.9185147881507874,0.0,-0.21471470594406128,-0.21471470594406128,0.1699141561985016,0.1699141561985016,0.11684641987085342,0.8814010620117188,0.37469226121902466,0.0,0.05306773632764816,0.05306773632764816,0.212466761469841,0.212466761469841,-0.029287870973348618,0.9600456953048706,-1.355841040611267,0.0,0.24175463244318962,0.24175463244318962,0.10906602442264557,0.10906602442264557,0.07239154726266861,1.4156320095062256,0.7705491185188293,0.0,0.03667447715997696,0.03667447715997696
125,2.0833333333333335,14,0,0,,6,stairs down,11,0.0,93.69942474365234,52.344181060791016,-0.8392105102539062,0.7677220106124878,0.3303989768028259,0.7677220106124878,0.3303989768028259,3.8987231254577637,6.6666669845581055,0.3333333432674408,0.031847238540649414,0.10300060361623764,0.3838610053062439,0.16519948840141296,-0.17558452486991882,0.4726032018661499,0.2429162561893463,-0.2611163258552551,-0.2926259934902191,0.587024450302124,-0.12290916591882706,-0.12290916591882706,-0.15420421957969666,2.0102810859680176,-0.1740356832742691,0.0,0.0312950536608696,0.0312950536608696,0.23630160093307495,0.23630160093307495,-0.4845913350582123,1.9965755939483643,1.2188884019851685,0.0,0.7208929359912872,0.7208929359912872,0.12145812809467316,0.12145812809467316,0.11198601871728897,-0.02673649974167347,1.218935489654541,0.0,0.009472109377384186,0.009472109377384186,-0.1827814280986786,-0.1827814280986786,0.04371972382068634,-1.927647590637207,0.28813278675079346,0.0,-0.22650115191936493,-0.22650115191936493,-0.468201607465744,-0.468201607465744,0.19847077131271362,-2.0220746994018555,-1.0453730821609497,0.0,-0.6666723787784576,-0.6666723787784576,0.293512225151062,0.293512225151062,0.03804372623562813,0.3086681663990021,0.9293010830879211,0.0,0.2554684989154339,0.2554684989154339
126,2.1,2,0,0,,6,stairs down,11,0.0,93.78217315673828,52.33684158325195,-0.7770968675613403,1.6220179796218872,0.27994033694267273,0.8591017723083496,0.27994033694267273,4.645401954650879,7.899590969085693,0.8333333730697632,0.288767546415329,0.05990990996360779,0.8110089898109436,0.13997016847133636,0.07443847507238388,0.40768903493881226,-0.35646581649780273,0.06441787630319595,-0.010518928058445454,0.30952009558677673,0.05210693180561066,0.05210693180561066,-0.09195715188980103,0.5132206678390503,0.2460467666387558,0.0,0.14406408369541168,0.14406408369541168,0.20384451746940613,0.20384451746940613,0.06730576604604721,1.9750887155532837,1.1759241819381714,0.0,0.13653875142335892,0.13653875142335892,-0.17823290824890137,-0.17823290824890137,0.008382315747439861,-0.43421706557273865,-0.41505905985832214,0.0,-0.18661522399634123,-0.18661522399634123,0.04509251192212105,0.04509251192212105,0.011858771555125713,-0.12996862828731537,0.25303491950035095,0.0,0.033233740366995335,0.033233740366995335,-0.016830286011099815,-0.016830286011099815,-0.06176323816180229,0.02039284259080887,-1.0753411054611206,0.0,0.044932952150702477,0.044932952150702477,0.15476004779338837,0.15476004779338837,0.04057222977280617,-0.04225337505340576,-0.1961725950241089,0.0,0.1141878180205822,0.1141878180205822
126,2.1,8,0,0,,6,stairs down,11,0.0,93.66221618652344,52.40105056762695,-0.8373824954032898,1.4710073471069336,0.7142143845558167,0.5170154571533203,0.7142143845558167,3.9928700923919678,6.922982692718506,0.5,-0.0011733820429071784,0.22738584876060486,0.7355036735534668,0.3571071922779083,0.3557032644748688,-0.12244236469268799,-0.2876109182834625,0.038200512528419495,0.5005051493644714,-0.1943897306919098,0.24899227917194366,0.24899227917194366,-0.036957450211048126,1.9834944009780884,1.7552722692489624,0.0,0.2859497293829918,0.2859497293829918,-0.19590778648853302,-0.19590778648853302,-0.020771313458681107,-0.5063062310218811,1.908502221107483,0.0,-0.1751364730298519,-0.1751364730298519,-0.14380545914173126,-0.14380545914173126,0.06440974771976471,-1.6787867546081543,-1.2956819534301758,0.0,-0.20821520686149597,-0.20821520686149597,0.026740359142422676,0.026740359142422676,0.12144066393375397,-0.15248598158359528,0.5473580360412598,0.0,-0.09470030479133129,-0.09470030479133129,0.2502525746822357,0.2502525746822357,-0.007461969740688801,1.4649240970611572,-0.566680908203125,0.0,0.2577145444229245,0.2577145444229245,-0.0971948653459549,-0.0971948653459549,0.06426737457513809,-1.990736961364746,0.9903671145439148,0.0,-0.161462239921093,-0.161462239921093
126,2.1,14,0,0,,6,stairs down,11,0.0,93.69590759277344,52.34200668334961,-0.8359774351119995,0.26213186979293823,0.32819417119026184,0.26213186979293823,0.32819417119026184,1.2570810317993164,5.798220634460449,0.3333333432674408,0.14540274441242218,0.09568455070257187,0.13106593489646912,0.16409708559513092,0.0569533035159111,0.39607056975364685,0.29916977882385254,0.6502689123153687,-0.5615096688270569,0.8501954674720764,0.03986731171607971,0.03986731171607971,-0.14115206897258759,1.9166522026062012,0.570290744304657,0.0,0.1810193806886673,0.1810193806886673,0.19803528487682343,0.19803528487682343,-0.4512600600719452,1.8559982776641846,1.483892560005188,0.0,0.6492953449487686,0.6492953449487686,0.14958488941192627,0.14958488941192627,0.12140968441963196,-0.8338325023651123,0.7944610714912415,0.0,0.02817520499229431,0.02817520499229431,0.45518824458122253,0.45518824458122253,0.039788782596588135,0.04247937351465225,-0.4669151306152344,0.0,0.4153994619846344,0.4153994619846344,-0.8984155058860779,-0.8984155058860779,0.16547495126724243,-1.9908241033554077,-1.3781932592391968,0.0,-1.0638904571533203,-1.0638904571533203,0.4250977337360382,0.4250977337360382,0.060509778559207916,0.45752814412117004,0.717814564704895,0.0,0.3645879551768303,0.3645879551768303
127,2.1166666666666667,2,0,0,,6,stairs down,11,0.0,93.7894515991211,52.33661651611328,-0.7717201113700867,1.406254529953003,-0.11286298930644989,0.9134626388549805,-0.11286298930644989,4.825465202331543,2.581840991973877,0.5,0.2555258572101593,0.05207023024559021,0.7031272649765015,-0.056431494653224945,2.817157655954361e-05,0.41346991062164307,-0.3174409866333008,0.07461307942867279,0.2287106215953827,0.2381647825241089,1.9720102500286885e-05,1.9720102500286885e-05,-0.08814272284507751,0.046407222747802734,0.33708876371383667,0.0,0.0881624429475778,0.0881624429475778,0.20673495531082153,0.20673495531082153,0.09793083369731903,2.0031676292419434,1.448246955871582,0.0,0.1088041216135025,0.1088041216135025,-0.1587204933166504,-0.1587204933166504,0.004858554806560278,0.12876062095165253,-0.4215873181819916,0.0,-0.16357904812321067,-0.16357904812321067,0.052229154855012894,0.052229154855012894,0.012144138105213642,0.12017317116260529,0.12252287566661835,0.0,0.04008501674979925,0.04008501674979925,0.11435531079769135,0.11435531079769135,-0.05827655643224716,0.32405737042427063,-0.7019594311714172,0.0,0.1726318672299385,0.1726318672299385,0.11908239126205444,0.11908239126205444,0.042925797402858734,0.6193463802337646,-0.14372317492961884,0.0,0.07615659385919571,0.07615659385919571
127,2.1166666666666667,8,0,0,,6,stairs down,11,0.0,93.66490936279297,52.39968490600586,-0.8447369337081909,0.5624356865882874,0.18840263783931732,0.5149468183517456,0.18840263783931732,3.2110400199890137,3.1706528663635254,0.3333333432674408,-0.058866433799266815,0.13137976825237274,0.2812178432941437,0.09420131891965866,0.41313636302948,-0.4685836136341095,0.1417384296655655,0.3331656754016876,0.44805389642715454,0.42930132150650024,0.2891954481601715,0.2891954481601715,-0.002799162408336997,2.000539541244507,1.8330409526824951,0.0,0.2919946105685085,0.2919946105685085,-0.7497338056564331,-0.7497338056564331,-0.05394475534558296,-1.8354030847549438,1.0856335163116455,0.0,-0.6957890503108501,-0.6957890503108501,0.07086921483278275,0.07086921483278275,0.05131062865257263,-1.229498267173767,-1.426228404045105,0.0,0.019558586180210114,0.019558586180210114,0.23321597278118134,0.23321597278118134,0.12323416024446487,0.14940235018730164,0.3088796138763428,0.0,0.10998181253671646,0.10998181253671646,0.22402694821357727,0.22402694821357727,0.012372029013931751,1.1690404415130615,0.12560755014419556,0.0,0.21165491919964552,0.21165491919964552,0.21465066075325012,0.21465066075325012,0.060751091688871384,-1.007135272026062,-0.025472061708569527,0.0,0.15389956906437874,0.15389956906437874
127,2.1166666666666667,14,0,0,,6,stairs down,11,0.0,93.69207763671875,52.339107513427734,-0.8323435187339783,0.8313851356506348,-0.5953300595283508,0.8313851356506348,-0.5953300595283508,4.111916542053223,10.0,0.5,0.15716658532619476,0.15943461656570435,0.4156925678253174,-0.2976650297641754,-0.1598486602306366,0.36067280173301697,0.07116818428039551,0.3712666630744934,-0.30911481380462646,0.6184692978858948,-0.11189406365156174,-0.11189406365156174,-0.1275061070919037,0.21244461834430695,1.0290759801864624,0.0,0.01561204344034195,0.01561204344034195,0.18033640086650848,0.18033640086650848,-0.41789162158966064,1.995168685913086,1.6106910705566406,0.0,0.5982280224561691,0.5982280224561691,0.035584092140197754,0.035584092140197754,0.11596205085515976,-0.10211466997861862,0.23960477113723755,0.0,-0.080377958714962,-0.080377958714962,0.25988665223121643,0.25988665223121643,0.05569965019822121,1.464573860168457,-0.29333415627479553,0.0,0.20418700203299522,0.20418700203299522,-0.49458369612693787,-0.49458369612693787,0.1324520707130432,-1.865827202796936,-1.5869529247283936,0.0,-0.6270357668399811,-0.6270357668399811,0.3092346489429474,0.3092346489429474,0.0751897394657135,1.2652239799499512,0.6291195154190063,0.0,0.2340449094772339,0.2340449094772339
128,2.1333333333333333,2,0,0,,6,stairs down,11,0.0,93.79676818847656,52.336788177490234,-0.7661547064781189,1.3562591075897217,0.28804323077201843,1.0035842657089233,0.28804323077201843,5.214580535888672,6.10650634765625,0.6666666865348816,0.23023512959480286,0.041381508111953735,0.6781295537948608,0.14402161538600922,0.025776511058211327,0.3811676502227783,-0.17387251555919647,-0.07376355677843094,0.2436465173959732,0.14550185203552246,0.018043557181954384,0.018043557181954384,-0.0855809897184372,0.20477508008480072,0.23803628981113434,0.0,0.10362454690039158,0.10362454690039158,0.19058382511138916,0.19058382511138916,0.13141967356204987,1.986351728439331,1.6373413801193237,0.0,0.059164151549339294,0.059164151549339294,-0.08693625777959824,-0.08693625777959824,0.002371514216065407,-0.3212691843509674,-0.23405109345912933,0.0,-0.08930777199566364,-0.08930777199566364,-0.05163449048995972,-0.05163449048995972,0.01055215299129486,-0.3724003732204437,0.12172219157218933,0.0,-0.06218664348125458,-0.06218664348125458,0.1218232586979866,0.1218232586979866,-0.05506892874836922,-0.2606964409351349,-0.35233455896377563,0.0,0.17689218744635582,0.17689218744635582,0.07275092601776123,0.07275092601776123,0.04804142564535141,0.13990184664726257,0.11629992723464966,0.0,0.02470950037240982,0.02470950037240982
128,2.1333333333333333,8,0,0,,6,stairs down,11,0.0,93.6684799194336,52.40018844604492,-0.8529475927352905,1.0557688474655151,-0.05031021684408188,0.8017580509185791,-0.05031021684408188,4.014832973480225,6.459436416625977,0.41381704807281494,0.015274306759238243,0.15332499146461487,0.5278844237327576,-0.02515510842204094,0.027711138129234314,-0.5643126368522644,-0.16315309703350067,0.1450778692960739,0.5549663305282593,0.3300017714500427,0.01939779706299305,0.01939779706299305,0.028150208294391632,1.936794400215149,1.8901176452636719,0.0,-0.008752411231398582,-0.008752411231398582,-0.902900218963623,-0.902900218963623,-0.08665665984153748,-1.5278244018554688,0.09026291966438293,0.0,-0.8162435591220856,-0.8162435591220856,-0.08157654851675034,-0.08157654851675034,0.025427624583244324,-1.7489440441131592,-1.3591907024383545,0.0,-0.10700417309999466,-0.10700417309999466,0.1015545055270195,0.1015545055270195,0.12494543194770813,-0.06199304759502411,0.2545362412929535,0.0,-0.02339092642068863,-0.02339092642068863,0.27748316526412964,0.27748316526412964,0.035140927881002426,1.8309082984924316,0.4811670780181885,0.0,0.2423422373831272,0.2423422373831272,0.16500088572502136,0.16500088572502136,0.044411394745111465,-1.345962643623352,-0.35998299717903137,0.0,0.1205894909799099,0.1205894909799099
128,2.1333333333333333,14,0,0,,6,stairs down,11,0.0,93.68769073486328,52.33616638183594,-0.8299936056137085,0.431631863117218,0.3298798203468323,0.431631863117218,0.3298798203468323,2.529448986053467,6.6666669845581055,0.3333333432674408,0.20798246562480927,0.17122474312782288,0.215815931558609,0.16493991017341614,0.170278400182724,0.36610400676727295,-0.3204105794429779,0.005171921569854021,-0.04838123545050621,0.3584897220134735,0.1191948801279068,0.1191948801279068,-0.09980130940675735,1.9999948740005493,0.7508012056350708,0.0,0.21899618953466415,0.21899618953466415,0.18305200338363647,0.18305200338363647,-0.38448941707611084,2.0,1.741705298423767,0.0,0.5675414204597473,0.5675414204597473,-0.16020528972148895,-0.16020528972148895,0.08928858488798141,-1.9934450387954712,0.12316066771745682,0.0,-0.24949387460947037,-0.24949387460947037,0.0036203451454639435,0.0036203451454639435,0.06623664498329163,0.25302454829216003,0.3056894540786743,0.0,-0.06261629983782768,-0.06261629983782768,-0.07740997523069382,-0.07740997523069382,0.09994819015264511,-1.9020496606826782,-1.6819819211959839,0.0,-0.17735816538333893,-0.17735816538333893,0.17924486100673676,0.17924486100673676,0.08757489174604416,0.7805119156837463,0.8458780646324158,0.0,0.0916699692606926,0.0916699692606926
129,2.15,2,0,0,,6,stairs down,11,0.0,93.80367279052734,52.3374137878418,-0.7603737115859985,1.3295669555664062,0.26905858516693115,1.1271204948425293,0.26905858516693115,5.78855037689209,7.465005397796631,0.8304107189178467,0.23167702555656433,0.031945012509822845,0.6647834777832031,0.13452929258346558,0.1118546649813652,0.27515149116516113,-0.21766510605812073,0.04299182444810867,0.13065174221992493,0.1422574371099472,0.07829826325178146,0.07829826325178146,-0.07971518486738205,0.41735488176345825,0.22670221328735352,0.0,0.1580134481191635,0.1580134481191635,0.13757574558258057,0.13757574558258057,0.1589076668024063,1.883470892906189,1.756269931793213,0.0,-0.021331921219825745,-0.021331921219825745,-0.10883255302906036,-0.10883255302906036,-0.0050508794374763966,-0.2143789380788803,-0.2637714743614197,0.0,-0.10378167359158397,-0.10378167359158397,0.03009427711367607,0.03009427711367607,0.006052601151168346,-0.19934238493442535,-0.046654701232910156,0.0,0.024041675962507725,0.024041675962507725,0.06532587110996246,0.06532587110996246,-0.060326673090457916,-0.4267727732658386,-0.32110801339149475,0.0,0.12565254420042038,0.12565254420042038,0.0711287185549736,0.0711287185549736,0.04704182595014572,0.2773372232913971,0.12434250116348267,0.0,0.02408689260482788,0.02408689260482788
129,2.15,8,0,0,,6,stairs down,11,0.0,93.6728744506836,52.40019989013672,-0.8614389300346375,0.4951525926589966,0.5767659544944763,0.4951525926589966,0.5767659544944763,2.3109188079833984,8.331424713134766,0.5,0.06471237540245056,0.1505773365497589,0.2475762963294983,0.28838297724723816,0.37450048327445984,-0.6832948923110962,-0.05177896469831467,0.41283974051475525,0.4669671654701233,0.3371088206768036,0.2621503472328186,0.2621503472328186,0.06305664777755737,1.9996882677078247,1.9060230255126953,0.0,0.19909369945526123,0.19909369945526123,-1.0932718515396118,-1.0932718515396118,-0.1180867999792099,-1.4656842947006226,-0.4611154794692993,0.0,-0.9751850515604019,-0.9751850515604019,-0.025889482349157333,-0.025889482349157333,0.00041800609324127436,-1.7422369718551636,-1.4920027256011963,0.0,-0.026307488442398608,-0.026307488442398608,0.28898781538009644,0.28898781538009644,0.12910616397857666,0.4166996479034424,0.14667591452598572,0.0,0.15988165140151978,0.15988165140151978,0.23348358273506165,0.23348358273506165,0.06089610978960991,1.516658067703247,0.941103994846344,0.0,0.17258747294545174,0.17258747294545174,0.1685544103384018,0.1685544103384018,0.027493057772517204,-1.19386887550354,-0.6959647536277771,0.0,0.1410613525658846,0.1410613525658846
129,2.15,14,0,0,,6,stairs down,11,0.0,93.6832504272461,52.33277130126953,-0.8297529816627502,0.05222800374031067,-0.0006665289402008057,0.05222800374031067,-0.0006665289402008057,0.7492222189903259,0.0,0.0,0.256070613861084,0.16892652213573456,0.026114001870155334,-0.00033326447010040283,-0.021210134029388428,0.5972658395767212,-0.146921768784523,0.3137882649898529,-0.48441100120544434,0.8314666748046875,-0.014847093261778355,-0.014847093261778355,-0.07947016507387161,0.7941544055938721,1.1764756441116333,0.0,0.06462307181209326,0.06462307181209326,0.2986329197883606,0.2986329197883606,-0.351135790348053,1.999986171722412,1.8297216892242432,0.0,0.6497687101364136,0.6497687101364136,-0.0734608843922615,-0.0734608843922615,0.06722045689821243,-0.9234813451766968,-0.5980925559997559,0.0,-0.14068134129047394,-0.14068134129047394,0.21965178847312927,0.21965178847312927,0.07863442599773407,0.9779955148696899,0.28774338960647583,0.0,0.1410173624753952,0.1410173624753952,-0.7750576138496399,-0.7750576138496399,0.06746721267700195,-1.916824221611023,-1.756972074508667,0.0,-0.8425248265266418,-0.8425248265266418,0.41573333740234375,0.41573333740234375,0.10835524648427963,0.9914152026176453,0.8236039280891418,0.0,0.3073780909180641,0.3073780909180641
130,2.1666666666666665,2,0,0,,6,stairs down,11,0.0,93.81085968017578,52.3378791809082,-0.7540627121925354,1.3318908214569092,0.2396436333656311,1.2772746086120605,0.2396436333656311,6.599621772766113,8.147218704223633,0.8293966054916382,0.20029017329216003,0.03624734282493591,0.6659454107284546,0.11982181668281555,0.10572126507759094,0.3799472451210022,-0.20648284256458282,0.017795700579881668,0.21533018350601196,0.20715536177158356,0.0740048810839653,0.0740048810839653,-0.07325151562690735,0.22443218529224396,0.2916688919067383,0.0,0.14725639671087265,0.14725639671087265,0.1899736225605011,0.1899736225605011,0.19052544236183167,1.999944806098938,1.7996147871017456,0.0,-0.0005518198013305664,-0.0005518198013305664,-0.10324142128229141,-0.10324142128229141,-0.0077613284811377525,0.008965431712567806,-0.2469404935836792,0.0,-0.09548009280115366,-0.09548009280115366,0.012456989847123623,0.012456989847123623,0.001084792660549283,-0.17438817024230957,-0.09868445992469788,0.0,0.01137219718657434,0.01137219718657434,0.10766509175300598,0.10766509175300598,-0.06606786698102951,-0.4290497899055481,-0.3571142554283142,0.0,0.1737329587340355,0.1737329587340355,0.10357768088579178,0.10357768088579178,0.04967624321579933,0.40890610218048096,0.1764768809080124,0.0,0.05390143766999245,0.05390143766999245
130,2.1666666666666665,8,0,0,,6,stairs down,11,0.0,93.67642211914062,52.399169921875,-0.8653907179832458,1.0629347562789917,-0.11496330797672272,0.8661742210388184,-0.11496330797672272,4.507652282714844,3.3333334922790527,0.1666666716337204,0.13260504603385925,0.18742695450782776,0.5314673781394958,-0.05748165398836136,0.09249689429998398,-0.5589146614074707,-0.13083001971244812,0.19895684719085693,0.625463604927063,0.19218626618385315,0.06474782526493073,0.06474782526493073,0.08759964257478714,0.9378973841667175,1.937940239906311,0.0,-0.022851817309856415,-0.022851817309856415,-0.8942634463310242,-0.8942634463310242,-0.1470254808664322,-1.5949468612670898,-0.8034316897392273,0.0,-0.747237965464592,-0.747237965464592,-0.06541500985622406,-0.06541500985622406,-0.0040021673776209354,0.32315593957901,-1.5772722959518433,0.0,-0.061412842478603125,-0.061412842478603125,0.13926978409290314,0.13926978409290314,0.13749460875988007,0.565994143486023,0.23868902027606964,0.0,0.0017751753330230713,0.0017751753330230713,0.3127318024635315,0.3127318024635315,0.07192641496658325,-0.16543662548065186,1.1372294425964355,0.0,0.24080538749694824,0.24080538749694824,0.09609313309192657,0.09609313309192657,0.024203816428780556,0.8813477754592896,-0.8656302094459534,0.0,0.07188931666314602,0.07188931666314602
130,2.1666666666666665,14,0,0,,6,stairs down,11,0.0,93.67847442626953,52.32952117919922,-0.8310836553573608,0.15314804017543793,0.16256479918956757,0.15314804017543793,0.16256479918956757,1.4182732105255127,1.4301646947860718,0.1666666716337204,0.21880285441875458,0.1583428978919983,0.07657402008771896,0.08128239959478378,-0.04743131622672081,0.5356570482254028,-0.14695335924625397,0.0040161339566111565,-0.06755563616752625,0.539382815361023,-0.0332019217312336,-0.0332019217312336,-0.059315554797649384,1.8858941793441772,1.0461961030960083,0.0,0.026113633066415787,0.026113633066415787,0.2678285241127014,0.2678285241127014,-0.3177652955055237,2.000643014907837,1.8877408504486084,0.0,0.5855938196182251,0.5855938196182251,-0.07347667962312698,-0.07347667962312698,0.04702604189515114,-2.011107921600342,-0.7089717984199524,0.0,-0.12050272151827812,-0.12050272151827812,0.0028112938161939383,0.0028112938161939383,0.08588659018278122,-0.5211710333824158,0.5229532718658447,0.0,-0.08307529636658728,-0.08307529636658728,-0.10808902233839035,-0.10808902233839035,0.03319144621491432,-2.2249515056610107,-1.8114432096481323,0.0,-0.14128046855330467,-0.14128046855330467,0.2696914076805115,0.2696914076805115,0.12668289244174957,-0.2680109143257141,0.8807871341705322,0.0,0.1430085152387619,0.1430085152387619
131,2.183333333333333,2,0,0,,6,stairs down,11,0.0,93.8182144165039,52.338653564453125,-0.747920572757721,1.4043455123901367,0.5398792624473572,1.2257509231567383,0.5398792624473572,6.349452018737793,5.568944454193115,0.6666666865348816,0.20475754141807556,0.033902086317539215,0.7021727561950684,0.2699396312236786,0.13803590834140778,0.36030200123786926,-0.2074582278728485,-0.00457136332988739,0.21496263146400452,0.25301042199134827,0.09662513434886932,0.09662513434886932,-0.06717447936534882,0.6893094182014465,0.26875734329223633,0.0,0.16379961371421814,0.16379961371421814,0.18015100061893463,0.18015100061893463,0.22224125266075134,1.6626094579696655,1.8678791522979736,0.0,-0.04209025204181671,-0.04209025204181671,-0.10372911393642426,-0.10372911393642426,-0.011089205741882324,-0.557709813117981,-0.15973815321922302,0.0,-0.09263990819454193,-0.09263990819454193,-0.0031999542843550444,-0.0031999542843550444,-0.004900687374174595,-0.5910700559616089,-0.124481201171875,0.0,0.0017007330898195505,0.0017007330898195505,0.10748131573200226,0.10748131573200226,-0.07231545448303223,-0.1754276007413864,-0.3816269636154175,0.0,0.17979677021503448,0.17979677021503448,0.12650521099567413,0.12650521099567413,0.05409625172615051,0.08413843810558319,0.25567930936813354,0.0,0.07240895926952362,0.07240895926952362
131,2.183333333333333,8,0,0,,6,stairs down,11,0.0,93.68010711669922,52.39942932128906,-0.865048885345459,1.0177111625671387,0.7122118473052979,0.9072773456573486,0.7122118473052979,4.779168605804443,3.293891429901123,0.5,0.07177992910146713,0.20321011543273926,0.5088555812835693,0.3561059236526489,-0.3659244775772095,-0.1129809245467186,0.07575199753046036,0.17059995234012604,0.7253890037536621,0.21170365810394287,-0.2561471164226532,-0.2561471164226532,0.08620863407850266,-0.6768795251846313,1.5971662998199463,0.0,-0.34235575050115585,-0.34235575050115585,-0.18076948821544647,-0.18076948821544647,-0.13466614484786987,0.9534924030303955,-1.0731478929519653,0.0,-0.0461033433675766,-0.0461033433675766,0.03787599876523018,0.03787599876523018,0.002629488706588745,0.4658311903476715,-0.9296835660934448,0.0,0.035246510058641434,0.035246510058641434,0.11941996216773987,0.11941996216773987,0.15243005752563477,1.1433494091033936,0.35022130608558655,0.0,-0.0330100953578949,-0.0330100953578949,0.36269450187683105,0.36269450187683105,0.0991702675819397,1.631310224533081,0.6933337450027466,0.0,0.26352423429489136,0.26352423429489136,0.10585182905197144,0.10585182905197144,0.03509686142206192,0.7068471312522888,-0.2703310549259186,0.0,0.07075496762990952,0.07075496762990952
131,2.183333333333333,14,0,0,,6,stairs down,11,0.0,93.67435455322266,52.32988739013672,-0.8324609398841858,0.3357788026332855,0.1754574179649353,0.3357788026332855,0.1754574179649353,1.945726752281189,2.018448829650879,0.1666666716337204,0.21575140953063965,0.12777672708034515,0.16788940131664276,0.08772870898246765,-0.19293929636478424,0.5769091844558716,0.22283102571964264,0.4860955774784088,-0.2835272252559662,0.8766520023345947,-0.1350575089454651,-0.1350575089454651,-0.049797844141721725,0.3279995620250702,1.3323310613632202,0.0,-0.08525966480374336,-0.08525966480374336,0.2884545922279358,0.2884545922279358,-0.2842669188976288,2.000511407852173,1.926213264465332,0.0,0.5727215111255646,0.5727215111255646,0.11141551285982132,0.11141551285982132,0.03566031530499458,-0.49849024415016174,-1.1526868343353271,0.0,0.07575519755482674,0.07575519755482674,0.3402669131755829,0.3402669131755829,0.09276378154754639,0.7262976169586182,0.1671581268310547,0.0,0.2475031316280365,0.2475031316280365,-0.4536435604095459,-0.4536435604095459,-0.0014594725798815489,-2.042656660079956,-1.9523500204086304,0.0,-0.45218408782966435,-0.45218408782966435,0.43832600116729736,0.43832600116729736,0.14427919685840607,1.4318974018096924,0.4893234074115753,0.0,0.2940468043088913,0.2940468043088913
132,2.2,2,0,0,,6,stairs down,11,0.0,93.82624053955078,52.339447021484375,-0.7442041635513306,1.1631355285644531,0.2952948808670044,1.0811235904693604,0.2952948808670044,5.515338897705078,0.9883861541748047,0.3333333432674408,0.20614705979824066,0.03311225771903992,0.5815677642822266,0.1476474404335022,0.10503988713026047,0.3099549114704132,-0.17892101407051086,0.02794172428548336,0.34284329414367676,0.3105408251285553,0.07352791726589203,0.07352791726589203,-0.053613148629665375,0.7978814840316772,0.41206440329551697,0.0,0.1271410658955574,0.1271410658955574,0.1549774557352066,0.1549774557352066,0.24402599036693573,1.0746910572052002,1.7979315519332886,0.0,-0.08904853463172913,-0.08904853463172913,-0.08946050703525543,-0.08946050703525543,-0.020292041823267937,-0.44835904240608215,-0.29535073041915894,0.0,-0.0691684652119875,-0.0691684652119875,0.019559206441044807,0.019559206441044807,-0.015959279611706734,-0.5767738223075867,-0.28347572684288025,0.0,0.03551848605275154,0.03551848605275154,0.17142164707183838,0.17142164707183838,-0.07125642895698547,0.3537842035293579,-0.3113625943660736,0.0,0.24267807602882385,0.24267807602882385,0.15527041256427765,0.15527041256427765,0.04811974614858627,-0.3950421214103699,0.1972251534461975,0.0,0.10715066641569138,0.10715066641569138
132,2.2,8,0,0,,6,stairs down,11,0.0,93.68392944335938,52.399776458740234,-0.8650815486907959,1.0509710311889648,1.033571481704712,0.9509541988372803,1.033571481704712,4.873394012451172,2.4422359466552734,0.1666666716337204,0.13263863325119019,0.19075962901115417,0.5254855155944824,0.516785740852356,-0.06257706880569458,-0.25220760703086853,0.016408473253250122,0.15988872945308685,0.814878523349762,-0.33201855421066284,-0.043803948909044266,-0.043803948909044266,0.08107601851224899,-0.3956206440925598,0.8222638368606567,0.0,-0.12487996742129326,-0.12487996742129326,-0.4035321772098541,-0.4035321772098541,-0.12989753484725952,-0.41206762194633484,-0.3825511932373047,0.0,-0.2736346423625946,-0.2736346423625946,0.008204236626625061,0.008204236626625061,0.00704843457788229,0.2135644406080246,-0.4541488289833069,0.0,0.0011558020487427711,0.0011558020487427711,0.11192210763692856,0.11192210763692856,0.16495977342128754,0.7257307767868042,0.6204871535301208,0.0,-0.05303766578435898,-0.05303766578435898,0.407439261674881,0.407439261674881,0.1151808649301529,0.7431862950325012,1.0129579305648804,0.0,0.2922583967447281,0.2922583967447281,-0.16600927710533142,-0.16600927710533142,0.03516833856701851,0.2031405121088028,0.06265157461166382,0.0,-0.20117761567234993,-0.20117761567234993
132,2.2,14,0,0,,6,stairs down,11,0.0,93.67088317871094,52.33076858520508,-0.8354482650756836,0.6230179071426392,-0.13595165312290192,0.6230179071426392,-0.13595165312290192,3.234123945236206,1.8340991735458374,0.1666666716337204,0.1899975836277008,0.17958971858024597,0.3115089535713196,-0.06797582656145096,0.1387205719947815,0.45127934217453003,-0.003649333957582712,-0.0006850379286333919,-0.09795786440372467,0.281203031539917,0.09710440039634705,0.09710440039634705,-0.03155500441789627,1.688758373260498,0.9900956153869629,0.0,0.12865940481424332,0.12865940481424332,0.22563967108726501,0.22563967108726501,-0.25084343552589417,2.0147721767425537,1.951530933380127,0.0,0.4764831066131592,0.4764831066131592,-0.001824666978791356,-0.001824666978791356,0.026779519394040108,-0.5565162301063538,-0.92976313829422,0.0,-0.028604186372831464,-0.028604186372831464,-0.0004795265558641404,-0.0004795265558641404,0.09112676978111267,-0.7570767998695374,0.35769015550613403,0.0,-0.09160629633697681,-0.09160629633697681,-0.15673258900642395,-0.15673258900642395,-0.028091739863157272,-1.5677114725112915,-1.983122706413269,0.0,-0.12864084914326668,-0.12864084914326668,0.1406015157699585,0.1406015157699585,0.14656567573547363,-0.42366304993629456,0.8105143308639526,0.0,-0.005964159965515137,-0.005964159965515137
133,2.216666666666667,2,0,0,,6,stairs down,11,0.0,93.83362579345703,52.339263916015625,-0.7410963773727417,1.410284399986267,0.06443101167678833,0.9592995643615723,0.06443101167678833,5.109121322631836,2.014951705932617,0.5,0.19702312350273132,0.023178651928901672,0.7051421999931335,0.032215505838394165,-0.14136353135108948,0.029126061126589775,-0.12022589892148972,-0.0043701957911252975,0.5550721883773804,0.18534323573112488,-0.0989544689655304,-0.0989544689655304,-0.03804841637611389,0.2682061493396759,0.5435351729393005,0.0,-0.060906052589416504,-0.060906052589416504,0.014563030563294888,0.014563030563294888,0.26730889081954956,0.020977403968572617,1.5514805316925049,0.0,-0.2527458602562547,-0.2527458602562547,-0.06011294946074486,-0.06011294946074486,-0.018839135766029358,-0.3779137432575226,-0.34748974442481995,0.0,-0.0412738136947155,-0.0412738136947155,-0.003059136914089322,-0.003059136914089322,-0.026544390246272087,0.1247117668390274,-0.38341978192329407,0.0,0.023485253332182765,0.023485253332182765,0.2775360941886902,0.2775360941886902,-0.05159413814544678,0.31155797839164734,-0.0847075879573822,0.0,0.32913023233413696,0.32913023233413696,0.09267161786556244,0.09267161786556244,0.040852516889572144,0.147262305021286,-0.004595472943037748,0.0,0.051819100975990295,0.051819100975990295
133,2.216666666666667,8,0,0,,6,stairs down,11,0.0,93.68809509277344,52.399993896484375,-0.8651431798934937,0.6119551658630371,1.1083040237426758,0.6119551658630371,1.1083040237426758,3.689075469970703,3.554500102996826,0.5,0.11038327217102051,0.1841372698545456,0.30597758293151855,0.5541520118713379,-0.16522355377674103,-0.14554868638515472,-0.17984233796596527,0.2621341645717621,0.814373254776001,-0.2291729599237442,-0.11565648764371872,-0.11565648764371872,0.06939560174942017,-0.9408445358276367,0.4072583019733429,0.0,-0.18505208939313889,-0.18505208939313889,-0.23287789523601532,-0.23287789523601532,-0.1197236031293869,0.3905094861984253,-0.392609179019928,0.0,-0.11315429210662842,-0.11315429210662842,-0.08992116898298264,-0.08992116898298264,0.00411934033036232,-0.47751396894454956,-0.22661927342414856,0.0,-0.09404050931334496,-0.09404050931334496,0.18349391222000122,0.18349391222000122,0.17840516567230225,0.8948516249656677,0.6563498973846436,0.0,0.005088746547698975,0.005088746547698975,0.4071866273880005,0.4071866273880005,0.14300622045993805,1.550013542175293,0.9210307002067566,0.0,0.26418040692806244,0.26418040692806244,-0.1145864799618721,-0.1145864799618721,0.03150169551372528,-0.5308305025100708,0.1105244904756546,0.0,-0.14608817547559738,-0.14608817547559738
133,2.216666666666667,14,0,0,,6,stairs down,11,0.0,93.66706848144531,52.33097457885742,-0.838843047618866,0.46397146582603455,0.30013033747673035,0.46397146582603455,0.30013033747673035,2.540070056915283,6.6666669845581055,0.3333333432674408,0.04346504062414169,0.17147162556648254,0.23198573291301727,0.15006516873836517,0.5480490922927856,0.34508398175239563,-0.1423320174217224,0.49666425585746765,-0.37703678011894226,0.6375761032104492,0.3836343586444855,0.3836343586444855,0.002343866042792797,2.003833532333374,1.228171467781067,0.0,0.3812904926016927,0.3812904926016927,0.17254199087619781,0.17254199087619781,-0.21713294088840485,2.001180410385132,1.9730809926986694,0.0,0.38967493176460266,0.38967493176460266,-0.0711660087108612,-0.0711660087108612,0.008784211240708828,-1.1546974182128906,-0.8025757670402527,0.0,-0.07995021995157003,-0.07995021995157003,0.3476649820804596,0.3476649820804596,0.08594287186861038,0.19759827852249146,-0.022177139297127724,0.0,0.2617221102118492,0.2617221102118492,-0.6032588481903076,-0.6032588481903076,-0.06318596005439758,-2.02634859085083,-1.8415673971176147,0.0,-0.54007288813591,-0.54007288813591,0.3187880516052246,0.3187880516052246,0.13931845128536224,-0.6713578104972839,0.3899567723274231,0.0,0.17946960031986237,0.17946960031986237
134,2.2333333333333334,2,0,0,,6,stairs down,11,0.0,93.83917236328125,52.33930969238281,-0.7390124797821045,1.4349055290222168,1.9279356002807617,0.8813554048538208,1.9279356002807617,4.815262794494629,9.001192092895508,0.8333333730697632,0.1571408063173294,0.023001432418823242,0.7174527645111084,0.9639678001403809,-0.015160870738327503,-0.012231661938130856,-0.12495534121990204,-0.16703110933303833,0.5163072943687439,-0.11571985483169556,-0.010612609796226025,-0.010612609796226025,-0.030624141916632652,0.3243810832500458,0.44971421360969543,0.0,0.020011532120406628,0.020011532120406628,-0.01957065984606743,-0.01957065984606743,0.2589173913002014,-0.32559967041015625,1.029947280883789,0.0,-0.27848805114626884,-0.27848805114626884,-0.06247767060995102,-0.06247767060995102,-0.032827142626047134,-0.4839473068714142,-0.35785698890686035,0.0,-0.029650527983903885,-0.029650527983903885,-0.11692177504301071,-0.11692177504301071,-0.027994105592370033,-0.02135785110294819,-0.21026919782161713,0.0,-0.08892766945064068,-0.08892766945064068,0.25815364718437195,0.25815364718437195,-0.03776571527123451,0.6620734930038452,0.050323616713285446,0.0,0.29591936245560646,0.29591936245560646,-0.05785992741584778,-0.05785992741584778,0.0383792370557785,-0.054384294897317886,0.047151487320661545,0.0,-0.09623916447162628,-0.09623916447162628
134,2.2333333333333334,8,0,0,,6,stairs down,11,0.0,93.69218444824219,52.40032196044922,-0.8653374314308167,0.7293592691421509,1.3831405639648438,0.7293592691421509,1.3831405639648438,4.260847091674805,4.228950023651123,0.5,0.13553869724273682,0.1499864161014557,0.36467963457107544,0.6915702819824219,-0.10587926208972931,-0.2186184972524643,-0.13075265288352966,0.13058657944202423,0.8612837195396423,-0.3769034743309021,-0.07411548495292664,-0.07411548495292664,0.05687115713953972,-0.7894747853279114,-0.0521203950047493,0.0,-0.13098664209246635,-0.13098664209246635,-0.3497895896434784,-0.3497895896434784,-0.11757407337427139,-0.3067544400691986,-0.12575413286685944,0.0,-0.232215516269207,-0.232215516269207,-0.06537632644176483,-0.06537632644176483,-0.0035352653358131647,-0.4820908308029175,-0.31211400032043457,0.0,-0.06184106110595167,-0.06184106110595167,0.09141060709953308,0.09141060709953308,0.18349143862724304,0.1502802073955536,0.737621545791626,0.0,-0.09208083152770996,-0.09208083152770996,0.43064185976982117,0.43064185976982117,0.1638963520526886,0.965084433555603,1.1353625059127808,0.0,0.26674550771713257,0.26674550771713257,-0.18845173716545105,-0.18845173716545105,0.022471264004707336,-0.6266376376152039,-0.10802323371171951,0.0,-0.2109230011701584,-0.2109230011701584
134,2.2333333333333334,14,0,0,,6,stairs down,11,0.0,93.66323852539062,52.331356048583984,-0.8398083448410034,0.8789447546005249,-0.16233760118484497,0.84690260887146,-0.16233760118484497,4.440694808959961,6.6666669845581055,0.3333333432674408,0.0009591579437255859,0.18335208296775818,0.43947237730026245,-0.08116880059242249,-0.07596447318792343,0.5533032417297363,0.08941629528999329,0.4655427932739258,-0.33096563816070557,0.7465250492095947,-0.05317512899637222,-0.05317512899637222,-0.016192352399230003,-1.3508981466293335,1.492485523223877,0.0,-0.03698277659714222,-0.03698277659714222,0.27665162086486816,0.27665162086486816,-0.1842181533575058,1.995880126953125,1.9826561212539673,0.0,0.46086977422237396,0.46086977422237396,0.04470814764499664,0.04470814764499664,0.035837624222040176,1.9350841045379639,-0.9225645065307617,0.0,0.008870523422956467,0.008870523422956467,0.3258799612522125,0.3258799612522125,0.10993253439664841,1.518278956413269,0.05271339416503906,0.0,0.21594742685556412,0.21594742685556412,-0.5295450091362,-0.5295450091362,-0.08573022484779358,-1.7415239810943604,-1.9045332670211792,0.0,-0.44381478428840637,-0.44381478428840637,0.37326252460479736,0.37326252460479736,0.13745330274105072,-0.3981941044330597,0.028303876519203186,0.0,0.23580922186374664,0.23580922186374664
135,2.25,2,0,0,,6,stairs down,11,0.0,93.8441162109375,52.339542388916016,-0.7370802164077759,1.4312487840652466,0.5392969846725464,0.8409836292266846,0.5392969846725464,4.328619003295898,6.121268272399902,0.5330853462219238,0.15731804072856903,0.01140111219137907,0.7156243920326233,0.2696484923362732,-0.08008171617984772,-0.40376657247543335,-0.2201613336801529,0.013623298145830631,0.6660220623016357,-0.3500641882419586,-0.05605719983577728,-0.05605719983577728,-0.033209215849637985,-0.2700307369232178,0.40700575709342957,0.0,-0.022847983986139297,-0.022847983986139297,-0.6460265517234802,-0.6460265517234802,0.23574303090572357,-1.3738864660263062,0.5680319666862488,0.0,-0.8817695826292038,-0.8817695826292038,-0.11008066684007645,-0.11008066684007645,-0.04113880172371864,-1.1730648279190063,-0.4008234441280365,0.0,-0.0689418651163578,-0.0689418651163578,0.009536308236420155,0.009536308236420155,-0.018819887191057205,0.6426859498023987,-0.14589588344097137,0.0,0.02835619542747736,0.02835619542747736,0.33301103115081787,0.33301103115081787,-0.03435370326042175,1.2390936613082886,0.25878310203552246,0.0,0.3673647344112396,0.3673647344112396,-0.1750320941209793,-0.1750320941209793,0.0325830802321434,-1.112843632698059,0.012552216649055481,0.0,-0.2076151743531227,-0.2076151743531227
135,2.25,8,0,0,,6,stairs down,11,0.0,93.69671630859375,52.400787353515625,-0.8653632998466492,0.6801649332046509,1.3261182308197021,0.6801649332046509,1.3261182308197021,3.7549102306365967,3.5875086784362793,0.5,0.09247338771820068,0.1392534375190735,0.34008246660232544,0.6630591154098511,-0.14619658887386322,-0.17163050174713135,-0.20912431180477142,0.2666192948818207,0.80194491147995,-0.15843944251537323,-0.10233761370182037,-0.10233761370182037,0.04270454868674278,-1.0451806783676147,-0.3033808171749115,0.0,-0.14504216238856316,-0.14504216238856316,-0.2746088206768036,-0.2746088206768036,-0.11379394680261612,-0.1280403733253479,-0.1874316781759262,0.0,-0.16081487387418747,-0.16081487387418747,-0.10456215590238571,-0.10456215590238571,-0.010871012695133686,-0.04475605860352516,-0.37003520131111145,0.0,-0.09369114320725203,-0.09369114320725203,0.18663349747657776,0.18663349747657776,0.18429777026176453,0.2855677604675293,0.5374794602394104,0.0,0.0023357272148132324,0.0023357272148132324,0.400972455739975,0.400972455739975,0.18522939085960388,0.9892113208770752,1.0773385763168335,0.0,0.2157430648803711,0.2157430648803711,-0.07921972125768661,-0.07921972125768661,0.01576022244989872,-0.4130783677101135,-0.2847459614276886,0.0,-0.09497994370758533,-0.09497994370758533
135,2.25,14,0,0,,6,stairs down,11,0.0,93.65943908691406,52.33132553100586,-0.8417777419090271,1.3818097114562988,1.4072203636169434,0.824798583984375,1.4072203636169434,4.917078495025635,3.928490400314331,0.3333333432674408,0.08592686057090759,0.2973876893520355,0.6909048557281494,0.7036101818084717,-0.26054099202156067,0.5281909108161926,0.2974468767642975,0.18115828931331635,0.381308376789093,0.05706194415688515,-0.18237869441509247,-0.18237869441509247,-0.036546844989061356,-1.134366750717163,0.5235758423805237,0.0,-0.1458318494260311,-0.1458318494260311,0.2640954554080963,0.2640954554080963,-0.1508992463350296,2.0000061988830566,1.9871622323989868,0.0,0.4149947017431259,0.4149947017431259,0.14872343838214874,0.14872343838214874,0.06449760496616364,1.4350799322128296,0.0512060672044754,0.0,0.08422583341598511,0.08422583341598511,0.12681080400943756,0.12681080400943756,0.12983281910419464,0.9613001346588135,0.5521185994148254,0.0,-0.00302201509475708,-0.00302201509475708,0.1906541883945465,0.1906541883945465,-0.0977613553404808,0.2731105387210846,-1.848986268043518,0.0,0.2884155437350273,0.2884155437350273,0.028530972078442574,0.028530972078442574,0.1273828148841858,-0.7745702266693115,-0.11702930927276611,0.0,-0.09885184280574322,-0.09885184280574322
136,2.2666666666666666,2,0,0,,6,stairs down,11,0.0,93.84904479980469,52.33979797363281,-0.7348306775093079,1.2037792205810547,0.8178808689117432,0.8151112794876099,0.8178808689117432,4.16257381439209,2.1616363525390625,0.3685038983821869,0.14868442714214325,0.018617291003465652,0.6018896102905273,0.4089404344558716,-0.18204350769519806,-0.4110744297504425,-0.026882018893957138,-0.28140905499458313,0.7991714477539062,-0.45543912053108215,-0.12743045389652252,-0.12743045389652252,-0.03615347295999527,0.19413374364376068,0.17629921436309814,0.0,-0.09127698093652725,-0.09127698093652725,-0.657719075679779,-0.657719075679779,0.2085447907447815,-1.0567278861999512,-0.09369495511054993,0.0,-0.8662638664245605,-0.8662638664245605,-0.013441009446978569,-0.013441009446978569,-0.04454102739691734,-0.08462443202733994,-0.6639719009399414,0.0,0.031100017949938774,0.031100017949938774,-0.1969863325357437,-0.1969863325357437,-0.009493536315858364,0.19711041450500488,0.12282076478004456,0.0,-0.18749279621988535,-0.18749279621988535,0.3995857238769531,0.3995857238769531,-0.03133697435259819,1.144264578819275,0.5928331017494202,0.0,0.4309226982295513,0.4309226982295513,-0.22771956026554108,-0.22771956026554108,0.022865330800414085,-0.7621238231658936,-0.37093695998191833,0.0,-0.25058489106595516,-0.25058489106595516
136,2.2666666666666666,8,0,0,,6,stairs down,11,0.0,93.70146179199219,52.401363372802734,-0.8649781942367554,0.8614883422851562,1.418335199356079,0.8614883422851562,1.418335199356079,4.496981143951416,4.199153900146484,0.6666666865348816,0.09876520931720734,0.13063377141952515,0.4307441711425781,0.7091675996780396,-0.20619162917137146,-0.09029453992843628,-0.1413683444261551,0.2249417006969452,0.7816729545593262,-0.14278562366962433,-0.14433413743972778,-0.14433413743972778,0.023728830739855766,-1.1976679563522339,-0.5561560392379761,0.0,-0.16806296817958355,-0.16806296817958355,-0.14447127282619476,-0.14447127282619476,-0.10098201781511307,0.6037032008171082,-0.16719353199005127,0.0,-0.043489255011081696,-0.043489255011081696,-0.07068417221307755,-0.07068417221307755,-0.010089593939483166,-0.072339728474617,-0.2591932713985443,0.0,-0.06059457827359438,-0.06059457827359438,0.15745918452739716,0.15745918452739716,0.18809403479099274,0.2783198058605194,0.4516381621360779,0.0,-0.03063485026359558,-0.03063485026359558,0.3908364772796631,0.3908364772796631,0.21077686548233032,1.2429025173187256,1.047308325767517,0.0,0.18005961179733276,0.18005961179733276,-0.07139281183481216,-0.07139281183481216,0.009608726017177105,-0.3634432852268219,-0.3284764289855957,0.0,-0.08100153785198927,-0.08100153785198927
136,2.2666666666666666,14,0,0,,6,stairs down,11,0.0,93.65847778320312,52.332088470458984,-0.845310389995575,0.7745077013969421,1.5203596353530884,0.5215229988098145,1.5203596353530884,3.4091453552246094,4.197746276855469,0.29856523871421814,-0.05595436692237854,0.2844046354293823,0.38725385069847107,0.7601798176765442,-0.42790472507476807,0.18851393461227417,0.13302618265151978,-0.14051848649978638,0.5028392672538757,-0.03128481283783913,-0.29953330755233765,-0.29953330755233765,-0.03888044133782387,-0.4314138889312744,-0.041383642703294754,0.0,-0.2606528662145138,-0.2606528662145138,0.09425696730613708,0.09425696730613708,-0.12476225197315216,1.4055991172790527,1.9915388822555542,0.0,0.21901921927928925,0.21901921927928925,0.06651309132575989,0.06651309132575989,0.057259783148765564,-1.0520334243774414,0.5227740406990051,0.0,0.009253308176994324,0.009253308176994324,-0.09836293756961823,-0.09836293756961823,0.1345939189195633,0.2716706395149231,0.6915510296821594,0.0,-0.23295685648918152,-0.23295685648918152,0.25141963362693787,0.25141963362693787,-0.07010728120803833,2.0002689361572266,-1.1258617639541626,0.0,0.3215269148349762,0.3215269148349762,-0.015642406418919563,-0.015642406418919563,0.11422112584114075,-0.40448758006095886,-0.3410925269126892,0.0,-0.1298635322600603,-0.1298635322600603
137,2.283333333333333,2,0,0,,6,stairs down,11,0.0,93.85411834716797,52.33990478515625,-0.7327758073806763,1.2636196613311768,0.9603862762451172,0.7993544340133667,0.9603862762451172,4.119723320007324,3.2697598934173584,0.5,0.1370735466480255,0.014598611742258072,0.6318098306655884,0.4801931381225586,-0.14067807793617249,-0.46146416664123535,-0.027418121695518494,-0.1332889348268509,0.7944077253341675,-0.35221609473228455,-0.0984746515750885,-0.0984746515750885,-0.037751954048871994,-0.15157639980316162,0.18237648904323578,0.0,-0.06072269752621651,-0.06072269752621651,-0.7383427023887634,-0.7383427023887634,0.18236763775348663,-0.9747371673583984,-0.42185744643211365,0.0,-0.9207103401422501,-0.9207103401422501,-0.013709060847759247,-0.013709060847759247,-0.04410705342888832,0.0843248963356018,-0.46655380725860596,0.0,0.030397992581129074,0.030397992581129074,-0.09330224990844727,-0.09330224990844727,-0.0023620291613042355,0.4330334961414337,0.14813564717769623,0.0,-0.09094022074714303,-0.09094022074714303,0.39720386266708374,0.39720386266708374,-0.021169262006878853,1.4771615266799927,0.7807385325431824,0.0,0.4183731246739626,0.4183731246739626,-0.17610804736614227,-0.17610804736614227,0.008697127923369408,-0.9868901968002319,-0.5042375326156616,0.0,-0.18480517528951168,-0.18480517528951168
137,2.283333333333333,8,0,0,,6,stairs down,11,0.0,93.7061996459961,52.40188217163086,-0.8645994663238525,1.0482667684555054,1.417635202407837,1.0482667684555054,1.417635202407837,5.182891845703125,5.1034955978393555,0.6140887141227722,0.09363272786140442,0.11546256393194199,0.5241333842277527,0.7088176012039185,-0.17518898844718933,-0.060094352811574936,-0.07233133912086487,0.24344086647033691,0.7918403148651123,-0.06269963085651398,-0.12263228744268417,-0.12263228744268417,0.004170712549239397,-1.1550135612487793,-0.7747572064399719,0.0,-0.12680299999192357,-0.12680299999192357,-0.0961509644985199,-0.0961509644985199,-0.08261170238256454,0.860313355922699,0.0954967513680458,0.0,-0.013539262115955353,-0.013539262115955353,-0.036165669560432434,-0.036165669560432434,-0.011032515205442905,-0.05828598141670227,-0.19552116096019745,0.0,-0.02513315435498953,-0.02513315435498953,0.17040860652923584,0.17040860652923584,0.1906358003616333,0.052717722952365875,0.3925783038139343,0.0,-0.02022719383239746,-0.02022719383239746,0.39592015743255615,0.39592015743255615,0.23552924394607544,1.2049503326416016,1.1139588356018066,0.0,0.1603909134864807,0.1603909134864807,-0.03134981542825699,-0.03134981542825699,0.004976086318492889,-0.21911293268203735,-0.34039169549942017,0.0,-0.03632590174674988,-0.03632590174674988
137,2.283333333333333,14,0,0,,6,stairs down,11,0.0,93.65757751464844,52.334129333496094,-0.8507143259048462,0.5946986079216003,1.6129863262176514,0.5169585943222046,1.6129863262176514,3.037449836730957,4.791053771972656,0.37167176604270935,-0.0005703842034563422,0.17149457335472107,0.29734930396080017,0.8064931631088257,0.08668339997529984,-0.16475513577461243,-0.38806086778640747,0.29558539390563965,0.6552398204803467,-0.13507665693759918,0.060678377747535706,0.060678377747535706,-0.03662170469760895,0.3223395049571991,-0.17429010570049286,0.0,0.09730008244514465,0.09730008244514465,-0.2636082172393799,-0.2636082172393799,-0.1191575676202774,-0.14931170642375946,1.7918744087219238,0.0,-0.14445064961910248,-0.14445064961910248,-0.19403043389320374,-0.19403043389320374,0.029802752658724785,-1.975746750831604,-0.013856366276741028,0.0,-0.22383318655192852,-0.22383318655192852,0.20690977573394775,0.20690977573394775,0.1379934400320053,0.3540964722633362,0.5484728217124939,0.0,0.06891633570194244,0.06891633570194244,0.32761991024017334,0.32761991024017334,-0.04371623322367668,1.8131346702575684,-0.06060341000556946,0.0,0.37133614346385,0.37133614346385,-0.06753832846879959,-0.06753832846879959,0.09278836101293564,-1.0504775047302246,-0.36269497871398926,0.0,-0.16032668948173523,-0.16032668948173523
138,2.3,2,0,0,,6,stairs down,11,0.0,93.85928344726562,52.340049743652344,-0.7308448553085327,1.2840620279312134,1.0839732885360718,0.8009301424026489,1.0839732885360718,4.140068054199219,3.1215195655822754,0.49729904532432556,0.11938782781362534,0.01515436451882124,0.6420310139656067,0.5419866442680359,-0.2038246989250183,-0.4787437915802002,-0.035015758126974106,-0.13763777911663055,0.8221222758293152,-0.3331054449081421,-0.14267729222774506,-0.14267729222774506,-0.043789055198431015,-0.4040223956108093,0.06857891380786896,0.0,-0.09888823702931404,-0.09888823702931404,-0.7659900784492493,-0.7659900784492493,0.15456709265708923,-1.084959626197815,-0.6102563738822937,0.0,-0.9205571711063385,-0.9205571711063385,-0.017507879063487053,-0.017507879063487053,-0.04177675023674965,0.1459735780954361,-0.2788366973400116,0.0,0.024268871173262596,0.024268871173262596,-0.09634644538164139,-0.09634644538164139,0.007784583140164614,0.5688092708587646,0.2452172487974167,0.0,-0.104131028521806,-0.104131028521806,0.4110611379146576,0.4110611379146576,-0.008637137711048126,1.6094986200332642,1.0180511474609375,0.0,0.4196982756257057,0.4196982756257057,-0.16655272245407104,-0.16655272245407104,-0.004284214228391647,-0.8375248908996582,-0.668705940246582,0.0,-0.1622685082256794,-0.1622685082256794
138,2.3,8,0,0,,6,stairs down,11,0.0,93.7115249633789,52.40166473388672,-0.8639664649963379,1.2039328813552856,1.3584290742874146,1.2039328813552856,1.3584290742874146,5.617780685424805,6.6184844970703125,0.577083170413971,0.07565685361623764,0.10327097028493881,0.6019664406776428,0.6792145371437073,-0.1658656895160675,-0.0386853851377964,0.023717518895864487,0.19916920363903046,0.7527897953987122,0.059502311050891876,-0.11610598117113113,-0.11610598117113113,-0.007396853994578123,-0.7975338697433472,-0.9043331146240234,0.0,-0.10870912717655301,-0.10870912717655301,-0.06189661845564842,-0.06189661845564842,-0.06736821681261063,0.7268282175064087,0.3561151623725891,0.0,0.005471598356962204,0.005471598356962204,0.011858759447932243,0.011858759447932243,-0.01122655812650919,-0.10145989805459976,-0.1487569808959961,0.0,0.023085317574441433,0.023085317574441433,0.13941843807697296,0.13941843807697296,0.18546873331069946,-0.22189167141914368,0.2767676115036011,0.0,-0.0460502952337265,-0.0460502952337265,0.3763948976993561,0.3763948976993561,0.25838184356689453,1.12228524684906,1.1449650526046753,0.0,0.11801305413246155,0.11801305413246155,0.029751155525445938,0.029751155525445938,0.011465510353446007,0.5055986642837524,-0.2990648150444031,0.0,0.01828564517199993,0.01828564517199993
138,2.3,14,0,0,,6,stairs down,11,0.0,93.65684509277344,52.33546829223633,-0.8605226874351501,0.43220454454421997,0.9117051959037781,0.43220454454421997,0.9117051959037781,2.472533941268921,4.663021087646484,0.5,-0.028380338102579117,0.1465340256690979,0.21610227227210999,0.45585259795188904,0.17594432830810547,-0.39307621121406555,-0.31811365485191345,0.26137369871139526,0.6171680688858032,-0.13242042064666748,0.12316102534532547,0.12316102534532547,-0.021345369517803192,1.1636632680892944,-0.005058908369392157,0.0,0.14450639486312866,0.14450639486312866,-0.6289219260215759,-0.6289219260215759,-0.15062062442302704,-1.9928590059280396,1.1303969621658325,0.0,-0.4783013015985489,-0.4783013015985489,-0.15905682742595673,-0.15905682742595673,-0.002976582618430257,-1.9708712100982666,-0.6823889017105103,0.0,-0.15608024480752647,-0.15608024480752647,0.1829615831375122,0.1829615831375122,0.14208295941352844,0.19444966316223145,0.48223721981048584,0.0,0.040878623723983765,0.040878623723983765,0.3085840344429016,0.3085840344429016,-0.02749945968389511,1.5562602281570435,0.5778903961181641,0.0,0.3360834941267967,0.3360834941267967,-0.06621021032333374,-0.06621021032333374,0.07555485516786575,-1.1138297319412231,-0.5970633029937744,0.0,-0.1417650654911995,-0.1417650654911995
139,2.3166666666666664,2,0,0,,6,stairs down,11,0.0,93.86460876464844,52.340293884277344,-0.729020357131958,1.333619475364685,1.2120792865753174,0.7997757196426392,1.2120792865753174,4.162195205688477,3.1723785400390625,0.48945170640945435,0.11167493462562561,0.011566157452762127,0.6668097376823425,0.6060396432876587,-0.18409159779548645,-0.5102670192718506,-0.0925443097949028,-0.08659856766462326,0.8411861658096313,-0.3428161144256592,-0.1288641095161438,-0.1288641095161438,-0.052456747740507126,-0.4990715980529785,-0.09246440976858139,0.0,-0.07640736177563667,-0.07640736177563667,-0.8164272308349609,-0.8164272308349609,0.12651222944259644,-1.0676283836364746,-0.7720159292221069,0.0,-0.9429394602775574,-0.9429394602775574,-0.0462721548974514,-0.0462721548974514,-0.04010957479476929,0.019002219662070274,-0.13407860696315765,0.0,-0.006162580102682114,-0.006162580102682114,-0.06061899662017822,-0.06061899662017822,0.018365148454904556,0.5777344703674316,0.3554842472076416,0.0,-0.07898414507508278,-0.07898414507508278,0.4205930829048157,0.4205930829048157,0.00630994513630867,1.7556136846542358,1.2195924520492554,0.0,0.414283137768507,0.414283137768507,-0.1714080572128296,-0.1714080572128296,-0.017975520342588425,-0.9091295003890991,-0.7262325286865234,0.0,-0.15343253687024117,-0.15343253687024117
139,2.3166666666666664,8,0,0,,6,stairs down,11,0.0,93.7167739868164,52.40168380737305,-0.8640738725662231,1.609793782234192,1.328526496887207,1.221846580505371,1.328526496887207,5.468278408050537,7.792773246765137,0.6581170558929443,0.047645628452301025,0.0991741418838501,0.804896891117096,0.6642632484436035,0.08613623678684235,-0.17525412142276764,-0.06202785670757294,0.0841146931052208,0.5501880645751953,0.058990366756916046,0.06029536575078964,0.06029536575078964,-0.009946159087121487,-0.10282497107982635,-0.8679402470588684,0.0,0.07024152483791113,0.07024152483791113,-0.2804065942764282,-0.2804065942764282,-0.08847613632678986,-1.5108983516693115,0.4824391007423401,0.0,-0.19193045794963837,-0.19193045794963837,-0.03101392835378647,-0.03101392835378647,-0.011929729953408241,0.16041527688503265,-0.1326400488615036,0.0,-0.019084198400378227,-0.019084198400378227,0.0588802844285965,0.0588802844285965,0.17064155638217926,-1.0463690757751465,0.10684478282928467,0.0,-0.11176127195358276,-0.11176127195358276,0.27509403228759766,0.27509403228759766,0.2553088963031769,-0.5459659099578857,1.1372367143630981,0.0,0.019785135984420776,0.019785135984420776,0.029495183378458023,0.029495183378458023,0.014016663655638695,0.08502082526683807,-0.024868188425898552,0.0,0.015478519722819328,0.015478519722819328
139,2.3166666666666664,14,0,0,,6,stairs down,11,0.0,93.6561279296875,52.335662841796875,-0.866223931312561,0.12980182468891144,0.464616060256958,0.12980182468891144,0.464616060256958,0.9808906316757202,1.046952247619629,0.31614935398101807,-0.028539668768644333,0.12825095653533936,0.06490091234445572,0.232308030128479,0.14235593378543854,-0.4515994191169739,-0.10684122145175934,0.15107522904872894,0.6382113099098206,-0.15439702570438385,0.09964915364980698,0.09964915364980698,-0.023078838363289833,0.8679410815238953,0.3931941092014313,0.0,0.12272799201309681,0.12272799201309681,-0.7225590944290161,-0.7225590944290161,-0.17447124421596527,-1.1518410444259644,0.06611818075180054,0.0,-0.5480878502130508,-0.5480878502130508,-0.05342061072587967,-0.05342061072587967,0.009272961877286434,0.144300177693367,-1.1214512586593628,0.0,-0.0626935726031661,-0.0626935726031661,0.10575266182422638,0.10575266182422638,0.1472027748823166,-0.40689027309417725,0.38417088985443115,0.0,-0.04145011305809021,-0.04145011305809021,0.3191056549549103,0.3191056549549103,-0.021021094173192978,-0.9261394143104553,0.9112790822982788,0.0,0.34012674912810326,0.34012674912810326,-0.07719851285219193,-0.07719851285219193,0.08947823941707611,-0.15749655663967133,-0.7731562852859497,0.0,-0.16667675226926804,-0.16667675226926804
140,2.3333333333333335,2,0,0,,6,stairs down,11,0.0,93.87010192871094,52.3405647277832,-0.7273160815238953,1.3618154525756836,1.2471296787261963,0.8040444850921631,1.2471296787261963,4.214244842529297,3.250682830810547,0.47569581866264343,0.10440701246261597,0.02227289043366909,0.6809077262878418,0.6235648393630981,-0.2115691751241684,-0.49921685457229614,-0.09298703819513321,-0.07780349999666214,0.8507951498031616,-0.3314768970012665,-0.148098424077034,-0.148098424077034,-0.06247613951563835,-0.5608019232749939,-0.23101961612701416,0.0,-0.08562228456139565,-0.08562228456139565,-0.7987470030784607,-0.7987470030784607,0.09741149842739105,-1.1718872785568237,-0.8727486729621887,0.0,-0.8961585015058517,-0.8961585015058517,-0.046493519097566605,-0.046493519097566605,-0.04009115323424339,-0.05561325326561928,-0.08191487193107605,0.0,-0.006402365863323212,-0.006402365863323212,-0.05446244776248932,-0.05446244776248932,0.02857435680925846,0.5216028690338135,0.43121808767318726,0.0,-0.08303680457174778,-0.08303680457174778,0.4253975749015808,0.4253975749015808,0.021807415410876274,1.7286152839660645,1.4022467136383057,0.0,0.40359015949070454,0.40359015949070454,-0.16573844850063324,-0.16573844850063324,-0.03242386877536774,-0.9274669885635376,-0.7885563373565674,0.0,-0.1333145797252655,-0.1333145797252655
140,2.3333333333333335,8,0,0,,6,stairs down,11,0.0,93.72152709960938,52.40226364135742,-0.8639223575592041,1.6757515668869019,0.53386390209198,1.1155706644058228,0.53386390209198,4.420936107635498,8.554096221923828,0.6895031929016113,0.04560452699661255,0.07055257260799408,0.8378757834434509,0.26693195104599,-0.29934030771255493,-0.3704099655151367,0.07961995899677277,0.136348694562912,0.4246331453323364,0.30942925810813904,-0.20953820645809174,-0.20953820645809174,-0.017896132543683052,-0.7743200063705444,-0.6072200536727905,0.0,-0.19164207391440868,-0.19164207391440868,-0.5926559567451477,-0.5926559567451477,-0.11981050670146942,-1.440773844718933,-0.196809321641922,0.0,-0.4728454500436783,-0.4728454500436783,0.03980997949838638,0.03980997949838638,-0.004503694362938404,0.7783932685852051,-0.03277869522571564,0.0,0.04431367386132479,0.04431367386132479,0.09544408321380615,0.09544408321380615,0.15509925782680511,-0.8328255414962769,-0.2861236333847046,0.0,-0.05965517461299896,-0.05965517461299896,0.2123165726661682,0.2123165726661682,0.2391025573015213,-1.3843406438827515,0.5636696219444275,0.0,-0.02678598463535309,-0.02678598463535309,0.15471462905406952,0.15471462905406952,0.018100937828421593,0.5611404776573181,0.012577522546052933,0.0,0.13661369122564793,0.13661369122564793
140,2.3333333333333335,14,0,0,,6,stairs down,11,0.0,93.65478515625,52.335208892822266,-0.8661072254180908,1.118410348892212,0.9591392278671265,0.511826753616333,0.9591392278671265,2.7074923515319824,5.646247863769531,0.4745556712150574,0.04365309700369835,0.08794554322957993,0.559205174446106,0.47956961393356323,0.08860812336206436,0.2257794886827469,0.3809508979320526,0.35619068145751953,0.2699424624443054,0.21841606497764587,0.062025684863328934,0.062025684863328934,-0.01346258819103241,0.5475254654884338,0.5549685955047607,0.0,0.07548827305436134,0.07548827305436134,0.11288974434137344,0.11288974434137344,-0.1458546221256256,1.9978593587875366,-0.3489128351211548,0.0,0.25874436646699905,0.25874436646699905,0.1904754489660263,0.1904754489660263,0.01584186963737011,-0.0864143818616867,-0.690134584903717,0.0,0.1746335793286562,0.1746335793286562,0.2493334710597992,0.2493334710597992,0.14970117807388306,0.4773867428302765,0.11460939049720764,0.0,0.09963229298591614,0.09963229298591614,0.1349712312221527,0.1349712312221527,-0.001036971341818571,1.071140170097351,0.28516149520874023,0.0,0.13600820256397128,0.13600820256397128,0.10920803248882294,0.10920803248882294,0.09593407809734344,0.3790832459926605,-0.5633644461631775,0.0,0.013273954391479492,0.013273954391479492
141,2.35,2,0,0,,6,stairs down,11,0.0,93.87582397460938,52.340843200683594,-0.7257004976272583,1.3922003507614136,1.2579896450042725,0.8240553140640259,1.2579896450042725,4.335735321044922,3.2912356853485107,0.4506227970123291,0.09093698114156723,0.034527502954006195,0.6961001753807068,0.6289948225021362,-0.23205746710300446,-0.4899144172668457,-0.08209451287984848,-0.06360279768705368,0.8500204682350159,-0.2839416265487671,-0.162440225481987,-0.162440225481987,-0.07329586893320084,-0.596241295337677,-0.34339600801467896,0.0,-0.08914435654878616,-0.08914435654878616,-0.7838630676269531,-0.7838630676269531,0.06791923195123672,-1.2702993154525757,-0.9746829271316528,0.0,-0.8517822995781898,-0.8517822995781898,-0.04104725643992424,-0.04104725643992424,-0.040812693536281586,-0.07328817248344421,-0.07295234501361847,0.0,-0.00023456290364265442,-0.00023456290364265442,-0.04452195763587952,-0.04452195763587952,0.03760915249586105,0.4263300597667694,0.4620175361633301,0.0,-0.08213111013174057,-0.08213111013174057,0.42501023411750793,0.42501023411750793,0.03758594021201134,1.6439540386199951,1.5134598016738892,0.0,0.3874242939054966,0.3874242939054966,-0.14197081327438354,-0.14197081327438354,-0.04637231305241585,-0.8638592958450317,-0.8358914256095886,0.0,-0.0955985002219677,-0.0955985002219677
141,2.35,8,0,0,,6,stairs down,11,0.0,93.72590637207031,52.40280532836914,-0.86005699634552,1.7128839492797852,0.9993852376937866,1.0328309535980225,0.9993852376937866,4.202729225158691,8.703329086303711,0.5646430253982544,0.027815958485007286,0.07493748515844345,0.8564419746398926,0.4996926188468933,-0.31037500500679016,-0.021674644201993942,0.08424687385559082,0.051139429211616516,0.1774507611989975,0.34671133756637573,-0.21726250648498535,-0.21726250648498535,-0.028369976207613945,-0.7629051208496094,-0.6641609072685242,0.0,-0.1888925302773714,-0.1888925302773714,-0.03467943146824837,-0.03467943146824837,-0.12315792590379715,0.08227048069238663,-0.6207018494606018,0.0,0.08847849443554878,0.08847849443554878,0.04212343692779541,0.04212343692779541,0.003940456081181765,0.5411986112594604,0.24363574385643005,0.0,0.038182980846613646,0.038182980846613646,0.0357975997030735,0.0357975997030735,0.13809847831726074,-1.0657577514648438,-0.472417414188385,0.0,-0.10230087861418724,-0.10230087861418724,0.08872538059949875,0.08872538059949875,0.22568239271640778,-0.7789229154586792,-0.10013315081596375,0.0,-0.13695701211690903,-0.13695701211690903,0.17335566878318787,0.17335566878318787,0.025721048936247826,0.6167922616004944,0.1995054930448532,0.0,0.14763461984694004,0.14763461984694004
141,2.35,14,0,0,,6,stairs down,11,0.0,93.65250396728516,52.33467483520508,-0.8660025000572205,1.3986791372299194,0.554190456867218,0.5116695165634155,0.554190456867218,2.614898204803467,1.0435070991516113,0.3333333432674408,0.08008097857236862,0.09919573366641998,0.6993395686149597,0.277095228433609,0.2810111939907074,0.24880094826221466,0.22114531695842743,0.22977900505065918,0.5415282249450684,0.15857110917568207,0.1967078298330307,0.1967078298330307,-0.00022413268743548542,0.9811382293701172,0.5524322986602783,0.0,0.19693196252046619,0.19693196252046619,0.12440047413110733,0.12440047413110733,-0.1116902306675911,2.000229597091675,0.4507717788219452,0.0,0.23609070479869843,0.23609070479869843,0.11057265847921371,0.11057265847921371,0.01636294648051262,0.16283980011940002,-0.48441123962402344,0.0,0.0942097119987011,0.0942097119987011,0.1608452945947647,0.1608452945947647,0.15213900804519653,-0.07590071856975555,0.2382291704416275,0.0,0.008706286549568176,0.008706286549568176,0.2707641124725342,0.2707641124725342,0.01912085711956024,1.2368751764297485,0.5529910922050476,0.0,0.25164325535297394,0.25164325535297394,0.07928555458784103,0.07928555458784103,0.1067483052611351,0.6296826601028442,-0.242216557264328,0.0,-0.027462750673294067,-0.027462750673294067
142,2.3666666666666667,2,0,0,,6,stairs down,11,0.0,93.8817367553711,52.34110641479492,-0.7241766452789307,1.4015355110168457,1.2206971645355225,0.8518396615982056,1.2206971645355225,4.456379413604736,3.2720048427581787,0.4032266139984131,0.071934774518013,0.04844541475176811,0.7007677555084229,0.6103485822677612,-0.22327089309692383,-0.4698544144630432,-0.045148760080337524,-0.04748035594820976,0.8441495895385742,-0.2176656275987625,-0.15628962218761444,-0.15628962218761444,-0.08359376341104507,-0.5321885943412781,-0.42955538630485535,0.0,-0.07269585877656937,-0.07269585877656937,-0.751767098903656,-0.751767098903656,0.03683895245194435,-1.5952600240707397,-1.075416922569275,0.0,-0.7886060513556004,-0.7886060513556004,-0.022574380040168762,-0.022574380040168762,-0.040456317365169525,0.033291045576334,-0.07306677848100662,0.0,0.017881937325000763,0.017881937325000763,-0.03323625028133392,-0.03323625028133392,0.04388759285211563,0.22482971847057343,0.4498566687107086,0.0,-0.07712384313344955,-0.07712384313344955,0.4220747947692871,0.4220747947692871,0.0518278032541275,1.3206150531768799,1.557926893234253,0.0,0.3702469915151596,0.3702469915151596,-0.10883281379938126,-0.10883281379938126,-0.058112598955631256,-0.7227166891098022,-0.8454217314720154,0.0,-0.05072021484375,-0.05072021484375
142,2.3666666666666667,8,0,0,,6,stairs down,11,0.0,93.72964477539062,52.40317916870117,-0.8550099730491638,1.543761134147644,0.8467441201210022,0.9690364599227905,0.8467441201210022,3.4397780895233154,6.189416885375977,0.5,0.005961259361356497,0.09316366910934448,0.771880567073822,0.4233720600605011,-0.07527966797351837,0.19230014085769653,0.046262551099061966,0.06456699222326279,0.04200844466686249,0.3494485020637512,-0.05269576609134674,-0.05269576609134674,-0.0387769415974617,-0.24853092432022095,-0.6978089213371277,0.0,-0.01391882449388504,-0.01391882449388504,0.09615007042884827,0.09615007042884827,-0.11396662890911102,0.738633930683136,-0.38115742802619934,0.0,0.2101166993379593,0.2101166993379593,0.023131275549530983,0.023131275549530983,0.017469394952058792,1.1547046899795532,0.34503307938575745,0.0,0.005661880597472191,0.005661880597472191,0.04519689455628395,0.04519689455628395,0.12047772109508514,-1.1923524141311646,-0.6746037006378174,0.0,-0.0752808265388012,-0.0752808265388012,0.021004222333431244,0.021004222333431244,0.2041153758764267,-1.1812005043029785,-0.3314371109008789,0.0,-0.18311115354299545,-0.18311115354299545,0.1747242510318756,0.1747242510318756,0.040312398225069046,0.8181319832801819,0.34169986844062805,0.0,0.13441185280680656,0.13441185280680656
142,2.3666666666666667,14,0,0,,6,stairs down,11,0.0,93.64970397949219,52.33386993408203,-0.8658056855201721,1.3234803676605225,0.8074395060539246,0.5100140571594238,0.8074395060539246,2.4650702476501465,4.382414817810059,0.5,0.070620097219944,0.08195649087429047,0.6617401838302612,0.4037197530269623,0.34624576568603516,0.3477778732776642,0.28598716855049133,0.31527435779571533,0.2928634285926819,0.4431833028793335,0.2423720359802246,0.2423720359802246,0.022732209414243698,1.6508314609527588,0.6985178589820862,0.0,0.2196398265659809,0.2196398265659809,0.1738889366388321,0.1738889366388321,-0.07736825197935104,1.974151849746704,0.9787640571594238,0.0,0.25125718861818314,0.25125718861818314,0.14299358427524567,0.14299358427524567,0.024738522246479988,0.8518741726875305,-0.26385438442230225,0.0,0.11825506202876568,0.11825506202876568,0.22069205343723297,0.22069205343723297,0.146637424826622,-0.3954430818557739,0.13118645548820496,0.0,0.07405462861061096,0.07405462861061096,0.14643171429634094,0.14643171429634094,0.03434271365404129,0.8834803104400635,0.7860309481620789,0.0,0.11208900064229965,0.11208900064229965,0.22159165143966675,0.22159165143966675,0.12221726775169373,1.0807650089263916,0.05489126965403557,0.0,0.09937438368797302,0.09937438368797302
143,2.3833333333333333,2,0,0,,6,stairs down,11,0.0,93.88794708251953,52.34138488769531,-0.7226810455322266,1.3980693817138672,1.1349308490753174,0.8909064531326294,1.1349308490753174,4.6173787117004395,3.262685537338257,0.34520119428634644,0.047824226319789886,0.06061363220214844,0.6990346908569336,0.5674654245376587,-0.20054657757282257,-0.4605639576911926,-0.03139803186058998,-0.03136982023715973,0.8248202800750732,-0.11618290841579437,-0.14038260281085968,-0.14038260281085968,-0.09215350449085236,-0.4322599470615387,-0.4645285904407501,0.0,-0.048229098320007324,-0.048229098320007324,-0.7369023561477661,-0.7369023561477661,0.005543105769902468,-1.7830244302749634,-1.2525583505630493,0.0,-0.7424454619176686,-0.7424454619176686,-0.01569901593029499,-0.01569901593029499,-0.038398828357458115,0.123920738697052,-0.03682435303926468,0.0,0.022699812427163124,0.022699812427163124,-0.02195887453854084,-0.02195887453854084,0.04612857848405838,-0.015724163502454758,0.37317660450935364,0.0,-0.06808745302259922,-0.06808745302259922,0.4124101400375366,0.4124101400375366,0.0656791478395462,1.1141520738601685,1.4770606756210327,0.0,0.3467309921979904,0.3467309921979904,-0.058091454207897186,-0.058091454207897186,-0.06583762913942337,-0.36699458956718445,-0.8036088347434998,0.0,0.007746174931526184,0.007746174931526184
143,2.3833333333333333,8,0,0,,6,stairs down,11,0.0,93.73274993896484,52.403526306152344,-0.8470416069030762,1.6946518421173096,1.7906157970428467,0.9240533113479614,1.7906157970428467,3.273236036300659,6.0696635246276855,0.6666666865348816,0.0103607177734375,0.04988536238670349,0.8473259210586548,0.8953078985214233,-0.0008124516461975873,0.5069587826728821,0.13637378811836243,0.10583029687404633,-0.14808611571788788,0.47966259717941284,-0.000568716146517545,-0.000568716146517545,-0.039328113198280334,0.013069454580545425,-0.5447131991386414,0.0,0.03875939705176279,0.03875939705176279,0.25347939133644104,0.25347939133644104,-0.10019180178642273,1.397696614265442,0.00042196395224891603,0.0,0.35367119312286377,0.35367119312286377,0.06818689405918121,0.06818689405918121,0.03916899859905243,1.3774398565292358,0.6209362745285034,0.0,0.029017895460128784,0.029017895460128784,0.07408120483160019,0.07408120483160019,0.10020174086093903,-1.141482949256897,-0.8510314226150513,0.0,-0.026120536029338837,-0.026120536029338837,-0.23693779110908508,-0.23693779110908508,0.17877139151096344,-1.6587774753570557,-0.6210019588470459,0.0,-0.4157091826200485,-0.4157091826200485,0.23983129858970642,0.23983129858970642,0.05140407755970955,0.8011603355407715,0.5040485858917236,0.0,0.18842722102999687,0.18842722102999687
143,2.3833333333333333,14,0,0,,6,stairs down,11,0.0,93.6458511352539,52.33331298828125,-0.8647713661193848,1.503166913986206,-0.22017262876033783,0.5102699995040894,-0.22017262876033783,2.1572494506835938,10.025888442993164,0.6666666865348816,0.06841044127941132,0.11424349248409271,0.751583456993103,-0.11008631438016891,0.23050975799560547,0.3085918128490448,0.2018042653799057,0.2080674022436142,0.15062636137008667,0.3988596498966217,0.1613568216562271,0.1613568216562271,0.0507197231054306,1.549017071723938,1.0230276584625244,0.0,0.11063709855079651,0.11063709855079651,0.1542959064245224,0.1542959064245224,-0.045078154653310776,1.922720193862915,1.3179517984390259,0.0,0.19937406107783318,0.19937406107783318,0.10090213268995285,0.10090213268995285,0.029452243819832802,0.5404341220855713,0.11634058505296707,0.0,0.07144988887012005,0.07144988887012005,0.14564718306064606,0.14564718306064606,0.12998755276203156,-1.17340087890625,-0.04826749116182327,0.0,0.015659630298614502,0.015659630298614502,0.07531318068504333,0.07531318068504333,0.04270737245678902,0.5028557181358337,0.8192377090454102,0.0,0.03260580822825432,0.03260580822825432,0.19942982494831085,0.19942982494831085,0.1261526644229889,0.11003047972917557,0.4044673442840576,0.0,0.07327716052532196,0.07327716052532196
144,2.4,2,0,0,,6,stairs down,11,0.0,93.89457702636719,52.34156799316406,-0.7215786576271057,1.3881323337554932,1.0601404905319214,0.9485777616500854,1.0601404905319214,4.928623199462891,3.357964277267456,0.3333333432674408,0.026517778635025024,0.06454454362392426,0.6940661668777466,0.5300702452659607,-0.14433355629444122,-0.4826878309249878,-0.0038059207145124674,0.021950755268335342,0.8006373643875122,-0.017930565401911736,-0.10103348642587662,-0.10103348642587662,-0.09666663408279419,-0.15161576867103577,-0.45353275537490845,0.0,-0.004366852343082428,-0.004366852343082428,-0.7723005414009094,-0.7723005414009094,-0.026389816775918007,-1.6955082416534424,-1.4333195686340332,0.0,-0.7459107246249914,-0.7459107246249914,-0.0019029603572562337,-0.0019029603572562337,-0.03613028675317764,0.2539289891719818,0.01795104332268238,0.0,0.03422732639592141,0.03422732639592141,0.015365528874099255,0.015365528874099255,0.04453825205564499,-0.0866936668753624,0.24065500497817993,0.0,-0.029172723181545734,-0.029172723181545734,0.4003186821937561,0.4003186821937561,0.08030655235052109,1.127119541168213,1.3533961772918701,0.0,0.320012129843235,0.320012129843235,-0.008965282700955868,-0.008965282700955868,-0.06807711720466614,0.13890407979488373,-0.6548284292221069,0.0,0.05911183450371027,0.05911183450371027
144,2.4,8,0,0,,6,stairs down,11,0.0,93.7351303100586,52.403770446777344,-0.836768627166748,1.472508192062378,1.1183068752288818,0.8927983045578003,1.1183068752288818,3.270371913909912,6.161838531494141,0.6666666865348816,0.06140414625406265,0.023812126368284225,0.736254096031189,0.5591534376144409,-0.24544167518615723,0.6491990089416504,-0.007576883304864168,0.001250357599928975,-0.24985316395759583,0.422220379114151,-0.17180916666984558,-0.17180916666984558,-0.04449060931801796,-0.5412691235542297,-0.3546435236930847,0.0,-0.12731855735182762,-0.12731855735182762,0.3245995044708252,0.3245995044708252,-0.06827324628829956,2.0000572204589844,0.4765563905239105,0.0,0.39287275075912476,0.39287275075912476,-0.003788441652432084,-0.003788441652432084,0.056432947516441345,0.7327002882957458,0.8787219524383545,0.0,-0.06022138916887343,-0.06022138916887343,0.0008752503199502826,0.0008752503199502826,0.08957187831401825,-0.36642226576805115,-0.9500054717063904,0.0,-0.08869662799406797,-0.08869662799406797,-0.3997650742530823,-0.3997650742530823,0.14986993372440338,-1.815837025642395,-0.9746336936950684,0.0,-0.5496350079774857,-0.5496350079774857,0.2111101895570755,0.2111101895570755,0.07077988237142563,0.44106969237327576,0.6052922010421753,0.0,0.14033030718564987,0.14033030718564987
144,2.4,14,0,0,,6,stairs down,11,0.0,93.63927459716797,52.33208084106445,-0.8623805642127991,1.657785415649414,0.41116687655448914,0.528465747833252,0.41116687655448914,1.7287662029266357,10.0,0.5,0.06779703497886658,0.04205021262168884,0.828892707824707,0.20558343827724457,0.39960306882858276,0.10804691165685654,0.30390891432762146,0.21526572108268738,-0.10420249402523041,0.5427097678184509,0.2797221541404724,0.2797221541404724,0.08303053677082062,1.712846040725708,1.2022634744644165,0.0,0.1966916173696518,0.1966916173696518,0.05402345582842827,0.05402345582842827,-0.027706963941454887,0.5017939805984497,1.5240322351455688,0.0,0.08173041976988316,0.08173041976988316,0.15195445716381073,0.15195445716381073,0.05123324319720268,1.3538302183151245,0.26085442304611206,0.0,0.10072121396660805,0.10072121396660805,0.15068599581718445,0.15068599581718445,0.10780953615903854,-1.0436663627624512,-0.4316672384738922,0.0,0.042876459658145905,0.042876459658145905,-0.16672399640083313,-0.16672399640083313,0.029782326892018318,-1.4397435188293457,0.7114275693893433,0.0,-0.19650632329285145,-0.19650632329285145,0.27135488390922546,0.27135488390922546,0.12850981950759888,0.5257835984230042,0.30413520336151123,0.0,0.1428450644016266,0.1428450644016266
145,2.4166666666666665,2,0,0,,6,stairs down,11,0.0,93.90149688720703,52.34156036376953,-0.720706582069397,1.203871488571167,0.7149494290351868,1.0369186401367188,0.7149494290351868,5.419445991516113,3.5209884643554688,0.3333333432674408,0.0124898012727499,0.08059151470661163,0.6019357442855835,0.3574747145175934,-0.22332218289375305,-0.48679062724113464,0.03209082409739494,0.004525289870798588,0.7757601737976074,-0.029493097215890884,-0.15632551908493042,-0.15632551908493042,-0.10152854770421982,-0.8291662335395813,-0.35065171122550964,0.0,-0.0547969713807106,-0.0547969713807106,-0.7788650393486023,-0.7788650393486023,-0.05814353749155998,-1.9384496212005615,-1.5226627588272095,0.0,-0.7207215018570423,-0.7207215018570423,0.01604541204869747,0.01604541204869747,-0.031636618077754974,0.5177634358406067,0.09836273640394211,0.0,0.047682030126452446,0.047682030126452446,0.003167702816426754,0.003167702816426754,0.04381272941827774,0.19121919572353363,0.12910786271095276,0.0,-0.040645026601850986,-0.040645026601850986,0.3878800868988037,0.3878800868988037,0.09421244263648987,0.6978394985198975,1.2762902975082397,0.0,0.29366764426231384,0.29366764426231384,-0.014746548607945442,-0.014746548607945442,-0.06473693251609802,0.4736846089363098,-0.38435664772987366,0.0,0.04999038390815258,0.04999038390815258
145,2.4166666666666665,8,0,0,,6,stairs down,11,0.0,93.73744201660156,52.40550231933594,-0.8263217806816101,1.6085712909698486,0.5539052486419678,0.8723800182342529,0.5539052486419678,3.3921871185302734,5.326068878173828,0.6666666865348816,0.1441139280796051,0.02146546170115471,0.8042856454849243,0.2769526243209839,0.009551946073770523,0.5253903269767761,-0.28133442997932434,0.071524478495121,-0.09436555206775665,0.07825872302055359,0.006686361972242594,0.006686361972242594,-0.04833611100912094,-0.004708760883659124,-0.41823792457580566,0.0,0.055022472981363535,0.055022472981363535,0.26269516348838806,0.26269516348838806,-0.03573398292064667,1.9965888261795044,0.9957035779953003,0.0,0.29842914640903473,0.29842914640903473,-0.14066721498966217,-0.14066721498966217,0.0534026101231575,-0.5261868238449097,0.8289636969566345,0.0,-0.19406982511281967,-0.19406982511281967,0.05006713420152664,0.05006713420152664,0.08479844033718109,-0.4457380771636963,-0.7511439919471741,0.0,-0.03473130613565445,-0.03473130613565445,-0.15098488330841064,-0.15098488330841064,0.12107411026954651,-1.5761865377426147,-1.2612816095352173,0.0,-0.27205899357795715,-0.27205899357795715,0.039129361510276794,0.039129361510276794,0.06485551595687866,-1.071766972541809,0.5493318438529968,0.0,-0.025726154446601868,-0.025726154446601868
145,2.4166666666666665,14,0,0,,6,stairs down,11,0.0,93.63137817382812,52.33057403564453,-0.8599392771720886,1.5430984497070312,-0.1288657933473587,0.5756665468215942,-0.1288657933473587,1.0299763679504395,8.74188232421875,0.6666666865348816,0.04445338994264603,0.07114315032958984,0.7715492248535156,-0.06443289667367935,0.3221586048603058,0.05071525275707245,0.3109438121318817,0.4214874804019928,0.20803327858448029,0.2683678865432739,0.22551101446151733,0.22551101446151733,0.10165418684482574,1.308502435684204,1.3762491941452026,0.0,0.12385682761669159,0.12385682761669159,0.025357626378536224,0.025357626378536224,-0.003632250474765897,1.979262113571167,1.1756948232650757,0.0,0.02898987685330212,0.02898987685330212,0.15547190606594086,0.15547190606594086,0.0653032511472702,-0.14795567095279694,0.6332961320877075,0.0,0.09016865491867065,0.09016865491867065,0.2950412333011627,0.2950412333011627,0.10283677279949188,-0.1958070695400238,-0.6402116417884827,0.0,0.19220446050167084,0.19220446050167084,0.10401663929224014,0.10401663929224014,0.023832958191633224,-0.032465025782585144,-0.0216041412204504,0.0,0.08018368110060692,0.08018368110060692,0.13418394327163696,0.13418394327163696,0.1324993073940277,-0.4244484007358551,0.37966394424438477,0.0,0.001684635877609253,0.001684635877609253
146,2.433333333333333,2,0,0,,6,stairs down,11,0.0,93.90922546386719,52.34234619140625,-0.7194112539291382,1.5776031017303467,1.4577701091766357,1.153724193572998,1.4577701091766357,6.0069684982299805,3.8384346961975098,0.3333333432674408,-0.03891792893409729,0.059292830526828766,0.7888015508651733,0.7288850545883179,-0.2518863081932068,-0.557160496711731,-0.20962439477443695,0.0020776602905243635,0.7924439907073975,0.007111342158168554,-0.176320418715477,-0.176320418715477,-0.11741625517606735,-0.8550581932067871,-0.5137100219726562,0.0,-0.05890416353940964,-0.05890416353940964,-0.8914567828178406,-0.8914567828178406,-0.0893300473690033,-1.6734387874603271,-1.6643459796905518,0.0,-0.8021267354488373,-0.8021267354488373,-0.10481219738721848,-0.10481219738721848,-0.03127412125468254,-0.2705521881580353,0.24127745628356934,0.0,-0.07353807613253593,-0.07353807613253593,0.00145436218008399,0.00145436218008399,0.0487053282558918,0.24127179384231567,0.15027287602424622,0.0,-0.04725096607580781,-0.04725096607580781,0.39622199535369873,0.39622199535369873,0.10715605318546295,1.1654465198516846,1.079177737236023,0.0,0.2890659421682358,0.2890659421682358,0.003555671079084277,0.003555671079084277,-0.05738840252161026,0.4781043231487274,-0.09197104722261429,0.0,0.06094407360069454,0.06094407360069454
146,2.433333333333333,8,0,0,,6,stairs down,11,0.0,93.73990631103516,52.40834426879883,-0.8164654970169067,1.6935192346572876,0.32956403493881226,0.8551157712936401,0.32956403493881226,3.4797325134277344,2.6981723308563232,0.5277018547058105,0.2654159665107727,0.037095628678798676,0.8467596173286438,0.16478201746940613,-0.11707373708486557,0.49610233306884766,-0.5528726577758789,0.22848094999790192,-0.22387750446796417,0.3484446108341217,-0.08195161819458008,-0.08195161819458008,-0.056341517716646194,-0.8616951107978821,-0.27732399106025696,0.0,-0.025610100477933884,-0.025610100477933884,0.24805116653442383,0.24805116653442383,-0.0038612240459769964,1.8013705015182495,1.3367645740509033,0.0,0.2519123905804008,0.2519123905804008,-0.27643632888793945,-0.27643632888793945,0.03777537867426872,-1.212260127067566,0.36718347668647766,0.0,-0.3142117075622082,-0.3142117075622082,0.15993666648864746,0.15993666648864746,0.085300974547863,0.36344677209854126,-0.6470740437507629,0.0,0.07463569194078445,0.07463569194078445,-0.3582040071487427,-0.3582040071487427,0.08988001942634583,-1.8967235088348389,-1.3685884475708008,0.0,-0.4480840265750885,-0.4480840265750885,0.17422230541706085,0.17422230541706085,0.051849860697984695,-1.300880789756775,-0.003072787309065461,0.0,0.12237244471907616,0.12237244471907616
146,2.433333333333333,14,0,0,,6,stairs down,11,0.0,93.62351989746094,52.328643798828125,-0.8590906262397766,1.7031806707382202,-0.019042273983359337,0.9215494394302368,-0.019042273983359337,2.5490968227386475,7.363177299499512,0.6666666865348816,0.06568692624568939,0.0957602858543396,0.8515903353691101,-0.009521136991679668,0.5969685316085815,-0.02015974000096321,0.2384089082479477,0.2505778670310974,0.2840270400047302,0.21106059849262238,0.4178779721260071,0.4178779721260071,0.1323566883802414,2.0000486373901367,1.3531638383865356,0.0,0.2855212837457657,0.2855212837457657,-0.03225558623671532,-0.03225558623671532,0.017185954377055168,1.5312864780426025,1.449517846107483,0.0,-0.049441540613770485,-0.049441540613770485,0.11920445412397385,0.11920445412397385,0.06759065389633179,-0.5029909610748291,0.3670772612094879,0.0,0.05161380022764206,0.05161380022764206,0.17540450394153595,0.17540450394153595,0.09401538223028183,-0.5373106002807617,-0.4887765944004059,0.0,0.08138912171125412,0.08138912171125412,0.1420135200023651,0.1420135200023651,0.019458739086985588,-0.07056519389152527,-0.025305088609457016,0.0,0.12255478091537952,0.12255478091537952,0.10553029924631119,0.10553029924631119,0.1295715570449829,-0.7006720900535583,0.10565511882305145,0.0,-0.024041257798671722,-0.024041257798671722
147,2.45,2,0,0,,6,stairs down,11,0.0,93.91749572753906,52.342586517333984,-0.7188994288444519,1.4126977920532227,1.0453640222549438,1.2807856798171997,1.0453640222549438,6.672014236450195,4.020689487457275,0.3333333432674408,-0.06832268834114075,0.07702124863862991,0.7063488960266113,0.5226820111274719,-0.17718861997127533,-0.5362715721130371,-0.15547826886177063,0.10083036124706268,0.803881049156189,-0.0853411927819252,-0.12403203547000885,-0.12403203547000885,-0.12718592584133148,-0.3284483253955841,-0.6300275921821594,0.0,0.003153890371322632,0.003153890371322632,-0.8580345511436462,-0.8580345511436462,-0.12205854803323746,-2.0000109672546387,-1.6674443483352661,0.0,-0.7359760031104088,-0.7359760031104088,-0.07773913443088531,-0.07773913443088531,-0.03957080468535423,-0.636558473110199,0.06686670333147049,0.0,-0.03816832974553108,-0.03816832974553108,0.07058124989271164,0.07058124989271164,0.05599519982933998,0.7335763573646545,0.18128161132335663,0.0,0.014586050063371658,0.014586050063371658,0.4019405245780945,0.4019405245780945,0.12571601569652557,1.7035800218582153,1.108574628829956,0.0,0.2762245088815689,0.2762245088815689,-0.0426705963909626,-0.0426705963909626,-0.07111860811710358,-1.9761576652526855,0.10228747874498367,0.0,0.028448011726140976,0.028448011726140976
147,2.45,8,0,0,,6,stairs down,11,0.0,93.74263763427734,52.411556243896484,-0.8071249723434448,1.694785714149475,0.3921147286891937,0.8391348123550415,0.3921147286891937,3.6345977783203125,2.838046073913574,0.5,0.2937702238559723,0.0358232706785202,0.8473928570747375,0.19605736434459686,-0.0975273922085762,0.4788375198841095,-0.48071613907814026,0.14182057976722717,-0.26798462867736816,0.268585205078125,-0.06826917082071304,-0.06826917082071304,-0.0676681324839592,-0.6783631443977356,-0.4764539301395416,0.0,-0.0006010383367538452,-0.0006010383367538452,0.23941875994205475,0.23941875994205475,0.025780724361538887,1.6158870458602905,1.4950833320617676,0.0,0.21363803558051586,0.21363803558051586,-0.24035806953907013,-0.24035806953907013,0.018038304522633553,-1.0953662395477295,-0.17102673649787903,0.0,-0.2583963740617037,-0.2583963740617037,0.0992744043469429,0.0992744043469429,0.08540111780166626,-0.12288538366556168,-0.3027295768260956,0.0,0.013873286545276642,0.013873286545276642,-0.4287753999233246,-0.4287753999233246,0.05814715847373009,-1.9294557571411133,-1.5485553741455078,0.0,-0.48692255839705467,-0.48692255839705467,0.1342926025390625,0.1342926025390625,0.03285606950521469,-1.2136679887771606,-0.4453130066394806,0.0,0.10143653303384781,0.10143653303384781
147,2.45,14,0,0,,6,stairs down,11,0.0,93.61568450927734,52.326480865478516,-0.8594098687171936,1.6873199939727783,-0.5199023485183716,1.0307066440582275,-0.5199023485183716,4.06571102142334,7.129836082458496,0.5,-0.006842385046184063,0.10925763845443726,0.8436599969863892,-0.2599511742591858,0.5973471403121948,-0.11194794625043869,0.30475538969039917,0.46131980419158936,0.301601380109787,0.4366641342639923,0.41814300417900085,0.41814300417900085,0.16402722895145416,1.6939400434494019,1.5735958814620972,0.0,0.2541157752275467,0.2541157752275467,-0.17911671102046967,-0.17911671102046967,0.023055315017700195,0.02329133450984955,1.4773812294006348,0.0,-0.20217202603816986,-0.20217202603816986,0.15237769484519958,0.15237769484519958,0.06737244129180908,0.429931640625,0.07059335708618164,0.0,0.0850052535533905,0.0850052535533905,0.322923868894577,0.322923868894577,0.08788525313138962,0.20244449377059937,-0.5053150057792664,0.0,0.2350386157631874,0.2350386157631874,0.1508006900548935,0.1508006900548935,0.004486496560275555,-0.7913543581962585,-0.0407278947532177,0.0,0.14631419349461794,0.14631419349461794,0.21833206713199615,0.21833206713199615,0.12458214163780212,0.2974467873573303,-0.16910843551158905,0.0,0.09374992549419403,0.09374992549419403
148,2.466666666666667,2,0,0,,6,stairs down,11,0.0,93.92466735839844,52.34357452392578,-0.7183240056037903,1.1453375816345215,1.1653351783752441,1.1445869207382202,1.1653351783752441,6.095778942108154,4.424835681915283,0.3333333432674408,-0.14994072914123535,0.0649838000535965,0.5726687908172607,0.5826675891876221,-0.2610982358455658,-0.3849867284297943,-0.14730407297611237,0.009872807189822197,0.8475916385650635,-0.45382994413375854,-0.18276876211166382,-0.18276876211166382,-0.14083749055862427,-0.6646394729614258,-0.5272616147994995,0.0,-0.04193127155303955,-0.04193127155303955,-0.6159787774085999,-0.6159787774085999,-0.15412582457065582,-1.9644790887832642,-1.7807694673538208,0.0,-0.46185295283794403,-0.46185295283794403,-0.07365203648805618,-0.07365203648805618,-0.04292234033346176,-0.06093396246433258,-0.17283201217651367,0.0,-0.03072969615459442,-0.03072969615459442,0.006910964846611023,0.006910964846611023,0.06923013925552368,0.6455998420715332,0.3694812059402466,0.0,-0.06231917440891266,-0.06231917440891266,0.42379581928253174,0.42379581928253174,0.14430859684944153,1.2824492454528809,1.3113281726837158,0.0,0.2794872224330902,0.2794872224330902,-0.22691497206687927,-0.22691497206687927,-0.09395406395196915,-0.7459501624107361,-0.6059621572494507,0.0,-0.13296090811491013,-0.13296090811491013
148,2.466666666666667,8,0,0,,6,stairs down,11,0.0,93.74573516845703,52.41443634033203,-0.7986060976982117,1.66336989402771,0.33144620060920715,0.8241167068481445,0.33144620060920715,3.2022299766540527,1.9090684652328491,0.6666666865348816,0.330022931098938,0.04512399435043335,0.831684947013855,0.16572310030460358,0.15664972364902496,0.320313036441803,-0.5168614983558655,0.15380226075649261,-0.339019238948822,0.018077783286571503,0.10965480655431747,0.10965480655431747,-0.07107031345367432,0.238031268119812,-0.5452563762664795,0.0,0.1807251200079918,0.1807251200079918,0.1601565182209015,0.1601565182209015,0.0444096140563488,0.9497962594032288,1.5362483263015747,0.0,0.11574690416455269,0.11574690416455269,-0.25843074917793274,-0.25843074917793274,-0.001874807057902217,-1.4795076847076416,-0.4860040843486786,0.0,-0.2565559421200305,-0.2565559421200305,0.10766158252954483,0.10766158252954483,0.08000735193490982,-0.5117796659469604,-0.24144597351551056,0.0,0.02765423059463501,0.02765423059463501,-0.5424308180809021,-0.5424308180809021,0.0255916528403759,-1.9800446033477783,-1.6783506870269775,0.0,-0.568022470921278,-0.568022470921278,0.009038891643285751,0.009038891643285751,0.016972243785858154,-1.3992245197296143,-0.7071371674537659,0.0,-0.007933352142572403,-0.007933352142572403
148,2.466666666666667,14,0,0,,6,stairs down,11,0.0,93.6076889038086,52.32454299926758,-0.860969066619873,1.6042757034301758,0.09607470035552979,1.1820287704467773,0.09607470035552979,5.44577169418335,4.643702983856201,0.3333333432674408,-0.022259553894400597,0.1316179633140564,0.8021378517150879,0.04803735017776489,0.19807076454162598,-0.09897593408823013,0.38567137718200684,0.24766647815704346,0.4971432089805603,0.2351648211479187,0.13864953815937042,0.13864953815937042,0.17799299955368042,1.2110965251922607,1.6146042346954346,0.0,-0.03934346139431,-0.03934346139431,-0.1583614945411682,-0.1583614945411682,0.02136683091521263,0.6842086911201477,0.9818863868713379,0.0,-0.17972832545638084,-0.17972832545638084,0.19283568859100342,0.19283568859100342,0.05770763009786606,-0.5301501154899597,0.19304123520851135,0.0,0.13512805849313736,0.13512805849313736,0.17336653172969818,0.17336653172969818,0.09202353656291962,-0.13243870437145233,-0.2641392946243286,0.0,0.08134299516677856,0.08134299516677856,0.24857160449028015,0.24857160449028015,-0.0019653146155178547,0.33952566981315613,-0.2965109050273895,0.0,0.250536919105798,0.250536919105798,0.11758241057395935,0.11758241057395935,0.1268802285194397,-0.3858175575733185,-0.01012537069618702,0.0,-0.009297817945480347,-0.009297817945480347
149,2.4833333333333334,2,0,0,,6,stairs down,11,0.0,93.9310302734375,52.344425201416016,-0.717704176902771,1.1927907466888428,1.4625177383422852,1.022886872291565,1.4625177383422852,5.804746150970459,6.65878438949585,0.5,-0.14882221817970276,0.04058849439024925,0.5963953733444214,0.7312588691711426,-0.14350777864456177,-0.5851409435272217,-0.246868297457695,0.13072915375232697,0.8491883277893066,-0.2959544360637665,-0.10045544058084488,-0.10045544058084488,-0.14719580113887787,-0.11662264168262482,-0.574074387550354,0.0,0.04674036055803299,0.04674036055803299,-0.9362255334854126,-0.9362255334854126,-0.1866922676563263,-2.0015647411346436,-1.8433701992034912,0.0,-0.7495332658290863,-0.7495332658290863,-0.1234341487288475,-0.1234341487288475,-0.048159122467041016,-0.459594190120697,-0.1347016990184784,0.0,-0.07527502626180649,-0.07527502626180649,0.09151040762662888,0.09151040762662888,0.07853866368532181,-0.05640201270580292,0.4635712206363678,0.0,0.012971743941307068,0.012971743941307068,0.4245941638946533,0.4245941638946533,0.16752800345420837,1.817581057548523,1.3014874458312988,0.0,0.25706616044044495,0.25706616044044495,-0.14797721803188324,-0.14797721803188324,-0.10790380090475082,-0.4384789764881134,-0.6536643505096436,0.0,-0.040073417127132416,-0.040073417127132416
149,2.4833333333333334,8,0,0,,6,stairs down,11,0.0,93.74900817871094,52.41644287109375,-0.7909219264984131,1.5597671270370483,-0.29179662466049194,0.8099111318588257,-0.29179662466049194,3.158112049102783,3.9388110637664795,0.6339764595031738,0.31606417894363403,0.036837659776210785,0.7798835635185242,-0.14589831233024597,-0.03707917779684067,0.37001603841781616,-0.492397278547287,0.2270502746105194,-0.46397665143013,0.4059220254421234,-0.025955423712730408,-0.025955423712730408,-0.07121890038251877,-0.18880827724933624,-0.2783437669277191,0.0,0.04526347666978836,0.04526347666978836,0.18500801920890808,0.18500801920890808,0.057624273002147675,0.8111515641212463,1.336409330368042,0.0,0.1273837462067604,0.1273837462067604,-0.2461986392736435,-0.2461986392736435,-0.01784265972673893,-0.6463707685470581,-0.8245497345924377,0.0,-0.22835597954690456,-0.22835597954690456,0.15893518924713135,0.15893518924713135,0.07387105375528336,-0.1709800660610199,-0.3335646986961365,0.0,0.08506413549184799,0.08506413549184799,-0.7423626780509949,-0.7423626780509949,-0.006507431156933308,-1.9177706241607666,-1.7811557054519653,0.0,-0.7358552468940616,-0.7358552468940616,0.2029610127210617,0.2029610127210617,6.721310637658462e-05,-0.43443429470062256,-0.9429723620414734,0.0,0.20289379961468512,0.20289379961468512
149,2.4833333333333334,14,0,0,,6,stairs down,11,0.0,93.60063934326172,52.32246780395508,-0.8633208274841309,1.4101109504699707,0.1698044389486313,1.178781509399414,0.1698044389486313,5.382746696472168,8.002039909362793,0.5,-0.09543147683143616,0.11187325417995453,0.7050554752349854,0.08490221947431564,0.3976477086544037,-0.1721353977918625,0.4387313425540924,0.4284522831439972,0.4348338842391968,0.22555625438690186,0.27835339307785034,0.27835339307785034,0.2008104771375656,1.7546285390853882,1.4771051406860352,0.0,0.07754291594028473,0.07754291594028473,-0.27541664242744446,-0.27541664242744446,0.018758416175842285,0.18831954896450043,0.8804498910903931,0.0,-0.29417505860328674,-0.29417505860328674,0.2193656712770462,0.2193656712770462,0.05933079123497009,0.0026807812973856926,-0.05339299142360687,0.0,0.1600348800420761,0.1600348800420761,0.2999165952205658,0.2999165952205658,0.09051331877708435,-0.12032091617584229,-0.2192610800266266,0.0,0.20940327644348145,0.20940327644348145,0.2174169421195984,0.2174169421195984,-0.010374507866799831,-0.16836678981781006,-0.07977548241615295,0.0,0.22779144998639822,0.22779144998639822,0.11277812719345093,0.11277812719345093,0.11748811602592468,-1.0074654817581177,-0.13814599812030792,0.0,-0.004709988832473755,-0.004709988832473755
150,2.5,2,0,0,,6,stairs down,11,0.0,93.93546295166016,52.344757080078125,-0.7172228693962097,1.4133732318878174,1.2401721477508545,0.9380229711532593,1.2401721477508545,4.982491493225098,4.227824687957764,0.5,-0.23687288165092468,0.04368401691317558,0.7066866159439087,0.6200860738754272,-0.2414107769727707,-0.6773388385772705,-0.1720561534166336,0.3801708221435547,0.7433350086212158,0.2253962606191635,-0.16898754239082336,-0.16898754239082336,-0.15095898509025574,-1.1184070110321045,-0.41819339990615845,0.0,-0.018028557300567627,-0.018028557300567627,-1.0837421417236328,-1.0837421417236328,-0.2194477915763855,-1.8336836099624634,-1.8972764015197754,0.0,-0.8642943501472473,-0.8642943501472473,-0.0860280767083168,-0.0860280767083168,-0.055600348860025406,-0.08415176719427109,-0.24541185796260834,0.0,-0.030427727848291397,-0.030427727848291397,0.2661195695400238,0.2661195695400238,0.082846499979496,0.8479034304618835,0.2863854467868805,0.0,0.1832730695605278,0.1832730695605278,0.3716675043106079,0.3716675043106079,0.19200825691223145,1.4369781017303467,1.477351188659668,0.0,0.17965924739837646,0.17965924739837646,0.11269813030958176,0.11269813030958176,-0.11104194819927216,0.2681882381439209,-0.5803378820419312,0.0,0.2237400785088539,0.2237400785088539
150,2.5,8,0,0,,6,stairs down,11,0.0,93.75254821777344,52.41729736328125,-0.7845759391784668,1.5041306018829346,-0.2797671854496002,0.7983161211013794,-0.2797671854496002,3.6805901527404785,1.2366514205932617,0.365450918674469,0.315957635641098,0.02161267027258873,0.7520653009414673,-0.1398835927248001,0.1632603257894516,0.34891876578330994,-0.2613552212715149,0.21715739369392395,-0.4112055003643036,0.13814085721969604,0.11428222805261612,0.11428222805261612,-0.06818218529224396,0.41087064146995544,-0.24783369898796082,0.0,0.18246441334486008,0.18246441334486008,0.17445938289165497,0.17445938289165497,0.06595604121685028,0.4611489474773407,1.1574227809906006,0.0,0.10850334167480469,0.10850334167480469,-0.13067761063575745,-0.13067761063575745,-0.02484346367418766,-0.23714987933635712,-0.7638335227966309,0.0,-0.10583414696156979,-0.10583414696156979,0.15201017260551453,0.15201017260551453,0.06732717156410217,-0.4979463517665863,-0.2781624495983124,0.0,0.08468300104141235,0.08468300104141235,-0.6579288244247437,-0.6579288244247437,-0.038382548838853836,-1.8803579807281494,-1.8277084827423096,0.0,-0.6195462755858898,-0.6195462755858898,0.06907042860984802,0.06907042860984802,-0.005918016191571951,-0.3888043463230133,-0.7696832418441772,0.0,0.07498844480141997,0.07498844480141997
150,2.5,14,0,0,,6,stairs down,11,0.0,93.59561157226562,52.32064437866211,-0.8647028207778931,1.4463715553283691,0.5375360250473022,1.0032260417938232,0.5375360250473022,4.917149543762207,4.309540271759033,0.3333333432674408,-0.08733191341161728,0.13561242818832397,0.7231857776641846,0.2687680125236511,0.16843663156032562,0.03213213384151459,0.6401841044425964,0.4306122064590454,0.4859074056148529,0.43290793895721436,0.1179056391119957,0.1179056391119957,0.2220757156610489,0.3123292326927185,1.5716737508773804,0.0,-0.10417007654905319,-0.10417007654905319,0.016066066920757294,0.016066066920757294,0.04705177992582321,1.768917441368103,0.644599974155426,0.0,-0.030985713005065918,-0.030985713005065918,0.3200920522212982,0.3200920522212982,0.06837672740221024,0.7049571871757507,-0.034285325556993484,0.0,0.251715324819088,0.251715324819088,0.30142852663993835,0.30142852663993835,0.08661051839590073,0.27728238701820374,-0.18554629385471344,0.0,0.21481800824403763,0.21481800824403763,0.24295370280742645,0.24295370280742645,0.00907386839389801,1.319999098777771,-0.1099637970328331,0.0,0.23387983441352844,0.23387983441352844,0.21645396947860718,0.21645396947860718,0.10198956727981567,-0.5371711254119873,-0.43437474966049194,0.0,0.1144644021987915,0.1144644021987915
151,2.5166666666666666,2,0,0,,6,stairs down,11,0.0,93.93962860107422,52.345584869384766,-0.7168018817901611,1.3724894523620605,1.1725057363510132,0.6269311904907227,1.1725057363510132,3.6998291015625,7.224388122558594,0.5419633388519287,-0.205073282122612,0.014725811779499054,0.6862447261810303,0.5862528681755066,-0.145697683095932,-0.6312149167060852,-0.1976509839296341,0.14363975822925568,0.8158723711967468,-0.13001787662506104,-0.10198837518692017,-0.10198837518692017,-0.1576337069272995,-0.15063856542110443,-0.6567977666854858,0.0,0.055645331740379333,0.055645331740379333,-1.0099438428878784,-1.0099438428878784,-0.2527849078178406,-2.0000011920928955,-1.8756065368652344,0.0,-0.7571589350700378,-0.7571589350700378,-0.09882549196481705,-0.09882549196481705,-0.06356821954250336,-0.5604354739189148,-0.1904609650373459,0.0,-0.03525727242231369,-0.03525727242231369,0.10054782778024673,0.10054782778024673,0.08821170032024384,0.17957060039043427,0.4777279496192932,0.0,0.0123361274600029,0.0123361274600029,0.4079361855983734,0.4079361855983734,0.20726484060287476,0.9408127069473267,1.463593602180481,0.0,0.20067134499549866,0.20067134499549866,-0.06500893831253052,-0.06500893831253052,-0.10796485841274261,0.21418805420398712,-0.2911946475505829,0.0,0.0429559201002121,0.0429559201002121
151,2.5166666666666666,8,0,0,,6,stairs down,11,0.0,93.75641632080078,52.41676712036133,-0.7795548439025879,1.5436197519302368,0.25277936458587646,0.7992285490036011,0.25277936458587646,3.926025390625,1.9056754112243652,0.5,0.3200593590736389,0.011334704235196114,0.7718098759651184,0.12638968229293823,0.14854489266872406,0.3871634900569916,-0.2015867531299591,0.2889057993888855,-0.1622939258813858,0.34926167130470276,0.10398142039775848,0.10398142039775848,-0.06024004891514778,0.45956623554229736,-0.02337401919066906,0.0,0.16422146931290627,0.16422146931290627,0.1935817450284958,0.1935817450284958,0.07023671269416809,0.4515954256057739,0.9201609492301941,0.0,0.1233450323343277,0.1233450323343277,-0.10079337656497955,-0.10079337656497955,-0.020866120234131813,0.5081227421760559,-0.5843610763549805,0.0,-0.07992725633084774,-0.07992725633084774,0.20223405957221985,0.20223405957221985,0.061974428594112396,-0.11153898388147354,-0.353055864572525,0.0,0.14025963097810745,0.14025963097810745,-0.25967028737068176,-0.25967028737068176,-0.06678873300552368,-1.518548607826233,-1.845649242401123,0.0,-0.19288155436515808,-0.19288155436515808,0.17463083565235138,0.17463083565235138,-0.006111942231655121,0.25610435009002686,-0.6398952007293701,0.0,0.1807427778840065,0.1807427778840065
151,2.5166666666666666,14,0,0,,6,stairs down,11,0.0,93.5904541015625,52.32033157348633,-0.8661233186721802,1.5232645273208618,0.9719073176383972,0.9004718065261841,0.9719073176383972,2.1623592376708984,3.6745758056640625,0.5,-0.014900198206305504,0.11047359555959702,0.7616322636604309,0.4859536588191986,0.2986428737640381,0.10896042734384537,0.3879515826702118,0.4318143427371979,0.6087112426757812,-0.07888878136873245,0.2090500146150589,0.2090500146150589,0.22317062318325043,-0.21435734629631042,1.1425402164459229,0.0,-0.014120608568191528,-0.014120608568191528,0.054480213671922684,0.054480213671922684,0.07981478422880173,1.8927860260009766,1.027721643447876,0.0,-0.025334570556879044,-0.025334570556879044,0.1939757913351059,0.1939757913351059,0.07394503802061081,0.22381947934627533,0.21761848032474518,0.0,0.12003075331449509,0.12003075331449509,0.3022700250148773,0.3022700250148773,0.09430170804262161,0.791119396686554,-0.027833083644509315,0.0,0.2079683169722557,0.2079683169722557,0.3043556213378906,0.3043556213378906,0.03167015686631203,1.3873462677001953,0.3773094713687897,0.0,0.2726854644715786,0.2726854644715786,-0.039444390684366226,-0.039444390684366226,0.07703757286071777,-1.7491682767868042,-0.46940356492996216,0.0,-0.116481963545084,-0.116481963545084
152,2.533333333333333,2,0,0,,6,stairs down,11,0.0,93.94390106201172,52.34560775756836,-0.7170528173446655,0.9004199504852295,0.7041860222816467,0.5858333110809326,0.7041860222816467,3.071347713470459,0.7004615068435669,0.20522384345531464,-0.18771114945411682,0.018838074058294296,0.45020997524261475,0.35209301114082336,0.08748780190944672,-0.6196216344833374,-0.136417418718338,0.10182368010282516,0.8292690515518188,-0.06355668604373932,0.06124145910143852,0.06124145910143852,-0.14892198145389557,0.8491073846817017,-0.4843192398548126,0.0,0.2101634405553341,0.2101634405553341,-0.9913946390151978,-0.9913946390151978,-0.2857251763343811,-1.9591436386108398,-1.9179950952529907,0.0,-0.7056694626808167,-0.7056694626808167,-0.068208709359169,-0.068208709359169,-0.07051499933004379,-0.23116745054721832,-0.31653323769569397,0.0,0.0023062899708747864,0.0023062899708747864,0.07127657532691956,0.07127657532691956,0.08423642814159393,-0.4410766065120697,0.37612801790237427,0.0,-0.012959852814674377,-0.012959852814674377,0.4146345257759094,0.4146345257759094,0.2239379733800888,1.205486536026001,1.285451054573059,0.0,0.19069655239582062,0.19069655239582062,-0.03177834302186966,-0.03177834302186966,-0.10829572379589081,-0.31070995330810547,-0.11898075044155121,0.0,0.07651738077402115,0.07651738077402115
152,2.533333333333333,8,0,0,,6,stairs down,11,0.0,93.76204681396484,52.41514205932617,-0.7759796380996704,1.4228805303573608,0.3729660212993622,0.7982339859008789,0.3729660212993622,4.1526594161987305,2.4416985511779785,0.5,0.3030943274497986,0.03205598518252373,0.7114402651786804,0.1864830106496811,-0.0679771676659584,0.4330097436904907,0.013037259690463543,0.16438299417495728,0.09741021692752838,0.20481041073799133,-0.047584015876054764,-0.047584015876054764,-0.05572890862822533,-0.02691640518605709,0.14119239151477814,0.0,0.008144892752170563,0.008144892752170563,0.21650487184524536,0.21650487184524536,0.0897655189037323,1.6005325317382812,0.7604928016662598,0.0,0.12673935294151306,0.12673935294151306,0.0065186298452317715,0.0065186298452317715,-0.009564952924847603,0.6923350095748901,-0.21208694577217102,0.0,0.016083582770079374,0.016083582770079374,0.11506809294223785,0.11506809294223785,0.06474801898002625,0.6292912364006042,-0.27075672149658203,0.0,0.05032007396221161,0.05032007396221161,0.04870510846376419,0.04870510846376419,-0.0674668699502945,0.7537392377853394,-1.7341865301132202,0.0,0.11617197841405869,0.11617197841405869,0.10240520536899567,0.10240520536899567,0.0016069934936240315,0.7968773245811462,-0.33457493782043457,0.0,0.10079821187537163,0.10079821187537163
152,2.533333333333333,14,0,0,,6,stairs down,11,0.0,93.58454895019531,52.320804595947266,-0.8672902584075928,1.4356486797332764,1.4104022979736328,0.8493834733963013,1.4104022979736328,2.434492349624634,4.997130393981934,0.5,0.002735421061515808,0.08732527494430542,0.7178243398666382,0.7052011489868164,-0.08207474648952484,0.46278926730155945,0.3511471450328827,0.43435072898864746,0.7211860418319702,-0.20172052085399628,-0.05745232105255127,-0.05745232105255127,0.20822887122631073,-1.3689463138580322,0.6801645755767822,0.0,-0.265681192278862,-0.265681192278862,0.23139463365077972,0.23139463365077972,0.11508427560329437,1.9990583658218384,1.322500467300415,0.0,0.11631035804748535,0.11631035804748535,0.17557357251644135,0.17557357251644135,0.0740685984492302,-0.004697616212069988,0.21973152458667755,0.0,0.10150497406721115,0.10150497406721115,0.30404549837112427,0.30404549837112427,0.11297667026519775,1.4694961309432983,0.25123265385627747,0.0,0.1910688281059265,0.1910688281059265,0.3605930209159851,0.3605930209159851,0.052345797419548035,1.0143309831619263,0.7214889526367188,0.0,0.3082472234964371,0.3082472234964371,-0.10086026042699814,-0.10086026042699814,0.05067826807498932,-1.6122819185256958,-0.9054953455924988,0.0,-0.15153852850198746,-0.15153852850198746
153,2.55,2,0,0,,6,stairs down,11,0.0,93.94718933105469,52.34542465209961,-0.7175934314727783,1.1444933414459229,0.48879215121269226,0.5509418249130249,0.48879215121269226,2.958413600921631,4.308904647827148,0.5,-0.15599843859672546,0.028836876153945923,0.5722466707229614,0.24439607560634613,-0.23674653470516205,-0.45583733916282654,-0.017851796001195908,0.4898800849914551,0.7015756964683533,0.1497865915298462,-0.1657225787639618,-0.1657225787639618,-0.1454942524433136,-0.254924476146698,-0.029941624030470848,0.0,-0.020228326320648193,-0.020228326320648193,-0.7293397784233093,-0.7293397784233093,-0.3191007077693939,-1.9056106805801392,-1.9320168495178223,0.0,-0.4102390706539154,-0.4102390706539154,-0.008925898000597954,-0.008925898000597954,-0.07204549759626389,0.03663438931107521,-0.2874440550804138,0.0,0.06311959959566593,0.06311959959566593,0.3429160416126251,0.3429160416126251,0.08879539370536804,0.8696466684341431,0.09765788167715073,0.0,0.2541206479072571,0.2541206479072571,0.35078784823417664,0.35078784823417664,0.23105394840240479,0.4635303020477295,1.258202314376831,0.0,0.11973389983177185,0.11973389983177185,0.0748932957649231,0.0748932957649231,-0.10648977011442184,-0.029421325773000717,-0.18431426584720612,0.0,0.18138306587934494,0.18138306587934494
153,2.55,8,0,0,,6,stairs down,11,0.0,93.76879119873047,52.413116455078125,-0.7750153541564941,1.4197702407836914,0.2927184998989105,0.8139737844467163,0.2927184998989105,4.180027961730957,6.4458723068237305,0.6666666865348816,0.24284856021404266,0.04952237010002136,0.7098851203918457,0.14635924994945526,0.02354687638580799,0.09127578139305115,0.020883187651634216,0.12813737988471985,0.47694846987724304,0.001456604222767055,0.01648281328380108,0.01648281328380108,-0.051412567496299744,0.19674870371818542,0.08390774577856064,0.0,0.06789538078010082,0.06789538078010082,0.045637890696525574,0.045637890696525574,0.09919790178537369,0.5259918570518494,1.0467442274093628,0.0,-0.053560011088848114,-0.053560011088848114,0.010441593825817108,0.010441593825817108,0.000297964783385396,0.3983655571937561,0.09610331058502197,0.0,0.010143629042431712,0.010143629042431712,0.08969616144895554,0.08969616144895554,0.07011280208826065,0.6745883226394653,0.035943057388067245,0.0,0.019583359360694885,0.019583359360694885,0.23847423493862152,0.23847423493862152,-0.06062895804643631,1.0481761693954468,-0.8864024877548218,0.0,0.29910319298505783,0.29910319298505783,0.0007283021113835275,0.0007283021113835275,0.005923246964812279,0.32111236453056335,0.05097803473472595,0.0,-0.005194944853428751,-0.005194944853428751
153,2.55,14,0,0,,6,stairs down,11,0.0,93.57805633544922,52.32179260253906,-0.8680554628372192,1.8286750316619873,1.5858089923858643,0.821627140045166,1.5858089923858643,3.5838897228240967,6.235328674316406,0.5,-0.01991312764585018,0.07634523510932922,0.9143375158309937,0.7929044961929321,-0.23016496002674103,0.5809144377708435,0.4157657027244568,0.5904689431190491,0.8291369080543518,-0.26328691840171814,-0.16111546754837036,-0.16111546754837036,0.1780582070350647,-1.9749690294265747,-0.018089186400175095,0.0,-0.33917367458343506,-0.33917367458343506,0.29045721888542175,0.29045721888542175,0.15008676052093506,1.9964381456375122,1.5530438423156738,0.0,0.1403704583644867,0.1403704583644867,0.2078828513622284,0.2078828513622284,0.07620356231927872,0.18124741315841675,0.14325518906116486,0.0,0.13167928904294968,0.13167928904294968,0.41332826018333435,0.41332826018333435,0.13906529545783997,1.9492783546447754,0.6663673520088196,0.0,0.2742629647254944,0.2742629647254944,0.4145684540271759,0.4145684540271759,0.07473954558372498,1.2507178783416748,0.8212776184082031,0.0,0.3398289084434509,0.3398289084434509,-0.13164345920085907,-0.13164345920085907,0.03327053785324097,-1.4533439874649048,-1.1463395357131958,0.0,-0.16491399705410004,-0.16491399705410004
154,2.5666666666666664,2,0,0,,6,stairs down,11,0.0,93.94939422607422,52.34553146362305,-0.7178512811660767,1.0136977434158325,1.0661150217056274,0.5306702852249146,1.0661150217056274,3.293891429901123,6.182857513427734,0.5,-0.11578810214996338,0.029145922511816025,0.5068488717079163,0.5330575108528137,-0.04042286425828934,-0.5518942475318909,-0.005823993589729071,0.09062639623880386,0.845165491104126,-0.10339302569627762,-0.028296004980802536,-0.028296004980802536,-0.1444770097732544,0.2628919184207916,-0.10660663992166519,0.0,0.11618100479245186,0.11618100479245186,-0.8830308318138123,-0.8830308318138123,-0.35198473930358887,-2.004127264022827,-1.9230186939239502,0.0,-0.5310460925102234,-0.5310460925102234,-0.0029119967948645353,-0.0029119967948645353,-0.06479362398386002,0.5722144842147827,-0.17701128125190735,0.0,0.06188162718899548,0.06188162718899548,0.06343847513198853,0.06343847513198853,0.09166441857814789,-0.16004760563373566,0.36072027683258057,0.0,-0.028225943446159363,-0.028225943446159363,0.422582745552063,0.422582745552063,0.22406090795993805,-0.46340540051460266,0.9874103665351868,0.0,0.19852183759212494,0.19852183759212494,-0.05169651284813881,-0.05169651284813881,-0.09838847815990448,0.6100494265556335,-0.13153304159641266,0.0,0.04669196531176567,0.04669196531176567
154,2.5666666666666664,8,0,0,,6,stairs down,11,0.0,93.77667236328125,52.41075134277344,-0.7763795256614685,1.0890889167785645,0.5366737246513367,0.8510972261428833,0.5366737246513367,4.628756999969482,8.297938346862793,0.6391579508781433,0.20265167951583862,0.060669682919979095,0.5445444583892822,0.26833686232566833,-0.08089140057563782,-0.0778321623802185,-0.014173188246786594,0.07810860872268677,0.676112711429596,-0.1955178678035736,-0.05662398040294647,-0.05662398040294647,-0.04987310618162155,0.19959011673927307,0.12235935777425766,0.0,-0.006750874221324921,-0.006750874221324921,-0.12453146278858185,-0.12453146278858185,0.08354891836643219,-0.38078728318214417,0.8692929744720459,0.0,-0.20808038115501404,-0.20808038115501404,-0.007086594123393297,-0.007086594123393297,0.0020738167222589254,-0.03806602209806442,0.1991019994020462,0.0,-0.009160410845652223,-0.009160410845652223,0.05467602610588074,0.05467602610588074,0.08353372663259506,0.5734203457832336,0.2535673975944519,0.0,-0.028857700526714325,-0.028857700526714325,0.338056355714798,0.338056355714798,-0.055732361972332,1.5263773202896118,-0.22717665135860443,0.0,0.39378871768713,0.39378871768713,-0.0977589339017868,-0.0977589339017868,-0.0034330671187490225,-0.9289978742599487,0.1430288404226303,0.0,-0.09432586678303778,-0.09432586678303778
154,2.5666666666666664,14,0,0,,6,stairs down,11,0.0,93.57164001464844,52.32210159301758,-0.8699789047241211,1.879753828048706,1.4717955589294434,0.8062841892242432,1.4717955589294434,3.9999454021453857,1.4278615713119507,0.1666666716337204,-0.04141063243150711,0.06849297881126404,0.939876914024353,0.7358977794647217,-0.2163304090499878,0.6484078168869019,0.3719034194946289,0.5696346759796143,0.9116731882095337,-0.44297856092453003,-0.15143127739429474,-0.15143127739429474,0.14682543277740479,-1.916039228439331,-0.6849143505096436,0.0,-0.2982567101716995,-0.2982567101716995,0.3242039084434509,0.3242039084434509,0.1850549578666687,2.000525951385498,1.7041345834732056,0.0,0.13914895057678223,0.13914895057678223,0.18595170974731445,0.18595170974731445,0.08238063007593155,0.5220008492469788,0.15620139241218567,0.0,0.1035710796713829,0.1035710796713829,0.39874425530433655,0.39874425530433655,0.1721896231174469,1.9937273263931274,1.1035312414169312,0.0,0.22655463218688965,0.22655463218688965,0.45583659410476685,0.45583659410476685,0.09798844903707504,1.4426366090774536,0.9676133990287781,0.0,0.3578481450676918,0.3578481450676918,-0.22148928046226501,-0.22148928046226501,0.001060154871083796,-1.9971798658370972,-1.2509541511535645,0.0,-0.2225494353333488,-0.2225494353333488
155,2.5833333333333335,2,0,0,,6,stairs down,11,0.0,93.95068359375,52.34576416015625,-0.7172654271125793,0.8807575106620789,0.8574210405349731,0.5193805694580078,0.8574210405349731,2.677368640899658,1.872674822807312,0.3333333432674408,-0.10821063816547394,0.03141317516565323,0.44037875533103943,0.4287105202674866,-0.15551088750362396,-0.1393725425004959,0.1759660840034485,0.3730972111225128,0.6634618043899536,0.40604159235954285,-0.10885761678218842,-0.10885761678218842,-0.14297044277191162,-0.09282723069190979,0.01930345594882965,0.0,0.034112825989723206,0.034112825989723206,-0.2229960709810257,-0.2229960709810257,-0.3468654155731201,0.9575014114379883,-1.9506571292877197,0.0,0.12386934459209442,0.12386934459209442,0.08798304200172424,0.08798304200172424,-0.050457585602998734,1.0522222518920898,0.07829441875219345,0.0,0.13844062760472298,0.13844062760472298,0.2611680328845978,0.2611680328845978,0.09495619684457779,0.21858733892440796,0.18326373398303986,0.0,0.16621183604002,0.16621183604002,0.3317309021949768,0.3317309021949768,0.2470286786556244,1.5761964321136475,0.4930312931537628,0.0,0.08470222353935242,0.08470222353935242,0.20302079617977142,0.20302079617977142,-0.09817259013652802,0.9141067862510681,0.12116813659667969,0.0,0.30119338631629944,0.30119338631629944
155,2.5833333333333335,8,0,0,,6,stairs down,11,0.0,93.78466033935547,52.40816879272461,-0.7776240110397339,0.9099124073982239,1.01658296585083,0.9099124073982239,1.01658296585083,4.949456691741943,4.53010368347168,0.41777777671813965,0.24055640399456024,0.04811884090304375,0.45495620369911194,0.508291482925415,-0.25889816880226135,-0.09048932790756226,0.13933870196342468,-0.17310144007205963,0.7320111989974976,-0.37487637996673584,-0.18122871220111847,-0.18122871220111847,-0.0484670028090477,-0.1507595330476761,0.14867645502090454,0.0,-0.13276170939207077,-0.13276170939207077,-0.1447829306125641,-0.1447829306125641,0.0746603012084961,0.8637208938598633,0.44331637024879456,0.0,-0.21944323182106018,-0.21944323182106018,0.06966935098171234,0.06966935098171234,-0.004071075934916735,0.21180406212806702,0.11828476190567017,0.0,0.07374042691662908,0.07374042691662908,-0.1211710050702095,-0.1211710050702095,0.09984201937913895,0.5883138179779053,0.3625602722167969,0.0,-0.22101302444934845,-0.22101302444934845,0.3660055994987488,0.3660055994987488,-0.04533768072724342,-0.08469267189502716,0.3703632950782776,0.0,0.4113432802259922,0.4113432802259922,-0.18743818998336792,-0.18743818998336792,-0.017614923417568207,-0.7448424696922302,-0.2222743034362793,0.0,-0.1698232665657997,-0.1698232665657997
155,2.5833333333333335,14,0,0,,6,stairs down,11,0.0,93.56541442871094,52.32197189331055,-0.872603178024292,1.9110594987869263,1.6509556770324707,0.8041361570358276,1.6509556770324707,4.188230037689209,1.363121747970581,0.1666666716337204,-0.05048253387212753,0.0828864648938179,0.9555297493934631,0.8254778385162354,-0.4263404309749603,0.7119903564453125,0.4567813575267792,0.5875682830810547,0.9394470453262329,-0.46205899119377136,-0.29843831062316895,-0.29843831062316895,0.11478005349636078,-2.005256175994873,-1.1044316291809082,0.0,-0.4132183641195297,-0.4132183641195297,0.35599517822265625,0.35599517822265625,0.2197493612766266,2.0060200691223145,1.8051326274871826,0.0,0.13624581694602966,0.13624581694602966,0.2283906787633896,0.2283906787633896,0.0956757590174675,0.8786499500274658,0.28085097670555115,0.0,0.1327149197459221,0.1327149197459221,0.4112977981567383,0.4112977981567383,0.20468416810035706,1.9804887771606445,1.4068739414215088,0.0,0.20661363005638123,0.20661363005638123,0.46972352266311646,0.46972352266311646,0.12515181303024292,1.5938798189163208,1.1294820308685303,0.0,0.34457170963287354,0.34457170963287354,-0.23102949559688568,-0.23102949559688568,-0.029142234474420547,-1.8942424058914185,-1.5052375793457031,0.0,-0.20188726112246513,-0.20188726112246513
156,2.6,2,0,0,,6,stairs down,11,0.0,93.95166015625,52.346046447753906,-0.7174646854400635,0.8001942038536072,0.01312892697751522,0.5135838985443115,0.01312892697751522,2.6171886920928955,4.950401306152344,0.3333333432674408,-0.10595802962779999,0.06969258934259415,0.4000971019268036,0.00656446348875761,-0.05661214888095856,-0.5089640617370605,0.4672020673751831,0.3611156940460205,0.6250661611557007,0.1133323535323143,-0.03962850198149681,-0.03962850198149681,-0.1417851746082306,-0.25287899374961853,-0.01890612579882145,0.0,0.10215667262673378,0.10215667262673378,-0.8143424987792969,-0.8143424987792969,-0.3710217773914337,-1.8655427694320679,-0.9596747756004333,0.0,-0.44332072138786316,-0.44332072138786316,0.23360103368759155,0.23360103368759155,-0.021827496588230133,1.995552659034729,0.41016945242881775,0.0,0.2554285302758217,0.2554285302758217,0.2527809739112854,0.2527809739112854,0.0983511283993721,0.8246303796768188,0.19530057907104492,0.0,0.1544298455119133,0.1544298455119133,0.31253308057785034,0.31253308057785034,0.23833131790161133,-1.2144254446029663,0.8621299266815186,0.0,0.07420176267623901,0.07420176267623901,0.05666617676615715,0.05666617676615715,-0.08991656452417374,0.8329681158065796,0.39136940240859985,0.0,0.1465827412903309,0.1465827412903309
156,2.6,8,0,0,,6,stairs down,11,0.0,93.78820037841797,52.4078254699707,-0.7733275890350342,1.8810701370239258,1.4084293842315674,1.0187565088272095,1.4084293842315674,5.51425838470459,6.613496780395508,0.6666666865348816,0.2458590269088745,0.06184352934360504,0.9405350685119629,0.7042146921157837,-0.3989613652229309,-0.25708678364753723,0.08434345573186874,-0.09805944561958313,0.5362678170204163,0.24366776645183563,-0.2792729437351227,-0.2792729437351227,-0.05960403382778168,-0.9260032176971436,0.04664083570241928,0.0,-0.219668909907341,-0.219668909907341,-0.4113388657569885,-0.4113388657569885,0.06463512778282166,-1.1425217390060425,0.5865731239318848,0.0,-0.4759739935398102,-0.4759739935398102,0.04217172786593437,0.04217172786593437,-0.0003763002168852836,0.05025448277592659,0.15015234053134918,0.0,0.042548028082819656,0.042548028082819656,-0.06864161044359207,-0.06864161044359207,0.10575138032436371,0.36649420857429504,0.43948790431022644,0.0,-0.17439299076795578,-0.17439299076795578,0.26813390851020813,0.26813390851020813,-0.07057230919599533,-1.4278812408447266,0.21529869735240936,0.0,0.33870621770620346,0.33870621770620346,0.12183388322591782,0.12183388322591782,-0.014901147224009037,0.41062700748443604,-0.4003443121910095,0.0,0.13673503044992685,0.13673503044992685
156,2.6,14,0,0,,6,stairs down,11,0.0,93.55919647216797,52.32158660888672,-0.8753728270530701,1.8790786266326904,1.5935659408569336,0.8037704229354858,1.5935659408569336,6.048361778259277,8.574506759643555,0.4999048709869385,-0.06695404648780823,0.12124279141426086,0.9395393133163452,0.7967829704284668,-0.5034827589988708,0.656488299369812,0.3860592544078827,0.5974359512329102,0.9334973692893982,-0.5429487228393555,-0.35243791341781616,-0.35243791341781616,0.08246999233961105,-1.9826011657714844,-1.4113960266113281,0.0,-0.4349079057574272,-0.4349079057574272,0.328244149684906,0.328244149684906,0.25129202008247375,2.000275135040283,1.873586893081665,0.0,0.07695212960243225,0.07695212960243225,0.19302962720394135,0.19302962720394135,0.11297032982110977,0.9600436687469482,0.4845565855503082,0.0,0.08005929738283157,0.08005929738283157,0.4182051718235016,0.4182051718235016,0.2330339103937149,1.7365485429763794,1.6023385524749756,0.0,0.18517126142978668,0.18517126142978668,0.4667486846446991,0.4667486846446991,0.14931054413318634,1.742024540901184,1.2877298593521118,0.0,0.31743814051151276,0.31743814051151276,-0.27147436141967773,-0.27147436141967773,-0.05932777747511864,-1.8155159950256348,-1.6377946138381958,0.0,-0.2121465839445591,-0.2121465839445591
157,2.6166666666666667,2,0,0,,6,stairs down,11,0.0,93.95211029052734,52.34648895263672,-0.7160009741783142,0.9193158149719238,0.8461620807647705,0.5135838985443115,0.8461620807647705,2.610860824584961,3.836228847503662,0.3333333432674408,-0.08753782510757446,0.09319216012954712,0.4596579074859619,0.42308104038238525,-0.5548901557922363,0.14818884432315826,0.41638362407684326,0.0013357597636058927,0.7899824976921082,0.3935531973838806,-0.3884231150150299,-0.3884231150150299,-0.14989140629768372,-0.725136399269104,-0.09863457083702087,0.0,-0.2385317087173462,-0.2385317087173462,0.07409442216157913,0.07409442216157913,-0.3426644504070282,1.998623251914978,-1.268357753753662,0.0,0.41675887256860733,0.41675887256860733,0.20819181203842163,0.20819181203842163,0.010110451839864254,1.9608265161514282,0.95040363073349,0.0,0.19808136019855738,0.19808136019855738,0.0009350317995995283,0.0009350317995995283,0.10782270133495331,0.27129435539245605,0.4097506105899811,0.0,-0.10688766953535378,-0.10688766953535378,0.3949912488460541,0.3949912488460541,0.2658076882362366,1.6102404594421387,0.15452419221401215,0.0,0.1291835606098175,0.1291835606098175,0.1967765986919403,0.1967765986919403,-0.08138719201087952,0.5346389412879944,0.5418483018875122,0.0,0.2781637907028198,0.2781637907028198
157,2.6166666666666667,8,0,0,,6,stairs down,11,0.0,93.7926254272461,52.40797805786133,-0.7693055868148804,1.5828750133514404,1.2585628032684326,1.072579026222229,1.2585628032684326,5.557643890380859,2.519925594329834,0.3333333432674408,0.15258292853832245,0.03683293238282204,0.7914375066757202,0.6292814016342163,-0.2644016742706299,0.22393126785755157,-0.1779550164937973,-0.06353982537984848,0.2544807493686676,0.3007204830646515,-0.18508116900920868,-0.18508116900920868,-0.07243305444717407,-0.6487327814102173,-0.28479674458503723,0.0,-0.1126481145620346,-0.1126481145620346,0.11196563392877579,0.11196563392877579,0.0887281745672226,1.6880356073379517,-0.0026321623008698225,0.0,0.023237459361553192,0.023237459361553192,-0.08897750824689865,-0.08897750824689865,-0.00589153403416276,-0.5475232005119324,0.11611120402812958,0.0,-0.08308597421273589,-0.08308597421273589,-0.04447787627577782,-0.04447787627577782,0.1064906045794487,-0.21683895587921143,0.41461461782455444,0.0,-0.15096848085522652,-0.15096848085522652,0.1272403746843338,0.1272403746843338,-0.06037864461541176,0.7955429553985596,-0.34463027119636536,0.0,0.18761901929974556,0.18761901929974556,0.15036024153232574,0.15036024153232574,-0.004044760949909687,0.9103971123695374,-0.1239982321858406,0.0,0.15440500248223543,0.15440500248223543
157,2.6166666666666667,14,0,0,,6,stairs down,11,0.0,93.55303955078125,52.32118606567383,-0.8779436945915222,1.767960548400879,1.519675850868225,0.8008871078491211,1.519675850868225,6.481932640075684,6.527851104736328,0.5,-0.07175034284591675,0.15061745047569275,0.8839802742004395,0.7598379254341125,-0.5333917140960693,0.5970374345779419,0.37777072191238403,0.5748459100723267,0.9425594806671143,-0.48497259616851807,-0.37337419390678406,-0.37337419390678406,0.049556292593479156,-1.9798789024353027,-1.6060394048690796,0.0,-0.4229304865002632,-0.4229304865002632,0.29851871728897095,0.29851871728897095,0.2854197025299072,1.9984606504440308,1.9167569875717163,0.0,0.01309901475906372,0.01309901475906372,0.18888536095619202,0.18888536095619202,0.13071267306804657,1.1701369285583496,0.6465832591056824,0.0,0.05817268788814545,0.05817268788814545,0.40239211916923523,0.40239211916923523,0.25743138790130615,1.3165159225463867,1.6480717658996582,0.0,0.14496073126792908,0.14496073126792908,0.47127974033355713,0.47127974033355713,0.16920912265777588,1.0303046703338623,1.4425349235534668,0.0,0.30207061767578125,0.30207061767578125,-0.24248629808425903,-0.24248629808425903,-0.09068059176206589,-1.7304296493530273,-1.6983548402786255,0.0,-0.15180570632219315,-0.15180570632219315
158,2.6333333333333333,2,0,0,,6,stairs down,11,0.0,93.95137786865234,52.3469123840332,-0.7146295309066772,0.8856279253959656,0.4795737564563751,0.5138541460037231,0.4795737564563751,2.817835569381714,3.1663408279418945,0.3333333432674408,-0.06439118832349777,0.06915092468261719,0.4428139626979828,0.23978687822818756,-0.22827762365341187,-0.06683873385190964,0.46765926480293274,0.46008792519569397,0.7365965247154236,0.31168290972709656,-0.15979433059692383,-0.15979433059692383,-0.1579960137605667,-0.5543268322944641,-0.3121209442615509,0.0,-0.0017983168363571167,-0.0017983168363571167,-0.10694197565317154,-0.10694197565317154,-0.30962106585502625,1.9921774864196777,-0.15510331094264984,0.0,0.2026790902018547,0.2026790902018547,0.23382963240146637,0.23382963240146637,0.042352158576250076,1.9902046918869019,1.2947146892547607,0.0,0.1914774738252163,0.1914774738252163,0.32206153869628906,0.32206153869628906,0.11525524407625198,0.7508273124694824,0.36257031559944153,0.0,0.20680629462003708,0.20680629462003708,0.3682982623577118,0.3682982623577118,0.28774338960647583,1.2574454545974731,0.6505731344223022,0.0,0.08055487275123596,0.08055487275123596,0.15584145486354828,0.15584145486354828,-0.07209359109401703,0.8409958481788635,0.5393916368484497,0.0,0.2279350459575653,0.2279350459575653
158,2.6333333333333333,8,0,0,,6,stairs down,11,0.0,93.79641723632812,52.4078483581543,-0.7656987905502319,1.5606728792190552,0.9704118371009827,1.1489017009735107,0.9704118371009827,5.894770622253418,3.0158309936523438,0.3333333432674408,0.16983334720134735,0.05995684117078781,0.7803364396095276,0.48520591855049133,0.20656248927116394,0.27679380774497986,-0.07329275459051132,0.22985999286174774,0.2204427868127823,0.40581759810447693,0.144593745470047,0.144593745470047,-0.07415001839399338,0.16460822522640228,-0.4088113605976105,0.0,0.21874376386404037,0.21874376386404037,0.13839690387248993,0.13839690387248993,0.12060709297657013,1.6044402122497559,0.5734786987304688,0.0,0.0177898108959198,0.0177898108959198,-0.03664637729525566,-0.03664637729525566,-0.014449496753513813,-0.08687321841716766,-0.11002843827009201,0.0,-0.022196880541741848,-0.022196880541741848,0.1609019935131073,0.1609019935131073,0.0996590256690979,-0.45545434951782227,0.1994408667087555,0.0,0.0612429678440094,0.0612429678440094,0.11022139340639114,0.11022139340639114,-0.050491347908973694,0.36826977133750916,0.0438944473862648,0.0,0.16071274131536484,0.16071274131536484,0.20290879905223846,0.20290879905223846,0.01726030744612217,1.5183684825897217,0.22848166525363922,0.0,0.1856484916061163,0.1856484916061163
158,2.6333333333333333,14,0,0,,6,stairs down,11,0.0,93.54698944091797,52.321006774902344,-0.8799893856048584,1.8742448091506958,1.6726680994033813,0.8034074306488037,1.6726680994033813,4.195487976074219,4.067555904388428,0.3333333432674408,-0.10593178123235703,0.1729893982410431,0.9371224045753479,0.8363340497016907,-0.5874114632606506,0.6652770042419434,0.3847522437572479,0.5647648572921753,0.8762350678443909,-0.19297562539577484,-0.411188006401062,-0.411188006401062,0.01607779785990715,-1.9928970336914062,-1.7334285974502563,0.0,-0.42726580426096916,-0.42726580426096916,0.3326385021209717,0.3326385021209717,0.319764643907547,1.91581392288208,1.9445981979370117,0.0,0.012873858213424683,0.012873858213424683,0.19237612187862396,0.19237612187862396,0.1499360054731369,1.1142733097076416,0.8249890804290771,0.0,0.04244011640548706,0.04244011640548706,0.3953354060649872,0.3953354060649872,0.2736837565898895,0.770493745803833,1.5350909233093262,0.0,0.12165164947509766,0.12165164947509766,0.43811753392219543,0.43811753392219543,0.18882307410240173,1.12155020236969,1.3020635843276978,0.0,0.2492944598197937,0.2492944598197937,-0.09648781269788742,-0.09648781269788742,-0.10764174163341522,-0.9394021034240723,-1.7092846632003784,0.0,0.011153928935527802,0.011153928935527802
159,2.65,2,0,0,,6,stairs down,11,0.0,93.94998168945312,52.347225189208984,-0.7151972055435181,1.079003095626831,0.06971945613622665,0.5139085054397583,0.06971945613622665,3.2103285789489746,5.708730697631836,0.5,-0.09146179258823395,0.07201164960861206,0.5395015478134155,0.03485972806811333,-0.21053877472877502,-0.30434271693229675,0.2276490479707718,0.28096896409988403,0.7927509546279907,0.07274715602397919,-0.1473771333694458,-0.1473771333694458,-0.15917211771011353,0.20425714552402496,-0.39465487003326416,0.0,0.011794984340667725,0.011794984340667725,-0.4869483411312103,-0.4869483411312103,-0.3081206679344177,-0.4503098726272583,0.5766027569770813,0.0,-0.1788276731967926,-0.1788276731967926,0.1138245239853859,0.1138245239853859,0.06529025733470917,1.0450559854507446,1.5317094326019287,0.0,0.04853426665067673,0.04853426665067673,0.1966782659292221,0.1966782659292221,0.12450414896011353,0.4148591160774231,0.494872510433197,0.0,0.07217411696910858,0.07217411696910858,0.39637547731399536,0.39637547731399536,0.2798534333705902,-0.6469281315803528,0.8573705554008484,0.0,0.11652204394340515,0.11652204394340515,0.036373578011989594,0.036373578011989594,-0.07001493126153946,0.031063588336110115,0.6421660780906677,0.0,0.10638850927352905,0.10638850927352905
159,2.65,8,0,0,,6,stairs down,11,0.0,93.79979705810547,52.408660888671875,-0.7625168561935425,1.402911901473999,0.7664311528205872,1.226272702217102,0.7664311528205872,6.095362663269043,6.417599678039551,0.5,0.16946712136268616,0.023654188960790634,0.7014559507369995,0.3832155764102936,0.2144811898469925,0.2353816032409668,-0.17446044087409973,0.10525058209896088,-0.03446090221405029,0.4103061258792877,0.1501368284225464,0.1501368284225464,-0.060866694897413254,0.7785599827766418,-0.21341325342655182,0.0,0.21100352331995964,0.21100352331995964,0.1176908016204834,0.1176908016204834,0.13140910863876343,0.3008212447166443,0.9247884750366211,0.0,-0.01371830701828003,-0.01371830701828003,-0.08723022043704987,-0.08723022043704987,-0.013295833021402359,0.2610720694065094,-0.10213807970285416,0.0,-0.0739343874156475,-0.0739343874156475,0.07367540895938873,0.07367540895938873,0.07549478113651276,-1.2841517925262451,-0.023720819503068924,0.0,-0.0018193721771240234,-0.0018193721771240234,-0.05513744428753853,-0.05513744428753853,-0.057012468576431274,-0.5202932357788086,0.1544283777475357,0.0,0.001875024288892746,0.001875024288892746,0.20515306293964386,0.20515306293964386,0.019343867897987366,0.591576337814331,0.6680226922035217,0.0,0.1858091950416565,0.1858091950416565
159,2.65,14,0,0,,6,stairs down,11,0.0,93.54120635986328,52.32133865356445,-0.8819177150726318,1.9118711948394775,1.3578760623931885,0.8038616180419922,1.3578760623931885,4.785788536071777,6.940602779388428,0.5,-0.11807681620121002,0.18168553709983826,0.9559355974197388,0.6789380311965942,-0.18206046521663666,0.5078678131103516,0.28871458768844604,0.6387597322463989,0.88053959608078,-0.18176211416721344,-0.12744233012199402,-0.12744233012199402,-0.013375785201787949,-1.4913603067398071,-1.8218449354171753,0.0,-0.11406654492020607,-0.11406654492020607,0.2539339065551758,0.2539339065551758,0.34687554836273193,0.9965822696685791,1.9347896575927734,0.0,-0.09294164180755615,-0.09294164180755615,0.14435729384422302,0.14435729384422302,0.14368662238121033,-1.4778462648391724,0.9235653281211853,0.0,0.0006706714630126953,0.0006706714630126953,0.44713181257247925,0.44713181257247925,0.28206297755241394,0.407382994890213,1.2745472192764282,0.0,0.1650688350200653,0.1650688350200653,0.44026979804039,0.44026979804039,0.2048761397600174,0.916562020778656,1.2405519485473633,0.0,0.23539365828037262,0.23539365828037262,-0.09088105708360672,-0.09088105708360672,-0.12293938547372818,-0.8897377252578735,-1.4469399452209473,0.0,0.03205832839012146,0.03205832839012146
160,2.6666666666666665,2,0,0,,6,stairs down,11,0.0,93.94873809814453,52.34700012207031,-0.7165936231613159,0.3929137885570526,0.4418463110923767,0.3929137885570526,0.4418463110923767,2.307082176208496,5.491039276123047,0.3333333432674408,-0.08934223651885986,0.07229577004909515,0.1964568942785263,0.22092315554618835,-0.0693608969449997,-0.050513748079538345,0.47586047649383545,0.4421611428260803,0.7270570993423462,0.43578043580055237,-0.048552628606557846,-0.048552628606557846,-0.15700365602970123,-0.129521906375885,-0.19056998193264008,0.0,0.10845102742314339,0.10845102742314339,-0.08082199841737747,-0.08082199841737747,-0.28134146332740784,1.9965084791183472,0.22667264938354492,0.0,0.20051946491003036,0.20051946491003036,0.23793023824691772,0.23793023824691772,0.09092769026756287,1.4099889993667603,1.365877628326416,0.0,0.14700254797935486,0.14700254797935486,0.30951279401779175,0.30951279401779175,0.13219302892684937,0.7061214447021484,0.46760720014572144,0.0,0.17731976509094238,0.17731976509094238,0.3635285496711731,0.3635285496711731,0.29226210713386536,0.09182610362768173,0.34476667642593384,0.0,0.07126644253730774,0.07126644253730774,0.21789021790027618,0.21789021790027618,-0.06127729266881943,0.9120301008224487,0.43392717838287354,0.0,0.2791675105690956,0.2791675105690956
160,2.6666666666666665,8,0,0,,6,stairs down,11,0.0,93.80333709716797,52.40901565551758,-0.7602047920227051,1.2591559886932373,0.47227856516838074,1.2591559886932373,0.47227856516838074,6.513938903808594,4.645168304443359,0.3333333432674408,0.16640765964984894,0.02020457573235035,0.6295779943466187,0.23613928258419037,-0.14115461707115173,0.27243003249168396,-0.0103671969845891,0.32813578844070435,0.07859176397323608,0.41220149397850037,-0.09880822896957397,-0.09880822896957397,-0.06112031266093254,-0.45444029569625854,0.12461092323064804,0.0,-0.037687916308641434,-0.037687916308641434,0.13621501624584198,0.13621501624584198,0.14051242172718048,0.8761875033378601,0.7121657729148865,0.0,-0.004297405481338501,-0.004297405481338501,-0.00518359849229455,-0.00518359849229455,-0.008880646899342537,0.3728192150592804,0.021629180759191513,0.0,0.003697048407047987,0.003697048407047987,0.22969505190849304,0.22969505190849304,0.06727662682533264,0.07318185269832611,-0.4532244801521301,0.0,0.1624184250831604,0.1624184250831604,0.03929588198661804,0.03929588198661804,-0.0625213012099266,-0.15251672267913818,-0.0754893347620964,0.0,0.10181718319654465,0.10181718319654465,0.20610074698925018,0.20610074698925018,0.024343768134713173,0.42882436513900757,0.6419728994369507,0.0,0.181756978854537,0.181756978854537
160,2.6666666666666665,14,0,0,,6,stairs down,11,0.0,93.53497314453125,52.3210334777832,-0.8855136036872864,1.9669766426086426,1.4377336502075195,0.8299355506896973,1.4377336502075195,3.9376206398010254,4.8194684982299805,0.5,-0.10176610946655273,0.1672656536102295,0.9834883213043213,0.7188668251037598,0.4797493517398834,0.14427433907985687,-0.025534698739647865,0.49456116557121277,0.7772684693336487,-0.19991691410541534,0.33582454919815063,0.33582454919815063,-0.009804428555071354,1.1088727712631226,-1.7092292308807373,0.0,0.345628977753222,0.345628977753222,0.07213716953992844,0.07213716953992844,0.34264564514160156,-0.7175847291946411,1.6150866746902466,0.0,-0.2705084756016731,-0.2705084756016731,-0.012767349369823933,-0.012767349369823933,0.1195976585149765,-1.4560911655426025,0.10526183247566223,0.0,-0.13236500788480043,-0.13236500788480043,0.3461928069591522,0.3461928069591522,0.2675328552722931,-1.3231011629104614,0.9790528416633606,0.0,0.07865995168685913,0.07865995168685913,0.38863423466682434,0.38863423466682434,0.20142881572246552,-0.4243883192539215,1.1301493644714355,0.0,0.18720541894435883,0.18720541894435883,-0.09995845705270767,-0.09995845705270767,-0.1407109946012497,-1.1448650360107422,-1.2570680379867554,0.0,0.04075253754854202,0.04075253754854202
161,2.683333333333333,2,0,0,,6,stairs down,11,0.0,93.94715881347656,52.347694396972656,-0.7158378958702087,1.4139772653579712,0.7025935053825378,0.5228629112243652,0.7025935053825378,2.4911646842956543,6.6666669845581055,0.3333333432674408,-0.14835235476493835,0.10043132305145264,0.7069886326789856,0.3512967526912689,-0.2262917459011078,-0.0865553468465805,0.28085944056510925,0.27648991346359253,0.5393991470336914,0.4000037908554077,-0.15840421617031097,-0.15840421617031097,-0.15610618889331818,-0.5496383309364319,-0.16976727545261383,0.0,-0.002298027276992798,-0.002298027276992798,-0.1384885609149933,-0.1384885609149933,-0.25270184874534607,1.6327695846557617,0.8297607898712158,0.0,0.11421328783035278,0.11421328783035278,0.14042972028255463,0.14042972028255463,0.10941680520772934,1.330480933189392,1.3809089660644531,0.0,0.031012915074825287,0.031012915074825287,0.193542942404747,0.193542942404747,0.1424567699432373,0.8104856014251709,0.5488831400871277,0.0,0.051086172461509705,0.051086172461509705,0.2696995735168457,0.2696995735168457,0.29022136330604553,-0.5819457769393921,0.25857478380203247,0.0,-0.02052178978919983,-0.02052178978919983,0.20000189542770386,0.20000189542770386,-0.05980701372027397,0.41609612107276917,0.5968452095985413,0.0,0.25980890914797783,0.25980890914797783
161,2.683333333333333,8,0,0,,6,stairs down,11,0.0,93.8077392578125,52.409584045410156,-0.7568928599357605,1.2544329166412354,0.33868688344955444,1.2544329166412354,0.33868688344955444,6.276516914367676,5.893556594848633,0.5,0.11588659882545471,0.03638095408678055,0.6272164583206177,0.16934344172477722,0.013667687773704529,0.30607473850250244,-0.22006896138191223,0.11841480433940887,0.2112267017364502,0.27536365389823914,0.009567380882799625,0.009567380882799625,-0.0661238580942154,-0.11574389040470123,-0.0727062076330185,0.0,0.07569123897701502,0.07569123897701502,0.15303736925125122,0.15303736925125122,0.16476529836654663,1.0670033693313599,0.7680577039718628,0.0,-0.01172792911529541,-0.01172792911529541,-0.11003448069095612,-0.11003448069095612,-0.009044933132827282,-0.40458443760871887,0.14130046963691711,0.0,-0.10098954755812883,-0.10098954755812883,0.08289036154747009,0.08289036154747009,0.06177091971039772,-0.6162347793579102,-0.2738465964794159,0.0,0.021119441837072372,0.021119441837072372,0.1056133508682251,0.1056133508682251,-0.05691160634160042,0.47123757004737854,-0.1017371341586113,0.0,0.16252495720982552,0.16252495720982552,0.13768182694911957,0.13768182694911957,0.024379657581448555,-0.16217099130153656,0.5693405270576477,0.0,0.11330216936767101,0.11330216936767101
161,2.683333333333333,14,0,0,,6,stairs down,11,0.0,93.52738952636719,52.319923400878906,-0.8899006843566895,1.8558295965194702,0.8017104864120483,0.8715037107467651,0.8017104864120483,3.320331573486328,2.0243377685546875,0.3333333432674408,0.006869887467473745,0.2023775428533554,0.9279147982597351,0.40085524320602417,0.3930686116218567,-0.39756080508232117,0.31561988592147827,0.8117921352386475,0.6282910108566284,0.39586693048477173,0.27514803409576416,0.27514803409576416,0.009014326147735119,1.0989478826522827,-0.7489345073699951,0.0,0.26613370794802904,0.26613370794802904,-0.6360973119735718,-0.6360973119735718,0.3135488033294678,-1.4374912977218628,0.8202070593833923,0.0,-0.9496461153030396,-0.9496461153030396,0.15780994296073914,0.15780994296073914,0.10497890412807465,-0.4654737114906311,-0.42678382992744446,0.0,0.05283103883266449,0.05283103883266449,0.5682544708251953,0.5682544708251953,0.24762935936450958,-1.025705337524414,0.19457228481769562,0.0,0.32062511146068573,0.32062511146068573,0.3141455054283142,0.3141455054283142,0.1740819662809372,-1.1735681295394897,0.6004260778427124,0.0,0.14006353914737701,0.14006353914737701,0.19793346524238586,0.19793346524238586,-0.14638201892375946,-0.14430560171604156,-1.2188338041305542,0.0,0.3443154841661453,0.3443154841661453
162,2.7,2,0,0,,6,stairs down,11,0.0,93.94505310058594,52.347618103027344,-0.7151100635528564,1.250108242034912,1.028439998626709,0.5308734178543091,1.028439998626709,3.0739457607269287,9.098783493041992,0.5,-0.09404031932353973,0.10418884456157684,0.625054121017456,0.5142199993133545,-0.028632359579205513,0.12747260928153992,0.30773916840553284,0.38672733306884766,0.4540988802909851,0.3986149728298187,-0.020042652264237404,-0.020042652264237404,-0.15530678629875183,0.1032896339893341,-0.29921188950538635,0.0,0.13526413403451443,0.13526413403451443,0.06373630464076996,0.06373630464076996,-0.21919278800487518,1.961395025253296,1.1033935546875,0.0,0.28292909264564514,0.28292909264564514,0.15386958420276642,0.15386958420276642,0.1276833564043045,0.7601991295814514,1.3637250661849976,0.0,0.026186227798461914,0.026186227798461914,0.2707091271877289,0.2707091271877289,0.152079239487648,0.5804550647735596,0.6380265951156616,0.0,0.11862988770008087,0.11862988770008087,0.22704944014549255,0.22704944014549255,0.28400665521621704,-1.2441664934158325,-0.027840478345751762,0.0,-0.05695721507072449,-0.05695721507072449,0.19930748641490936,0.19930748641490936,-0.05636586621403694,0.04606519639492035,0.5352532267570496,0.0,0.2556733526289463,0.2556733526289463
162,2.7,8,0,0,,6,stairs down,11,0.0,93.81201934814453,52.40953826904297,-0.7542536854743958,1.1857043504714966,1.173415184020996,1.1857043504714966,1.173415184020996,5.845143795013428,6.517180442810059,0.5,0.10431104898452759,0.047989070415496826,0.5928521752357483,0.586707592010498,0.10581307858228683,0.19165539741516113,-0.06752735376358032,0.1446661651134491,0.30483654141426086,0.3363758325576782,0.07406915724277496,0.07406915724277496,-0.05257634446024895,1.1835625171661377,-0.08737169951200485,0.0,0.1266455017030239,0.1266455017030239,0.09582769870758057,0.09582769870758057,0.17349357903003693,0.6457837224006653,0.8699262142181396,0.0,-0.07766588032245636,-0.07766588032245636,-0.03376367688179016,-0.03376367688179016,-0.008118179626762867,-0.07188410311937332,-0.044714927673339844,0.0,-0.025645497255027294,-0.025645497255027294,0.10126631706953049,0.10126631706953049,0.04448040947318077,-0.9179880023002625,-0.39051857590675354,0.0,0.056785907596349716,0.056785907596349716,0.15241827070713043,0.15241827070713043,-0.05778263881802559,0.27022939920425415,0.09350936859846115,0.0,0.21020090952515602,0.21020090952515602,0.1681879162788391,0.1681879162788391,0.02374718151986599,0.5126625895500183,0.32007110118865967,0.0,0.14444073475897312,0.14444073475897312
162,2.7,14,0,0,,6,stairs down,11,0.0,93.51997375488281,52.319297790527344,-0.8942421674728394,1.858038067817688,0.36928215622901917,0.947545051574707,0.36928215622901917,3.1167571544647217,1.175368070602417,0.3333333432674408,0.04378911852836609,0.15806858241558075,0.929019033908844,0.18464107811450958,0.39351359009742737,-0.3255102336406708,0.3723437786102295,0.7483348250389099,0.6980257630348206,0.37060657143592834,0.27545949816703796,0.27545949816703796,0.027824759483337402,1.2620700597763062,-0.11925125867128372,0.0,0.24763473868370056,0.24763473868370056,-0.5208163857460022,-0.5208163857460022,0.28217509388923645,-1.8746178150177002,0.050875164568424225,0.0,-0.8029914796352386,-0.8029914796352386,0.18617188930511475,0.18617188930511475,0.10100191831588745,-0.1246400699019432,-0.4399677515029907,0.0,0.0851699709892273,0.0851699709892273,0.5238343477249146,0.5238343477249146,0.2320268303155899,-0.6973603367805481,-0.22124874591827393,0.0,0.29180751740932465,0.29180751740932465,0.3490128815174103,0.3490128815174103,0.1507793664932251,-1.0741384029388428,-0.004079095553606749,0.0,0.19823351502418518,0.19823351502418518,0.18530328571796417,0.18530328571796417,-0.1479315608739853,0.32792723178863525,-0.8526781797409058,0.0,0.33323484659194946,0.33323484659194946
163,2.716666666666667,2,0,0,,6,stairs down,11,0.0,93.94158935546875,52.34775924682617,-0.7122888565063477,1.5567981004714966,0.6693288683891296,0.5431369543075562,0.6693288683891296,3.0760035514831543,10.0,0.5,-0.09769652783870697,0.11321356147527695,0.7783990502357483,0.3346644341945648,-0.1505446881055832,0.1570938676595688,0.3437039256095886,0.49283677339553833,0.29349759221076965,0.4558115601539612,-0.10538128018379211,-0.10538128018379211,-0.15003226697444916,0.276692658662796,-0.16205571591854095,0.0,0.04465098679065704,0.04465098679065704,0.0785469338297844,0.0785469338297844,-0.1860252022743225,1.9976876974105835,1.3957655429840088,0.0,0.2645721361041069,0.2645721361041069,0.1718519628047943,0.1718519628047943,0.13898500800132751,0.7467823028564453,1.1580679416656494,0.0,0.0328669548034668,0.0328669548034668,0.3449857234954834,0.3449857234954834,0.1610756516456604,0.5798579454421997,0.6184085607528687,0.0,0.183910071849823,0.183910071849823,0.14674879610538483,0.14674879610538483,0.2607080936431885,-1.3100719451904297,-0.4423149526119232,0.0,-0.11395929753780365,-0.11395929753780365,0.2279057800769806,0.2279057800769806,-0.05543193593621254,0.8637667894363403,0.36855781078338623,0.0,0.28333771601319313,0.28333771601319313
163,2.716666666666667,8,0,0,,6,stairs down,11,0.0,93.81629943847656,52.409812927246094,-0.7508677244186401,1.321229338645935,0.6401862502098083,1.1981780529022217,0.6401862502098083,6.405271053314209,11.185659408569336,0.6666666865348816,0.037301205098629,0.034010689705610275,0.6606146693229675,0.3200931251049042,-0.3534278869628906,0.11080742627382278,0.05950054153800011,0.09705907851457596,0.4008830487728119,0.2877563238143921,-0.24739952385425568,-0.24739952385425568,-0.05277922376990318,-0.5802947282791138,0.3457110524177551,0.0,-0.1946203000843525,-0.1946203000843525,0.05540371313691139,0.05540371313691139,0.1862262785434723,0.3823706805706024,0.793547511100769,0.0,-0.1308225654065609,-0.1308225654065609,0.029750270769000053,0.029750270769000053,-0.00015219199121929705,0.022724665701389313,-0.05397307872772217,0.0,0.02990246276021935,0.02990246276021935,0.06794135272502899,0.06794135272502899,0.03813431039452553,0.1130843386054039,-0.5702586770057678,0.0,0.029807042330503464,0.029807042330503464,0.20044152438640594,0.20044152438640594,-0.048599157482385635,0.5237401127815247,0.15372836589813232,0.0,0.24904068186879158,0.24904068186879158,0.14387816190719604,0.14387816190719604,0.028632229194045067,0.1927538365125656,0.38569843769073486,0.0,0.11524593271315098,0.11524593271315098
163,2.716666666666667,14,0,0,,6,stairs down,11,0.0,93.51338958740234,52.31904983520508,-0.899016261100769,1.7841888666152954,0.42234930396080017,1.0553128719329834,0.42234930396080017,3.5416998863220215,6.456645488739014,0.6666666865348816,0.10185573995113373,0.08467680215835571,0.8920944333076477,0.21117465198040009,0.26382046937942505,-0.35183897614479065,0.31128382682800293,0.7988778352737427,0.701972484588623,0.25954365730285645,0.18467432260513306,0.18467432260513306,0.04312320798635483,0.5730121731758118,0.3514469265937805,0.0,0.14155111461877823,0.14155111461877823,-0.562942385673523,-0.562942385673523,0.24969395995140076,-1.938578486442566,-0.605254590511322,0.0,-0.8126363456249237,-0.8126363456249237,0.15564191341400146,0.15564191341400146,0.08808127045631409,-0.8328424096107483,-0.3325168788433075,0.0,0.06756064295768738,0.06756064295768738,0.5592144727706909,0.5592144727706909,0.2299184799194336,0.4163861870765686,-0.3834882378578186,0.0,0.3292959928512573,0.3292959928512573,0.3509862422943115,0.3509862422943115,0.14191019535064697,-0.04991691932082176,-0.36871182918548584,0.0,0.20907604694366455,0.20907604694366455,0.12977182865142822,0.12977182865142822,-0.1508849859237671,-0.1273036003112793,-0.4503757953643799,0.0,0.2806568145751953,0.2806568145751953
164,2.7333333333333334,2,0,0,,6,stairs down,11,0.0,93.9366226196289,52.346832275390625,-0.710128664970398,1.2877342700958252,-0.13376688957214355,0.5665793418884277,-0.13376688957214355,3.435969114303589,10.0,0.5,-0.13883201777935028,0.11146008968353271,0.6438671350479126,-0.06688344478607178,-0.0064347609877586365,0.13250510394573212,0.13069278001785278,0.2920904755592346,0.18331025540828705,0.45327094197273254,-0.004504332784563303,-0.004504332784563303,-0.13775044679641724,0.9801635146141052,-0.012548096477985382,0.0,0.13324611401185393,0.13324611401185393,0.06625255197286606,0.06625255197286606,-0.1530492603778839,1.9990479946136475,1.6008760929107666,0.0,0.21930181235074997,0.21930181235074997,0.06534639000892639,0.06534639000892639,0.14541882276535034,0.09345612674951553,1.0179184675216675,0.0,-0.08007243275642395,-0.08007243275642395,0.20446333289146423,0.20446333289146423,0.16477029025554657,0.23649494349956512,0.6052720546722412,0.0,0.039693042635917664,0.039693042635917664,0.09165512770414352,0.09165512770414352,0.22698156535625458,-1.8341281414031982,-0.7380112409591675,0.0,-0.13532643765211105,-0.13532643765211105,0.22663547098636627,0.22663547098636627,-0.031532783061265945,1.133240818977356,0.5373048782348633,0.0,0.2581682540476322,0.2581682540476322
164,2.7333333333333334,8,0,0,,6,stairs down,11,0.0,93.8206558227539,52.409854888916016,-0.7487615942955017,1.533825159072876,0.761177122592926,1.1132854223251343,0.761177122592926,5.6259765625,9.937604904174805,0.6666666865348816,-0.05147116631269455,0.04368256777524948,0.766912579536438,0.380588561296463,0.0793514996767044,-0.0054941908456385136,-0.22167491912841797,0.17100125551223755,0.43616554141044617,-0.004556242376565933,0.055546049028635025,0.055546049028635025,-0.05219133198261261,0.30128705501556396,0.0301658995449543,0.0,0.10773738101124763,0.10773738101124763,-0.008790705353021622,-0.008790705353021622,0.19156359136104584,0.22245019674301147,0.6534351706504822,0.0,-0.20035429671406746,-0.20035429671406746,-0.11083745956420898,-0.11083745956420898,-0.005605879705399275,-0.1271468847990036,-0.02783760242164135,0.0,-0.10523157985880971,-0.10523157985880971,0.11970087885856628,0.11970087885856628,0.03382064402103424,-0.2127518504858017,-0.3374031186103821,0.0,0.08588023483753204,0.08588023483753204,0.21808277070522308,0.21808277070522308,-0.03705550730228424,0.6556063890457153,0.27981331944465637,0.0,0.2551382780075073,0.2551382780075073,-0.0022781211882829666,-0.0022781211882829666,0.019657688215374947,-0.3840934932231903,0.31995075941085815,0.0,-0.021935809403657913,-0.021935809403657913
164,2.7333333333333334,14,0,0,,6,stairs down,11,0.0,93.50680541992188,52.31827163696289,-0.9042739868164062,1.7707113027572632,0.03608391061425209,1.1790300607681274,0.03608391061425209,4.379746437072754,6.059743404388428,0.5,0.14616155624389648,0.039753302931785583,0.8853556513786316,0.018041955307126045,0.11462873965501785,-0.43178433179855347,0.011768539436161518,0.7037742733955383,0.7628928422927856,-0.16356109082698822,0.08024011552333832,0.08024011552333832,0.04920963570475578,0.002457454102113843,0.42694735527038574,0.0,0.031030479818582535,0.031030479818582535,-0.6908549666404724,-0.6908549666404724,0.21964220702648163,-1.3690071105957031,-1.059597134590149,0.0,-0.910497173666954,-0.910497173666954,0.005884269718080759,0.005884269718080759,0.07259710133075714,-0.6105607748031616,-0.5030074715614319,0.0,-0.06671283161267638,-0.06671283161267638,0.49264198541641235,0.49264198541641235,0.2434362769126892,1.1647295951843262,-0.11092352122068405,0.0,0.24920570850372314,0.24920570850372314,0.3814464211463928,0.3814464211463928,0.14089544117450714,0.1853724718093872,-0.2600794732570648,0.0,0.24055097997188568,0.24055097997188568,-0.08178054541349411,-0.08178054541349411,-0.15619347989559174,0.09776124358177185,-0.34028592705726624,0.0,0.07441293448209763,0.07441293448209763
165,2.75,2,0,0,,6,stairs down,11,0.0,93.93131256103516,52.34471893310547,-0.7098038196563721,0.698925256729126,0.15499505400657654,0.6094299554824829,0.15499505400657654,3.3293495178222656,3.3333334922790527,0.1666666716337204,-0.09882649034261703,0.13984382152557373,0.349462628364563,0.07749752700328827,0.026176193729043007,0.4671723246574402,0.40128666162490845,0.38249480724334717,-0.1611049920320511,0.7471334934234619,0.01832333579659462,0.01832333579659462,-0.11992421001195908,1.3315531015396118,0.3257276713848114,0.0,0.1382475458085537,0.1382475458085537,0.2335861623287201,0.2335861623287201,-0.11980673670768738,1.7023437023162842,1.7365567684173584,0.0,0.35339289903640747,0.35339289903640747,0.20064333081245422,0.20064333081245422,0.1580652892589569,1.3808289766311646,0.7028992176055908,0.0,0.042578041553497314,0.042578041553497314,0.26774635910987854,0.26774635910987854,0.1618124395608902,-1.8701272010803223,0.47960779070854187,0.0,0.10593391954898834,0.10593391954898834,-0.25776800513267517,-0.25776800513267517,0.19460825622081757,-1.7172287702560425,-1.1115232706069946,0.0,-0.45237626135349274,-0.45237626135349274,0.37356674671173096,0.37356674671173096,-0.010170303285121918,1.4363503456115723,0.7403755784034729,0.0,0.3837370499968529,0.3837370499968529
165,2.75,8,0,0,,6,stairs down,11,0.0,93.82452392578125,52.41020965576172,-0.7464743256568909,1.2960588932037354,0.4529920816421509,1.03750741481781,0.4529920816421509,5.272886276245117,10.013374328613281,0.6666666865348816,-0.06638528406620026,0.05211677402257919,0.6480294466018677,0.22649604082107544,-0.1663314700126648,-0.06127355620265007,-0.022220201790332794,-0.0522051677107811,0.6285744905471802,-0.030167965218424797,-0.11643202602863312,-0.11643202602863312,-0.05621762201189995,-0.26952552795410156,0.12255296856164932,0.0,-0.06021440401673317,-0.06021440401673317,-0.09803768992424011,-0.09803768992424011,0.19491535425186157,-0.27753695845603943,0.506572961807251,0.0,-0.2929530441761017,-0.2929530441761017,-0.011110100895166397,-0.011110100895166397,-0.004675048403441906,-0.4536435306072235,-0.061678171157836914,0.0,-0.006435052491724491,-0.006435052491724491,-0.03654361516237259,-0.03654361516237259,0.0309238750487566,-0.4013824462890625,-0.29492703080177307,0.0,-0.06746749021112919,-0.06746749021112919,0.3142872452735901,0.3142872452735901,-0.031408753246068954,0.592195987701416,0.40786832571029663,0.0,0.34569599851965904,0.34569599851965904,-0.015083982609212399,-0.015083982609212399,0.014475974254310131,-0.9524390697479248,0.0800410807132721,0.0,-0.02955995686352253,-0.02955995686352253
165,2.75,14,0,0,,6,stairs down,11,0.0,93.50004577636719,52.318275451660156,-0.909666895866394,1.6227606534957886,0.4726843237876892,1.137453556060791,0.4726843237876892,5.014410972595215,6.810446739196777,0.5,0.09491940587759018,0.06620039790868759,0.8113803267478943,0.2363421618938446,-0.19513054192066193,-0.296843022108078,-0.1257270872592926,0.3994378447532654,0.728114128112793,-0.13841098546981812,-0.136591374874115,-0.136591374874115,0.04570809006690979,-0.5372284650802612,0.28229841589927673,0.0,-0.18229946494102478,-0.18229946494102478,-0.47494885325431824,-0.47494885325431824,0.18976333737373352,-1.7964643239974976,-1.1650314331054688,0.0,-0.6647121906280518,-0.6647121906280518,-0.0628635436296463,-0.0628635436296463,0.053647108376026154,-0.899017870426178,-0.5396572351455688,0.0,-0.11651065200567245,-0.11651065200567245,0.27960649132728577,0.27960649132728577,0.25782907009124756,0.720035970211029,0.3237672448158264,0.0,0.021777421236038208,0.021777421236038208,0.3640570640563965,0.3640570640563965,0.13994815945625305,-0.3020574152469635,-0.10828754305839539,0.0,0.22410890460014343,0.22410890460014343,-0.06920549273490906,-0.06920549273490906,-0.1600334495306015,0.32638129591941833,-0.1910172402858734,0.0,0.09082795679569244,0.09082795679569244
166,2.7666666666666666,2,0,0,,6,stairs down,11,0.0,93.92625427246094,52.343162536621094,-0.7089604139328003,1.0073084831237793,1.0737102031707764,0.9267219305038452,1.0737102031707764,3.5788917541503906,3.565279006958008,0.3333333432674408,-0.0013443231582641602,0.05067690834403038,0.5036542415618896,0.5368551015853882,-0.10403504222631454,0.31979167461395264,0.3983561098575592,0.5528666973114014,-0.3025515079498291,0.8225786685943604,-0.07282453030347824,-0.07282453030347824,-0.10652140527963638,1.4278277158737183,0.6684721112251282,0.0,0.03369687497615814,0.03369687497615814,0.15989583730697632,0.15989583730697632,-0.08717694133520126,2.0000431537628174,1.724898338317871,0.0,0.24707277864217758,0.24707277864217758,0.1991780549287796,0.1991780549287796,0.17736047506332397,-0.09873490780591965,0.9339101314544678,0.0,0.021817579865455627,0.021817579865455627,0.3870066702365875,0.3870066702365875,0.14112326502799988,-1.4721513986587524,-0.32108643651008606,0.0,0.24588340520858765,0.24588340520858765,-0.48408243060112,-0.48408243060112,0.16109000146389008,-2.09336256980896,-1.3179230690002441,0.0,-0.6451724320650101,-0.6451724320650101,0.4112893342971802,0.4112893342971802,0.015258712694048882,0.7419498562812805,0.9775354862213135,0.0,0.3960306216031313,0.3960306216031313
166,2.7666666666666666,8,0,0,,6,stairs down,11,0.0,93.82757568359375,52.41021728515625,-0.7453253269195557,1.0128870010375977,1.2078022956848145,0.9802877902984619,1.2078022956848145,5.021556854248047,1.3575732707977295,0.1666666716337204,-0.06178278475999832,0.07083877176046371,0.5064435005187988,0.6039011478424072,0.1101074144244194,-0.194276362657547,-0.08092469722032547,-0.16255918145179749,0.6351135969161987,-0.006985541433095932,0.07707519084215164,0.07707519084215164,-0.04512595012784004,1.1166120767593384,-0.01105145737528801,0.0,0.12220114096999168,0.12220114096999168,-0.3108421862125397,-0.3108421862125397,0.18135236203670502,-1.3681318759918213,0.2393801510334015,0.0,-0.4921945482492447,-0.4921945482492447,-0.040462348610162735,-0.040462348610162735,-0.005478392820805311,-0.12137193232774734,-0.19524402916431427,0.0,-0.034983955789357424,-0.034983955789357424,-0.11379142850637436,-0.11379142850637436,0.015180504880845547,-1.2114741802215576,-0.3312027156352997,0.0,-0.1289719333872199,-0.1289719333872199,0.31755679845809937,0.31755679845809937,-0.03435506299138069,-0.4371621608734131,0.4706796705722809,0.0,0.35191186144948006,0.35191186144948006,-0.003492770716547966,-0.003492770716547966,0.002082240302115679,-0.6249948143959045,-0.2717862129211426,0.0,-0.005575011018663645,-0.005575011018663645
166,2.7666666666666666,14,0,0,,6,stairs down,11,0.0,93.49272155761719,52.319122314453125,-0.9143527150154114,1.7085155248641968,0.4718519449234009,1.0384869575500488,0.4718519449234009,4.795798301696777,6.496801376342773,0.5,0.04989718645811081,0.05738215893507004,0.8542577624320984,0.23592597246170044,-0.03172162175178528,-0.345691442489624,-0.060223668813705444,0.35063064098358154,0.6405525207519531,-0.1443328857421875,-0.022205134853720665,-0.022205134853720665,0.04125383123755455,-0.4701612591743469,0.003036952344700694,0.0,-0.06345896609127522,-0.06345896609127522,-0.5531063079833984,-0.5531063079833984,0.1591223180294037,-1.98622465133667,-1.3801980018615723,0.0,-0.7122286260128021,-0.7122286260128021,-0.030111834406852722,-0.030111834406852722,0.03949342295527458,-0.546533465385437,-0.6621127128601074,0.0,-0.0696052573621273,-0.0696052573621273,0.24544145166873932,0.24544145166873932,0.259576678276062,-0.008910381235182285,0.4587995111942291,0.0,-0.014135226607322693,-0.014135226607322693,0.32027626037597656,0.32027626037597656,0.13312353193759918,-0.6681410670280457,-0.1743164360523224,0.0,0.18715272843837738,0.18715272843837738,-0.07216644287109375,-0.07216644287109375,-0.15511830151081085,0.8091882467269897,-0.014708831906318665,0.0,0.0829518586397171,0.0829518586397171
167,2.783333333333333,2,0,0,,6,stairs down,11,0.0,93.92202758789062,52.343788146972656,-0.707429826259613,1.3192167282104492,0.6734781861305237,0.9859941005706787,0.6734781861305237,4.12848424911499,6.6666669845581055,0.3333333432674408,-0.0332060270011425,0.0841972827911377,0.6596083641052246,0.33673909306526184,-0.2813049852848053,0.48040154576301575,0.35413897037506104,0.3550833761692047,-0.3688820004463196,0.7523046135902405,-0.196913480758667,-0.196913480758667,-0.09645547717809677,0.5952988862991333,0.927229642868042,0.0,-0.10045800358057022,-0.10045800358057022,0.24020077288150787,0.24020077288150787,-0.05320507287979126,2.002542495727539,1.8186564445495605,0.0,0.29340584576129913,0.29340584576129913,0.17706948518753052,0.17706948518753052,0.17961867153644562,-0.49548816680908203,0.5820266008377075,0.0,-0.0025491863489151,-0.0025491863489151,0.24855835735797882,0.24855835735797882,0.12061628699302673,-1.485321283340454,-0.7133225798606873,0.0,0.1279420703649521,0.1279420703649521,-0.5902112126350403,-0.5902112126350403,0.12489622831344604,-2.086712121963501,-1.5821613073349,0.0,-0.7151074409484863,-0.7151074409484863,0.37615230679512024,0.37615230679512024,0.02852647565305233,0.40177595615386963,0.8972574472427368,0.0,0.3476258311420679,0.3476258311420679
167,2.783333333333333,8,0,0,,6,stairs down,11,0.0,93.8300552368164,52.41027069091797,-0.7436807751655579,1.044734239578247,0.836203932762146,0.9414411783218384,0.836203932762146,4.914229869842529,4.051460266113281,0.3333333432674408,-0.071565642952919,0.05732674151659012,0.5223671197891235,0.418101966381073,-0.285990446805954,-0.16101723909378052,0.09827498346567154,0.11488233506679535,0.4982171952724457,0.1953292191028595,-0.20019331574440002,-0.20019331574440002,-0.05136915668845177,-0.5606092214584351,0.37321045994758606,0.0,-0.14882415905594826,-0.14882415905594826,-0.25762757658958435,-0.25762757658958435,0.17055700719356537,-1.6789017915725708,-0.3083946406841278,0.0,-0.4281845837831497,-0.4281845837831497,0.04913749173283577,0.04913749173283577,-0.0023620540741831064,0.294177383184433,-0.17007140815258026,0.0,0.051499545807018876,0.051499545807018876,0.08041763305664062,0.08041763305664062,0.014721756801009178,-0.3919522762298584,-0.631163477897644,0.0,0.06569587625563145,0.06569587625563145,0.24910859763622284,0.24910859763622284,-0.03677858039736748,-0.7148311138153076,0.16132403910160065,0.0,0.2858871780335903,0.2858871780335903,0.09766460955142975,0.09766460955142975,0.003106948919594288,-0.7141679525375366,-0.3921453356742859,0.0,0.09455766063183546,0.09455766063183546
167,2.783333333333333,14,0,0,,6,stairs down,11,0.0,93.48515319824219,52.32085037231445,-0.9192688465118408,1.7656402587890625,0.7704526782035828,0.9443283081054688,0.7704526782035828,4.318380355834961,5.616126537322998,0.5,0.02391885221004486,0.07467953860759735,0.8828201293945312,0.3852263391017914,0.07101506739854813,-0.3911764919757843,0.003931278828531504,0.2572552263736725,0.6362292766571045,0.081180140376091,0.04971054568886757,0.04971054568886757,0.040545061230659485,0.05362182483077049,-0.15820977091789246,0.0,0.009165484458208084,0.009165484458208084,-0.6258823871612549,-0.6258823871612549,0.12782874703407288,-1.77663254737854,-1.5867072343826294,0.0,-0.7537111341953278,-0.7537111341953278,0.001965639414265752,0.001965639414265752,0.027264058589935303,-0.679295539855957,-0.6227279901504517,0.0,-0.02529841917566955,-0.02529841917566955,0.1800786554813385,0.1800786554813385,0.24843829870224,-0.8429522514343262,0.2994229793548584,0.0,-0.06835964322090149,-0.06835964322090149,0.31811463832855225,0.31811463832855225,0.1251058727502823,-0.2539295554161072,-0.342591792345047,0.0,0.19300876557826996,0.19300876557826996,0.0405900701880455,0.0405900701880455,-0.14685620367527008,0.5597623586654663,0.2660418152809143,0.0,0.18744627386331558,0.18744627386331558
168,2.8,2,0,0,,6,stairs down,11,0.0,93.91873168945312,52.34535598754883,-0.7065668106079102,1.3797016143798828,1.2805206775665283,1.0460169315338135,1.2805206775665283,4.432366371154785,6.6666669845581055,0.3333333432674408,-0.03567604348063469,0.12775671482086182,0.6898508071899414,0.6402603387832642,0.162031888961792,0.5484372973442078,0.06747885048389435,0.41945594549179077,-0.3881511688232422,0.657802402973175,0.11342231929302216,0.11342231929302216,-0.08552244305610657,0.7353982329368591,0.8141211271286011,0.0,0.19894476234912872,0.19894476234912872,0.2742186486721039,0.2742186486721039,-0.019807765260338783,2.000002384185791,1.8813172578811646,0.0,0.29402641393244267,0.29402641393244267,0.033739425241947174,0.033739425241947174,0.17092731595039368,-0.5213157534599304,0.21485333144664764,0.0,-0.1371878907084465,-0.1371878907084465,0.29361915588378906,0.29361915588378906,0.09814394265413284,-1.476211428642273,-0.9763883352279663,0.0,0.19547521322965622,0.19547521322965622,-0.6210418939590454,-0.6210418939590454,0.09002454578876495,-2.0010905265808105,-1.754091739654541,0.0,-0.7110664397478104,-0.7110664397478104,0.3289012014865875,0.3289012014865875,0.039483193308115005,0.5275938510894775,0.7284175157546997,0.0,0.2894180081784725,0.2894180081784725
168,2.8,8,0,0,,6,stairs down,11,0.0,93.83241271972656,52.41081619262695,-0.7424457669258118,1.6431622505187988,1.138474464416504,0.9140925407409668,1.138474464416504,4.765498638153076,7.6786417961120605,0.5,-0.12020657956600189,0.09617571532726288,0.8215811252593994,0.569237232208252,-0.08743507415056229,-0.3811892867088318,-0.35258421301841736,0.15630173683166504,0.6251569390296936,-0.15585455298423767,-0.06120455265045166,-0.06120455265045166,-0.06671466678380966,-0.6681721210479736,0.055002644658088684,0.0,0.005510114133358002,0.005510114133358002,-0.6099028587341309,-0.6099028587341309,0.14201535284519196,-1.96676766872406,-0.7754077911376953,0.0,-0.7519182115793228,-0.7519182115793228,-0.17629210650920868,-0.17629210650920868,-0.009459669701755047,-1.1161437034606934,-0.011874277144670486,0.0,-0.16683243680745363,-0.16683243680745363,0.10941121727228165,0.10941121727228165,0.019846005365252495,0.026714401319622993,-0.5496500134468079,0.0,0.08956521190702915,0.08956521190702915,0.3125784695148468,0.3125784695148468,-0.049404144287109375,-0.013880009762942791,-0.13723404705524445,0.0,0.3619826138019562,0.3619826138019562,-0.07792727649211884,-0.07792727649211884,-0.007868664339184761,-0.7866721749305725,-0.5018775463104248,0.0,-0.07005861215293407,-0.07005861215293407
168,2.8,14,0,0,,6,stairs down,11,0.0,93.47705078125,52.322269439697266,-0.9244799017906189,1.879774808883667,-0.1378651261329651,0.8666414022445679,-0.1378651261329651,3.347468852996826,1.5058975219726562,0.3333333432674408,0.07298769056797028,0.10209643840789795,0.9398874044418335,-0.06893256306648254,0.3692019283771515,-0.6346643567085266,0.3780677020549774,0.4921744167804718,0.7200453281402588,-0.2061973661184311,0.25844135880470276,0.25844135880470276,0.04547903314232826,0.3954153060913086,-0.08602616935968399,0.0,0.2129623256623745,0.2129623256623745,-1.0154629945755005,-1.0154629945755005,0.10153105109930038,-0.8528050184249878,-1.6514259576797485,0.0,-1.1169940456748009,-1.1169940456748009,0.1890338510274887,0.1890338510274887,0.02953324466943741,0.3656371235847473,-0.6420038938522339,0.0,0.1595006063580513,0.1595006063580513,0.344522088766098,0.344522088766098,0.23439717292785645,-0.6562386155128479,-0.08985209465026855,0.0,0.11012491583824158,0.11012491583824158,0.3600226640701294,0.3600226640701294,0.12094424664974213,0.5441768765449524,-0.31237930059432983,0.0,0.23907841742038727,0.23907841742038727,-0.10309868305921555,-0.10309868305921555,-0.1380242258310318,0.15720519423484802,0.3661298453807831,0.0,0.034925542771816254,0.034925542771816254
169,2.8166666666666664,2,0,0,,6,stairs down,11,0.0,93.91563415527344,52.346435546875,-0.7063192129135132,1.1256766319274902,1.359210729598999,1.099086046218872,1.359210729598999,4.830524444580078,3.3333334922790527,0.1666666716337204,0.012220432981848717,0.08821676671504974,0.5628383159637451,0.6796053647994995,0.03400580957531929,0.6977718472480774,0.10784493386745453,0.50706547498703,-0.38070565462112427,0.7318637371063232,0.023804066702723503,0.023804066702723503,-0.0740107074379921,0.18403039872646332,0.7872955203056335,0.0,0.0978147741407156,0.0978147741407156,0.3488859236240387,0.3488859236240387,0.013534518890082836,2.000002145767212,1.9217602014541626,0.0,0.33535140473395586,0.33535140473395586,0.053922466933727264,0.053922466933727264,0.15209335088729858,-0.6511557698249817,-0.03600318729877472,0.0,-0.09817088395357132,-0.09817088395357132,0.3549458384513855,0.3549458384513855,0.08601120114326477,0.3074278235435486,-1.1467077732086182,0.0,0.2689346373081207,0.2689346373081207,-0.6091290712356567,-0.6091290712356567,0.05489341542124748,-2.0003323554992676,-1.8382588624954224,0.0,-0.6640224866569042,-0.6640224866569042,0.3659318685531616,0.3659318685531616,0.03798968344926834,0.5181217789649963,0.6599849462509155,0.0,0.3279421851038933,0.3279421851038933
169,2.8166666666666664,8,0,0,,6,stairs down,11,0.0,93.83583068847656,52.411006927490234,-0.7406520843505859,1.556920051574707,0.7423003315925598,0.891460657119751,0.7423003315925598,4.628880977630615,6.0496439933776855,0.44896793365478516,-0.055265843868255615,0.06839358806610107,0.7784600257873535,0.3711501657962799,-0.0435614287853241,-0.3114612400531769,-0.44269058108329773,-0.06360749155282974,0.6748161315917969,-0.22110110521316528,-0.030493000522255898,-0.030493000522255898,-0.07326514273881912,-0.3520573079586029,-0.19142593443393707,0.0,0.042772142216563225,0.042772142216563225,-0.498337984085083,-0.498337984085083,0.11153338849544525,-1.9005682468414307,-1.1813747882843018,0.0,-0.6098713725805283,-0.6098713725805283,-0.22134529054164886,-0.22134529054164886,-0.030047129839658737,-1.5381332635879517,-0.3881644308567047,0.0,-0.19129816070199013,-0.19129816070199013,-0.04452524334192276,-0.04452524334192276,0.02214774303138256,0.21117842197418213,-0.3532484173774719,0.0,-0.06667298637330532,-0.06667298637330532,0.33740806579589844,0.33740806579589844,-0.05841172859072685,-0.29808640480041504,-0.09519999474287033,0.0,0.3958197943866253,0.3958197943866253,-0.11055055260658264,-0.11055055260658264,-0.011311844922602177,-0.028612790629267693,-0.5989239811897278,0.0,-0.09923870768398046,-0.09923870768398046
169,2.8166666666666664,14,0,0,,6,stairs down,11,0.0,93.46897888183594,52.32360076904297,-0.9308265447616577,1.3472952842712402,0.7180567383766174,0.8132787942886353,0.7180567383766174,3.2947821617126465,1.5730783939361572,0.30513864755630493,0.09379439055919647,0.0760439857840538,0.6736476421356201,0.3590283691883087,0.1487586796283722,-0.4136701226234436,0.5560785531997681,0.5441051721572876,0.6534878611564636,0.23710544407367706,0.1041310727596283,0.1041310727596283,0.054699432104825974,1.1738709211349487,0.07802952826023102,0.0,0.04943164065480232,0.04943164065480232,-0.6618722081184387,-0.6618722081184387,0.06913824379444122,-2.0042383670806885,-1.3792883157730103,0.0,-0.7310104519128799,-0.7310104519128799,0.27803927659988403,0.27803927659988403,0.036002859473228455,-0.5216350555419922,-0.29864075779914856,0.0,0.24203641712665558,0.24203641712665558,0.3808736205101013,0.3808736205101013,0.2261154055595398,-0.4429568648338318,-0.2828536033630371,0.0,0.15475821495056152,0.15475821495056152,0.3267439305782318,0.3267439305782318,0.11725334078073502,0.42612776160240173,-0.020499756559729576,0.0,0.2094905897974968,0.2094905897974968,0.11855272203683853,0.11855272203683853,-0.1376563161611557,0.0838233232498169,0.29493680596351624,0.0,0.25620903819799423,0.25620903819799423
170,2.8333333333333335,2,0,0,,6,stairs down,11,0.0,93.91251373291016,52.347625732421875,-0.7069796323776245,0.9953981041908264,0.31760573387145996,0.9953981041908264,0.31760573387145996,4.725702285766602,3.3333334922790527,0.1666666716337204,0.0042122406885027885,0.08219640702009201,0.4976990520954132,0.15880286693572998,-0.07568919658660889,0.6217679977416992,-0.14415395259857178,0.298259437084198,-0.27773839235305786,0.38596275448799133,-0.05298243835568428,-0.05298243835568428,-0.06488625705242157,0.5771994590759277,0.5817272663116455,0.0,0.01190381869673729,0.01190381869673729,0.3108839988708496,0.3108839988708496,0.046293385326862335,1.8385896682739258,1.948421835899353,0.0,0.2645906135439873,0.2645906135439873,-0.07207697629928589,-0.07207697629928589,0.12396994233131409,-1.6636886596679688,-0.2456221878528595,0.0,-0.19604691863059998,-0.19604691863059998,0.20878159999847412,0.20878159999847412,0.08097963780164719,-1.0765646696090698,-0.6511974334716797,0.0,0.12780196219682693,0.12780196219682693,-0.444381445646286,-0.444381445646286,0.02005772292613983,-1.9881584644317627,-1.8934869766235352,0.0,-0.46443916857242584,-0.46443916857242584,0.19298137724399567,0.19298137724399567,0.037380993366241455,-0.28247880935668945,0.6116437315940857,0.0,0.1556003838777542,0.1556003838777542
170,2.8333333333333335,8,0,0,,6,stairs down,11,0.0,93.83920288085938,52.411094665527344,-0.7391162514686584,1.634242057800293,1.0952686071395874,0.8632240295410156,1.0952686071395874,4.591723442077637,5.402041912078857,0.3333333432674408,0.010299822315573692,0.027968809008598328,0.8171210289001465,0.5476343035697937,-0.10765939950942993,-0.3586576282978058,-0.4772270619869232,-0.09500783681869507,0.673831582069397,0.08925939351320267,-0.07536157965660095,-0.07536157965660095,-0.07481953501701355,0.04993428662419319,-0.2461625635623932,0.0,-0.0005420446395874023,-0.0005420446395874023,-0.5738522410392761,-0.5738522410392761,0.07992240786552429,-1.9996483325958252,-1.4264466762542725,0.0,-0.6537746489048004,-0.6537746489048004,-0.2386135309934616,-0.2386135309934616,-0.058239396661520004,-0.9668850898742676,-0.7800270915031433,0.0,-0.1803741343319416,-0.1803741343319416,-0.06650548428297043,-0.06650548428297043,0.021288705989718437,0.08930245786905289,-0.16091467440128326,0.0,-0.08779419027268887,-0.08779419027268887,0.3369157910346985,0.3369157910346985,-0.06634168326854706,-0.10727301239967346,-0.1643354445695877,0.0,0.40325747430324554,0.40325747430324554,0.044629696756601334,0.044629696756601334,-0.008134579285979271,0.8681581616401672,-0.404585063457489,0.0,0.052764276042580605,0.052764276042580605
170,2.8333333333333335,14,0,0,,6,stairs down,11,0.0,93.46221923828125,52.3240852355957,-0.9384452104568481,1.3295129537582397,0.7683411240577698,0.8030015230178833,0.7683411240577698,2.8324506282806396,4.743556976318359,0.5,0.07844976335763931,0.10462693870067596,0.6647564768791199,0.3841705620288849,0.1756046712398529,-0.44031012058258057,0.29225629568099976,0.7428976893424988,0.3996850848197937,-0.19102510809898376,0.12292326986789703,0.12292326986789703,0.0667092427611351,0.9313825964927673,0.4514477550983429,0.0,0.05621402710676193,0.05621402710676193,-0.7044962048530579,-0.7044962048530579,0.03559748828411102,-1.9939337968826294,-1.5922458171844482,0.0,-0.7400936931371689,-0.7400936931371689,0.14612814784049988,0.14612814784049988,0.029556406661868095,-0.9716917872428894,-0.37462812662124634,0.0,0.11657174117863178,0.11657174117863178,0.5200283527374268,0.5200283527374268,0.2330974042415619,0.8256352543830872,-0.3374103009700775,0.0,0.28693094849586487,0.28693094849586487,0.19984254240989685,0.19984254240989685,0.12680600583553314,0.9120879173278809,0.13169275224208832,0.0,0.07303653657436371,0.07303653657436371,-0.09551255404949188,-0.09551255404949188,-0.14497962594032288,-0.537732720375061,0.22299790382385254,0.0,0.049467071890830994,0.049467071890830994
171,2.85,2,0,0,,6,stairs down,11,0.0,93.90943908691406,52.34864807128906,-0.7082967162132263,1.4044158458709717,0.49506843090057373,1.2174339294433594,0.49506843090057373,5.260599136352539,6.6666669845581055,0.3333333432674408,0.11335941404104233,0.10130682587623596,0.7022079229354858,0.24753421545028687,0.4553639888763428,0.13672320544719696,-0.3711168169975281,0.40722426772117615,-0.13671264052391052,0.28247007727622986,0.31875479221343994,0.31875479221343994,-0.042553555220365524,1.9043329954147339,0.5801843404769897,0.0,0.36130834743380547,0.36130834743380547,0.06836160272359848,0.06836160272359848,0.07520851492881775,1.8485389947891235,1.9109954833984375,0.0,-0.006846912205219269,-0.006846912205219269,-0.18555840849876404,-0.18555840849876404,0.09117654711008072,-2.000002384185791,-0.7288416028022766,0.0,-0.27673495560884476,-0.27673495560884476,0.2850569784641266,0.2850569784641266,0.06287252902984619,-0.9520283937454224,-0.7961452603340149,0.0,0.2221844494342804,0.2221844494342804,-0.21874022483825684,-0.21874022483825684,-0.016376756131649017,-1.9997642040252686,-1.9257471561431885,0.0,-0.20236346870660782,-0.20236346870660782,0.14123503863811493,0.14123503863811493,0.04321778938174248,0.2737521529197693,0.30696308612823486,0.0,0.09801724925637245,0.09801724925637245
171,2.85,8,0,0,,6,stairs down,11,0.0,93.84281158447266,52.41110610961914,-0.7374476790428162,1.2243549823760986,0.7601739168167114,0.8404626846313477,0.7601739168167114,4.429006576538086,10.06539535522461,0.6666666865348816,0.10055824369192123,0.025413742288947105,0.6121774911880493,0.3800869584083557,-0.002167449565604329,-0.48089826107025146,-0.1015971377491951,0.06936091929674149,0.7321058511734009,-0.09351929277181625,-0.0015172146959230304,-0.0015172146959230304,-0.07378146797418594,0.22624953091144562,-0.14526477456092834,0.0,0.07226425327826291,0.07226425327826291,-0.7694372534751892,-0.7694372534751892,0.05186044052243233,-1.1150472164154053,-1.6217705011367798,0.0,-0.8212976939976215,-0.8212976939976215,-0.05079856887459755,-0.05079856887459755,-0.06973633170127869,-0.49005770683288574,-0.8437007069587708,0.0,0.018937762826681137,0.018937762826681137,0.04855264350771904,0.04855264350771904,0.02319703809916973,-0.008487876504659653,-0.07565083354711533,0.0,0.02535560540854931,0.02535560540854931,0.36605292558670044,0.36605292558670044,-0.06373342126607895,0.9993005394935608,-0.14489087462425232,0.0,0.4297863468527794,0.4297863468527794,-0.04675964638590813,-0.04675964638590813,0.0007158839143812656,0.25680071115493774,0.02911413088440895,0.0,-0.04747553030028939,-0.04747553030028939
171,2.85,14,0,0,,6,stairs down,11,0.0,93.4561538696289,52.32426452636719,-0.9476000070571899,1.4000771045684814,0.8340912461280823,0.8011902570724487,0.8340912461280823,3.2120847702026367,5.6090240478515625,0.5,0.05499354004859924,0.1489056497812271,0.7000385522842407,0.41704562306404114,-0.10442104935646057,-0.3543553352355957,0.13817571103572845,0.5245444774627686,0.430608868598938,-0.5119783282279968,-0.07309473305940628,-0.07309473305940628,0.0723506361246109,0.7376397252082825,0.6149900555610657,0.0,-0.14544536918401718,-0.14544536918401718,-0.566968560218811,-0.566968560218811,0.002122183097526431,-1.947432518005371,-1.729124665260315,0.0,-0.5690907433163375,-0.5690907433163375,0.06908785551786423,0.06908785551786423,0.013605467975139618,-1.65766179561615,-0.5780831575393677,0.0,0.05548238754272461,0.05548238754272461,0.36718112230300903,0.36718112230300903,0.25496000051498413,1.2539501190185547,0.058908380568027496,0.0,0.1122211217880249,0.1122211217880249,0.215304434299469,0.215304434299469,0.14107894897460938,0.9465656876564026,0.39761972427368164,0.0,0.07422548532485962,0.07422548532485962,-0.2559891641139984,-0.2559891641139984,-0.16353945434093475,-1.1447954177856445,-0.03622819110751152,0.0,-0.09244970977306366,-0.09244970977306366
172,2.8666666666666667,2,0,0,,6,stairs down,11,0.0,93.90685272216797,52.34849548339844,-0.7089598774909973,1.0796046257019043,-0.014569009654223919,1.0796046257019043,-0.014569009654223919,5.67274808883667,2.390059471130371,0.1666666716337204,0.18298417329788208,0.05707906186580658,0.5398023128509521,-0.0072845048271119595,-0.10171212255954742,0.6226201057434082,0.07363377511501312,0.5240576267242432,-0.38682860136032104,0.7524364590644836,-0.0711984857916832,-0.0711984857916832,-0.020630348473787308,0.6770372986793518,1.0314003229141235,0.0,-0.05056813731789589,-0.05056813731789589,0.3113100528717041,0.3113100528717041,0.10784175246953964,2.0000298023223877,1.8897128105163574,0.0,0.20346830040216446,0.20346830040216446,0.03681688755750656,0.03681688755750656,0.06541170179843903,-1.236421823501587,-1.1620014905929565,0.0,-0.028594814240932465,-0.028594814240932465,0.36684033274650574,0.36684033274650574,0.05517607554793358,-0.28753742575645447,-0.8492638468742371,0.0,0.31166425719857216,0.31166425719857216,-0.6189257502555847,-0.6189257502555847,-0.05232850834727287,-2.048720598220825,-1.9509690999984741,0.0,-0.5665972419083118,-0.5665972419083118,0.3762182295322418,0.3762182295322418,0.055100876837968826,0.7902091145515442,0.29564616084098816,0.0,0.321117352694273,0.321117352694273
172,2.8666666666666667,8,0,0,,6,stairs down,11,0.0,93.84664916992188,52.41112518310547,-0.7357286214828491,1.1941137313842773,0.8157714009284973,0.8208543062210083,0.8157714009284973,4.370517253875732,4.1994781494140625,0.3333333432674408,0.15128186345100403,0.03692314028739929,0.5970568656921387,0.40788570046424866,0.2029443383216858,-0.581568717956543,0.0024289253633469343,0.22625070810317993,0.758272647857666,-0.22795052826404572,0.1420610398054123,0.1420610398054123,-0.06963063776493073,0.45689982175827026,-0.018667789176106453,0.0,0.21169167757034302,0.21169167757034302,-0.9305099844932556,-0.9305099844932556,0.027862152084708214,-0.6785038709640503,-1.4490997791290283,0.0,-0.9583721365779638,-0.9583721365779638,0.0012144626816734672,0.0012144626816734672,-0.07206539064645767,0.06833008676767349,-0.7231935262680054,0.0,0.07327985332813114,0.07327985332813114,0.15837548673152924,0.15837548673152924,0.026476651430130005,0.1321341097354889,-0.052764423191547394,0.0,0.13189883530139923,0.13189883530139923,0.379136323928833,0.379136323928833,-0.05384388193488121,1.5619208812713623,0.24500307440757751,0.0,0.4329802058637142,0.4329802058637142,-0.11397526413202286,-0.11397526413202286,-0.0019331930670887232,-0.48873579502105713,0.10670046508312225,0.0,-0.11204207106493413,-0.11204207106493413
172,2.8666666666666667,14,0,0,,6,stairs down,11,0.0,93.45022583007812,52.324378967285156,-0.9568276405334473,1.3885173797607422,1.2281415462493896,0.8022432327270508,1.2281415462493896,3.6762959957122803,5.917951583862305,0.5,0.0028153657913208008,0.17447948455810547,0.6942586898803711,0.6140707731246948,-0.22869689762592316,-0.47434568405151367,0.2811947464942932,0.35990768671035767,0.3429015874862671,-0.5633779168128967,-0.16008782386779785,-0.16008782386779785,0.07476016879081726,-0.43953678011894226,0.6567840576171875,0.0,-0.2348479926586151,-0.2348479926586151,-0.7589530944824219,-0.7589530944824219,-0.03014342486858368,-1.9984517097473145,-1.803515076637268,0.0,-0.7288096696138382,-0.7288096696138382,0.1405973732471466,0.1405973732471466,0.002273449907079339,-0.01728134974837303,-0.9459596872329712,0.0,0.13832392334006727,0.13832392334006727,0.25193536281585693,0.25193536281585693,0.27562415599823,1.3557952642440796,0.4661300480365753,0.0,-0.023688793182373047,-0.023688793182373047,0.17145079374313354,0.17145079374313354,0.15042583644390106,0.28944098949432373,0.5846781730651855,0.0,0.021024957299232483,0.021024957299232483,-0.28168895840644836,-0.28168895840644836,-0.1842985600233078,-1.199276089668274,-0.4139828681945801,0.0,-0.09739039838314056,-0.09739039838314056
173,2.8833333333333333,2,0,0,,6,stairs down,11,0.0,93.90528106689453,52.348724365234375,-0.7082639336585999,1.3883329629898071,0.11709489673376083,1.3357027769088745,0.11709489673376083,6.674633026123047,4.6828436851501465,0.3333333432674408,0.15445122122764587,0.054427772760391235,0.6941664814949036,0.05854744836688042,0.25383731722831726,0.24251621961593628,-0.12055236101150513,0.2486548125743866,0.0797981545329094,0.11986640095710754,0.17768612504005432,0.17768612504005432,0.002895186422392726,1.64155912399292,0.9106478095054626,0.0,0.1747909386176616,0.1747909386176616,0.12125810980796814,0.12125810980796814,0.139940083026886,1.9895614385604858,1.9273043870925903,0.0,-0.018681973218917847,-0.018681973218917847,-0.060276180505752563,-0.060276180505752563,0.03175981715321541,0.4326993227005005,-1.1873608827590942,0.0,-0.09203599765896797,-0.09203599765896797,0.17405836284160614,0.17405836284160614,0.04923373460769653,0.04840764403343201,-0.6578503251075745,0.0,0.1248246282339096,0.1248246282339096,0.0398990772664547,0.0398990772664547,-0.07359067350625992,0.6447790265083313,-1.9842787981033325,0.0,0.11348975077271461,0.11348975077271461,0.05993320047855377,0.05993320047855377,0.06058117747306824,0.5584592223167419,0.4641731083393097,0.0,-0.0006479769945144653,-0.0006479769945144653
173,2.8833333333333333,8,0,0,,6,stairs down,11,0.0,93.85044860839844,52.41127014160156,-0.7340060472488403,1.2441563606262207,1.1133885383605957,0.804411768913269,1.1133885383605957,4.223174571990967,4.1187591552734375,0.3333333432674408,0.19436967372894287,0.059769921004772186,0.6220781803131104,0.5566942691802979,0.00610470911487937,-0.5252876281738281,0.017077898606657982,-0.15064749121665955,0.7949919700622559,-0.3405478000640869,0.00427329633384943,0.00427329633384943,-0.05908768251538277,0.7350205779075623,0.1433863341808319,0.0,0.0633609788492322,0.0633609788492322,-0.8404602408409119,-0.8404602408409119,0.001995556289330125,-1.0699503421783447,-1.1865119934082031,0.0,-0.842455797130242,-0.842455797130242,0.008538949303328991,0.008538949303328991,-0.06567714363336563,0.42690709233283997,-0.4534744322299957,0.0,0.07421609293669462,0.07421609293669462,-0.1054532453417778,-0.1054532453417778,0.024058176204562187,-0.1386214643716812,0.010241484269499779,0.0,-0.12951142154634,-0.12951142154634,0.39749598503112793,0.39749598503112793,-0.044634878635406494,1.385436773300171,0.6937551498413086,0.0,0.4421308636665344,0.4421308636665344,-0.17027390003204346,-0.17027390003204346,-0.015530617907643318,-0.8127136826515198,-0.09620001912117004,0.0,-0.15474328212440014,-0.15474328212440014
173,2.8833333333333333,14,0,0,,6,stairs down,11,0.0,93.44493103027344,52.32550811767578,-0.9646506309509277,0.5908874273300171,0.875990092754364,0.5908874273300171,0.875990092754364,3.68017578125,2.666952133178711,0.3333333432674408,-0.003525376319885254,0.17068251967430115,0.29544371366500854,0.437995046377182,-0.5313761234283447,0.06198837608098984,0.4189411699771881,0.02051697112619877,0.6991022825241089,-0.3323974013328552,-0.3719632923603058,-0.3719632923603058,0.0642385482788086,0.11941209435462952,0.2832024395465851,0.0,-0.4362018406391144,-0.4362018406391144,0.03099418804049492,0.03099418804049492,-0.0325181819498539,-0.4005778133869171,-1.8699415922164917,0.0,0.06351236999034882,0.06351236999034882,0.20947058498859406,0.20947058498859406,0.010510582476854324,-0.3738310635089874,-0.6295037865638733,0.0,0.19896000251173973,0.19896000251173973,0.014361879788339138,0.014361879788339138,0.2909178137779236,0.7245615124702454,0.7692918181419373,0.0,-0.27655593398958445,-0.27655593398958445,0.34955114126205444,0.34955114126205444,0.17854687571525574,1.7928309440612793,0.48407334089279175,0.0,0.1710042655467987,0.1710042655467987,-0.1661987006664276,-0.1661987006664276,-0.20043021440505981,0.04836539551615715,-0.6815788745880127,0.0,0.0342315137386322,0.0342315137386322
174,2.9,2,0,0,,6,stairs down,11,0.0,93.90442657470703,52.350120544433594,-0.707266628742218,1.727308988571167,1.9996017217636108,1.3696684837341309,1.9996017217636108,7.077794551849365,8.239694595336914,0.5489001274108887,0.07058271765708923,0.2434270977973938,0.8636544942855835,0.9998008608818054,-0.004511317703872919,0.04085848852992058,0.2872354984283447,0.07251765578985214,0.5219642519950867,0.0123858992010355,-0.003157922299578786,-0.003157922299578786,0.02849055826663971,1.471268653869629,1.1597126722335815,0.0,-0.031648480566218495,-0.031648480566218495,0.02042924426496029,0.02042924426496029,0.1592870056629181,0.9442956447601318,1.948518991470337,0.0,-0.1388577613979578,-0.1388577613979578,0.14361774921417236,0.14361774921417236,0.030247516930103302,-0.1530371606349945,-0.635310173034668,0.0,0.11337023228406906,0.11337023228406906,0.0507623590528965,0.0507623590528965,0.04676118493080139,-0.31619662046432495,-0.41718629002571106,0.0,0.004001174122095108,0.004001174122095108,0.26098212599754333,0.26098212599754333,-0.06511673331260681,0.765754759311676,-1.0884026288986206,0.0,0.32609885931015015,0.32609885931015015,0.00619294960051775,0.00619294960051775,0.05382728576660156,-0.965214729309082,0.49630194902420044,0.0,-0.04763433616608381,-0.04763433616608381
174,2.9,8,0,0,,6,stairs down,11,0.0,93.8550033569336,52.41139602661133,-0.7321537137031555,1.048858404159546,1.0194379091262817,0.7984395027160645,1.0194379091262817,4.196893692016602,7.283174514770508,0.5,0.24407976865768433,0.07448576390743256,0.524429202079773,0.5097189545631409,-0.15955449640750885,-0.4827228784561157,0.11060656607151031,-0.08478976041078568,0.7901947498321533,-0.31537216901779175,-0.11168814450502396,-0.11168814450502396,-0.059662867337465286,0.013829202391207218,0.3449912369251251,0.0,-0.05202527716755867,-0.05202527716755867,-0.7723566293716431,-0.7723566293716431,-0.026301855221390724,-1.4705744981765747,-1.1467925310134888,0.0,-0.7460547741502523,-0.7460547741502523,0.05530328303575516,0.05530328303575516,-0.05385172367095947,0.8391368389129639,-0.15347617864608765,0.0,0.10915500670671463,0.10915500670671463,-0.05935283005237579,-0.05935283005237579,0.03602554276585579,0.6465193629264832,-0.0404849611222744,0.0,-0.09537837281823158,-0.09537837281823158,0.39509737491607666,0.39509737491607666,-0.033025674521923065,1.2024723291397095,0.929452121257782,0.0,0.4281230494379997,0.4281230494379997,-0.15768608450889587,-0.15768608450889587,-0.016513919457793236,-0.2021707445383072,-0.34035876393318176,0.0,-0.14117216505110264,-0.14117216505110264
174,2.9,14,0,0,,6,stairs down,11,0.0,93.44043731689453,52.326377868652344,-0.9729071259498596,1.1006710529327393,1.4865347146987915,0.8166021108627319,1.4865347146987915,4.661220073699951,9.526266098022461,0.6666666865348816,0.02991577982902527,0.11143498867750168,0.5503355264663696,0.7432673573493958,-0.11051609367132187,-0.6093073487281799,0.13262370228767395,0.8332331776618958,0.3816789388656616,-0.4938506484031677,-0.07736126333475113,-0.07736126333475113,0.05229838937520981,-0.9535390138626099,0.22738933563232422,0.0,-0.12965965270996094,-0.12965965270996094,-0.9748917818069458,-0.9748917818069458,-0.06563705950975418,-2.000025749206543,-1.3692420721054077,0.0,-0.9092547222971916,-0.9092547222971916,0.06631185114383698,0.06631185114383698,0.004708969499915838,-0.35155677795410156,-0.5423808693885803,0.0,0.06160288164392114,0.06160288164392114,0.5832632184028625,0.5832632184028625,0.31738734245300293,1.9146546125411987,0.7540494799613953,0.0,0.2658758759498596,0.2658758759498596,0.1908394694328308,0.1908394694328308,0.1944640576839447,1.2154854536056519,0.9300447106361389,0.0,-0.0036245882511138916,-0.0036245882511138916,-0.24692532420158386,-0.24692532420158386,-0.2016369104385376,0.32227954268455505,-0.43284350633621216,0.0,-0.045288413763046265,-0.045288413763046265
175,2.9166666666666665,2,0,0,,6,stairs down,11,0.0,93.90382385253906,52.352447509765625,-0.7105554938316345,1.099361538887024,0.3225976228713989,1.099361538887024,0.3225976228713989,5.188632965087891,9.237818717956543,0.5,0.041482530534267426,0.1957050859928131,0.549680769443512,0.16129881143569946,0.23281589150428772,-0.3549531400203705,0.0794534757733345,-0.14297644793987274,0.358407586812973,-0.40596675872802734,0.1629711240530014,0.1629711240530014,0.06034064665436745,1.86586332321167,1.2658783197402954,0.0,0.10263047739863396,0.10263047739863396,-0.5679250359535217,-0.5679250359535217,0.1314094364643097,-1.9757437705993652,1.6063203811645508,0.0,-0.6993344724178314,-0.6993344724178314,0.03972673788666725,0.03972673788666725,0.01759897544980049,-0.8031129837036133,-0.47097110748291016,0.0,0.02212776243686676,0.02212776243686676,-0.10008351504802704,-0.10008351504802704,0.03025965951383114,-1.1804875135421753,-0.38277310132980347,0.0,-0.13034317456185818,-0.13034317456185818,0.1792037934064865,0.1792037934064865,-0.07782997936010361,-0.1680988222360611,-0.45658111572265625,0.0,0.2570337727665901,0.2570337727665901,-0.20298337936401367,-0.20298337936401367,0.028019392862915993,-1.5005643367767334,-0.0017235776176676154,0.0,-0.23100277222692966,-0.23100277222692966
175,2.9166666666666665,8,0,0,,6,stairs down,11,0.0,93.86003112792969,52.41153335571289,-0.7302538752555847,1.1697542667388916,1.4615919589996338,0.7991448640823364,1.4615919589996338,4.165063858032227,3.8733127117156982,0.3333333432674408,0.29822826385498047,0.06529142707586288,0.5848771333694458,0.7307959794998169,0.03741378337144852,-0.6175733804702759,0.07419475167989731,-0.020600447431206703,0.846862256526947,-0.5332852602005005,0.026189647614955902,0.026189647614955902,-0.057365793734788895,0.022335674613714218,0.23214466869831085,0.0,0.0835554413497448,0.0835554413497448,-0.9881173968315125,-0.9881173968315125,-0.05398023501038551,-1.362196683883667,-1.2571241855621338,0.0,-0.9341371618211269,-0.9341371618211269,0.037097375839948654,0.037097375839948654,-0.03868745267391205,0.8445424437522888,0.1847660094499588,0.0,0.0757848285138607,0.0757848285138607,-0.014420312829315662,-0.014420312829315662,0.04428011178970337,0.8919722437858582,0.19361819326877594,0.0,-0.05870042461901903,-0.05870042461901903,0.4234311282634735,0.4234311282634735,-0.017946843057870865,1.641119122505188,1.0224863290786743,0.0,0.4413779713213444,0.4413779713213444,-0.26664263010025024,-0.26664263010025024,-0.03066130355000496,-0.5287607908248901,-0.29326990246772766,0.0,-0.23598132655024529,-0.23598132655024529
175,2.9166666666666665,14,0,0,,6,stairs down,11,0.0,93.43663024902344,52.327693939208984,-0.9822809100151062,1.0309844017028809,0.6545226573944092,0.8390614986419678,0.6545226573944092,5.454119682312012,6.940492153167725,0.6330704689025879,0.09721946716308594,0.12697693705558777,0.5154922008514404,0.3272613286972046,-0.20821550488471985,-0.20827509462833405,0.015641698613762856,0.39386942982673645,0.807487964630127,-0.5086248517036438,-0.14575085043907166,-0.14575085043907166,0.049588531255722046,-0.01719570718705654,-0.17502306401729584,0.0,-0.1953393816947937,-0.1953393816947937,-0.3332401514053345,-0.3332401514053345,-0.09789179265499115,-1.9822713136672974,-1.5841875076293945,0.0,-0.23534835875034332,-0.23534835875034332,0.007820849306881428,0.007820849306881428,-0.014977208338677883,-1.133848786354065,-0.4773557782173157,0.0,0.02279805764555931,0.02279805764555931,0.2757085859775543,0.2757085859775543,0.3371488153934479,0.8610424995422363,1.1495364904403687,0.0,-0.061440229415893555,-0.061440229415893555,0.4037439823150635,0.4037439823150635,0.21819186210632324,1.5728943347930908,1.0273113250732422,0.0,0.18555212020874023,0.18555212020874023,-0.2543124258518219,-0.2543124258518219,-0.20949694514274597,-0.183996319770813,-0.17552825808525085,0.0,-0.04481548070907593,-0.04481548070907593
176,2.933333333333333,2,0,0,,6,stairs down,11,0.0,93.90460968017578,52.35499572753906,-0.7158671617507935,1.1485095024108887,0.519676148891449,1.1485095024108887,0.519676148891449,5.827530860900879,6.6666669845581055,0.3333333432674408,0.08914349973201752,0.19028496742248535,0.5742547512054443,0.2598380744457245,0.0935482308268547,-0.09722055494785309,0.017296455800533295,0.05531873181462288,0.18518179655075073,0.08919847756624222,0.06548376381397247,0.06548376381397247,0.08866160362958908,1.0542343854904175,1.4703288078308105,0.0,-0.023177839815616608,-0.023177839815616608,-0.15555289387702942,-0.15555289387702942,0.10526330769062042,-1.376983404159546,0.3856984078884125,0.0,-0.26081620156764984,-0.26081620156764984,0.008648227900266647,0.008648227900266647,0.0012552906991913915,-0.5308151245117188,-0.584151566028595,0.0,0.007392937201075256,0.007392937201075256,0.038723111152648926,0.038723111152648926,0.014660936780273914,-0.18014635145664215,-0.6546017527580261,0.0,0.02406217437237501,0.02406217437237501,0.09259089827537537,0.09259089827537537,-0.0736297145485878,1.0216012001037598,-0.3582780659198761,0.0,0.16622061282396317,0.16622061282396317,0.04459923878312111,0.04459923878312111,0.017176421359181404,-1.0274021625518799,-0.512467622756958,0.0,0.027422817423939705,0.027422817423939705
176,2.933333333333333,8,0,0,,6,stairs down,11,0.0,93.86609649658203,52.41163635253906,-0.7283123731613159,1.246604561805725,1.5676016807556152,0.7999452352523804,1.5676016807556152,4.364255905151367,7.136898994445801,0.5,0.3447951078414917,0.08645661920309067,0.6233022809028625,0.7838008403778076,-0.069583959877491,-0.6101242303848267,-0.15360499918460846,-0.18802061676979065,0.8805157542228699,-0.5502804517745972,-0.04870877042412758,-0.04870877042412758,-0.05677809193730354,0.4390450417995453,0.16065028309822083,0.0,0.008069321513175964,0.008069321513175964,-0.9761987924575806,-0.9761987924575806,-0.08302105218172073,-1.1467310190200806,-1.2929285764694214,0.0,-0.8931777402758598,-0.8931777402758598,-0.07680249959230423,-0.07680249959230423,-0.029919221997261047,0.25415554642677307,0.40959101915359497,0.0,-0.04688327759504318,-0.04688327759504318,-0.13161443173885345,-0.13161443173885345,0.05767441168427467,0.2989966869354248,0.43158888816833496,0.0,-0.18928884342312813,-0.18928884342312813,0.44025787711143494,0.44025787711143494,0.0004889931296929717,1.944672703742981,1.2332912683486938,0.0,0.43976888398174196,0.43976888398174196,-0.2751402258872986,-0.2751402258872986,-0.04166434705257416,-0.9354824423789978,-0.37351563572883606,0.0,-0.23347587883472443,-0.23347587883472443
176,2.933333333333333,14,0,0,,6,stairs down,11,0.0,93.4330062866211,52.329856872558594,-0.9925671815872192,1.309959888458252,0.5136251449584961,0.8637720346450806,0.5136251449584961,5.1622209548950195,7.105443477630615,0.5,0.07452857494354248,0.15154320001602173,0.654979944229126,0.25681257247924805,-0.5573078989982605,-0.5138593316078186,0.1504054069519043,0.4676385521888733,0.5014200806617737,-0.3360825479030609,-0.39011552929878235,-0.39011552929878235,0.03137429058551788,-0.9907503128051758,-0.12124191224575043,0.0,-0.42148981988430023,-0.42148981988430023,-0.8221749663352966,-0.8221749663352966,-0.1316949874162674,-1.999497652053833,-1.719838261604309,0.0,-0.6904799789190292,-0.6904799789190292,0.07520270347595215,0.07520270347595215,-0.019650865346193314,-0.5774897933006287,-0.7010619044303894,0.0,0.09485356882214546,0.09485356882214546,0.3273469805717468,0.3273469805717468,0.3539218008518219,0.6431119441986084,1.051229476928711,0.0,-0.026574820280075073,-0.026574820280075073,0.25071004033088684,0.25071004033088684,0.2488780915737152,1.9946119785308838,1.2132238149642944,0.0,0.0018319487571716309,0.0018319487571716309,-0.16804127395153046,-0.16804127395153046,-0.20182457566261292,1.0287827253341675,-0.17841382324695587,0.0,0.03378330171108246,0.03378330171108246
177,2.95,2,0,0,,6,stairs down,11,0.0,93.90570068359375,52.35698318481445,-0.7200484871864319,0.9628484845161438,-0.050226036459207535,0.9628484845161438,-0.050226036459207535,4.971536636352539,3.3333334922790527,0.1666666716337204,0.006569629069417715,0.18405485153198242,0.4814242422580719,-0.025113018229603767,0.475066214799881,-0.58254474401474,0.213822603225708,0.04870198294520378,0.5017233490943909,-0.34967362880706787,0.3325463533401489,0.3325463533401489,0.11536133289337158,1.8986181020736694,1.3285406827926636,0.0,0.21718502044677734,0.21718502044677734,-0.9320716261863708,-0.9320716261863708,0.08082529157400131,-0.5471944212913513,-0.21495194733142853,0.0,-1.0128969177603722,-1.0128969177603722,0.106911301612854,0.106911301612854,-0.003563970560207963,0.30388498306274414,-0.5659766793251038,0.0,0.11047527217306197,0.11047527217306197,0.03409138694405556,0.03409138694405556,0.0018013839144259691,-0.9703232645988464,-0.49292659759521484,0.0,0.03229000302962959,0.03229000302962959,0.25086167454719543,0.25086167454719543,-0.06690739840269089,1.1191693544387817,0.11192872375249863,0.0,0.3177690729498863,0.3177690729498863,-0.17483681440353394,-0.17483681440353394,5.081264316686429e-05,-0.6933313608169556,-0.6879363656044006,0.0,-0.1748876270467008,-0.1748876270467008
177,2.95,8,0,0,,6,stairs down,11,0.0,93.8726806640625,52.412025451660156,-0.7266319990158081,1.0244274139404297,1.3138267993927002,0.8224684000015259,1.3138267993927002,4.242944717407227,3.613184690475464,0.3333333432674408,0.32392871379852295,0.06570634245872498,0.5122137069702148,0.6569133996963501,-0.18350917100906372,-0.5411262512207031,0.014247407205402851,-0.2556383013725281,0.8697752952575684,-0.5269179344177246,-0.12845641374588013,-0.12845641374588013,-0.05081232264637947,0.4582384526729584,0.2555159032344818,0.0,-0.07764409109950066,-0.07764409109950066,-0.865801990032196,-0.865801990032196,-0.11441409587860107,-1.8681931495666504,-1.2431102991104126,0.0,-0.751387894153595,-0.751387894153595,0.0071237036027014256,0.0071237036027014256,-0.02553851716220379,-0.017869144678115845,0.35662490129470825,0.0,0.032662220764905214,0.032662220764905214,-0.17894680798053741,-0.17894680798053741,0.06151067465543747,0.20394903421401978,0.3864068388938904,0.0,-0.24045748263597488,-0.24045748263597488,0.4348876476287842,0.4348876476287842,0.019733576104044914,1.786265254020691,1.475701093673706,0.0,0.41515407152473927,0.41515407152473927,-0.2634589672088623,-0.2634589672088623,-0.05832399055361748,-0.9393113851547241,-0.5650110840797424,0.0,-0.20513497665524483,-0.20513497665524483
177,2.95,14,0,0,,6,stairs down,11,0.0,93.42964172363281,52.33156967163086,-1.0022581815719604,1.6647825241088867,1.4611258506774902,0.8925750255584717,1.4611258506774902,5.254815101623535,3.803046226501465,0.5,0.11349481344223022,0.20035743713378906,0.8323912620544434,0.7305629253387451,-0.09355199337005615,-0.6100031137466431,0.021117420867085457,0.5438319444656372,0.5056648850440979,-0.17308975756168365,-0.06548639386892319,-0.06548639386892319,0.011089353822171688,-1.3728972673416138,-0.41753503680229187,0.0,-0.07657574769109488,-0.07657574769109488,-0.9760050177574158,-0.9760050177574158,-0.16502989828586578,-2.0000014305114746,-1.8151347637176514,0.0,-0.81097511947155,-0.81097511947155,0.010558710433542728,0.010558710433542728,-0.017329206690192223,0.4611041247844696,-0.6589535474777222,0.0,0.02788791712373495,0.02788791712373495,0.3806823492050171,0.3806823492050171,0.3591373860836029,0.24702885746955872,0.9121595621109009,0.0,0.021544963121414185,0.021544963121414185,0.25283244252204895,0.25283244252204895,0.27402353286743164,1.067063570022583,1.4794890880584717,0.0,-0.02119109034538269,-0.02119109034538269,-0.08654487878084183,-0.08654487878084183,-0.1839359551668167,1.2052897214889526,0.23294971883296967,0.0,0.09739107638597488,0.09739107638597488
178,2.966666666666667,2,0,0,,6,stairs down,11,0.0,93.90725708007812,52.35655975341797,-0.7202732563018799,0.568331241607666,0.8356974720954895,0.568331241607666,0.8356974720954895,1.8361279964447021,1.9456852674484253,0.3333333432674408,0.009294336661696434,0.1442652940750122,0.284165620803833,0.41784873604774475,0.30272406339645386,-0.19961534440517426,0.4470714032649994,0.3280521333217621,0.5821437835693359,0.2610868513584137,0.21190683543682098,0.21190683543682098,0.14075559377670288,0.9175052046775818,1.5227998495101929,0.0,0.0711512416601181,0.0711512416601181,-0.31938454508781433,-0.31938454508781433,0.07066168636083603,-0.8809687495231628,-0.328166663646698,0.0,-0.39004623144865036,-0.39004623144865036,0.2235357016324997,0.2235357016324997,0.003915763925760984,0.7436003684997559,-0.26956313848495483,0.0,0.2196199377067387,0.2196199377067387,0.22963649034500122,0.22963649034500122,0.002098985482007265,0.42854392528533936,-0.6556039452552795,0.0,0.22753750486299396,0.22753750486299396,0.29107189178466797,0.29107189178466797,-0.05601821094751358,0.5188536047935486,0.4551554024219513,0.0,0.34709010273218155,0.34709010273218155,0.13054342567920685,0.13054342567920685,-0.001240863581188023,0.397067666053772,-0.689774751663208,0.0,0.13178428926039487,0.13178428926039487
178,2.966666666666667,8,0,0,,6,stairs down,11,0.0,93.87972259521484,52.41212844848633,-0.7248051762580872,0.7575775980949402,1.1583404541015625,0.7575775980949402,1.1583404541015625,4.110969543457031,0.971258819103241,0.3333333432674408,0.30686238408088684,0.051514189690351486,0.3787887990474701,0.5791702270507812,-0.226266548037529,-0.560073733329773,-0.1618707925081253,-0.06777883321046829,0.8211767077445984,-0.3812432885169983,-0.15838658809661865,-0.15838658809661865,-0.05234745517373085,-0.07140807807445526,0.32459551095962524,0.0,-0.1060391329228878,-0.1060391329228878,-0.8961179852485657,-0.8961179852485657,-0.1455710083246231,-1.818005084991455,-1.4561131000518799,0.0,-0.7505469769239426,-0.7505469769239426,-0.08093539625406265,-0.08093539625406265,-0.023312576115131378,-0.06073260307312012,0.22901253402233124,0.0,-0.057622820138931274,-0.057622820138931274,-0.047445181757211685,-0.047445181757211685,0.07243423163890839,0.5044325590133667,0.32423263788223267,0.0,-0.11987941339612007,-0.11987941339612007,0.4105883538722992,0.4105883538722992,0.040533676743507385,1.4620047807693481,1.581528663635254,0.0,0.3700546771287918,0.3700546771287918,-0.19062164425849915,-0.19062164425849915,-0.06675222516059875,-0.6034699082374573,-0.6925573945045471,0.0,-0.12386941909790039,-0.12386941909790039
178,2.966666666666667,14,0,0,,6,stairs down,11,0.0,93.42697143554688,52.334312438964844,-1.0091946125030518,1.400348424911499,1.0165261030197144,0.9249836206436157,1.0165261030197144,4.563509941101074,2.1122703552246094,0.1666666716337204,0.06267764419317245,0.22376225888729095,0.7001742124557495,0.5082630515098572,-0.6737048029899597,-0.3280290961265564,-0.29312387108802795,-0.06473862379789352,0.4746384918689728,0.12296810001134872,-0.47159335017204285,-0.47159335017204285,-0.008154528215527534,-1.6456239223480225,-0.743083655834198,0.0,-0.4634388219565153,-0.4634388219565153,-0.5248465538024902,-0.5248465538024902,-0.1990637630224228,-1.9990508556365967,-1.8781298398971558,0.0,-0.32578279078006744,-0.32578279078006744,-0.14656193554401398,-0.14656193554401398,-0.0051871552132070065,0.9840719699859619,-0.27728337049484253,0.0,-0.14137478033080697,-0.14137478033080697,-0.04531703516840935,-0.04531703516840935,0.34892043471336365,-0.9796677231788635,0.685509979724884,0.0,-0.394237469881773,-0.394237469881773,0.2373192459344864,0.2373192459344864,0.2898688018321991,1.004180908203125,1.3389512300491333,0.0,-0.05254955589771271,-0.05254955589771271,0.06148405000567436,0.06148405000567436,-0.1537151336669922,1.5274736881256104,0.5642836689949036,0.0,0.21519918367266655,0.21519918367266655
179,2.9833333333333334,2,0,0,,6,stairs down,11,0.0,93.90913391113281,52.35669708251953,-0.7202221751213074,1.3384127616882324,0.6704692840576172,1.3227744102478027,0.6704692840576172,4.846042633056641,7.660514831542969,0.5,0.03537262603640556,0.17628860473632812,0.6692063808441162,0.3352346420288086,-0.051067717373371124,-0.3994883596897125,-0.020664546638727188,0.04001622274518013,0.6678237915039062,-0.522850513458252,-0.03574740141630173,-0.03574740141630173,0.14602844417095184,-0.23575852811336517,1.316540002822876,0.0,-0.18177584558725357,-0.18177584558725357,-0.63918137550354,-0.63918137550354,0.04706990718841553,-1.7383503913879395,-0.5165391564369202,0.0,-0.6862512826919556,-0.6862512826919556,-0.010332273319363594,-0.010332273319363594,0.009818799793720245,0.1371069699525833,0.07568182051181793,0.0,-0.02015107311308384,-0.02015107311308384,0.02801135554909706,0.02801135554909706,0.019416004419326782,1.3329200744628906,-0.2861703634262085,0.0,0.008595351129770279,0.008595351129770279,0.3339118957519531,0.3339118957519531,-0.051188256591558456,0.6576868295669556,0.4768611490726471,0.0,0.3851001523435116,0.3851001523435116,-0.261425256729126,-0.261425256729126,-0.007275735959410667,-0.11571934074163437,-0.31942299008369446,0.0,-0.2541495207697153,-0.2541495207697153
179,2.9833333333333334,8,0,0,,6,stairs down,11,0.0,93.88690185546875,52.41254425048828,-0.7231671810150146,1.207190752029419,1.3021304607391357,0.9165042638778687,1.3021304607391357,4.74053430557251,3.8026511669158936,0.3333333432674408,0.21373651921749115,0.053179264068603516,0.6035953760147095,0.6510652303695679,-0.27832335233688354,-0.5774012804031372,-0.21209734678268433,-0.09770409762859344,0.8142287731170654,-0.3941439092159271,-0.19482634961605072,-0.19482634961605072,-0.05636478215456009,-0.3145345449447632,0.18965357542037964,0.0,-0.13846156746149063,-0.13846156746149063,-0.9238420724868774,-0.9238420724868774,-0.17717988789081573,-1.8583321571350098,-1.579431176185608,0.0,-0.7466621845960617,-0.7466621845960617,-0.10604867339134216,-0.10604867339134216,-0.028169913217425346,-0.4575746953487396,0.13027915358543396,0.0,-0.07787876017391682,-0.07787876017391682,-0.06839286535978317,-0.06839286535978317,0.07954616099596024,0.293448805809021,0.38563743233680725,0.0,-0.1479390263557434,-0.1479390263557434,0.4071143865585327,0.4071143865585327,0.05978073924779892,1.3218321800231934,1.5407997369766235,0.0,0.3473336473107338,0.3473336473107338,-0.19707195460796356,-0.19707195460796356,-0.08080882579088211,-0.998625636100769,-0.6621999740600586,0.0,-0.11626312881708145,-0.11626312881708145
179,2.9833333333333334,14,0,0,,6,stairs down,11,0.0,93.4241943359375,52.33852767944336,-1.0108975172042847,1.72029447555542,1.058457612991333,0.9553205966949463,1.058457612991333,3.7097060680389404,7.1852335929870605,0.5,0.1569024920463562,0.30910149216651917,0.86014723777771,0.5292288064956665,-0.015471989288926125,-0.1216101199388504,-0.2282809466123581,0.5770812034606934,0.35104137659072876,0.2880093455314636,-0.010830392129719257,-0.010830392129719257,-0.015753084793686867,-0.3007045388221741,-1.0506327152252197,0.0,0.004922692663967609,0.004922692663967609,-0.1945761889219284,-0.1945761889219284,-0.2187902182340622,-0.61207515001297,-1.9193346500396729,0.0,0.02421402931213379,0.02421402931213379,-0.11414047330617905,-0.11414047330617905,-0.0016403445042669773,-0.24691252410411835,0.15253527462482452,0.0,-0.11250012880191207,-0.11250012880191207,0.4039568305015564,0.4039568305015564,0.32754018902778625,-1.0646904706954956,0.11808505654335022,0.0,0.07641664147377014,0.07641664147377014,0.17552068829536438,0.17552068829536438,0.28596261143684387,-0.7645543217658997,1.2248750925064087,0.0,-0.11044192314147949,-0.11044192314147949,0.1440046727657318,0.1440046727657318,-0.1353631168603897,0.7363661527633667,0.8924996852874756,0.0,0.2793677896261215,0.2793677896261215
